Modified conv1: updated in_channels to 1.
Modified fc layer: updated out_features to 10.
Initialized untrained model.
[Epoch 1, Batch     2] loss: 0.040
[Epoch 1, Batch   102] loss: 0.318
[Epoch 1, Batch   202] loss: 0.184
[Epoch 1, Batch   302] loss: 0.137
[Epoch 1, Batch   402] loss: 0.133
[Epoch 1, Batch   502] loss: 0.118
[Epoch 1, Batch   602] loss: 0.101
[Epoch 1, Batch   702] loss: 0.096
[Epoch 1, Batch   802] loss: 0.107
[Epoch 1, Batch   902] loss: 0.067
Epoch 1/5:
Train Loss: 0.0024, Train Accuracy: 95.64%
Validation Loss: 0.0894, Validation Accuracy: 97.20%
[Epoch 2, Batch     2] loss: 0.001
[Epoch 2, Batch   102] loss: 0.064
[Epoch 2, Batch   202] loss: 0.071
[Epoch 2, Batch   302] loss: 0.071
[Epoch 2, Batch   402] loss: 0.079
[Epoch 2, Batch   502] loss: 0.068
[Epoch 2, Batch   602] loss: 0.068
[Epoch 2, Batch   702] loss: 0.064
[Epoch 2, Batch   802] loss: 0.058
[Epoch 2, Batch   902] loss: 0.074
Epoch 2/5:
Train Loss: 0.0028, Train Accuracy: 97.98%
Validation Loss: 0.0667, Validation Accuracy: 97.97%
[Epoch 3, Batch     2] loss: 0.001
[Epoch 3, Batch   102] loss: 0.051
[Epoch 3, Batch   202] loss: 0.053
[Epoch 3, Batch   302] loss: 0.055
[Epoch 3, Batch   402] loss: 0.049
[Epoch 3, Batch   502] loss: 0.049
[Epoch 3, Batch   602] loss: 0.055
[Epoch 3, Batch   702] loss: 0.061
[Epoch 3, Batch   802] loss: 0.043
[Epoch 3, Batch   902] loss: 0.050
Epoch 3/5:
Train Loss: 0.0022, Train Accuracy: 98.45%
Validation Loss: 0.0454, Validation Accuracy: 98.58%
[Epoch 4, Batch     2] loss: 0.001
[Epoch 4, Batch   102] loss: 0.055
[Epoch 4, Batch   202] loss: 0.038
[Epoch 4, Batch   302] loss: 0.057
[Epoch 4, Batch   402] loss: 0.048
[Epoch 4, Batch   502] loss: 0.046
[Epoch 4, Batch   602] loss: 0.048
[Epoch 4, Batch   702] loss: 0.044
[Epoch 4, Batch   802] loss: 0.040
[Epoch 4, Batch   902] loss: 0.052
Epoch 4/5:
Train Loss: 0.0019, Train Accuracy: 98.57%
Validation Loss: 0.0429, Validation Accuracy: 98.64%
[Epoch 5, Batch     2] loss: 0.001
[Epoch 5, Batch   102] loss: 0.042
[Epoch 5, Batch   202] loss: 0.039
[Epoch 5, Batch   302] loss: 0.043
[Epoch 5, Batch   402] loss: 0.041
[Epoch 5, Batch   502] loss: 0.039
[Epoch 5, Batch   602] loss: 0.049
[Epoch 5, Batch   702] loss: 0.039
[Epoch 5, Batch   802] loss: 0.042
[Epoch 5, Batch   902] loss: 0.043
Epoch 5/5:
Train Loss: 0.0016, Train Accuracy: 98.77%
Validation Loss: 0.0320, Validation Accuracy: 98.98%
Model saved to models/resnet18_MNIST_1
Modified conv1: updated in_channels to 1.
Modified fc layer: updated out_features to 10.
Loaded weights from file: models/resnet18_MNIST_1
Modified conv1: updated in_channels to 1.
Modified fc layer: updated out_features to 10.
Initialized untrained model.
resnet18-MNIST-random-0.3-1
[Epoch 1, Batch     2] loss: 0.040
[Epoch 1, Batch   102] loss: 0.333
[Epoch 1, Batch   202] loss: 0.187
[Epoch 1, Batch   302] loss: 0.138
[Epoch 1, Batch   402] loss: 0.121
[Epoch 1, Batch   502] loss: 0.119
[Epoch 1, Batch   602] loss: 0.112
Epoch 1/5:
Train Loss: 0.0087, Train Accuracy: 94.72%
Validation Loss: 0.1005, Validation Accuracy: 96.71%
[Epoch 2, Batch     2] loss: 0.001
[Epoch 2, Batch   102] loss: 0.086
[Epoch 2, Batch   202] loss: 0.086
[Epoch 2, Batch   302] loss: 0.094
[Epoch 2, Batch   402] loss: 0.074
[Epoch 2, Batch   502] loss: 0.068
[Epoch 2, Batch   602] loss: 0.057
Epoch 2/5:
Train Loss: 0.0058, Train Accuracy: 97.68%
Validation Loss: 0.0913, Validation Accuracy: 97.15%
[Epoch 3, Batch     2] loss: 0.001
[Epoch 3, Batch   102] loss: 0.059
[Epoch 3, Batch   202] loss: 0.060
[Epoch 3, Batch   302] loss: 0.064
[Epoch 3, Batch   402] loss: 0.049
[Epoch 3, Batch   502] loss: 0.067
[Epoch 3, Batch   602] loss: 0.074
Epoch 3/5:
Train Loss: 0.0045, Train Accuracy: 98.13%
Validation Loss: 0.0643, Validation Accuracy: 98.10%
[Epoch 4, Batch     2] loss: 0.001
[Epoch 4, Batch   102] loss: 0.040
[Epoch 4, Batch   202] loss: 0.053
[Epoch 4, Batch   302] loss: 0.051
[Epoch 4, Batch   402] loss: 0.055
[Epoch 4, Batch   502] loss: 0.055
[Epoch 4, Batch   602] loss: 0.051
Epoch 4/5:
Train Loss: 0.0058, Train Accuracy: 98.47%
Validation Loss: 0.0490, Validation Accuracy: 98.54%
[Epoch 5, Batch     2] loss: 0.002
[Epoch 5, Batch   102] loss: 0.039
[Epoch 5, Batch   202] loss: 0.042
[Epoch 5, Batch   302] loss: 0.044
[Epoch 5, Batch   402] loss: 0.052
[Epoch 5, Batch   502] loss: 0.050
[Epoch 5, Batch   602] loss: 0.046
Epoch 5/5:
Train Loss: 0.0049, Train Accuracy: 98.57%
Validation Loss: 0.0402, Validation Accuracy: 98.74%
Model saved to models/resnet18-MNIST-random-0.3-1
Modified conv1: updated in_channels to 1.
Modified fc layer: updated out_features to 10.
Initialized untrained model.
resnet18-MNIST-random-0.5-1
[Epoch 1, Batch     2] loss: 0.048
[Epoch 1, Batch   102] loss: 0.363
[Epoch 1, Batch   202] loss: 0.179
[Epoch 1, Batch   302] loss: 0.144
[Epoch 1, Batch   402] loss: 0.130
Epoch 1/5:
Train Loss: 0.0174, Train Accuracy: 93.79%
Validation Loss: 0.0758, Validation Accuracy: 97.56%
[Epoch 2, Batch     2] loss: 0.002
[Epoch 2, Batch   102] loss: 0.093
[Epoch 2, Batch   202] loss: 0.092
[Epoch 2, Batch   302] loss: 0.106
[Epoch 2, Batch   402] loss: 0.072
Epoch 2/5:
Train Loss: 0.0106, Train Accuracy: 97.39%
Validation Loss: 0.0788, Validation Accuracy: 97.54%
[Epoch 3, Batch     2] loss: 0.000
[Epoch 3, Batch   102] loss: 0.071
[Epoch 3, Batch   202] loss: 0.058
[Epoch 3, Batch   302] loss: 0.062
[Epoch 3, Batch   402] loss: 0.054
Epoch 3/5:
Train Loss: 0.0108, Train Accuracy: 98.16%
Validation Loss: 0.0890, Validation Accuracy: 97.32%
[Epoch 4, Batch     2] loss: 0.001
[Epoch 4, Batch   102] loss: 0.058
[Epoch 4, Batch   202] loss: 0.068
[Epoch 4, Batch   302] loss: 0.051
[Epoch 4, Batch   402] loss: 0.058
Epoch 4/5:
Train Loss: 0.0082, Train Accuracy: 98.15%
Validation Loss: 0.0702, Validation Accuracy: 97.67%
[Epoch 5, Batch     2] loss: 0.001
[Epoch 5, Batch   102] loss: 0.039
[Epoch 5, Batch   202] loss: 0.033
[Epoch 5, Batch   302] loss: 0.069
[Epoch 5, Batch   402] loss: 0.052
Epoch 5/5:
Train Loss: 0.0053, Train Accuracy: 98.67%
Validation Loss: 0.0404, Validation Accuracy: 98.79%
Model saved to models/resnet18-MNIST-random-0.5-1
Modified conv1: updated in_channels to 1.
Modified fc layer: updated out_features to 10.
Initialized untrained model.
resnet18-MNIST-random-0.7-1
[Epoch 1, Batch     2] loss: 0.042
[Epoch 1, Batch   102] loss: 0.344
[Epoch 1, Batch   202] loss: 0.175
Epoch 1/5:
Train Loss: 0.0431, Train Accuracy: 92.49%
Validation Loss: 0.1048, Validation Accuracy: 96.71%
[Epoch 2, Batch     2] loss: 0.001
[Epoch 2, Batch   102] loss: 0.099
[Epoch 2, Batch   202] loss: 0.093
Epoch 2/5:
Train Loss: 0.0344, Train Accuracy: 96.84%
Validation Loss: 0.1244, Validation Accuracy: 96.22%
[Epoch 3, Batch     2] loss: 0.002
[Epoch 3, Batch   102] loss: 0.090
[Epoch 3, Batch   202] loss: 0.081
Epoch 3/5:
Train Loss: 0.0226, Train Accuracy: 97.53%
Validation Loss: 0.1303, Validation Accuracy: 95.79%
[Epoch 4, Batch     2] loss: 0.002
[Epoch 4, Batch   102] loss: 0.067
[Epoch 4, Batch   202] loss: 0.061
Epoch 4/5:
Train Loss: 0.0186, Train Accuracy: 97.96%
Validation Loss: 0.0675, Validation Accuracy: 97.94%
[Epoch 5, Batch     2] loss: 0.000
[Epoch 5, Batch   102] loss: 0.041
[Epoch 5, Batch   202] loss: 0.056
Epoch 5/5:
Train Loss: 0.0149, Train Accuracy: 98.36%
Validation Loss: 0.1208, Validation Accuracy: 96.64%
Model saved to models/resnet18-MNIST-random-0.7-1
Modified conv1: updated in_channels to 1.
Modified fc layer: updated out_features to 10.
Initialized untrained model.
resnet18-MNIST-random-0.8-1
[Epoch 1, Batch     2] loss: 0.040
[Epoch 1, Batch   102] loss: 0.321
Epoch 1/5:
Train Loss: 0.0857, Train Accuracy: 91.48%
Validation Loss: 0.2037, Validation Accuracy: 93.96%
[Epoch 2, Batch     2] loss: 0.003
[Epoch 2, Batch   102] loss: 0.114
Epoch 2/5:
Train Loss: 0.0575, Train Accuracy: 96.25%
Validation Loss: 0.0793, Validation Accuracy: 97.66%
[Epoch 3, Batch     2] loss: 0.002
[Epoch 3, Batch   102] loss: 0.076
Epoch 3/5:
Train Loss: 0.0459, Train Accuracy: 97.32%
Validation Loss: 0.2207, Validation Accuracy: 93.17%
[Epoch 4, Batch     2] loss: 0.003
[Epoch 4, Batch   102] loss: 0.068
Epoch 4/5:
Train Loss: 0.0316, Train Accuracy: 97.78%
Validation Loss: 0.0881, Validation Accuracy: 97.31%
[Epoch 5, Batch     2] loss: 0.001
[Epoch 5, Batch   102] loss: 0.053
Epoch 5/5:
Train Loss: 0.0276, Train Accuracy: 98.24%
Validation Loss: 0.0961, Validation Accuracy: 97.10%
Model saved to models/resnet18-MNIST-random-0.8-1
Modified conv1: updated in_channels to 1.
Modified fc layer: updated out_features to 10.
Initialized untrained model.
resnet18-MNIST-random-0.9-1
[Epoch 1, Batch     2] loss: 0.039
Epoch 1/5:
Train Loss: 0.3303, Train Accuracy: 88.11%
Validation Loss: 0.4527, Validation Accuracy: 88.26%
[Epoch 2, Batch     2] loss: 0.006
Epoch 2/5:
Train Loss: 0.1416, Train Accuracy: 95.33%
Validation Loss: 0.2191, Validation Accuracy: 92.76%
[Epoch 3, Batch     2] loss: 0.001
Epoch 3/5:
Train Loss: 0.1010, Train Accuracy: 96.53%
Validation Loss: 0.1841, Validation Accuracy: 94.04%
[Epoch 4, Batch     2] loss: 0.002
Epoch 4/5:
Train Loss: 0.0835, Train Accuracy: 97.48%
Validation Loss: 0.1885, Validation Accuracy: 94.11%
[Epoch 5, Batch     2] loss: 0.002
Epoch 5/5:
Train Loss: 0.0713, Train Accuracy: 97.77%
Validation Loss: 0.0961, Validation Accuracy: 97.02%
Model saved to models/resnet18-MNIST-random-0.9-1
Modified conv1: updated in_channels to 1.
Modified fc layer: updated out_features to 10.
Initialized untrained model.
resnet18-MNIST-random-0.95-1
[Epoch 1, Batch     2] loss: 0.044
Epoch 1/5:
Train Loss: 0.4560, Train Accuracy: 81.80%
Validation Loss: 0.6178, Validation Accuracy: 82.18%
[Epoch 2, Batch     2] loss: 0.007
Epoch 2/5:
Train Loss: 0.1609, Train Accuracy: 94.73%
Validation Loss: 0.2110, Validation Accuracy: 93.43%
[Epoch 3, Batch     2] loss: 0.003
Epoch 3/5:
Train Loss: 0.0962, Train Accuracy: 96.57%
Validation Loss: 0.5421, Validation Accuracy: 85.83%
[Epoch 4, Batch     2] loss: 0.001
Epoch 4/5:
Train Loss: 0.1026, Train Accuracy: 96.73%
Validation Loss: 0.2661, Validation Accuracy: 91.68%
[Epoch 5, Batch     2] loss: 0.001
Epoch 5/5:
Train Loss: 0.0666, Train Accuracy: 97.43%
Validation Loss: 0.3615, Validation Accuracy: 90.37%
Model saved to models/resnet18-MNIST-random-0.95-1
Modified conv1: updated in_channels to 1.
Modified fc layer: updated out_features to 10.
Loaded weights from file: models/resnet18_MNIST_1
Modified conv1: updated in_channels to 1.
Modified fc layer: updated out_features to 10.
Initialized untrained model.
resnet18-MNIST-predictive_entropy-balanced_by_score-0.3-1
[Epoch 1, Batch     2] loss: 0.045
[Epoch 1, Batch   102] loss: 0.346
[Epoch 1, Batch   202] loss: 0.175
[Epoch 1, Batch   302] loss: 0.127
[Epoch 1, Batch   402] loss: 0.140
[Epoch 1, Batch   502] loss: 0.110
[Epoch 1, Batch   602] loss: 0.093
Epoch 1/5:
Train Loss: 0.0096, Train Accuracy: 94.82%
Validation Loss: 0.0716, Validation Accuracy: 97.80%
[Epoch 2, Batch     2] loss: 0.001
[Epoch 2, Batch   102] loss: 0.098
[Epoch 2, Batch   202] loss: 0.066
[Epoch 2, Batch   302] loss: 0.073
[Epoch 2, Batch   402] loss: 0.081
[Epoch 2, Batch   502] loss: 0.071
[Epoch 2, Batch   602] loss: 0.075
Epoch 2/5:
Train Loss: 0.0063, Train Accuracy: 97.69%
Validation Loss: 0.0474, Validation Accuracy: 98.44%
[Epoch 3, Batch     2] loss: 0.001
[Epoch 3, Batch   102] loss: 0.041
[Epoch 3, Batch   202] loss: 0.066
[Epoch 3, Batch   302] loss: 0.063
[Epoch 3, Batch   402] loss: 0.055
[Epoch 3, Batch   502] loss: 0.068
[Epoch 3, Batch   602] loss: 0.056
Epoch 3/5:
Train Loss: 0.0057, Train Accuracy: 98.24%
Validation Loss: 0.0409, Validation Accuracy: 98.67%
[Epoch 4, Batch     2] loss: 0.000
[Epoch 4, Batch   102] loss: 0.042
[Epoch 4, Batch   202] loss: 0.045
[Epoch 4, Batch   302] loss: 0.061
[Epoch 4, Batch   402] loss: 0.042
[Epoch 4, Batch   502] loss: 0.052
[Epoch 4, Batch   602] loss: 0.056
Epoch 4/5:
Train Loss: 0.0049, Train Accuracy: 98.52%
Validation Loss: 0.0457, Validation Accuracy: 98.47%
[Epoch 5, Batch     2] loss: 0.001
[Epoch 5, Batch   102] loss: 0.047
[Epoch 5, Batch   202] loss: 0.035
[Epoch 5, Batch   302] loss: 0.052
[Epoch 5, Batch   402] loss: 0.038
[Epoch 5, Batch   502] loss: 0.042
[Epoch 5, Batch   602] loss: 0.053
Epoch 5/5:
Train Loss: 0.0044, Train Accuracy: 98.65%
Validation Loss: 0.0389, Validation Accuracy: 98.88%
Model saved to models/resnet18-MNIST-predictive_entropy-balanced_by_score-0.3-1
Modified conv1: updated in_channels to 1.
Modified fc layer: updated out_features to 10.
Initialized untrained model.
resnet18-MNIST-predictive_entropy-balanced_by_score-0.5-1
[Epoch 1, Batch     2] loss: 0.041
[Epoch 1, Batch   102] loss: 0.297
[Epoch 1, Batch   202] loss: 0.190
[Epoch 1, Batch   302] loss: 0.140
[Epoch 1, Batch   402] loss: 0.124
Epoch 1/5:
Train Loss: 0.0148, Train Accuracy: 94.25%
Validation Loss: 0.0896, Validation Accuracy: 97.15%
[Epoch 2, Batch     2] loss: 0.001
[Epoch 2, Batch   102] loss: 0.081
[Epoch 2, Batch   202] loss: 0.099
[Epoch 2, Batch   302] loss: 0.085
[Epoch 2, Batch   402] loss: 0.098
Epoch 2/5:
Train Loss: 0.0103, Train Accuracy: 97.45%
Validation Loss: 0.0862, Validation Accuracy: 97.24%
[Epoch 3, Batch     2] loss: 0.001
[Epoch 3, Batch   102] loss: 0.060
[Epoch 3, Batch   202] loss: 0.051
[Epoch 3, Batch   302] loss: 0.073
[Epoch 3, Batch   402] loss: 0.071
Epoch 3/5:
Train Loss: 0.0091, Train Accuracy: 98.08%
Validation Loss: 0.0491, Validation Accuracy: 98.43%
[Epoch 4, Batch     2] loss: 0.001
[Epoch 4, Batch   102] loss: 0.048
[Epoch 4, Batch   202] loss: 0.050
[Epoch 4, Batch   302] loss: 0.053
[Epoch 4, Batch   402] loss: 0.047
Epoch 4/5:
Train Loss: 0.0086, Train Accuracy: 98.38%
Validation Loss: 0.1256, Validation Accuracy: 96.05%
[Epoch 5, Batch     2] loss: 0.001
[Epoch 5, Batch   102] loss: 0.050
[Epoch 5, Batch   202] loss: 0.045
[Epoch 5, Batch   302] loss: 0.040
[Epoch 5, Batch   402] loss: 0.044
Epoch 5/5:
Train Loss: 0.0057, Train Accuracy: 98.60%
Validation Loss: 0.0631, Validation Accuracy: 98.07%
Model saved to models/resnet18-MNIST-predictive_entropy-balanced_by_score-0.5-1
Modified conv1: updated in_channels to 1.
Modified fc layer: updated out_features to 10.
Initialized untrained model.
resnet18-MNIST-predictive_entropy-balanced_by_score-0.7-1
[Epoch 1, Batch     2] loss: 0.046
[Epoch 1, Batch   102] loss: 0.357
[Epoch 1, Batch   202] loss: 0.174
Epoch 1/5:
Train Loss: 0.0444, Train Accuracy: 92.21%
Validation Loss: 0.0847, Validation Accuracy: 97.27%
[Epoch 2, Batch     2] loss: 0.002
[Epoch 2, Batch   102] loss: 0.110
[Epoch 2, Batch   202] loss: 0.110
Epoch 2/5:
Train Loss: 0.0269, Train Accuracy: 96.80%
Validation Loss: 0.0830, Validation Accuracy: 97.55%
[Epoch 3, Batch     2] loss: 0.003
[Epoch 3, Batch   102] loss: 0.089
[Epoch 3, Batch   202] loss: 0.072
Epoch 3/5:
Train Loss: 0.0217, Train Accuracy: 97.50%
Validation Loss: 0.0670, Validation Accuracy: 97.79%
[Epoch 4, Batch     2] loss: 0.003
[Epoch 4, Batch   102] loss: 0.071
[Epoch 4, Batch   202] loss: 0.067
Epoch 4/5:
Train Loss: 0.0153, Train Accuracy: 97.97%
Validation Loss: 0.0671, Validation Accuracy: 98.11%
[Epoch 5, Batch     2] loss: 0.000
[Epoch 5, Batch   102] loss: 0.049
[Epoch 5, Batch   202] loss: 0.053
Epoch 5/5:
Train Loss: 0.0176, Train Accuracy: 98.36%
Validation Loss: 0.0681, Validation Accuracy: 97.99%
Model saved to models/resnet18-MNIST-predictive_entropy-balanced_by_score-0.7-1
Modified conv1: updated in_channels to 1.
Modified fc layer: updated out_features to 10.
Initialized untrained model.
resnet18-MNIST-predictive_entropy-balanced_by_score-0.8-1
[Epoch 1, Batch     2] loss: 0.043
[Epoch 1, Batch   102] loss: 0.323
Epoch 1/5:
Train Loss: 0.0758, Train Accuracy: 91.49%
Validation Loss: 0.1870, Validation Accuracy: 94.33%
[Epoch 2, Batch     2] loss: 0.001
[Epoch 2, Batch   102] loss: 0.113
Epoch 2/5:
Train Loss: 0.0568, Train Accuracy: 96.46%
Validation Loss: 0.1253, Validation Accuracy: 96.07%
[Epoch 3, Batch     2] loss: 0.002
[Epoch 3, Batch   102] loss: 0.084
Epoch 3/5:
Train Loss: 0.0415, Train Accuracy: 97.30%
Validation Loss: 0.1467, Validation Accuracy: 95.62%
[Epoch 4, Batch     2] loss: 0.001
[Epoch 4, Batch   102] loss: 0.066
Epoch 4/5:
Train Loss: 0.0333, Train Accuracy: 97.87%
Validation Loss: 0.0790, Validation Accuracy: 97.42%
[Epoch 5, Batch     2] loss: 0.000
[Epoch 5, Batch   102] loss: 0.054
Epoch 5/5:
Train Loss: 0.0287, Train Accuracy: 98.18%
Validation Loss: 0.1862, Validation Accuracy: 94.87%
Model saved to models/resnet18-MNIST-predictive_entropy-balanced_by_score-0.8-1
Modified conv1: updated in_channels to 1.
Modified fc layer: updated out_features to 10.
Initialized untrained model.
resnet18-MNIST-predictive_entropy-balanced_by_score-0.9-1
[Epoch 1, Batch     2] loss: 0.044
Epoch 1/5:
Train Loss: 0.3388, Train Accuracy: 87.36%
Validation Loss: 0.1684, Validation Accuracy: 94.79%
[Epoch 2, Batch     2] loss: 0.002
Epoch 2/5:
Train Loss: 0.1462, Train Accuracy: 95.22%
Validation Loss: 0.1274, Validation Accuracy: 96.25%
[Epoch 3, Batch     2] loss: 0.002
Epoch 3/5:
Train Loss: 0.1107, Train Accuracy: 96.39%
Validation Loss: 0.0921, Validation Accuracy: 97.26%
[Epoch 4, Batch     2] loss: 0.000
Epoch 4/5:
Train Loss: 0.0908, Train Accuracy: 97.46%
Validation Loss: 0.1235, Validation Accuracy: 96.51%
[Epoch 5, Batch     2] loss: 0.002
Epoch 5/5:
Train Loss: 0.0669, Train Accuracy: 98.02%
Validation Loss: 0.0682, Validation Accuracy: 97.77%
Model saved to models/resnet18-MNIST-predictive_entropy-balanced_by_score-0.9-1
Modified conv1: updated in_channels to 1.
Modified fc layer: updated out_features to 10.
Initialized untrained model.
resnet18-MNIST-predictive_entropy-balanced_by_score-0.95-1
[Epoch 1, Batch     2] loss: 0.038
Epoch 1/5:
Train Loss: 0.4398, Train Accuracy: 82.50%
Validation Loss: 0.3218, Validation Accuracy: 90.72%
[Epoch 2, Batch     2] loss: 0.003
Epoch 2/5:
Train Loss: 0.1517, Train Accuracy: 95.13%
Validation Loss: 0.4929, Validation Accuracy: 86.73%
[Epoch 3, Batch     2] loss: 0.002
Epoch 3/5:
Train Loss: 0.1149, Train Accuracy: 95.87%
Validation Loss: 0.2187, Validation Accuracy: 93.40%
[Epoch 4, Batch     2] loss: 0.001
Epoch 4/5:
Train Loss: 0.1018, Train Accuracy: 96.60%
Validation Loss: 0.2578, Validation Accuracy: 92.55%
[Epoch 5, Batch     2] loss: 0.002
Epoch 5/5:
Train Loss: 0.0593, Train Accuracy: 98.07%
Validation Loss: 0.2616, Validation Accuracy: 92.90%
Model saved to models/resnet18-MNIST-predictive_entropy-balanced_by_score-0.95-1
Modified conv1: updated in_channels to 1.
Modified fc layer: updated out_features to 10.
Loaded weights from file: models/resnet18_MNIST_1
Modified conv1: updated in_channels to 1.
Modified fc layer: updated out_features to 10.
Initialized untrained model.
resnet18-MNIST-predictive_entropy-top-0.3-1
[Epoch 1, Batch     2] loss: 0.042
[Epoch 1, Batch   102] loss: 0.398
[Epoch 1, Batch   202] loss: 0.226
[Epoch 1, Batch   302] loss: 0.174
[Epoch 1, Batch   402] loss: 0.159
[Epoch 1, Batch   502] loss: 0.131
[Epoch 1, Batch   602] loss: 0.134
Epoch 1/5:
Train Loss: 0.0099, Train Accuracy: 93.68%
Validation Loss: 0.0814, Validation Accuracy: 97.37%
[Epoch 2, Batch     2] loss: 0.001
[Epoch 2, Batch   102] loss: 0.099
[Epoch 2, Batch   202] loss: 0.083
[Epoch 2, Batch   302] loss: 0.087
[Epoch 2, Batch   402] loss: 0.090
[Epoch 2, Batch   502] loss: 0.098
[Epoch 2, Batch   602] loss: 0.083
Epoch 2/5:
Train Loss: 0.0076, Train Accuracy: 97.23%
Validation Loss: 0.0450, Validation Accuracy: 98.41%
[Epoch 3, Batch     2] loss: 0.002
[Epoch 3, Batch   102] loss: 0.069
[Epoch 3, Batch   202] loss: 0.077
[Epoch 3, Batch   302] loss: 0.075
[Epoch 3, Batch   402] loss: 0.082
[Epoch 3, Batch   502] loss: 0.069
[Epoch 3, Batch   602] loss: 0.070
Epoch 3/5:
Train Loss: 0.0061, Train Accuracy: 97.72%
Validation Loss: 0.0523, Validation Accuracy: 98.31%
[Epoch 4, Batch     2] loss: 0.001
[Epoch 4, Batch   102] loss: 0.051
[Epoch 4, Batch   202] loss: 0.058
[Epoch 4, Batch   302] loss: 0.065
[Epoch 4, Batch   402] loss: 0.073
[Epoch 4, Batch   502] loss: 0.052
[Epoch 4, Batch   602] loss: 0.055
Epoch 4/5:
Train Loss: 0.0057, Train Accuracy: 98.21%
Validation Loss: 0.0347, Validation Accuracy: 98.88%
[Epoch 5, Batch     2] loss: 0.001
[Epoch 5, Batch   102] loss: 0.049
[Epoch 5, Batch   202] loss: 0.043
[Epoch 5, Batch   302] loss: 0.058
[Epoch 5, Batch   402] loss: 0.047
[Epoch 5, Batch   502] loss: 0.063
[Epoch 5, Batch   602] loss: 0.051
Epoch 5/5:
Train Loss: 0.0040, Train Accuracy: 98.38%
Validation Loss: 0.0504, Validation Accuracy: 98.44%
Model saved to models/resnet18-MNIST-predictive_entropy-top-0.3-1
Modified conv1: updated in_channels to 1.
Modified fc layer: updated out_features to 10.
Initialized untrained model.
resnet18-MNIST-predictive_entropy-top-0.5-1
[Epoch 1, Batch     2] loss: 0.043
[Epoch 1, Batch   102] loss: 0.478
[Epoch 1, Batch   202] loss: 0.271
[Epoch 1, Batch   302] loss: 0.208
[Epoch 1, Batch   402] loss: 0.182
Epoch 1/5:
Train Loss: 0.0245, Train Accuracy: 91.31%
Validation Loss: 0.0871, Validation Accuracy: 97.20%
[Epoch 2, Batch     2] loss: 0.002
[Epoch 2, Batch   102] loss: 0.128
[Epoch 2, Batch   202] loss: 0.128
[Epoch 2, Batch   302] loss: 0.127
[Epoch 2, Batch   402] loss: 0.124
Epoch 2/5:
Train Loss: 0.0179, Train Accuracy: 96.19%
Validation Loss: 0.0934, Validation Accuracy: 97.42%
[Epoch 3, Batch     2] loss: 0.002
[Epoch 3, Batch   102] loss: 0.087
[Epoch 3, Batch   202] loss: 0.091
[Epoch 3, Batch   302] loss: 0.095
[Epoch 3, Batch   402] loss: 0.095
Epoch 3/5:
Train Loss: 0.0150, Train Accuracy: 97.06%
Validation Loss: 0.0470, Validation Accuracy: 98.51%
[Epoch 4, Batch     2] loss: 0.001
[Epoch 4, Batch   102] loss: 0.070
[Epoch 4, Batch   202] loss: 0.066
[Epoch 4, Batch   302] loss: 0.087
[Epoch 4, Batch   402] loss: 0.085
Epoch 4/5:
Train Loss: 0.0113, Train Accuracy: 97.64%
Validation Loss: 0.0357, Validation Accuracy: 98.95%
[Epoch 5, Batch     2] loss: 0.001
[Epoch 5, Batch   102] loss: 0.059
[Epoch 5, Batch   202] loss: 0.068
[Epoch 5, Batch   302] loss: 0.074
[Epoch 5, Batch   402] loss: 0.082
Epoch 5/5:
Train Loss: 0.0098, Train Accuracy: 97.83%
Validation Loss: 0.0500, Validation Accuracy: 98.64%
Model saved to models/resnet18-MNIST-predictive_entropy-top-0.5-1
Modified conv1: updated in_channels to 1.
Modified fc layer: updated out_features to 10.
Initialized untrained model.
resnet18-MNIST-predictive_entropy-top-0.7-1
[Epoch 1, Batch     2] loss: 0.041
[Epoch 1, Batch   102] loss: 0.651
[Epoch 1, Batch   202] loss: 0.316
Epoch 1/5:
Train Loss: 0.0793, Train Accuracy: 85.73%
Validation Loss: 0.1036, Validation Accuracy: 96.64%
[Epoch 2, Batch     2] loss: 0.005
[Epoch 2, Batch   102] loss: 0.200
[Epoch 2, Batch   202] loss: 0.202
Epoch 2/5:
Train Loss: 0.0508, Train Accuracy: 93.72%
Validation Loss: 0.0911, Validation Accuracy: 96.94%
[Epoch 3, Batch     2] loss: 0.004
[Epoch 3, Batch   102] loss: 0.158
[Epoch 3, Batch   202] loss: 0.136
Epoch 3/5:
Train Loss: 0.0404, Train Accuracy: 95.49%
Validation Loss: 0.0641, Validation Accuracy: 98.08%
[Epoch 4, Batch     2] loss: 0.002
[Epoch 4, Batch   102] loss: 0.108
[Epoch 4, Batch   202] loss: 0.126
Epoch 4/5:
Train Loss: 0.0319, Train Accuracy: 96.34%
Validation Loss: 0.0475, Validation Accuracy: 98.53%
[Epoch 5, Batch     2] loss: 0.001
[Epoch 5, Batch   102] loss: 0.110
[Epoch 5, Batch   202] loss: 0.111
Epoch 5/5:
Train Loss: 0.0261, Train Accuracy: 96.57%
Validation Loss: 0.0542, Validation Accuracy: 98.34%
Model saved to models/resnet18-MNIST-predictive_entropy-top-0.7-1
Modified conv1: updated in_channels to 1.
Modified fc layer: updated out_features to 10.
Initialized untrained model.
resnet18-MNIST-predictive_entropy-top-0.8-1
[Epoch 1, Batch     2] loss: 0.043
[Epoch 1, Batch   102] loss: 0.702
Epoch 1/5:
Train Loss: 0.1889, Train Accuracy: 80.50%
Validation Loss: 0.1452, Validation Accuracy: 95.28%
[Epoch 2, Batch     2] loss: 0.008
[Epoch 2, Batch   102] loss: 0.293
Epoch 2/5:
Train Loss: 0.1297, Train Accuracy: 90.72%
Validation Loss: 0.1311, Validation Accuracy: 95.89%
[Epoch 3, Batch     2] loss: 0.004
[Epoch 3, Batch   102] loss: 0.207
Epoch 3/5:
Train Loss: 0.0967, Train Accuracy: 93.13%
Validation Loss: 0.0777, Validation Accuracy: 97.68%
[Epoch 4, Batch     2] loss: 0.003
[Epoch 4, Batch   102] loss: 0.164
Epoch 4/5:
Train Loss: 0.0861, Train Accuracy: 94.21%
Validation Loss: 0.0660, Validation Accuracy: 97.82%
[Epoch 5, Batch     2] loss: 0.002
[Epoch 5, Batch   102] loss: 0.131
Epoch 5/5:
Train Loss: 0.0653, Train Accuracy: 95.53%
Validation Loss: 0.0973, Validation Accuracy: 96.56%
Model saved to models/resnet18-MNIST-predictive_entropy-top-0.8-1
Modified conv1: updated in_channels to 1.
Modified fc layer: updated out_features to 10.
Initialized untrained model.
resnet18-MNIST-predictive_entropy-top-0.9-1
[Epoch 1, Batch     2] loss: 0.045
Epoch 1/5:
Train Loss: 0.9033, Train Accuracy: 68.88%
Validation Loss: 0.3450, Validation Accuracy: 89.64%
[Epoch 2, Batch     2] loss: 0.009
Epoch 2/5:
Train Loss: 0.4705, Train Accuracy: 83.23%
Validation Loss: 0.2983, Validation Accuracy: 89.23%
[Epoch 3, Batch     2] loss: 0.009
Epoch 3/5:
Train Loss: 0.3724, Train Accuracy: 86.80%
Validation Loss: 0.2860, Validation Accuracy: 90.17%
[Epoch 4, Batch     2] loss: 0.006
Epoch 4/5:
Train Loss: 0.2797, Train Accuracy: 90.25%
Validation Loss: 0.3088, Validation Accuracy: 88.78%
[Epoch 5, Batch     2] loss: 0.003
Epoch 5/5:
Train Loss: 0.2246, Train Accuracy: 92.23%
Validation Loss: 0.1555, Validation Accuracy: 95.15%
Model saved to models/resnet18-MNIST-predictive_entropy-top-0.9-1
Modified conv1: updated in_channels to 1.
Modified fc layer: updated out_features to 10.
Initialized untrained model.
resnet18-MNIST-predictive_entropy-top-0.95-1
[Epoch 1, Batch     2] loss: 0.044
Epoch 1/5:
Train Loss: 1.2088, Train Accuracy: 56.97%
Validation Loss: 1.4608, Validation Accuracy: 50.01%
[Epoch 2, Batch     2] loss: 0.015
Epoch 2/5:
Train Loss: 0.6973, Train Accuracy: 74.37%
Validation Loss: 1.0469, Validation Accuracy: 69.07%
[Epoch 3, Batch     2] loss: 0.012
Epoch 3/5:
Train Loss: 0.5405, Train Accuracy: 80.20%
Validation Loss: 0.8071, Validation Accuracy: 76.01%
[Epoch 4, Batch     2] loss: 0.007
Epoch 4/5:
Train Loss: 0.4000, Train Accuracy: 85.30%
Validation Loss: 0.7077, Validation Accuracy: 76.48%
[Epoch 5, Batch     2] loss: 0.004
Epoch 5/5:
Train Loss: 0.3396, Train Accuracy: 88.00%
Validation Loss: 0.4915, Validation Accuracy: 83.23%
Model saved to models/resnet18-MNIST-predictive_entropy-top-0.95-1
Modified conv1: updated in_channels to 1.
Modified fc layer: updated out_features to 10.
Loaded weights from file: models/resnet18_MNIST_1
Modified conv1: updated in_channels to 1.
Modified fc layer: updated out_features to 10.
Initialized untrained model.
resnet18-MNIST-predictive_entropy-bottom-0.3-1
[Epoch 1, Batch     2] loss: 0.042
[Epoch 1, Batch   102] loss: 0.155
[Epoch 1, Batch   202] loss: 0.069
[Epoch 1, Batch   302] loss: 0.036
[Epoch 1, Batch   402] loss: 0.024
[Epoch 1, Batch   502] loss: 0.024
[Epoch 1, Batch   602] loss: 0.027
Epoch 1/5:
Train Loss: 0.0018, Train Accuracy: 98.17%
Validation Loss: 0.3576, Validation Accuracy: 91.56%
[Epoch 2, Batch     2] loss: 0.001
[Epoch 2, Batch   102] loss: 0.014
[Epoch 2, Batch   202] loss: 0.023
[Epoch 2, Batch   302] loss: 0.012
[Epoch 2, Batch   402] loss: 0.018
[Epoch 2, Batch   502] loss: 0.007
[Epoch 2, Batch   602] loss: 0.013
Epoch 2/5:
Train Loss: 0.0010, Train Accuracy: 99.58%
Validation Loss: 0.2665, Validation Accuracy: 94.05%
[Epoch 3, Batch     2] loss: 0.000
[Epoch 3, Batch   102] loss: 0.013
[Epoch 3, Batch   202] loss: 0.017
[Epoch 3, Batch   302] loss: 0.017
[Epoch 3, Batch   402] loss: 0.005
[Epoch 3, Batch   502] loss: 0.014
[Epoch 3, Batch   602] loss: 0.019
Epoch 3/5:
Train Loss: 0.0010, Train Accuracy: 99.56%
Validation Loss: 0.1813, Validation Accuracy: 95.39%
[Epoch 4, Batch     2] loss: 0.000
[Epoch 4, Batch   102] loss: 0.007
[Epoch 4, Batch   202] loss: 0.003
[Epoch 4, Batch   302] loss: 0.005
[Epoch 4, Batch   402] loss: 0.008
[Epoch 4, Batch   502] loss: 0.014
[Epoch 4, Batch   602] loss: 0.016
Epoch 4/5:
Train Loss: 0.0009, Train Accuracy: 99.75%
Validation Loss: 0.2168, Validation Accuracy: 94.62%
[Epoch 5, Batch     2] loss: 0.000
[Epoch 5, Batch   102] loss: 0.011
[Epoch 5, Batch   202] loss: 0.006
[Epoch 5, Batch   302] loss: 0.002
[Epoch 5, Batch   402] loss: 0.000
[Epoch 5, Batch   502] loss: 0.009
[Epoch 5, Batch   602] loss: 0.007
Epoch 5/5:
Train Loss: 0.0022, Train Accuracy: 99.79%
Validation Loss: 0.3083, Validation Accuracy: 93.61%
Model saved to models/resnet18-MNIST-predictive_entropy-bottom-0.3-1
Modified conv1: updated in_channels to 1.
Modified fc layer: updated out_features to 10.
Initialized untrained model.
resnet18-MNIST-predictive_entropy-bottom-0.5-1
[Epoch 1, Batch     2] loss: 0.039
[Epoch 1, Batch   102] loss: 0.117
[Epoch 1, Batch   202] loss: 0.025
[Epoch 1, Batch   302] loss: 0.029
[Epoch 1, Batch   402] loss: 0.022
Epoch 1/5:
Train Loss: 0.0016, Train Accuracy: 98.50%
Validation Loss: 1.0597, Validation Accuracy: 85.20%
[Epoch 2, Batch     2] loss: 0.000
[Epoch 2, Batch   102] loss: 0.010
[Epoch 2, Batch   202] loss: 0.013
[Epoch 2, Batch   302] loss: 0.004
[Epoch 2, Batch   402] loss: 0.012
Epoch 2/5:
Train Loss: 0.0027, Train Accuracy: 99.69%
Validation Loss: 1.0997, Validation Accuracy: 80.44%
[Epoch 3, Batch     2] loss: 0.000
[Epoch 3, Batch   102] loss: 0.009
[Epoch 3, Batch   202] loss: 0.015
[Epoch 3, Batch   302] loss: 0.012
[Epoch 3, Batch   402] loss: 0.003
Epoch 3/5:
Train Loss: 0.0010, Train Accuracy: 99.76%
Validation Loss: 0.8530, Validation Accuracy: 86.38%
[Epoch 4, Batch     2] loss: 0.000
[Epoch 4, Batch   102] loss: 0.003
[Epoch 4, Batch   202] loss: 0.003
[Epoch 4, Batch   302] loss: 0.008
[Epoch 4, Batch   402] loss: 0.021
Epoch 4/5:
Train Loss: 0.0027, Train Accuracy: 99.69%
Validation Loss: 1.3536, Validation Accuracy: 79.28%
[Epoch 5, Batch     2] loss: 0.000
[Epoch 5, Batch   102] loss: 0.011
[Epoch 5, Batch   202] loss: 0.009
[Epoch 5, Batch   302] loss: 0.002
[Epoch 5, Batch   402] loss: 0.006
Epoch 5/5:
Train Loss: 0.0011, Train Accuracy: 99.82%
Validation Loss: 0.7866, Validation Accuracy: 87.10%
Model saved to models/resnet18-MNIST-predictive_entropy-bottom-0.5-1
Modified conv1: updated in_channels to 1.
Modified fc layer: updated out_features to 10.
Initialized untrained model.
resnet18-MNIST-predictive_entropy-bottom-0.7-1
[Epoch 1, Batch     2] loss: 0.037
[Epoch 1, Batch   102] loss: 0.073
[Epoch 1, Batch   202] loss: 0.025
Epoch 1/5:
Train Loss: 0.0010, Train Accuracy: 98.40%
Validation Loss: 1.0908, Validation Accuracy: 81.73%
[Epoch 2, Batch     2] loss: 0.001
[Epoch 2, Batch   102] loss: 0.033
[Epoch 2, Batch   202] loss: 0.015
Epoch 2/5:
Train Loss: 0.0051, Train Accuracy: 99.48%
Validation Loss: 0.9580, Validation Accuracy: 83.44%
[Epoch 3, Batch     2] loss: 0.001
[Epoch 3, Batch   102] loss: 0.020
[Epoch 3, Batch   202] loss: 0.008
Epoch 3/5:
Train Loss: 0.0042, Train Accuracy: 99.69%
Validation Loss: 1.2045, Validation Accuracy: 83.16%
[Epoch 4, Batch     2] loss: 0.000
[Epoch 4, Batch   102] loss: 0.020
[Epoch 4, Batch   202] loss: 0.004
Epoch 4/5:
Train Loss: 0.0014, Train Accuracy: 99.73%
Validation Loss: 0.8735, Validation Accuracy: 84.58%
[Epoch 5, Batch     2] loss: 0.000
[Epoch 5, Batch   102] loss: 0.012
[Epoch 5, Batch   202] loss: 0.001
Epoch 5/5:
Train Loss: 0.0002, Train Accuracy: 99.88%
Validation Loss: 0.7703, Validation Accuracy: 85.48%
Model saved to models/resnet18-MNIST-predictive_entropy-bottom-0.7-1
Modified conv1: updated in_channels to 1.
Modified fc layer: updated out_features to 10.
Initialized untrained model.
resnet18-MNIST-predictive_entropy-bottom-0.8-1
[Epoch 1, Batch     2] loss: 0.038
[Epoch 1, Batch   102] loss: 0.058
Epoch 1/5:
Train Loss: 0.0112, Train Accuracy: 98.17%
Validation Loss: 1.3740, Validation Accuracy: 79.64%
[Epoch 2, Batch     2] loss: 0.000
[Epoch 2, Batch   102] loss: 0.015
Epoch 2/5:
Train Loss: 0.0024, Train Accuracy: 99.70%
Validation Loss: 1.1133, Validation Accuracy: 80.38%
[Epoch 3, Batch     2] loss: 0.000
[Epoch 3, Batch   102] loss: 0.012
Epoch 3/5:
Train Loss: 0.0004, Train Accuracy: 99.82%
Validation Loss: 1.0436, Validation Accuracy: 81.23%
[Epoch 4, Batch     2] loss: 0.000
[Epoch 4, Batch   102] loss: 0.005
Epoch 4/5:
Train Loss: 0.0016, Train Accuracy: 99.86%
Validation Loss: 1.1838, Validation Accuracy: 78.74%
[Epoch 5, Batch     2] loss: 0.000
[Epoch 5, Batch   102] loss: 0.014
Epoch 5/5:
Train Loss: 0.0120, Train Accuracy: 99.47%
Validation Loss: 1.3738, Validation Accuracy: 73.52%
Model saved to models/resnet18-MNIST-predictive_entropy-bottom-0.8-1
Modified conv1: updated in_channels to 1.
Modified fc layer: updated out_features to 10.
Initialized untrained model.
resnet18-MNIST-predictive_entropy-bottom-0.9-1
[Epoch 1, Batch     2] loss: 0.034
Epoch 1/5:
Train Loss: 0.0516, Train Accuracy: 97.63%
Validation Loss: 1.6607, Validation Accuracy: 62.83%
[Epoch 2, Batch     2] loss: 0.000
Epoch 2/5:
Train Loss: 0.0152, Train Accuracy: 99.55%
Validation Loss: 2.6344, Validation Accuracy: 51.04%
[Epoch 3, Batch     2] loss: 0.001
Epoch 3/5:
Train Loss: 0.0096, Train Accuracy: 99.70%
Validation Loss: 2.3187, Validation Accuracy: 56.96%
[Epoch 4, Batch     2] loss: 0.000
Epoch 4/5:
Train Loss: 0.0112, Train Accuracy: 99.75%
Validation Loss: 1.3261, Validation Accuracy: 68.38%
[Epoch 5, Batch     2] loss: 0.000
Epoch 5/5:
Train Loss: 0.0110, Train Accuracy: 99.67%
Validation Loss: 2.2144, Validation Accuracy: 59.39%
Model saved to models/resnet18-MNIST-predictive_entropy-bottom-0.9-1
Modified conv1: updated in_channels to 1.
Modified fc layer: updated out_features to 10.
Initialized untrained model.
resnet18-MNIST-predictive_entropy-bottom-0.95-1
[Epoch 1, Batch     2] loss: 0.029
Epoch 1/5:
Train Loss: 0.0338, Train Accuracy: 97.23%
Validation Loss: 6.4764, Validation Accuracy: 31.74%
[Epoch 2, Batch     2] loss: 0.001
Epoch 2/5:
Train Loss: 0.0076, Train Accuracy: 99.60%
Validation Loss: 3.7644, Validation Accuracy: 51.38%
[Epoch 3, Batch     2] loss: 0.000
Epoch 3/5:
Train Loss: 0.0227, Train Accuracy: 99.27%
Validation Loss: 3.0802, Validation Accuracy: 55.03%
[Epoch 4, Batch     2] loss: 0.000
Epoch 4/5:
Train Loss: 0.0071, Train Accuracy: 99.80%
Validation Loss: 3.0837, Validation Accuracy: 56.68%
[Epoch 5, Batch     2] loss: 0.000
Epoch 5/5:
Train Loss: 0.0178, Train Accuracy: 99.57%
Validation Loss: 5.0064, Validation Accuracy: 44.97%
Model saved to models/resnet18-MNIST-predictive_entropy-bottom-0.95-1
Modified conv1: updated in_channels to 1.
Modified fc layer: updated out_features to 10.
Initialized untrained model.
[Epoch 1, Batch     2] loss: 0.040
[Epoch 1, Batch   102] loss: 0.358
[Epoch 1, Batch   202] loss: 0.163
[Epoch 1, Batch   302] loss: 0.168
[Epoch 1, Batch   402] loss: 0.127
[Epoch 1, Batch   502] loss: 0.105
[Epoch 1, Batch   602] loss: 0.104
[Epoch 1, Batch   702] loss: 0.079
[Epoch 1, Batch   802] loss: 0.090
[Epoch 1, Batch   902] loss: 0.089
Epoch 1/5:
Train Loss: 0.0034, Train Accuracy: 95.53%
Validation Loss: 0.0675, Validation Accuracy: 97.76%
[Epoch 2, Batch     2] loss: 0.001
[Epoch 2, Batch   102] loss: 0.074
[Epoch 2, Batch   202] loss: 0.062
[Epoch 2, Batch   302] loss: 0.060
[Epoch 2, Batch   402] loss: 0.082
[Epoch 2, Batch   502] loss: 0.070
[Epoch 2, Batch   602] loss: 0.071
[Epoch 2, Batch   702] loss: 0.071
[Epoch 2, Batch   802] loss: 0.058
[Epoch 2, Batch   902] loss: 0.058
Epoch 2/5:
Train Loss: 0.0025, Train Accuracy: 98.01%
Validation Loss: 0.1029, Validation Accuracy: 96.91%
[Epoch 3, Batch     2] loss: 0.001
[Epoch 3, Batch   102] loss: 0.055
[Epoch 3, Batch   202] loss: 0.051
[Epoch 3, Batch   302] loss: 0.055
[Epoch 3, Batch   402] loss: 0.063
[Epoch 3, Batch   502] loss: 0.052
[Epoch 3, Batch   602] loss: 0.055
[Epoch 3, Batch   702] loss: 0.056
[Epoch 3, Batch   802] loss: 0.048
[Epoch 3, Batch   902] loss: 0.066
Epoch 3/5:
Train Loss: 0.0020, Train Accuracy: 98.34%
Validation Loss: 0.0798, Validation Accuracy: 97.58%
[Epoch 4, Batch     2] loss: 0.001
[Epoch 4, Batch   102] loss: 0.046
[Epoch 4, Batch   202] loss: 0.050
[Epoch 4, Batch   302] loss: 0.049
[Epoch 4, Batch   402] loss: 0.042
[Epoch 4, Batch   502] loss: 0.050
[Epoch 4, Batch   602] loss: 0.049
[Epoch 4, Batch   702] loss: 0.042
[Epoch 4, Batch   802] loss: 0.041
[Epoch 4, Batch   902] loss: 0.052
Epoch 4/5:
Train Loss: 0.0016, Train Accuracy: 98.59%
Validation Loss: 0.0469, Validation Accuracy: 98.57%
[Epoch 5, Batch     2] loss: 0.002
[Epoch 5, Batch   102] loss: 0.040
[Epoch 5, Batch   202] loss: 0.035
[Epoch 5, Batch   302] loss: 0.049
[Epoch 5, Batch   402] loss: 0.053
[Epoch 5, Batch   502] loss: 0.051
[Epoch 5, Batch   602] loss: 0.052
[Epoch 5, Batch   702] loss: 0.035
[Epoch 5, Batch   802] loss: 0.050
[Epoch 5, Batch   902] loss: 0.046
Epoch 5/5:
Train Loss: 0.0022, Train Accuracy: 98.62%
Validation Loss: 0.1059, Validation Accuracy: 96.65%
Model saved to models/resnet18_MNIST_2
Modified conv1: updated in_channels to 1.
Modified fc layer: updated out_features to 10.
Loaded weights from file: models/resnet18_MNIST_2
Modified conv1: updated in_channels to 1.
Modified fc layer: updated out_features to 10.
Initialized untrained model.
resnet18-MNIST-random-0.3-2
[Epoch 1, Batch     2] loss: 0.043
[Epoch 1, Batch   102] loss: 0.346
[Epoch 1, Batch   202] loss: 0.168
[Epoch 1, Batch   302] loss: 0.146
[Epoch 1, Batch   402] loss: 0.115
[Epoch 1, Batch   502] loss: 0.126
[Epoch 1, Batch   602] loss: 0.106
Epoch 1/5:
Train Loss: 0.0074, Train Accuracy: 94.85%
Validation Loss: 0.1065, Validation Accuracy: 96.58%
[Epoch 2, Batch     2] loss: 0.001
[Epoch 2, Batch   102] loss: 0.082
[Epoch 2, Batch   202] loss: 0.072
[Epoch 2, Batch   302] loss: 0.094
[Epoch 2, Batch   402] loss: 0.080
[Epoch 2, Batch   502] loss: 0.069
[Epoch 2, Batch   602] loss: 0.067
Epoch 2/5:
Train Loss: 0.0050, Train Accuracy: 97.64%
Validation Loss: 0.0728, Validation Accuracy: 97.73%
[Epoch 3, Batch     2] loss: 0.003
[Epoch 3, Batch   102] loss: 0.060
[Epoch 3, Batch   202] loss: 0.057
[Epoch 3, Batch   302] loss: 0.047
[Epoch 3, Batch   402] loss: 0.063
[Epoch 3, Batch   502] loss: 0.067
[Epoch 3, Batch   602] loss: 0.052
Epoch 3/5:
Train Loss: 0.0057, Train Accuracy: 98.20%
Validation Loss: 0.0528, Validation Accuracy: 98.24%
[Epoch 4, Batch     2] loss: 0.001
[Epoch 4, Batch   102] loss: 0.045
[Epoch 4, Batch   202] loss: 0.059
[Epoch 4, Batch   302] loss: 0.041
[Epoch 4, Batch   402] loss: 0.057
[Epoch 4, Batch   502] loss: 0.046
[Epoch 4, Batch   602] loss: 0.056
Epoch 4/5:
Train Loss: 0.0035, Train Accuracy: 98.43%
Validation Loss: 0.0423, Validation Accuracy: 98.77%
[Epoch 5, Batch     2] loss: 0.001
[Epoch 5, Batch   102] loss: 0.040
[Epoch 5, Batch   202] loss: 0.033
[Epoch 5, Batch   302] loss: 0.041
[Epoch 5, Batch   402] loss: 0.047
[Epoch 5, Batch   502] loss: 0.041
[Epoch 5, Batch   602] loss: 0.051
Epoch 5/5:
Train Loss: 0.0043, Train Accuracy: 98.72%
Validation Loss: 0.0403, Validation Accuracy: 98.79%
Model saved to models/resnet18-MNIST-random-0.3-2
Modified conv1: updated in_channels to 1.
Modified fc layer: updated out_features to 10.
Initialized untrained model.
resnet18-MNIST-random-0.5-2
[Epoch 1, Batch     2] loss: 0.041
[Epoch 1, Batch   102] loss: 0.332
[Epoch 1, Batch   202] loss: 0.179
[Epoch 1, Batch   302] loss: 0.139
[Epoch 1, Batch   402] loss: 0.136
Epoch 1/5:
Train Loss: 0.0157, Train Accuracy: 94.06%
Validation Loss: 0.1911, Validation Accuracy: 94.44%
[Epoch 2, Batch     2] loss: 0.002
[Epoch 2, Batch   102] loss: 0.093
[Epoch 2, Batch   202] loss: 0.081
[Epoch 2, Batch   302] loss: 0.079
[Epoch 2, Batch   402] loss: 0.084
Epoch 2/5:
Train Loss: 0.0105, Train Accuracy: 97.47%
Validation Loss: 0.0606, Validation Accuracy: 98.05%
[Epoch 3, Batch     2] loss: 0.000
[Epoch 3, Batch   102] loss: 0.056
[Epoch 3, Batch   202] loss: 0.074
[Epoch 3, Batch   302] loss: 0.056
[Epoch 3, Batch   402] loss: 0.068
Epoch 3/5:
Train Loss: 0.0112, Train Accuracy: 98.02%
Validation Loss: 0.0599, Validation Accuracy: 98.10%
[Epoch 4, Batch     2] loss: 0.001
[Epoch 4, Batch   102] loss: 0.046
[Epoch 4, Batch   202] loss: 0.044
[Epoch 4, Batch   302] loss: 0.049
[Epoch 4, Batch   402] loss: 0.067
Epoch 4/5:
Train Loss: 0.0076, Train Accuracy: 98.46%
Validation Loss: 0.0630, Validation Accuracy: 98.13%
[Epoch 5, Batch     2] loss: 0.000
[Epoch 5, Batch   102] loss: 0.038
[Epoch 5, Batch   202] loss: 0.040
[Epoch 5, Batch   302] loss: 0.054
[Epoch 5, Batch   402] loss: 0.046
Epoch 5/5:
Train Loss: 0.0078, Train Accuracy: 98.57%
Validation Loss: 0.0471, Validation Accuracy: 98.46%
Model saved to models/resnet18-MNIST-random-0.5-2
Modified conv1: updated in_channels to 1.
Modified fc layer: updated out_features to 10.
Initialized untrained model.
resnet18-MNIST-random-0.7-2
[Epoch 1, Batch     2] loss: 0.046
[Epoch 1, Batch   102] loss: 0.353
[Epoch 1, Batch   202] loss: 0.186
Epoch 1/5:
Train Loss: 0.0445, Train Accuracy: 92.19%
Validation Loss: 0.1091, Validation Accuracy: 96.57%
[Epoch 2, Batch     2] loss: 0.002
[Epoch 2, Batch   102] loss: 0.113
[Epoch 2, Batch   202] loss: 0.129
Epoch 2/5:
Train Loss: 0.0283, Train Accuracy: 96.54%
Validation Loss: 0.1023, Validation Accuracy: 96.81%
[Epoch 3, Batch     2] loss: 0.002
[Epoch 3, Batch   102] loss: 0.067
[Epoch 3, Batch   202] loss: 0.073
Epoch 3/5:
Train Loss: 0.0182, Train Accuracy: 97.82%
Validation Loss: 0.0648, Validation Accuracy: 97.99%
[Epoch 4, Batch     2] loss: 0.001
[Epoch 4, Batch   102] loss: 0.072
[Epoch 4, Batch   202] loss: 0.061
Epoch 4/5:
Train Loss: 0.0228, Train Accuracy: 97.91%
Validation Loss: 0.0794, Validation Accuracy: 97.58%
[Epoch 5, Batch     2] loss: 0.000
[Epoch 5, Batch   102] loss: 0.045
[Epoch 5, Batch   202] loss: 0.052
Epoch 5/5:
Train Loss: 0.0157, Train Accuracy: 98.41%
Validation Loss: 0.0818, Validation Accuracy: 97.54%
Model saved to models/resnet18-MNIST-random-0.7-2
Modified conv1: updated in_channels to 1.
Modified fc layer: updated out_features to 10.
Initialized untrained model.
resnet18-MNIST-random-0.8-2
[Epoch 1, Batch     2] loss: 0.045
[Epoch 1, Batch   102] loss: 0.337
Epoch 1/5:
Train Loss: 0.0786, Train Accuracy: 91.10%
Validation Loss: 0.3259, Validation Accuracy: 90.17%
[Epoch 2, Batch     2] loss: 0.002
[Epoch 2, Batch   102] loss: 0.114
Epoch 2/5:
Train Loss: 0.0528, Train Accuracy: 96.60%
Validation Loss: 0.1861, Validation Accuracy: 94.57%
[Epoch 3, Batch     2] loss: 0.002
[Epoch 3, Batch   102] loss: 0.075
Epoch 3/5:
Train Loss: 0.0438, Train Accuracy: 97.27%
Validation Loss: 0.1026, Validation Accuracy: 96.92%
[Epoch 4, Batch     2] loss: 0.001
[Epoch 4, Batch   102] loss: 0.063
Epoch 4/5:
Train Loss: 0.0304, Train Accuracy: 97.89%
Validation Loss: 0.2860, Validation Accuracy: 93.31%
[Epoch 5, Batch     2] loss: 0.001
[Epoch 5, Batch   102] loss: 0.057
Epoch 5/5:
Train Loss: 0.0313, Train Accuracy: 98.11%
Validation Loss: 0.0950, Validation Accuracy: 97.11%
Model saved to models/resnet18-MNIST-random-0.8-2
Modified conv1: updated in_channels to 1.
Modified fc layer: updated out_features to 10.
Initialized untrained model.
resnet18-MNIST-random-0.9-2
[Epoch 1, Batch     2] loss: 0.041
Epoch 1/5:
Train Loss: 0.3505, Train Accuracy: 87.70%
Validation Loss: 0.2762, Validation Accuracy: 91.77%
[Epoch 2, Batch     2] loss: 0.002
Epoch 2/5:
Train Loss: 0.1230, Train Accuracy: 96.08%
Validation Loss: 0.1454, Validation Accuracy: 95.76%
[Epoch 3, Batch     2] loss: 0.002
Epoch 3/5:
Train Loss: 0.1185, Train Accuracy: 96.23%
Validation Loss: 0.5145, Validation Accuracy: 86.90%
[Epoch 4, Batch     2] loss: 0.003
Epoch 4/5:
Train Loss: 0.0958, Train Accuracy: 96.92%
Validation Loss: 0.1535, Validation Accuracy: 95.43%
[Epoch 5, Batch     2] loss: 0.003
Epoch 5/5:
Train Loss: 0.0707, Train Accuracy: 97.80%
Validation Loss: 0.1636, Validation Accuracy: 95.31%
Model saved to models/resnet18-MNIST-random-0.9-2
Modified conv1: updated in_channels to 1.
Modified fc layer: updated out_features to 10.
Initialized untrained model.
resnet18-MNIST-random-0.95-2
[Epoch 1, Batch     2] loss: 0.039
Epoch 1/5:
Train Loss: 0.4159, Train Accuracy: 84.03%
Validation Loss: 0.2644, Validation Accuracy: 92.11%
[Epoch 2, Batch     2] loss: 0.004
Epoch 2/5:
Train Loss: 0.1484, Train Accuracy: 95.03%
Validation Loss: 0.2909, Validation Accuracy: 91.93%
[Epoch 3, Batch     2] loss: 0.004
Epoch 3/5:
Train Loss: 0.1171, Train Accuracy: 96.27%
Validation Loss: 0.2044, Validation Accuracy: 93.40%
[Epoch 4, Batch     2] loss: 0.001
Epoch 4/5:
Train Loss: 0.0995, Train Accuracy: 96.63%
Validation Loss: 0.3656, Validation Accuracy: 90.39%
[Epoch 5, Batch     2] loss: 0.002
Epoch 5/5:
Train Loss: 0.0650, Train Accuracy: 97.97%
Validation Loss: 0.2322, Validation Accuracy: 93.45%
Model saved to models/resnet18-MNIST-random-0.95-2
Modified conv1: updated in_channels to 1.
Modified fc layer: updated out_features to 10.
Loaded weights from file: models/resnet18_MNIST_2
Modified conv1: updated in_channels to 1.
Modified fc layer: updated out_features to 10.
Initialized untrained model.
resnet18-MNIST-predictive_entropy-balanced_by_score-0.3-2
[Epoch 1, Batch     2] loss: 0.041
[Epoch 1, Batch   102] loss: 0.343
[Epoch 1, Batch   202] loss: 0.178
[Epoch 1, Batch   302] loss: 0.151
[Epoch 1, Batch   402] loss: 0.103
[Epoch 1, Batch   502] loss: 0.119
[Epoch 1, Batch   602] loss: 0.108
Epoch 1/5:
Train Loss: 0.0101, Train Accuracy: 94.95%
Validation Loss: 0.0633, Validation Accuracy: 97.91%
[Epoch 2, Batch     2] loss: 0.002
[Epoch 2, Batch   102] loss: 0.085
[Epoch 2, Batch   202] loss: 0.078
[Epoch 2, Batch   302] loss: 0.095
[Epoch 2, Batch   402] loss: 0.078
[Epoch 2, Batch   502] loss: 0.073
[Epoch 2, Batch   602] loss: 0.069
Epoch 2/5:
Train Loss: 0.0072, Train Accuracy: 97.65%
Validation Loss: 0.0646, Validation Accuracy: 98.03%
[Epoch 3, Batch     2] loss: 0.000
[Epoch 3, Batch   102] loss: 0.069
[Epoch 3, Batch   202] loss: 0.056
[Epoch 3, Batch   302] loss: 0.060
[Epoch 3, Batch   402] loss: 0.059
[Epoch 3, Batch   502] loss: 0.064
[Epoch 3, Batch   602] loss: 0.059
Epoch 3/5:
Train Loss: 0.0047, Train Accuracy: 98.11%
Validation Loss: 0.0701, Validation Accuracy: 98.03%
[Epoch 4, Batch     2] loss: 0.002
[Epoch 4, Batch   102] loss: 0.053
[Epoch 4, Batch   202] loss: 0.040
[Epoch 4, Batch   302] loss: 0.053
[Epoch 4, Batch   402] loss: 0.047
[Epoch 4, Batch   502] loss: 0.058
[Epoch 4, Batch   602] loss: 0.047
Epoch 4/5:
Train Loss: 0.0041, Train Accuracy: 98.48%
Validation Loss: 0.0860, Validation Accuracy: 97.37%
[Epoch 5, Batch     2] loss: 0.000
[Epoch 5, Batch   102] loss: 0.045
[Epoch 5, Batch   202] loss: 0.041
[Epoch 5, Batch   302] loss: 0.051
[Epoch 5, Batch   402] loss: 0.044
[Epoch 5, Batch   502] loss: 0.048
[Epoch 5, Batch   602] loss: 0.047
Epoch 5/5:
Train Loss: 0.0051, Train Accuracy: 98.57%
Validation Loss: 0.0427, Validation Accuracy: 98.80%
Model saved to models/resnet18-MNIST-predictive_entropy-balanced_by_score-0.3-2
Modified conv1: updated in_channels to 1.
Modified fc layer: updated out_features to 10.
Initialized untrained model.
resnet18-MNIST-predictive_entropy-balanced_by_score-0.5-2
[Epoch 1, Batch     2] loss: 0.041
[Epoch 1, Batch   102] loss: 0.338
[Epoch 1, Batch   202] loss: 0.180
[Epoch 1, Batch   302] loss: 0.156
[Epoch 1, Batch   402] loss: 0.111
Epoch 1/5:
Train Loss: 0.0164, Train Accuracy: 94.09%
Validation Loss: 0.0745, Validation Accuracy: 97.74%
[Epoch 2, Batch     2] loss: 0.001
[Epoch 2, Batch   102] loss: 0.091
[Epoch 2, Batch   202] loss: 0.085
[Epoch 2, Batch   302] loss: 0.079
[Epoch 2, Batch   402] loss: 0.082
Epoch 2/5:
Train Loss: 0.0127, Train Accuracy: 97.44%
Validation Loss: 0.1413, Validation Accuracy: 95.78%
[Epoch 3, Batch     2] loss: 0.002
[Epoch 3, Batch   102] loss: 0.083
[Epoch 3, Batch   202] loss: 0.063
[Epoch 3, Batch   302] loss: 0.060
[Epoch 3, Batch   402] loss: 0.066
Epoch 3/5:
Train Loss: 0.0101, Train Accuracy: 97.89%
Validation Loss: 0.0721, Validation Accuracy: 97.68%
[Epoch 4, Batch     2] loss: 0.001
[Epoch 4, Batch   102] loss: 0.038
[Epoch 4, Batch   202] loss: 0.049
[Epoch 4, Batch   302] loss: 0.070
[Epoch 4, Batch   402] loss: 0.048
Epoch 4/5:
Train Loss: 0.0096, Train Accuracy: 98.43%
Validation Loss: 0.0482, Validation Accuracy: 98.52%
[Epoch 5, Batch     2] loss: 0.000
[Epoch 5, Batch   102] loss: 0.037
[Epoch 5, Batch   202] loss: 0.042
[Epoch 5, Batch   302] loss: 0.047
[Epoch 5, Batch   402] loss: 0.041
Epoch 5/5:
Train Loss: 0.0066, Train Accuracy: 98.63%
Validation Loss: 0.0562, Validation Accuracy: 98.31%
Model saved to models/resnet18-MNIST-predictive_entropy-balanced_by_score-0.5-2
Modified conv1: updated in_channels to 1.
Modified fc layer: updated out_features to 10.
Initialized untrained model.
resnet18-MNIST-predictive_entropy-balanced_by_score-0.7-2
[Epoch 1, Batch     2] loss: 0.044
[Epoch 1, Batch   102] loss: 0.357
[Epoch 1, Batch   202] loss: 0.186
Epoch 1/5:
Train Loss: 0.0443, Train Accuracy: 92.05%
Validation Loss: 0.3435, Validation Accuracy: 89.45%
[Epoch 2, Batch     2] loss: 0.001
[Epoch 2, Batch   102] loss: 0.115
[Epoch 2, Batch   202] loss: 0.118
Epoch 2/5:
Train Loss: 0.0298, Train Accuracy: 96.57%
Validation Loss: 0.1573, Validation Accuracy: 95.61%
[Epoch 3, Batch     2] loss: 0.002
[Epoch 3, Batch   102] loss: 0.081
[Epoch 3, Batch   202] loss: 0.076
Epoch 3/5:
Train Loss: 0.0214, Train Accuracy: 97.53%
Validation Loss: 0.2667, Validation Accuracy: 92.60%
[Epoch 4, Batch     2] loss: 0.003
[Epoch 4, Batch   102] loss: 0.077
[Epoch 4, Batch   202] loss: 0.064
Epoch 4/5:
Train Loss: 0.0199, Train Accuracy: 97.81%
Validation Loss: 0.0925, Validation Accuracy: 97.26%
[Epoch 5, Batch     2] loss: 0.001
[Epoch 5, Batch   102] loss: 0.047
[Epoch 5, Batch   202] loss: 0.056
Epoch 5/5:
Train Loss: 0.0159, Train Accuracy: 98.33%
Validation Loss: 0.1412, Validation Accuracy: 95.65%
Model saved to models/resnet18-MNIST-predictive_entropy-balanced_by_score-0.7-2
Modified conv1: updated in_channels to 1.
Modified fc layer: updated out_features to 10.
Initialized untrained model.
resnet18-MNIST-predictive_entropy-balanced_by_score-0.8-2
[Epoch 1, Batch     2] loss: 0.043
[Epoch 1, Batch   102] loss: 0.362
Epoch 1/5:
Train Loss: 0.0820, Train Accuracy: 90.52%
Validation Loss: 0.3075, Validation Accuracy: 90.99%
[Epoch 2, Batch     2] loss: 0.004
[Epoch 2, Batch   102] loss: 0.136
Epoch 2/5:
Train Loss: 0.0561, Train Accuracy: 96.08%
Validation Loss: 0.0895, Validation Accuracy: 97.32%
[Epoch 3, Batch     2] loss: 0.001
[Epoch 3, Batch   102] loss: 0.080
Epoch 3/5:
Train Loss: 0.0456, Train Accuracy: 97.26%
Validation Loss: 0.0894, Validation Accuracy: 97.30%
[Epoch 4, Batch     2] loss: 0.001
[Epoch 4, Batch   102] loss: 0.060
Epoch 4/5:
Train Loss: 0.0339, Train Accuracy: 97.98%
Validation Loss: 0.0860, Validation Accuracy: 97.29%
[Epoch 5, Batch     2] loss: 0.000
[Epoch 5, Batch   102] loss: 0.050
Epoch 5/5:
Train Loss: 0.0327, Train Accuracy: 98.19%
Validation Loss: 0.1902, Validation Accuracy: 94.25%
Model saved to models/resnet18-MNIST-predictive_entropy-balanced_by_score-0.8-2
Modified conv1: updated in_channels to 1.
Modified fc layer: updated out_features to 10.
Initialized untrained model.
resnet18-MNIST-predictive_entropy-balanced_by_score-0.9-2
[Epoch 1, Batch     2] loss: 0.044
Epoch 1/5:
Train Loss: 0.3458, Train Accuracy: 87.46%
Validation Loss: 0.3716, Validation Accuracy: 88.77%
[Epoch 2, Batch     2] loss: 0.002
Epoch 2/5:
Train Loss: 0.1442, Train Accuracy: 95.44%
Validation Loss: 0.2114, Validation Accuracy: 93.75%
[Epoch 3, Batch     2] loss: 0.002
Epoch 3/5:
Train Loss: 0.1073, Train Accuracy: 96.53%
Validation Loss: 0.1519, Validation Accuracy: 95.47%
[Epoch 4, Batch     2] loss: 0.000
Epoch 4/5:
Train Loss: 0.0742, Train Accuracy: 97.34%
Validation Loss: 0.2316, Validation Accuracy: 93.38%
[Epoch 5, Batch     2] loss: 0.002
Epoch 5/5:
Train Loss: 0.0831, Train Accuracy: 97.29%
Validation Loss: 0.1131, Validation Accuracy: 96.42%
Model saved to models/resnet18-MNIST-predictive_entropy-balanced_by_score-0.9-2
Modified conv1: updated in_channels to 1.
Modified fc layer: updated out_features to 10.
Initialized untrained model.
resnet18-MNIST-predictive_entropy-balanced_by_score-0.95-2
[Epoch 1, Batch     2] loss: 0.044
Epoch 1/5:
Train Loss: 0.4624, Train Accuracy: 82.57%
Validation Loss: 0.8444, Validation Accuracy: 78.61%
[Epoch 2, Batch     2] loss: 0.005
Epoch 2/5:
Train Loss: 0.1413, Train Accuracy: 94.70%
Validation Loss: 0.2968, Validation Accuracy: 91.09%
[Epoch 3, Batch     2] loss: 0.002
Epoch 3/5:
Train Loss: 0.1041, Train Accuracy: 96.50%
Validation Loss: 0.2259, Validation Accuracy: 93.60%
[Epoch 4, Batch     2] loss: 0.001
Epoch 4/5:
Train Loss: 0.0753, Train Accuracy: 97.57%
Validation Loss: 0.3365, Validation Accuracy: 90.83%
[Epoch 5, Batch     2] loss: 0.002
Epoch 5/5:
Train Loss: 0.0866, Train Accuracy: 96.90%
Validation Loss: 0.2261, Validation Accuracy: 93.45%
Model saved to models/resnet18-MNIST-predictive_entropy-balanced_by_score-0.95-2
Modified conv1: updated in_channels to 1.
Modified fc layer: updated out_features to 10.
Loaded weights from file: models/resnet18_MNIST_2
Modified conv1: updated in_channels to 1.
Modified fc layer: updated out_features to 10.
Initialized untrained model.
resnet18-MNIST-predictive_entropy-top-0.3-2
[Epoch 1, Batch     2] loss: 0.046
[Epoch 1, Batch   102] loss: 0.420
[Epoch 1, Batch   202] loss: 0.212
[Epoch 1, Batch   302] loss: 0.181
[Epoch 1, Batch   402] loss: 0.143
[Epoch 1, Batch   502] loss: 0.145
[Epoch 1, Batch   602] loss: 0.122
Epoch 1/5:
Train Loss: 0.0106, Train Accuracy: 93.85%
Validation Loss: 0.1139, Validation Accuracy: 96.45%
[Epoch 2, Batch     2] loss: 0.002
[Epoch 2, Batch   102] loss: 0.095
[Epoch 2, Batch   202] loss: 0.107
[Epoch 2, Batch   302] loss: 0.094
[Epoch 2, Batch   402] loss: 0.082
[Epoch 2, Batch   502] loss: 0.091
[Epoch 2, Batch   602] loss: 0.088
Epoch 2/5:
Train Loss: 0.0074, Train Accuracy: 97.22%
Validation Loss: 0.0632, Validation Accuracy: 97.91%
[Epoch 3, Batch     2] loss: 0.003
[Epoch 3, Batch   102] loss: 0.082
[Epoch 3, Batch   202] loss: 0.067
[Epoch 3, Batch   302] loss: 0.079
[Epoch 3, Batch   402] loss: 0.064
[Epoch 3, Batch   502] loss: 0.083
[Epoch 3, Batch   602] loss: 0.064
Epoch 3/5:
Train Loss: 0.0048, Train Accuracy: 97.84%
Validation Loss: 0.0364, Validation Accuracy: 98.89%
[Epoch 4, Batch     2] loss: 0.000
[Epoch 4, Batch   102] loss: 0.048
[Epoch 4, Batch   202] loss: 0.072
[Epoch 4, Batch   302] loss: 0.060
[Epoch 4, Batch   402] loss: 0.056
[Epoch 4, Batch   502] loss: 0.071
[Epoch 4, Batch   602] loss: 0.059
Epoch 4/5:
Train Loss: 0.0056, Train Accuracy: 98.11%
Validation Loss: 0.0389, Validation Accuracy: 98.76%
[Epoch 5, Batch     2] loss: 0.001
[Epoch 5, Batch   102] loss: 0.046
[Epoch 5, Batch   202] loss: 0.051
[Epoch 5, Batch   302] loss: 0.065
[Epoch 5, Batch   402] loss: 0.058
[Epoch 5, Batch   502] loss: 0.053
[Epoch 5, Batch   602] loss: 0.060
Epoch 5/5:
Train Loss: 0.0058, Train Accuracy: 98.23%
Validation Loss: 0.0344, Validation Accuracy: 99.03%
Model saved to models/resnet18-MNIST-predictive_entropy-top-0.3-2
Modified conv1: updated in_channels to 1.
Modified fc layer: updated out_features to 10.
Initialized untrained model.
resnet18-MNIST-predictive_entropy-top-0.5-2
[Epoch 1, Batch     2] loss: 0.050
[Epoch 1, Batch   102] loss: 0.482
[Epoch 1, Batch   202] loss: 0.266
[Epoch 1, Batch   302] loss: 0.201
[Epoch 1, Batch   402] loss: 0.167
Epoch 1/5:
Train Loss: 0.0219, Train Accuracy: 91.56%
Validation Loss: 0.0807, Validation Accuracy: 97.55%
[Epoch 2, Batch     2] loss: 0.002
[Epoch 2, Batch   102] loss: 0.136
[Epoch 2, Batch   202] loss: 0.145
[Epoch 2, Batch   302] loss: 0.129
[Epoch 2, Batch   402] loss: 0.111
Epoch 2/5:
Train Loss: 0.0153, Train Accuracy: 96.08%
Validation Loss: 0.0399, Validation Accuracy: 98.79%
[Epoch 3, Batch     2] loss: 0.003
[Epoch 3, Batch   102] loss: 0.090
[Epoch 3, Batch   202] loss: 0.095
[Epoch 3, Batch   302] loss: 0.099
[Epoch 3, Batch   402] loss: 0.097
Epoch 3/5:
Train Loss: 0.0119, Train Accuracy: 97.00%
Validation Loss: 0.0591, Validation Accuracy: 98.13%
[Epoch 4, Batch     2] loss: 0.001
[Epoch 4, Batch   102] loss: 0.072
[Epoch 4, Batch   202] loss: 0.073
[Epoch 4, Batch   302] loss: 0.085
[Epoch 4, Batch   402] loss: 0.087
Epoch 4/5:
Train Loss: 0.0117, Train Accuracy: 97.53%
Validation Loss: 0.0485, Validation Accuracy: 98.58%
[Epoch 5, Batch     2] loss: 0.001
[Epoch 5, Batch   102] loss: 0.063
[Epoch 5, Batch   202] loss: 0.062
[Epoch 5, Batch   302] loss: 0.067
[Epoch 5, Batch   402] loss: 0.074
Epoch 5/5:
Train Loss: 0.0098, Train Accuracy: 97.99%
Validation Loss: 0.0420, Validation Accuracy: 98.88%
Model saved to models/resnet18-MNIST-predictive_entropy-top-0.5-2
Modified conv1: updated in_channels to 1.
Modified fc layer: updated out_features to 10.
Initialized untrained model.
resnet18-MNIST-predictive_entropy-top-0.7-2
[Epoch 1, Batch     2] loss: 0.044
[Epoch 1, Batch   102] loss: 0.536
[Epoch 1, Batch   202] loss: 0.313
Epoch 1/5:
Train Loss: 0.0740, Train Accuracy: 87.72%
Validation Loss: 0.3226, Validation Accuracy: 89.24%
[Epoch 2, Batch     2] loss: 0.004
[Epoch 2, Batch   102] loss: 0.214
[Epoch 2, Batch   202] loss: 0.173
Epoch 2/5:
Train Loss: 0.0513, Train Accuracy: 93.95%
Validation Loss: 0.1687, Validation Accuracy: 94.89%
[Epoch 3, Batch     2] loss: 0.003
[Epoch 3, Batch   102] loss: 0.166
[Epoch 3, Batch   202] loss: 0.143
Epoch 3/5:
Train Loss: 0.0404, Train Accuracy: 95.27%
Validation Loss: 0.2022, Validation Accuracy: 94.03%
[Epoch 4, Batch     2] loss: 0.003
[Epoch 4, Batch   102] loss: 0.109
[Epoch 4, Batch   202] loss: 0.123
Epoch 4/5:
Train Loss: 0.0307, Train Accuracy: 96.39%
Validation Loss: 0.0638, Validation Accuracy: 98.02%
[Epoch 5, Batch     2] loss: 0.002
[Epoch 5, Batch   102] loss: 0.098
[Epoch 5, Batch   202] loss: 0.111
Epoch 5/5:
Train Loss: 0.0268, Train Accuracy: 96.74%
Validation Loss: 0.0582, Validation Accuracy: 98.09%
Model saved to models/resnet18-MNIST-predictive_entropy-top-0.7-2
Modified conv1: updated in_channels to 1.
Modified fc layer: updated out_features to 10.
Initialized untrained model.
resnet18-MNIST-predictive_entropy-top-0.8-2
[Epoch 1, Batch     2] loss: 0.037
[Epoch 1, Batch   102] loss: 0.593
Epoch 1/5:
Train Loss: 0.1677, Train Accuracy: 84.50%
Validation Loss: 0.4902, Validation Accuracy: 83.19%
[Epoch 2, Batch     2] loss: 0.005
[Epoch 2, Batch   102] loss: 0.260
Epoch 2/5:
Train Loss: 0.1107, Train Accuracy: 91.83%
Validation Loss: 0.2593, Validation Accuracy: 91.81%
[Epoch 3, Batch     2] loss: 0.004
[Epoch 3, Batch   102] loss: 0.201
Epoch 3/5:
Train Loss: 0.0878, Train Accuracy: 93.52%
Validation Loss: 0.1728, Validation Accuracy: 94.66%
[Epoch 4, Batch     2] loss: 0.008
[Epoch 4, Batch   102] loss: 0.148
Epoch 4/5:
Train Loss: 0.0736, Train Accuracy: 95.02%
Validation Loss: 0.1706, Validation Accuracy: 94.47%
[Epoch 5, Batch     2] loss: 0.002
[Epoch 5, Batch   102] loss: 0.121
Epoch 5/5:
Train Loss: 0.0608, Train Accuracy: 95.87%
Validation Loss: 0.1177, Validation Accuracy: 95.96%
Model saved to models/resnet18-MNIST-predictive_entropy-top-0.8-2
Modified conv1: updated in_channels to 1.
Modified fc layer: updated out_features to 10.
Initialized untrained model.
resnet18-MNIST-predictive_entropy-top-0.9-2
[Epoch 1, Batch     2] loss: 0.047
Epoch 1/5:
Train Loss: 0.6139, Train Accuracy: 79.35%
Validation Loss: 0.5732, Validation Accuracy: 80.62%
[Epoch 2, Batch     2] loss: 0.008
Epoch 2/5:
Train Loss: 0.3361, Train Accuracy: 89.00%
Validation Loss: 0.4598, Validation Accuracy: 85.21%
[Epoch 3, Batch     2] loss: 0.004
Epoch 3/5:
Train Loss: 0.2555, Train Accuracy: 91.88%
Validation Loss: 0.4781, Validation Accuracy: 82.33%
[Epoch 4, Batch     2] loss: 0.004
Epoch 4/5:
Train Loss: 0.1972, Train Accuracy: 93.27%
Validation Loss: 0.6652, Validation Accuracy: 81.76%
[Epoch 5, Batch     2] loss: 0.002
Epoch 5/5:
Train Loss: 0.1731, Train Accuracy: 93.98%
Validation Loss: 0.4301, Validation Accuracy: 87.46%
Model saved to models/resnet18-MNIST-predictive_entropy-top-0.9-2
Modified conv1: updated in_channels to 1.
Modified fc layer: updated out_features to 10.
Initialized untrained model.
resnet18-MNIST-predictive_entropy-top-0.95-2
[Epoch 1, Batch     2] loss: 0.044
Epoch 1/5:
Train Loss: 0.7589, Train Accuracy: 75.27%
Validation Loss: 1.2113, Validation Accuracy: 57.98%
[Epoch 2, Batch     2] loss: 0.007
Epoch 2/5:
Train Loss: 0.4004, Train Accuracy: 87.00%
Validation Loss: 1.0954, Validation Accuracy: 66.93%
[Epoch 3, Batch     2] loss: 0.007
Epoch 3/5:
Train Loss: 0.2846, Train Accuracy: 90.07%
Validation Loss: 1.4002, Validation Accuracy: 62.35%
[Epoch 4, Batch     2] loss: 0.006
Epoch 4/5:
Train Loss: 0.2161, Train Accuracy: 92.47%
Validation Loss: 0.7298, Validation Accuracy: 74.27%
[Epoch 5, Batch     2] loss: 0.003
Epoch 5/5:
Train Loss: 0.1917, Train Accuracy: 93.27%
Validation Loss: 0.8296, Validation Accuracy: 76.70%
Model saved to models/resnet18-MNIST-predictive_entropy-top-0.95-2
Modified conv1: updated in_channels to 1.
Modified fc layer: updated out_features to 10.
Loaded weights from file: models/resnet18_MNIST_2
Modified conv1: updated in_channels to 1.
Modified fc layer: updated out_features to 10.
Initialized untrained model.
resnet18-MNIST-predictive_entropy-bottom-0.3-2
[Epoch 1, Batch     2] loss: 0.040
[Epoch 1, Batch   102] loss: 0.199
[Epoch 1, Batch   202] loss: 0.078
[Epoch 1, Batch   302] loss: 0.051
[Epoch 1, Batch   402] loss: 0.033
[Epoch 1, Batch   502] loss: 0.051
[Epoch 1, Batch   602] loss: 0.028
Epoch 1/5:
Train Loss: 0.0019, Train Accuracy: 97.70%
Validation Loss: 0.3760, Validation Accuracy: 91.17%
[Epoch 2, Batch     2] loss: 0.000
[Epoch 2, Batch   102] loss: 0.029
[Epoch 2, Batch   202] loss: 0.019
[Epoch 2, Batch   302] loss: 0.021
[Epoch 2, Batch   402] loss: 0.035
[Epoch 2, Batch   502] loss: 0.022
[Epoch 2, Batch   602] loss: 0.020
Epoch 2/5:
Train Loss: 0.0014, Train Accuracy: 99.36%
Validation Loss: 0.2602, Validation Accuracy: 93.16%
[Epoch 3, Batch     2] loss: 0.000
[Epoch 3, Batch   102] loss: 0.010
[Epoch 3, Batch   202] loss: 0.014
[Epoch 3, Batch   302] loss: 0.029
[Epoch 3, Batch   402] loss: 0.011
[Epoch 3, Batch   502] loss: 0.013
[Epoch 3, Batch   602] loss: 0.027
Epoch 3/5:
Train Loss: 0.0010, Train Accuracy: 99.56%
Validation Loss: 0.2267, Validation Accuracy: 93.78%
[Epoch 4, Batch     2] loss: 0.001
[Epoch 4, Batch   102] loss: 0.016
[Epoch 4, Batch   202] loss: 0.013
[Epoch 4, Batch   302] loss: 0.016
[Epoch 4, Batch   402] loss: 0.006
[Epoch 4, Batch   502] loss: 0.021
[Epoch 4, Batch   602] loss: 0.028
Epoch 4/5:
Train Loss: 0.0009, Train Accuracy: 99.55%
Validation Loss: 0.2151, Validation Accuracy: 94.28%
[Epoch 5, Batch     2] loss: 0.000
[Epoch 5, Batch   102] loss: 0.016
[Epoch 5, Batch   202] loss: 0.008
[Epoch 5, Batch   302] loss: 0.011
[Epoch 5, Batch   402] loss: 0.008
[Epoch 5, Batch   502] loss: 0.011
[Epoch 5, Batch   602] loss: 0.015
Epoch 5/5:
Train Loss: 0.0011, Train Accuracy: 99.70%
Validation Loss: 0.2328, Validation Accuracy: 94.11%
Model saved to models/resnet18-MNIST-predictive_entropy-bottom-0.3-2
Modified conv1: updated in_channels to 1.
Modified fc layer: updated out_features to 10.
Initialized untrained model.
resnet18-MNIST-predictive_entropy-bottom-0.5-2
[Epoch 1, Batch     2] loss: 0.040
[Epoch 1, Batch   102] loss: 0.121
[Epoch 1, Batch   202] loss: 0.053
[Epoch 1, Batch   302] loss: 0.030
[Epoch 1, Batch   402] loss: 0.027
Epoch 1/5:
Train Loss: 0.0063, Train Accuracy: 98.11%
Validation Loss: 0.5945, Validation Accuracy: 84.51%
[Epoch 2, Batch     2] loss: 0.000
[Epoch 2, Batch   102] loss: 0.019
[Epoch 2, Batch   202] loss: 0.018
[Epoch 2, Batch   302] loss: 0.011
[Epoch 2, Batch   402] loss: 0.009
Epoch 2/5:
Train Loss: 0.0013, Train Accuracy: 99.63%
Validation Loss: 0.3954, Validation Accuracy: 89.45%
[Epoch 3, Batch     2] loss: 0.000
[Epoch 3, Batch   102] loss: 0.023
[Epoch 3, Batch   202] loss: 0.009
[Epoch 3, Batch   302] loss: 0.010
[Epoch 3, Batch   402] loss: 0.010
Epoch 3/5:
Train Loss: 0.0016, Train Accuracy: 99.67%
Validation Loss: 0.5567, Validation Accuracy: 85.93%
[Epoch 4, Batch     2] loss: 0.000
[Epoch 4, Batch   102] loss: 0.007
[Epoch 4, Batch   202] loss: 0.002
[Epoch 4, Batch   302] loss: 0.011
[Epoch 4, Batch   402] loss: 0.017
Epoch 4/5:
Train Loss: 0.0018, Train Accuracy: 99.75%
Validation Loss: 0.4784, Validation Accuracy: 88.81%
[Epoch 5, Batch     2] loss: 0.000
[Epoch 5, Batch   102] loss: 0.003
[Epoch 5, Batch   202] loss: 0.005
[Epoch 5, Batch   302] loss: 0.009
[Epoch 5, Batch   402] loss: 0.004
Epoch 5/5:
Train Loss: 0.0003, Train Accuracy: 99.87%
Validation Loss: 0.5685, Validation Accuracy: 86.64%
Model saved to models/resnet18-MNIST-predictive_entropy-bottom-0.5-2
Modified conv1: updated in_channels to 1.
Modified fc layer: updated out_features to 10.
Initialized untrained model.
resnet18-MNIST-predictive_entropy-bottom-0.7-2
[Epoch 1, Batch     2] loss: 0.044
[Epoch 1, Batch   102] loss: 0.094
[Epoch 1, Batch   202] loss: 0.030
Epoch 1/5:
Train Loss: 0.0090, Train Accuracy: 98.06%
Validation Loss: 1.1091, Validation Accuracy: 75.54%
[Epoch 2, Batch     2] loss: 0.000
[Epoch 2, Batch   102] loss: 0.017
[Epoch 2, Batch   202] loss: 0.017
Epoch 2/5:
Train Loss: 0.0040, Train Accuracy: 99.59%
Validation Loss: 1.1861, Validation Accuracy: 76.29%
[Epoch 3, Batch     2] loss: 0.000
[Epoch 3, Batch   102] loss: 0.014
[Epoch 3, Batch   202] loss: 0.010
Epoch 3/5:
Train Loss: 0.0054, Train Accuracy: 99.67%
Validation Loss: 1.7817, Validation Accuracy: 70.16%
[Epoch 4, Batch     2] loss: 0.003
[Epoch 4, Batch   102] loss: 0.025
[Epoch 4, Batch   202] loss: 0.010
Epoch 4/5:
Train Loss: 0.0131, Train Accuracy: 99.44%
Validation Loss: 1.3586, Validation Accuracy: 74.44%
[Epoch 5, Batch     2] loss: 0.000
[Epoch 5, Batch   102] loss: 0.023
[Epoch 5, Batch   202] loss: 0.020
Epoch 5/5:
Train Loss: 0.0020, Train Accuracy: 99.52%
Validation Loss: 1.6613, Validation Accuracy: 72.08%
Model saved to models/resnet18-MNIST-predictive_entropy-bottom-0.7-2
Modified conv1: updated in_channels to 1.
Modified fc layer: updated out_features to 10.
Initialized untrained model.
resnet18-MNIST-predictive_entropy-bottom-0.8-2
[Epoch 1, Batch     2] loss: 0.038
[Epoch 1, Batch   102] loss: 0.084
Epoch 1/5:
Train Loss: 0.0117, Train Accuracy: 97.67%
Validation Loss: 1.7991, Validation Accuracy: 62.59%
[Epoch 2, Batch     2] loss: 0.000
[Epoch 2, Batch   102] loss: 0.010
Epoch 2/5:
Train Loss: 0.0023, Train Accuracy: 99.81%
Validation Loss: 1.9701, Validation Accuracy: 65.07%
[Epoch 3, Batch     2] loss: 0.000
[Epoch 3, Batch   102] loss: 0.011
Epoch 3/5:
Train Loss: 0.0041, Train Accuracy: 99.71%
Validation Loss: 1.8815, Validation Accuracy: 57.86%
[Epoch 4, Batch     2] loss: 0.000
[Epoch 4, Batch   102] loss: 0.009
Epoch 4/5:
Train Loss: 0.0057, Train Accuracy: 99.71%
Validation Loss: 1.3335, Validation Accuracy: 71.76%
[Epoch 5, Batch     2] loss: 0.000
[Epoch 5, Batch   102] loss: 0.005
Epoch 5/5:
Train Loss: 0.0040, Train Accuracy: 99.81%
Validation Loss: 1.2102, Validation Accuracy: 72.68%
Model saved to models/resnet18-MNIST-predictive_entropy-bottom-0.8-2
Modified conv1: updated in_channels to 1.
Modified fc layer: updated out_features to 10.
Initialized untrained model.
resnet18-MNIST-predictive_entropy-bottom-0.9-2
[Epoch 1, Batch     2] loss: 0.035
Epoch 1/5:
Train Loss: 0.0424, Train Accuracy: 97.60%
Validation Loss: 2.8027, Validation Accuracy: 50.98%
[Epoch 2, Batch     2] loss: 0.000
Epoch 2/5:
Train Loss: 0.0114, Train Accuracy: 99.68%
Validation Loss: 3.6036, Validation Accuracy: 49.37%
[Epoch 3, Batch     2] loss: 0.000
Epoch 3/5:
Train Loss: 0.0026, Train Accuracy: 99.93%
Validation Loss: 3.6484, Validation Accuracy: 51.03%
[Epoch 4, Batch     2] loss: 0.000
Epoch 4/5:
Train Loss: 0.0226, Train Accuracy: 99.37%
Validation Loss: 2.9773, Validation Accuracy: 44.88%
[Epoch 5, Batch     2] loss: 0.001
Epoch 5/5:
Train Loss: 0.0077, Train Accuracy: 99.80%
Validation Loss: 3.0194, Validation Accuracy: 50.77%
Model saved to models/resnet18-MNIST-predictive_entropy-bottom-0.9-2
Modified conv1: updated in_channels to 1.
Modified fc layer: updated out_features to 10.
Initialized untrained model.
resnet18-MNIST-predictive_entropy-bottom-0.95-2
[Epoch 1, Batch     2] loss: 0.033
Epoch 1/5:
Train Loss: 0.0376, Train Accuracy: 96.83%
Validation Loss: 5.9720, Validation Accuracy: 26.14%
[Epoch 2, Batch     2] loss: 0.001
Epoch 2/5:
Train Loss: 0.0142, Train Accuracy: 99.70%
Validation Loss: 5.4646, Validation Accuracy: 25.64%
[Epoch 3, Batch     2] loss: 0.000
Epoch 3/5:
Train Loss: 0.0139, Train Accuracy: 99.67%
Validation Loss: 3.1695, Validation Accuracy: 29.14%
[Epoch 4, Batch     2] loss: 0.000
Epoch 4/5:
Train Loss: 0.0048, Train Accuracy: 99.87%
Validation Loss: 4.3657, Validation Accuracy: 27.51%
[Epoch 5, Batch     2] loss: 0.000
Epoch 5/5:
Train Loss: 0.0106, Train Accuracy: 99.77%
Validation Loss: 4.0697, Validation Accuracy: 30.37%
Model saved to models/resnet18-MNIST-predictive_entropy-bottom-0.95-2
Modified conv1: updated in_channels to 1.
Modified fc layer: updated out_features to 10.
Initialized untrained model.
[Epoch 1, Batch     2] loss: 0.043
[Epoch 1, Batch   102] loss: 0.334
[Epoch 1, Batch   202] loss: 0.168
[Epoch 1, Batch   302] loss: 0.130
[Epoch 1, Batch   402] loss: 0.120
[Epoch 1, Batch   502] loss: 0.100
[Epoch 1, Batch   602] loss: 0.106
[Epoch 1, Batch   702] loss: 0.097
[Epoch 1, Batch   802] loss: 0.091
[Epoch 1, Batch   902] loss: 0.086
Epoch 1/5:
Train Loss: 0.0029, Train Accuracy: 95.77%
Validation Loss: 0.0517, Validation Accuracy: 98.32%
[Epoch 2, Batch     2] loss: 0.001
[Epoch 2, Batch   102] loss: 0.065
[Epoch 2, Batch   202] loss: 0.058
[Epoch 2, Batch   302] loss: 0.072
[Epoch 2, Batch   402] loss: 0.068
[Epoch 2, Batch   502] loss: 0.069
[Epoch 2, Batch   602] loss: 0.070
[Epoch 2, Batch   702] loss: 0.065
[Epoch 2, Batch   802] loss: 0.063
[Epoch 2, Batch   902] loss: 0.064
Epoch 2/5:
Train Loss: 0.0021, Train Accuracy: 98.02%
Validation Loss: 0.0583, Validation Accuracy: 98.23%
[Epoch 3, Batch     2] loss: 0.001
[Epoch 3, Batch   102] loss: 0.052
[Epoch 3, Batch   202] loss: 0.053
[Epoch 3, Batch   302] loss: 0.039
[Epoch 3, Batch   402] loss: 0.056
[Epoch 3, Batch   502] loss: 0.056
[Epoch 3, Batch   602] loss: 0.059
[Epoch 3, Batch   702] loss: 0.059
[Epoch 3, Batch   802] loss: 0.056
[Epoch 3, Batch   902] loss: 0.063
Epoch 3/5:
Train Loss: 0.0019, Train Accuracy: 98.36%
Validation Loss: 0.0476, Validation Accuracy: 98.53%
[Epoch 4, Batch     2] loss: 0.001
[Epoch 4, Batch   102] loss: 0.040
[Epoch 4, Batch   202] loss: 0.048
[Epoch 4, Batch   302] loss: 0.046
[Epoch 4, Batch   402] loss: 0.047
[Epoch 4, Batch   502] loss: 0.056
[Epoch 4, Batch   602] loss: 0.047
[Epoch 4, Batch   702] loss: 0.043
[Epoch 4, Batch   802] loss: 0.049
[Epoch 4, Batch   902] loss: 0.053
Epoch 4/5:
Train Loss: 0.0017, Train Accuracy: 98.53%
Validation Loss: 0.0501, Validation Accuracy: 98.38%
[Epoch 5, Batch     2] loss: 0.001
[Epoch 5, Batch   102] loss: 0.034
[Epoch 5, Batch   202] loss: 0.040
[Epoch 5, Batch   302] loss: 0.044
[Epoch 5, Batch   402] loss: 0.045
[Epoch 5, Batch   502] loss: 0.040
[Epoch 5, Batch   602] loss: 0.045
[Epoch 5, Batch   702] loss: 0.040
[Epoch 5, Batch   802] loss: 0.055
[Epoch 5, Batch   902] loss: 0.041
Epoch 5/5:
Train Loss: 0.0015, Train Accuracy: 98.72%
Validation Loss: 0.0336, Validation Accuracy: 99.03%
Model saved to models/resnet18_MNIST_3
Modified conv1: updated in_channels to 1.
Modified fc layer: updated out_features to 10.
Loaded weights from file: models/resnet18_MNIST_3
Modified conv1: updated in_channels to 1.
Modified fc layer: updated out_features to 10.
Initialized untrained model.
resnet18-MNIST-random-0.3-3
[Epoch 1, Batch     2] loss: 0.041
[Epoch 1, Batch   102] loss: 0.335
[Epoch 1, Batch   202] loss: 0.169
[Epoch 1, Batch   302] loss: 0.157
[Epoch 1, Batch   402] loss: 0.134
[Epoch 1, Batch   502] loss: 0.123
[Epoch 1, Batch   602] loss: 0.105
Epoch 1/5:
Train Loss: 0.0073, Train Accuracy: 94.84%
Validation Loss: 0.0812, Validation Accuracy: 97.28%
[Epoch 2, Batch     2] loss: 0.003
[Epoch 2, Batch   102] loss: 0.067
[Epoch 2, Batch   202] loss: 0.083
[Epoch 2, Batch   302] loss: 0.069
[Epoch 2, Batch   402] loss: 0.098
[Epoch 2, Batch   502] loss: 0.074
[Epoch 2, Batch   602] loss: 0.067
Epoch 2/5:
Train Loss: 0.0052, Train Accuracy: 97.71%
Validation Loss: 0.0516, Validation Accuracy: 98.50%
[Epoch 3, Batch     2] loss: 0.001
[Epoch 3, Batch   102] loss: 0.065
[Epoch 3, Batch   202] loss: 0.052
[Epoch 3, Batch   302] loss: 0.055
[Epoch 3, Batch   402] loss: 0.069
[Epoch 3, Batch   502] loss: 0.058
[Epoch 3, Batch   602] loss: 0.066
Epoch 3/5:
Train Loss: 0.0053, Train Accuracy: 98.15%
Validation Loss: 0.0518, Validation Accuracy: 98.38%
[Epoch 4, Batch     2] loss: 0.001
[Epoch 4, Batch   102] loss: 0.051
[Epoch 4, Batch   202] loss: 0.048
[Epoch 4, Batch   302] loss: 0.046
[Epoch 4, Batch   402] loss: 0.053
[Epoch 4, Batch   502] loss: 0.047
[Epoch 4, Batch   602] loss: 0.056
Epoch 4/5:
Train Loss: 0.0053, Train Accuracy: 98.51%
Validation Loss: 0.0611, Validation Accuracy: 98.10%
[Epoch 5, Batch     2] loss: 0.001
[Epoch 5, Batch   102] loss: 0.045
[Epoch 5, Batch   202] loss: 0.040
[Epoch 5, Batch   302] loss: 0.044
[Epoch 5, Batch   402] loss: 0.048
[Epoch 5, Batch   502] loss: 0.053
[Epoch 5, Batch   602] loss: 0.049
Epoch 5/5:
Train Loss: 0.0038, Train Accuracy: 98.56%
Validation Loss: 0.0384, Validation Accuracy: 98.74%
Model saved to models/resnet18-MNIST-random-0.3-3
Modified conv1: updated in_channels to 1.
Modified fc layer: updated out_features to 10.
Initialized untrained model.
resnet18-MNIST-random-0.5-3
[Epoch 1, Batch     2] loss: 0.041
[Epoch 1, Batch   102] loss: 0.350
[Epoch 1, Batch   202] loss: 0.173
[Epoch 1, Batch   302] loss: 0.142
[Epoch 1, Batch   402] loss: 0.117
Epoch 1/5:
Train Loss: 0.0174, Train Accuracy: 94.07%
Validation Loss: 0.1000, Validation Accuracy: 96.70%
[Epoch 2, Batch     2] loss: 0.001
[Epoch 2, Batch   102] loss: 0.095
[Epoch 2, Batch   202] loss: 0.085
[Epoch 2, Batch   302] loss: 0.082
[Epoch 2, Batch   402] loss: 0.083
Epoch 2/5:
Train Loss: 0.0107, Train Accuracy: 97.38%
Validation Loss: 0.0608, Validation Accuracy: 98.14%
[Epoch 3, Batch     2] loss: 0.001
[Epoch 3, Batch   102] loss: 0.068
[Epoch 3, Batch   202] loss: 0.064
[Epoch 3, Batch   302] loss: 0.059
[Epoch 3, Batch   402] loss: 0.091
Epoch 3/5:
Train Loss: 0.0098, Train Accuracy: 98.01%
Validation Loss: 0.0562, Validation Accuracy: 98.23%
[Epoch 4, Batch     2] loss: 0.000
[Epoch 4, Batch   102] loss: 0.062
[Epoch 4, Batch   202] loss: 0.053
[Epoch 4, Batch   302] loss: 0.048
[Epoch 4, Batch   402] loss: 0.051
Epoch 4/5:
Train Loss: 0.0090, Train Accuracy: 98.40%
Validation Loss: 0.0598, Validation Accuracy: 98.16%
[Epoch 5, Batch     2] loss: 0.001
[Epoch 5, Batch   102] loss: 0.040
[Epoch 5, Batch   202] loss: 0.048
[Epoch 5, Batch   302] loss: 0.054
[Epoch 5, Batch   402] loss: 0.040
Epoch 5/5:
Train Loss: 0.0074, Train Accuracy: 98.60%
Validation Loss: 0.0579, Validation Accuracy: 98.20%
Model saved to models/resnet18-MNIST-random-0.5-3
Modified conv1: updated in_channels to 1.
Modified fc layer: updated out_features to 10.
Initialized untrained model.
resnet18-MNIST-random-0.7-3
[Epoch 1, Batch     2] loss: 0.042
[Epoch 1, Batch   102] loss: 0.343
[Epoch 1, Batch   202] loss: 0.174
Epoch 1/5:
Train Loss: 0.0448, Train Accuracy: 92.49%
Validation Loss: 0.1652, Validation Accuracy: 94.80%
[Epoch 2, Batch     2] loss: 0.002
[Epoch 2, Batch   102] loss: 0.099
[Epoch 2, Batch   202] loss: 0.107
Epoch 2/5:
Train Loss: 0.0314, Train Accuracy: 96.77%
Validation Loss: 0.0869, Validation Accuracy: 97.32%
[Epoch 3, Batch     2] loss: 0.002
[Epoch 3, Batch   102] loss: 0.077
[Epoch 3, Batch   202] loss: 0.068
Epoch 3/5:
Train Loss: 0.0231, Train Accuracy: 97.71%
Validation Loss: 0.0646, Validation Accuracy: 97.97%
[Epoch 4, Batch     2] loss: 0.000
[Epoch 4, Batch   102] loss: 0.061
[Epoch 4, Batch   202] loss: 0.058
Epoch 4/5:
Train Loss: 0.0168, Train Accuracy: 98.26%
Validation Loss: 0.0691, Validation Accuracy: 97.91%
[Epoch 5, Batch     2] loss: 0.001
[Epoch 5, Batch   102] loss: 0.052
[Epoch 5, Batch   202] loss: 0.054
Epoch 5/5:
Train Loss: 0.0137, Train Accuracy: 98.43%
Validation Loss: 0.0958, Validation Accuracy: 97.24%
Model saved to models/resnet18-MNIST-random-0.7-3
Modified conv1: updated in_channels to 1.
Modified fc layer: updated out_features to 10.
Initialized untrained model.
resnet18-MNIST-random-0.8-3
[Epoch 1, Batch     2] loss: 0.042
[Epoch 1, Batch   102] loss: 0.353
Epoch 1/5:
Train Loss: 0.0841, Train Accuracy: 90.85%
Validation Loss: 0.2463, Validation Accuracy: 92.67%
[Epoch 2, Batch     2] loss: 0.002
[Epoch 2, Batch   102] loss: 0.109
Epoch 2/5:
Train Loss: 0.0526, Train Accuracy: 96.59%
Validation Loss: 0.1390, Validation Accuracy: 95.82%
[Epoch 3, Batch     2] loss: 0.001
[Epoch 3, Batch   102] loss: 0.092
Epoch 3/5:
Train Loss: 0.0439, Train Accuracy: 97.12%
Validation Loss: 0.1417, Validation Accuracy: 95.37%
[Epoch 4, Batch     2] loss: 0.001
[Epoch 4, Batch   102] loss: 0.063
Epoch 4/5:
Train Loss: 0.0344, Train Accuracy: 97.85%
Validation Loss: 0.1184, Validation Accuracy: 96.45%
[Epoch 5, Batch     2] loss: 0.002
[Epoch 5, Batch   102] loss: 0.053
Epoch 5/5:
Train Loss: 0.0343, Train Accuracy: 97.93%
Validation Loss: 0.1269, Validation Accuracy: 96.29%
Model saved to models/resnet18-MNIST-random-0.8-3
Modified conv1: updated in_channels to 1.
Modified fc layer: updated out_features to 10.
Initialized untrained model.
resnet18-MNIST-random-0.9-3
[Epoch 1, Batch     2] loss: 0.043
Epoch 1/5:
Train Loss: 0.3417, Train Accuracy: 87.21%
Validation Loss: 0.1959, Validation Accuracy: 94.08%
[Epoch 2, Batch     2] loss: 0.003
Epoch 2/5:
Train Loss: 0.1230, Train Accuracy: 96.05%
Validation Loss: 0.3261, Validation Accuracy: 90.02%
[Epoch 3, Batch     2] loss: 0.002
Epoch 3/5:
Train Loss: 0.0928, Train Accuracy: 97.13%
Validation Loss: 0.1807, Validation Accuracy: 94.52%
[Epoch 4, Batch     2] loss: 0.002
Epoch 4/5:
Train Loss: 0.0770, Train Accuracy: 97.50%
Validation Loss: 0.1667, Validation Accuracy: 95.05%
[Epoch 5, Batch     2] loss: 0.001
Epoch 5/5:
Train Loss: 0.0619, Train Accuracy: 98.07%
Validation Loss: 0.1981, Validation Accuracy: 93.75%
Model saved to models/resnet18-MNIST-random-0.9-3
Modified conv1: updated in_channels to 1.
Modified fc layer: updated out_features to 10.
Initialized untrained model.
resnet18-MNIST-random-0.95-3
[Epoch 1, Batch     2] loss: 0.045
Epoch 1/5:
Train Loss: 0.4533, Train Accuracy: 82.40%
Validation Loss: 0.5388, Validation Accuracy: 83.71%
[Epoch 2, Batch     2] loss: 0.005
Epoch 2/5:
Train Loss: 0.1573, Train Accuracy: 94.70%
Validation Loss: 0.2643, Validation Accuracy: 91.95%
[Epoch 3, Batch     2] loss: 0.002
Epoch 3/5:
Train Loss: 0.0819, Train Accuracy: 97.03%
Validation Loss: 0.2117, Validation Accuracy: 94.47%
[Epoch 4, Batch     2] loss: 0.001
Epoch 4/5:
Train Loss: 0.1032, Train Accuracy: 96.83%
Validation Loss: 0.3712, Validation Accuracy: 89.53%
[Epoch 5, Batch     2] loss: 0.003
Epoch 5/5:
Train Loss: 0.0794, Train Accuracy: 97.23%
Validation Loss: 0.2046, Validation Accuracy: 93.99%
Model saved to models/resnet18-MNIST-random-0.95-3
Modified conv1: updated in_channels to 1.
Modified fc layer: updated out_features to 10.
Loaded weights from file: models/resnet18_MNIST_3
Modified conv1: updated in_channels to 1.
Modified fc layer: updated out_features to 10.
Initialized untrained model.
resnet18-MNIST-predictive_entropy-balanced_by_score-0.3-3
[Epoch 1, Batch     2] loss: 0.044
[Epoch 1, Batch   102] loss: 0.343
[Epoch 1, Batch   202] loss: 0.169
[Epoch 1, Batch   302] loss: 0.126
[Epoch 1, Batch   402] loss: 0.133
[Epoch 1, Batch   502] loss: 0.111
[Epoch 1, Batch   602] loss: 0.099
Epoch 1/5:
Train Loss: 0.0089, Train Accuracy: 94.96%
Validation Loss: 0.1136, Validation Accuracy: 96.76%
[Epoch 2, Batch     2] loss: 0.002
[Epoch 2, Batch   102] loss: 0.074
[Epoch 2, Batch   202] loss: 0.091
[Epoch 2, Batch   302] loss: 0.078
[Epoch 2, Batch   402] loss: 0.075
[Epoch 2, Batch   502] loss: 0.073
[Epoch 2, Batch   602] loss: 0.076
Epoch 2/5:
Train Loss: 0.0058, Train Accuracy: 97.68%
Validation Loss: 0.0506, Validation Accuracy: 98.26%
[Epoch 3, Batch     2] loss: 0.000
[Epoch 3, Batch   102] loss: 0.060
[Epoch 3, Batch   202] loss: 0.054
[Epoch 3, Batch   302] loss: 0.056
[Epoch 3, Batch   402] loss: 0.058
[Epoch 3, Batch   502] loss: 0.046
[Epoch 3, Batch   602] loss: 0.073
Epoch 3/5:
Train Loss: 0.0041, Train Accuracy: 98.31%
Validation Loss: 0.0762, Validation Accuracy: 97.63%
[Epoch 4, Batch     2] loss: 0.002
[Epoch 4, Batch   102] loss: 0.059
[Epoch 4, Batch   202] loss: 0.036
[Epoch 4, Batch   302] loss: 0.057
[Epoch 4, Batch   402] loss: 0.050
[Epoch 4, Batch   502] loss: 0.060
[Epoch 4, Batch   602] loss: 0.043
Epoch 4/5:
Train Loss: 0.0049, Train Accuracy: 98.45%
Validation Loss: 0.0551, Validation Accuracy: 98.28%
[Epoch 5, Batch     2] loss: 0.000
[Epoch 5, Batch   102] loss: 0.052
[Epoch 5, Batch   202] loss: 0.041
[Epoch 5, Batch   302] loss: 0.047
[Epoch 5, Batch   402] loss: 0.033
[Epoch 5, Batch   502] loss: 0.043
[Epoch 5, Batch   602] loss: 0.053
Epoch 5/5:
Train Loss: 0.0025, Train Accuracy: 98.68%
Validation Loss: 0.0702, Validation Accuracy: 97.92%
Model saved to models/resnet18-MNIST-predictive_entropy-balanced_by_score-0.3-3
Modified conv1: updated in_channels to 1.
Modified fc layer: updated out_features to 10.
Initialized untrained model.
resnet18-MNIST-predictive_entropy-balanced_by_score-0.5-3
[Epoch 1, Batch     2] loss: 0.047
[Epoch 1, Batch   102] loss: 0.347
[Epoch 1, Batch   202] loss: 0.193
[Epoch 1, Batch   302] loss: 0.145
[Epoch 1, Batch   402] loss: 0.111
Epoch 1/5:
Train Loss: 0.0161, Train Accuracy: 93.89%
Validation Loss: 0.1935, Validation Accuracy: 93.86%
[Epoch 2, Batch     2] loss: 0.002
[Epoch 2, Batch   102] loss: 0.096
[Epoch 2, Batch   202] loss: 0.077
[Epoch 2, Batch   302] loss: 0.088
[Epoch 2, Batch   402] loss: 0.069
Epoch 2/5:
Train Loss: 0.0127, Train Accuracy: 97.51%
Validation Loss: 0.0772, Validation Accuracy: 97.69%
[Epoch 3, Batch     2] loss: 0.000
[Epoch 3, Batch   102] loss: 0.065
[Epoch 3, Batch   202] loss: 0.074
[Epoch 3, Batch   302] loss: 0.066
[Epoch 3, Batch   402] loss: 0.057
Epoch 3/5:
Train Loss: 0.0102, Train Accuracy: 98.06%
Validation Loss: 0.0689, Validation Accuracy: 97.78%
[Epoch 4, Batch     2] loss: 0.001
[Epoch 4, Batch   102] loss: 0.043
[Epoch 4, Batch   202] loss: 0.059
[Epoch 4, Batch   302] loss: 0.048
[Epoch 4, Batch   402] loss: 0.062
Epoch 4/5:
Train Loss: 0.0053, Train Accuracy: 98.44%
Validation Loss: 0.0588, Validation Accuracy: 98.32%
[Epoch 5, Batch     2] loss: 0.001
[Epoch 5, Batch   102] loss: 0.045
[Epoch 5, Batch   202] loss: 0.046
[Epoch 5, Batch   302] loss: 0.051
[Epoch 5, Batch   402] loss: 0.053
Epoch 5/5:
Train Loss: 0.0057, Train Accuracy: 98.64%
Validation Loss: 0.0728, Validation Accuracy: 97.71%
Model saved to models/resnet18-MNIST-predictive_entropy-balanced_by_score-0.5-3
Modified conv1: updated in_channels to 1.
Modified fc layer: updated out_features to 10.
Initialized untrained model.
resnet18-MNIST-predictive_entropy-balanced_by_score-0.7-3
[Epoch 1, Batch     2] loss: 0.043
[Epoch 1, Batch   102] loss: 0.336
[Epoch 1, Batch   202] loss: 0.182
Epoch 1/5:
Train Loss: 0.0430, Train Accuracy: 92.55%
Validation Loss: 0.3157, Validation Accuracy: 90.96%
[Epoch 2, Batch     2] loss: 0.005
[Epoch 2, Batch   102] loss: 0.110
[Epoch 2, Batch   202] loss: 0.092
Epoch 2/5:
Train Loss: 0.0297, Train Accuracy: 96.96%
Validation Loss: 0.0995, Validation Accuracy: 96.90%
[Epoch 3, Batch     2] loss: 0.002
[Epoch 3, Batch   102] loss: 0.077
[Epoch 3, Batch   202] loss: 0.081
Epoch 3/5:
Train Loss: 0.0188, Train Accuracy: 97.69%
Validation Loss: 0.0761, Validation Accuracy: 97.65%
[Epoch 4, Batch     2] loss: 0.002
[Epoch 4, Batch   102] loss: 0.052
[Epoch 4, Batch   202] loss: 0.073
Epoch 4/5:
Train Loss: 0.0166, Train Accuracy: 98.21%
Validation Loss: 0.0870, Validation Accuracy: 97.40%
[Epoch 5, Batch     2] loss: 0.000
[Epoch 5, Batch   102] loss: 0.051
[Epoch 5, Batch   202] loss: 0.039
Epoch 5/5:
Train Loss: 0.0158, Train Accuracy: 98.48%
Validation Loss: 0.1101, Validation Accuracy: 96.77%
Model saved to models/resnet18-MNIST-predictive_entropy-balanced_by_score-0.7-3
Modified conv1: updated in_channels to 1.
Modified fc layer: updated out_features to 10.
Initialized untrained model.
resnet18-MNIST-predictive_entropy-balanced_by_score-0.8-3
[Epoch 1, Batch     2] loss: 0.041
[Epoch 1, Batch   102] loss: 0.344
Epoch 1/5:
Train Loss: 0.0837, Train Accuracy: 90.63%
Validation Loss: 0.1569, Validation Accuracy: 95.08%
[Epoch 2, Batch     2] loss: 0.004
[Epoch 2, Batch   102] loss: 0.128
Epoch 2/5:
Train Loss: 0.0478, Train Accuracy: 96.29%
Validation Loss: 0.1511, Validation Accuracy: 95.58%
[Epoch 3, Batch     2] loss: 0.000
[Epoch 3, Batch   102] loss: 0.086
Epoch 3/5:
Train Loss: 0.0350, Train Accuracy: 97.39%
Validation Loss: 0.0829, Validation Accuracy: 97.46%
[Epoch 4, Batch     2] loss: 0.001
[Epoch 4, Batch   102] loss: 0.061
Epoch 4/5:
Train Loss: 0.0263, Train Accuracy: 97.96%
Validation Loss: 0.1373, Validation Accuracy: 95.81%
[Epoch 5, Batch     2] loss: 0.001
[Epoch 5, Batch   102] loss: 0.058
Epoch 5/5:
Train Loss: 0.0263, Train Accuracy: 98.10%
Validation Loss: 0.0996, Validation Accuracy: 96.97%
Model saved to models/resnet18-MNIST-predictive_entropy-balanced_by_score-0.8-3
Modified conv1: updated in_channels to 1.
Modified fc layer: updated out_features to 10.
Initialized untrained model.
resnet18-MNIST-predictive_entropy-balanced_by_score-0.9-3
[Epoch 1, Batch     2] loss: 0.042
Epoch 1/5:
Train Loss: 0.3501, Train Accuracy: 87.41%
Validation Loss: 0.4216, Validation Accuracy: 86.84%
[Epoch 2, Batch     2] loss: 0.003
Epoch 2/5:
Train Loss: 0.1764, Train Accuracy: 94.66%
Validation Loss: 0.1765, Validation Accuracy: 94.65%
[Epoch 3, Batch     2] loss: 0.002
Epoch 3/5:
Train Loss: 0.1458, Train Accuracy: 95.59%
Validation Loss: 0.1679, Validation Accuracy: 94.88%
[Epoch 4, Batch     2] loss: 0.002
Epoch 4/5:
Train Loss: 0.0708, Train Accuracy: 97.80%
Validation Loss: 0.1491, Validation Accuracy: 95.39%
[Epoch 5, Batch     2] loss: 0.001
Epoch 5/5:
Train Loss: 0.0690, Train Accuracy: 97.85%
Validation Loss: 0.1602, Validation Accuracy: 95.55%
Model saved to models/resnet18-MNIST-predictive_entropy-balanced_by_score-0.9-3
Modified conv1: updated in_channels to 1.
Modified fc layer: updated out_features to 10.
Initialized untrained model.
resnet18-MNIST-predictive_entropy-balanced_by_score-0.95-3
[Epoch 1, Batch     2] loss: 0.044
Epoch 1/5:
Train Loss: 0.4433, Train Accuracy: 83.47%
Validation Loss: 0.3799, Validation Accuracy: 88.96%
[Epoch 2, Batch     2] loss: 0.005
Epoch 2/5:
Train Loss: 0.2060, Train Accuracy: 93.77%
Validation Loss: 0.2266, Validation Accuracy: 93.46%
[Epoch 3, Batch     2] loss: 0.002
Epoch 3/5:
Train Loss: 0.1153, Train Accuracy: 96.57%
Validation Loss: 0.2005, Validation Accuracy: 93.98%
[Epoch 4, Batch     2] loss: 0.001
Epoch 4/5:
Train Loss: 0.1068, Train Accuracy: 96.47%
Validation Loss: 0.3405, Validation Accuracy: 90.90%
[Epoch 5, Batch     2] loss: 0.001
Epoch 5/5:
Train Loss: 0.0982, Train Accuracy: 96.67%
Validation Loss: 0.2054, Validation Accuracy: 94.22%
Model saved to models/resnet18-MNIST-predictive_entropy-balanced_by_score-0.95-3
Modified conv1: updated in_channels to 1.
Modified fc layer: updated out_features to 10.
Loaded weights from file: models/resnet18_MNIST_3
Modified conv1: updated in_channels to 1.
Modified fc layer: updated out_features to 10.
Initialized untrained model.
resnet18-MNIST-predictive_entropy-top-0.3-3
[Epoch 1, Batch     2] loss: 0.041
[Epoch 1, Batch   102] loss: 0.419
[Epoch 1, Batch   202] loss: 0.203
[Epoch 1, Batch   302] loss: 0.171
[Epoch 1, Batch   402] loss: 0.156
[Epoch 1, Batch   502] loss: 0.134
[Epoch 1, Batch   602] loss: 0.131
Epoch 1/5:
Train Loss: 0.0090, Train Accuracy: 93.72%
Validation Loss: 0.0806, Validation Accuracy: 97.22%
[Epoch 2, Batch     2] loss: 0.002
[Epoch 2, Batch   102] loss: 0.110
[Epoch 2, Batch   202] loss: 0.089
[Epoch 2, Batch   302] loss: 0.089
[Epoch 2, Batch   402] loss: 0.082
[Epoch 2, Batch   502] loss: 0.087
[Epoch 2, Batch   602] loss: 0.083
Epoch 2/5:
Train Loss: 0.0079, Train Accuracy: 97.20%
Validation Loss: 0.0405, Validation Accuracy: 98.76%
[Epoch 3, Batch     2] loss: 0.002
[Epoch 3, Batch   102] loss: 0.074
[Epoch 3, Batch   202] loss: 0.061
[Epoch 3, Batch   302] loss: 0.066
[Epoch 3, Batch   402] loss: 0.068
[Epoch 3, Batch   502] loss: 0.071
[Epoch 3, Batch   602] loss: 0.059
Epoch 3/5:
Train Loss: 0.0062, Train Accuracy: 97.88%
Validation Loss: 0.0417, Validation Accuracy: 98.68%
[Epoch 4, Batch     2] loss: 0.001
[Epoch 4, Batch   102] loss: 0.060
[Epoch 4, Batch   202] loss: 0.055
[Epoch 4, Batch   302] loss: 0.063
[Epoch 4, Batch   402] loss: 0.052
[Epoch 4, Batch   502] loss: 0.060
[Epoch 4, Batch   602] loss: 0.080
Epoch 4/5:
Train Loss: 0.0057, Train Accuracy: 98.06%
Validation Loss: 0.0439, Validation Accuracy: 98.60%
[Epoch 5, Batch     2] loss: 0.001
[Epoch 5, Batch   102] loss: 0.041
[Epoch 5, Batch   202] loss: 0.052
[Epoch 5, Batch   302] loss: 0.047
[Epoch 5, Batch   402] loss: 0.057
[Epoch 5, Batch   502] loss: 0.061
[Epoch 5, Batch   602] loss: 0.057
Epoch 5/5:
Train Loss: 0.0047, Train Accuracy: 98.47%
Validation Loss: 0.0441, Validation Accuracy: 98.64%
Model saved to models/resnet18-MNIST-predictive_entropy-top-0.3-3
Modified conv1: updated in_channels to 1.
Modified fc layer: updated out_features to 10.
Initialized untrained model.
resnet18-MNIST-predictive_entropy-top-0.5-3
[Epoch 1, Batch     2] loss: 0.040
[Epoch 1, Batch   102] loss: 0.480
[Epoch 1, Batch   202] loss: 0.252
[Epoch 1, Batch   302] loss: 0.218
[Epoch 1, Batch   402] loss: 0.194
Epoch 1/5:
Train Loss: 0.0241, Train Accuracy: 91.14%
Validation Loss: 0.1263, Validation Accuracy: 95.94%
[Epoch 2, Batch     2] loss: 0.002
[Epoch 2, Batch   102] loss: 0.130
[Epoch 2, Batch   202] loss: 0.106
[Epoch 2, Batch   302] loss: 0.135
[Epoch 2, Batch   402] loss: 0.116
Epoch 2/5:
Train Loss: 0.0164, Train Accuracy: 96.23%
Validation Loss: 0.0931, Validation Accuracy: 96.92%
[Epoch 3, Batch     2] loss: 0.002
[Epoch 3, Batch   102] loss: 0.089
[Epoch 3, Batch   202] loss: 0.084
[Epoch 3, Batch   302] loss: 0.106
[Epoch 3, Batch   402] loss: 0.091
Epoch 3/5:
Train Loss: 0.0114, Train Accuracy: 97.05%
Validation Loss: 0.0557, Validation Accuracy: 98.25%
[Epoch 4, Batch     2] loss: 0.001
[Epoch 4, Batch   102] loss: 0.073
[Epoch 4, Batch   202] loss: 0.077
[Epoch 4, Batch   302] loss: 0.071
[Epoch 4, Batch   402] loss: 0.076
Epoch 4/5:
Train Loss: 0.0138, Train Accuracy: 97.54%
Validation Loss: 0.0881, Validation Accuracy: 97.48%
[Epoch 5, Batch     2] loss: 0.001
[Epoch 5, Batch   102] loss: 0.060
[Epoch 5, Batch   202] loss: 0.068
[Epoch 5, Batch   302] loss: 0.062
[Epoch 5, Batch   402] loss: 0.069
Epoch 5/5:
Train Loss: 0.0099, Train Accuracy: 97.94%
Validation Loss: 0.0402, Validation Accuracy: 98.84%
Model saved to models/resnet18-MNIST-predictive_entropy-top-0.5-3
Modified conv1: updated in_channels to 1.
Modified fc layer: updated out_features to 10.
Initialized untrained model.
resnet18-MNIST-predictive_entropy-top-0.7-3
[Epoch 1, Batch     2] loss: 0.045
[Epoch 1, Batch   102] loss: 0.564
[Epoch 1, Batch   202] loss: 0.340
Epoch 1/5:
Train Loss: 0.0769, Train Accuracy: 86.66%
Validation Loss: 0.1254, Validation Accuracy: 96.09%
[Epoch 2, Batch     2] loss: 0.004
[Epoch 2, Batch   102] loss: 0.206
[Epoch 2, Batch   202] loss: 0.198
Epoch 2/5:
Train Loss: 0.0520, Train Accuracy: 93.56%
Validation Loss: 0.1108, Validation Accuracy: 96.60%
[Epoch 3, Batch     2] loss: 0.004
[Epoch 3, Batch   102] loss: 0.132
[Epoch 3, Batch   202] loss: 0.140
Epoch 3/5:
Train Loss: 0.0481, Train Accuracy: 95.27%
Validation Loss: 0.0479, Validation Accuracy: 98.52%
[Epoch 4, Batch     2] loss: 0.002
[Epoch 4, Batch   102] loss: 0.095
[Epoch 4, Batch   202] loss: 0.118
Epoch 4/5:
Train Loss: 0.0316, Train Accuracy: 96.49%
Validation Loss: 0.0793, Validation Accuracy: 97.69%
[Epoch 5, Batch     2] loss: 0.001
[Epoch 5, Batch   102] loss: 0.071
[Epoch 5, Batch   202] loss: 0.102
Epoch 5/5:
Train Loss: 0.0330, Train Accuracy: 96.94%
Validation Loss: 0.0720, Validation Accuracy: 97.89%
Model saved to models/resnet18-MNIST-predictive_entropy-top-0.7-3
Modified conv1: updated in_channels to 1.
Modified fc layer: updated out_features to 10.
Initialized untrained model.
resnet18-MNIST-predictive_entropy-top-0.8-3
[Epoch 1, Batch     2] loss: 0.045
[Epoch 1, Batch   102] loss: 0.690
Epoch 1/5:
Train Loss: 0.1867, Train Accuracy: 80.67%
Validation Loss: 0.1854, Validation Accuracy: 94.80%
[Epoch 2, Batch     2] loss: 0.005
[Epoch 2, Batch   102] loss: 0.314
Epoch 2/5:
Train Loss: 0.1246, Train Accuracy: 90.44%
Validation Loss: 0.1175, Validation Accuracy: 96.81%
[Epoch 3, Batch     2] loss: 0.003
[Epoch 3, Batch   102] loss: 0.214
Epoch 3/5:
Train Loss: 0.1064, Train Accuracy: 92.65%
Validation Loss: 0.1476, Validation Accuracy: 95.24%
[Epoch 4, Batch     2] loss: 0.002
[Epoch 4, Batch   102] loss: 0.151
Epoch 4/5:
Train Loss: 0.0680, Train Accuracy: 95.07%
Validation Loss: 0.0747, Validation Accuracy: 97.58%
[Epoch 5, Batch     2] loss: 0.001
[Epoch 5, Batch   102] loss: 0.110
Epoch 5/5:
Train Loss: 0.0796, Train Accuracy: 95.32%
Validation Loss: 0.0591, Validation Accuracy: 98.25%
Model saved to models/resnet18-MNIST-predictive_entropy-top-0.8-3
Modified conv1: updated in_channels to 1.
Modified fc layer: updated out_features to 10.
Initialized untrained model.
resnet18-MNIST-predictive_entropy-top-0.9-3
[Epoch 1, Batch     2] loss: 0.045
Epoch 1/5:
Train Loss: 0.8465, Train Accuracy: 70.28%
Validation Loss: 0.3385, Validation Accuracy: 88.62%
[Epoch 2, Batch     2] loss: 0.008
Epoch 2/5:
Train Loss: 0.4527, Train Accuracy: 84.53%
Validation Loss: 0.2540, Validation Accuracy: 92.18%
[Epoch 3, Batch     2] loss: 0.009
Epoch 3/5:
Train Loss: 0.3605, Train Accuracy: 87.18%
Validation Loss: 0.3263, Validation Accuracy: 87.92%
[Epoch 4, Batch     2] loss: 0.004
Epoch 4/5:
Train Loss: 0.2863, Train Accuracy: 90.05%
Validation Loss: 0.1518, Validation Accuracy: 95.46%
[Epoch 5, Batch     2] loss: 0.004
Epoch 5/5:
Train Loss: 0.2144, Train Accuracy: 92.32%
Validation Loss: 0.1552, Validation Accuracy: 94.91%
Model saved to models/resnet18-MNIST-predictive_entropy-top-0.9-3
Modified conv1: updated in_channels to 1.
Modified fc layer: updated out_features to 10.
Initialized untrained model.
resnet18-MNIST-predictive_entropy-top-0.95-3
[Epoch 1, Batch     2] loss: 0.047
Epoch 1/5:
Train Loss: 1.1336, Train Accuracy: 59.63%
Validation Loss: 1.0854, Validation Accuracy: 58.58%
[Epoch 2, Batch     2] loss: 0.012
Epoch 2/5:
Train Loss: 0.6537, Train Accuracy: 77.53%
Validation Loss: 0.8850, Validation Accuracy: 71.52%
[Epoch 3, Batch     2] loss: 0.011
Epoch 3/5:
Train Loss: 0.5401, Train Accuracy: 81.03%
Validation Loss: 0.9214, Validation Accuracy: 71.06%
[Epoch 4, Batch     2] loss: 0.010
Epoch 4/5:
Train Loss: 0.4007, Train Accuracy: 85.23%
Validation Loss: 0.7058, Validation Accuracy: 76.68%
[Epoch 5, Batch     2] loss: 0.006
Epoch 5/5:
Train Loss: 0.3549, Train Accuracy: 87.10%
Validation Loss: 0.8478, Validation Accuracy: 73.35%
Model saved to models/resnet18-MNIST-predictive_entropy-top-0.95-3
Modified conv1: updated in_channels to 1.
Modified fc layer: updated out_features to 10.
Loaded weights from file: models/resnet18_MNIST_3
Modified conv1: updated in_channels to 1.
Modified fc layer: updated out_features to 10.
Initialized untrained model.
resnet18-MNIST-predictive_entropy-bottom-0.3-3
[Epoch 1, Batch     2] loss: 0.036
[Epoch 1, Batch   102] loss: 0.173
[Epoch 1, Batch   202] loss: 0.066
[Epoch 1, Batch   302] loss: 0.042
[Epoch 1, Batch   402] loss: 0.032
[Epoch 1, Batch   502] loss: 0.030
[Epoch 1, Batch   602] loss: 0.044
Epoch 1/5:
Train Loss: 0.0021, Train Accuracy: 97.99%
Validation Loss: 0.1430, Validation Accuracy: 96.16%
[Epoch 2, Batch     2] loss: 0.000
[Epoch 2, Batch   102] loss: 0.010
[Epoch 2, Batch   202] loss: 0.022
[Epoch 2, Batch   302] loss: 0.021
[Epoch 2, Batch   402] loss: 0.021
[Epoch 2, Batch   502] loss: 0.016
[Epoch 2, Batch   602] loss: 0.011
Epoch 2/5:
Train Loss: 0.0009, Train Accuracy: 99.50%
Validation Loss: 0.1282, Validation Accuracy: 96.77%
[Epoch 3, Batch     2] loss: 0.000
[Epoch 3, Batch   102] loss: 0.023
[Epoch 3, Batch   202] loss: 0.016
[Epoch 3, Batch   302] loss: 0.014
[Epoch 3, Batch   402] loss: 0.007
[Epoch 3, Batch   502] loss: 0.010
[Epoch 3, Batch   602] loss: 0.011
Epoch 3/5:
Train Loss: 0.0011, Train Accuracy: 99.61%
Validation Loss: 0.1053, Validation Accuracy: 97.11%
[Epoch 4, Batch     2] loss: 0.000
[Epoch 4, Batch   102] loss: 0.009
[Epoch 4, Batch   202] loss: 0.007
[Epoch 4, Batch   302] loss: 0.006
[Epoch 4, Batch   402] loss: 0.016
[Epoch 4, Batch   502] loss: 0.013
[Epoch 4, Batch   602] loss: 0.012
Epoch 4/5:
Train Loss: 0.0008, Train Accuracy: 99.76%
Validation Loss: 0.1005, Validation Accuracy: 97.23%
[Epoch 5, Batch     2] loss: 0.000
[Epoch 5, Batch   102] loss: 0.002
[Epoch 5, Batch   202] loss: 0.011
[Epoch 5, Batch   302] loss: 0.012
[Epoch 5, Batch   402] loss: 0.030
[Epoch 5, Batch   502] loss: 0.021
[Epoch 5, Batch   602] loss: 0.020
Epoch 5/5:
Train Loss: 0.0005, Train Accuracy: 99.58%
Validation Loss: 0.1335, Validation Accuracy: 96.65%
Model saved to models/resnet18-MNIST-predictive_entropy-bottom-0.3-3
Modified conv1: updated in_channels to 1.
Modified fc layer: updated out_features to 10.
Initialized untrained model.
resnet18-MNIST-predictive_entropy-bottom-0.5-3
[Epoch 1, Batch     2] loss: 0.037
[Epoch 1, Batch   102] loss: 0.115
[Epoch 1, Batch   202] loss: 0.046
[Epoch 1, Batch   302] loss: 0.035
[Epoch 1, Batch   402] loss: 0.021
Epoch 1/5:
Train Loss: 0.0020, Train Accuracy: 98.23%
Validation Loss: 0.3483, Validation Accuracy: 92.29%
[Epoch 2, Batch     2] loss: 0.000
[Epoch 2, Batch   102] loss: 0.010
[Epoch 2, Batch   202] loss: 0.030
[Epoch 2, Batch   302] loss: 0.010
[Epoch 2, Batch   402] loss: 0.034
Epoch 2/5:
Train Loss: 0.0018, Train Accuracy: 99.44%
Validation Loss: 0.3451, Validation Accuracy: 92.17%
[Epoch 3, Batch     2] loss: 0.000
[Epoch 3, Batch   102] loss: 0.006
[Epoch 3, Batch   202] loss: 0.005
[Epoch 3, Batch   302] loss: 0.002
[Epoch 3, Batch   402] loss: 0.009
Epoch 3/5:
Train Loss: 0.0023, Train Accuracy: 99.83%
Validation Loss: 0.2215, Validation Accuracy: 94.16%
[Epoch 4, Batch     2] loss: 0.000
[Epoch 4, Batch   102] loss: 0.010
[Epoch 4, Batch   202] loss: 0.005
[Epoch 4, Batch   302] loss: 0.007
[Epoch 4, Batch   402] loss: 0.004
Epoch 4/5:
Train Loss: 0.0002, Train Accuracy: 99.84%
Validation Loss: 0.1506, Validation Accuracy: 95.91%
[Epoch 5, Batch     2] loss: 0.000
[Epoch 5, Batch   102] loss: 0.008
[Epoch 5, Batch   202] loss: 0.016
[Epoch 5, Batch   302] loss: 0.011
[Epoch 5, Batch   402] loss: 0.006
Epoch 5/5:
Train Loss: 0.0003, Train Accuracy: 99.74%
Validation Loss: 0.1463, Validation Accuracy: 96.21%
Model saved to models/resnet18-MNIST-predictive_entropy-bottom-0.5-3
Modified conv1: updated in_channels to 1.
Modified fc layer: updated out_features to 10.
Initialized untrained model.
resnet18-MNIST-predictive_entropy-bottom-0.7-3
[Epoch 1, Batch     2] loss: 0.030
[Epoch 1, Batch   102] loss: 0.094
[Epoch 1, Batch   202] loss: 0.024
Epoch 1/5:
Train Loss: 0.0070, Train Accuracy: 98.32%
Validation Loss: 0.9053, Validation Accuracy: 78.59%
[Epoch 2, Batch     2] loss: 0.000
[Epoch 2, Batch   102] loss: 0.010
[Epoch 2, Batch   202] loss: 0.026
Epoch 2/5:
Train Loss: 0.0087, Train Accuracy: 99.35%
Validation Loss: 0.7023, Validation Accuracy: 80.46%
[Epoch 3, Batch     2] loss: 0.000
[Epoch 3, Batch   102] loss: 0.008
[Epoch 3, Batch   202] loss: 0.002
Epoch 3/5:
Train Loss: 0.0034, Train Accuracy: 99.88%
Validation Loss: 0.4778, Validation Accuracy: 87.29%
[Epoch 4, Batch     2] loss: 0.000
[Epoch 4, Batch   102] loss: 0.017
[Epoch 4, Batch   202] loss: 0.002
Epoch 4/5:
Train Loss: 0.0001, Train Accuracy: 99.84%
Validation Loss: 0.3134, Validation Accuracy: 91.78%
[Epoch 5, Batch     2] loss: 0.000
[Epoch 5, Batch   102] loss: 0.005
[Epoch 5, Batch   202] loss: 0.009
Epoch 5/5:
Train Loss: 0.0009, Train Accuracy: 99.83%
Validation Loss: 0.5555, Validation Accuracy: 85.13%
Model saved to models/resnet18-MNIST-predictive_entropy-bottom-0.7-3
Modified conv1: updated in_channels to 1.
Modified fc layer: updated out_features to 10.
Initialized untrained model.
resnet18-MNIST-predictive_entropy-bottom-0.8-3
[Epoch 1, Batch     2] loss: 0.032
[Epoch 1, Batch   102] loss: 0.057
Epoch 1/5:
Train Loss: 0.0092, Train Accuracy: 98.20%
Validation Loss: 2.7497, Validation Accuracy: 64.37%
[Epoch 2, Batch     2] loss: 0.000
[Epoch 2, Batch   102] loss: 0.020
Epoch 2/5:
Train Loss: 0.0018, Train Accuracy: 99.67%
Validation Loss: 1.7016, Validation Accuracy: 67.41%
[Epoch 3, Batch     2] loss: 0.001
[Epoch 3, Batch   102] loss: 0.006
Epoch 3/5:
Train Loss: 0.0028, Train Accuracy: 99.82%
Validation Loss: 1.4699, Validation Accuracy: 69.76%
[Epoch 4, Batch     2] loss: 0.000
[Epoch 4, Batch   102] loss: 0.006
Epoch 4/5:
Train Loss: 0.0094, Train Accuracy: 99.66%
Validation Loss: 1.8620, Validation Accuracy: 64.23%
[Epoch 5, Batch     2] loss: 0.001
[Epoch 5, Batch   102] loss: 0.003
Epoch 5/5:
Train Loss: 0.0004, Train Accuracy: 99.94%
Validation Loss: 1.2628, Validation Accuracy: 71.44%
Model saved to models/resnet18-MNIST-predictive_entropy-bottom-0.8-3
Modified conv1: updated in_channels to 1.
Modified fc layer: updated out_features to 10.
Initialized untrained model.
resnet18-MNIST-predictive_entropy-bottom-0.9-3
[Epoch 1, Batch     2] loss: 0.033
Epoch 1/5:
Train Loss: 0.0397, Train Accuracy: 97.72%
Validation Loss: 4.0121, Validation Accuracy: 44.90%
[Epoch 2, Batch     2] loss: 0.000
Epoch 2/5:
Train Loss: 0.0083, Train Accuracy: 99.78%
Validation Loss: 3.5588, Validation Accuracy: 48.35%
[Epoch 3, Batch     2] loss: 0.000
Epoch 3/5:
Train Loss: 0.0031, Train Accuracy: 99.87%
Validation Loss: 3.4426, Validation Accuracy: 50.69%
[Epoch 4, Batch     2] loss: 0.000
Epoch 4/5:
Train Loss: 0.0285, Train Accuracy: 99.23%
Validation Loss: 5.5435, Validation Accuracy: 39.82%
[Epoch 5, Batch     2] loss: 0.001
Epoch 5/5:
Train Loss: 0.0127, Train Accuracy: 99.57%
Validation Loss: 3.9099, Validation Accuracy: 49.19%
Model saved to models/resnet18-MNIST-predictive_entropy-bottom-0.9-3
Modified conv1: updated in_channels to 1.
Modified fc layer: updated out_features to 10.
Initialized untrained model.
resnet18-MNIST-predictive_entropy-bottom-0.95-3
[Epoch 1, Batch     2] loss: 0.030
Epoch 1/5:
Train Loss: 0.0501, Train Accuracy: 96.47%
Validation Loss: 4.5238, Validation Accuracy: 43.06%
[Epoch 2, Batch     2] loss: 0.000
Epoch 2/5:
Train Loss: 0.0356, Train Accuracy: 99.17%
Validation Loss: 7.0192, Validation Accuracy: 38.26%
[Epoch 3, Batch     2] loss: 0.000
Epoch 3/5:
Train Loss: 0.0090, Train Accuracy: 99.70%
Validation Loss: 3.8132, Validation Accuracy: 47.24%
[Epoch 4, Batch     2] loss: 0.000
Epoch 4/5:
Train Loss: 0.0135, Train Accuracy: 99.67%
Validation Loss: 3.6102, Validation Accuracy: 47.99%
[Epoch 5, Batch     2] loss: 0.000
Epoch 5/5:
Train Loss: 0.0040, Train Accuracy: 99.83%
Validation Loss: 3.4453, Validation Accuracy: 48.72%
Model saved to models/resnet18-MNIST-predictive_entropy-bottom-0.95-3
