Modified conv1: updated in_channels to 1.
Modified fc layer: updated out_features to 10.
Initialized untrained model.
[Epoch 1, Batch     2] loss: 0.039
[Epoch 1, Batch   102] loss: 0.344
[Epoch 1, Batch   202] loss: 0.175
[Epoch 1, Batch   302] loss: 0.142
[Epoch 1, Batch   402] loss: 0.129
[Epoch 1, Batch   502] loss: 0.105
[Epoch 1, Batch   602] loss: 0.109
[Epoch 1, Batch   702] loss: 0.103
[Epoch 1, Batch   802] loss: 0.096
[Epoch 1, Batch   902] loss: 0.087
Epoch 1/20:
Train Loss: 0.0027, Train Accuracy: 95.61%
Validation Loss: 0.0527, Validation Accuracy: 98.31%
[Epoch 2, Batch     2] loss: 0.001
[Epoch 2, Batch   102] loss: 0.062
[Epoch 2, Batch   202] loss: 0.065
[Epoch 2, Batch   302] loss: 0.069
[Epoch 2, Batch   402] loss: 0.059
[Epoch 2, Batch   502] loss: 0.087
[Epoch 2, Batch   602] loss: 0.069
[Epoch 2, Batch   702] loss: 0.059
[Epoch 2, Batch   802] loss: 0.066
[Epoch 2, Batch   902] loss: 0.066
Epoch 2/20:
Train Loss: 0.0031, Train Accuracy: 97.93%
Validation Loss: 0.0810, Validation Accuracy: 97.37%
[Epoch 3, Batch     2] loss: 0.001
[Epoch 3, Batch   102] loss: 0.058
[Epoch 3, Batch   202] loss: 0.048
[Epoch 3, Batch   302] loss: 0.052
[Epoch 3, Batch   402] loss: 0.056
[Epoch 3, Batch   502] loss: 0.050
[Epoch 3, Batch   602] loss: 0.056
[Epoch 3, Batch   702] loss: 0.060
[Epoch 3, Batch   802] loss: 0.049
[Epoch 3, Batch   902] loss: 0.052
Epoch 3/20:
Train Loss: 0.0026, Train Accuracy: 98.41%
Validation Loss: 0.0545, Validation Accuracy: 98.33%
[Epoch 4, Batch     2] loss: 0.002
[Epoch 4, Batch   102] loss: 0.038
[Epoch 4, Batch   202] loss: 0.052
[Epoch 4, Batch   302] loss: 0.047
[Epoch 4, Batch   402] loss: 0.042
[Epoch 4, Batch   502] loss: 0.045
[Epoch 4, Batch   602] loss: 0.041
[Epoch 4, Batch   702] loss: 0.042
[Epoch 4, Batch   802] loss: 0.038
[Epoch 4, Batch   902] loss: 0.051
Epoch 4/20:
Train Loss: 0.0018, Train Accuracy: 98.66%
Validation Loss: 0.0659, Validation Accuracy: 97.96%
[Epoch 5, Batch     2] loss: 0.001
[Epoch 5, Batch   102] loss: 0.042
[Epoch 5, Batch   202] loss: 0.038
[Epoch 5, Batch   302] loss: 0.043
[Epoch 5, Batch   402] loss: 0.048
[Epoch 5, Batch   502] loss: 0.044
[Epoch 5, Batch   602] loss: 0.036
[Epoch 5, Batch   702] loss: 0.051
[Epoch 5, Batch   802] loss: 0.041
[Epoch 5, Batch   902] loss: 0.045
Epoch 5/20:
Train Loss: 0.0020, Train Accuracy: 98.69%
Validation Loss: 0.0375, Validation Accuracy: 98.84%
[Epoch 6, Batch     2] loss: 0.001
[Epoch 6, Batch   102] loss: 0.030
[Epoch 6, Batch   202] loss: 0.044
[Epoch 6, Batch   302] loss: 0.044
[Epoch 6, Batch   402] loss: 0.044
[Epoch 6, Batch   502] loss: 0.045
[Epoch 6, Batch   602] loss: 0.042
[Epoch 6, Batch   702] loss: 0.033
[Epoch 6, Batch   802] loss: 0.038
[Epoch 6, Batch   902] loss: 0.040
Epoch 6/20:
Train Loss: 0.0012, Train Accuracy: 98.80%
Validation Loss: 0.0505, Validation Accuracy: 98.46%
[Epoch 7, Batch     2] loss: 0.000
[Epoch 7, Batch   102] loss: 0.033
[Epoch 7, Batch   202] loss: 0.032
[Epoch 7, Batch   302] loss: 0.036
[Epoch 7, Batch   402] loss: 0.036
[Epoch 7, Batch   502] loss: 0.036
[Epoch 7, Batch   602] loss: 0.041
[Epoch 7, Batch   702] loss: 0.043
[Epoch 7, Batch   802] loss: 0.026
[Epoch 7, Batch   902] loss: 0.038
Epoch 7/20:
Train Loss: 0.0007, Train Accuracy: 98.98%
Validation Loss: 0.0348, Validation Accuracy: 98.91%
[Epoch 8, Batch     2] loss: 0.000
[Epoch 8, Batch   102] loss: 0.027
[Epoch 8, Batch   202] loss: 0.031
[Epoch 8, Batch   302] loss: 0.042
[Epoch 8, Batch   402] loss: 0.040
[Epoch 8, Batch   502] loss: 0.028
[Epoch 8, Batch   602] loss: 0.032
[Epoch 8, Batch   702] loss: 0.037
[Epoch 8, Batch   802] loss: 0.038
[Epoch 8, Batch   902] loss: 0.033
Epoch 8/20:
Train Loss: 0.0013, Train Accuracy: 98.94%
Validation Loss: 0.0526, Validation Accuracy: 98.54%
[Epoch 9, Batch     2] loss: 0.001
[Epoch 9, Batch   102] loss: 0.019
[Epoch 9, Batch   202] loss: 0.028
[Epoch 9, Batch   302] loss: 0.026
[Epoch 9, Batch   402] loss: 0.032
[Epoch 9, Batch   502] loss: 0.029
[Epoch 9, Batch   602] loss: 0.022
[Epoch 9, Batch   702] loss: 0.027
[Epoch 9, Batch   802] loss: 0.037
[Epoch 9, Batch   902] loss: 0.034
Epoch 9/20:
Train Loss: 0.0012, Train Accuracy: 99.18%
Validation Loss: 0.0377, Validation Accuracy: 98.89%
[Epoch 10, Batch     2] loss: 0.001
[Epoch 10, Batch   102] loss: 0.027
[Epoch 10, Batch   202] loss: 0.027
[Epoch 10, Batch   302] loss: 0.021
[Epoch 10, Batch   402] loss: 0.033
[Epoch 10, Batch   502] loss: 0.025
[Epoch 10, Batch   602] loss: 0.036
[Epoch 10, Batch   702] loss: 0.023
[Epoch 10, Batch   802] loss: 0.028
[Epoch 10, Batch   902] loss: 0.034
Epoch 10/20:
Train Loss: 0.0008, Train Accuracy: 99.20%
Validation Loss: 0.0328, Validation Accuracy: 99.13%
[Epoch 11, Batch     2] loss: 0.000
[Epoch 11, Batch   102] loss: 0.016
[Epoch 11, Batch   202] loss: 0.026
[Epoch 11, Batch   302] loss: 0.020
[Epoch 11, Batch   402] loss: 0.025
[Epoch 11, Batch   502] loss: 0.023
[Epoch 11, Batch   602] loss: 0.023
[Epoch 11, Batch   702] loss: 0.042
[Epoch 11, Batch   802] loss: 0.024
[Epoch 11, Batch   902] loss: 0.034
Epoch 11/20:
Train Loss: 0.0010, Train Accuracy: 99.21%
Validation Loss: 0.0310, Validation Accuracy: 99.16%
[Epoch 12, Batch     2] loss: 0.001
[Epoch 12, Batch   102] loss: 0.019
[Epoch 12, Batch   202] loss: 0.021
[Epoch 12, Batch   302] loss: 0.029
[Epoch 12, Batch   402] loss: 0.020
[Epoch 12, Batch   502] loss: 0.023
[Epoch 12, Batch   602] loss: 0.030
[Epoch 12, Batch   702] loss: 0.027
[Epoch 12, Batch   802] loss: 0.024
[Epoch 12, Batch   902] loss: 0.023
Epoch 12/20:
Train Loss: 0.0013, Train Accuracy: 99.27%
Validation Loss: 0.0309, Validation Accuracy: 99.08%
[Epoch 13, Batch     2] loss: 0.001
[Epoch 13, Batch   102] loss: 0.012
[Epoch 13, Batch   202] loss: 0.019
[Epoch 13, Batch   302] loss: 0.023
[Epoch 13, Batch   402] loss: 0.020
[Epoch 13, Batch   502] loss: 0.026
[Epoch 13, Batch   602] loss: 0.018
[Epoch 13, Batch   702] loss: 0.018
[Epoch 13, Batch   802] loss: 0.022
[Epoch 13, Batch   902] loss: 0.026
Epoch 13/20:
Train Loss: 0.0014, Train Accuracy: 99.36%
Validation Loss: 0.0347, Validation Accuracy: 98.98%
[Epoch 14, Batch     2] loss: 0.001
[Epoch 14, Batch   102] loss: 0.016
[Epoch 14, Batch   202] loss: 0.016
[Epoch 14, Batch   302] loss: 0.018
[Epoch 14, Batch   402] loss: 0.029
[Epoch 14, Batch   502] loss: 0.022
[Epoch 14, Batch   602] loss: 0.016
[Epoch 14, Batch   702] loss: 0.023
[Epoch 14, Batch   802] loss: 0.019
[Epoch 14, Batch   902] loss: 0.025
Epoch 14/20:
Train Loss: 0.0007, Train Accuracy: 99.34%
Validation Loss: 0.0323, Validation Accuracy: 99.00%
[Epoch 15, Batch     2] loss: 0.000
[Epoch 15, Batch   102] loss: 0.017
[Epoch 15, Batch   202] loss: 0.014
[Epoch 15, Batch   302] loss: 0.014
[Epoch 15, Batch   402] loss: 0.021
[Epoch 15, Batch   502] loss: 0.021
[Epoch 15, Batch   602] loss: 0.021
[Epoch 15, Batch   702] loss: 0.024
[Epoch 15, Batch   802] loss: 0.014
[Epoch 15, Batch   902] loss: 0.018
Epoch 15/20:
Train Loss: 0.0010, Train Accuracy: 99.44%
Validation Loss: 0.0376, Validation Accuracy: 98.91%
[Epoch 16, Batch     2] loss: 0.000
[Epoch 16, Batch   102] loss: 0.015
[Epoch 16, Batch   202] loss: 0.012
[Epoch 16, Batch   302] loss: 0.012
[Epoch 16, Batch   402] loss: 0.030
[Epoch 16, Batch   502] loss: 0.020
[Epoch 16, Batch   602] loss: 0.017
[Epoch 16, Batch   702] loss: 0.024
[Epoch 16, Batch   802] loss: 0.022
[Epoch 16, Batch   902] loss: 0.015
Epoch 16/20:
Train Loss: 0.0009, Train Accuracy: 99.41%
Validation Loss: 0.0384, Validation Accuracy: 98.80%
[Epoch 17, Batch     2] loss: 0.000
[Epoch 17, Batch   102] loss: 0.021
[Epoch 17, Batch   202] loss: 0.014
[Epoch 17, Batch   302] loss: 0.012
[Epoch 17, Batch   402] loss: 0.013
[Epoch 17, Batch   502] loss: 0.022
[Epoch 17, Batch   602] loss: 0.020
[Epoch 17, Batch   702] loss: 0.024
[Epoch 17, Batch   802] loss: 0.014
[Epoch 17, Batch   902] loss: 0.026
Epoch 17/20:
Train Loss: 0.0009, Train Accuracy: 99.44%
Validation Loss: 0.0373, Validation Accuracy: 98.90%
[Epoch 18, Batch     2] loss: 0.000
[Epoch 18, Batch   102] loss: 0.009
[Epoch 18, Batch   202] loss: 0.014
[Epoch 18, Batch   302] loss: 0.012
[Epoch 18, Batch   402] loss: 0.024
[Epoch 18, Batch   502] loss: 0.013
[Epoch 18, Batch   602] loss: 0.022
[Epoch 18, Batch   702] loss: 0.016
[Epoch 18, Batch   802] loss: 0.019
[Epoch 18, Batch   902] loss: 0.023
Epoch 18/20:
Train Loss: 0.0006, Train Accuracy: 99.48%
Validation Loss: 0.0316, Validation Accuracy: 99.09%
[Epoch 19, Batch     2] loss: 0.000
[Epoch 19, Batch   102] loss: 0.011
[Epoch 19, Batch   202] loss: 0.015
[Epoch 19, Batch   302] loss: 0.012
[Epoch 19, Batch   402] loss: 0.017
[Epoch 19, Batch   502] loss: 0.018
[Epoch 19, Batch   602] loss: 0.016
[Epoch 19, Batch   702] loss: 0.012
[Epoch 19, Batch   802] loss: 0.017
[Epoch 19, Batch   902] loss: 0.019
Epoch 19/20:
Train Loss: 0.0006, Train Accuracy: 99.53%
Validation Loss: 0.0349, Validation Accuracy: 99.06%
[Epoch 20, Batch     2] loss: 0.000
[Epoch 20, Batch   102] loss: 0.010
[Epoch 20, Batch   202] loss: 0.011
[Epoch 20, Batch   302] loss: 0.011
[Epoch 20, Batch   402] loss: 0.015
[Epoch 20, Batch   502] loss: 0.021
[Epoch 20, Batch   602] loss: 0.013
[Epoch 20, Batch   702] loss: 0.018
[Epoch 20, Batch   802] loss: 0.023
[Epoch 20, Batch   902] loss: 0.025
Epoch 20/20:
Train Loss: 0.0009, Train Accuracy: 99.50%
Validation Loss: 0.0415, Validation Accuracy: 98.70%
Model saved to models/resnet18_MNIST_1
Modified conv1: updated in_channels to 1.
Modified fc layer: updated out_features to 10.
Loaded weights from file: models/resnet18_MNIST_1
Modified conv1: updated in_channels to 1.
Modified fc layer: updated out_features to 10.
Initialized untrained model.
resnet18-MNIST-random-0.3-1
[Epoch 1, Batch     2] loss: 0.042
[Epoch 1, Batch   102] loss: 0.357
[Epoch 1, Batch   202] loss: 0.192
[Epoch 1, Batch   302] loss: 0.154
[Epoch 1, Batch   402] loss: 0.116
[Epoch 1, Batch   502] loss: 0.106
[Epoch 1, Batch   602] loss: 0.110
Epoch 1/20:
Train Loss: 0.0072, Train Accuracy: 94.76%
Validation Loss: 0.0943, Validation Accuracy: 97.20%
[Epoch 2, Batch     2] loss: 0.003
[Epoch 2, Batch   102] loss: 0.095
[Epoch 2, Batch   202] loss: 0.076
[Epoch 2, Batch   302] loss: 0.087
[Epoch 2, Batch   402] loss: 0.081
[Epoch 2, Batch   502] loss: 0.075
[Epoch 2, Batch   602] loss: 0.060
Epoch 2/20:
Train Loss: 0.0049, Train Accuracy: 97.69%
Validation Loss: 0.0558, Validation Accuracy: 98.24%
[Epoch 3, Batch     2] loss: 0.000
[Epoch 3, Batch   102] loss: 0.065
[Epoch 3, Batch   202] loss: 0.063
[Epoch 3, Batch   302] loss: 0.067
[Epoch 3, Batch   402] loss: 0.044
[Epoch 3, Batch   502] loss: 0.060
[Epoch 3, Batch   602] loss: 0.051
Epoch 3/20:
Train Loss: 0.0053, Train Accuracy: 98.24%
Validation Loss: 0.0799, Validation Accuracy: 97.59%
[Epoch 4, Batch     2] loss: 0.001
[Epoch 4, Batch   102] loss: 0.046
[Epoch 4, Batch   202] loss: 0.045
[Epoch 4, Batch   302] loss: 0.047
[Epoch 4, Batch   402] loss: 0.047
[Epoch 4, Batch   502] loss: 0.054
[Epoch 4, Batch   602] loss: 0.051
Epoch 4/20:
Train Loss: 0.0031, Train Accuracy: 98.52%
Validation Loss: 0.0687, Validation Accuracy: 98.04%
[Epoch 5, Batch     2] loss: 0.000
[Epoch 5, Batch   102] loss: 0.039
[Epoch 5, Batch   202] loss: 0.047
[Epoch 5, Batch   302] loss: 0.046
[Epoch 5, Batch   402] loss: 0.053
[Epoch 5, Batch   502] loss: 0.061
[Epoch 5, Batch   602] loss: 0.044
Epoch 5/20:
Train Loss: 0.0028, Train Accuracy: 98.58%
Validation Loss: 0.0447, Validation Accuracy: 98.72%
[Epoch 6, Batch     2] loss: 0.000
[Epoch 6, Batch   102] loss: 0.035
[Epoch 6, Batch   202] loss: 0.039
[Epoch 6, Batch   302] loss: 0.036
[Epoch 6, Batch   402] loss: 0.038
[Epoch 6, Batch   502] loss: 0.045
[Epoch 6, Batch   602] loss: 0.047
Epoch 6/20:
Train Loss: 0.0036, Train Accuracy: 98.77%
Validation Loss: 0.0443, Validation Accuracy: 98.68%
[Epoch 7, Batch     2] loss: 0.001
[Epoch 7, Batch   102] loss: 0.030
[Epoch 7, Batch   202] loss: 0.032
[Epoch 7, Batch   302] loss: 0.034
[Epoch 7, Batch   402] loss: 0.036
[Epoch 7, Batch   502] loss: 0.035
[Epoch 7, Batch   602] loss: 0.043
Epoch 7/20:
Train Loss: 0.0040, Train Accuracy: 98.89%
Validation Loss: 0.0501, Validation Accuracy: 98.54%
[Epoch 8, Batch     2] loss: 0.000
[Epoch 8, Batch   102] loss: 0.028
[Epoch 8, Batch   202] loss: 0.029
[Epoch 8, Batch   302] loss: 0.035
[Epoch 8, Batch   402] loss: 0.046
[Epoch 8, Batch   502] loss: 0.034
[Epoch 8, Batch   602] loss: 0.029
Epoch 8/20:
Train Loss: 0.0026, Train Accuracy: 98.93%
Validation Loss: 0.0416, Validation Accuracy: 98.64%
[Epoch 9, Batch     2] loss: 0.001
[Epoch 9, Batch   102] loss: 0.026
[Epoch 9, Batch   202] loss: 0.031
[Epoch 9, Batch   302] loss: 0.036
[Epoch 9, Batch   402] loss: 0.042
[Epoch 9, Batch   502] loss: 0.030
[Epoch 9, Batch   602] loss: 0.035
Epoch 9/20:
Train Loss: 0.0031, Train Accuracy: 98.95%
Validation Loss: 0.0532, Validation Accuracy: 98.35%
[Epoch 10, Batch     2] loss: 0.000
[Epoch 10, Batch   102] loss: 0.026
[Epoch 10, Batch   202] loss: 0.025
[Epoch 10, Batch   302] loss: 0.033
[Epoch 10, Batch   402] loss: 0.032
[Epoch 10, Batch   502] loss: 0.027
[Epoch 10, Batch   602] loss: 0.026
Epoch 10/20:
Train Loss: 0.0036, Train Accuracy: 99.12%
Validation Loss: 0.0521, Validation Accuracy: 98.47%
[Epoch 11, Batch     2] loss: 0.001
[Epoch 11, Batch   102] loss: 0.033
[Epoch 11, Batch   202] loss: 0.028
[Epoch 11, Batch   302] loss: 0.029
[Epoch 11, Batch   402] loss: 0.021
[Epoch 11, Batch   502] loss: 0.029
[Epoch 11, Batch   602] loss: 0.026
Epoch 11/20:
Train Loss: 0.0029, Train Accuracy: 99.13%
Validation Loss: 0.0349, Validation Accuracy: 98.91%
[Epoch 12, Batch     2] loss: 0.000
[Epoch 12, Batch   102] loss: 0.028
[Epoch 12, Batch   202] loss: 0.027
[Epoch 12, Batch   302] loss: 0.026
[Epoch 12, Batch   402] loss: 0.027
[Epoch 12, Batch   502] loss: 0.025
[Epoch 12, Batch   602] loss: 0.026
Epoch 12/20:
Train Loss: 0.0043, Train Accuracy: 99.10%
Validation Loss: 0.0572, Validation Accuracy: 98.42%
[Epoch 13, Batch     2] loss: 0.001
[Epoch 13, Batch   102] loss: 0.022
[Epoch 13, Batch   202] loss: 0.018
[Epoch 13, Batch   302] loss: 0.029
[Epoch 13, Batch   402] loss: 0.021
[Epoch 13, Batch   502] loss: 0.022
[Epoch 13, Batch   602] loss: 0.023
Epoch 13/20:
Train Loss: 0.0025, Train Accuracy: 99.36%
Validation Loss: 0.0539, Validation Accuracy: 98.42%
[Epoch 14, Batch     2] loss: 0.000
[Epoch 14, Batch   102] loss: 0.015
[Epoch 14, Batch   202] loss: 0.018
[Epoch 14, Batch   302] loss: 0.021
[Epoch 14, Batch   402] loss: 0.026
[Epoch 14, Batch   502] loss: 0.025
[Epoch 14, Batch   602] loss: 0.026
Epoch 14/20:
Train Loss: 0.0028, Train Accuracy: 99.30%
Validation Loss: 0.0480, Validation Accuracy: 98.56%
[Epoch 15, Batch     2] loss: 0.002
[Epoch 15, Batch   102] loss: 0.022
[Epoch 15, Batch   202] loss: 0.021
[Epoch 15, Batch   302] loss: 0.021
[Epoch 15, Batch   402] loss: 0.023
[Epoch 15, Batch   502] loss: 0.019
[Epoch 15, Batch   602] loss: 0.021
Epoch 15/20:
Train Loss: 0.0025, Train Accuracy: 99.35%
Validation Loss: 0.0739, Validation Accuracy: 98.02%
[Epoch 16, Batch     2] loss: 0.000
[Epoch 16, Batch   102] loss: 0.021
[Epoch 16, Batch   202] loss: 0.015
[Epoch 16, Batch   302] loss: 0.024
[Epoch 16, Batch   402] loss: 0.020
[Epoch 16, Batch   502] loss: 0.021
[Epoch 16, Batch   602] loss: 0.018
Epoch 16/20:
Train Loss: 0.0024, Train Accuracy: 99.41%
Validation Loss: 0.0509, Validation Accuracy: 98.61%
[Epoch 17, Batch     2] loss: 0.001
[Epoch 17, Batch   102] loss: 0.024
[Epoch 17, Batch   202] loss: 0.015
[Epoch 17, Batch   302] loss: 0.021
[Epoch 17, Batch   402] loss: 0.018
[Epoch 17, Batch   502] loss: 0.024
[Epoch 17, Batch   602] loss: 0.019
Epoch 17/20:
Train Loss: 0.0020, Train Accuracy: 99.37%
Validation Loss: 0.0390, Validation Accuracy: 98.83%
[Epoch 18, Batch     2] loss: 0.000
[Epoch 18, Batch   102] loss: 0.009
[Epoch 18, Batch   202] loss: 0.017
[Epoch 18, Batch   302] loss: 0.017
[Epoch 18, Batch   402] loss: 0.019
[Epoch 18, Batch   502] loss: 0.027
[Epoch 18, Batch   602] loss: 0.018
Epoch 18/20:
Train Loss: 0.0019, Train Accuracy: 99.46%
Validation Loss: 0.0314, Validation Accuracy: 99.09%
[Epoch 19, Batch     2] loss: 0.000
[Epoch 19, Batch   102] loss: 0.012
[Epoch 19, Batch   202] loss: 0.009
[Epoch 19, Batch   302] loss: 0.019
[Epoch 19, Batch   402] loss: 0.023
[Epoch 19, Batch   502] loss: 0.016
[Epoch 19, Batch   602] loss: 0.021
Epoch 19/20:
Train Loss: 0.0018, Train Accuracy: 99.48%
Validation Loss: 0.0451, Validation Accuracy: 98.72%
[Epoch 20, Batch     2] loss: 0.001
[Epoch 20, Batch   102] loss: 0.016
[Epoch 20, Batch   202] loss: 0.012
[Epoch 20, Batch   302] loss: 0.007
[Epoch 20, Batch   402] loss: 0.021
[Epoch 20, Batch   502] loss: 0.020
[Epoch 20, Batch   602] loss: 0.026
Epoch 20/20:
Train Loss: 0.0017, Train Accuracy: 99.48%
Validation Loss: 0.0461, Validation Accuracy: 98.64%
Model saved to models/resnet18-MNIST-random-0.3-1
Modified conv1: updated in_channels to 1.
Modified fc layer: updated out_features to 10.
Initialized untrained model.
resnet18-MNIST-random-0.5-1
[Epoch 1, Batch     2] loss: 0.042
[Epoch 1, Batch   102] loss: 0.340
[Epoch 1, Batch   202] loss: 0.188
[Epoch 1, Batch   302] loss: 0.150
[Epoch 1, Batch   402] loss: 0.114
Epoch 1/20:
Train Loss: 0.0147, Train Accuracy: 93.99%
Validation Loss: 0.1498, Validation Accuracy: 95.49%
[Epoch 2, Batch     2] loss: 0.001
[Epoch 2, Batch   102] loss: 0.085
[Epoch 2, Batch   202] loss: 0.101
[Epoch 2, Batch   302] loss: 0.084
[Epoch 2, Batch   402] loss: 0.086
Epoch 2/20:
Train Loss: 0.0097, Train Accuracy: 97.30%
Validation Loss: 0.1232, Validation Accuracy: 96.15%
[Epoch 3, Batch     2] loss: 0.001
[Epoch 3, Batch   102] loss: 0.065
[Epoch 3, Batch   202] loss: 0.057
[Epoch 3, Batch   302] loss: 0.066
[Epoch 3, Batch   402] loss: 0.071
Epoch 3/20:
Train Loss: 0.0105, Train Accuracy: 97.95%
Validation Loss: 0.1080, Validation Accuracy: 96.83%
[Epoch 4, Batch     2] loss: 0.001
[Epoch 4, Batch   102] loss: 0.053
[Epoch 4, Batch   202] loss: 0.048
[Epoch 4, Batch   302] loss: 0.044
[Epoch 4, Batch   402] loss: 0.076
Epoch 4/20:
Train Loss: 0.0090, Train Accuracy: 98.26%
Validation Loss: 0.0723, Validation Accuracy: 97.85%
[Epoch 5, Batch     2] loss: 0.000
[Epoch 5, Batch   102] loss: 0.040
[Epoch 5, Batch   202] loss: 0.047
[Epoch 5, Batch   302] loss: 0.042
[Epoch 5, Batch   402] loss: 0.037
Epoch 5/20:
Train Loss: 0.0065, Train Accuracy: 98.70%
Validation Loss: 0.0384, Validation Accuracy: 98.89%
[Epoch 6, Batch     2] loss: 0.001
[Epoch 6, Batch   102] loss: 0.044
[Epoch 6, Batch   202] loss: 0.041
[Epoch 6, Batch   302] loss: 0.035
[Epoch 6, Batch   402] loss: 0.049
Epoch 6/20:
Train Loss: 0.0060, Train Accuracy: 98.67%
Validation Loss: 0.0475, Validation Accuracy: 98.54%
[Epoch 7, Batch     2] loss: 0.001
[Epoch 7, Batch   102] loss: 0.033
[Epoch 7, Batch   202] loss: 0.043
[Epoch 7, Batch   302] loss: 0.043
[Epoch 7, Batch   402] loss: 0.034
Epoch 7/20:
Train Loss: 0.0056, Train Accuracy: 98.87%
Validation Loss: 0.0486, Validation Accuracy: 98.62%
[Epoch 8, Batch     2] loss: 0.002
[Epoch 8, Batch   102] loss: 0.041
[Epoch 8, Batch   202] loss: 0.039
[Epoch 8, Batch   302] loss: 0.039
[Epoch 8, Batch   402] loss: 0.042
Epoch 8/20:
Train Loss: 0.0050, Train Accuracy: 98.80%
Validation Loss: 0.0611, Validation Accuracy: 98.14%
[Epoch 9, Batch     2] loss: 0.000
[Epoch 9, Batch   102] loss: 0.036
[Epoch 9, Batch   202] loss: 0.025
[Epoch 9, Batch   302] loss: 0.033
[Epoch 9, Batch   402] loss: 0.041
Epoch 9/20:
Train Loss: 0.0064, Train Accuracy: 98.98%
Validation Loss: 0.0428, Validation Accuracy: 98.69%
[Epoch 10, Batch     2] loss: 0.000
[Epoch 10, Batch   102] loss: 0.019
[Epoch 10, Batch   202] loss: 0.035
[Epoch 10, Batch   302] loss: 0.030
[Epoch 10, Batch   402] loss: 0.031
Epoch 10/20:
Train Loss: 0.0043, Train Accuracy: 99.09%
Validation Loss: 0.0470, Validation Accuracy: 98.60%
[Epoch 11, Batch     2] loss: 0.001
[Epoch 11, Batch   102] loss: 0.030
[Epoch 11, Batch   202] loss: 0.030
[Epoch 11, Batch   302] loss: 0.030
[Epoch 11, Batch   402] loss: 0.038
Epoch 11/20:
Train Loss: 0.0031, Train Accuracy: 99.06%
Validation Loss: 0.0574, Validation Accuracy: 98.47%
[Epoch 12, Batch     2] loss: 0.000
[Epoch 12, Batch   102] loss: 0.027
[Epoch 12, Batch   202] loss: 0.022
[Epoch 12, Batch   302] loss: 0.030
[Epoch 12, Batch   402] loss: 0.026
Epoch 12/20:
Train Loss: 0.0043, Train Accuracy: 99.13%
Validation Loss: 0.0602, Validation Accuracy: 98.16%
[Epoch 13, Batch     2] loss: 0.001
[Epoch 13, Batch   102] loss: 0.027
[Epoch 13, Batch   202] loss: 0.024
[Epoch 13, Batch   302] loss: 0.036
[Epoch 13, Batch   402] loss: 0.025
Epoch 13/20:
Train Loss: 0.0037, Train Accuracy: 99.18%
Validation Loss: 0.0394, Validation Accuracy: 98.84%
[Epoch 14, Batch     2] loss: 0.000
[Epoch 14, Batch   102] loss: 0.018
[Epoch 14, Batch   202] loss: 0.020
[Epoch 14, Batch   302] loss: 0.034
[Epoch 14, Batch   402] loss: 0.021
Epoch 14/20:
Train Loss: 0.0037, Train Accuracy: 99.30%
Validation Loss: 0.0461, Validation Accuracy: 98.69%
[Epoch 15, Batch     2] loss: 0.000
[Epoch 15, Batch   102] loss: 0.028
[Epoch 15, Batch   202] loss: 0.022
[Epoch 15, Batch   302] loss: 0.023
[Epoch 15, Batch   402] loss: 0.025
Epoch 15/20:
Train Loss: 0.0033, Train Accuracy: 99.28%
Validation Loss: 0.0888, Validation Accuracy: 97.78%
[Epoch 16, Batch     2] loss: 0.000
[Epoch 16, Batch   102] loss: 0.020
[Epoch 16, Batch   202] loss: 0.019
[Epoch 16, Batch   302] loss: 0.030
[Epoch 16, Batch   402] loss: 0.024
Epoch 16/20:
Train Loss: 0.0038, Train Accuracy: 99.29%
Validation Loss: 0.0529, Validation Accuracy: 98.52%
[Epoch 17, Batch     2] loss: 0.001
[Epoch 17, Batch   102] loss: 0.019
[Epoch 17, Batch   202] loss: 0.015
[Epoch 17, Batch   302] loss: 0.025
[Epoch 17, Batch   402] loss: 0.026
Epoch 17/20:
Train Loss: 0.0040, Train Accuracy: 99.31%
Validation Loss: 0.0564, Validation Accuracy: 98.36%
[Epoch 18, Batch     2] loss: 0.001
[Epoch 18, Batch   102] loss: 0.017
[Epoch 18, Batch   202] loss: 0.024
[Epoch 18, Batch   302] loss: 0.019
[Epoch 18, Batch   402] loss: 0.023
Epoch 18/20:
Train Loss: 0.0034, Train Accuracy: 99.37%
Validation Loss: 0.0394, Validation Accuracy: 98.80%
[Epoch 19, Batch     2] loss: 0.000
[Epoch 19, Batch   102] loss: 0.016
[Epoch 19, Batch   202] loss: 0.019
[Epoch 19, Batch   302] loss: 0.019
[Epoch 19, Batch   402] loss: 0.025
Epoch 19/20:
Train Loss: 0.0029, Train Accuracy: 99.38%
Validation Loss: 0.0402, Validation Accuracy: 98.94%
[Epoch 20, Batch     2] loss: 0.000
[Epoch 20, Batch   102] loss: 0.020
[Epoch 20, Batch   202] loss: 0.009
[Epoch 20, Batch   302] loss: 0.016
[Epoch 20, Batch   402] loss: 0.011
Epoch 20/20:
Train Loss: 0.0027, Train Accuracy: 99.58%
Validation Loss: 0.0437, Validation Accuracy: 98.69%
Model saved to models/resnet18-MNIST-random-0.5-1
Modified conv1: updated in_channels to 1.
Modified fc layer: updated out_features to 10.
Initialized untrained model.
resnet18-MNIST-random-0.7-1
[Epoch 1, Batch     2] loss: 0.045
[Epoch 1, Batch   102] loss: 0.336
[Epoch 1, Batch   202] loss: 0.192
Epoch 1/20:
Train Loss: 0.0424, Train Accuracy: 92.52%
Validation Loss: 0.2360, Validation Accuracy: 92.61%
[Epoch 2, Batch     2] loss: 0.002
[Epoch 2, Batch   102] loss: 0.113
[Epoch 2, Batch   202] loss: 0.102
Epoch 2/20:
Train Loss: 0.0302, Train Accuracy: 96.56%
Validation Loss: 0.1041, Validation Accuracy: 96.92%
[Epoch 3, Batch     2] loss: 0.003
[Epoch 3, Batch   102] loss: 0.077
[Epoch 3, Batch   202] loss: 0.081
Epoch 3/20:
Train Loss: 0.0238, Train Accuracy: 97.46%
Validation Loss: 0.1345, Validation Accuracy: 96.20%
[Epoch 4, Batch     2] loss: 0.000
[Epoch 4, Batch   102] loss: 0.055
[Epoch 4, Batch   202] loss: 0.073
Epoch 4/20:
Train Loss: 0.0185, Train Accuracy: 98.09%
Validation Loss: 0.0575, Validation Accuracy: 98.28%
[Epoch 5, Batch     2] loss: 0.001
[Epoch 5, Batch   102] loss: 0.052
[Epoch 5, Batch   202] loss: 0.063
Epoch 5/20:
Train Loss: 0.0165, Train Accuracy: 98.28%
Validation Loss: 0.0651, Validation Accuracy: 97.92%
[Epoch 6, Batch     2] loss: 0.000
[Epoch 6, Batch   102] loss: 0.045
[Epoch 6, Batch   202] loss: 0.051
Epoch 6/20:
Train Loss: 0.0136, Train Accuracy: 98.49%
Validation Loss: 0.0575, Validation Accuracy: 98.23%
[Epoch 7, Batch     2] loss: 0.000
[Epoch 7, Batch   102] loss: 0.041
[Epoch 7, Batch   202] loss: 0.049
Epoch 7/20:
Train Loss: 0.0131, Train Accuracy: 98.61%
Validation Loss: 0.0482, Validation Accuracy: 98.54%
[Epoch 8, Batch     2] loss: 0.000
[Epoch 8, Batch   102] loss: 0.045
[Epoch 8, Batch   202] loss: 0.036
Epoch 8/20:
Train Loss: 0.0166, Train Accuracy: 98.52%
Validation Loss: 0.0744, Validation Accuracy: 97.73%
[Epoch 9, Batch     2] loss: 0.001
[Epoch 9, Batch   102] loss: 0.031
[Epoch 9, Batch   202] loss: 0.029
Epoch 9/20:
Train Loss: 0.0123, Train Accuracy: 98.90%
Validation Loss: 0.1190, Validation Accuracy: 96.25%
[Epoch 10, Batch     2] loss: 0.000
[Epoch 10, Batch   102] loss: 0.028
[Epoch 10, Batch   202] loss: 0.030
Epoch 10/20:
Train Loss: 0.0087, Train Accuracy: 99.05%
Validation Loss: 0.0656, Validation Accuracy: 98.05%
[Epoch 11, Batch     2] loss: 0.001
[Epoch 11, Batch   102] loss: 0.030
[Epoch 11, Batch   202] loss: 0.042
Epoch 11/20:
Train Loss: 0.0097, Train Accuracy: 98.90%
Validation Loss: 0.0402, Validation Accuracy: 98.87%
[Epoch 12, Batch     2] loss: 0.000
[Epoch 12, Batch   102] loss: 0.019
[Epoch 12, Batch   202] loss: 0.029
Epoch 12/20:
Train Loss: 0.0118, Train Accuracy: 99.07%
Validation Loss: 0.0648, Validation Accuracy: 98.02%
[Epoch 13, Batch     2] loss: 0.000
[Epoch 13, Batch   102] loss: 0.016
[Epoch 13, Batch   202] loss: 0.023
Epoch 13/20:
Train Loss: 0.0090, Train Accuracy: 99.22%
Validation Loss: 0.0556, Validation Accuracy: 98.45%
[Epoch 14, Batch     2] loss: 0.000
[Epoch 14, Batch   102] loss: 0.026
[Epoch 14, Batch   202] loss: 0.036
Epoch 14/20:
Train Loss: 0.0089, Train Accuracy: 99.04%
Validation Loss: 0.0490, Validation Accuracy: 98.43%
[Epoch 15, Batch     2] loss: 0.000
[Epoch 15, Batch   102] loss: 0.017
[Epoch 15, Batch   202] loss: 0.025
Epoch 15/20:
Train Loss: 0.0069, Train Accuracy: 99.39%
Validation Loss: 0.0492, Validation Accuracy: 98.39%
[Epoch 16, Batch     2] loss: 0.000
[Epoch 16, Batch   102] loss: 0.023
[Epoch 16, Batch   202] loss: 0.022
Epoch 16/20:
Train Loss: 0.0079, Train Accuracy: 99.24%
Validation Loss: 0.0600, Validation Accuracy: 98.22%
[Epoch 17, Batch     2] loss: 0.000
[Epoch 17, Batch   102] loss: 0.027
[Epoch 17, Batch   202] loss: 0.027
Epoch 17/20:
Train Loss: 0.0056, Train Accuracy: 99.27%
Validation Loss: 0.0672, Validation Accuracy: 98.04%
[Epoch 18, Batch     2] loss: 0.001
[Epoch 18, Batch   102] loss: 0.020
[Epoch 18, Batch   202] loss: 0.017
Epoch 18/20:
Train Loss: 0.0075, Train Accuracy: 99.39%
Validation Loss: 0.0678, Validation Accuracy: 97.95%
[Epoch 19, Batch     2] loss: 0.000
[Epoch 19, Batch   102] loss: 0.016
[Epoch 19, Batch   202] loss: 0.027
Epoch 19/20:
Train Loss: 0.0050, Train Accuracy: 99.37%
Validation Loss: 0.0497, Validation Accuracy: 98.60%
[Epoch 20, Batch     2] loss: 0.000
[Epoch 20, Batch   102] loss: 0.031
[Epoch 20, Batch   202] loss: 0.019
Epoch 20/20:
Train Loss: 0.0049, Train Accuracy: 99.38%
Validation Loss: 0.0571, Validation Accuracy: 98.46%
Model saved to models/resnet18-MNIST-random-0.7-1
Modified conv1: updated in_channels to 1.
Modified fc layer: updated out_features to 10.
Initialized untrained model.
resnet18-MNIST-random-0.8-1
[Epoch 1, Batch     2] loss: 0.045
[Epoch 1, Batch   102] loss: 0.346
Epoch 1/20:
Train Loss: 0.0843, Train Accuracy: 90.52%
Validation Loss: 0.1127, Validation Accuracy: 96.29%
[Epoch 2, Batch     2] loss: 0.002
[Epoch 2, Batch   102] loss: 0.126
Epoch 2/20:
Train Loss: 0.0547, Train Accuracy: 96.14%
Validation Loss: 0.0775, Validation Accuracy: 97.52%
[Epoch 3, Batch     2] loss: 0.002
[Epoch 3, Batch   102] loss: 0.075
Epoch 3/20:
Train Loss: 0.0422, Train Accuracy: 97.26%
Validation Loss: 0.0795, Validation Accuracy: 97.29%
[Epoch 4, Batch     2] loss: 0.002
[Epoch 4, Batch   102] loss: 0.070
Epoch 4/20:
Train Loss: 0.0359, Train Accuracy: 97.59%
Validation Loss: 0.0757, Validation Accuracy: 97.80%
[Epoch 5, Batch     2] loss: 0.002
[Epoch 5, Batch   102] loss: 0.054
Epoch 5/20:
Train Loss: 0.0273, Train Accuracy: 98.13%
Validation Loss: 0.0743, Validation Accuracy: 97.65%
[Epoch 6, Batch     2] loss: 0.001
[Epoch 6, Batch   102] loss: 0.052
Epoch 6/20:
Train Loss: 0.0237, Train Accuracy: 98.45%
Validation Loss: 0.1432, Validation Accuracy: 95.24%
[Epoch 7, Batch     2] loss: 0.002
[Epoch 7, Batch   102] loss: 0.039
Epoch 7/20:
Train Loss: 0.0190, Train Accuracy: 98.73%
Validation Loss: 0.0788, Validation Accuracy: 97.79%
[Epoch 8, Batch     2] loss: 0.001
[Epoch 8, Batch   102] loss: 0.038
Epoch 8/20:
Train Loss: 0.0172, Train Accuracy: 98.76%
Validation Loss: 0.1068, Validation Accuracy: 96.93%
[Epoch 9, Batch     2] loss: 0.000
[Epoch 9, Batch   102] loss: 0.039
Epoch 9/20:
Train Loss: 0.0228, Train Accuracy: 98.71%
Validation Loss: 0.0910, Validation Accuracy: 97.36%
[Epoch 10, Batch     2] loss: 0.000
[Epoch 10, Batch   102] loss: 0.030
Epoch 10/20:
Train Loss: 0.0198, Train Accuracy: 98.90%
Validation Loss: 0.0884, Validation Accuracy: 97.52%
[Epoch 11, Batch     2] loss: 0.001
[Epoch 11, Batch   102] loss: 0.028
Epoch 11/20:
Train Loss: 0.0148, Train Accuracy: 99.06%
Validation Loss: 0.0500, Validation Accuracy: 98.42%
[Epoch 12, Batch     2] loss: 0.001
[Epoch 12, Batch   102] loss: 0.024
Epoch 12/20:
Train Loss: 0.0147, Train Accuracy: 99.16%
Validation Loss: 0.0705, Validation Accuracy: 98.00%
[Epoch 13, Batch     2] loss: 0.000
[Epoch 13, Batch   102] loss: 0.015
Epoch 13/20:
Train Loss: 0.0141, Train Accuracy: 99.37%
Validation Loss: 0.0751, Validation Accuracy: 97.92%
[Epoch 14, Batch     2] loss: 0.001
[Epoch 14, Batch   102] loss: 0.031
Epoch 14/20:
Train Loss: 0.0147, Train Accuracy: 98.99%
Validation Loss: 0.1092, Validation Accuracy: 97.22%
[Epoch 15, Batch     2] loss: 0.000
[Epoch 15, Batch   102] loss: 0.026
Epoch 15/20:
Train Loss: 0.0103, Train Accuracy: 99.33%
Validation Loss: 0.0921, Validation Accuracy: 97.36%
[Epoch 16, Batch     2] loss: 0.000
[Epoch 16, Batch   102] loss: 0.020
Epoch 16/20:
Train Loss: 0.0098, Train Accuracy: 99.34%
Validation Loss: 0.0739, Validation Accuracy: 97.88%
[Epoch 17, Batch     2] loss: 0.000
[Epoch 17, Batch   102] loss: 0.047
Epoch 17/20:
Train Loss: 0.0149, Train Accuracy: 98.80%
Validation Loss: 0.0886, Validation Accuracy: 97.31%
[Epoch 18, Batch     2] loss: 0.001
[Epoch 18, Batch   102] loss: 0.016
Epoch 18/20:
Train Loss: 0.0091, Train Accuracy: 99.38%
Validation Loss: 0.0500, Validation Accuracy: 98.58%
[Epoch 19, Batch     2] loss: 0.001
[Epoch 19, Batch   102] loss: 0.015
Epoch 19/20:
Train Loss: 0.0155, Train Accuracy: 99.24%
Validation Loss: 0.0668, Validation Accuracy: 98.12%
[Epoch 20, Batch     2] loss: 0.001
[Epoch 20, Batch   102] loss: 0.026
Epoch 20/20:
Train Loss: 0.0113, Train Accuracy: 99.21%
Validation Loss: 0.0543, Validation Accuracy: 98.52%
Model saved to models/resnet18-MNIST-random-0.8-1
Modified conv1: updated in_channels to 1.
Modified fc layer: updated out_features to 10.
Initialized untrained model.
resnet18-MNIST-random-0.9-1
[Epoch 1, Batch     2] loss: 0.043
Epoch 1/20:
Train Loss: 0.3103, Train Accuracy: 88.58%
Validation Loss: 0.3730, Validation Accuracy: 89.54%
[Epoch 2, Batch     2] loss: 0.004
Epoch 2/20:
Train Loss: 0.1456, Train Accuracy: 95.48%
Validation Loss: 0.1696, Validation Accuracy: 94.89%
[Epoch 3, Batch     2] loss: 0.001
Epoch 3/20:
Train Loss: 0.0973, Train Accuracy: 96.94%
Validation Loss: 0.1499, Validation Accuracy: 95.77%
[Epoch 4, Batch     2] loss: 0.003
Epoch 4/20:
Train Loss: 0.0868, Train Accuracy: 97.31%
Validation Loss: 0.1495, Validation Accuracy: 95.62%
[Epoch 5, Batch     2] loss: 0.002
Epoch 5/20:
Train Loss: 0.0674, Train Accuracy: 97.85%
Validation Loss: 0.1901, Validation Accuracy: 94.52%
[Epoch 6, Batch     2] loss: 0.002
Epoch 6/20:
Train Loss: 0.0502, Train Accuracy: 98.30%
Validation Loss: 0.1712, Validation Accuracy: 95.42%
[Epoch 7, Batch     2] loss: 0.000
Epoch 7/20:
Train Loss: 0.0440, Train Accuracy: 98.56%
Validation Loss: 0.1128, Validation Accuracy: 96.80%
[Epoch 8, Batch     2] loss: 0.000
Epoch 8/20:
Train Loss: 0.0442, Train Accuracy: 98.66%
Validation Loss: 0.1293, Validation Accuracy: 96.39%
[Epoch 9, Batch     2] loss: 0.000
Epoch 9/20:
Train Loss: 0.0479, Train Accuracy: 98.47%
Validation Loss: 0.2099, Validation Accuracy: 94.55%
[Epoch 10, Batch     2] loss: 0.001
Epoch 10/20:
Train Loss: 0.0259, Train Accuracy: 99.14%
Validation Loss: 0.0895, Validation Accuracy: 97.74%
[Epoch 11, Batch     2] loss: 0.000
Epoch 11/20:
Train Loss: 0.0278, Train Accuracy: 99.19%
Validation Loss: 0.1777, Validation Accuracy: 95.97%
[Epoch 12, Batch     2] loss: 0.001
Epoch 12/20:
Train Loss: 0.0378, Train Accuracy: 98.77%
Validation Loss: 0.1655, Validation Accuracy: 95.61%
[Epoch 13, Batch     2] loss: 0.000
Epoch 13/20:
Train Loss: 0.0346, Train Accuracy: 98.87%
Validation Loss: 0.1229, Validation Accuracy: 96.53%
[Epoch 14, Batch     2] loss: 0.000
Epoch 14/20:
Train Loss: 0.0341, Train Accuracy: 98.84%
Validation Loss: 0.2121, Validation Accuracy: 95.04%
[Epoch 15, Batch     2] loss: 0.002
Epoch 15/20:
Train Loss: 0.0244, Train Accuracy: 99.04%
Validation Loss: 0.0952, Validation Accuracy: 97.36%
[Epoch 16, Batch     2] loss: 0.000
Epoch 16/20:
Train Loss: 0.0240, Train Accuracy: 99.28%
Validation Loss: 0.1892, Validation Accuracy: 95.05%
[Epoch 17, Batch     2] loss: 0.000
Epoch 17/20:
Train Loss: 0.0389, Train Accuracy: 98.79%
Validation Loss: 0.1850, Validation Accuracy: 95.17%
[Epoch 18, Batch     2] loss: 0.001
Epoch 18/20:
Train Loss: 0.0192, Train Accuracy: 99.43%
Validation Loss: 0.0683, Validation Accuracy: 98.16%
[Epoch 19, Batch     2] loss: 0.000
Epoch 19/20:
Train Loss: 0.0157, Train Accuracy: 99.48%
Validation Loss: 0.0956, Validation Accuracy: 97.51%
[Epoch 20, Batch     2] loss: 0.000
Epoch 20/20:
Train Loss: 0.0158, Train Accuracy: 99.58%
Validation Loss: 0.1151, Validation Accuracy: 97.21%
Model saved to models/resnet18-MNIST-random-0.9-1
Modified conv1: updated in_channels to 1.
Modified fc layer: updated out_features to 10.
Initialized untrained model.
resnet18-MNIST-random-0.95-1
[Epoch 1, Batch     2] loss: 0.040
Epoch 1/20:
Train Loss: 0.4405, Train Accuracy: 82.27%
Validation Loss: 0.6721, Validation Accuracy: 80.85%
[Epoch 2, Batch     2] loss: 0.006
Epoch 2/20:
Train Loss: 0.1745, Train Accuracy: 93.82%
Validation Loss: 0.3273, Validation Accuracy: 90.53%
[Epoch 3, Batch     2] loss: 0.002
Epoch 3/20:
Train Loss: 0.1125, Train Accuracy: 96.06%
Validation Loss: 0.2124, Validation Accuracy: 93.91%
[Epoch 4, Batch     2] loss: 0.001
Epoch 4/20:
Train Loss: 0.0933, Train Accuracy: 97.08%
Validation Loss: 0.3687, Validation Accuracy: 89.59%
[Epoch 5, Batch     2] loss: 0.002
Epoch 5/20:
Train Loss: 0.0754, Train Accuracy: 97.72%
Validation Loss: 0.2180, Validation Accuracy: 93.50%
[Epoch 6, Batch     2] loss: 0.001
Epoch 6/20:
Train Loss: 0.0446, Train Accuracy: 98.27%
Validation Loss: 0.1295, Validation Accuracy: 96.09%
[Epoch 7, Batch     2] loss: 0.000
Epoch 7/20:
Train Loss: 0.0495, Train Accuracy: 98.27%
Validation Loss: 0.2807, Validation Accuracy: 92.85%
[Epoch 8, Batch     2] loss: 0.002
Epoch 8/20:
Train Loss: 0.0792, Train Accuracy: 97.52%
Validation Loss: 0.2082, Validation Accuracy: 94.02%
[Epoch 9, Batch     2] loss: 0.001
Epoch 9/20:
Train Loss: 0.0497, Train Accuracy: 98.27%
Validation Loss: 0.1573, Validation Accuracy: 95.82%
[Epoch 10, Batch     2] loss: 0.000
Epoch 10/20:
Train Loss: 0.0404, Train Accuracy: 98.71%
Validation Loss: 0.1383, Validation Accuracy: 96.08%
[Epoch 11, Batch     2] loss: 0.001
Epoch 11/20:
Train Loss: 0.0324, Train Accuracy: 98.85%
Validation Loss: 0.3116, Validation Accuracy: 91.86%
[Epoch 12, Batch     2] loss: 0.002
Epoch 12/20:
Train Loss: 0.0466, Train Accuracy: 98.34%
Validation Loss: 0.1436, Validation Accuracy: 95.90%
[Epoch 13, Batch     2] loss: 0.000
Epoch 13/20:
Train Loss: 0.0217, Train Accuracy: 99.32%
Validation Loss: 0.1769, Validation Accuracy: 95.40%
[Epoch 14, Batch     2] loss: 0.001
Epoch 14/20:
Train Loss: 0.0284, Train Accuracy: 98.98%
Validation Loss: 0.0997, Validation Accuracy: 97.26%
[Epoch 15, Batch     2] loss: 0.000
Epoch 15/20:
Train Loss: 0.0226, Train Accuracy: 99.15%
Validation Loss: 0.1209, Validation Accuracy: 96.84%
[Epoch 16, Batch     2] loss: 0.000
Epoch 16/20:
Train Loss: 0.0209, Train Accuracy: 99.15%
Validation Loss: 0.1193, Validation Accuracy: 96.68%
[Epoch 17, Batch     2] loss: 0.000
Epoch 17/20:
Train Loss: 0.0140, Train Accuracy: 99.63%
Validation Loss: 0.1656, Validation Accuracy: 95.87%
[Epoch 18, Batch     2] loss: 0.000
Epoch 18/20:
Train Loss: 0.0182, Train Accuracy: 99.35%
Validation Loss: 0.1862, Validation Accuracy: 94.90%
[Epoch 19, Batch     2] loss: 0.000
Epoch 19/20:
Train Loss: 0.0179, Train Accuracy: 99.32%
Validation Loss: 0.1269, Validation Accuracy: 96.88%
[Epoch 20, Batch     2] loss: 0.000
Epoch 20/20:
Train Loss: 0.0324, Train Accuracy: 98.91%
Validation Loss: 0.2761, Validation Accuracy: 93.51%
Model saved to models/resnet18-MNIST-random-0.95-1
Modified conv1: updated in_channels to 1.
Modified fc layer: updated out_features to 10.
Loaded weights from file: models/resnet18_MNIST_1
Modified conv1: updated in_channels to 1.
Modified fc layer: updated out_features to 10.
Initialized untrained model.
resnet18-MNIST-predictive_entropy-balanced_by_score-0.3-1
[Epoch 1, Batch     2] loss: 0.042
[Epoch 1, Batch   102] loss: 0.334
[Epoch 1, Batch   202] loss: 0.183
[Epoch 1, Batch   302] loss: 0.154
[Epoch 1, Batch   402] loss: 0.125
[Epoch 1, Batch   502] loss: 0.110
[Epoch 1, Batch   602] loss: 0.097
Epoch 1/20:
Train Loss: 0.0078, Train Accuracy: 94.84%
Validation Loss: 0.0955, Validation Accuracy: 97.20%
[Epoch 2, Batch     2] loss: 0.002
[Epoch 2, Batch   102] loss: 0.095
[Epoch 2, Batch   202] loss: 0.074
[Epoch 2, Batch   302] loss: 0.076
[Epoch 2, Batch   402] loss: 0.060
[Epoch 2, Batch   502] loss: 0.070
[Epoch 2, Batch   602] loss: 0.072
Epoch 2/20:
Train Loss: 0.0076, Train Accuracy: 97.74%
Validation Loss: 0.0599, Validation Accuracy: 98.15%
[Epoch 3, Batch     2] loss: 0.001
[Epoch 3, Batch   102] loss: 0.062
[Epoch 3, Batch   202] loss: 0.060
[Epoch 3, Batch   302] loss: 0.056
[Epoch 3, Batch   402] loss: 0.067
[Epoch 3, Batch   502] loss: 0.054
[Epoch 3, Batch   602] loss: 0.057
Epoch 3/20:
Train Loss: 0.0054, Train Accuracy: 98.19%
Validation Loss: 0.0647, Validation Accuracy: 98.08%
[Epoch 4, Batch     2] loss: 0.002
[Epoch 4, Batch   102] loss: 0.047
[Epoch 4, Batch   202] loss: 0.046
[Epoch 4, Batch   302] loss: 0.052
[Epoch 4, Batch   402] loss: 0.048
[Epoch 4, Batch   502] loss: 0.056
[Epoch 4, Batch   602] loss: 0.058
Epoch 4/20:
Train Loss: 0.0036, Train Accuracy: 98.50%
Validation Loss: 0.0435, Validation Accuracy: 98.74%
[Epoch 5, Batch     2] loss: 0.001
[Epoch 5, Batch   102] loss: 0.035
[Epoch 5, Batch   202] loss: 0.039
[Epoch 5, Batch   302] loss: 0.046
[Epoch 5, Batch   402] loss: 0.039
[Epoch 5, Batch   502] loss: 0.046
[Epoch 5, Batch   602] loss: 0.047
Epoch 5/20:
Train Loss: 0.0036, Train Accuracy: 98.67%
Validation Loss: 0.0749, Validation Accuracy: 97.68%
[Epoch 6, Batch     2] loss: 0.000
[Epoch 6, Batch   102] loss: 0.033
[Epoch 6, Batch   202] loss: 0.042
[Epoch 6, Batch   302] loss: 0.042
[Epoch 6, Batch   402] loss: 0.034
[Epoch 6, Batch   502] loss: 0.052
[Epoch 6, Batch   602] loss: 0.046
Epoch 6/20:
Train Loss: 0.0039, Train Accuracy: 98.74%
Validation Loss: 0.0497, Validation Accuracy: 98.32%
[Epoch 7, Batch     2] loss: 0.001
[Epoch 7, Batch   102] loss: 0.030
[Epoch 7, Batch   202] loss: 0.032
[Epoch 7, Batch   302] loss: 0.028
[Epoch 7, Batch   402] loss: 0.049
[Epoch 7, Batch   502] loss: 0.040
[Epoch 7, Batch   602] loss: 0.046
Epoch 7/20:
Train Loss: 0.0030, Train Accuracy: 98.82%
Validation Loss: 0.0438, Validation Accuracy: 98.76%
[Epoch 8, Batch     2] loss: 0.000
[Epoch 8, Batch   102] loss: 0.025
[Epoch 8, Batch   202] loss: 0.044
[Epoch 8, Batch   302] loss: 0.026
[Epoch 8, Batch   402] loss: 0.041
[Epoch 8, Batch   502] loss: 0.041
[Epoch 8, Batch   602] loss: 0.040
Epoch 8/20:
Train Loss: 0.0036, Train Accuracy: 98.91%
Validation Loss: 0.0422, Validation Accuracy: 98.57%
[Epoch 9, Batch     2] loss: 0.000
[Epoch 9, Batch   102] loss: 0.030
[Epoch 9, Batch   202] loss: 0.029
[Epoch 9, Batch   302] loss: 0.022
[Epoch 9, Batch   402] loss: 0.032
[Epoch 9, Batch   502] loss: 0.035
[Epoch 9, Batch   602] loss: 0.031
Epoch 9/20:
Train Loss: 0.0035, Train Accuracy: 99.06%
Validation Loss: 0.0323, Validation Accuracy: 99.05%
[Epoch 10, Batch     2] loss: 0.000
[Epoch 10, Batch   102] loss: 0.037
[Epoch 10, Batch   202] loss: 0.022
[Epoch 10, Batch   302] loss: 0.031
[Epoch 10, Batch   402] loss: 0.033
[Epoch 10, Batch   502] loss: 0.031
[Epoch 10, Batch   602] loss: 0.035
Epoch 10/20:
Train Loss: 0.0025, Train Accuracy: 99.03%
Validation Loss: 0.0342, Validation Accuracy: 98.95%
[Epoch 11, Batch     2] loss: 0.001
[Epoch 11, Batch   102] loss: 0.026
[Epoch 11, Batch   202] loss: 0.031
[Epoch 11, Batch   302] loss: 0.024
[Epoch 11, Batch   402] loss: 0.030
[Epoch 11, Batch   502] loss: 0.032
[Epoch 11, Batch   602] loss: 0.043
Epoch 11/20:
Train Loss: 0.0027, Train Accuracy: 99.04%
Validation Loss: 0.0297, Validation Accuracy: 99.14%
[Epoch 12, Batch     2] loss: 0.000
[Epoch 12, Batch   102] loss: 0.015
[Epoch 12, Batch   202] loss: 0.017
[Epoch 12, Batch   302] loss: 0.028
[Epoch 12, Batch   402] loss: 0.030
[Epoch 12, Batch   502] loss: 0.024
[Epoch 12, Batch   602] loss: 0.026
Epoch 12/20:
Train Loss: 0.0040, Train Accuracy: 99.22%
Validation Loss: 0.0405, Validation Accuracy: 98.63%
[Epoch 13, Batch     2] loss: 0.001
[Epoch 13, Batch   102] loss: 0.029
[Epoch 13, Batch   202] loss: 0.028
[Epoch 13, Batch   302] loss: 0.032
[Epoch 13, Batch   402] loss: 0.030
[Epoch 13, Batch   502] loss: 0.024
[Epoch 13, Batch   602] loss: 0.021
Epoch 13/20:
Train Loss: 0.0020, Train Accuracy: 99.15%
Validation Loss: 0.0398, Validation Accuracy: 98.82%
[Epoch 14, Batch     2] loss: 0.000
[Epoch 14, Batch   102] loss: 0.018
[Epoch 14, Batch   202] loss: 0.014
[Epoch 14, Batch   302] loss: 0.029
[Epoch 14, Batch   402] loss: 0.026
[Epoch 14, Batch   502] loss: 0.032
[Epoch 14, Batch   602] loss: 0.026
Epoch 14/20:
Train Loss: 0.0022, Train Accuracy: 99.25%
Validation Loss: 0.0468, Validation Accuracy: 98.70%
[Epoch 15, Batch     2] loss: 0.000
[Epoch 15, Batch   102] loss: 0.020
[Epoch 15, Batch   202] loss: 0.019
[Epoch 15, Batch   302] loss: 0.024
[Epoch 15, Batch   402] loss: 0.027
[Epoch 15, Batch   502] loss: 0.029
[Epoch 15, Batch   602] loss: 0.017
Epoch 15/20:
Train Loss: 0.0018, Train Accuracy: 99.32%
Validation Loss: 0.0351, Validation Accuracy: 98.97%
[Epoch 16, Batch     2] loss: 0.000
[Epoch 16, Batch   102] loss: 0.009
[Epoch 16, Batch   202] loss: 0.014
[Epoch 16, Batch   302] loss: 0.026
[Epoch 16, Batch   402] loss: 0.022
[Epoch 16, Batch   502] loss: 0.016
[Epoch 16, Batch   602] loss: 0.025
Epoch 16/20:
Train Loss: 0.0027, Train Accuracy: 99.40%
Validation Loss: 0.0447, Validation Accuracy: 98.70%
[Epoch 17, Batch     2] loss: 0.000
[Epoch 17, Batch   102] loss: 0.012
[Epoch 17, Batch   202] loss: 0.018
[Epoch 17, Batch   302] loss: 0.022
[Epoch 17, Batch   402] loss: 0.023
[Epoch 17, Batch   502] loss: 0.027
[Epoch 17, Batch   602] loss: 0.020
Epoch 17/20:
Train Loss: 0.0014, Train Accuracy: 99.37%
Validation Loss: 0.0365, Validation Accuracy: 98.97%
[Epoch 18, Batch     2] loss: 0.001
[Epoch 18, Batch   102] loss: 0.013
[Epoch 18, Batch   202] loss: 0.021
[Epoch 18, Batch   302] loss: 0.019
[Epoch 18, Batch   402] loss: 0.018
[Epoch 18, Batch   502] loss: 0.015
[Epoch 18, Batch   602] loss: 0.018
Epoch 18/20:
Train Loss: 0.0018, Train Accuracy: 99.44%
Validation Loss: 0.0334, Validation Accuracy: 98.93%
[Epoch 19, Batch     2] loss: 0.000
[Epoch 19, Batch   102] loss: 0.011
[Epoch 19, Batch   202] loss: 0.010
[Epoch 19, Batch   302] loss: 0.016
[Epoch 19, Batch   402] loss: 0.018
[Epoch 19, Batch   502] loss: 0.018
[Epoch 19, Batch   602] loss: 0.015
Epoch 19/20:
Train Loss: 0.0012, Train Accuracy: 99.57%
Validation Loss: 0.0344, Validation Accuracy: 98.97%
[Epoch 20, Batch     2] loss: 0.000
[Epoch 20, Batch   102] loss: 0.021
[Epoch 20, Batch   202] loss: 0.021
[Epoch 20, Batch   302] loss: 0.016
[Epoch 20, Batch   402] loss: 0.021
[Epoch 20, Batch   502] loss: 0.015
[Epoch 20, Batch   602] loss: 0.023
Epoch 20/20:
Train Loss: 0.0014, Train Accuracy: 99.40%
Validation Loss: 0.0361, Validation Accuracy: 98.87%
Model saved to models/resnet18-MNIST-predictive_entropy-balanced_by_score-0.3-1
Modified conv1: updated in_channels to 1.
Modified fc layer: updated out_features to 10.
Initialized untrained model.
resnet18-MNIST-predictive_entropy-balanced_by_score-0.5-1
[Epoch 1, Batch     2] loss: 0.044
[Epoch 1, Batch   102] loss: 0.336
[Epoch 1, Batch   202] loss: 0.177
[Epoch 1, Batch   302] loss: 0.155
[Epoch 1, Batch   402] loss: 0.117
Epoch 1/20:
Train Loss: 0.0139, Train Accuracy: 94.07%
Validation Loss: 0.0958, Validation Accuracy: 96.98%
[Epoch 2, Batch     2] loss: 0.001
[Epoch 2, Batch   102] loss: 0.104
[Epoch 2, Batch   202] loss: 0.078
[Epoch 2, Batch   302] loss: 0.093
[Epoch 2, Batch   402] loss: 0.089
Epoch 2/20:
Train Loss: 0.0107, Train Accuracy: 97.35%
Validation Loss: 0.1010, Validation Accuracy: 96.97%
[Epoch 3, Batch     2] loss: 0.001
[Epoch 3, Batch   102] loss: 0.054
[Epoch 3, Batch   202] loss: 0.064
[Epoch 3, Batch   302] loss: 0.076
[Epoch 3, Batch   402] loss: 0.064
Epoch 3/20:
Train Loss: 0.0085, Train Accuracy: 98.05%
Validation Loss: 0.0488, Validation Accuracy: 98.58%
[Epoch 4, Batch     2] loss: 0.000
[Epoch 4, Batch   102] loss: 0.051
[Epoch 4, Batch   202] loss: 0.059
[Epoch 4, Batch   302] loss: 0.053
[Epoch 4, Batch   402] loss: 0.054
Epoch 4/20:
Train Loss: 0.0079, Train Accuracy: 98.39%
Validation Loss: 0.0644, Validation Accuracy: 97.96%
[Epoch 5, Batch     2] loss: 0.001
[Epoch 5, Batch   102] loss: 0.049
[Epoch 5, Batch   202] loss: 0.044
[Epoch 5, Batch   302] loss: 0.048
[Epoch 5, Batch   402] loss: 0.046
Epoch 5/20:
Train Loss: 0.0058, Train Accuracy: 98.57%
Validation Loss: 0.0617, Validation Accuracy: 98.14%
[Epoch 6, Batch     2] loss: 0.001
[Epoch 6, Batch   102] loss: 0.046
[Epoch 6, Batch   202] loss: 0.034
[Epoch 6, Batch   302] loss: 0.053
[Epoch 6, Batch   402] loss: 0.037
Epoch 6/20:
Train Loss: 0.0056, Train Accuracy: 98.73%
Validation Loss: 0.0630, Validation Accuracy: 98.15%
[Epoch 7, Batch     2] loss: 0.000
[Epoch 7, Batch   102] loss: 0.036
[Epoch 7, Batch   202] loss: 0.033
[Epoch 7, Batch   302] loss: 0.039
[Epoch 7, Batch   402] loss: 0.046
Epoch 7/20:
Train Loss: 0.0064, Train Accuracy: 98.77%
Validation Loss: 0.0579, Validation Accuracy: 98.17%
[Epoch 8, Batch     2] loss: 0.001
[Epoch 8, Batch   102] loss: 0.028
[Epoch 8, Batch   202] loss: 0.029
[Epoch 8, Batch   302] loss: 0.044
[Epoch 8, Batch   402] loss: 0.042
Epoch 8/20:
Train Loss: 0.0039, Train Accuracy: 98.95%
Validation Loss: 0.0430, Validation Accuracy: 98.67%
[Epoch 9, Batch     2] loss: 0.001
[Epoch 9, Batch   102] loss: 0.029
[Epoch 9, Batch   202] loss: 0.032
[Epoch 9, Batch   302] loss: 0.042
[Epoch 9, Batch   402] loss: 0.038
Epoch 9/20:
Train Loss: 0.0047, Train Accuracy: 98.93%
Validation Loss: 0.0664, Validation Accuracy: 98.13%
[Epoch 10, Batch     2] loss: 0.000
[Epoch 10, Batch   102] loss: 0.031
[Epoch 10, Batch   202] loss: 0.034
[Epoch 10, Batch   302] loss: 0.021
[Epoch 10, Batch   402] loss: 0.034
Epoch 10/20:
Train Loss: 0.0057, Train Accuracy: 99.02%
Validation Loss: 0.0633, Validation Accuracy: 98.15%
[Epoch 11, Batch     2] loss: 0.001
[Epoch 11, Batch   102] loss: 0.030
[Epoch 11, Batch   202] loss: 0.032
[Epoch 11, Batch   302] loss: 0.032
[Epoch 11, Batch   402] loss: 0.031
Epoch 11/20:
Train Loss: 0.0043, Train Accuracy: 99.03%
Validation Loss: 0.0475, Validation Accuracy: 98.71%
[Epoch 12, Batch     2] loss: 0.000
[Epoch 12, Batch   102] loss: 0.021
[Epoch 12, Batch   202] loss: 0.023
[Epoch 12, Batch   302] loss: 0.026
[Epoch 12, Batch   402] loss: 0.020
Epoch 12/20:
Train Loss: 0.0070, Train Accuracy: 99.25%
Validation Loss: 0.1810, Validation Accuracy: 94.71%
[Epoch 13, Batch     2] loss: 0.001
[Epoch 13, Batch   102] loss: 0.030
[Epoch 13, Batch   202] loss: 0.025
[Epoch 13, Batch   302] loss: 0.031
[Epoch 13, Batch   402] loss: 0.030
Epoch 13/20:
Train Loss: 0.0049, Train Accuracy: 99.12%
Validation Loss: 0.0435, Validation Accuracy: 98.82%
[Epoch 14, Batch     2] loss: 0.001
[Epoch 14, Batch   102] loss: 0.021
[Epoch 14, Batch   202] loss: 0.028
[Epoch 14, Batch   302] loss: 0.032
[Epoch 14, Batch   402] loss: 0.025
Epoch 14/20:
Train Loss: 0.0044, Train Accuracy: 99.18%
Validation Loss: 0.0617, Validation Accuracy: 98.35%
[Epoch 15, Batch     2] loss: 0.000
[Epoch 15, Batch   102] loss: 0.018
[Epoch 15, Batch   202] loss: 0.024
[Epoch 15, Batch   302] loss: 0.027
[Epoch 15, Batch   402] loss: 0.022
Epoch 15/20:
Train Loss: 0.0036, Train Accuracy: 99.33%
Validation Loss: 0.0462, Validation Accuracy: 98.60%
[Epoch 16, Batch     2] loss: 0.000
[Epoch 16, Batch   102] loss: 0.019
[Epoch 16, Batch   202] loss: 0.026
[Epoch 16, Batch   302] loss: 0.025
[Epoch 16, Batch   402] loss: 0.027
Epoch 16/20:
Train Loss: 0.0031, Train Accuracy: 99.30%
Validation Loss: 0.0606, Validation Accuracy: 98.30%
[Epoch 17, Batch     2] loss: 0.000
[Epoch 17, Batch   102] loss: 0.018
[Epoch 17, Batch   202] loss: 0.017
[Epoch 17, Batch   302] loss: 0.020
[Epoch 17, Batch   402] loss: 0.024
Epoch 17/20:
Train Loss: 0.0029, Train Accuracy: 99.43%
Validation Loss: 0.0447, Validation Accuracy: 98.61%
[Epoch 18, Batch     2] loss: 0.000
[Epoch 18, Batch   102] loss: 0.014
[Epoch 18, Batch   202] loss: 0.019
[Epoch 18, Batch   302] loss: 0.016
[Epoch 18, Batch   402] loss: 0.022
Epoch 18/20:
Train Loss: 0.0041, Train Accuracy: 99.44%
Validation Loss: 0.0702, Validation Accuracy: 98.01%
[Epoch 19, Batch     2] loss: 0.001
[Epoch 19, Batch   102] loss: 0.023
[Epoch 19, Batch   202] loss: 0.015
[Epoch 19, Batch   302] loss: 0.026
[Epoch 19, Batch   402] loss: 0.022
Epoch 19/20:
Train Loss: 0.0018, Train Accuracy: 99.41%
Validation Loss: 0.0389, Validation Accuracy: 98.98%
[Epoch 20, Batch     2] loss: 0.000
[Epoch 20, Batch   102] loss: 0.014
[Epoch 20, Batch   202] loss: 0.018
[Epoch 20, Batch   302] loss: 0.021
[Epoch 20, Batch   402] loss: 0.023
Epoch 20/20:
Train Loss: 0.0029, Train Accuracy: 99.40%
Validation Loss: 0.0404, Validation Accuracy: 98.86%
Model saved to models/resnet18-MNIST-predictive_entropy-balanced_by_score-0.5-1
Modified conv1: updated in_channels to 1.
Modified fc layer: updated out_features to 10.
Initialized untrained model.
resnet18-MNIST-predictive_entropy-balanced_by_score-0.7-1
[Epoch 1, Batch     2] loss: 0.041
[Epoch 1, Batch   102] loss: 0.316
[Epoch 1, Batch   202] loss: 0.172
Epoch 1/20:
Train Loss: 0.0429, Train Accuracy: 92.87%
Validation Loss: 0.1264, Validation Accuracy: 96.23%
[Epoch 2, Batch     2] loss: 0.001
[Epoch 2, Batch   102] loss: 0.106
[Epoch 2, Batch   202] loss: 0.104
Epoch 2/20:
Train Loss: 0.0245, Train Accuracy: 96.98%
Validation Loss: 0.0694, Validation Accuracy: 97.72%
[Epoch 3, Batch     2] loss: 0.002
[Epoch 3, Batch   102] loss: 0.073
[Epoch 3, Batch   202] loss: 0.090
Epoch 3/20:
Train Loss: 0.0219, Train Accuracy: 97.46%
Validation Loss: 0.0922, Validation Accuracy: 96.99%
[Epoch 4, Batch     2] loss: 0.001
[Epoch 4, Batch   102] loss: 0.071
[Epoch 4, Batch   202] loss: 0.069
Epoch 4/20:
Train Loss: 0.0173, Train Accuracy: 97.97%
Validation Loss: 0.0854, Validation Accuracy: 97.64%
[Epoch 5, Batch     2] loss: 0.000
[Epoch 5, Batch   102] loss: 0.039
[Epoch 5, Batch   202] loss: 0.053
Epoch 5/20:
Train Loss: 0.0172, Train Accuracy: 98.50%
Validation Loss: 0.1104, Validation Accuracy: 96.71%
[Epoch 6, Batch     2] loss: 0.002
[Epoch 6, Batch   102] loss: 0.045
[Epoch 6, Batch   202] loss: 0.043
Epoch 6/20:
Train Loss: 0.0143, Train Accuracy: 98.58%
Validation Loss: 0.0734, Validation Accuracy: 97.78%
[Epoch 7, Batch     2] loss: 0.001
[Epoch 7, Batch   102] loss: 0.029
[Epoch 7, Batch   202] loss: 0.054
Epoch 7/20:
Train Loss: 0.0146, Train Accuracy: 98.57%
Validation Loss: 0.0695, Validation Accuracy: 98.07%
[Epoch 8, Batch     2] loss: 0.001
[Epoch 8, Batch   102] loss: 0.036
[Epoch 8, Batch   202] loss: 0.043
Epoch 8/20:
Train Loss: 0.0097, Train Accuracy: 98.78%
Validation Loss: 0.0438, Validation Accuracy: 98.66%
[Epoch 9, Batch     2] loss: 0.000
[Epoch 9, Batch   102] loss: 0.031
[Epoch 9, Batch   202] loss: 0.040
Epoch 9/20:
Train Loss: 0.0139, Train Accuracy: 98.80%
Validation Loss: 0.0489, Validation Accuracy: 98.64%
[Epoch 10, Batch     2] loss: 0.000
[Epoch 10, Batch   102] loss: 0.031
[Epoch 10, Batch   202] loss: 0.027
Epoch 10/20:
Train Loss: 0.0103, Train Accuracy: 99.09%
Validation Loss: 0.0682, Validation Accuracy: 98.03%
[Epoch 11, Batch     2] loss: 0.000
[Epoch 11, Batch   102] loss: 0.023
[Epoch 11, Batch   202] loss: 0.045
Epoch 11/20:
Train Loss: 0.0097, Train Accuracy: 98.94%
Validation Loss: 0.0471, Validation Accuracy: 98.67%
[Epoch 12, Batch     2] loss: 0.000
[Epoch 12, Batch   102] loss: 0.017
[Epoch 12, Batch   202] loss: 0.041
Epoch 12/20:
Train Loss: 0.0092, Train Accuracy: 99.17%
Validation Loss: 0.0458, Validation Accuracy: 98.60%
[Epoch 13, Batch     2] loss: 0.000
[Epoch 13, Batch   102] loss: 0.025
[Epoch 13, Batch   202] loss: 0.019
Epoch 13/20:
Train Loss: 0.0097, Train Accuracy: 99.24%
Validation Loss: 0.0739, Validation Accuracy: 97.90%
[Epoch 14, Batch     2] loss: 0.002
[Epoch 14, Batch   102] loss: 0.031
[Epoch 14, Batch   202] loss: 0.028
Epoch 14/20:
Train Loss: 0.0083, Train Accuracy: 99.13%
Validation Loss: 0.0504, Validation Accuracy: 98.60%
[Epoch 15, Batch     2] loss: 0.000
[Epoch 15, Batch   102] loss: 0.016
[Epoch 15, Batch   202] loss: 0.033
Epoch 15/20:
Train Loss: 0.0089, Train Accuracy: 99.15%
Validation Loss: 0.0536, Validation Accuracy: 98.49%
[Epoch 16, Batch     2] loss: 0.000
[Epoch 16, Batch   102] loss: 0.024
[Epoch 16, Batch   202] loss: 0.026
Epoch 16/20:
Train Loss: 0.0059, Train Accuracy: 99.23%
Validation Loss: 0.0546, Validation Accuracy: 98.56%
[Epoch 17, Batch     2] loss: 0.000
[Epoch 17, Batch   102] loss: 0.023
[Epoch 17, Batch   202] loss: 0.031
Epoch 17/20:
Train Loss: 0.0067, Train Accuracy: 99.20%
Validation Loss: 0.0620, Validation Accuracy: 98.40%
[Epoch 18, Batch     2] loss: 0.000
[Epoch 18, Batch   102] loss: 0.018
[Epoch 18, Batch   202] loss: 0.027
Epoch 18/20:
Train Loss: 0.0073, Train Accuracy: 99.25%
Validation Loss: 0.0404, Validation Accuracy: 98.80%
[Epoch 19, Batch     2] loss: 0.000
[Epoch 19, Batch   102] loss: 0.011
[Epoch 19, Batch   202] loss: 0.014
Epoch 19/20:
Train Loss: 0.0055, Train Accuracy: 99.57%
Validation Loss: 0.0573, Validation Accuracy: 98.23%
[Epoch 20, Batch     2] loss: 0.000
[Epoch 20, Batch   102] loss: 0.018
[Epoch 20, Batch   202] loss: 0.031
Epoch 20/20:
Train Loss: 0.0095, Train Accuracy: 99.29%
Validation Loss: 0.0417, Validation Accuracy: 98.86%
Model saved to models/resnet18-MNIST-predictive_entropy-balanced_by_score-0.7-1
Modified conv1: updated in_channels to 1.
Modified fc layer: updated out_features to 10.
Initialized untrained model.
resnet18-MNIST-predictive_entropy-balanced_by_score-0.8-1
[Epoch 1, Batch     2] loss: 0.042
[Epoch 1, Batch   102] loss: 0.346
Epoch 1/20:
Train Loss: 0.0749, Train Accuracy: 91.33%
Validation Loss: 0.4750, Validation Accuracy: 85.71%
[Epoch 2, Batch     2] loss: 0.002
[Epoch 2, Batch   102] loss: 0.133
Epoch 2/20:
Train Loss: 0.0485, Train Accuracy: 96.27%
Validation Loss: 0.1183, Validation Accuracy: 96.23%
[Epoch 3, Batch     2] loss: 0.001
[Epoch 3, Batch   102] loss: 0.089
Epoch 3/20:
Train Loss: 0.0459, Train Accuracy: 97.13%
Validation Loss: 0.1207, Validation Accuracy: 96.11%
[Epoch 4, Batch     2] loss: 0.001
[Epoch 4, Batch   102] loss: 0.066
Epoch 4/20:
Train Loss: 0.0321, Train Accuracy: 97.88%
Validation Loss: 0.0933, Validation Accuracy: 97.05%
[Epoch 5, Batch     2] loss: 0.001
[Epoch 5, Batch   102] loss: 0.062
Epoch 5/20:
Train Loss: 0.0331, Train Accuracy: 97.90%
Validation Loss: 0.0799, Validation Accuracy: 97.53%
[Epoch 6, Batch     2] loss: 0.001
[Epoch 6, Batch   102] loss: 0.042
Epoch 6/20:
Train Loss: 0.0239, Train Accuracy: 98.60%
Validation Loss: 0.0621, Validation Accuracy: 98.27%
[Epoch 7, Batch     2] loss: 0.002
[Epoch 7, Batch   102] loss: 0.031
Epoch 7/20:
Train Loss: 0.0184, Train Accuracy: 98.84%
Validation Loss: 0.0611, Validation Accuracy: 98.01%
[Epoch 8, Batch     2] loss: 0.001
[Epoch 8, Batch   102] loss: 0.035
Epoch 8/20:
Train Loss: 0.0205, Train Accuracy: 98.74%
Validation Loss: 0.0951, Validation Accuracy: 97.34%
[Epoch 9, Batch     2] loss: 0.002
[Epoch 9, Batch   102] loss: 0.030
Epoch 9/20:
Train Loss: 0.0190, Train Accuracy: 98.85%
Validation Loss: 0.1100, Validation Accuracy: 97.07%
[Epoch 10, Batch     2] loss: 0.002
[Epoch 10, Batch   102] loss: 0.030
Epoch 10/20:
Train Loss: 0.0182, Train Accuracy: 98.83%
Validation Loss: 0.1796, Validation Accuracy: 95.45%
[Epoch 11, Batch     2] loss: 0.001
[Epoch 11, Batch   102] loss: 0.029
Epoch 11/20:
Train Loss: 0.0140, Train Accuracy: 99.02%
Validation Loss: 0.0943, Validation Accuracy: 97.28%
[Epoch 12, Batch     2] loss: 0.001
[Epoch 12, Batch   102] loss: 0.033
Epoch 12/20:
Train Loss: 0.0207, Train Accuracy: 98.72%
Validation Loss: 0.0669, Validation Accuracy: 98.06%
[Epoch 13, Batch     2] loss: 0.000
[Epoch 13, Batch   102] loss: 0.010
Epoch 13/20:
Train Loss: 0.0109, Train Accuracy: 99.53%
Validation Loss: 0.0636, Validation Accuracy: 98.26%
[Epoch 14, Batch     2] loss: 0.000
[Epoch 14, Batch   102] loss: 0.017
Epoch 14/20:
Train Loss: 0.0123, Train Accuracy: 99.39%
Validation Loss: 0.1093, Validation Accuracy: 97.10%
[Epoch 15, Batch     2] loss: 0.000
[Epoch 15, Batch   102] loss: 0.034
Epoch 15/20:
Train Loss: 0.0105, Train Accuracy: 99.14%
Validation Loss: 0.0841, Validation Accuracy: 97.57%
[Epoch 16, Batch     2] loss: 0.001
[Epoch 16, Batch   102] loss: 0.027
Epoch 16/20:
Train Loss: 0.0122, Train Accuracy: 99.07%
Validation Loss: 0.0779, Validation Accuracy: 97.91%
[Epoch 17, Batch     2] loss: 0.000
[Epoch 17, Batch   102] loss: 0.019
Epoch 17/20:
Train Loss: 0.0089, Train Accuracy: 99.32%
Validation Loss: 0.0765, Validation Accuracy: 98.00%
[Epoch 18, Batch     2] loss: 0.000
[Epoch 18, Batch   102] loss: 0.025
Epoch 18/20:
Train Loss: 0.0124, Train Accuracy: 99.15%
Validation Loss: 0.0654, Validation Accuracy: 98.20%
[Epoch 19, Batch     2] loss: 0.000
[Epoch 19, Batch   102] loss: 0.020
Epoch 19/20:
Train Loss: 0.0086, Train Accuracy: 99.43%
Validation Loss: 0.1360, Validation Accuracy: 95.93%
[Epoch 20, Batch     2] loss: 0.001
[Epoch 20, Batch   102] loss: 0.013
Epoch 20/20:
Train Loss: 0.0136, Train Accuracy: 99.38%
Validation Loss: 0.0556, Validation Accuracy: 98.51%
Model saved to models/resnet18-MNIST-predictive_entropy-balanced_by_score-0.8-1
Modified conv1: updated in_channels to 1.
Modified fc layer: updated out_features to 10.
Initialized untrained model.
resnet18-MNIST-predictive_entropy-balanced_by_score-0.9-1
[Epoch 1, Batch     2] loss: 0.041
Epoch 1/20:
Train Loss: 0.3386, Train Accuracy: 87.60%
Validation Loss: 0.2470, Validation Accuracy: 92.69%
[Epoch 2, Batch     2] loss: 0.003
Epoch 2/20:
Train Loss: 0.1327, Train Accuracy: 95.82%
Validation Loss: 0.2253, Validation Accuracy: 92.98%
[Epoch 3, Batch     2] loss: 0.002
Epoch 3/20:
Train Loss: 0.0891, Train Accuracy: 97.32%
Validation Loss: 0.1523, Validation Accuracy: 95.40%
[Epoch 4, Batch     2] loss: 0.001
Epoch 4/20:
Train Loss: 0.0871, Train Accuracy: 97.16%
Validation Loss: 0.1191, Validation Accuracy: 96.60%
[Epoch 5, Batch     2] loss: 0.001
Epoch 5/20:
Train Loss: 0.0736, Train Accuracy: 97.64%
Validation Loss: 0.1916, Validation Accuracy: 94.36%
[Epoch 6, Batch     2] loss: 0.002
Epoch 6/20:
Train Loss: 0.0487, Train Accuracy: 98.49%
Validation Loss: 0.1414, Validation Accuracy: 96.50%
[Epoch 7, Batch     2] loss: 0.000
Epoch 7/20:
Train Loss: 0.0433, Train Accuracy: 98.71%
Validation Loss: 0.1111, Validation Accuracy: 96.85%
[Epoch 8, Batch     2] loss: 0.000
Epoch 8/20:
Train Loss: 0.0451, Train Accuracy: 98.76%
Validation Loss: 0.1003, Validation Accuracy: 97.10%
[Epoch 9, Batch     2] loss: 0.000
Epoch 9/20:
Train Loss: 0.0500, Train Accuracy: 98.37%
Validation Loss: 0.1442, Validation Accuracy: 95.83%
[Epoch 10, Batch     2] loss: 0.001
Epoch 10/20:
Train Loss: 0.0311, Train Accuracy: 98.91%
Validation Loss: 0.0984, Validation Accuracy: 97.19%
[Epoch 11, Batch     2] loss: 0.000
Epoch 11/20:
Train Loss: 0.0322, Train Accuracy: 98.91%
Validation Loss: 0.0932, Validation Accuracy: 97.18%
[Epoch 12, Batch     2] loss: 0.001
Epoch 12/20:
Train Loss: 0.0245, Train Accuracy: 99.30%
Validation Loss: 0.0740, Validation Accuracy: 97.97%
[Epoch 13, Batch     2] loss: 0.000
Epoch 13/20:
Train Loss: 0.0166, Train Accuracy: 99.44%
Validation Loss: 0.0748, Validation Accuracy: 97.88%
[Epoch 14, Batch     2] loss: 0.000
Epoch 14/20:
Train Loss: 0.0281, Train Accuracy: 99.20%
Validation Loss: 0.0864, Validation Accuracy: 97.66%
[Epoch 15, Batch     2] loss: 0.000
Epoch 15/20:
Train Loss: 0.0291, Train Accuracy: 99.03%
Validation Loss: 0.1811, Validation Accuracy: 94.98%
[Epoch 16, Batch     2] loss: 0.001
Epoch 16/20:
Train Loss: 0.0253, Train Accuracy: 99.27%
Validation Loss: 0.1146, Validation Accuracy: 96.97%
[Epoch 17, Batch     2] loss: 0.000
Epoch 17/20:
Train Loss: 0.0203, Train Accuracy: 99.29%
Validation Loss: 0.1416, Validation Accuracy: 96.48%
[Epoch 18, Batch     2] loss: 0.000
Epoch 18/20:
Train Loss: 0.0203, Train Accuracy: 99.41%
Validation Loss: 0.1282, Validation Accuracy: 96.68%
[Epoch 19, Batch     2] loss: 0.000
Epoch 19/20:
Train Loss: 0.0343, Train Accuracy: 98.83%
Validation Loss: 0.1487, Validation Accuracy: 96.13%
[Epoch 20, Batch     2] loss: 0.000
Epoch 20/20:
Train Loss: 0.0258, Train Accuracy: 99.18%
Validation Loss: 0.1455, Validation Accuracy: 96.27%
Model saved to models/resnet18-MNIST-predictive_entropy-balanced_by_score-0.9-1
Modified conv1: updated in_channels to 1.
Modified fc layer: updated out_features to 10.
Initialized untrained model.
resnet18-MNIST-predictive_entropy-balanced_by_score-0.95-1
[Epoch 1, Batch     2] loss: 0.043
Epoch 1/20:
Train Loss: 0.4764, Train Accuracy: 82.47%
Validation Loss: 0.9782, Validation Accuracy: 77.59%
[Epoch 2, Batch     2] loss: 0.005
Epoch 2/20:
Train Loss: 0.1464, Train Accuracy: 95.28%
Validation Loss: 0.2946, Validation Accuracy: 91.41%
[Epoch 3, Batch     2] loss: 0.003
Epoch 3/20:
Train Loss: 0.1056, Train Accuracy: 96.37%
Validation Loss: 0.2850, Validation Accuracy: 91.68%
[Epoch 4, Batch     2] loss: 0.003
Epoch 4/20:
Train Loss: 0.0947, Train Accuracy: 96.54%
Validation Loss: 0.1568, Validation Accuracy: 95.53%
[Epoch 5, Batch     2] loss: 0.000
Epoch 5/20:
Train Loss: 0.0828, Train Accuracy: 97.66%
Validation Loss: 0.2863, Validation Accuracy: 91.97%
[Epoch 6, Batch     2] loss: 0.002
Epoch 6/20:
Train Loss: 0.0664, Train Accuracy: 97.83%
Validation Loss: 0.1813, Validation Accuracy: 94.47%
[Epoch 7, Batch     2] loss: 0.001
Epoch 7/20:
Train Loss: 0.0387, Train Accuracy: 98.51%
Validation Loss: 0.1735, Validation Accuracy: 94.99%
[Epoch 8, Batch     2] loss: 0.001
Epoch 8/20:
Train Loss: 0.0445, Train Accuracy: 98.40%
Validation Loss: 0.1918, Validation Accuracy: 94.90%
[Epoch 9, Batch     2] loss: 0.000
Epoch 9/20:
Train Loss: 0.0468, Train Accuracy: 98.40%
Validation Loss: 0.2233, Validation Accuracy: 93.57%
[Epoch 10, Batch     2] loss: 0.001
Epoch 10/20:
Train Loss: 0.0602, Train Accuracy: 97.93%
Validation Loss: 0.1757, Validation Accuracy: 95.27%
[Epoch 11, Batch     2] loss: 0.001
Epoch 11/20:
Train Loss: 0.0311, Train Accuracy: 99.22%
Validation Loss: 0.1350, Validation Accuracy: 96.23%
[Epoch 12, Batch     2] loss: 0.000
Epoch 12/20:
Train Loss: 0.0310, Train Accuracy: 98.91%
Validation Loss: 0.2462, Validation Accuracy: 93.18%
[Epoch 13, Batch     2] loss: 0.002
Epoch 13/20:
Train Loss: 0.0417, Train Accuracy: 98.68%
Validation Loss: 0.1218, Validation Accuracy: 96.61%
[Epoch 14, Batch     2] loss: 0.000
Epoch 14/20:
Train Loss: 0.0199, Train Accuracy: 99.32%
Validation Loss: 0.1498, Validation Accuracy: 95.78%
[Epoch 15, Batch     2] loss: 0.000
Epoch 15/20:
Train Loss: 0.0192, Train Accuracy: 99.59%
Validation Loss: 0.1149, Validation Accuracy: 96.78%
[Epoch 16, Batch     2] loss: 0.000
Epoch 16/20:
Train Loss: 0.0191, Train Accuracy: 99.42%
Validation Loss: 0.1550, Validation Accuracy: 95.61%
[Epoch 17, Batch     2] loss: 0.000
Epoch 17/20:
Train Loss: 0.0196, Train Accuracy: 99.46%
Validation Loss: 0.1516, Validation Accuracy: 96.02%
[Epoch 18, Batch     2] loss: 0.002
Epoch 18/20:
Train Loss: 0.0131, Train Accuracy: 99.59%
Validation Loss: 0.1553, Validation Accuracy: 96.03%
[Epoch 19, Batch     2] loss: 0.000
Epoch 19/20:
Train Loss: 0.0113, Train Accuracy: 99.73%
Validation Loss: 0.2071, Validation Accuracy: 94.39%
[Epoch 20, Batch     2] loss: 0.002
Epoch 20/20:
Train Loss: 0.0360, Train Accuracy: 98.91%
Validation Loss: 0.2117, Validation Accuracy: 94.44%
Model saved to models/resnet18-MNIST-predictive_entropy-balanced_by_score-0.95-1
Modified conv1: updated in_channels to 1.
Modified fc layer: updated out_features to 10.
Loaded weights from file: models/resnet18_MNIST_1
Modified conv1: updated in_channels to 1.
Modified fc layer: updated out_features to 10.
Initialized untrained model.
resnet18-MNIST-predictive_entropy-top-0.3-1
[Epoch 1, Batch     2] loss: 0.042
[Epoch 1, Batch   102] loss: 0.386
[Epoch 1, Batch   202] loss: 0.211
[Epoch 1, Batch   302] loss: 0.158
[Epoch 1, Batch   402] loss: 0.169
[Epoch 1, Batch   502] loss: 0.142
[Epoch 1, Batch   602] loss: 0.119
Epoch 1/20:
Train Loss: 0.0121, Train Accuracy: 93.74%
Validation Loss: 0.1005, Validation Accuracy: 96.95%
[Epoch 2, Batch     2] loss: 0.001
[Epoch 2, Batch   102] loss: 0.100
[Epoch 2, Batch   202] loss: 0.091
[Epoch 2, Batch   302] loss: 0.103
[Epoch 2, Batch   402] loss: 0.084
[Epoch 2, Batch   502] loss: 0.072
[Epoch 2, Batch   602] loss: 0.087
Epoch 2/20:
Train Loss: 0.0083, Train Accuracy: 97.27%
Validation Loss: 0.0957, Validation Accuracy: 97.29%
[Epoch 3, Batch     2] loss: 0.001
[Epoch 3, Batch   102] loss: 0.079
[Epoch 3, Batch   202] loss: 0.060
[Epoch 3, Batch   302] loss: 0.074
[Epoch 3, Batch   402] loss: 0.080
[Epoch 3, Batch   502] loss: 0.074
[Epoch 3, Batch   602] loss: 0.074
Epoch 3/20:
Train Loss: 0.0044, Train Accuracy: 97.80%
Validation Loss: 0.0499, Validation Accuracy: 98.62%
[Epoch 4, Batch     2] loss: 0.002
[Epoch 4, Batch   102] loss: 0.056
[Epoch 4, Batch   202] loss: 0.072
[Epoch 4, Batch   302] loss: 0.066
[Epoch 4, Batch   402] loss: 0.053
[Epoch 4, Batch   502] loss: 0.062
[Epoch 4, Batch   602] loss: 0.058
Epoch 4/20:
Train Loss: 0.0052, Train Accuracy: 98.17%
Validation Loss: 0.0517, Validation Accuracy: 98.46%
[Epoch 5, Batch     2] loss: 0.001
[Epoch 5, Batch   102] loss: 0.047
[Epoch 5, Batch   202] loss: 0.060
[Epoch 5, Batch   302] loss: 0.049
[Epoch 5, Batch   402] loss: 0.050
[Epoch 5, Batch   502] loss: 0.054
[Epoch 5, Batch   602] loss: 0.056
Epoch 5/20:
Train Loss: 0.0041, Train Accuracy: 98.35%
Validation Loss: 0.0404, Validation Accuracy: 98.74%
[Epoch 6, Batch     2] loss: 0.001
[Epoch 6, Batch   102] loss: 0.041
[Epoch 6, Batch   202] loss: 0.045
[Epoch 6, Batch   302] loss: 0.057
[Epoch 6, Batch   402] loss: 0.056
[Epoch 6, Batch   502] loss: 0.053
[Epoch 6, Batch   602] loss: 0.056
Epoch 6/20:
Train Loss: 0.0042, Train Accuracy: 98.43%
Validation Loss: 0.0421, Validation Accuracy: 98.83%
[Epoch 7, Batch     2] loss: 0.000
[Epoch 7, Batch   102] loss: 0.031
[Epoch 7, Batch   202] loss: 0.042
[Epoch 7, Batch   302] loss: 0.046
[Epoch 7, Batch   402] loss: 0.062
[Epoch 7, Batch   502] loss: 0.049
[Epoch 7, Batch   602] loss: 0.048
Epoch 7/20:
Train Loss: 0.0045, Train Accuracy: 98.54%
Validation Loss: 0.0449, Validation Accuracy: 98.51%
[Epoch 8, Batch     2] loss: 0.001
[Epoch 8, Batch   102] loss: 0.035
[Epoch 8, Batch   202] loss: 0.041
[Epoch 8, Batch   302] loss: 0.043
[Epoch 8, Batch   402] loss: 0.039
[Epoch 8, Batch   502] loss: 0.046
[Epoch 8, Batch   602] loss: 0.043
Epoch 8/20:
Train Loss: 0.0044, Train Accuracy: 98.73%
Validation Loss: 0.0508, Validation Accuracy: 98.30%
[Epoch 9, Batch     2] loss: 0.000
[Epoch 9, Batch   102] loss: 0.030
[Epoch 9, Batch   202] loss: 0.033
[Epoch 9, Batch   302] loss: 0.049
[Epoch 9, Batch   402] loss: 0.044
[Epoch 9, Batch   502] loss: 0.039
[Epoch 9, Batch   602] loss: 0.032
Epoch 9/20:
Train Loss: 0.0037, Train Accuracy: 98.84%
Validation Loss: 0.0596, Validation Accuracy: 98.32%
[Epoch 10, Batch     2] loss: 0.001
[Epoch 10, Batch   102] loss: 0.038
[Epoch 10, Batch   202] loss: 0.040
[Epoch 10, Batch   302] loss: 0.030
[Epoch 10, Batch   402] loss: 0.036
[Epoch 10, Batch   502] loss: 0.035
[Epoch 10, Batch   602] loss: 0.044
Epoch 10/20:
Train Loss: 0.0029, Train Accuracy: 98.85%
Validation Loss: 0.0453, Validation Accuracy: 98.60%
[Epoch 11, Batch     2] loss: 0.000
[Epoch 11, Batch   102] loss: 0.032
[Epoch 11, Batch   202] loss: 0.027
[Epoch 11, Batch   302] loss: 0.031
[Epoch 11, Batch   402] loss: 0.041
[Epoch 11, Batch   502] loss: 0.036
[Epoch 11, Batch   602] loss: 0.037
Epoch 11/20:
Train Loss: 0.0028, Train Accuracy: 98.95%
Validation Loss: 0.0319, Validation Accuracy: 99.05%
[Epoch 12, Batch     2] loss: 0.001
[Epoch 12, Batch   102] loss: 0.025
[Epoch 12, Batch   202] loss: 0.021
[Epoch 12, Batch   302] loss: 0.027
[Epoch 12, Batch   402] loss: 0.031
[Epoch 12, Batch   502] loss: 0.034
[Epoch 12, Batch   602] loss: 0.042
Epoch 12/20:
Train Loss: 0.0032, Train Accuracy: 99.04%
Validation Loss: 0.0320, Validation Accuracy: 99.12%
[Epoch 13, Batch     2] loss: 0.000
[Epoch 13, Batch   102] loss: 0.036
[Epoch 13, Batch   202] loss: 0.024
[Epoch 13, Batch   302] loss: 0.026
[Epoch 13, Batch   402] loss: 0.024
[Epoch 13, Batch   502] loss: 0.032
[Epoch 13, Batch   602] loss: 0.038
Epoch 13/20:
Train Loss: 0.0023, Train Accuracy: 99.07%
Validation Loss: 0.0350, Validation Accuracy: 98.96%
[Epoch 14, Batch     2] loss: 0.000
[Epoch 14, Batch   102] loss: 0.019
[Epoch 14, Batch   202] loss: 0.031
[Epoch 14, Batch   302] loss: 0.033
[Epoch 14, Batch   402] loss: 0.029
[Epoch 14, Batch   502] loss: 0.025
[Epoch 14, Batch   602] loss: 0.032
Epoch 14/20:
Train Loss: 0.0026, Train Accuracy: 99.10%
Validation Loss: 0.0375, Validation Accuracy: 98.87%
[Epoch 15, Batch     2] loss: 0.000
[Epoch 15, Batch   102] loss: 0.024
[Epoch 15, Batch   202] loss: 0.031
[Epoch 15, Batch   302] loss: 0.019
[Epoch 15, Batch   402] loss: 0.020
[Epoch 15, Batch   502] loss: 0.028
[Epoch 15, Batch   602] loss: 0.025
Epoch 15/20:
Train Loss: 0.0023, Train Accuracy: 99.28%
Validation Loss: 0.0395, Validation Accuracy: 98.83%
[Epoch 16, Batch     2] loss: 0.000
[Epoch 16, Batch   102] loss: 0.018
[Epoch 16, Batch   202] loss: 0.023
[Epoch 16, Batch   302] loss: 0.027
[Epoch 16, Batch   402] loss: 0.031
[Epoch 16, Batch   502] loss: 0.024
[Epoch 16, Batch   602] loss: 0.025
Epoch 16/20:
Train Loss: 0.0021, Train Accuracy: 99.24%
Validation Loss: 0.0400, Validation Accuracy: 98.74%
[Epoch 17, Batch     2] loss: 0.000
[Epoch 17, Batch   102] loss: 0.015
[Epoch 17, Batch   202] loss: 0.022
[Epoch 17, Batch   302] loss: 0.027
[Epoch 17, Batch   402] loss: 0.018
[Epoch 17, Batch   502] loss: 0.019
[Epoch 17, Batch   602] loss: 0.025
Epoch 17/20:
Train Loss: 0.0022, Train Accuracy: 99.32%
Validation Loss: 0.0480, Validation Accuracy: 98.55%
[Epoch 18, Batch     2] loss: 0.000
[Epoch 18, Batch   102] loss: 0.019
[Epoch 18, Batch   202] loss: 0.031
[Epoch 18, Batch   302] loss: 0.020
[Epoch 18, Batch   402] loss: 0.021
[Epoch 18, Batch   502] loss: 0.025
[Epoch 18, Batch   602] loss: 0.030
Epoch 18/20:
Train Loss: 0.0020, Train Accuracy: 99.25%
Validation Loss: 0.0365, Validation Accuracy: 98.89%
[Epoch 19, Batch     2] loss: 0.000
[Epoch 19, Batch   102] loss: 0.020
[Epoch 19, Batch   202] loss: 0.017
[Epoch 19, Batch   302] loss: 0.025
[Epoch 19, Batch   402] loss: 0.023
[Epoch 19, Batch   502] loss: 0.020
[Epoch 19, Batch   602] loss: 0.025
Epoch 19/20:
Train Loss: 0.0021, Train Accuracy: 99.33%
Validation Loss: 0.0453, Validation Accuracy: 98.58%
[Epoch 20, Batch     2] loss: 0.001
[Epoch 20, Batch   102] loss: 0.016
[Epoch 20, Batch   202] loss: 0.019
[Epoch 20, Batch   302] loss: 0.022
[Epoch 20, Batch   402] loss: 0.026
[Epoch 20, Batch   502] loss: 0.017
[Epoch 20, Batch   602] loss: 0.023
Epoch 20/20:
Train Loss: 0.0021, Train Accuracy: 99.35%
Validation Loss: 0.0426, Validation Accuracy: 98.80%
Model saved to models/resnet18-MNIST-predictive_entropy-top-0.3-1
Modified conv1: updated in_channels to 1.
Modified fc layer: updated out_features to 10.
Initialized untrained model.
resnet18-MNIST-predictive_entropy-top-0.5-1
[Epoch 1, Batch     2] loss: 0.041
[Epoch 1, Batch   102] loss: 0.448
[Epoch 1, Batch   202] loss: 0.243
[Epoch 1, Batch   302] loss: 0.201
[Epoch 1, Batch   402] loss: 0.186
Epoch 1/20:
Train Loss: 0.0217, Train Accuracy: 91.77%
Validation Loss: 0.1065, Validation Accuracy: 96.44%
[Epoch 2, Batch     2] loss: 0.001
[Epoch 2, Batch   102] loss: 0.134
[Epoch 2, Batch   202] loss: 0.148
[Epoch 2, Batch   302] loss: 0.113
[Epoch 2, Batch   402] loss: 0.116
Epoch 2/20:
Train Loss: 0.0155, Train Accuracy: 96.20%
Validation Loss: 0.0660, Validation Accuracy: 97.90%
[Epoch 3, Batch     2] loss: 0.002
[Epoch 3, Batch   102] loss: 0.089
[Epoch 3, Batch   202] loss: 0.108
[Epoch 3, Batch   302] loss: 0.088
[Epoch 3, Batch   402] loss: 0.108
Epoch 3/20:
Train Loss: 0.0132, Train Accuracy: 96.94%
Validation Loss: 0.0557, Validation Accuracy: 98.25%
[Epoch 4, Batch     2] loss: 0.002
[Epoch 4, Batch   102] loss: 0.076
[Epoch 4, Batch   202] loss: 0.058
[Epoch 4, Batch   302] loss: 0.090
[Epoch 4, Batch   402] loss: 0.071
Epoch 4/20:
Train Loss: 0.0107, Train Accuracy: 97.70%
Validation Loss: 0.0396, Validation Accuracy: 98.62%
[Epoch 5, Batch     2] loss: 0.002
[Epoch 5, Batch   102] loss: 0.065
[Epoch 5, Batch   202] loss: 0.069
[Epoch 5, Batch   302] loss: 0.056
[Epoch 5, Batch   402] loss: 0.069
Epoch 5/20:
Train Loss: 0.0110, Train Accuracy: 97.89%
Validation Loss: 0.0776, Validation Accuracy: 97.50%
[Epoch 6, Batch     2] loss: 0.002
[Epoch 6, Batch   102] loss: 0.054
[Epoch 6, Batch   202] loss: 0.046
[Epoch 6, Batch   302] loss: 0.059
[Epoch 6, Batch   402] loss: 0.074
Epoch 6/20:
Train Loss: 0.0085, Train Accuracy: 98.14%
Validation Loss: 0.0514, Validation Accuracy: 98.43%
[Epoch 7, Batch     2] loss: 0.002
[Epoch 7, Batch   102] loss: 0.047
[Epoch 7, Batch   202] loss: 0.060
[Epoch 7, Batch   302] loss: 0.062
[Epoch 7, Batch   402] loss: 0.064
Epoch 7/20:
Train Loss: 0.0085, Train Accuracy: 98.17%
Validation Loss: 0.0528, Validation Accuracy: 98.41%
[Epoch 8, Batch     2] loss: 0.000
[Epoch 8, Batch   102] loss: 0.037
[Epoch 8, Batch   202] loss: 0.054
[Epoch 8, Batch   302] loss: 0.056
[Epoch 8, Batch   402] loss: 0.065
Epoch 8/20:
Train Loss: 0.0084, Train Accuracy: 98.26%
Validation Loss: 0.0627, Validation Accuracy: 97.98%
[Epoch 9, Batch     2] loss: 0.001
[Epoch 9, Batch   102] loss: 0.042
[Epoch 9, Batch   202] loss: 0.041
[Epoch 9, Batch   302] loss: 0.050
[Epoch 9, Batch   402] loss: 0.054
Epoch 9/20:
Train Loss: 0.0072, Train Accuracy: 98.56%
Validation Loss: 0.0361, Validation Accuracy: 98.84%
[Epoch 10, Batch     2] loss: 0.001
[Epoch 10, Batch   102] loss: 0.047
[Epoch 10, Batch   202] loss: 0.040
[Epoch 10, Batch   302] loss: 0.040
[Epoch 10, Batch   402] loss: 0.058
Epoch 10/20:
Train Loss: 0.0049, Train Accuracy: 98.61%
Validation Loss: 0.0373, Validation Accuracy: 98.92%
[Epoch 11, Batch     2] loss: 0.000
[Epoch 11, Batch   102] loss: 0.045
[Epoch 11, Batch   202] loss: 0.044
[Epoch 11, Batch   302] loss: 0.048
[Epoch 11, Batch   402] loss: 0.045
Epoch 11/20:
Train Loss: 0.0072, Train Accuracy: 98.53%
Validation Loss: 0.0772, Validation Accuracy: 97.69%
[Epoch 12, Batch     2] loss: 0.000
[Epoch 12, Batch   102] loss: 0.031
[Epoch 12, Batch   202] loss: 0.031
[Epoch 12, Batch   302] loss: 0.046
[Epoch 12, Batch   402] loss: 0.031
Epoch 12/20:
Train Loss: 0.0039, Train Accuracy: 99.00%
Validation Loss: 0.0477, Validation Accuracy: 98.58%
[Epoch 13, Batch     2] loss: 0.000
[Epoch 13, Batch   102] loss: 0.035
[Epoch 13, Batch   202] loss: 0.049
[Epoch 13, Batch   302] loss: 0.040
[Epoch 13, Batch   402] loss: 0.036
Epoch 13/20:
Train Loss: 0.0066, Train Accuracy: 98.70%
Validation Loss: 0.0521, Validation Accuracy: 98.45%
[Epoch 14, Batch     2] loss: 0.002
[Epoch 14, Batch   102] loss: 0.029
[Epoch 14, Batch   202] loss: 0.031
[Epoch 14, Batch   302] loss: 0.039
[Epoch 14, Batch   402] loss: 0.033
Epoch 14/20:
Train Loss: 0.0052, Train Accuracy: 98.95%
Validation Loss: 0.0723, Validation Accuracy: 97.73%
[Epoch 15, Batch     2] loss: 0.000
[Epoch 15, Batch   102] loss: 0.031
[Epoch 15, Batch   202] loss: 0.030
[Epoch 15, Batch   302] loss: 0.030
[Epoch 15, Batch   402] loss: 0.034
Epoch 15/20:
Train Loss: 0.0066, Train Accuracy: 98.96%
Validation Loss: 0.0430, Validation Accuracy: 98.79%
[Epoch 16, Batch     2] loss: 0.000
[Epoch 16, Batch   102] loss: 0.027
[Epoch 16, Batch   202] loss: 0.024
[Epoch 16, Batch   302] loss: 0.037
[Epoch 16, Batch   402] loss: 0.025
Epoch 16/20:
Train Loss: 0.0041, Train Accuracy: 99.12%
Validation Loss: 0.0532, Validation Accuracy: 98.48%
[Epoch 17, Batch     2] loss: 0.001
[Epoch 17, Batch   102] loss: 0.032
[Epoch 17, Batch   202] loss: 0.029
[Epoch 17, Batch   302] loss: 0.036
[Epoch 17, Batch   402] loss: 0.031
Epoch 17/20:
Train Loss: 0.0053, Train Accuracy: 99.01%
Validation Loss: 0.0388, Validation Accuracy: 98.86%
[Epoch 18, Batch     2] loss: 0.000
[Epoch 18, Batch   102] loss: 0.024
[Epoch 18, Batch   202] loss: 0.014
[Epoch 18, Batch   302] loss: 0.030
[Epoch 18, Batch   402] loss: 0.030
Epoch 18/20:
Train Loss: 0.0052, Train Accuracy: 99.18%
Validation Loss: 0.0353, Validation Accuracy: 98.95%
[Epoch 19, Batch     2] loss: 0.000
[Epoch 19, Batch   102] loss: 0.023
[Epoch 19, Batch   202] loss: 0.022
[Epoch 19, Batch   302] loss: 0.035
[Epoch 19, Batch   402] loss: 0.025
Epoch 19/20:
Train Loss: 0.0052, Train Accuracy: 99.14%
Validation Loss: 0.0429, Validation Accuracy: 98.81%
[Epoch 20, Batch     2] loss: 0.000
[Epoch 20, Batch   102] loss: 0.019
[Epoch 20, Batch   202] loss: 0.022
[Epoch 20, Batch   302] loss: 0.022
[Epoch 20, Batch   402] loss: 0.025
Epoch 20/20:
Train Loss: 0.0045, Train Accuracy: 99.23%
Validation Loss: 0.0285, Validation Accuracy: 99.16%
Model saved to models/resnet18-MNIST-predictive_entropy-top-0.5-1
Modified conv1: updated in_channels to 1.
Modified fc layer: updated out_features to 10.
Initialized untrained model.
resnet18-MNIST-predictive_entropy-top-0.7-1
[Epoch 1, Batch     2] loss: 0.043
[Epoch 1, Batch   102] loss: 0.548
[Epoch 1, Batch   202] loss: 0.326
Epoch 1/20:
Train Loss: 0.0713, Train Accuracy: 87.41%
Validation Loss: 0.2778, Validation Accuracy: 90.77%
[Epoch 2, Batch     2] loss: 0.004
[Epoch 2, Batch   102] loss: 0.214
[Epoch 2, Batch   202] loss: 0.179
Epoch 2/20:
Train Loss: 0.0516, Train Accuracy: 93.84%
Validation Loss: 0.1383, Validation Accuracy: 95.52%
[Epoch 3, Batch     2] loss: 0.003
[Epoch 3, Batch   102] loss: 0.145
[Epoch 3, Batch   202] loss: 0.139
Epoch 3/20:
Train Loss: 0.0418, Train Accuracy: 95.37%
Validation Loss: 0.0959, Validation Accuracy: 97.18%
[Epoch 4, Batch     2] loss: 0.002
[Epoch 4, Batch   102] loss: 0.117
[Epoch 4, Batch   202] loss: 0.120
Epoch 4/20:
Train Loss: 0.0289, Train Accuracy: 96.32%
Validation Loss: 0.0674, Validation Accuracy: 97.63%
[Epoch 5, Batch     2] loss: 0.001
[Epoch 5, Batch   102] loss: 0.084
[Epoch 5, Batch   202] loss: 0.107
Epoch 5/20:
Train Loss: 0.0263, Train Accuracy: 96.94%
Validation Loss: 0.0574, Validation Accuracy: 98.19%
[Epoch 6, Batch     2] loss: 0.000
[Epoch 6, Batch   102] loss: 0.074
[Epoch 6, Batch   202] loss: 0.090
Epoch 6/20:
Train Loss: 0.0298, Train Accuracy: 97.26%
Validation Loss: 0.0650, Validation Accuracy: 97.87%
[Epoch 7, Batch     2] loss: 0.001
[Epoch 7, Batch   102] loss: 0.060
[Epoch 7, Batch   202] loss: 0.071
Epoch 7/20:
Train Loss: 0.0280, Train Accuracy: 97.53%
Validation Loss: 0.0865, Validation Accuracy: 97.32%
[Epoch 8, Batch     2] loss: 0.000
[Epoch 8, Batch   102] loss: 0.051
[Epoch 8, Batch   202] loss: 0.071
Epoch 8/20:
Train Loss: 0.0240, Train Accuracy: 97.81%
Validation Loss: 0.0752, Validation Accuracy: 97.56%
[Epoch 9, Batch     2] loss: 0.001
[Epoch 9, Batch   102] loss: 0.044
[Epoch 9, Batch   202] loss: 0.074
Epoch 9/20:
Train Loss: 0.0194, Train Accuracy: 97.97%
Validation Loss: 0.0424, Validation Accuracy: 98.62%
[Epoch 10, Batch     2] loss: 0.001
[Epoch 10, Batch   102] loss: 0.041
[Epoch 10, Batch   202] loss: 0.064
Epoch 10/20:
Train Loss: 0.0197, Train Accuracy: 98.12%
Validation Loss: 0.0775, Validation Accuracy: 97.68%
[Epoch 11, Batch     2] loss: 0.002
[Epoch 11, Batch   102] loss: 0.044
[Epoch 11, Batch   202] loss: 0.052
Epoch 11/20:
Train Loss: 0.0157, Train Accuracy: 98.52%
Validation Loss: 0.0558, Validation Accuracy: 98.46%
[Epoch 12, Batch     2] loss: 0.001
[Epoch 12, Batch   102] loss: 0.042
[Epoch 12, Batch   202] loss: 0.060
Epoch 12/20:
Train Loss: 0.0169, Train Accuracy: 98.33%
Validation Loss: 0.0355, Validation Accuracy: 98.92%
[Epoch 13, Batch     2] loss: 0.000
[Epoch 13, Batch   102] loss: 0.037
[Epoch 13, Batch   202] loss: 0.056
Epoch 13/20:
Train Loss: 0.0162, Train Accuracy: 98.34%
Validation Loss: 0.1062, Validation Accuracy: 96.79%
[Epoch 14, Batch     2] loss: 0.001
[Epoch 14, Batch   102] loss: 0.046
[Epoch 14, Batch   202] loss: 0.032
Epoch 14/20:
Train Loss: 0.0207, Train Accuracy: 98.52%
Validation Loss: 0.0554, Validation Accuracy: 98.29%
[Epoch 15, Batch     2] loss: 0.001
[Epoch 15, Batch   102] loss: 0.029
[Epoch 15, Batch   202] loss: 0.047
Epoch 15/20:
Train Loss: 0.0125, Train Accuracy: 98.75%
Validation Loss: 0.0501, Validation Accuracy: 98.44%
[Epoch 16, Batch     2] loss: 0.001
[Epoch 16, Batch   102] loss: 0.044
[Epoch 16, Batch   202] loss: 0.035
Epoch 16/20:
Train Loss: 0.0121, Train Accuracy: 98.65%
Validation Loss: 0.0450, Validation Accuracy: 98.66%
[Epoch 17, Batch     2] loss: 0.000
[Epoch 17, Batch   102] loss: 0.052
[Epoch 17, Batch   202] loss: 0.036
Epoch 17/20:
Train Loss: 0.0122, Train Accuracy: 98.70%
Validation Loss: 0.0594, Validation Accuracy: 98.32%
[Epoch 18, Batch     2] loss: 0.001
[Epoch 18, Batch   102] loss: 0.032
[Epoch 18, Batch   202] loss: 0.042
Epoch 18/20:
Train Loss: 0.0074, Train Accuracy: 98.92%
Validation Loss: 0.0475, Validation Accuracy: 98.59%
[Epoch 19, Batch     2] loss: 0.000
[Epoch 19, Batch   102] loss: 0.041
[Epoch 19, Batch   202] loss: 0.039
Epoch 19/20:
Train Loss: 0.0115, Train Accuracy: 98.66%
Validation Loss: 0.0670, Validation Accuracy: 98.03%
[Epoch 20, Batch     2] loss: 0.002
[Epoch 20, Batch   102] loss: 0.029
[Epoch 20, Batch   202] loss: 0.049
Epoch 20/20:
Train Loss: 0.0123, Train Accuracy: 98.73%
Validation Loss: 0.0412, Validation Accuracy: 98.80%
Model saved to models/resnet18-MNIST-predictive_entropy-top-0.7-1
Modified conv1: updated in_channels to 1.
Modified fc layer: updated out_features to 10.
Initialized untrained model.
resnet18-MNIST-predictive_entropy-top-0.8-1
[Epoch 1, Batch     2] loss: 0.041
[Epoch 1, Batch   102] loss: 0.621
Epoch 1/20:
Train Loss: 0.1653, Train Accuracy: 83.69%
Validation Loss: 0.3467, Validation Accuracy: 89.17%
[Epoch 2, Batch     2] loss: 0.004
[Epoch 2, Batch   102] loss: 0.253
Epoch 2/20:
Train Loss: 0.1227, Train Accuracy: 91.68%
Validation Loss: 0.2097, Validation Accuracy: 92.19%
[Epoch 3, Batch     2] loss: 0.003
[Epoch 3, Batch   102] loss: 0.215
Epoch 3/20:
Train Loss: 0.0966, Train Accuracy: 93.17%
Validation Loss: 0.2321, Validation Accuracy: 92.06%
[Epoch 4, Batch     2] loss: 0.003
[Epoch 4, Batch   102] loss: 0.164
Epoch 4/20:
Train Loss: 0.0738, Train Accuracy: 94.59%
Validation Loss: 0.3866, Validation Accuracy: 88.79%
[Epoch 5, Batch     2] loss: 0.003
[Epoch 5, Batch   102] loss: 0.126
Epoch 5/20:
Train Loss: 0.0778, Train Accuracy: 95.30%
Validation Loss: 0.1708, Validation Accuracy: 94.37%
[Epoch 6, Batch     2] loss: 0.002
[Epoch 6, Batch   102] loss: 0.101
Epoch 6/20:
Train Loss: 0.0556, Train Accuracy: 96.38%
Validation Loss: 0.1331, Validation Accuracy: 95.69%
[Epoch 7, Batch     2] loss: 0.001
[Epoch 7, Batch   102] loss: 0.100
Epoch 7/20:
Train Loss: 0.0449, Train Accuracy: 96.70%
Validation Loss: 0.0770, Validation Accuracy: 97.49%
[Epoch 8, Batch     2] loss: 0.001
[Epoch 8, Batch   102] loss: 0.080
Epoch 8/20:
Train Loss: 0.0472, Train Accuracy: 96.98%
Validation Loss: 0.1073, Validation Accuracy: 96.59%
[Epoch 9, Batch     2] loss: 0.001
[Epoch 9, Batch   102] loss: 0.079
Epoch 9/20:
Train Loss: 0.0365, Train Accuracy: 97.48%
Validation Loss: 0.0943, Validation Accuracy: 97.15%
[Epoch 10, Batch     2] loss: 0.000
[Epoch 10, Batch   102] loss: 0.069
Epoch 10/20:
Train Loss: 0.0322, Train Accuracy: 97.65%
Validation Loss: 0.1371, Validation Accuracy: 95.89%
[Epoch 11, Batch     2] loss: 0.001
[Epoch 11, Batch   102] loss: 0.063
Epoch 11/20:
Train Loss: 0.0291, Train Accuracy: 97.80%
Validation Loss: 0.1827, Validation Accuracy: 94.66%
[Epoch 12, Batch     2] loss: 0.003
[Epoch 12, Batch   102] loss: 0.064
Epoch 12/20:
Train Loss: 0.0380, Train Accuracy: 97.59%
Validation Loss: 0.1294, Validation Accuracy: 96.39%
[Epoch 13, Batch     2] loss: 0.001
[Epoch 13, Batch   102] loss: 0.059
Epoch 13/20:
Train Loss: 0.0249, Train Accuracy: 98.17%
Validation Loss: 0.1464, Validation Accuracy: 95.73%
[Epoch 14, Batch     2] loss: 0.002
[Epoch 14, Batch   102] loss: 0.045
Epoch 14/20:
Train Loss: 0.0324, Train Accuracy: 98.00%
Validation Loss: 0.1467, Validation Accuracy: 96.01%
[Epoch 15, Batch     2] loss: 0.001
[Epoch 15, Batch   102] loss: 0.050
Epoch 15/20:
Train Loss: 0.0210, Train Accuracy: 98.39%
Validation Loss: 0.1557, Validation Accuracy: 95.44%
[Epoch 16, Batch     2] loss: 0.001
[Epoch 16, Batch   102] loss: 0.038
Epoch 16/20:
Train Loss: 0.0170, Train Accuracy: 98.73%
Validation Loss: 0.1282, Validation Accuracy: 96.58%
[Epoch 17, Batch     2] loss: 0.002
[Epoch 17, Batch   102] loss: 0.055
Epoch 17/20:
Train Loss: 0.0320, Train Accuracy: 98.00%
Validation Loss: 0.0772, Validation Accuracy: 97.80%
[Epoch 18, Batch     2] loss: 0.000
[Epoch 18, Batch   102] loss: 0.037
Epoch 18/20:
Train Loss: 0.0237, Train Accuracy: 98.55%
Validation Loss: 0.0892, Validation Accuracy: 97.53%
[Epoch 19, Batch     2] loss: 0.001
[Epoch 19, Batch   102] loss: 0.043
Epoch 19/20:
Train Loss: 0.0230, Train Accuracy: 98.48%
Validation Loss: 0.0777, Validation Accuracy: 97.73%
[Epoch 20, Batch     2] loss: 0.000
[Epoch 20, Batch   102] loss: 0.030
Epoch 20/20:
Train Loss: 0.0286, Train Accuracy: 98.51%
Validation Loss: 0.0665, Validation Accuracy: 98.14%
Model saved to models/resnet18-MNIST-predictive_entropy-top-0.8-1
Modified conv1: updated in_channels to 1.
Modified fc layer: updated out_features to 10.
Initialized untrained model.
resnet18-MNIST-predictive_entropy-top-0.9-1
[Epoch 1, Batch     2] loss: 0.041
Epoch 1/20:
Train Loss: 0.7245, Train Accuracy: 74.70%
Validation Loss: 0.5331, Validation Accuracy: 82.10%
[Epoch 2, Batch     2] loss: 0.007
Epoch 2/20:
Train Loss: 0.4217, Train Accuracy: 85.89%
Validation Loss: 0.2889, Validation Accuracy: 90.16%
[Epoch 3, Batch     2] loss: 0.004
Epoch 3/20:
Train Loss: 0.3156, Train Accuracy: 89.62%
Validation Loss: 0.2952, Validation Accuracy: 90.30%
[Epoch 4, Batch     2] loss: 0.004
Epoch 4/20:
Train Loss: 0.2538, Train Accuracy: 91.50%
Validation Loss: 0.2960, Validation Accuracy: 90.01%
[Epoch 5, Batch     2] loss: 0.003
Epoch 5/20:
Train Loss: 0.2055, Train Accuracy: 92.94%
Validation Loss: 0.1965, Validation Accuracy: 93.49%
[Epoch 6, Batch     2] loss: 0.004
Epoch 6/20:
Train Loss: 0.1917, Train Accuracy: 93.09%
Validation Loss: 0.5786, Validation Accuracy: 84.61%
[Epoch 7, Batch     2] loss: 0.003
Epoch 7/20:
Train Loss: 0.1482, Train Accuracy: 95.36%
Validation Loss: 0.3519, Validation Accuracy: 89.06%
[Epoch 8, Batch     2] loss: 0.001
Epoch 8/20:
Train Loss: 0.1415, Train Accuracy: 95.23%
Validation Loss: 0.2292, Validation Accuracy: 92.84%
[Epoch 9, Batch     2] loss: 0.002
Epoch 9/20:
Train Loss: 0.1086, Train Accuracy: 96.40%
Validation Loss: 0.2369, Validation Accuracy: 93.05%
[Epoch 10, Batch     2] loss: 0.002
Epoch 10/20:
Train Loss: 0.1085, Train Accuracy: 96.32%
Validation Loss: 0.3984, Validation Accuracy: 89.21%
[Epoch 11, Batch     2] loss: 0.002
Epoch 11/20:
Train Loss: 0.1076, Train Accuracy: 96.44%
Validation Loss: 0.2632, Validation Accuracy: 92.47%
[Epoch 12, Batch     2] loss: 0.001
Epoch 12/20:
Train Loss: 0.0828, Train Accuracy: 97.11%
Validation Loss: 0.3834, Validation Accuracy: 89.12%
[Epoch 13, Batch     2] loss: 0.003
Epoch 13/20:
Train Loss: 0.0827, Train Accuracy: 97.01%
Validation Loss: 0.1855, Validation Accuracy: 94.74%
[Epoch 14, Batch     2] loss: 0.002
Epoch 14/20:
Train Loss: 0.0994, Train Accuracy: 96.89%
Validation Loss: 0.4881, Validation Accuracy: 87.61%
[Epoch 15, Batch     2] loss: 0.001
Epoch 15/20:
Train Loss: 0.0742, Train Accuracy: 97.56%
Validation Loss: 0.2432, Validation Accuracy: 93.05%
[Epoch 16, Batch     2] loss: 0.001
Epoch 16/20:
Train Loss: 0.0583, Train Accuracy: 98.03%
Validation Loss: 0.2674, Validation Accuracy: 93.23%
[Epoch 17, Batch     2] loss: 0.000
Epoch 17/20:
Train Loss: 0.0522, Train Accuracy: 98.40%
Validation Loss: 0.2034, Validation Accuracy: 94.66%
[Epoch 18, Batch     2] loss: 0.001
Epoch 18/20:
Train Loss: 0.0576, Train Accuracy: 97.95%
Validation Loss: 0.2417, Validation Accuracy: 93.99%
[Epoch 19, Batch     2] loss: 0.001
Epoch 19/20:
Train Loss: 0.0619, Train Accuracy: 97.98%
Validation Loss: 0.3309, Validation Accuracy: 92.04%
[Epoch 20, Batch     2] loss: 0.000
Epoch 20/20:
Train Loss: 0.0473, Train Accuracy: 98.35%
Validation Loss: 0.2527, Validation Accuracy: 93.48%
Model saved to models/resnet18-MNIST-predictive_entropy-top-0.9-1
Modified conv1: updated in_channels to 1.
Modified fc layer: updated out_features to 10.
Initialized untrained model.
resnet18-MNIST-predictive_entropy-top-0.95-1
[Epoch 1, Batch     2] loss: 0.048
Epoch 1/20:
Train Loss: 1.0533, Train Accuracy: 61.82%
Validation Loss: 1.1327, Validation Accuracy: 65.70%
[Epoch 2, Batch     2] loss: 0.010
Epoch 2/20:
Train Loss: 0.5832, Train Accuracy: 80.50%
Validation Loss: 0.6601, Validation Accuracy: 77.07%
[Epoch 3, Batch     2] loss: 0.009
Epoch 3/20:
Train Loss: 0.4197, Train Accuracy: 85.73%
Validation Loss: 0.7493, Validation Accuracy: 80.18%
[Epoch 4, Batch     2] loss: 0.011
Epoch 4/20:
Train Loss: 0.3271, Train Accuracy: 87.98%
Validation Loss: 0.4460, Validation Accuracy: 85.19%
[Epoch 5, Batch     2] loss: 0.004
Epoch 5/20:
Train Loss: 0.2290, Train Accuracy: 92.29%
Validation Loss: 0.6603, Validation Accuracy: 80.75%
[Epoch 6, Batch     2] loss: 0.003
Epoch 6/20:
Train Loss: 0.2470, Train Accuracy: 91.13%
Validation Loss: 0.5440, Validation Accuracy: 84.59%
[Epoch 7, Batch     2] loss: 0.003
Epoch 7/20:
Train Loss: 0.1787, Train Accuracy: 94.06%
Validation Loss: 0.4484, Validation Accuracy: 86.84%
[Epoch 8, Batch     2] loss: 0.003
Epoch 8/20:
Train Loss: 0.1638, Train Accuracy: 94.46%
Validation Loss: 0.7827, Validation Accuracy: 81.24%
[Epoch 9, Batch     2] loss: 0.003
Epoch 9/20:
Train Loss: 0.1437, Train Accuracy: 95.24%
Validation Loss: 0.5255, Validation Accuracy: 85.37%
[Epoch 10, Batch     2] loss: 0.001
Epoch 10/20:
Train Loss: 0.0994, Train Accuracy: 96.74%
Validation Loss: 0.9282, Validation Accuracy: 79.30%
[Epoch 11, Batch     2] loss: 0.001
Epoch 11/20:
Train Loss: 0.1461, Train Accuracy: 95.14%
Validation Loss: 1.0999, Validation Accuracy: 73.62%
[Epoch 12, Batch     2] loss: 0.003
Epoch 12/20:
Train Loss: 0.1338, Train Accuracy: 95.14%
Validation Loss: 0.8123, Validation Accuracy: 79.68%
[Epoch 13, Batch     2] loss: 0.001
Epoch 13/20:
Train Loss: 0.1082, Train Accuracy: 95.99%
Validation Loss: 0.4568, Validation Accuracy: 88.43%
[Epoch 14, Batch     2] loss: 0.001
Epoch 14/20:
Train Loss: 0.0956, Train Accuracy: 96.77%
Validation Loss: 0.7926, Validation Accuracy: 81.74%
[Epoch 15, Batch     2] loss: 0.001
Epoch 15/20:
Train Loss: 0.0806, Train Accuracy: 97.35%
Validation Loss: 0.5208, Validation Accuracy: 86.92%
[Epoch 16, Batch     2] loss: 0.000
Epoch 16/20:
Train Loss: 0.0788, Train Accuracy: 97.52%
Validation Loss: 0.7539, Validation Accuracy: 82.73%
[Epoch 17, Batch     2] loss: 0.002
Epoch 17/20:
Train Loss: 0.0877, Train Accuracy: 97.11%
Validation Loss: 0.3752, Validation Accuracy: 89.63%
[Epoch 18, Batch     2] loss: 0.001
Epoch 18/20:
Train Loss: 0.0691, Train Accuracy: 98.06%
Validation Loss: 0.6221, Validation Accuracy: 86.06%
[Epoch 19, Batch     2] loss: 0.001
Epoch 19/20:
Train Loss: 0.0382, Train Accuracy: 98.64%
Validation Loss: 0.5904, Validation Accuracy: 86.65%
[Epoch 20, Batch     2] loss: 0.000
Epoch 20/20:
Train Loss: 0.0508, Train Accuracy: 98.37%
Validation Loss: 0.5013, Validation Accuracy: 88.43%
Model saved to models/resnet18-MNIST-predictive_entropy-top-0.95-1
Modified conv1: updated in_channels to 1.
Modified fc layer: updated out_features to 10.
Loaded weights from file: models/resnet18_MNIST_1
Modified conv1: updated in_channels to 1.
Modified fc layer: updated out_features to 10.
Initialized untrained model.
resnet18-MNIST-predictive_entropy-bottom-0.3-1
[Epoch 1, Batch     2] loss: 0.039
[Epoch 1, Batch   102] loss: 0.188
[Epoch 1, Batch   202] loss: 0.081
[Epoch 1, Batch   302] loss: 0.051
[Epoch 1, Batch   402] loss: 0.028
[Epoch 1, Batch   502] loss: 0.042
[Epoch 1, Batch   602] loss: 0.035
Epoch 1/20:
Train Loss: 0.0025, Train Accuracy: 97.65%
Validation Loss: 0.0925, Validation Accuracy: 97.14%
[Epoch 2, Batch     2] loss: 0.000
[Epoch 2, Batch   102] loss: 0.023
[Epoch 2, Batch   202] loss: 0.014
[Epoch 2, Batch   302] loss: 0.026
[Epoch 2, Batch   402] loss: 0.020
[Epoch 2, Batch   502] loss: 0.022
[Epoch 2, Batch   602] loss: 0.026
Epoch 2/20:
Train Loss: 0.0013, Train Accuracy: 99.39%
Validation Loss: 0.1563, Validation Accuracy: 95.99%
[Epoch 3, Batch     2] loss: 0.000
[Epoch 3, Batch   102] loss: 0.012
[Epoch 3, Batch   202] loss: 0.017
[Epoch 3, Batch   302] loss: 0.015
[Epoch 3, Batch   402] loss: 0.008
[Epoch 3, Batch   502] loss: 0.011
[Epoch 3, Batch   602] loss: 0.016
Epoch 3/20:
Train Loss: 0.0019, Train Accuracy: 99.56%
Validation Loss: 0.2909, Validation Accuracy: 92.89%
[Epoch 4, Batch     2] loss: 0.001
[Epoch 4, Batch   102] loss: 0.016
[Epoch 4, Batch   202] loss: 0.010
[Epoch 4, Batch   302] loss: 0.011
[Epoch 4, Batch   402] loss: 0.027
[Epoch 4, Batch   502] loss: 0.014
[Epoch 4, Batch   602] loss: 0.013
Epoch 4/20:
Train Loss: 0.0004, Train Accuracy: 99.61%
Validation Loss: 0.1707, Validation Accuracy: 95.95%
[Epoch 5, Batch     2] loss: 0.001
[Epoch 5, Batch   102] loss: 0.006
[Epoch 5, Batch   202] loss: 0.003
[Epoch 5, Batch   302] loss: 0.014
[Epoch 5, Batch   402] loss: 0.008
[Epoch 5, Batch   502] loss: 0.008
[Epoch 5, Batch   602] loss: 0.012
Epoch 5/20:
Train Loss: 0.0016, Train Accuracy: 99.71%
Validation Loss: 0.1845, Validation Accuracy: 95.28%
[Epoch 6, Batch     2] loss: 0.000
[Epoch 6, Batch   102] loss: 0.011
[Epoch 6, Batch   202] loss: 0.007
[Epoch 6, Batch   302] loss: 0.016
[Epoch 6, Batch   402] loss: 0.004
[Epoch 6, Batch   502] loss: 0.005
[Epoch 6, Batch   602] loss: 0.006
Epoch 6/20:
Train Loss: 0.0013, Train Accuracy: 99.76%
Validation Loss: 0.1935, Validation Accuracy: 95.42%
[Epoch 7, Batch     2] loss: 0.000
[Epoch 7, Batch   102] loss: 0.011
[Epoch 7, Batch   202] loss: 0.018
[Epoch 7, Batch   302] loss: 0.010
[Epoch 7, Batch   402] loss: 0.005
[Epoch 7, Batch   502] loss: 0.006
[Epoch 7, Batch   602] loss: 0.010
Epoch 7/20:
Train Loss: 0.0010, Train Accuracy: 99.72%
Validation Loss: 0.1612, Validation Accuracy: 95.87%
[Epoch 8, Batch     2] loss: 0.000
[Epoch 8, Batch   102] loss: 0.026
[Epoch 8, Batch   202] loss: 0.011
[Epoch 8, Batch   302] loss: 0.010
[Epoch 8, Batch   402] loss: 0.003
[Epoch 8, Batch   502] loss: 0.002
[Epoch 8, Batch   602] loss: 0.002
Epoch 8/20:
Train Loss: 0.0001, Train Accuracy: 99.80%
Validation Loss: 0.1244, Validation Accuracy: 97.01%
[Epoch 9, Batch     2] loss: 0.000
[Epoch 9, Batch   102] loss: 0.010
[Epoch 9, Batch   202] loss: 0.005
[Epoch 9, Batch   302] loss: 0.010
[Epoch 9, Batch   402] loss: 0.013
[Epoch 9, Batch   502] loss: 0.015
[Epoch 9, Batch   602] loss: 0.006
Epoch 9/20:
Train Loss: 0.0004, Train Accuracy: 99.72%
Validation Loss: 0.1145, Validation Accuracy: 97.02%
[Epoch 10, Batch     2] loss: 0.000
[Epoch 10, Batch   102] loss: 0.001
[Epoch 10, Batch   202] loss: 0.003
[Epoch 10, Batch   302] loss: 0.011
[Epoch 10, Batch   402] loss: 0.012
[Epoch 10, Batch   502] loss: 0.009
[Epoch 10, Batch   602] loss: 0.006
Epoch 10/20:
Train Loss: 0.0003, Train Accuracy: 99.80%
Validation Loss: 0.3830, Validation Accuracy: 91.81%
[Epoch 11, Batch     2] loss: 0.000
[Epoch 11, Batch   102] loss: 0.009
[Epoch 11, Batch   202] loss: 0.004
[Epoch 11, Batch   302] loss: 0.003
[Epoch 11, Batch   402] loss: 0.003
[Epoch 11, Batch   502] loss: 0.011
[Epoch 11, Batch   602] loss: 0.003
Epoch 11/20:
Train Loss: 0.0005, Train Accuracy: 99.85%
Validation Loss: 0.1798, Validation Accuracy: 95.82%
[Epoch 12, Batch     2] loss: 0.000
[Epoch 12, Batch   102] loss: 0.006
[Epoch 12, Batch   202] loss: 0.014
[Epoch 12, Batch   302] loss: 0.007
[Epoch 12, Batch   402] loss: 0.007
[Epoch 12, Batch   502] loss: 0.005
[Epoch 12, Batch   602] loss: 0.012
Epoch 12/20:
Train Loss: 0.0007, Train Accuracy: 99.77%
Validation Loss: 0.2193, Validation Accuracy: 94.69%
[Epoch 13, Batch     2] loss: 0.000
[Epoch 13, Batch   102] loss: 0.004
[Epoch 13, Batch   202] loss: 0.004
[Epoch 13, Batch   302] loss: 0.001
[Epoch 13, Batch   402] loss: 0.010
[Epoch 13, Batch   502] loss: 0.007
[Epoch 13, Batch   602] loss: 0.004
Epoch 13/20:
Train Loss: 0.0007, Train Accuracy: 99.86%
Validation Loss: 0.1649, Validation Accuracy: 96.12%
[Epoch 14, Batch     2] loss: 0.000
[Epoch 14, Batch   102] loss: 0.007
[Epoch 14, Batch   202] loss: 0.003
[Epoch 14, Batch   302] loss: 0.003
[Epoch 14, Batch   402] loss: 0.005
[Epoch 14, Batch   502] loss: 0.006
[Epoch 14, Batch   602] loss: 0.011
Epoch 14/20:
Train Loss: 0.0007, Train Accuracy: 99.83%
Validation Loss: 0.1967, Validation Accuracy: 95.44%
[Epoch 15, Batch     2] loss: 0.000
[Epoch 15, Batch   102] loss: 0.007
[Epoch 15, Batch   202] loss: 0.008
[Epoch 15, Batch   302] loss: 0.009
[Epoch 15, Batch   402] loss: 0.009
[Epoch 15, Batch   502] loss: 0.010
[Epoch 15, Batch   602] loss: 0.001
Epoch 15/20:
Train Loss: 0.0001, Train Accuracy: 99.80%
Validation Loss: 0.1397, Validation Accuracy: 96.78%
[Epoch 16, Batch     2] loss: 0.000
[Epoch 16, Batch   102] loss: 0.006
[Epoch 16, Batch   202] loss: 0.004
[Epoch 16, Batch   302] loss: 0.002
[Epoch 16, Batch   402] loss: 0.004
[Epoch 16, Batch   502] loss: 0.012
[Epoch 16, Batch   602] loss: 0.008
Epoch 16/20:
Train Loss: 0.0003, Train Accuracy: 99.84%
Validation Loss: 0.1121, Validation Accuracy: 97.21%
[Epoch 17, Batch     2] loss: 0.000
[Epoch 17, Batch   102] loss: 0.006
[Epoch 17, Batch   202] loss: 0.003
[Epoch 17, Batch   302] loss: 0.005
[Epoch 17, Batch   402] loss: 0.007
[Epoch 17, Batch   502] loss: 0.002
[Epoch 17, Batch   602] loss: 0.005
Epoch 17/20:
Train Loss: 0.0008, Train Accuracy: 99.87%
Validation Loss: 0.1773, Validation Accuracy: 95.52%
[Epoch 18, Batch     2] loss: 0.000
[Epoch 18, Batch   102] loss: 0.001
[Epoch 18, Batch   202] loss: 0.001
[Epoch 18, Batch   302] loss: 0.000
[Epoch 18, Batch   402] loss: 0.012
[Epoch 18, Batch   502] loss: 0.007
[Epoch 18, Batch   602] loss: 0.008
Epoch 18/20:
Train Loss: 0.0007, Train Accuracy: 99.85%
Validation Loss: 0.1093, Validation Accuracy: 97.13%
[Epoch 19, Batch     2] loss: 0.000
[Epoch 19, Batch   102] loss: 0.006
[Epoch 19, Batch   202] loss: 0.003
[Epoch 19, Batch   302] loss: 0.001
[Epoch 19, Batch   402] loss: 0.001
[Epoch 19, Batch   502] loss: 0.002
[Epoch 19, Batch   602] loss: 0.013
Epoch 19/20:
Train Loss: 0.0010, Train Accuracy: 99.88%
Validation Loss: 0.1249, Validation Accuracy: 96.94%
[Epoch 20, Batch     2] loss: 0.000
[Epoch 20, Batch   102] loss: 0.003
[Epoch 20, Batch   202] loss: 0.001
[Epoch 20, Batch   302] loss: 0.002
[Epoch 20, Batch   402] loss: 0.002
[Epoch 20, Batch   502] loss: 0.006
[Epoch 20, Batch   602] loss: 0.015
Epoch 20/20:
Train Loss: 0.0008, Train Accuracy: 99.86%
Validation Loss: 0.1175, Validation Accuracy: 97.17%
Model saved to models/resnet18-MNIST-predictive_entropy-bottom-0.3-1
Modified conv1: updated in_channels to 1.
Modified fc layer: updated out_features to 10.
Initialized untrained model.
resnet18-MNIST-predictive_entropy-bottom-0.5-1
[Epoch 1, Batch     2] loss: 0.040
[Epoch 1, Batch   102] loss: 0.126
[Epoch 1, Batch   202] loss: 0.073
[Epoch 1, Batch   302] loss: 0.035
[Epoch 1, Batch   402] loss: 0.030
Epoch 1/20:
Train Loss: 0.0046, Train Accuracy: 97.81%
Validation Loss: 0.2887, Validation Accuracy: 92.04%
[Epoch 2, Batch     2] loss: 0.000
[Epoch 2, Batch   102] loss: 0.020
[Epoch 2, Batch   202] loss: 0.016
[Epoch 2, Batch   302] loss: 0.013
[Epoch 2, Batch   402] loss: 0.012
Epoch 2/20:
Train Loss: 0.0043, Train Accuracy: 99.54%
Validation Loss: 1.3124, Validation Accuracy: 67.65%
[Epoch 3, Batch     2] loss: 0.002
[Epoch 3, Batch   102] loss: 0.028
[Epoch 3, Batch   202] loss: 0.026
[Epoch 3, Batch   302] loss: 0.008
[Epoch 3, Batch   402] loss: 0.010
Epoch 3/20:
Train Loss: 0.0010, Train Accuracy: 99.57%
Validation Loss: 0.4635, Validation Accuracy: 88.70%
[Epoch 4, Batch     2] loss: 0.000
[Epoch 4, Batch   102] loss: 0.004
[Epoch 4, Batch   202] loss: 0.012
[Epoch 4, Batch   302] loss: 0.010
[Epoch 4, Batch   402] loss: 0.010
Epoch 4/20:
Train Loss: 0.0020, Train Accuracy: 99.72%
Validation Loss: 0.1500, Validation Accuracy: 96.19%
[Epoch 5, Batch     2] loss: 0.000
[Epoch 5, Batch   102] loss: 0.011
[Epoch 5, Batch   202] loss: 0.008
[Epoch 5, Batch   302] loss: 0.004
[Epoch 5, Batch   402] loss: 0.010
Epoch 5/20:
Train Loss: 0.0016, Train Accuracy: 99.73%
Validation Loss: 0.3724, Validation Accuracy: 91.72%
[Epoch 6, Batch     2] loss: 0.000
[Epoch 6, Batch   102] loss: 0.011
[Epoch 6, Batch   202] loss: 0.003
[Epoch 6, Batch   302] loss: 0.006
[Epoch 6, Batch   402] loss: 0.012
Epoch 6/20:
Train Loss: 0.0023, Train Accuracy: 99.76%
Validation Loss: 0.2679, Validation Accuracy: 93.36%
[Epoch 7, Batch     2] loss: 0.000
[Epoch 7, Batch   102] loss: 0.007
[Epoch 7, Batch   202] loss: 0.003
[Epoch 7, Batch   302] loss: 0.013
[Epoch 7, Batch   402] loss: 0.008
Epoch 7/20:
Train Loss: 0.0009, Train Accuracy: 99.84%
Validation Loss: 0.1710, Validation Accuracy: 95.75%
[Epoch 8, Batch     2] loss: 0.000
[Epoch 8, Batch   102] loss: 0.003
[Epoch 8, Batch   202] loss: 0.005
[Epoch 8, Batch   302] loss: 0.021
[Epoch 8, Batch   402] loss: 0.005
Epoch 8/20:
Train Loss: 0.0008, Train Accuracy: 99.79%
Validation Loss: 0.2161, Validation Accuracy: 94.57%
[Epoch 9, Batch     2] loss: 0.001
[Epoch 9, Batch   102] loss: 0.013
[Epoch 9, Batch   202] loss: 0.009
[Epoch 9, Batch   302] loss: 0.003
[Epoch 9, Batch   402] loss: 0.006
Epoch 9/20:
Train Loss: 0.0013, Train Accuracy: 99.80%
Validation Loss: 0.2126, Validation Accuracy: 94.59%
[Epoch 10, Batch     2] loss: 0.000
[Epoch 10, Batch   102] loss: 0.008
[Epoch 10, Batch   202] loss: 0.006
[Epoch 10, Batch   302] loss: 0.011
[Epoch 10, Batch   402] loss: 0.003
Epoch 10/20:
Train Loss: 0.0006, Train Accuracy: 99.85%
Validation Loss: 0.2117, Validation Accuracy: 95.11%
[Epoch 11, Batch     2] loss: 0.000
[Epoch 11, Batch   102] loss: 0.004
[Epoch 11, Batch   202] loss: 0.011
[Epoch 11, Batch   302] loss: 0.008
[Epoch 11, Batch   402] loss: 0.010
Epoch 11/20:
Train Loss: 0.0016, Train Accuracy: 99.74%
Validation Loss: 0.1593, Validation Accuracy: 95.77%
[Epoch 12, Batch     2] loss: 0.000
[Epoch 12, Batch   102] loss: 0.016
[Epoch 12, Batch   202] loss: 0.005
[Epoch 12, Batch   302] loss: 0.001
[Epoch 12, Batch   402] loss: 0.005
Epoch 12/20:
Train Loss: 0.0003, Train Accuracy: 99.84%
Validation Loss: 0.3086, Validation Accuracy: 93.06%
[Epoch 13, Batch     2] loss: 0.000
[Epoch 13, Batch   102] loss: 0.001
[Epoch 13, Batch   202] loss: 0.005
[Epoch 13, Batch   302] loss: 0.017
[Epoch 13, Batch   402] loss: 0.018
Epoch 13/20:
Train Loss: 0.0011, Train Accuracy: 99.73%
Validation Loss: 0.2278, Validation Accuracy: 95.04%
[Epoch 14, Batch     2] loss: 0.000
[Epoch 14, Batch   102] loss: 0.003
[Epoch 14, Batch   202] loss: 0.005
[Epoch 14, Batch   302] loss: 0.002
[Epoch 14, Batch   402] loss: 0.003
Epoch 14/20:
Train Loss: 0.0001, Train Accuracy: 99.95%
Validation Loss: 0.2260, Validation Accuracy: 95.03%
[Epoch 15, Batch     2] loss: 0.000
[Epoch 15, Batch   102] loss: 0.000
[Epoch 15, Batch   202] loss: 0.001
[Epoch 15, Batch   302] loss: 0.001
[Epoch 15, Batch   402] loss: 0.005
Epoch 15/20:
Train Loss: 0.0005, Train Accuracy: 99.95%
Validation Loss: 0.2626, Validation Accuracy: 94.14%
[Epoch 16, Batch     2] loss: 0.000
[Epoch 16, Batch   102] loss: 0.009
[Epoch 16, Batch   202] loss: 0.018
[Epoch 16, Batch   302] loss: 0.009
[Epoch 16, Batch   402] loss: 0.009
Epoch 16/20:
Train Loss: 0.0013, Train Accuracy: 99.67%
Validation Loss: 0.2277, Validation Accuracy: 94.64%
[Epoch 17, Batch     2] loss: 0.000
[Epoch 17, Batch   102] loss: 0.007
[Epoch 17, Batch   202] loss: 0.006
[Epoch 17, Batch   302] loss: 0.006
[Epoch 17, Batch   402] loss: 0.003
Epoch 17/20:
Train Loss: 0.0006, Train Accuracy: 99.85%
Validation Loss: 0.2332, Validation Accuracy: 94.76%
[Epoch 18, Batch     2] loss: 0.000
[Epoch 18, Batch   102] loss: 0.003
[Epoch 18, Batch   202] loss: 0.001
[Epoch 18, Batch   302] loss: 0.001
[Epoch 18, Batch   402] loss: 0.000
Epoch 18/20:
Train Loss: 0.0000, Train Accuracy: 99.96%
Validation Loss: 0.2152, Validation Accuracy: 95.25%
[Epoch 19, Batch     2] loss: 0.000
[Epoch 19, Batch   102] loss: 0.000
[Epoch 19, Batch   202] loss: 0.010
[Epoch 19, Batch   302] loss: 0.013
[Epoch 19, Batch   402] loss: 0.005
Epoch 19/20:
Train Loss: 0.0019, Train Accuracy: 99.80%
Validation Loss: 0.2106, Validation Accuracy: 95.07%
[Epoch 20, Batch     2] loss: 0.000
[Epoch 20, Batch   102] loss: 0.006
[Epoch 20, Batch   202] loss: 0.004
[Epoch 20, Batch   302] loss: 0.003
[Epoch 20, Batch   402] loss: 0.003
Epoch 20/20:
Train Loss: 0.0003, Train Accuracy: 99.89%
Validation Loss: 0.2313, Validation Accuracy: 94.56%
Model saved to models/resnet18-MNIST-predictive_entropy-bottom-0.5-1
Modified conv1: updated in_channels to 1.
Modified fc layer: updated out_features to 10.
Initialized untrained model.
resnet18-MNIST-predictive_entropy-bottom-0.7-1
[Epoch 1, Batch     2] loss: 0.043
[Epoch 1, Batch   102] loss: 0.108
[Epoch 1, Batch   202] loss: 0.047
Epoch 1/20:
Train Loss: 0.0113, Train Accuracy: 97.61%
Validation Loss: 0.9762, Validation Accuracy: 78.18%
[Epoch 2, Batch     2] loss: 0.000
[Epoch 2, Batch   102] loss: 0.011
[Epoch 2, Batch   202] loss: 0.011
Epoch 2/20:
Train Loss: 0.0047, Train Accuracy: 99.59%
Validation Loss: 0.7342, Validation Accuracy: 82.11%
[Epoch 3, Batch     2] loss: 0.000
[Epoch 3, Batch   102] loss: 0.013
[Epoch 3, Batch   202] loss: 0.006
Epoch 3/20:
Train Loss: 0.0036, Train Accuracy: 99.67%
Validation Loss: 0.4946, Validation Accuracy: 86.43%
[Epoch 4, Batch     2] loss: 0.000
[Epoch 4, Batch   102] loss: 0.017
[Epoch 4, Batch   202] loss: 0.008
Epoch 4/20:
Train Loss: 0.0057, Train Accuracy: 99.57%
Validation Loss: 1.2373, Validation Accuracy: 73.16%
[Epoch 5, Batch     2] loss: 0.000
[Epoch 5, Batch   102] loss: 0.013
[Epoch 5, Batch   202] loss: 0.010
Epoch 5/20:
Train Loss: 0.0037, Train Accuracy: 99.66%
Validation Loss: 1.0240, Validation Accuracy: 78.53%
[Epoch 6, Batch     2] loss: 0.000
[Epoch 6, Batch   102] loss: 0.005
[Epoch 6, Batch   202] loss: 0.004
Epoch 6/20:
Train Loss: 0.0024, Train Accuracy: 99.82%
Validation Loss: 0.4659, Validation Accuracy: 88.41%
[Epoch 7, Batch     2] loss: 0.000
[Epoch 7, Batch   102] loss: 0.005
[Epoch 7, Batch   202] loss: 0.015
Epoch 7/20:
Train Loss: 0.0015, Train Accuracy: 99.74%
Validation Loss: 0.5988, Validation Accuracy: 86.49%
[Epoch 8, Batch     2] loss: 0.000
[Epoch 8, Batch   102] loss: 0.005
[Epoch 8, Batch   202] loss: 0.007
Epoch 8/20:
Train Loss: 0.0007, Train Accuracy: 99.86%
Validation Loss: 0.3812, Validation Accuracy: 90.71%
[Epoch 9, Batch     2] loss: 0.000
[Epoch 9, Batch   102] loss: 0.001
[Epoch 9, Batch   202] loss: 0.006
Epoch 9/20:
Train Loss: 0.0010, Train Accuracy: 99.92%
Validation Loss: 0.6383, Validation Accuracy: 84.64%
[Epoch 10, Batch     2] loss: 0.000
[Epoch 10, Batch   102] loss: 0.018
[Epoch 10, Batch   202] loss: 0.004
Epoch 10/20:
Train Loss: 0.0004, Train Accuracy: 99.77%
Validation Loss: 0.4017, Validation Accuracy: 89.66%
[Epoch 11, Batch     2] loss: 0.000
[Epoch 11, Batch   102] loss: 0.005
[Epoch 11, Batch   202] loss: 0.013
Epoch 11/20:
Train Loss: 0.0004, Train Accuracy: 99.79%
Validation Loss: 0.4907, Validation Accuracy: 88.68%
[Epoch 12, Batch     2] loss: 0.000
[Epoch 12, Batch   102] loss: 0.001
[Epoch 12, Batch   202] loss: 0.001
Epoch 12/20:
Train Loss: 0.0004, Train Accuracy: 99.98%
Validation Loss: 0.5208, Validation Accuracy: 87.56%
[Epoch 13, Batch     2] loss: 0.000
[Epoch 13, Batch   102] loss: 0.000
[Epoch 13, Batch   202] loss: 0.000
Epoch 13/20:
Train Loss: 0.0001, Train Accuracy: 100.00%
Validation Loss: 0.4351, Validation Accuracy: 89.73%
[Epoch 14, Batch     2] loss: 0.000
[Epoch 14, Batch   102] loss: 0.000
[Epoch 14, Batch   202] loss: 0.000
Epoch 14/20:
Train Loss: 0.0001, Train Accuracy: 100.00%
Validation Loss: 0.4167, Validation Accuracy: 90.19%
[Epoch 15, Batch     2] loss: 0.000
[Epoch 15, Batch   102] loss: 0.014
[Epoch 15, Batch   202] loss: 0.022
Epoch 15/20:
Train Loss: 0.0024, Train Accuracy: 99.63%
Validation Loss: 0.8930, Validation Accuracy: 80.26%
[Epoch 16, Batch     2] loss: 0.000
[Epoch 16, Batch   102] loss: 0.001
[Epoch 16, Batch   202] loss: 0.004
Epoch 16/20:
Train Loss: 0.0014, Train Accuracy: 99.92%
Validation Loss: 0.8917, Validation Accuracy: 80.55%
[Epoch 17, Batch     2] loss: 0.000
[Epoch 17, Batch   102] loss: 0.005
[Epoch 17, Batch   202] loss: 0.006
Epoch 17/20:
Train Loss: 0.0010, Train Accuracy: 99.89%
Validation Loss: 0.6236, Validation Accuracy: 88.03%
[Epoch 18, Batch     2] loss: 0.001
[Epoch 18, Batch   102] loss: 0.003
[Epoch 18, Batch   202] loss: 0.020
Epoch 18/20:
Train Loss: 0.0011, Train Accuracy: 99.72%
Validation Loss: 0.4196, Validation Accuracy: 88.98%
[Epoch 19, Batch     2] loss: 0.000
[Epoch 19, Batch   102] loss: 0.003
[Epoch 19, Batch   202] loss: 0.006
Epoch 19/20:
Train Loss: 0.0009, Train Accuracy: 99.91%
Validation Loss: 0.5320, Validation Accuracy: 86.65%
[Epoch 20, Batch     2] loss: 0.000
[Epoch 20, Batch   102] loss: 0.001
[Epoch 20, Batch   202] loss: 0.006
Epoch 20/20:
Train Loss: 0.0039, Train Accuracy: 99.84%
Validation Loss: 0.3792, Validation Accuracy: 90.15%
Model saved to models/resnet18-MNIST-predictive_entropy-bottom-0.7-1
Modified conv1: updated in_channels to 1.
Modified fc layer: updated out_features to 10.
Initialized untrained model.
resnet18-MNIST-predictive_entropy-bottom-0.8-1
[Epoch 1, Batch     2] loss: 0.038
[Epoch 1, Batch   102] loss: 0.071
Epoch 1/20:
Train Loss: 0.0142, Train Accuracy: 97.80%
Validation Loss: 2.4713, Validation Accuracy: 52.39%
[Epoch 2, Batch     2] loss: 0.000
[Epoch 2, Batch   102] loss: 0.024
Epoch 2/20:
Train Loss: 0.0104, Train Accuracy: 99.39%
Validation Loss: 4.2675, Validation Accuracy: 45.08%
[Epoch 3, Batch     2] loss: 0.000
[Epoch 3, Batch   102] loss: 0.024
Epoch 3/20:
Train Loss: 0.0094, Train Accuracy: 99.45%
Validation Loss: 3.3212, Validation Accuracy: 51.90%
[Epoch 4, Batch     2] loss: 0.000
[Epoch 4, Batch   102] loss: 0.005
Epoch 4/20:
Train Loss: 0.0014, Train Accuracy: 99.87%
Validation Loss: 2.6166, Validation Accuracy: 55.50%
[Epoch 5, Batch     2] loss: 0.000
[Epoch 5, Batch   102] loss: 0.006
Epoch 5/20:
Train Loss: 0.0008, Train Accuracy: 99.87%
Validation Loss: 1.9898, Validation Accuracy: 67.88%
[Epoch 6, Batch     2] loss: 0.000
[Epoch 6, Batch   102] loss: 0.003
Epoch 6/20:
Train Loss: 0.0030, Train Accuracy: 99.82%
Validation Loss: 2.0441, Validation Accuracy: 62.47%
[Epoch 7, Batch     2] loss: 0.000
[Epoch 7, Batch   102] loss: 0.006
Epoch 7/20:
Train Loss: 0.0011, Train Accuracy: 99.89%
Validation Loss: 1.4741, Validation Accuracy: 72.11%
[Epoch 8, Batch     2] loss: 0.000
[Epoch 8, Batch   102] loss: 0.000
Epoch 8/20:
Train Loss: 0.0011, Train Accuracy: 99.98%
Validation Loss: 1.5076, Validation Accuracy: 70.73%
[Epoch 9, Batch     2] loss: 0.000
[Epoch 9, Batch   102] loss: 0.001
Epoch 9/20:
Train Loss: 0.0016, Train Accuracy: 99.94%
Validation Loss: 2.0052, Validation Accuracy: 61.77%
[Epoch 10, Batch     2] loss: 0.000
[Epoch 10, Batch   102] loss: 0.012
Epoch 10/20:
Train Loss: 0.0040, Train Accuracy: 99.71%
Validation Loss: 1.8376, Validation Accuracy: 60.51%
[Epoch 11, Batch     2] loss: 0.000
[Epoch 11, Batch   102] loss: 0.008
Epoch 11/20:
Train Loss: 0.0024, Train Accuracy: 99.82%
Validation Loss: 1.8499, Validation Accuracy: 67.33%
[Epoch 12, Batch     2] loss: 0.000
[Epoch 12, Batch   102] loss: 0.002
Epoch 12/20:
Train Loss: 0.0003, Train Accuracy: 99.97%
Validation Loss: 1.5354, Validation Accuracy: 71.88%
[Epoch 13, Batch     2] loss: 0.000
[Epoch 13, Batch   102] loss: 0.000
Epoch 13/20:
Train Loss: 0.0002, Train Accuracy: 100.00%
Validation Loss: 1.5779, Validation Accuracy: 70.96%
[Epoch 14, Batch     2] loss: 0.000
[Epoch 14, Batch   102] loss: 0.000
Epoch 14/20:
Train Loss: 0.0001, Train Accuracy: 100.00%
Validation Loss: 1.5568, Validation Accuracy: 72.14%
[Epoch 15, Batch     2] loss: 0.000
[Epoch 15, Batch   102] loss: 0.000
Epoch 15/20:
Train Loss: 0.0001, Train Accuracy: 100.00%
Validation Loss: 1.5669, Validation Accuracy: 72.14%
[Epoch 16, Batch     2] loss: 0.000
[Epoch 16, Batch   102] loss: 0.000
Epoch 16/20:
Train Loss: 0.0002, Train Accuracy: 100.00%
Validation Loss: 1.6699, Validation Accuracy: 70.78%
[Epoch 17, Batch     2] loss: 0.000
[Epoch 17, Batch   102] loss: 0.000
Epoch 17/20:
Train Loss: 0.0002, Train Accuracy: 100.00%
Validation Loss: 1.6270, Validation Accuracy: 72.76%
[Epoch 18, Batch     2] loss: 0.000
[Epoch 18, Batch   102] loss: 0.021
Epoch 18/20:
Train Loss: 0.0101, Train Accuracy: 99.50%
Validation Loss: 2.4118, Validation Accuracy: 54.58%
[Epoch 19, Batch     2] loss: 0.000
[Epoch 19, Batch   102] loss: 0.010
Epoch 19/20:
Train Loss: 0.0028, Train Accuracy: 99.82%
Validation Loss: 1.9849, Validation Accuracy: 61.56%
[Epoch 20, Batch     2] loss: 0.000
[Epoch 20, Batch   102] loss: 0.004
Epoch 20/20:
Train Loss: 0.0027, Train Accuracy: 99.86%
Validation Loss: 2.2607, Validation Accuracy: 57.35%
Model saved to models/resnet18-MNIST-predictive_entropy-bottom-0.8-1
Modified conv1: updated in_channels to 1.
Modified fc layer: updated out_features to 10.
Initialized untrained model.
resnet18-MNIST-predictive_entropy-bottom-0.9-1
[Epoch 1, Batch     2] loss: 0.040
Epoch 1/20:
Train Loss: 0.0600, Train Accuracy: 97.01%
Validation Loss: 4.3108, Validation Accuracy: 45.00%
[Epoch 2, Batch     2] loss: 0.001
Epoch 2/20:
Train Loss: 0.0073, Train Accuracy: 99.75%
Validation Loss: 4.7768, Validation Accuracy: 46.96%
[Epoch 3, Batch     2] loss: 0.000
Epoch 3/20:
Train Loss: 0.0082, Train Accuracy: 99.73%
Validation Loss: 4.9931, Validation Accuracy: 46.63%
[Epoch 4, Batch     2] loss: 0.000
Epoch 4/20:
Train Loss: 0.0191, Train Accuracy: 99.51%
Validation Loss: 3.6574, Validation Accuracy: 47.84%
[Epoch 5, Batch     2] loss: 0.001
Epoch 5/20:
Train Loss: 0.0071, Train Accuracy: 99.70%
Validation Loss: 4.7640, Validation Accuracy: 46.16%
[Epoch 6, Batch     2] loss: 0.000
Epoch 6/20:
Train Loss: 0.0040, Train Accuracy: 99.88%
Validation Loss: 3.4818, Validation Accuracy: 51.49%
[Epoch 7, Batch     2] loss: 0.000
Epoch 7/20:
Train Loss: 0.0040, Train Accuracy: 99.90%
Validation Loss: 3.4824, Validation Accuracy: 49.34%
[Epoch 8, Batch     2] loss: 0.000
Epoch 8/20:
Train Loss: 0.0109, Train Accuracy: 99.73%
Validation Loss: 3.5801, Validation Accuracy: 50.20%
[Epoch 9, Batch     2] loss: 0.000
Epoch 9/20:
Train Loss: 0.0029, Train Accuracy: 99.93%
Validation Loss: 3.8060, Validation Accuracy: 48.36%
[Epoch 10, Batch     2] loss: 0.000
Epoch 10/20:
Train Loss: 0.0009, Train Accuracy: 99.98%
Validation Loss: 3.6803, Validation Accuracy: 50.97%
[Epoch 11, Batch     2] loss: 0.000
Epoch 11/20:
Train Loss: 0.0004, Train Accuracy: 100.00%
Validation Loss: 3.6396, Validation Accuracy: 51.67%
[Epoch 12, Batch     2] loss: 0.000
Epoch 12/20:
Train Loss: 0.0033, Train Accuracy: 99.92%
Validation Loss: 4.0275, Validation Accuracy: 53.42%
[Epoch 13, Batch     2] loss: 0.000
Epoch 13/20:
Train Loss: 0.0063, Train Accuracy: 99.87%
Validation Loss: 3.0604, Validation Accuracy: 53.96%
[Epoch 14, Batch     2] loss: 0.000
Epoch 14/20:
Train Loss: 0.0046, Train Accuracy: 99.87%
Validation Loss: 4.0384, Validation Accuracy: 50.50%
[Epoch 15, Batch     2] loss: 0.001
Epoch 15/20:
Train Loss: 0.0064, Train Accuracy: 99.73%
Validation Loss: 4.3214, Validation Accuracy: 49.29%
[Epoch 16, Batch     2] loss: 0.000
Epoch 16/20:
Train Loss: 0.0045, Train Accuracy: 99.88%
Validation Loss: 4.3360, Validation Accuracy: 42.99%
[Epoch 17, Batch     2] loss: 0.000
Epoch 17/20:
Train Loss: 0.0006, Train Accuracy: 99.98%
Validation Loss: 3.5817, Validation Accuracy: 51.99%
[Epoch 18, Batch     2] loss: 0.000
Epoch 18/20:
Train Loss: 0.0003, Train Accuracy: 100.00%
Validation Loss: 3.5486, Validation Accuracy: 52.86%
[Epoch 19, Batch     2] loss: 0.000
Epoch 19/20:
Train Loss: 0.0002, Train Accuracy: 100.00%
Validation Loss: 3.9440, Validation Accuracy: 50.38%
[Epoch 20, Batch     2] loss: 0.000
Epoch 20/20:
Train Loss: 0.0002, Train Accuracy: 100.00%
Validation Loss: 3.7715, Validation Accuracy: 50.67%
Model saved to models/resnet18-MNIST-predictive_entropy-bottom-0.9-1
Modified conv1: updated in_channels to 1.
Modified fc layer: updated out_features to 10.
Initialized untrained model.
resnet18-MNIST-predictive_entropy-bottom-0.95-1
[Epoch 1, Batch     2] loss: 0.028
Epoch 1/20:
Train Loss: 0.0776, Train Accuracy: 96.23%
Validation Loss: 5.8430, Validation Accuracy: 33.85%
[Epoch 2, Batch     2] loss: 0.002
Epoch 2/20:
Train Loss: 0.0391, Train Accuracy: 98.74%
Validation Loss: 5.5621, Validation Accuracy: 40.75%
[Epoch 3, Batch     2] loss: 0.000
Epoch 3/20:
Train Loss: 0.0107, Train Accuracy: 99.69%
Validation Loss: 5.4709, Validation Accuracy: 40.54%
[Epoch 4, Batch     2] loss: 0.000
Epoch 4/20:
Train Loss: 0.0077, Train Accuracy: 99.83%
Validation Loss: 5.5695, Validation Accuracy: 35.33%
[Epoch 5, Batch     2] loss: 0.000
Epoch 5/20:
Train Loss: 0.0059, Train Accuracy: 99.73%
Validation Loss: 4.9635, Validation Accuracy: 38.71%
[Epoch 6, Batch     2] loss: 0.000
Epoch 6/20:
Train Loss: 0.0068, Train Accuracy: 99.80%
Validation Loss: 5.8151, Validation Accuracy: 41.93%
[Epoch 7, Batch     2] loss: 0.000
Epoch 7/20:
Train Loss: 0.0016, Train Accuracy: 99.97%
Validation Loss: 5.3176, Validation Accuracy: 39.78%
[Epoch 8, Batch     2] loss: 0.000
Epoch 8/20:
Train Loss: 0.0013, Train Accuracy: 99.90%
Validation Loss: 5.5551, Validation Accuracy: 42.29%
[Epoch 9, Batch     2] loss: 0.000
Epoch 9/20:
Train Loss: 0.0052, Train Accuracy: 99.80%
Validation Loss: 6.9145, Validation Accuracy: 37.87%
[Epoch 10, Batch     2] loss: 0.000
Epoch 10/20:
Train Loss: 0.0078, Train Accuracy: 99.76%
Validation Loss: 5.2957, Validation Accuracy: 38.51%
[Epoch 11, Batch     2] loss: 0.000
Epoch 11/20:
Train Loss: 0.0044, Train Accuracy: 99.83%
Validation Loss: 4.4778, Validation Accuracy: 42.20%
[Epoch 12, Batch     2] loss: 0.000
Epoch 12/20:
Train Loss: 0.0084, Train Accuracy: 99.83%
Validation Loss: 6.0913, Validation Accuracy: 36.92%
[Epoch 13, Batch     2] loss: 0.000
Epoch 13/20:
Train Loss: 0.0039, Train Accuracy: 99.90%
Validation Loss: 6.0466, Validation Accuracy: 39.69%
[Epoch 14, Batch     2] loss: 0.000
Epoch 14/20:
Train Loss: 0.0146, Train Accuracy: 99.59%
Validation Loss: 6.5967, Validation Accuracy: 31.76%
[Epoch 15, Batch     2] loss: 0.000
Epoch 15/20:
Train Loss: 0.0079, Train Accuracy: 99.76%
Validation Loss: 5.8512, Validation Accuracy: 37.61%
[Epoch 16, Batch     2] loss: 0.000
Epoch 16/20:
Train Loss: 0.0076, Train Accuracy: 99.73%
Validation Loss: 5.4069, Validation Accuracy: 39.36%
[Epoch 17, Batch     2] loss: 0.000
Epoch 17/20:
Train Loss: 0.0096, Train Accuracy: 99.73%
Validation Loss: 4.7566, Validation Accuracy: 45.03%
[Epoch 18, Batch     2] loss: 0.000
Epoch 18/20:
Train Loss: 0.0036, Train Accuracy: 99.83%
Validation Loss: 5.2751, Validation Accuracy: 40.30%
[Epoch 19, Batch     2] loss: 0.000
Epoch 19/20:
Train Loss: 0.0065, Train Accuracy: 99.83%
Validation Loss: 5.9378, Validation Accuracy: 36.42%
[Epoch 20, Batch     2] loss: 0.000
Epoch 20/20:
Train Loss: 0.0009, Train Accuracy: 100.00%
Validation Loss: 4.7087, Validation Accuracy: 40.61%
Model saved to models/resnet18-MNIST-predictive_entropy-bottom-0.95-1
Modified conv1: updated in_channels to 1.
Modified fc layer: updated out_features to 10.
Loaded weights from file: models/resnet18_MNIST_1
Modified conv1: updated in_channels to 1.
Modified fc layer: updated out_features to 10.
Initialized untrained model.
resnet18-MNIST-predictive_entropy-median-0.3-1
[Epoch 1, Batch     2] loss: 0.042
[Epoch 1, Batch   102] loss: 0.238
[Epoch 1, Batch   202] loss: 0.109
[Epoch 1, Batch   302] loss: 0.069
[Epoch 1, Batch   402] loss: 0.056
[Epoch 1, Batch   502] loss: 0.077
[Epoch 1, Batch   602] loss: 0.050
Epoch 1/20:
Train Loss: 0.0045, Train Accuracy: 96.77%
Validation Loss: 0.0841, Validation Accuracy: 97.42%
[Epoch 2, Batch     2] loss: 0.001
[Epoch 2, Batch   102] loss: 0.025
[Epoch 2, Batch   202] loss: 0.020
[Epoch 2, Batch   302] loss: 0.040
[Epoch 2, Batch   402] loss: 0.030
[Epoch 2, Batch   502] loss: 0.030
[Epoch 2, Batch   602] loss: 0.034
Epoch 2/20:
Train Loss: 0.0017, Train Accuracy: 99.11%
Validation Loss: 0.0865, Validation Accuracy: 97.70%
[Epoch 3, Batch     2] loss: 0.000
[Epoch 3, Batch   102] loss: 0.017
[Epoch 3, Batch   202] loss: 0.018
[Epoch 3, Batch   302] loss: 0.018
[Epoch 3, Batch   402] loss: 0.025
[Epoch 3, Batch   502] loss: 0.027
[Epoch 3, Batch   602] loss: 0.017
Epoch 3/20:
Train Loss: 0.0011, Train Accuracy: 99.39%
Validation Loss: 0.0804, Validation Accuracy: 97.90%
[Epoch 4, Batch     2] loss: 0.000
[Epoch 4, Batch   102] loss: 0.015
[Epoch 4, Batch   202] loss: 0.028
[Epoch 4, Batch   302] loss: 0.023
[Epoch 4, Batch   402] loss: 0.018
[Epoch 4, Batch   502] loss: 0.020
[Epoch 4, Batch   602] loss: 0.017
Epoch 4/20:
Train Loss: 0.0028, Train Accuracy: 99.34%
Validation Loss: 0.1401, Validation Accuracy: 96.27%
[Epoch 5, Batch     2] loss: 0.000
[Epoch 5, Batch   102] loss: 0.015
[Epoch 5, Batch   202] loss: 0.014
[Epoch 5, Batch   302] loss: 0.019
[Epoch 5, Batch   402] loss: 0.016
[Epoch 5, Batch   502] loss: 0.008
[Epoch 5, Batch   602] loss: 0.008
Epoch 5/20:
Train Loss: 0.0012, Train Accuracy: 99.60%
Validation Loss: 0.0770, Validation Accuracy: 97.93%
[Epoch 6, Batch     2] loss: 0.001
[Epoch 6, Batch   102] loss: 0.009
[Epoch 6, Batch   202] loss: 0.024
[Epoch 6, Batch   302] loss: 0.018
[Epoch 6, Batch   402] loss: 0.009
[Epoch 6, Batch   502] loss: 0.020
[Epoch 6, Batch   602] loss: 0.018
Epoch 6/20:
Train Loss: 0.0016, Train Accuracy: 99.53%
Validation Loss: 0.0814, Validation Accuracy: 97.95%
[Epoch 7, Batch     2] loss: 0.000
[Epoch 7, Batch   102] loss: 0.011
[Epoch 7, Batch   202] loss: 0.013
[Epoch 7, Batch   302] loss: 0.015
[Epoch 7, Batch   402] loss: 0.022
[Epoch 7, Batch   502] loss: 0.013
[Epoch 7, Batch   602] loss: 0.014
Epoch 7/20:
Train Loss: 0.0014, Train Accuracy: 99.59%
Validation Loss: 0.1138, Validation Accuracy: 97.03%
[Epoch 8, Batch     2] loss: 0.000
[Epoch 8, Batch   102] loss: 0.009
[Epoch 8, Batch   202] loss: 0.010
[Epoch 8, Batch   302] loss: 0.011
[Epoch 8, Batch   402] loss: 0.016
[Epoch 8, Batch   502] loss: 0.012
[Epoch 8, Batch   602] loss: 0.011
Epoch 8/20:
Train Loss: 0.0008, Train Accuracy: 99.70%
Validation Loss: 0.0642, Validation Accuracy: 98.29%
[Epoch 9, Batch     2] loss: 0.000
[Epoch 9, Batch   102] loss: 0.015
[Epoch 9, Batch   202] loss: 0.012
[Epoch 9, Batch   302] loss: 0.027
[Epoch 9, Batch   402] loss: 0.015
[Epoch 9, Batch   502] loss: 0.015
[Epoch 9, Batch   602] loss: 0.007
Epoch 9/20:
Train Loss: 0.0013, Train Accuracy: 99.54%
Validation Loss: 0.1369, Validation Accuracy: 96.93%
[Epoch 10, Batch     2] loss: 0.000
[Epoch 10, Batch   102] loss: 0.010
[Epoch 10, Batch   202] loss: 0.019
[Epoch 10, Batch   302] loss: 0.007
[Epoch 10, Batch   402] loss: 0.006
[Epoch 10, Batch   502] loss: 0.019
[Epoch 10, Batch   602] loss: 0.011
Epoch 10/20:
Train Loss: 0.0009, Train Accuracy: 99.68%
Validation Loss: 0.0887, Validation Accuracy: 97.80%
[Epoch 11, Batch     2] loss: 0.000
[Epoch 11, Batch   102] loss: 0.004
[Epoch 11, Batch   202] loss: 0.012
[Epoch 11, Batch   302] loss: 0.014
[Epoch 11, Batch   402] loss: 0.011
[Epoch 11, Batch   502] loss: 0.009
[Epoch 11, Batch   602] loss: 0.024
Epoch 11/20:
Train Loss: 0.0003, Train Accuracy: 99.67%
Validation Loss: 0.0677, Validation Accuracy: 98.42%
[Epoch 12, Batch     2] loss: 0.000
[Epoch 12, Batch   102] loss: 0.005
[Epoch 12, Batch   202] loss: 0.007
[Epoch 12, Batch   302] loss: 0.014
[Epoch 12, Batch   402] loss: 0.017
[Epoch 12, Batch   502] loss: 0.013
[Epoch 12, Batch   602] loss: 0.004
Epoch 12/20:
Train Loss: 0.0005, Train Accuracy: 99.74%
Validation Loss: 0.0710, Validation Accuracy: 98.12%
[Epoch 13, Batch     2] loss: 0.000
[Epoch 13, Batch   102] loss: 0.012
[Epoch 13, Batch   202] loss: 0.006
[Epoch 13, Batch   302] loss: 0.009
[Epoch 13, Batch   402] loss: 0.010
[Epoch 13, Batch   502] loss: 0.002
[Epoch 13, Batch   602] loss: 0.010
Epoch 13/20:
Train Loss: 0.0004, Train Accuracy: 99.78%
Validation Loss: 0.0904, Validation Accuracy: 97.78%
[Epoch 14, Batch     2] loss: 0.000
[Epoch 14, Batch   102] loss: 0.014
[Epoch 14, Batch   202] loss: 0.009
[Epoch 14, Batch   302] loss: 0.013
[Epoch 14, Batch   402] loss: 0.006
[Epoch 14, Batch   502] loss: 0.007
[Epoch 14, Batch   602] loss: 0.004
Epoch 14/20:
Train Loss: 0.0008, Train Accuracy: 99.75%
Validation Loss: 0.1150, Validation Accuracy: 97.32%
[Epoch 15, Batch     2] loss: 0.000
[Epoch 15, Batch   102] loss: 0.009
[Epoch 15, Batch   202] loss: 0.012
[Epoch 15, Batch   302] loss: 0.011
[Epoch 15, Batch   402] loss: 0.009
[Epoch 15, Batch   502] loss: 0.008
[Epoch 15, Batch   602] loss: 0.012
Epoch 15/20:
Train Loss: 0.0014, Train Accuracy: 99.67%
Validation Loss: 0.0776, Validation Accuracy: 97.88%
[Epoch 16, Batch     2] loss: 0.000
[Epoch 16, Batch   102] loss: 0.005
[Epoch 16, Batch   202] loss: 0.007
[Epoch 16, Batch   302] loss: 0.006
[Epoch 16, Batch   402] loss: 0.010
[Epoch 16, Batch   502] loss: 0.011
[Epoch 16, Batch   602] loss: 0.016
Epoch 16/20:
Train Loss: 0.0007, Train Accuracy: 99.75%
Validation Loss: 0.0812, Validation Accuracy: 98.11%
[Epoch 17, Batch     2] loss: 0.000
[Epoch 17, Batch   102] loss: 0.006
[Epoch 17, Batch   202] loss: 0.007
[Epoch 17, Batch   302] loss: 0.004
[Epoch 17, Batch   402] loss: 0.006
[Epoch 17, Batch   502] loss: 0.010
[Epoch 17, Batch   602] loss: 0.010
Epoch 17/20:
Train Loss: 0.0003, Train Accuracy: 99.80%
Validation Loss: 0.0535, Validation Accuracy: 98.56%
[Epoch 18, Batch     2] loss: 0.000
[Epoch 18, Batch   102] loss: 0.004
[Epoch 18, Batch   202] loss: 0.003
[Epoch 18, Batch   302] loss: 0.010
[Epoch 18, Batch   402] loss: 0.002
[Epoch 18, Batch   502] loss: 0.013
[Epoch 18, Batch   602] loss: 0.010
Epoch 18/20:
Train Loss: 0.0006, Train Accuracy: 99.81%
Validation Loss: 0.0752, Validation Accuracy: 98.16%
[Epoch 19, Batch     2] loss: 0.000
[Epoch 19, Batch   102] loss: 0.005
[Epoch 19, Batch   202] loss: 0.007
[Epoch 19, Batch   302] loss: 0.007
[Epoch 19, Batch   402] loss: 0.007
[Epoch 19, Batch   502] loss: 0.014
[Epoch 19, Batch   602] loss: 0.009
Epoch 19/20:
Train Loss: 0.0002, Train Accuracy: 99.82%
Validation Loss: 0.0659, Validation Accuracy: 98.22%
[Epoch 20, Batch     2] loss: 0.000
[Epoch 20, Batch   102] loss: 0.002
[Epoch 20, Batch   202] loss: 0.001
[Epoch 20, Batch   302] loss: 0.007
[Epoch 20, Batch   402] loss: 0.021
[Epoch 20, Batch   502] loss: 0.009
[Epoch 20, Batch   602] loss: 0.009
Epoch 20/20:
Train Loss: 0.0002, Train Accuracy: 99.83%
Validation Loss: 0.1074, Validation Accuracy: 97.61%
Model saved to models/resnet18-MNIST-predictive_entropy-median-0.3-1
Modified conv1: updated in_channels to 1.
Modified fc layer: updated out_features to 10.
Initialized untrained model.
resnet18-MNIST-predictive_entropy-median-0.5-1
[Epoch 1, Batch     2] loss: 0.037
[Epoch 1, Batch   102] loss: 0.229
[Epoch 1, Batch   202] loss: 0.069
[Epoch 1, Batch   302] loss: 0.059
[Epoch 1, Batch   402] loss: 0.063
Epoch 1/20:
Train Loss: 0.0056, Train Accuracy: 96.72%
Validation Loss: 0.1548, Validation Accuracy: 96.02%
[Epoch 2, Batch     2] loss: 0.000
[Epoch 2, Batch   102] loss: 0.022
[Epoch 2, Batch   202] loss: 0.034
[Epoch 2, Batch   302] loss: 0.036
[Epoch 2, Batch   402] loss: 0.034
Epoch 2/20:
Train Loss: 0.0032, Train Accuracy: 99.06%
Validation Loss: 0.0897, Validation Accuracy: 97.41%
[Epoch 3, Batch     2] loss: 0.000
[Epoch 3, Batch   102] loss: 0.016
[Epoch 3, Batch   202] loss: 0.041
[Epoch 3, Batch   302] loss: 0.021
[Epoch 3, Batch   402] loss: 0.037
Epoch 3/20:
Train Loss: 0.0014, Train Accuracy: 99.26%
Validation Loss: 0.1631, Validation Accuracy: 95.82%
[Epoch 4, Batch     2] loss: 0.000
[Epoch 4, Batch   102] loss: 0.018
[Epoch 4, Batch   202] loss: 0.009
[Epoch 4, Batch   302] loss: 0.013
[Epoch 4, Batch   402] loss: 0.014
Epoch 4/20:
Train Loss: 0.0023, Train Accuracy: 99.57%
Validation Loss: 0.1765, Validation Accuracy: 95.41%
[Epoch 5, Batch     2] loss: 0.001
[Epoch 5, Batch   102] loss: 0.023
[Epoch 5, Batch   202] loss: 0.007
[Epoch 5, Batch   302] loss: 0.021
[Epoch 5, Batch   402] loss: 0.015
Epoch 5/20:
Train Loss: 0.0020, Train Accuracy: 99.57%
Validation Loss: 0.1103, Validation Accuracy: 96.98%
[Epoch 6, Batch     2] loss: 0.000
[Epoch 6, Batch   102] loss: 0.008
[Epoch 6, Batch   202] loss: 0.007
[Epoch 6, Batch   302] loss: 0.010
[Epoch 6, Batch   402] loss: 0.020
Epoch 6/20:
Train Loss: 0.0024, Train Accuracy: 99.64%
Validation Loss: 0.1406, Validation Accuracy: 96.17%
[Epoch 7, Batch     2] loss: 0.000
[Epoch 7, Batch   102] loss: 0.011
[Epoch 7, Batch   202] loss: 0.014
[Epoch 7, Batch   302] loss: 0.016
[Epoch 7, Batch   402] loss: 0.016
Epoch 7/20:
Train Loss: 0.0016, Train Accuracy: 99.59%
Validation Loss: 0.2116, Validation Accuracy: 95.15%
[Epoch 8, Batch     2] loss: 0.000
[Epoch 8, Batch   102] loss: 0.013
[Epoch 8, Batch   202] loss: 0.013
[Epoch 8, Batch   302] loss: 0.006
[Epoch 8, Batch   402] loss: 0.017
Epoch 8/20:
Train Loss: 0.0020, Train Accuracy: 99.61%
Validation Loss: 0.1180, Validation Accuracy: 96.73%
[Epoch 9, Batch     2] loss: 0.000
[Epoch 9, Batch   102] loss: 0.009
[Epoch 9, Batch   202] loss: 0.009
[Epoch 9, Batch   302] loss: 0.009
[Epoch 9, Batch   402] loss: 0.008
Epoch 9/20:
Train Loss: 0.0014, Train Accuracy: 99.73%
Validation Loss: 0.1217, Validation Accuracy: 97.12%
[Epoch 10, Batch     2] loss: 0.000
[Epoch 10, Batch   102] loss: 0.013
[Epoch 10, Batch   202] loss: 0.021
[Epoch 10, Batch   302] loss: 0.005
[Epoch 10, Batch   402] loss: 0.008
Epoch 10/20:
Train Loss: 0.0018, Train Accuracy: 99.65%
Validation Loss: 0.1618, Validation Accuracy: 96.40%
[Epoch 11, Batch     2] loss: 0.000
[Epoch 11, Batch   102] loss: 0.011
[Epoch 11, Batch   202] loss: 0.012
[Epoch 11, Batch   302] loss: 0.008
[Epoch 11, Batch   402] loss: 0.003
Epoch 11/20:
Train Loss: 0.0010, Train Accuracy: 99.75%
Validation Loss: 0.1213, Validation Accuracy: 97.12%
[Epoch 12, Batch     2] loss: 0.000
[Epoch 12, Batch   102] loss: 0.017
[Epoch 12, Batch   202] loss: 0.016
[Epoch 12, Batch   302] loss: 0.010
[Epoch 12, Batch   402] loss: 0.001
Epoch 12/20:
Train Loss: 0.0003, Train Accuracy: 99.70%
Validation Loss: 0.1034, Validation Accuracy: 97.63%
[Epoch 13, Batch     2] loss: 0.000
[Epoch 13, Batch   102] loss: 0.002
[Epoch 13, Batch   202] loss: 0.013
[Epoch 13, Batch   302] loss: 0.018
[Epoch 13, Batch   402] loss: 0.011
Epoch 13/20:
Train Loss: 0.0024, Train Accuracy: 99.68%
Validation Loss: 0.1106, Validation Accuracy: 97.44%
[Epoch 14, Batch     2] loss: 0.000
[Epoch 14, Batch   102] loss: 0.003
[Epoch 14, Batch   202] loss: 0.004
[Epoch 14, Batch   302] loss: 0.004
[Epoch 14, Batch   402] loss: 0.001
Epoch 14/20:
Train Loss: 0.0012, Train Accuracy: 99.90%
Validation Loss: 0.1163, Validation Accuracy: 97.19%
[Epoch 15, Batch     2] loss: 0.000
[Epoch 15, Batch   102] loss: 0.026
[Epoch 15, Batch   202] loss: 0.009
[Epoch 15, Batch   302] loss: 0.011
[Epoch 15, Batch   402] loss: 0.008
Epoch 15/20:
Train Loss: 0.0009, Train Accuracy: 99.66%
Validation Loss: 0.1030, Validation Accuracy: 97.47%
[Epoch 16, Batch     2] loss: 0.000
[Epoch 16, Batch   102] loss: 0.001
[Epoch 16, Batch   202] loss: 0.002
[Epoch 16, Batch   302] loss: 0.008
[Epoch 16, Batch   402] loss: 0.009
Epoch 16/20:
Train Loss: 0.0023, Train Accuracy: 99.82%
Validation Loss: 0.1894, Validation Accuracy: 95.53%
[Epoch 17, Batch     2] loss: 0.001
[Epoch 17, Batch   102] loss: 0.007
[Epoch 17, Batch   202] loss: 0.023
[Epoch 17, Batch   302] loss: 0.007
[Epoch 17, Batch   402] loss: 0.004
Epoch 17/20:
Train Loss: 0.0017, Train Accuracy: 99.70%
Validation Loss: 0.1475, Validation Accuracy: 96.83%
[Epoch 18, Batch     2] loss: 0.000
[Epoch 18, Batch   102] loss: 0.003
[Epoch 18, Batch   202] loss: 0.002
[Epoch 18, Batch   302] loss: 0.007
[Epoch 18, Batch   402] loss: 0.010
Epoch 18/20:
Train Loss: 0.0008, Train Accuracy: 99.87%
Validation Loss: 0.1240, Validation Accuracy: 96.99%
[Epoch 19, Batch     2] loss: 0.000
[Epoch 19, Batch   102] loss: 0.004
[Epoch 19, Batch   202] loss: 0.004
[Epoch 19, Batch   302] loss: 0.010
[Epoch 19, Batch   402] loss: 0.018
Epoch 19/20:
Train Loss: 0.0010, Train Accuracy: 99.74%
Validation Loss: 0.1261, Validation Accuracy: 97.08%
[Epoch 20, Batch     2] loss: 0.000
[Epoch 20, Batch   102] loss: 0.007
[Epoch 20, Batch   202] loss: 0.006
[Epoch 20, Batch   302] loss: 0.007
[Epoch 20, Batch   402] loss: 0.009
Epoch 20/20:
Train Loss: 0.0023, Train Accuracy: 99.73%
Validation Loss: 0.1039, Validation Accuracy: 97.50%
Model saved to models/resnet18-MNIST-predictive_entropy-median-0.5-1
Modified conv1: updated in_channels to 1.
Modified fc layer: updated out_features to 10.
Initialized untrained model.
resnet18-MNIST-predictive_entropy-median-0.7-1
[Epoch 1, Batch     2] loss: 0.038
[Epoch 1, Batch   102] loss: 0.207
[Epoch 1, Batch   202] loss: 0.079
Epoch 1/20:
Train Loss: 0.0156, Train Accuracy: 95.81%
Validation Loss: 0.2172, Validation Accuracy: 94.06%
[Epoch 2, Batch     2] loss: 0.001
[Epoch 2, Batch   102] loss: 0.039
[Epoch 2, Batch   202] loss: 0.029
Epoch 2/20:
Train Loss: 0.0089, Train Accuracy: 98.88%
Validation Loss: 0.2054, Validation Accuracy: 94.82%
[Epoch 3, Batch     2] loss: 0.000
[Epoch 3, Batch   102] loss: 0.034
[Epoch 3, Batch   202] loss: 0.015
Epoch 3/20:
Train Loss: 0.0052, Train Accuracy: 99.30%
Validation Loss: 0.1854, Validation Accuracy: 95.69%
[Epoch 4, Batch     2] loss: 0.000
[Epoch 4, Batch   102] loss: 0.018
[Epoch 4, Batch   202] loss: 0.019
Epoch 4/20:
Train Loss: 0.0054, Train Accuracy: 99.42%
Validation Loss: 0.1610, Validation Accuracy: 95.88%
[Epoch 5, Batch     2] loss: 0.000
[Epoch 5, Batch   102] loss: 0.022
[Epoch 5, Batch   202] loss: 0.015
Epoch 5/20:
Train Loss: 0.0025, Train Accuracy: 99.56%
Validation Loss: 0.1585, Validation Accuracy: 95.97%
[Epoch 6, Batch     2] loss: 0.000
[Epoch 6, Batch   102] loss: 0.012
[Epoch 6, Batch   202] loss: 0.006
Epoch 6/20:
Train Loss: 0.0021, Train Accuracy: 99.74%
Validation Loss: 0.3486, Validation Accuracy: 91.66%
[Epoch 7, Batch     2] loss: 0.000
[Epoch 7, Batch   102] loss: 0.020
[Epoch 7, Batch   202] loss: 0.026
Epoch 7/20:
Train Loss: 0.0061, Train Accuracy: 99.27%
Validation Loss: 0.2090, Validation Accuracy: 95.13%
[Epoch 8, Batch     2] loss: 0.001
[Epoch 8, Batch   102] loss: 0.011
[Epoch 8, Batch   202] loss: 0.013
Epoch 8/20:
Train Loss: 0.0048, Train Accuracy: 99.63%
Validation Loss: 0.2090, Validation Accuracy: 95.18%
[Epoch 9, Batch     2] loss: 0.000
[Epoch 9, Batch   102] loss: 0.008
[Epoch 9, Batch   202] loss: 0.004
Epoch 9/20:
Train Loss: 0.0021, Train Accuracy: 99.79%
Validation Loss: 0.1097, Validation Accuracy: 97.12%
[Epoch 10, Batch     2] loss: 0.000
[Epoch 10, Batch   102] loss: 0.007
[Epoch 10, Batch   202] loss: 0.008
Epoch 10/20:
Train Loss: 0.0003, Train Accuracy: 99.84%
Validation Loss: 0.1404, Validation Accuracy: 96.57%
[Epoch 11, Batch     2] loss: 0.000
[Epoch 11, Batch   102] loss: 0.001
[Epoch 11, Batch   202] loss: 0.003
Epoch 11/20:
Train Loss: 0.0044, Train Accuracy: 99.86%
Validation Loss: 0.1919, Validation Accuracy: 95.66%
[Epoch 12, Batch     2] loss: 0.000
[Epoch 12, Batch   102] loss: 0.010
[Epoch 12, Batch   202] loss: 0.008
Epoch 12/20:
Train Loss: 0.0040, Train Accuracy: 99.74%
Validation Loss: 0.1761, Validation Accuracy: 96.01%
[Epoch 13, Batch     2] loss: 0.000
[Epoch 13, Batch   102] loss: 0.028
[Epoch 13, Batch   202] loss: 0.020
Epoch 13/20:
Train Loss: 0.0013, Train Accuracy: 99.44%
Validation Loss: 0.1272, Validation Accuracy: 96.79%
[Epoch 14, Batch     2] loss: 0.000
[Epoch 14, Batch   102] loss: 0.014
[Epoch 14, Batch   202] loss: 0.006
Epoch 14/20:
Train Loss: 0.0066, Train Accuracy: 99.57%
Validation Loss: 0.3497, Validation Accuracy: 92.20%
[Epoch 15, Batch     2] loss: 0.001
[Epoch 15, Batch   102] loss: 0.014
[Epoch 15, Batch   202] loss: 0.011
Epoch 15/20:
Train Loss: 0.0023, Train Accuracy: 99.66%
Validation Loss: 0.1063, Validation Accuracy: 97.18%
[Epoch 16, Batch     2] loss: 0.001
[Epoch 16, Batch   102] loss: 0.003
[Epoch 16, Batch   202] loss: 0.004
Epoch 16/20:
Train Loss: 0.0029, Train Accuracy: 99.80%
Validation Loss: 0.1259, Validation Accuracy: 96.64%
[Epoch 17, Batch     2] loss: 0.000
[Epoch 17, Batch   102] loss: 0.005
[Epoch 17, Batch   202] loss: 0.008
Epoch 17/20:
Train Loss: 0.0022, Train Accuracy: 99.84%
Validation Loss: 0.1054, Validation Accuracy: 97.18%
[Epoch 18, Batch     2] loss: 0.000
[Epoch 18, Batch   102] loss: 0.007
[Epoch 18, Batch   202] loss: 0.010
Epoch 18/20:
Train Loss: 0.0047, Train Accuracy: 99.67%
Validation Loss: 0.1732, Validation Accuracy: 95.88%
[Epoch 19, Batch     2] loss: 0.000
[Epoch 19, Batch   102] loss: 0.009
[Epoch 19, Batch   202] loss: 0.004
Epoch 19/20:
Train Loss: 0.0006, Train Accuracy: 99.83%
Validation Loss: 0.1285, Validation Accuracy: 97.17%
[Epoch 20, Batch     2] loss: 0.000
[Epoch 20, Batch   102] loss: 0.011
[Epoch 20, Batch   202] loss: 0.005
Epoch 20/20:
Train Loss: 0.0028, Train Accuracy: 99.73%
Validation Loss: 0.1720, Validation Accuracy: 95.93%
Model saved to models/resnet18-MNIST-predictive_entropy-median-0.7-1
Modified conv1: updated in_channels to 1.
Modified fc layer: updated out_features to 10.
Initialized untrained model.
resnet18-MNIST-predictive_entropy-median-0.8-1
[Epoch 1, Batch     2] loss: 0.038
[Epoch 1, Batch   102] loss: 0.191
Epoch 1/20:
Train Loss: 0.0307, Train Accuracy: 95.14%
Validation Loss: 0.2589, Validation Accuracy: 92.88%
[Epoch 2, Batch     2] loss: 0.000
[Epoch 2, Batch   102] loss: 0.057
Epoch 2/20:
Train Loss: 0.0193, Train Accuracy: 98.44%
Validation Loss: 0.2447, Validation Accuracy: 93.64%
[Epoch 3, Batch     2] loss: 0.001
[Epoch 3, Batch   102] loss: 0.017
Epoch 3/20:
Train Loss: 0.0120, Train Accuracy: 99.36%
Validation Loss: 0.2966, Validation Accuracy: 92.85%
[Epoch 4, Batch     2] loss: 0.000
[Epoch 4, Batch   102] loss: 0.023
Epoch 4/20:
Train Loss: 0.0117, Train Accuracy: 99.29%
Validation Loss: 0.2674, Validation Accuracy: 94.02%
[Epoch 5, Batch     2] loss: 0.000
[Epoch 5, Batch   102] loss: 0.030
Epoch 5/20:
Train Loss: 0.0091, Train Accuracy: 99.32%
Validation Loss: 0.1767, Validation Accuracy: 95.65%
[Epoch 6, Batch     2] loss: 0.000
[Epoch 6, Batch   102] loss: 0.010
Epoch 6/20:
Train Loss: 0.0124, Train Accuracy: 99.54%
Validation Loss: 0.2140, Validation Accuracy: 94.65%
[Epoch 7, Batch     2] loss: 0.000
[Epoch 7, Batch   102] loss: 0.008
Epoch 7/20:
Train Loss: 0.0040, Train Accuracy: 99.74%
Validation Loss: 0.1660, Validation Accuracy: 95.84%
[Epoch 8, Batch     2] loss: 0.000
[Epoch 8, Batch   102] loss: 0.006
Epoch 8/20:
Train Loss: 0.0029, Train Accuracy: 99.83%
Validation Loss: 0.1166, Validation Accuracy: 97.12%
[Epoch 9, Batch     2] loss: 0.000
[Epoch 9, Batch   102] loss: 0.028
Epoch 9/20:
Train Loss: 0.0058, Train Accuracy: 99.36%
Validation Loss: 0.2688, Validation Accuracy: 93.83%
[Epoch 10, Batch     2] loss: 0.001
[Epoch 10, Batch   102] loss: 0.010
Epoch 10/20:
Train Loss: 0.0032, Train Accuracy: 99.71%
Validation Loss: 0.1489, Validation Accuracy: 96.23%
[Epoch 11, Batch     2] loss: 0.000
[Epoch 11, Batch   102] loss: 0.014
Epoch 11/20:
Train Loss: 0.0055, Train Accuracy: 99.57%
Validation Loss: 0.1612, Validation Accuracy: 95.82%
[Epoch 12, Batch     2] loss: 0.000
[Epoch 12, Batch   102] loss: 0.007
Epoch 12/20:
Train Loss: 0.0013, Train Accuracy: 99.85%
Validation Loss: 0.1547, Validation Accuracy: 96.49%
[Epoch 13, Batch     2] loss: 0.000
[Epoch 13, Batch   102] loss: 0.002
Epoch 13/20:
Train Loss: 0.0003, Train Accuracy: 99.98%
Validation Loss: 0.1444, Validation Accuracy: 96.81%
[Epoch 14, Batch     2] loss: 0.000
[Epoch 14, Batch   102] loss: 0.002
Epoch 14/20:
Train Loss: 0.0057, Train Accuracy: 99.82%
Validation Loss: 0.2187, Validation Accuracy: 94.14%
[Epoch 15, Batch     2] loss: 0.000
[Epoch 15, Batch   102] loss: 0.013
Epoch 15/20:
Train Loss: 0.0021, Train Accuracy: 99.76%
Validation Loss: 0.3696, Validation Accuracy: 91.93%
[Epoch 16, Batch     2] loss: 0.000
[Epoch 16, Batch   102] loss: 0.012
Epoch 16/20:
Train Loss: 0.0037, Train Accuracy: 99.71%
Validation Loss: 0.1879, Validation Accuracy: 95.59%
[Epoch 17, Batch     2] loss: 0.000
[Epoch 17, Batch   102] loss: 0.010
Epoch 17/20:
Train Loss: 0.0067, Train Accuracy: 99.65%
Validation Loss: 0.1626, Validation Accuracy: 96.00%
[Epoch 18, Batch     2] loss: 0.000
[Epoch 18, Batch   102] loss: 0.011
Epoch 18/20:
Train Loss: 0.0048, Train Accuracy: 99.72%
Validation Loss: 0.0958, Validation Accuracy: 97.48%
[Epoch 19, Batch     2] loss: 0.000
[Epoch 19, Batch   102] loss: 0.015
Epoch 19/20:
Train Loss: 0.0073, Train Accuracy: 99.62%
Validation Loss: 0.7188, Validation Accuracy: 85.50%
[Epoch 20, Batch     2] loss: 0.001
[Epoch 20, Batch   102] loss: 0.011
Epoch 20/20:
Train Loss: 0.0051, Train Accuracy: 99.66%
Validation Loss: 0.1261, Validation Accuracy: 96.70%
Model saved to models/resnet18-MNIST-predictive_entropy-median-0.8-1
Modified conv1: updated in_channels to 1.
Modified fc layer: updated out_features to 10.
Initialized untrained model.
resnet18-MNIST-predictive_entropy-median-0.9-1
[Epoch 1, Batch     2] loss: 0.041
Epoch 1/20:
Train Loss: 0.2102, Train Accuracy: 92.15%
Validation Loss: 0.4364, Validation Accuracy: 87.44%
[Epoch 2, Batch     2] loss: 0.001
Epoch 2/20:
Train Loss: 0.0655, Train Accuracy: 98.03%
Validation Loss: 0.3141, Validation Accuracy: 92.29%
[Epoch 3, Batch     2] loss: 0.002
Epoch 3/20:
Train Loss: 0.0490, Train Accuracy: 98.50%
Validation Loss: 0.3520, Validation Accuracy: 91.48%
[Epoch 4, Batch     2] loss: 0.001
Epoch 4/20:
Train Loss: 0.0353, Train Accuracy: 98.84%
Validation Loss: 0.3131, Validation Accuracy: 92.70%
[Epoch 5, Batch     2] loss: 0.000
Epoch 5/20:
Train Loss: 0.0169, Train Accuracy: 99.46%
Validation Loss: 0.1911, Validation Accuracy: 95.23%
[Epoch 6, Batch     2] loss: 0.000
Epoch 6/20:
Train Loss: 0.0227, Train Accuracy: 99.36%
Validation Loss: 0.2238, Validation Accuracy: 94.70%
[Epoch 7, Batch     2] loss: 0.000
Epoch 7/20:
Train Loss: 0.0237, Train Accuracy: 99.19%
Validation Loss: 0.5510, Validation Accuracy: 89.09%
[Epoch 8, Batch     2] loss: 0.000
Epoch 8/20:
Train Loss: 0.0345, Train Accuracy: 99.08%
Validation Loss: 0.3255, Validation Accuracy: 91.51%
[Epoch 9, Batch     2] loss: 0.002
Epoch 9/20:
Train Loss: 0.0204, Train Accuracy: 99.43%
Validation Loss: 0.2656, Validation Accuracy: 93.23%
[Epoch 10, Batch     2] loss: 0.001
Epoch 10/20:
Train Loss: 0.0081, Train Accuracy: 99.71%
Validation Loss: 0.1397, Validation Accuracy: 96.73%
[Epoch 11, Batch     2] loss: 0.000
Epoch 11/20:
Train Loss: 0.0018, Train Accuracy: 99.97%
Validation Loss: 0.1863, Validation Accuracy: 95.83%
[Epoch 12, Batch     2] loss: 0.000
Epoch 12/20:
Train Loss: 0.0010, Train Accuracy: 99.98%
Validation Loss: 0.1713, Validation Accuracy: 96.01%
[Epoch 13, Batch     2] loss: 0.000
Epoch 13/20:
Train Loss: 0.0013, Train Accuracy: 99.97%
Validation Loss: 0.1634, Validation Accuracy: 96.19%
[Epoch 14, Batch     2] loss: 0.000
Epoch 14/20:
Train Loss: 0.0019, Train Accuracy: 99.97%
Validation Loss: 0.1836, Validation Accuracy: 96.05%
[Epoch 15, Batch     2] loss: 0.000
Epoch 15/20:
Train Loss: 0.0065, Train Accuracy: 99.87%
Validation Loss: 0.4016, Validation Accuracy: 91.47%
[Epoch 16, Batch     2] loss: 0.001
Epoch 16/20:
Train Loss: 0.0337, Train Accuracy: 98.98%
Validation Loss: 0.1572, Validation Accuracy: 95.95%
[Epoch 17, Batch     2] loss: 0.000
Epoch 17/20:
Train Loss: 0.0198, Train Accuracy: 99.34%
Validation Loss: 0.3561, Validation Accuracy: 91.23%
[Epoch 18, Batch     2] loss: 0.000
Epoch 18/20:
Train Loss: 0.0226, Train Accuracy: 99.26%
Validation Loss: 0.2270, Validation Accuracy: 94.52%
[Epoch 19, Batch     2] loss: 0.000
Epoch 19/20:
Train Loss: 0.0066, Train Accuracy: 99.78%
Validation Loss: 0.2188, Validation Accuracy: 94.70%
[Epoch 20, Batch     2] loss: 0.000
Epoch 20/20:
Train Loss: 0.0165, Train Accuracy: 99.48%
Validation Loss: 0.1900, Validation Accuracy: 95.19%
Model saved to models/resnet18-MNIST-predictive_entropy-median-0.9-1
Modified conv1: updated in_channels to 1.
Modified fc layer: updated out_features to 10.
Initialized untrained model.
resnet18-MNIST-predictive_entropy-median-0.95-1
[Epoch 1, Batch     2] loss: 0.044
Epoch 1/20:
Train Loss: 0.2970, Train Accuracy: 87.53%
Validation Loss: 0.9171, Validation Accuracy: 78.53%
[Epoch 2, Batch     2] loss: 0.001
Epoch 2/20:
Train Loss: 0.0770, Train Accuracy: 97.42%
Validation Loss: 0.3439, Validation Accuracy: 90.52%
[Epoch 3, Batch     2] loss: 0.001
Epoch 3/20:
Train Loss: 0.0538, Train Accuracy: 98.00%
Validation Loss: 0.7548, Validation Accuracy: 82.06%
[Epoch 4, Batch     2] loss: 0.002
Epoch 4/20:
Train Loss: 0.0827, Train Accuracy: 97.49%
Validation Loss: 0.3212, Validation Accuracy: 91.28%
[Epoch 5, Batch     2] loss: 0.000
Epoch 5/20:
Train Loss: 0.0294, Train Accuracy: 99.01%
Validation Loss: 0.3142, Validation Accuracy: 91.99%
[Epoch 6, Batch     2] loss: 0.000
Epoch 6/20:
Train Loss: 0.0322, Train Accuracy: 98.98%
Validation Loss: 0.2105, Validation Accuracy: 94.29%
[Epoch 7, Batch     2] loss: 0.000
Epoch 7/20:
Train Loss: 0.0263, Train Accuracy: 99.18%
Validation Loss: 0.2391, Validation Accuracy: 93.68%
[Epoch 8, Batch     2] loss: 0.002
Epoch 8/20:
Train Loss: 0.0114, Train Accuracy: 99.66%
Validation Loss: 0.4112, Validation Accuracy: 91.13%
[Epoch 9, Batch     2] loss: 0.001
Epoch 9/20:
Train Loss: 0.0054, Train Accuracy: 99.90%
Validation Loss: 0.2391, Validation Accuracy: 94.33%
[Epoch 10, Batch     2] loss: 0.000
Epoch 10/20:
Train Loss: 0.0022, Train Accuracy: 99.93%
Validation Loss: 0.3971, Validation Accuracy: 92.14%
[Epoch 11, Batch     2] loss: 0.000
Epoch 11/20:
Train Loss: 0.0088, Train Accuracy: 99.83%
Validation Loss: 0.5630, Validation Accuracy: 88.60%
[Epoch 12, Batch     2] loss: 0.000
Epoch 12/20:
Train Loss: 0.0325, Train Accuracy: 99.29%
Validation Loss: 0.5582, Validation Accuracy: 87.84%
[Epoch 13, Batch     2] loss: 0.000
Epoch 13/20:
Train Loss: 0.0420, Train Accuracy: 98.57%
Validation Loss: 0.5880, Validation Accuracy: 86.51%
[Epoch 14, Batch     2] loss: 0.000
Epoch 14/20:
Train Loss: 0.0187, Train Accuracy: 99.32%
Validation Loss: 0.3245, Validation Accuracy: 91.99%
[Epoch 15, Batch     2] loss: 0.001
Epoch 15/20:
Train Loss: 0.0154, Train Accuracy: 99.59%
Validation Loss: 0.2165, Validation Accuracy: 94.09%
[Epoch 16, Batch     2] loss: 0.000
Epoch 16/20:
Train Loss: 0.0190, Train Accuracy: 99.46%
Validation Loss: 0.2589, Validation Accuracy: 93.10%
[Epoch 17, Batch     2] loss: 0.000
Epoch 17/20:
Train Loss: 0.0127, Train Accuracy: 99.63%
Validation Loss: 0.3485, Validation Accuracy: 92.30%
[Epoch 18, Batch     2] loss: 0.000
Epoch 18/20:
Train Loss: 0.0208, Train Accuracy: 99.42%
Validation Loss: 0.3156, Validation Accuracy: 92.92%
[Epoch 19, Batch     2] loss: 0.000
Epoch 19/20:
Train Loss: 0.0234, Train Accuracy: 99.12%
Validation Loss: 0.2408, Validation Accuracy: 94.11%
[Epoch 20, Batch     2] loss: 0.000
Epoch 20/20:
Train Loss: 0.0202, Train Accuracy: 99.46%
Validation Loss: 0.2898, Validation Accuracy: 92.71%
Model saved to models/resnet18-MNIST-predictive_entropy-median-0.95-1
Modified conv1: updated in_channels to 1.
Modified fc layer: updated out_features to 10.
Loaded weights from file: models/resnet18_MNIST_1
Modified conv1: updated in_channels to 1.
Modified fc layer: updated out_features to 10.
Initialized untrained model.
resnet18-MNIST-predictive_entropy-balanced_by_score1-0.3-1
[Epoch 1, Batch     2] loss: 0.041
[Epoch 1, Batch   102] loss: 0.329
[Epoch 1, Batch   202] loss: 0.177
[Epoch 1, Batch   302] loss: 0.134
[Epoch 1, Batch   402] loss: 0.122
[Epoch 1, Batch   502] loss: 0.116
[Epoch 1, Batch   602] loss: 0.118
Epoch 1/20:
Train Loss: 0.0074, Train Accuracy: 94.96%
Validation Loss: 0.0773, Validation Accuracy: 97.51%
[Epoch 2, Batch     2] loss: 0.001
[Epoch 2, Batch   102] loss: 0.070
[Epoch 2, Batch   202] loss: 0.097
[Epoch 2, Batch   302] loss: 0.085
[Epoch 2, Batch   402] loss: 0.070
[Epoch 2, Batch   502] loss: 0.081
[Epoch 2, Batch   602] loss: 0.069
Epoch 2/20:
Train Loss: 0.0064, Train Accuracy: 97.66%
Validation Loss: 0.0523, Validation Accuracy: 98.41%
[Epoch 3, Batch     2] loss: 0.000
[Epoch 3, Batch   102] loss: 0.056
[Epoch 3, Batch   202] loss: 0.055
[Epoch 3, Batch   302] loss: 0.059
[Epoch 3, Batch   402] loss: 0.063
[Epoch 3, Batch   502] loss: 0.065
[Epoch 3, Batch   602] loss: 0.054
Epoch 3/20:
Train Loss: 0.0043, Train Accuracy: 98.28%
Validation Loss: 0.0709, Validation Accuracy: 97.97%
[Epoch 4, Batch     2] loss: 0.001
[Epoch 4, Batch   102] loss: 0.045
[Epoch 4, Batch   202] loss: 0.047
[Epoch 4, Batch   302] loss: 0.044
[Epoch 4, Batch   402] loss: 0.057
[Epoch 4, Batch   502] loss: 0.057
[Epoch 4, Batch   602] loss: 0.044
Epoch 4/20:
Train Loss: 0.0037, Train Accuracy: 98.47%
Validation Loss: 0.0635, Validation Accuracy: 98.00%
[Epoch 5, Batch     2] loss: 0.001
[Epoch 5, Batch   102] loss: 0.041
[Epoch 5, Batch   202] loss: 0.041
[Epoch 5, Batch   302] loss: 0.050
[Epoch 5, Batch   402] loss: 0.045
[Epoch 5, Batch   502] loss: 0.055
[Epoch 5, Batch   602] loss: 0.053
Epoch 5/20:
Train Loss: 0.0035, Train Accuracy: 98.59%
Validation Loss: 0.0710, Validation Accuracy: 98.02%
[Epoch 6, Batch     2] loss: 0.001
[Epoch 6, Batch   102] loss: 0.047
[Epoch 6, Batch   202] loss: 0.036
[Epoch 6, Batch   302] loss: 0.035
[Epoch 6, Batch   402] loss: 0.038
[Epoch 6, Batch   502] loss: 0.044
[Epoch 6, Batch   602] loss: 0.044
Epoch 6/20:
Train Loss: 0.0034, Train Accuracy: 98.79%
Validation Loss: 0.0459, Validation Accuracy: 98.59%
[Epoch 7, Batch     2] loss: 0.000
[Epoch 7, Batch   102] loss: 0.028
[Epoch 7, Batch   202] loss: 0.036
[Epoch 7, Batch   302] loss: 0.034
[Epoch 7, Batch   402] loss: 0.043
[Epoch 7, Batch   502] loss: 0.043
[Epoch 7, Batch   602] loss: 0.038
Epoch 7/20:
Train Loss: 0.0041, Train Accuracy: 98.84%
Validation Loss: 0.0630, Validation Accuracy: 98.01%
[Epoch 8, Batch     2] loss: 0.001
[Epoch 8, Batch   102] loss: 0.029
[Epoch 8, Batch   202] loss: 0.029
[Epoch 8, Batch   302] loss: 0.040
[Epoch 8, Batch   402] loss: 0.036
[Epoch 8, Batch   502] loss: 0.042
[Epoch 8, Batch   602] loss: 0.039
Epoch 8/20:
Train Loss: 0.0036, Train Accuracy: 98.92%
Validation Loss: 0.0424, Validation Accuracy: 98.59%
[Epoch 9, Batch     2] loss: 0.001
[Epoch 9, Batch   102] loss: 0.032
[Epoch 9, Batch   202] loss: 0.027
[Epoch 9, Batch   302] loss: 0.030
[Epoch 9, Batch   402] loss: 0.040
[Epoch 9, Batch   502] loss: 0.028
[Epoch 9, Batch   602] loss: 0.032
Epoch 9/20:
Train Loss: 0.0031, Train Accuracy: 99.04%
Validation Loss: 0.0535, Validation Accuracy: 98.30%
[Epoch 10, Batch     2] loss: 0.000
[Epoch 10, Batch   102] loss: 0.025
[Epoch 10, Batch   202] loss: 0.025
[Epoch 10, Batch   302] loss: 0.030
[Epoch 10, Batch   402] loss: 0.031
[Epoch 10, Batch   502] loss: 0.038
[Epoch 10, Batch   602] loss: 0.031
Epoch 10/20:
Train Loss: 0.0025, Train Accuracy: 99.08%
Validation Loss: 0.0454, Validation Accuracy: 98.58%
[Epoch 11, Batch     2] loss: 0.000
[Epoch 11, Batch   102] loss: 0.030
[Epoch 11, Batch   202] loss: 0.020
[Epoch 11, Batch   302] loss: 0.028
[Epoch 11, Batch   402] loss: 0.037
[Epoch 11, Batch   502] loss: 0.030
[Epoch 11, Batch   602] loss: 0.031
Epoch 11/20:
Train Loss: 0.0028, Train Accuracy: 99.13%
Validation Loss: 0.0550, Validation Accuracy: 98.38%
[Epoch 12, Batch     2] loss: 0.001
[Epoch 12, Batch   102] loss: 0.025
[Epoch 12, Batch   202] loss: 0.025
[Epoch 12, Batch   302] loss: 0.016
[Epoch 12, Batch   402] loss: 0.027
[Epoch 12, Batch   502] loss: 0.029
[Epoch 12, Batch   602] loss: 0.039
Epoch 12/20:
Train Loss: 0.0033, Train Accuracy: 99.16%
Validation Loss: 0.0432, Validation Accuracy: 98.76%
[Epoch 13, Batch     2] loss: 0.000
[Epoch 13, Batch   102] loss: 0.021
[Epoch 13, Batch   202] loss: 0.026
[Epoch 13, Batch   302] loss: 0.014
[Epoch 13, Batch   402] loss: 0.017
[Epoch 13, Batch   502] loss: 0.034
[Epoch 13, Batch   602] loss: 0.028
Epoch 13/20:
Train Loss: 0.0025, Train Accuracy: 99.32%
Validation Loss: 0.0450, Validation Accuracy: 98.62%
[Epoch 14, Batch     2] loss: 0.001
[Epoch 14, Batch   102] loss: 0.024
[Epoch 14, Batch   202] loss: 0.014
[Epoch 14, Batch   302] loss: 0.018
[Epoch 14, Batch   402] loss: 0.023
[Epoch 14, Batch   502] loss: 0.033
[Epoch 14, Batch   602] loss: 0.031
Epoch 14/20:
Train Loss: 0.0029, Train Accuracy: 99.23%
Validation Loss: 0.0450, Validation Accuracy: 98.79%
[Epoch 15, Batch     2] loss: 0.001
[Epoch 15, Batch   102] loss: 0.022
[Epoch 15, Batch   202] loss: 0.016
[Epoch 15, Batch   302] loss: 0.022
[Epoch 15, Batch   402] loss: 0.020
[Epoch 15, Batch   502] loss: 0.018
[Epoch 15, Batch   602] loss: 0.027
Epoch 15/20:
Train Loss: 0.0021, Train Accuracy: 99.31%
Validation Loss: 0.0406, Validation Accuracy: 98.84%
[Epoch 16, Batch     2] loss: 0.001
[Epoch 16, Batch   102] loss: 0.013
[Epoch 16, Batch   202] loss: 0.030
[Epoch 16, Batch   302] loss: 0.015
[Epoch 16, Batch   402] loss: 0.021
[Epoch 16, Batch   502] loss: 0.020
[Epoch 16, Batch   602] loss: 0.024
Epoch 16/20:
Train Loss: 0.0015, Train Accuracy: 99.39%
Validation Loss: 0.0390, Validation Accuracy: 98.88%
[Epoch 17, Batch     2] loss: 0.000
[Epoch 17, Batch   102] loss: 0.016
[Epoch 17, Batch   202] loss: 0.017
[Epoch 17, Batch   302] loss: 0.016
[Epoch 17, Batch   402] loss: 0.015
[Epoch 17, Batch   502] loss: 0.022
[Epoch 17, Batch   602] loss: 0.020
Epoch 17/20:
Train Loss: 0.0016, Train Accuracy: 99.50%
Validation Loss: 0.0385, Validation Accuracy: 98.85%
[Epoch 18, Batch     2] loss: 0.001
[Epoch 18, Batch   102] loss: 0.016
[Epoch 18, Batch   202] loss: 0.024
[Epoch 18, Batch   302] loss: 0.017
[Epoch 18, Batch   402] loss: 0.020
[Epoch 18, Batch   502] loss: 0.022
[Epoch 18, Batch   602] loss: 0.018
Epoch 18/20:
Train Loss: 0.0016, Train Accuracy: 99.40%
Validation Loss: 0.0326, Validation Accuracy: 99.11%
[Epoch 19, Batch     2] loss: 0.002
[Epoch 19, Batch   102] loss: 0.016
[Epoch 19, Batch   202] loss: 0.015
[Epoch 19, Batch   302] loss: 0.017
[Epoch 19, Batch   402] loss: 0.017
[Epoch 19, Batch   502] loss: 0.022
[Epoch 19, Batch   602] loss: 0.015
Epoch 19/20:
Train Loss: 0.0014, Train Accuracy: 99.52%
Validation Loss: 0.0359, Validation Accuracy: 99.12%
[Epoch 20, Batch     2] loss: 0.001
[Epoch 20, Batch   102] loss: 0.014
[Epoch 20, Batch   202] loss: 0.013
[Epoch 20, Batch   302] loss: 0.011
[Epoch 20, Batch   402] loss: 0.018
[Epoch 20, Batch   502] loss: 0.017
[Epoch 20, Batch   602] loss: 0.021
Epoch 20/20:
Train Loss: 0.0013, Train Accuracy: 99.50%
Validation Loss: 0.0325, Validation Accuracy: 99.07%
Model saved to models/resnet18-MNIST-predictive_entropy-balanced_by_score1-0.3-1
Modified conv1: updated in_channels to 1.
Modified fc layer: updated out_features to 10.
Initialized untrained model.
resnet18-MNIST-predictive_entropy-balanced_by_score1-0.5-1
[Epoch 1, Batch     2] loss: 0.044
[Epoch 1, Batch   102] loss: 0.332
[Epoch 1, Batch   202] loss: 0.164
[Epoch 1, Batch   302] loss: 0.143
[Epoch 1, Batch   402] loss: 0.132
Epoch 1/20:
Train Loss: 0.0166, Train Accuracy: 94.21%
Validation Loss: 0.1067, Validation Accuracy: 96.49%
[Epoch 2, Batch     2] loss: 0.003
[Epoch 2, Batch   102] loss: 0.086
[Epoch 2, Batch   202] loss: 0.092
[Epoch 2, Batch   302] loss: 0.085
[Epoch 2, Batch   402] loss: 0.086
Epoch 2/20:
Train Loss: 0.0096, Train Accuracy: 97.50%
Validation Loss: 0.0915, Validation Accuracy: 97.25%
[Epoch 3, Batch     2] loss: 0.001
[Epoch 3, Batch   102] loss: 0.061
[Epoch 3, Batch   202] loss: 0.077
[Epoch 3, Batch   302] loss: 0.063
[Epoch 3, Batch   402] loss: 0.064
Epoch 3/20:
Train Loss: 0.0102, Train Accuracy: 98.01%
Validation Loss: 0.0970, Validation Accuracy: 97.19%
[Epoch 4, Batch     2] loss: 0.000
[Epoch 4, Batch   102] loss: 0.050
[Epoch 4, Batch   202] loss: 0.053
[Epoch 4, Batch   302] loss: 0.052
[Epoch 4, Batch   402] loss: 0.055
Epoch 4/20:
Train Loss: 0.0087, Train Accuracy: 98.36%
Validation Loss: 0.0566, Validation Accuracy: 98.38%
[Epoch 5, Batch     2] loss: 0.001
[Epoch 5, Batch   102] loss: 0.048
[Epoch 5, Batch   202] loss: 0.049
[Epoch 5, Batch   302] loss: 0.043
[Epoch 5, Batch   402] loss: 0.049
Epoch 5/20:
Train Loss: 0.0059, Train Accuracy: 98.63%
Validation Loss: 0.0364, Validation Accuracy: 98.75%
[Epoch 6, Batch     2] loss: 0.001
[Epoch 6, Batch   102] loss: 0.041
[Epoch 6, Batch   202] loss: 0.033
[Epoch 6, Batch   302] loss: 0.047
[Epoch 6, Batch   402] loss: 0.046
Epoch 6/20:
Train Loss: 0.0064, Train Accuracy: 98.72%
Validation Loss: 0.0524, Validation Accuracy: 98.43%
[Epoch 7, Batch     2] loss: 0.001
[Epoch 7, Batch   102] loss: 0.035
[Epoch 7, Batch   202] loss: 0.044
[Epoch 7, Batch   302] loss: 0.042
[Epoch 7, Batch   402] loss: 0.042
Epoch 7/20:
Train Loss: 0.0045, Train Accuracy: 98.81%
Validation Loss: 0.0426, Validation Accuracy: 98.64%
[Epoch 8, Batch     2] loss: 0.001
[Epoch 8, Batch   102] loss: 0.025
[Epoch 8, Batch   202] loss: 0.041
[Epoch 8, Batch   302] loss: 0.040
[Epoch 8, Batch   402] loss: 0.034
Epoch 8/20:
Train Loss: 0.0047, Train Accuracy: 98.93%
Validation Loss: 0.0452, Validation Accuracy: 98.71%
[Epoch 9, Batch     2] loss: 0.001
[Epoch 9, Batch   102] loss: 0.019
[Epoch 9, Batch   202] loss: 0.033
[Epoch 9, Batch   302] loss: 0.041
[Epoch 9, Batch   402] loss: 0.052
Epoch 9/20:
Train Loss: 0.0031, Train Accuracy: 98.93%
Validation Loss: 0.0350, Validation Accuracy: 98.99%
[Epoch 10, Batch     2] loss: 0.002
[Epoch 10, Batch   102] loss: 0.026
[Epoch 10, Batch   202] loss: 0.033
[Epoch 10, Batch   302] loss: 0.030
[Epoch 10, Batch   402] loss: 0.038
Epoch 10/20:
Train Loss: 0.0045, Train Accuracy: 98.97%
Validation Loss: 0.0450, Validation Accuracy: 98.64%
[Epoch 11, Batch     2] loss: 0.001
[Epoch 11, Batch   102] loss: 0.019
[Epoch 11, Batch   202] loss: 0.034
[Epoch 11, Batch   302] loss: 0.026
[Epoch 11, Batch   402] loss: 0.024
Epoch 11/20:
Train Loss: 0.0050, Train Accuracy: 99.20%
Validation Loss: 0.0422, Validation Accuracy: 98.81%
[Epoch 12, Batch     2] loss: 0.001
[Epoch 12, Batch   102] loss: 0.031
[Epoch 12, Batch   202] loss: 0.033
[Epoch 12, Batch   302] loss: 0.029
[Epoch 12, Batch   402] loss: 0.026
Epoch 12/20:
Train Loss: 0.0037, Train Accuracy: 99.11%
Validation Loss: 0.0442, Validation Accuracy: 98.60%
[Epoch 13, Batch     2] loss: 0.000
[Epoch 13, Batch   102] loss: 0.020
[Epoch 13, Batch   202] loss: 0.022
[Epoch 13, Batch   302] loss: 0.028
[Epoch 13, Batch   402] loss: 0.029
Epoch 13/20:
Train Loss: 0.0042, Train Accuracy: 99.23%
Validation Loss: 0.0358, Validation Accuracy: 98.93%
[Epoch 14, Batch     2] loss: 0.001
[Epoch 14, Batch   102] loss: 0.021
[Epoch 14, Batch   202] loss: 0.014
[Epoch 14, Batch   302] loss: 0.023
[Epoch 14, Batch   402] loss: 0.032
Epoch 14/20:
Train Loss: 0.0051, Train Accuracy: 99.28%
Validation Loss: 0.0518, Validation Accuracy: 98.39%
[Epoch 15, Batch     2] loss: 0.001
[Epoch 15, Batch   102] loss: 0.017
[Epoch 15, Batch   202] loss: 0.024
[Epoch 15, Batch   302] loss: 0.022
[Epoch 15, Batch   402] loss: 0.028
Epoch 15/20:
Train Loss: 0.0037, Train Accuracy: 99.32%
Validation Loss: 0.0429, Validation Accuracy: 98.72%
[Epoch 16, Batch     2] loss: 0.000
[Epoch 16, Batch   102] loss: 0.017
[Epoch 16, Batch   202] loss: 0.024
[Epoch 16, Batch   302] loss: 0.016
[Epoch 16, Batch   402] loss: 0.021
Epoch 16/20:
Train Loss: 0.0020, Train Accuracy: 99.42%
Validation Loss: 0.0475, Validation Accuracy: 98.66%
[Epoch 17, Batch     2] loss: 0.001
[Epoch 17, Batch   102] loss: 0.021
[Epoch 17, Batch   202] loss: 0.023
[Epoch 17, Batch   302] loss: 0.025
[Epoch 17, Batch   402] loss: 0.021
Epoch 17/20:
Train Loss: 0.0043, Train Accuracy: 99.31%
Validation Loss: 0.0470, Validation Accuracy: 98.68%
[Epoch 18, Batch     2] loss: 0.000
[Epoch 18, Batch   102] loss: 0.018
[Epoch 18, Batch   202] loss: 0.009
[Epoch 18, Batch   302] loss: 0.017
[Epoch 18, Batch   402] loss: 0.031
Epoch 18/20:
Train Loss: 0.0051, Train Accuracy: 99.28%
Validation Loss: 0.0465, Validation Accuracy: 98.55%
[Epoch 19, Batch     2] loss: 0.000
[Epoch 19, Batch   102] loss: 0.016
[Epoch 19, Batch   202] loss: 0.015
[Epoch 19, Batch   302] loss: 0.023
[Epoch 19, Batch   402] loss: 0.016
Epoch 19/20:
Train Loss: 0.0032, Train Accuracy: 99.49%
Validation Loss: 0.0772, Validation Accuracy: 97.98%
[Epoch 20, Batch     2] loss: 0.000
[Epoch 20, Batch   102] loss: 0.016
[Epoch 20, Batch   202] loss: 0.020
[Epoch 20, Batch   302] loss: 0.019
[Epoch 20, Batch   402] loss: 0.017
Epoch 20/20:
Train Loss: 0.0031, Train Accuracy: 99.43%
Validation Loss: 0.0474, Validation Accuracy: 98.59%
Model saved to models/resnet18-MNIST-predictive_entropy-balanced_by_score1-0.5-1
Modified conv1: updated in_channels to 1.
Modified fc layer: updated out_features to 10.
Initialized untrained model.
resnet18-MNIST-predictive_entropy-balanced_by_score1-0.7-1
[Epoch 1, Batch     2] loss: 0.044
[Epoch 1, Batch   102] loss: 0.331
[Epoch 1, Batch   202] loss: 0.183
Epoch 1/20:
Train Loss: 0.0430, Train Accuracy: 92.39%
Validation Loss: 0.1466, Validation Accuracy: 95.53%
[Epoch 2, Batch     2] loss: 0.001
[Epoch 2, Batch   102] loss: 0.105
[Epoch 2, Batch   202] loss: 0.106
Epoch 2/20:
Train Loss: 0.0258, Train Accuracy: 96.97%
Validation Loss: 0.0820, Validation Accuracy: 97.21%
[Epoch 3, Batch     2] loss: 0.001
[Epoch 3, Batch   102] loss: 0.061
[Epoch 3, Batch   202] loss: 0.068
Epoch 3/20:
Train Loss: 0.0213, Train Accuracy: 98.05%
Validation Loss: 0.1688, Validation Accuracy: 94.71%
[Epoch 4, Batch     2] loss: 0.002
[Epoch 4, Batch   102] loss: 0.059
[Epoch 4, Batch   202] loss: 0.063
Epoch 4/20:
Train Loss: 0.0254, Train Accuracy: 97.85%
Validation Loss: 0.0617, Validation Accuracy: 98.08%
[Epoch 5, Batch     2] loss: 0.000
[Epoch 5, Batch   102] loss: 0.042
[Epoch 5, Batch   202] loss: 0.049
Epoch 5/20:
Train Loss: 0.0132, Train Accuracy: 98.56%
Validation Loss: 0.0707, Validation Accuracy: 97.84%
[Epoch 6, Batch     2] loss: 0.001
[Epoch 6, Batch   102] loss: 0.048
[Epoch 6, Batch   202] loss: 0.045
Epoch 6/20:
Train Loss: 0.0098, Train Accuracy: 98.61%
Validation Loss: 0.0510, Validation Accuracy: 98.58%
[Epoch 7, Batch     2] loss: 0.001
[Epoch 7, Batch   102] loss: 0.034
[Epoch 7, Batch   202] loss: 0.052
Epoch 7/20:
Train Loss: 0.0101, Train Accuracy: 98.78%
Validation Loss: 0.0511, Validation Accuracy: 98.46%
[Epoch 8, Batch     2] loss: 0.001
[Epoch 8, Batch   102] loss: 0.021
[Epoch 8, Batch   202] loss: 0.034
Epoch 8/20:
Train Loss: 0.0119, Train Accuracy: 99.05%
Validation Loss: 0.1307, Validation Accuracy: 96.36%
[Epoch 9, Batch     2] loss: 0.002
[Epoch 9, Batch   102] loss: 0.036
[Epoch 9, Batch   202] loss: 0.039
Epoch 9/20:
Train Loss: 0.0126, Train Accuracy: 98.79%
Validation Loss: 0.0663, Validation Accuracy: 98.17%
[Epoch 10, Batch     2] loss: 0.001
[Epoch 10, Batch   102] loss: 0.029
[Epoch 10, Batch   202] loss: 0.028
Epoch 10/20:
Train Loss: 0.0082, Train Accuracy: 99.09%
Validation Loss: 0.0613, Validation Accuracy: 98.34%
[Epoch 11, Batch     2] loss: 0.001
[Epoch 11, Batch   102] loss: 0.030
[Epoch 11, Batch   202] loss: 0.029
Epoch 11/20:
Train Loss: 0.0082, Train Accuracy: 99.12%
Validation Loss: 0.0552, Validation Accuracy: 98.40%
[Epoch 12, Batch     2] loss: 0.000
[Epoch 12, Batch   102] loss: 0.031
[Epoch 12, Batch   202] loss: 0.028
Epoch 12/20:
Train Loss: 0.0073, Train Accuracy: 99.11%
Validation Loss: 0.0540, Validation Accuracy: 98.48%
[Epoch 13, Batch     2] loss: 0.001
[Epoch 13, Batch   102] loss: 0.031
[Epoch 13, Batch   202] loss: 0.032
Epoch 13/20:
Train Loss: 0.0058, Train Accuracy: 99.14%
Validation Loss: 0.0646, Validation Accuracy: 98.15%
[Epoch 14, Batch     2] loss: 0.000
[Epoch 14, Batch   102] loss: 0.027
[Epoch 14, Batch   202] loss: 0.033
Epoch 14/20:
Train Loss: 0.0068, Train Accuracy: 99.19%
Validation Loss: 0.0470, Validation Accuracy: 98.71%
[Epoch 15, Batch     2] loss: 0.001
[Epoch 15, Batch   102] loss: 0.028
[Epoch 15, Batch   202] loss: 0.024
Epoch 15/20:
Train Loss: 0.0049, Train Accuracy: 99.24%
Validation Loss: 0.0460, Validation Accuracy: 98.66%
[Epoch 16, Batch     2] loss: 0.001
[Epoch 16, Batch   102] loss: 0.018
[Epoch 16, Batch   202] loss: 0.020
Epoch 16/20:
Train Loss: 0.0061, Train Accuracy: 99.48%
Validation Loss: 0.0988, Validation Accuracy: 97.43%
[Epoch 17, Batch     2] loss: 0.002
[Epoch 17, Batch   102] loss: 0.032
[Epoch 17, Batch   202] loss: 0.028
Epoch 17/20:
Train Loss: 0.0076, Train Accuracy: 99.13%
Validation Loss: 0.0569, Validation Accuracy: 98.37%
[Epoch 18, Batch     2] loss: 0.000
[Epoch 18, Batch   102] loss: 0.013
[Epoch 18, Batch   202] loss: 0.020
Epoch 18/20:
Train Loss: 0.0056, Train Accuracy: 99.53%
Validation Loss: 0.0548, Validation Accuracy: 98.57%
[Epoch 19, Batch     2] loss: 0.000
[Epoch 19, Batch   102] loss: 0.017
[Epoch 19, Batch   202] loss: 0.031
Epoch 19/20:
Train Loss: 0.0064, Train Accuracy: 99.20%
Validation Loss: 0.0754, Validation Accuracy: 98.00%
[Epoch 20, Batch     2] loss: 0.000
[Epoch 20, Batch   102] loss: 0.026
[Epoch 20, Batch   202] loss: 0.019
Epoch 20/20:
Train Loss: 0.0078, Train Accuracy: 99.29%
Validation Loss: 0.0645, Validation Accuracy: 98.07%
Model saved to models/resnet18-MNIST-predictive_entropy-balanced_by_score1-0.7-1
Modified conv1: updated in_channels to 1.
Modified fc layer: updated out_features to 10.
Initialized untrained model.
resnet18-MNIST-predictive_entropy-balanced_by_score1-0.8-1
[Epoch 1, Batch     2] loss: 0.040
[Epoch 1, Batch   102] loss: 0.339
Epoch 1/20:
Train Loss: 0.0830, Train Accuracy: 91.01%
Validation Loss: 0.3206, Validation Accuracy: 90.34%
[Epoch 2, Batch     2] loss: 0.002
[Epoch 2, Batch   102] loss: 0.121
Epoch 2/20:
Train Loss: 0.0567, Train Accuracy: 96.32%
Validation Loss: 0.1299, Validation Accuracy: 95.80%
[Epoch 3, Batch     2] loss: 0.002
[Epoch 3, Batch   102] loss: 0.084
Epoch 3/20:
Train Loss: 0.0380, Train Accuracy: 97.42%
Validation Loss: 0.1793, Validation Accuracy: 94.90%
[Epoch 4, Batch     2] loss: 0.001
[Epoch 4, Batch   102] loss: 0.059
Epoch 4/20:
Train Loss: 0.0316, Train Accuracy: 98.12%
Validation Loss: 0.1611, Validation Accuracy: 95.25%
[Epoch 5, Batch     2] loss: 0.003
[Epoch 5, Batch   102] loss: 0.057
Epoch 5/20:
Train Loss: 0.0261, Train Accuracy: 98.18%
Validation Loss: 0.1408, Validation Accuracy: 95.59%
[Epoch 6, Batch     2] loss: 0.002
[Epoch 6, Batch   102] loss: 0.056
Epoch 6/20:
Train Loss: 0.0240, Train Accuracy: 98.36%
Validation Loss: 0.0639, Validation Accuracy: 97.98%
[Epoch 7, Batch     2] loss: 0.001
[Epoch 7, Batch   102] loss: 0.040
Epoch 7/20:
Train Loss: 0.0176, Train Accuracy: 98.75%
Validation Loss: 0.1268, Validation Accuracy: 96.39%
[Epoch 8, Batch     2] loss: 0.001
[Epoch 8, Batch   102] loss: 0.037
Epoch 8/20:
Train Loss: 0.0198, Train Accuracy: 98.72%
Validation Loss: 0.0872, Validation Accuracy: 97.55%
[Epoch 9, Batch     2] loss: 0.000
[Epoch 9, Batch   102] loss: 0.030
Epoch 9/20:
Train Loss: 0.0177, Train Accuracy: 98.99%
Validation Loss: 0.0722, Validation Accuracy: 97.84%
[Epoch 10, Batch     2] loss: 0.000
[Epoch 10, Batch   102] loss: 0.032
Epoch 10/20:
Train Loss: 0.0233, Train Accuracy: 98.73%
Validation Loss: 0.0826, Validation Accuracy: 97.61%
[Epoch 11, Batch     2] loss: 0.001
[Epoch 11, Batch   102] loss: 0.026
Epoch 11/20:
Train Loss: 0.0138, Train Accuracy: 99.16%
Validation Loss: 0.0764, Validation Accuracy: 97.80%
[Epoch 12, Batch     2] loss: 0.000
[Epoch 12, Batch   102] loss: 0.021
Epoch 12/20:
Train Loss: 0.0103, Train Accuracy: 99.39%
Validation Loss: 0.0700, Validation Accuracy: 98.16%
[Epoch 13, Batch     2] loss: 0.000
[Epoch 13, Batch   102] loss: 0.028
Epoch 13/20:
Train Loss: 0.0181, Train Accuracy: 98.99%
Validation Loss: 0.0960, Validation Accuracy: 97.09%
[Epoch 14, Batch     2] loss: 0.001
[Epoch 14, Batch   102] loss: 0.027
Epoch 14/20:
Train Loss: 0.0210, Train Accuracy: 98.89%
Validation Loss: 0.0918, Validation Accuracy: 97.49%
[Epoch 15, Batch     2] loss: 0.000
[Epoch 15, Batch   102] loss: 0.022
Epoch 15/20:
Train Loss: 0.0130, Train Accuracy: 99.30%
Validation Loss: 0.0995, Validation Accuracy: 97.37%
[Epoch 16, Batch     2] loss: 0.000
[Epoch 16, Batch   102] loss: 0.027
Epoch 16/20:
Train Loss: 0.0122, Train Accuracy: 99.21%
Validation Loss: 0.0614, Validation Accuracy: 98.18%
[Epoch 17, Batch     2] loss: 0.000
[Epoch 17, Batch   102] loss: 0.018
Epoch 17/20:
Train Loss: 0.0083, Train Accuracy: 99.43%
Validation Loss: 0.0662, Validation Accuracy: 98.14%
[Epoch 18, Batch     2] loss: 0.000
[Epoch 18, Batch   102] loss: 0.027
Epoch 18/20:
Train Loss: 0.0069, Train Accuracy: 99.30%
Validation Loss: 0.0758, Validation Accuracy: 97.90%
[Epoch 19, Batch     2] loss: 0.001
[Epoch 19, Batch   102] loss: 0.024
Epoch 19/20:
Train Loss: 0.0094, Train Accuracy: 99.34%
Validation Loss: 0.0629, Validation Accuracy: 98.24%
[Epoch 20, Batch     2] loss: 0.000
[Epoch 20, Batch   102] loss: 0.018
Epoch 20/20:
Train Loss: 0.0121, Train Accuracy: 99.36%
Validation Loss: 0.0456, Validation Accuracy: 98.75%
Model saved to models/resnet18-MNIST-predictive_entropy-balanced_by_score1-0.8-1
Modified conv1: updated in_channels to 1.
Modified fc layer: updated out_features to 10.
Initialized untrained model.
resnet18-MNIST-predictive_entropy-balanced_by_score1-0.9-1
[Epoch 1, Batch     2] loss: 0.042
Epoch 1/20:
Train Loss: 0.3452, Train Accuracy: 87.57%
Validation Loss: 0.1532, Validation Accuracy: 95.26%
[Epoch 2, Batch     2] loss: 0.002
Epoch 2/20:
Train Loss: 0.1468, Train Accuracy: 95.38%
Validation Loss: 0.1438, Validation Accuracy: 95.58%
[Epoch 3, Batch     2] loss: 0.005
Epoch 3/20:
Train Loss: 0.1106, Train Accuracy: 96.47%
Validation Loss: 0.1756, Validation Accuracy: 94.77%
[Epoch 4, Batch     2] loss: 0.001
Epoch 4/20:
Train Loss: 0.0791, Train Accuracy: 97.45%
Validation Loss: 0.1872, Validation Accuracy: 94.43%
[Epoch 5, Batch     2] loss: 0.000
Epoch 5/20:
Train Loss: 0.0841, Train Accuracy: 97.28%
Validation Loss: 0.1482, Validation Accuracy: 95.64%
[Epoch 6, Batch     2] loss: 0.000
Epoch 6/20:
Train Loss: 0.0669, Train Accuracy: 98.13%
Validation Loss: 0.1247, Validation Accuracy: 96.33%
[Epoch 7, Batch     2] loss: 0.000
Epoch 7/20:
Train Loss: 0.0508, Train Accuracy: 98.34%
Validation Loss: 0.0771, Validation Accuracy: 97.80%
[Epoch 8, Batch     2] loss: 0.001
Epoch 8/20:
Train Loss: 0.0403, Train Accuracy: 98.78%
Validation Loss: 0.1082, Validation Accuracy: 96.75%
[Epoch 9, Batch     2] loss: 0.000
Epoch 9/20:
Train Loss: 0.0342, Train Accuracy: 98.98%
Validation Loss: 0.1300, Validation Accuracy: 96.79%
[Epoch 10, Batch     2] loss: 0.001
Epoch 10/20:
Train Loss: 0.0304, Train Accuracy: 99.10%
Validation Loss: 0.1333, Validation Accuracy: 96.45%
[Epoch 11, Batch     2] loss: 0.001
Epoch 11/20:
Train Loss: 0.0324, Train Accuracy: 98.95%
Validation Loss: 0.0886, Validation Accuracy: 97.41%
[Epoch 12, Batch     2] loss: 0.003
Epoch 12/20:
Train Loss: 0.0421, Train Accuracy: 98.74%
Validation Loss: 0.1001, Validation Accuracy: 97.15%
[Epoch 13, Batch     2] loss: 0.001
Epoch 13/20:
Train Loss: 0.0401, Train Accuracy: 98.81%
Validation Loss: 0.1090, Validation Accuracy: 97.02%
[Epoch 14, Batch     2] loss: 0.001
Epoch 14/20:
Train Loss: 0.0258, Train Accuracy: 99.17%
Validation Loss: 0.1122, Validation Accuracy: 96.84%
[Epoch 15, Batch     2] loss: 0.000
Epoch 15/20:
Train Loss: 0.0165, Train Accuracy: 99.44%
Validation Loss: 0.0968, Validation Accuracy: 97.44%
[Epoch 16, Batch     2] loss: 0.001
Epoch 16/20:
Train Loss: 0.0234, Train Accuracy: 99.30%
Validation Loss: 0.0727, Validation Accuracy: 98.13%
[Epoch 17, Batch     2] loss: 0.000
Epoch 17/20:
Train Loss: 0.0262, Train Accuracy: 99.25%
Validation Loss: 0.1133, Validation Accuracy: 96.93%
[Epoch 18, Batch     2] loss: 0.002
Epoch 18/20:
Train Loss: 0.0359, Train Accuracy: 98.90%
Validation Loss: 0.1576, Validation Accuracy: 95.72%
[Epoch 19, Batch     2] loss: 0.000
Epoch 19/20:
Train Loss: 0.0278, Train Accuracy: 99.13%
Validation Loss: 0.1233, Validation Accuracy: 96.50%
[Epoch 20, Batch     2] loss: 0.000
Epoch 20/20:
Train Loss: 0.0325, Train Accuracy: 98.91%
Validation Loss: 0.0889, Validation Accuracy: 97.79%
Model saved to models/resnet18-MNIST-predictive_entropy-balanced_by_score1-0.9-1
Modified conv1: updated in_channels to 1.
Modified fc layer: updated out_features to 10.
Initialized untrained model.
resnet18-MNIST-predictive_entropy-balanced_by_score1-0.95-1
[Epoch 1, Batch     2] loss: 0.044
Epoch 1/20:
Train Loss: 0.5004, Train Accuracy: 80.23%
Validation Loss: 0.5523, Validation Accuracy: 83.36%
[Epoch 2, Batch     2] loss: 0.008
Epoch 2/20:
Train Loss: 0.1695, Train Accuracy: 93.92%
Validation Loss: 0.2652, Validation Accuracy: 92.13%
[Epoch 3, Batch     2] loss: 0.003
Epoch 3/20:
Train Loss: 0.1063, Train Accuracy: 96.47%
Validation Loss: 0.2572, Validation Accuracy: 92.41%
[Epoch 4, Batch     2] loss: 0.002
Epoch 4/20:
Train Loss: 0.1236, Train Accuracy: 95.86%
Validation Loss: 0.7291, Validation Accuracy: 82.59%
[Epoch 5, Batch     2] loss: 0.002
Epoch 5/20:
Train Loss: 0.0709, Train Accuracy: 97.45%
Validation Loss: 0.1567, Validation Accuracy: 95.44%
[Epoch 6, Batch     2] loss: 0.001
Epoch 6/20:
Train Loss: 0.0502, Train Accuracy: 98.37%
Validation Loss: 0.1669, Validation Accuracy: 95.34%
[Epoch 7, Batch     2] loss: 0.002
Epoch 7/20:
Train Loss: 0.1121, Train Accuracy: 96.54%
Validation Loss: 0.8321, Validation Accuracy: 81.65%
[Epoch 8, Batch     2] loss: 0.001
Epoch 8/20:
Train Loss: 0.0898, Train Accuracy: 97.18%
Validation Loss: 0.1605, Validation Accuracy: 95.44%
[Epoch 9, Batch     2] loss: 0.001
Epoch 9/20:
Train Loss: 0.0478, Train Accuracy: 98.40%
Validation Loss: 0.1557, Validation Accuracy: 95.53%
[Epoch 10, Batch     2] loss: 0.000
Epoch 10/20:
Train Loss: 0.0466, Train Accuracy: 98.61%
Validation Loss: 0.1661, Validation Accuracy: 95.45%
[Epoch 11, Batch     2] loss: 0.001
Epoch 11/20:
Train Loss: 0.0418, Train Accuracy: 98.64%
Validation Loss: 0.1851, Validation Accuracy: 94.77%
[Epoch 12, Batch     2] loss: 0.001
Epoch 12/20:
Train Loss: 0.0229, Train Accuracy: 99.18%
Validation Loss: 0.1498, Validation Accuracy: 96.00%
[Epoch 13, Batch     2] loss: 0.000
Epoch 13/20:
Train Loss: 0.0361, Train Accuracy: 98.74%
Validation Loss: 0.2918, Validation Accuracy: 92.51%
[Epoch 14, Batch     2] loss: 0.000
Epoch 14/20:
Train Loss: 0.0264, Train Accuracy: 98.98%
Validation Loss: 0.1606, Validation Accuracy: 95.84%
[Epoch 15, Batch     2] loss: 0.001
Epoch 15/20:
Train Loss: 0.0332, Train Accuracy: 99.01%
Validation Loss: 0.1666, Validation Accuracy: 95.46%
[Epoch 16, Batch     2] loss: 0.000
Epoch 16/20:
Train Loss: 0.0192, Train Accuracy: 99.42%
Validation Loss: 0.1130, Validation Accuracy: 96.75%
[Epoch 17, Batch     2] loss: 0.000
Epoch 17/20:
Train Loss: 0.0408, Train Accuracy: 98.61%
Validation Loss: 0.1885, Validation Accuracy: 95.02%
[Epoch 18, Batch     2] loss: 0.001
Epoch 18/20:
Train Loss: 0.0140, Train Accuracy: 99.49%
Validation Loss: 0.1152, Validation Accuracy: 96.99%
[Epoch 19, Batch     2] loss: 0.001
Epoch 19/20:
Train Loss: 0.0167, Train Accuracy: 99.25%
Validation Loss: 0.1521, Validation Accuracy: 96.01%
[Epoch 20, Batch     2] loss: 0.000
Epoch 20/20:
Train Loss: 0.0181, Train Accuracy: 99.39%
Validation Loss: 0.1389, Validation Accuracy: 96.70%
Model saved to models/resnet18-MNIST-predictive_entropy-balanced_by_score1-0.95-1
Modified conv1: updated in_channels to 1.
Modified fc layer: updated out_features to 10.
Loaded weights from file: models/resnet18_MNIST_1
Modified conv1: updated in_channels to 1.
Modified fc layer: updated out_features to 10.
Initialized untrained model.
Execution time: 0.0299 seconds
resnet18-MNIST-predictive_entropy-balanced_by_range-0.3-1
[Epoch 1, Batch     2] loss: 0.048
Epoch 1/20:
Train Loss: 0.8455, Train Accuracy: 70.14%
Validation Loss: 0.5540, Validation Accuracy: 81.10%
[Epoch 2, Batch     2] loss: 0.009
Epoch 2/20:
Train Loss: 0.4232, Train Accuracy: 85.59%
Validation Loss: 0.2709, Validation Accuracy: 91.30%
[Epoch 3, Batch     2] loss: 0.005
Epoch 3/20:
Train Loss: 0.3290, Train Accuracy: 89.18%
Validation Loss: 0.1945, Validation Accuracy: 93.94%
[Epoch 4, Batch     2] loss: 0.005
Epoch 4/20:
Train Loss: 0.2531, Train Accuracy: 91.50%
Validation Loss: 0.3120, Validation Accuracy: 90.05%
[Epoch 5, Batch     2] loss: 0.003
Epoch 5/20:
Train Loss: 0.2004, Train Accuracy: 93.34%
Validation Loss: 0.1858, Validation Accuracy: 93.96%
[Epoch 6, Batch     2] loss: 0.004
Epoch 6/20:
Train Loss: 0.1758, Train Accuracy: 93.91%
Validation Loss: 0.2119, Validation Accuracy: 93.56%
[Epoch 7, Batch     2] loss: 0.003
Epoch 7/20:
Train Loss: 0.1427, Train Accuracy: 95.10%
Validation Loss: 0.5008, Validation Accuracy: 87.17%
[Epoch 8, Batch     2] loss: 0.003
Epoch 8/20:
Train Loss: 0.1497, Train Accuracy: 94.71%
Validation Loss: 0.2590, Validation Accuracy: 92.02%
[Epoch 9, Batch     2] loss: 0.002
Epoch 9/20:
Train Loss: 0.1231, Train Accuracy: 95.33%
Validation Loss: 0.2724, Validation Accuracy: 92.07%
[Epoch 10, Batch     2] loss: 0.003
Epoch 10/20:
Train Loss: 0.1274, Train Accuracy: 95.55%
Validation Loss: 0.1283, Validation Accuracy: 95.99%
[Epoch 11, Batch     2] loss: 0.001
Epoch 11/20:
Train Loss: 0.0888, Train Accuracy: 96.80%
Validation Loss: 0.2142, Validation Accuracy: 94.01%
[Epoch 12, Batch     2] loss: 0.000
Epoch 12/20:
Train Loss: 0.0781, Train Accuracy: 97.36%
Validation Loss: 0.0993, Validation Accuracy: 97.01%
[Epoch 13, Batch     2] loss: 0.001
Epoch 13/20:
Train Loss: 0.0964, Train Accuracy: 96.82%
Validation Loss: 0.1281, Validation Accuracy: 96.32%
[Epoch 14, Batch     2] loss: 0.001
Epoch 14/20:
Train Loss: 0.0599, Train Accuracy: 97.89%
Validation Loss: 0.2303, Validation Accuracy: 94.12%
[Epoch 15, Batch     2] loss: 0.001
Epoch 15/20:
Train Loss: 0.0661, Train Accuracy: 97.73%
Validation Loss: 0.1942, Validation Accuracy: 94.32%
[Epoch 16, Batch     2] loss: 0.001
Epoch 16/20:
Train Loss: 0.0883, Train Accuracy: 97.21%
Validation Loss: 0.1664, Validation Accuracy: 95.48%
[Epoch 17, Batch     2] loss: 0.002
Epoch 17/20:
Train Loss: 0.0746, Train Accuracy: 97.38%
Validation Loss: 0.1491, Validation Accuracy: 95.93%
[Epoch 18, Batch     2] loss: 0.002
Epoch 18/20:
Train Loss: 0.0548, Train Accuracy: 98.05%
Validation Loss: 0.1612, Validation Accuracy: 95.23%
[Epoch 19, Batch     2] loss: 0.001
Epoch 19/20:
Train Loss: 0.0548, Train Accuracy: 98.07%
Validation Loss: 0.2090, Validation Accuracy: 94.90%
[Epoch 20, Batch     2] loss: 0.001
Epoch 20/20:
Train Loss: 0.0769, Train Accuracy: 97.50%
Validation Loss: 0.3272, Validation Accuracy: 92.23%
Model saved to models/resnet18-MNIST-predictive_entropy-balanced_by_range-0.3-1
Modified conv1: updated in_channels to 1.
Modified fc layer: updated out_features to 10.
Initialized untrained model.
Execution time: 0.0300 seconds
resnet18-MNIST-predictive_entropy-balanced_by_range-0.5-1
[Epoch 1, Batch     2] loss: 0.042
Epoch 1/20:
Train Loss: 0.8826, Train Accuracy: 69.55%
Validation Loss: 0.3729, Validation Accuracy: 87.68%
[Epoch 2, Batch     2] loss: 0.010
Epoch 2/20:
Train Loss: 0.4681, Train Accuracy: 84.40%
Validation Loss: 0.2715, Validation Accuracy: 91.36%
[Epoch 3, Batch     2] loss: 0.009
Epoch 3/20:
Train Loss: 0.3397, Train Accuracy: 88.01%
Validation Loss: 0.4029, Validation Accuracy: 87.59%
[Epoch 4, Batch     2] loss: 0.005
Epoch 4/20:
Train Loss: 0.2713, Train Accuracy: 90.78%
Validation Loss: 0.2770, Validation Accuracy: 91.05%
[Epoch 5, Batch     2] loss: 0.005
Epoch 5/20:
Train Loss: 0.2371, Train Accuracy: 91.47%
Validation Loss: 0.2972, Validation Accuracy: 91.21%
[Epoch 6, Batch     2] loss: 0.004
Epoch 6/20:
Train Loss: 0.2076, Train Accuracy: 92.46%
Validation Loss: 0.1667, Validation Accuracy: 94.71%
[Epoch 7, Batch     2] loss: 0.003
Epoch 7/20:
Train Loss: 0.1644, Train Accuracy: 94.35%
Validation Loss: 0.2059, Validation Accuracy: 93.66%
[Epoch 8, Batch     2] loss: 0.002
Epoch 8/20:
Train Loss: 0.1678, Train Accuracy: 94.22%
Validation Loss: 0.4542, Validation Accuracy: 87.21%
[Epoch 9, Batch     2] loss: 0.004
Epoch 9/20:
Train Loss: 0.1326, Train Accuracy: 95.18%
Validation Loss: 0.4225, Validation Accuracy: 88.97%
[Epoch 10, Batch     2] loss: 0.003
Epoch 10/20:
Train Loss: 0.1219, Train Accuracy: 95.47%
Validation Loss: 0.1856, Validation Accuracy: 94.13%
[Epoch 11, Batch     2] loss: 0.003
Epoch 11/20:
Train Loss: 0.1094, Train Accuracy: 96.38%
Validation Loss: 0.2487, Validation Accuracy: 92.89%
[Epoch 12, Batch     2] loss: 0.002
Epoch 12/20:
Train Loss: 0.0948, Train Accuracy: 97.03%
Validation Loss: 0.2041, Validation Accuracy: 93.90%
[Epoch 13, Batch     2] loss: 0.001
Epoch 13/20:
Train Loss: 0.0789, Train Accuracy: 97.17%
Validation Loss: 0.1988, Validation Accuracy: 94.78%
[Epoch 14, Batch     2] loss: 0.002
Epoch 14/20:
Train Loss: 0.0962, Train Accuracy: 96.74%
Validation Loss: 0.2185, Validation Accuracy: 94.20%
[Epoch 15, Batch     2] loss: 0.002
Epoch 15/20:
Train Loss: 0.0724, Train Accuracy: 97.28%
Validation Loss: 0.2402, Validation Accuracy: 93.63%
[Epoch 16, Batch     2] loss: 0.002
Epoch 16/20:
Train Loss: 0.0824, Train Accuracy: 97.23%
Validation Loss: 0.2486, Validation Accuracy: 93.20%
[Epoch 17, Batch     2] loss: 0.001
Epoch 17/20:
Train Loss: 0.0919, Train Accuracy: 97.05%
Validation Loss: 0.1782, Validation Accuracy: 94.99%
[Epoch 18, Batch     2] loss: 0.001
Epoch 18/20:
Train Loss: 0.0651, Train Accuracy: 97.99%
Validation Loss: 0.1432, Validation Accuracy: 95.79%
[Epoch 19, Batch     2] loss: 0.001
Epoch 19/20:
Train Loss: 0.0513, Train Accuracy: 98.33%
Validation Loss: 0.1878, Validation Accuracy: 94.66%
[Epoch 20, Batch     2] loss: 0.001
Epoch 20/20:
Train Loss: 0.0352, Train Accuracy: 98.91%
Validation Loss: 0.1762, Validation Accuracy: 95.83%
Model saved to models/resnet18-MNIST-predictive_entropy-balanced_by_range-0.5-1
Modified conv1: updated in_channels to 1.
Modified fc layer: updated out_features to 10.
Initialized untrained model.
Execution time: 0.0312 seconds
resnet18-MNIST-predictive_entropy-balanced_by_range-0.7-1
[Epoch 1, Batch     2] loss: 0.047
Epoch 1/20:
Train Loss: 0.9548, Train Accuracy: 66.64%
Validation Loss: 0.7508, Validation Accuracy: 73.26%
[Epoch 2, Batch     2] loss: 0.011
Epoch 2/20:
Train Loss: 0.5112, Train Accuracy: 81.94%
Validation Loss: 0.5744, Validation Accuracy: 82.54%
[Epoch 3, Batch     2] loss: 0.010
Epoch 3/20:
Train Loss: 0.4073, Train Accuracy: 85.77%
Validation Loss: 0.3845, Validation Accuracy: 86.83%
[Epoch 4, Batch     2] loss: 0.007
Epoch 4/20:
Train Loss: 0.3335, Train Accuracy: 88.54%
Validation Loss: 0.4374, Validation Accuracy: 86.15%
[Epoch 5, Batch     2] loss: 0.005
Epoch 5/20:
Train Loss: 0.2299, Train Accuracy: 91.69%
Validation Loss: 0.3114, Validation Accuracy: 90.73%
[Epoch 6, Batch     2] loss: 0.002
Epoch 6/20:
Train Loss: 0.2434, Train Accuracy: 91.37%
Validation Loss: 0.2607, Validation Accuracy: 91.52%
[Epoch 7, Batch     2] loss: 0.003
Epoch 7/20:
Train Loss: 0.2031, Train Accuracy: 92.90%
Validation Loss: 0.2491, Validation Accuracy: 91.89%
[Epoch 8, Batch     2] loss: 0.003
Epoch 8/20:
Train Loss: 0.1456, Train Accuracy: 95.29%
Validation Loss: 0.2816, Validation Accuracy: 91.44%
[Epoch 9, Batch     2] loss: 0.003
Epoch 9/20:
Train Loss: 0.1600, Train Accuracy: 94.54%
Validation Loss: 0.5928, Validation Accuracy: 84.60%
[Epoch 10, Batch     2] loss: 0.004
Epoch 10/20:
Train Loss: 0.1343, Train Accuracy: 95.42%
Validation Loss: 0.3523, Validation Accuracy: 89.50%
[Epoch 11, Batch     2] loss: 0.002
Epoch 11/20:
Train Loss: 0.1248, Train Accuracy: 95.86%
Validation Loss: 0.3002, Validation Accuracy: 91.25%
[Epoch 12, Batch     2] loss: 0.002
Epoch 12/20:
Train Loss: 0.1020, Train Accuracy: 96.30%
Validation Loss: 0.4188, Validation Accuracy: 88.57%
[Epoch 13, Batch     2] loss: 0.001
Epoch 13/20:
Train Loss: 0.1044, Train Accuracy: 96.49%
Validation Loss: 0.3439, Validation Accuracy: 90.94%
[Epoch 14, Batch     2] loss: 0.001
Epoch 14/20:
Train Loss: 0.0948, Train Accuracy: 96.74%
Validation Loss: 0.2956, Validation Accuracy: 91.66%
[Epoch 15, Batch     2] loss: 0.001
Epoch 15/20:
Train Loss: 0.0825, Train Accuracy: 97.37%
Validation Loss: 0.2802, Validation Accuracy: 92.50%
[Epoch 16, Batch     2] loss: 0.001
Epoch 16/20:
Train Loss: 0.0781, Train Accuracy: 97.07%
Validation Loss: 0.3642, Validation Accuracy: 90.72%
[Epoch 17, Batch     2] loss: 0.001
Epoch 17/20:
Train Loss: 0.0657, Train Accuracy: 97.51%
Validation Loss: 0.4132, Validation Accuracy: 90.37%
[Epoch 18, Batch     2] loss: 0.001
Epoch 18/20:
Train Loss: 0.0700, Train Accuracy: 97.62%
Validation Loss: 0.4713, Validation Accuracy: 88.27%
[Epoch 19, Batch     2] loss: 0.001
Epoch 19/20:
Train Loss: 0.0875, Train Accuracy: 97.07%
Validation Loss: 0.4169, Validation Accuracy: 90.00%
[Epoch 20, Batch     2] loss: 0.000
Epoch 20/20:
Train Loss: 0.0736, Train Accuracy: 97.45%
Validation Loss: 0.2121, Validation Accuracy: 93.73%
Model saved to models/resnet18-MNIST-predictive_entropy-balanced_by_range-0.7-1
Modified conv1: updated in_channels to 1.
Modified fc layer: updated out_features to 10.
Initialized untrained model.
Execution time: 0.0307 seconds
resnet18-MNIST-predictive_entropy-balanced_by_range-0.8-1
[Epoch 1, Batch     2] loss: 0.043
Epoch 1/20:
Train Loss: 1.0555, Train Accuracy: 62.53%
Validation Loss: 1.1439, Validation Accuracy: 66.21%
[Epoch 2, Batch     2] loss: 0.013
Epoch 2/20:
Train Loss: 0.5770, Train Accuracy: 79.75%
Validation Loss: 0.7552, Validation Accuracy: 76.93%
[Epoch 3, Batch     2] loss: 0.011
Epoch 3/20:
Train Loss: 0.4056, Train Accuracy: 85.74%
Validation Loss: 0.7925, Validation Accuracy: 76.01%
[Epoch 4, Batch     2] loss: 0.005
Epoch 4/20:
Train Loss: 0.2932, Train Accuracy: 90.20%
Validation Loss: 0.3414, Validation Accuracy: 88.64%
[Epoch 5, Batch     2] loss: 0.006
Epoch 5/20:
Train Loss: 0.2556, Train Accuracy: 91.28%
Validation Loss: 0.4273, Validation Accuracy: 86.25%
[Epoch 6, Batch     2] loss: 0.002
Epoch 6/20:
Train Loss: 0.2363, Train Accuracy: 91.89%
Validation Loss: 0.4244, Validation Accuracy: 86.88%
[Epoch 7, Batch     2] loss: 0.005
Epoch 7/20:
Train Loss: 0.1852, Train Accuracy: 93.46%
Validation Loss: 0.2902, Validation Accuracy: 91.27%
[Epoch 8, Batch     2] loss: 0.002
Epoch 8/20:
Train Loss: 0.1706, Train Accuracy: 94.21%
Validation Loss: 0.3632, Validation Accuracy: 89.84%
[Epoch 9, Batch     2] loss: 0.002
Epoch 9/20:
Train Loss: 0.1214, Train Accuracy: 95.31%
Validation Loss: 0.7977, Validation Accuracy: 82.38%
[Epoch 10, Batch     2] loss: 0.003
Epoch 10/20:
Train Loss: 0.1526, Train Accuracy: 94.47%
Validation Loss: 0.3637, Validation Accuracy: 89.57%
[Epoch 11, Batch     2] loss: 0.001
Epoch 11/20:
Train Loss: 0.1295, Train Accuracy: 95.77%
Validation Loss: 0.6459, Validation Accuracy: 81.80%
[Epoch 12, Batch     2] loss: 0.003
Epoch 12/20:
Train Loss: 0.1234, Train Accuracy: 95.51%
Validation Loss: 0.6039, Validation Accuracy: 85.32%
[Epoch 13, Batch     2] loss: 0.002
Epoch 13/20:
Train Loss: 0.1017, Train Accuracy: 96.71%
Validation Loss: 0.6165, Validation Accuracy: 86.14%
[Epoch 14, Batch     2] loss: 0.002
Epoch 14/20:
Train Loss: 0.0739, Train Accuracy: 97.30%
Validation Loss: 0.3531, Validation Accuracy: 90.36%
[Epoch 15, Batch     2] loss: 0.001
Epoch 15/20:
Train Loss: 0.0981, Train Accuracy: 96.71%
Validation Loss: 0.4130, Validation Accuracy: 89.74%
[Epoch 16, Batch     2] loss: 0.001
Epoch 16/20:
Train Loss: 0.1011, Train Accuracy: 96.78%
Validation Loss: 0.3021, Validation Accuracy: 91.45%
[Epoch 17, Batch     2] loss: 0.001
Epoch 17/20:
Train Loss: 0.0752, Train Accuracy: 97.59%
Validation Loss: 0.4735, Validation Accuracy: 88.69%
[Epoch 18, Batch     2] loss: 0.002
Epoch 18/20:
Train Loss: 0.0913, Train Accuracy: 96.88%
Validation Loss: 0.3221, Validation Accuracy: 90.94%
[Epoch 19, Batch     2] loss: 0.002
Epoch 19/20:
Train Loss: 0.0658, Train Accuracy: 97.92%
Validation Loss: 0.3952, Validation Accuracy: 89.61%
[Epoch 20, Batch     2] loss: 0.002
Epoch 20/20:
Train Loss: 0.0456, Train Accuracy: 98.31%
Validation Loss: 0.4579, Validation Accuracy: 88.63%
Model saved to models/resnet18-MNIST-predictive_entropy-balanced_by_range-0.8-1
Modified conv1: updated in_channels to 1.
Modified fc layer: updated out_features to 10.
Initialized untrained model.
Execution time: 0.0309 seconds
resnet18-MNIST-predictive_entropy-balanced_by_range-0.9-1
[Epoch 1, Batch     2] loss: 0.039
Epoch 1/20:
Train Loss: 1.1225, Train Accuracy: 60.54%
Validation Loss: 1.0264, Validation Accuracy: 62.69%
[Epoch 2, Batch     2] loss: 0.014
Epoch 2/20:
Train Loss: 0.6233, Train Accuracy: 78.66%
Validation Loss: 0.9676, Validation Accuracy: 69.58%
[Epoch 3, Batch     2] loss: 0.008
Epoch 3/20:
Train Loss: 0.4041, Train Accuracy: 85.89%
Validation Loss: 0.7382, Validation Accuracy: 77.11%
[Epoch 4, Batch     2] loss: 0.007
Epoch 4/20:
Train Loss: 0.3212, Train Accuracy: 88.44%
Validation Loss: 0.6921, Validation Accuracy: 79.77%
[Epoch 5, Batch     2] loss: 0.006
Epoch 5/20:
Train Loss: 0.2727, Train Accuracy: 90.09%
Validation Loss: 0.5417, Validation Accuracy: 83.34%
[Epoch 6, Batch     2] loss: 0.006
Epoch 6/20:
Train Loss: 0.2502, Train Accuracy: 91.43%
Validation Loss: 0.7996, Validation Accuracy: 80.99%
[Epoch 7, Batch     2] loss: 0.003
Epoch 7/20:
Train Loss: 0.1889, Train Accuracy: 92.95%
Validation Loss: 0.6715, Validation Accuracy: 81.86%
[Epoch 8, Batch     2] loss: 0.004
Epoch 8/20:
Train Loss: 0.1753, Train Accuracy: 93.53%
Validation Loss: 1.1924, Validation Accuracy: 73.74%
[Epoch 9, Batch     2] loss: 0.004
Epoch 9/20:
Train Loss: 0.1702, Train Accuracy: 93.79%
Validation Loss: 1.0877, Validation Accuracy: 76.03%
[Epoch 10, Batch     2] loss: 0.002
Epoch 10/20:
Train Loss: 0.1451, Train Accuracy: 95.00%
Validation Loss: 1.0514, Validation Accuracy: 78.09%
[Epoch 11, Batch     2] loss: 0.005
Epoch 11/20:
Train Loss: 0.1574, Train Accuracy: 94.64%
Validation Loss: 0.4608, Validation Accuracy: 87.83%
[Epoch 12, Batch     2] loss: 0.003
Epoch 12/20:
Train Loss: 0.1298, Train Accuracy: 94.96%
Validation Loss: 0.8555, Validation Accuracy: 80.15%
[Epoch 13, Batch     2] loss: 0.003
Epoch 13/20:
Train Loss: 0.0879, Train Accuracy: 96.88%
Validation Loss: 0.6259, Validation Accuracy: 85.46%
[Epoch 14, Batch     2] loss: 0.005
Epoch 14/20:
Train Loss: 0.0941, Train Accuracy: 96.88%
Validation Loss: 0.5509, Validation Accuracy: 85.50%
[Epoch 15, Batch     2] loss: 0.001
Epoch 15/20:
Train Loss: 0.0779, Train Accuracy: 97.50%
Validation Loss: 0.5210, Validation Accuracy: 86.40%
[Epoch 16, Batch     2] loss: 0.003
Epoch 16/20:
Train Loss: 0.0369, Train Accuracy: 98.66%
Validation Loss: 0.5623, Validation Accuracy: 87.95%
[Epoch 17, Batch     2] loss: 0.000
Epoch 17/20:
Train Loss: 0.0456, Train Accuracy: 98.71%
Validation Loss: 0.4677, Validation Accuracy: 88.26%
[Epoch 18, Batch     2] loss: 0.001
Epoch 18/20:
Train Loss: 0.0519, Train Accuracy: 98.53%
Validation Loss: 0.9626, Validation Accuracy: 82.20%
[Epoch 19, Batch     2] loss: 0.001
Epoch 19/20:
Train Loss: 0.0809, Train Accuracy: 96.79%
Validation Loss: 0.7136, Validation Accuracy: 82.57%
[Epoch 20, Batch     2] loss: 0.002
Epoch 20/20:
Train Loss: 0.1037, Train Accuracy: 96.70%
Validation Loss: 0.9108, Validation Accuracy: 79.12%
Model saved to models/resnet18-MNIST-predictive_entropy-balanced_by_range-0.9-1
Modified conv1: updated in_channels to 1.
Modified fc layer: updated out_features to 10.
Initialized untrained model.
Execution time: 0.0411 seconds
resnet18-MNIST-predictive_entropy-balanced_by_range-0.95-1
[Epoch 1, Batch     2] loss: 0.046
Epoch 1/20:
Train Loss: 1.2287, Train Accuracy: 53.75%
Validation Loss: 2.2302, Validation Accuracy: 26.06%
[Epoch 2, Batch     2] loss: 0.020
Epoch 2/20:
Train Loss: 0.6256, Train Accuracy: 76.88%
Validation Loss: 1.2561, Validation Accuracy: 66.75%
[Epoch 3, Batch     2] loss: 0.014
Epoch 3/20:
Train Loss: 0.4453, Train Accuracy: 83.56%
Validation Loss: 0.6429, Validation Accuracy: 78.41%
[Epoch 4, Batch     2] loss: 0.005
Epoch 4/20:
Train Loss: 0.2906, Train Accuracy: 89.56%
Validation Loss: 0.9432, Validation Accuracy: 76.63%
[Epoch 5, Batch     2] loss: 0.003
Epoch 5/20:
Train Loss: 0.2243, Train Accuracy: 92.00%
Validation Loss: 0.7084, Validation Accuracy: 78.70%
[Epoch 6, Batch     2] loss: 0.004
Epoch 6/20:
Train Loss: 0.2227, Train Accuracy: 91.75%
Validation Loss: 0.8890, Validation Accuracy: 74.80%
[Epoch 7, Batch     2] loss: 0.003
Epoch 7/20:
Train Loss: 0.2158, Train Accuracy: 92.25%
Validation Loss: 0.8538, Validation Accuracy: 79.88%
[Epoch 8, Batch     2] loss: 0.003
Epoch 8/20:
Train Loss: 0.1701, Train Accuracy: 93.81%
Validation Loss: 0.6063, Validation Accuracy: 84.56%
[Epoch 9, Batch     2] loss: 0.001
Epoch 9/20:
Train Loss: 0.1660, Train Accuracy: 94.81%
Validation Loss: 0.9017, Validation Accuracy: 77.15%
[Epoch 10, Batch     2] loss: 0.001
Epoch 10/20:
Train Loss: 0.1802, Train Accuracy: 94.50%
Validation Loss: 0.8157, Validation Accuracy: 81.86%
[Epoch 11, Batch     2] loss: 0.002
Epoch 11/20:
Train Loss: 0.1293, Train Accuracy: 95.06%
Validation Loss: 0.9994, Validation Accuracy: 74.87%
[Epoch 12, Batch     2] loss: 0.001
Epoch 12/20:
Train Loss: 0.1109, Train Accuracy: 95.88%
Validation Loss: 1.0435, Validation Accuracy: 76.78%
[Epoch 13, Batch     2] loss: 0.001
Epoch 13/20:
Train Loss: 0.1474, Train Accuracy: 94.31%
Validation Loss: 0.8973, Validation Accuracy: 79.66%
[Epoch 14, Batch     2] loss: 0.001
Epoch 14/20:
Train Loss: 0.1481, Train Accuracy: 94.38%
Validation Loss: 1.4184, Validation Accuracy: 73.25%
[Epoch 15, Batch     2] loss: 0.001
Epoch 15/20:
Train Loss: 0.0932, Train Accuracy: 96.81%
Validation Loss: 0.7311, Validation Accuracy: 82.24%
[Epoch 16, Batch     2] loss: 0.000
Epoch 16/20:
Train Loss: 0.0447, Train Accuracy: 98.94%
Validation Loss: 0.7343, Validation Accuracy: 82.78%
[Epoch 17, Batch     2] loss: 0.000
Epoch 17/20:
Train Loss: 0.0279, Train Accuracy: 99.12%
Validation Loss: 1.0288, Validation Accuracy: 78.54%
[Epoch 18, Batch     2] loss: 0.000
Epoch 18/20:
Train Loss: 0.0181, Train Accuracy: 99.38%
Validation Loss: 0.9638, Validation Accuracy: 80.18%
[Epoch 19, Batch     2] loss: 0.000
Epoch 19/20:
Train Loss: 0.0274, Train Accuracy: 98.81%
Validation Loss: 0.7559, Validation Accuracy: 83.25%
[Epoch 20, Batch     2] loss: 0.000
Epoch 20/20:
Train Loss: 0.0500, Train Accuracy: 98.56%
Validation Loss: 1.1700, Validation Accuracy: 78.04%
Model saved to models/resnet18-MNIST-predictive_entropy-balanced_by_range-0.95-1
Modified conv1: updated in_channels to 1.
Modified fc layer: updated out_features to 10.
Initialized untrained model.
[Epoch 1, Batch     2] loss: 0.042
[Epoch 1, Batch   102] loss: 0.336
[Epoch 1, Batch   202] loss: 0.162
[Epoch 1, Batch   302] loss: 0.132
[Epoch 1, Batch   402] loss: 0.129
[Epoch 1, Batch   502] loss: 0.113
[Epoch 1, Batch   602] loss: 0.105
[Epoch 1, Batch   702] loss: 0.102
[Epoch 1, Batch   802] loss: 0.092
[Epoch 1, Batch   902] loss: 0.084
Epoch 1/20:
Train Loss: 0.0028, Train Accuracy: 95.72%
Validation Loss: 0.0662, Validation Accuracy: 97.86%
[Epoch 2, Batch     2] loss: 0.001
[Epoch 2, Batch   102] loss: 0.066
[Epoch 2, Batch   202] loss: 0.070
[Epoch 2, Batch   302] loss: 0.070
[Epoch 2, Batch   402] loss: 0.075
[Epoch 2, Batch   502] loss: 0.064
[Epoch 2, Batch   602] loss: 0.071
[Epoch 2, Batch   702] loss: 0.060
[Epoch 2, Batch   802] loss: 0.075
[Epoch 2, Batch   902] loss: 0.072
Epoch 2/20:
Train Loss: 0.0022, Train Accuracy: 97.96%
Validation Loss: 0.0490, Validation Accuracy: 98.47%
[Epoch 3, Batch     2] loss: 0.000
[Epoch 3, Batch   102] loss: 0.042
[Epoch 3, Batch   202] loss: 0.045
[Epoch 3, Batch   302] loss: 0.048
[Epoch 3, Batch   402] loss: 0.059
[Epoch 3, Batch   502] loss: 0.054
[Epoch 3, Batch   602] loss: 0.062
[Epoch 3, Batch   702] loss: 0.049
[Epoch 3, Batch   802] loss: 0.054
[Epoch 3, Batch   902] loss: 0.049
Epoch 3/20:
Train Loss: 0.0014, Train Accuracy: 98.45%
Validation Loss: 0.0372, Validation Accuracy: 98.82%
[Epoch 4, Batch     2] loss: 0.001
[Epoch 4, Batch   102] loss: 0.042
[Epoch 4, Batch   202] loss: 0.041
[Epoch 4, Batch   302] loss: 0.046
[Epoch 4, Batch   402] loss: 0.046
[Epoch 4, Batch   502] loss: 0.047
[Epoch 4, Batch   602] loss: 0.046
[Epoch 4, Batch   702] loss: 0.048
[Epoch 4, Batch   802] loss: 0.059
[Epoch 4, Batch   902] loss: 0.048
Epoch 4/20:
Train Loss: 0.0018, Train Accuracy: 98.62%
Validation Loss: 0.0438, Validation Accuracy: 98.70%
[Epoch 5, Batch     2] loss: 0.000
[Epoch 5, Batch   102] loss: 0.040
[Epoch 5, Batch   202] loss: 0.033
[Epoch 5, Batch   302] loss: 0.039
[Epoch 5, Batch   402] loss: 0.036
[Epoch 5, Batch   502] loss: 0.055
[Epoch 5, Batch   602] loss: 0.037
[Epoch 5, Batch   702] loss: 0.047
[Epoch 5, Batch   802] loss: 0.042
[Epoch 5, Batch   902] loss: 0.051
Epoch 5/20:
Train Loss: 0.0015, Train Accuracy: 98.77%
Validation Loss: 0.0349, Validation Accuracy: 99.03%
[Epoch 6, Batch     2] loss: 0.000
[Epoch 6, Batch   102] loss: 0.035
[Epoch 6, Batch   202] loss: 0.032
[Epoch 6, Batch   302] loss: 0.039
[Epoch 6, Batch   402] loss: 0.050
[Epoch 6, Batch   502] loss: 0.036
[Epoch 6, Batch   602] loss: 0.039
[Epoch 6, Batch   702] loss: 0.039
[Epoch 6, Batch   802] loss: 0.044
[Epoch 6, Batch   902] loss: 0.033
Epoch 6/20:
Train Loss: 0.0015, Train Accuracy: 98.82%
Validation Loss: 0.0423, Validation Accuracy: 98.81%
[Epoch 7, Batch     2] loss: 0.000
[Epoch 7, Batch   102] loss: 0.031
[Epoch 7, Batch   202] loss: 0.036
[Epoch 7, Batch   302] loss: 0.043
[Epoch 7, Batch   402] loss: 0.040
[Epoch 7, Batch   502] loss: 0.035
[Epoch 7, Batch   602] loss: 0.041
[Epoch 7, Batch   702] loss: 0.033
[Epoch 7, Batch   802] loss: 0.037
[Epoch 7, Batch   902] loss: 0.036
Epoch 7/20:
Train Loss: 0.0016, Train Accuracy: 98.87%
Validation Loss: 0.0366, Validation Accuracy: 98.86%
[Epoch 8, Batch     2] loss: 0.001
[Epoch 8, Batch   102] loss: 0.027
[Epoch 8, Batch   202] loss: 0.032
[Epoch 8, Batch   302] loss: 0.029
[Epoch 8, Batch   402] loss: 0.037
[Epoch 8, Batch   502] loss: 0.035
[Epoch 8, Batch   602] loss: 0.027
[Epoch 8, Batch   702] loss: 0.041
[Epoch 8, Batch   802] loss: 0.040
[Epoch 8, Batch   902] loss: 0.046
Epoch 8/20:
Train Loss: 0.0014, Train Accuracy: 98.96%
Validation Loss: 0.0429, Validation Accuracy: 98.73%
[Epoch 9, Batch     2] loss: 0.000
[Epoch 9, Batch   102] loss: 0.023
[Epoch 9, Batch   202] loss: 0.022
[Epoch 9, Batch   302] loss: 0.036
[Epoch 9, Batch   402] loss: 0.027
[Epoch 9, Batch   502] loss: 0.030
[Epoch 9, Batch   602] loss: 0.036
[Epoch 9, Batch   702] loss: 0.036
[Epoch 9, Batch   802] loss: 0.028
[Epoch 9, Batch   902] loss: 0.034
Epoch 9/20:
Train Loss: 0.0015, Train Accuracy: 99.09%
Validation Loss: 0.0555, Validation Accuracy: 98.27%
[Epoch 10, Batch     2] loss: 0.000
[Epoch 10, Batch   102] loss: 0.026
[Epoch 10, Batch   202] loss: 0.026
[Epoch 10, Batch   302] loss: 0.029
[Epoch 10, Batch   402] loss: 0.024
[Epoch 10, Batch   502] loss: 0.026
[Epoch 10, Batch   602] loss: 0.029
[Epoch 10, Batch   702] loss: 0.029
[Epoch 10, Batch   802] loss: 0.031
[Epoch 10, Batch   902] loss: 0.032
Epoch 10/20:
Train Loss: 0.0013, Train Accuracy: 99.10%
Validation Loss: 0.0339, Validation Accuracy: 99.00%
[Epoch 11, Batch     2] loss: 0.000
[Epoch 11, Batch   102] loss: 0.018
[Epoch 11, Batch   202] loss: 0.021
[Epoch 11, Batch   302] loss: 0.025
[Epoch 11, Batch   402] loss: 0.034
[Epoch 11, Batch   502] loss: 0.026
[Epoch 11, Batch   602] loss: 0.027
[Epoch 11, Batch   702] loss: 0.023
[Epoch 11, Batch   802] loss: 0.026
[Epoch 11, Batch   902] loss: 0.035
Epoch 11/20:
Train Loss: 0.0006, Train Accuracy: 99.23%
Validation Loss: 0.0305, Validation Accuracy: 99.11%
[Epoch 12, Batch     2] loss: 0.001
[Epoch 12, Batch   102] loss: 0.019
[Epoch 12, Batch   202] loss: 0.022
[Epoch 12, Batch   302] loss: 0.017
[Epoch 12, Batch   402] loss: 0.031
[Epoch 12, Batch   502] loss: 0.028
[Epoch 12, Batch   602] loss: 0.028
[Epoch 12, Batch   702] loss: 0.022
[Epoch 12, Batch   802] loss: 0.022
[Epoch 12, Batch   902] loss: 0.028
Epoch 12/20:
Train Loss: 0.0011, Train Accuracy: 99.25%
Validation Loss: 0.0426, Validation Accuracy: 98.56%
[Epoch 13, Batch     2] loss: 0.000
[Epoch 13, Batch   102] loss: 0.021
[Epoch 13, Batch   202] loss: 0.026
[Epoch 13, Batch   302] loss: 0.023
[Epoch 13, Batch   402] loss: 0.022
[Epoch 13, Batch   502] loss: 0.014
[Epoch 13, Batch   602] loss: 0.022
[Epoch 13, Batch   702] loss: 0.021
[Epoch 13, Batch   802] loss: 0.033
[Epoch 13, Batch   902] loss: 0.025
Epoch 13/20:
Train Loss: 0.0008, Train Accuracy: 99.33%
Validation Loss: 0.0286, Validation Accuracy: 99.16%
[Epoch 14, Batch     2] loss: 0.001
[Epoch 14, Batch   102] loss: 0.016
[Epoch 14, Batch   202] loss: 0.024
[Epoch 14, Batch   302] loss: 0.027
[Epoch 14, Batch   402] loss: 0.019
[Epoch 14, Batch   502] loss: 0.019
[Epoch 14, Batch   602] loss: 0.035
[Epoch 14, Batch   702] loss: 0.016
[Epoch 14, Batch   802] loss: 0.018
[Epoch 14, Batch   902] loss: 0.028
Epoch 14/20:
Train Loss: 0.0010, Train Accuracy: 99.30%
Validation Loss: 0.0361, Validation Accuracy: 98.97%
[Epoch 15, Batch     2] loss: 0.000
[Epoch 15, Batch   102] loss: 0.018
[Epoch 15, Batch   202] loss: 0.012
[Epoch 15, Batch   302] loss: 0.022
[Epoch 15, Batch   402] loss: 0.013
[Epoch 15, Batch   502] loss: 0.021
[Epoch 15, Batch   602] loss: 0.019
[Epoch 15, Batch   702] loss: 0.023
[Epoch 15, Batch   802] loss: 0.018
[Epoch 15, Batch   902] loss: 0.021
Epoch 15/20:
Train Loss: 0.0014, Train Accuracy: 99.40%
Validation Loss: 0.0455, Validation Accuracy: 98.66%
[Epoch 16, Batch     2] loss: 0.003
[Epoch 16, Batch   102] loss: 0.014
[Epoch 16, Batch   202] loss: 0.024
[Epoch 16, Batch   302] loss: 0.014
[Epoch 16, Batch   402] loss: 0.017
[Epoch 16, Batch   502] loss: 0.025
[Epoch 16, Batch   602] loss: 0.022
[Epoch 16, Batch   702] loss: 0.020
[Epoch 16, Batch   802] loss: 0.016
[Epoch 16, Batch   902] loss: 0.029
Epoch 16/20:
Train Loss: 0.0010, Train Accuracy: 99.38%
Validation Loss: 0.0309, Validation Accuracy: 99.01%
[Epoch 17, Batch     2] loss: 0.000
[Epoch 17, Batch   102] loss: 0.022
[Epoch 17, Batch   202] loss: 0.013
[Epoch 17, Batch   302] loss: 0.012
[Epoch 17, Batch   402] loss: 0.014
[Epoch 17, Batch   502] loss: 0.018
[Epoch 17, Batch   602] loss: 0.024
[Epoch 17, Batch   702] loss: 0.017
[Epoch 17, Batch   802] loss: 0.022
[Epoch 17, Batch   902] loss: 0.021
Epoch 17/20:
Train Loss: 0.0008, Train Accuracy: 99.43%
Validation Loss: 0.0274, Validation Accuracy: 99.10%
[Epoch 18, Batch     2] loss: 0.001
[Epoch 18, Batch   102] loss: 0.020
[Epoch 18, Batch   202] loss: 0.013
[Epoch 18, Batch   302] loss: 0.016
[Epoch 18, Batch   402] loss: 0.019
[Epoch 18, Batch   502] loss: 0.016
[Epoch 18, Batch   602] loss: 0.015
[Epoch 18, Batch   702] loss: 0.012
[Epoch 18, Batch   802] loss: 0.019
[Epoch 18, Batch   902] loss: 0.023
Epoch 18/20:
Train Loss: 0.0005, Train Accuracy: 99.48%
Validation Loss: 0.0304, Validation Accuracy: 99.18%
[Epoch 19, Batch     2] loss: 0.000
[Epoch 19, Batch   102] loss: 0.012
[Epoch 19, Batch   202] loss: 0.009
[Epoch 19, Batch   302] loss: 0.012
[Epoch 19, Batch   402] loss: 0.020
[Epoch 19, Batch   502] loss: 0.018
[Epoch 19, Batch   602] loss: 0.018
[Epoch 19, Batch   702] loss: 0.024
[Epoch 19, Batch   802] loss: 0.016
[Epoch 19, Batch   902] loss: 0.021
Epoch 19/20:
Train Loss: 0.0007, Train Accuracy: 99.50%
Validation Loss: 0.0284, Validation Accuracy: 99.16%
[Epoch 20, Batch     2] loss: 0.000
[Epoch 20, Batch   102] loss: 0.014
[Epoch 20, Batch   202] loss: 0.017
[Epoch 20, Batch   302] loss: 0.016
[Epoch 20, Batch   402] loss: 0.015
[Epoch 20, Batch   502] loss: 0.019
[Epoch 20, Batch   602] loss: 0.018
[Epoch 20, Batch   702] loss: 0.018
[Epoch 20, Batch   802] loss: 0.013
[Epoch 20, Batch   902] loss: 0.023
Epoch 20/20:
Train Loss: 0.0006, Train Accuracy: 99.49%
Validation Loss: 0.0285, Validation Accuracy: 99.21%
Model saved to models/resnet18_MNIST_2
Modified conv1: updated in_channels to 1.
Modified fc layer: updated out_features to 10.
Loaded weights from file: models/resnet18_MNIST_2
Modified conv1: updated in_channels to 1.
Modified fc layer: updated out_features to 10.
Initialized untrained model.
resnet18-MNIST-random-0.3-2
[Epoch 1, Batch     2] loss: 0.042
[Epoch 1, Batch   102] loss: 0.343
[Epoch 1, Batch   202] loss: 0.196
[Epoch 1, Batch   302] loss: 0.159
[Epoch 1, Batch   402] loss: 0.123
[Epoch 1, Batch   502] loss: 0.102
[Epoch 1, Batch   602] loss: 0.098
Epoch 1/20:
Train Loss: 0.0103, Train Accuracy: 94.66%
Validation Loss: 0.0925, Validation Accuracy: 97.07%
[Epoch 2, Batch     2] loss: 0.002
[Epoch 2, Batch   102] loss: 0.083
[Epoch 2, Batch   202] loss: 0.085
[Epoch 2, Batch   302] loss: 0.093
[Epoch 2, Batch   402] loss: 0.071
[Epoch 2, Batch   502] loss: 0.079
[Epoch 2, Batch   602] loss: 0.076
Epoch 2/20:
Train Loss: 0.0057, Train Accuracy: 97.55%
Validation Loss: 0.0864, Validation Accuracy: 97.22%
[Epoch 3, Batch     2] loss: 0.001
[Epoch 3, Batch   102] loss: 0.045
[Epoch 3, Batch   202] loss: 0.050
[Epoch 3, Batch   302] loss: 0.060
[Epoch 3, Batch   402] loss: 0.047
[Epoch 3, Batch   502] loss: 0.068
[Epoch 3, Batch   602] loss: 0.061
Epoch 3/20:
Train Loss: 0.0059, Train Accuracy: 98.30%
Validation Loss: 0.0644, Validation Accuracy: 97.85%
[Epoch 4, Batch     2] loss: 0.001
[Epoch 4, Batch   102] loss: 0.044
[Epoch 4, Batch   202] loss: 0.044
[Epoch 4, Batch   302] loss: 0.060
[Epoch 4, Batch   402] loss: 0.052
[Epoch 4, Batch   502] loss: 0.057
[Epoch 4, Batch   602] loss: 0.066
Epoch 4/20:
Train Loss: 0.0033, Train Accuracy: 98.41%
Validation Loss: 0.0547, Validation Accuracy: 98.32%
[Epoch 5, Batch     2] loss: 0.000
[Epoch 5, Batch   102] loss: 0.045
[Epoch 5, Batch   202] loss: 0.046
[Epoch 5, Batch   302] loss: 0.048
[Epoch 5, Batch   402] loss: 0.040
[Epoch 5, Batch   502] loss: 0.054
[Epoch 5, Batch   602] loss: 0.036
Epoch 5/20:
Train Loss: 0.0031, Train Accuracy: 98.64%
Validation Loss: 0.0455, Validation Accuracy: 98.54%
[Epoch 6, Batch     2] loss: 0.000
[Epoch 6, Batch   102] loss: 0.024
[Epoch 6, Batch   202] loss: 0.032
[Epoch 6, Batch   302] loss: 0.044
[Epoch 6, Batch   402] loss: 0.035
[Epoch 6, Batch   502] loss: 0.039
[Epoch 6, Batch   602] loss: 0.042
Epoch 6/20:
Train Loss: 0.0038, Train Accuracy: 98.88%
Validation Loss: 0.0341, Validation Accuracy: 99.01%
[Epoch 7, Batch     2] loss: 0.001
[Epoch 7, Batch   102] loss: 0.032
[Epoch 7, Batch   202] loss: 0.041
[Epoch 7, Batch   302] loss: 0.042
[Epoch 7, Batch   402] loss: 0.036
[Epoch 7, Batch   502] loss: 0.031
[Epoch 7, Batch   602] loss: 0.046
Epoch 7/20:
Train Loss: 0.0025, Train Accuracy: 98.86%
Validation Loss: 0.0364, Validation Accuracy: 98.97%
[Epoch 8, Batch     2] loss: 0.000
[Epoch 8, Batch   102] loss: 0.025
[Epoch 8, Batch   202] loss: 0.041
[Epoch 8, Batch   302] loss: 0.027
[Epoch 8, Batch   402] loss: 0.042
[Epoch 8, Batch   502] loss: 0.043
[Epoch 8, Batch   602] loss: 0.036
Epoch 8/20:
Train Loss: 0.0029, Train Accuracy: 98.89%
Validation Loss: 0.0404, Validation Accuracy: 98.83%
[Epoch 9, Batch     2] loss: 0.001
[Epoch 9, Batch   102] loss: 0.035
[Epoch 9, Batch   202] loss: 0.024
[Epoch 9, Batch   302] loss: 0.031
[Epoch 9, Batch   402] loss: 0.033
[Epoch 9, Batch   502] loss: 0.036
[Epoch 9, Batch   602] loss: 0.035
Epoch 9/20:
Train Loss: 0.0023, Train Accuracy: 98.99%
Validation Loss: 0.0388, Validation Accuracy: 98.88%
[Epoch 10, Batch     2] loss: 0.000
[Epoch 10, Batch   102] loss: 0.021
[Epoch 10, Batch   202] loss: 0.024
[Epoch 10, Batch   302] loss: 0.036
[Epoch 10, Batch   402] loss: 0.029
[Epoch 10, Batch   502] loss: 0.027
[Epoch 10, Batch   602] loss: 0.036
Epoch 10/20:
Train Loss: 0.0019, Train Accuracy: 99.17%
Validation Loss: 0.0370, Validation Accuracy: 98.87%
[Epoch 11, Batch     2] loss: 0.000
[Epoch 11, Batch   102] loss: 0.026
[Epoch 11, Batch   202] loss: 0.032
[Epoch 11, Batch   302] loss: 0.037
[Epoch 11, Batch   402] loss: 0.027
[Epoch 11, Batch   502] loss: 0.029
[Epoch 11, Batch   602] loss: 0.019
Epoch 11/20:
Train Loss: 0.0023, Train Accuracy: 99.14%
Validation Loss: 0.0305, Validation Accuracy: 99.10%
[Epoch 12, Batch     2] loss: 0.000
[Epoch 12, Batch   102] loss: 0.028
[Epoch 12, Batch   202] loss: 0.020
[Epoch 12, Batch   302] loss: 0.016
[Epoch 12, Batch   402] loss: 0.023
[Epoch 12, Batch   502] loss: 0.027
[Epoch 12, Batch   602] loss: 0.035
Epoch 12/20:
Train Loss: 0.0020, Train Accuracy: 99.25%
Validation Loss: 0.0357, Validation Accuracy: 98.93%
[Epoch 13, Batch     2] loss: 0.000
[Epoch 13, Batch   102] loss: 0.016
[Epoch 13, Batch   202] loss: 0.028
[Epoch 13, Batch   302] loss: 0.025
[Epoch 13, Batch   402] loss: 0.025
[Epoch 13, Batch   502] loss: 0.017
[Epoch 13, Batch   602] loss: 0.023
Epoch 13/20:
Train Loss: 0.0030, Train Accuracy: 99.29%
Validation Loss: 0.0494, Validation Accuracy: 98.50%
[Epoch 14, Batch     2] loss: 0.001
[Epoch 14, Batch   102] loss: 0.025
[Epoch 14, Batch   202] loss: 0.017
[Epoch 14, Batch   302] loss: 0.024
[Epoch 14, Batch   402] loss: 0.031
[Epoch 14, Batch   502] loss: 0.020
[Epoch 14, Batch   602] loss: 0.028
Epoch 14/20:
Train Loss: 0.0018, Train Accuracy: 99.30%
Validation Loss: 0.0451, Validation Accuracy: 98.68%
[Epoch 15, Batch     2] loss: 0.000
[Epoch 15, Batch   102] loss: 0.021
[Epoch 15, Batch   202] loss: 0.012
[Epoch 15, Batch   302] loss: 0.019
[Epoch 15, Batch   402] loss: 0.033
[Epoch 15, Batch   502] loss: 0.023
[Epoch 15, Batch   602] loss: 0.029
Epoch 15/20:
Train Loss: 0.0021, Train Accuracy: 99.29%
Validation Loss: 0.0361, Validation Accuracy: 98.84%
[Epoch 16, Batch     2] loss: 0.000
[Epoch 16, Batch   102] loss: 0.010
[Epoch 16, Batch   202] loss: 0.021
[Epoch 16, Batch   302] loss: 0.025
[Epoch 16, Batch   402] loss: 0.026
[Epoch 16, Batch   502] loss: 0.028
[Epoch 16, Batch   602] loss: 0.017
Epoch 16/20:
Train Loss: 0.0016, Train Accuracy: 99.35%
Validation Loss: 0.0361, Validation Accuracy: 99.02%
[Epoch 17, Batch     2] loss: 0.000
[Epoch 17, Batch   102] loss: 0.017
[Epoch 17, Batch   202] loss: 0.015
[Epoch 17, Batch   302] loss: 0.025
[Epoch 17, Batch   402] loss: 0.019
[Epoch 17, Batch   502] loss: 0.020
[Epoch 17, Batch   602] loss: 0.014
Epoch 17/20:
Train Loss: 0.0017, Train Accuracy: 99.46%
Validation Loss: 0.0391, Validation Accuracy: 98.91%
[Epoch 18, Batch     2] loss: 0.000
[Epoch 18, Batch   102] loss: 0.015
[Epoch 18, Batch   202] loss: 0.017
[Epoch 18, Batch   302] loss: 0.015
[Epoch 18, Batch   402] loss: 0.012
[Epoch 18, Batch   502] loss: 0.013
[Epoch 18, Batch   602] loss: 0.017
Epoch 18/20:
Train Loss: 0.0023, Train Accuracy: 99.52%
Validation Loss: 0.0368, Validation Accuracy: 98.85%
[Epoch 19, Batch     2] loss: 0.000
[Epoch 19, Batch   102] loss: 0.017
[Epoch 19, Batch   202] loss: 0.017
[Epoch 19, Batch   302] loss: 0.014
[Epoch 19, Batch   402] loss: 0.020
[Epoch 19, Batch   502] loss: 0.019
[Epoch 19, Batch   602] loss: 0.029
Epoch 19/20:
Train Loss: 0.0018, Train Accuracy: 99.39%
Validation Loss: 0.0311, Validation Accuracy: 99.07%
[Epoch 20, Batch     2] loss: 0.001
[Epoch 20, Batch   102] loss: 0.012
[Epoch 20, Batch   202] loss: 0.014
[Epoch 20, Batch   302] loss: 0.019
[Epoch 20, Batch   402] loss: 0.018
[Epoch 20, Batch   502] loss: 0.021
[Epoch 20, Batch   602] loss: 0.014
Epoch 20/20:
Train Loss: 0.0011, Train Accuracy: 99.51%
Validation Loss: 0.0349, Validation Accuracy: 98.94%
Model saved to models/resnet18-MNIST-random-0.3-2
Modified conv1: updated in_channels to 1.
Modified fc layer: updated out_features to 10.
Initialized untrained model.
resnet18-MNIST-random-0.5-2
[Epoch 1, Batch     2] loss: 0.045
[Epoch 1, Batch   102] loss: 0.328
[Epoch 1, Batch   202] loss: 0.176
[Epoch 1, Batch   302] loss: 0.150
[Epoch 1, Batch   402] loss: 0.132
Epoch 1/20:
Train Loss: 0.0165, Train Accuracy: 94.04%
Validation Loss: 0.0892, Validation Accuracy: 97.29%
[Epoch 2, Batch     2] loss: 0.001
[Epoch 2, Batch   102] loss: 0.094
[Epoch 2, Batch   202] loss: 0.086
[Epoch 2, Batch   302] loss: 0.098
[Epoch 2, Batch   402] loss: 0.086
Epoch 2/20:
Train Loss: 0.0108, Train Accuracy: 97.31%
Validation Loss: 0.0794, Validation Accuracy: 97.50%
[Epoch 3, Batch     2] loss: 0.000
[Epoch 3, Batch   102] loss: 0.070
[Epoch 3, Batch   202] loss: 0.074
[Epoch 3, Batch   302] loss: 0.067
[Epoch 3, Batch   402] loss: 0.060
Epoch 3/20:
Train Loss: 0.0086, Train Accuracy: 97.91%
Validation Loss: 0.0610, Validation Accuracy: 98.08%
[Epoch 4, Batch     2] loss: 0.001
[Epoch 4, Batch   102] loss: 0.054
[Epoch 4, Batch   202] loss: 0.050
[Epoch 4, Batch   302] loss: 0.044
[Epoch 4, Batch   402] loss: 0.056
Epoch 4/20:
Train Loss: 0.0102, Train Accuracy: 98.41%
Validation Loss: 0.0948, Validation Accuracy: 97.27%
[Epoch 5, Batch     2] loss: 0.000
[Epoch 5, Batch   102] loss: 0.049
[Epoch 5, Batch   202] loss: 0.044
[Epoch 5, Batch   302] loss: 0.053
[Epoch 5, Batch   402] loss: 0.055
Epoch 5/20:
Train Loss: 0.0069, Train Accuracy: 98.46%
Validation Loss: 0.0522, Validation Accuracy: 98.52%
[Epoch 6, Batch     2] loss: 0.000
[Epoch 6, Batch   102] loss: 0.043
[Epoch 6, Batch   202] loss: 0.042
[Epoch 6, Batch   302] loss: 0.033
[Epoch 6, Batch   402] loss: 0.045
Epoch 6/20:
Train Loss: 0.0084, Train Accuracy: 98.65%
Validation Loss: 0.0552, Validation Accuracy: 98.37%
[Epoch 7, Batch     2] loss: 0.002
[Epoch 7, Batch   102] loss: 0.030
[Epoch 7, Batch   202] loss: 0.035
[Epoch 7, Batch   302] loss: 0.046
[Epoch 7, Batch   402] loss: 0.039
Epoch 7/20:
Train Loss: 0.0048, Train Accuracy: 98.85%
Validation Loss: 0.0563, Validation Accuracy: 98.52%
[Epoch 8, Batch     2] loss: 0.000
[Epoch 8, Batch   102] loss: 0.038
[Epoch 8, Batch   202] loss: 0.039
[Epoch 8, Batch   302] loss: 0.034
[Epoch 8, Batch   402] loss: 0.030
Epoch 8/20:
Train Loss: 0.0089, Train Accuracy: 98.88%
Validation Loss: 0.0858, Validation Accuracy: 97.28%
[Epoch 9, Batch     2] loss: 0.000
[Epoch 9, Batch   102] loss: 0.035
[Epoch 9, Batch   202] loss: 0.034
[Epoch 9, Batch   302] loss: 0.032
[Epoch 9, Batch   402] loss: 0.033
Epoch 9/20:
Train Loss: 0.0039, Train Accuracy: 98.98%
Validation Loss: 0.0482, Validation Accuracy: 98.70%
[Epoch 10, Batch     2] loss: 0.000
[Epoch 10, Batch   102] loss: 0.029
[Epoch 10, Batch   202] loss: 0.027
[Epoch 10, Batch   302] loss: 0.039
[Epoch 10, Batch   402] loss: 0.038
Epoch 10/20:
Train Loss: 0.0043, Train Accuracy: 98.98%
Validation Loss: 0.0429, Validation Accuracy: 98.70%
[Epoch 11, Batch     2] loss: 0.000
[Epoch 11, Batch   102] loss: 0.016
[Epoch 11, Batch   202] loss: 0.032
[Epoch 11, Batch   302] loss: 0.031
[Epoch 11, Batch   402] loss: 0.037
Epoch 11/20:
Train Loss: 0.0044, Train Accuracy: 99.14%
Validation Loss: 0.0355, Validation Accuracy: 98.96%
[Epoch 12, Batch     2] loss: 0.000
[Epoch 12, Batch   102] loss: 0.019
[Epoch 12, Batch   202] loss: 0.020
[Epoch 12, Batch   302] loss: 0.038
[Epoch 12, Batch   402] loss: 0.030
Epoch 12/20:
Train Loss: 0.0040, Train Accuracy: 99.23%
Validation Loss: 0.0429, Validation Accuracy: 98.73%
[Epoch 13, Batch     2] loss: 0.001
[Epoch 13, Batch   102] loss: 0.021
[Epoch 13, Batch   202] loss: 0.024
[Epoch 13, Batch   302] loss: 0.024
[Epoch 13, Batch   402] loss: 0.027
Epoch 13/20:
Train Loss: 0.0049, Train Accuracy: 99.19%
Validation Loss: 0.0491, Validation Accuracy: 98.64%
[Epoch 14, Batch     2] loss: 0.001
[Epoch 14, Batch   102] loss: 0.027
[Epoch 14, Batch   202] loss: 0.025
[Epoch 14, Batch   302] loss: 0.023
[Epoch 14, Batch   402] loss: 0.036
Epoch 14/20:
Train Loss: 0.0035, Train Accuracy: 99.11%
Validation Loss: 0.0456, Validation Accuracy: 98.64%
[Epoch 15, Batch     2] loss: 0.000
[Epoch 15, Batch   102] loss: 0.019
[Epoch 15, Batch   202] loss: 0.025
[Epoch 15, Batch   302] loss: 0.024
[Epoch 15, Batch   402] loss: 0.026
Epoch 15/20:
Train Loss: 0.0031, Train Accuracy: 99.25%
Validation Loss: 0.0497, Validation Accuracy: 98.71%
[Epoch 16, Batch     2] loss: 0.000
[Epoch 16, Batch   102] loss: 0.022
[Epoch 16, Batch   202] loss: 0.017
[Epoch 16, Batch   302] loss: 0.016
[Epoch 16, Batch   402] loss: 0.014
Epoch 16/20:
Train Loss: 0.0041, Train Accuracy: 99.46%
Validation Loss: 0.0559, Validation Accuracy: 98.52%
[Epoch 17, Batch     2] loss: 0.000
[Epoch 17, Batch   102] loss: 0.022
[Epoch 17, Batch   202] loss: 0.028
[Epoch 17, Batch   302] loss: 0.020
[Epoch 17, Batch   402] loss: 0.017
Epoch 17/20:
Train Loss: 0.0034, Train Accuracy: 99.34%
Validation Loss: 0.0443, Validation Accuracy: 98.74%
[Epoch 18, Batch     2] loss: 0.000
[Epoch 18, Batch   102] loss: 0.020
[Epoch 18, Batch   202] loss: 0.025
[Epoch 18, Batch   302] loss: 0.023
[Epoch 18, Batch   402] loss: 0.018
Epoch 18/20:
Train Loss: 0.0027, Train Accuracy: 99.33%
Validation Loss: 0.0530, Validation Accuracy: 98.55%
[Epoch 19, Batch     2] loss: 0.000
[Epoch 19, Batch   102] loss: 0.014
[Epoch 19, Batch   202] loss: 0.015
[Epoch 19, Batch   302] loss: 0.019
[Epoch 19, Batch   402] loss: 0.022
Epoch 19/20:
Train Loss: 0.0029, Train Accuracy: 99.45%
Validation Loss: 0.0463, Validation Accuracy: 98.74%
[Epoch 20, Batch     2] loss: 0.001
[Epoch 20, Batch   102] loss: 0.012
[Epoch 20, Batch   202] loss: 0.013
[Epoch 20, Batch   302] loss: 0.022
[Epoch 20, Batch   402] loss: 0.011
Epoch 20/20:
Train Loss: 0.0029, Train Accuracy: 99.55%
Validation Loss: 0.0470, Validation Accuracy: 98.73%
Model saved to models/resnet18-MNIST-random-0.5-2
Modified conv1: updated in_channels to 1.
Modified fc layer: updated out_features to 10.
Initialized untrained model.
resnet18-MNIST-random-0.7-2
[Epoch 1, Batch     2] loss: 0.045
[Epoch 1, Batch   102] loss: 0.353
[Epoch 1, Batch   202] loss: 0.176
Epoch 1/20:
Train Loss: 0.0379, Train Accuracy: 92.41%
Validation Loss: 0.1403, Validation Accuracy: 95.57%
[Epoch 2, Batch     2] loss: 0.001
[Epoch 2, Batch   102] loss: 0.109
[Epoch 2, Batch   202] loss: 0.110
Epoch 2/20:
Train Loss: 0.0257, Train Accuracy: 96.90%
Validation Loss: 0.1031, Validation Accuracy: 96.60%
[Epoch 3, Batch     2] loss: 0.002
[Epoch 3, Batch   102] loss: 0.070
[Epoch 3, Batch   202] loss: 0.076
Epoch 3/20:
Train Loss: 0.0221, Train Accuracy: 97.83%
Validation Loss: 0.0702, Validation Accuracy: 97.60%
[Epoch 4, Batch     2] loss: 0.001
[Epoch 4, Batch   102] loss: 0.067
[Epoch 4, Batch   202] loss: 0.062
Epoch 4/20:
Train Loss: 0.0192, Train Accuracy: 98.03%
Validation Loss: 0.0815, Validation Accuracy: 97.54%
[Epoch 5, Batch     2] loss: 0.001
[Epoch 5, Batch   102] loss: 0.051
[Epoch 5, Batch   202] loss: 0.055
Epoch 5/20:
Train Loss: 0.0122, Train Accuracy: 98.50%
Validation Loss: 0.1003, Validation Accuracy: 96.84%
[Epoch 6, Batch     2] loss: 0.001
[Epoch 6, Batch   102] loss: 0.039
[Epoch 6, Batch   202] loss: 0.053
Epoch 6/20:
Train Loss: 0.0147, Train Accuracy: 98.50%
Validation Loss: 0.0574, Validation Accuracy: 98.30%
[Epoch 7, Batch     2] loss: 0.001
[Epoch 7, Batch   102] loss: 0.043
[Epoch 7, Batch   202] loss: 0.046
Epoch 7/20:
Train Loss: 0.0096, Train Accuracy: 98.65%
Validation Loss: 0.0458, Validation Accuracy: 98.65%
[Epoch 8, Batch     2] loss: 0.001
[Epoch 8, Batch   102] loss: 0.025
[Epoch 8, Batch   202] loss: 0.047
Epoch 8/20:
Train Loss: 0.0132, Train Accuracy: 98.78%
Validation Loss: 0.0586, Validation Accuracy: 98.24%
[Epoch 9, Batch     2] loss: 0.000
[Epoch 9, Batch   102] loss: 0.032
[Epoch 9, Batch   202] loss: 0.035
Epoch 9/20:
Train Loss: 0.0121, Train Accuracy: 98.83%
Validation Loss: 0.0755, Validation Accuracy: 97.73%
[Epoch 10, Batch     2] loss: 0.002
[Epoch 10, Batch   102] loss: 0.031
[Epoch 10, Batch   202] loss: 0.024
Epoch 10/20:
Train Loss: 0.0110, Train Accuracy: 99.05%
Validation Loss: 0.0790, Validation Accuracy: 97.70%
[Epoch 11, Batch     2] loss: 0.000
[Epoch 11, Batch   102] loss: 0.028
[Epoch 11, Batch   202] loss: 0.028
Epoch 11/20:
Train Loss: 0.0106, Train Accuracy: 99.02%
Validation Loss: 0.0534, Validation Accuracy: 98.55%
[Epoch 12, Batch     2] loss: 0.000
[Epoch 12, Batch   102] loss: 0.027
[Epoch 12, Batch   202] loss: 0.039
Epoch 12/20:
Train Loss: 0.0073, Train Accuracy: 99.12%
Validation Loss: 0.0650, Validation Accuracy: 98.11%
[Epoch 13, Batch     2] loss: 0.002
[Epoch 13, Batch   102] loss: 0.020
[Epoch 13, Batch   202] loss: 0.039
Epoch 13/20:
Train Loss: 0.0090, Train Accuracy: 99.08%
Validation Loss: 0.0701, Validation Accuracy: 98.14%
[Epoch 14, Batch     2] loss: 0.001
[Epoch 14, Batch   102] loss: 0.019
[Epoch 14, Batch   202] loss: 0.025
Epoch 14/20:
Train Loss: 0.0064, Train Accuracy: 99.34%
Validation Loss: 0.0460, Validation Accuracy: 98.63%
[Epoch 15, Batch     2] loss: 0.000
[Epoch 15, Batch   102] loss: 0.030
[Epoch 15, Batch   202] loss: 0.025
Epoch 15/20:
Train Loss: 0.0065, Train Accuracy: 99.17%
Validation Loss: 0.0616, Validation Accuracy: 98.38%
[Epoch 16, Batch     2] loss: 0.000
[Epoch 16, Batch   102] loss: 0.021
[Epoch 16, Batch   202] loss: 0.034
Epoch 16/20:
Train Loss: 0.0103, Train Accuracy: 99.07%
Validation Loss: 0.0659, Validation Accuracy: 98.16%
[Epoch 17, Batch     2] loss: 0.000
[Epoch 17, Batch   102] loss: 0.016
[Epoch 17, Batch   202] loss: 0.025
Epoch 17/20:
Train Loss: 0.0040, Train Accuracy: 99.42%
Validation Loss: 0.0413, Validation Accuracy: 98.95%
[Epoch 18, Batch     2] loss: 0.000
[Epoch 18, Batch   102] loss: 0.018
[Epoch 18, Batch   202] loss: 0.021
Epoch 18/20:
Train Loss: 0.0060, Train Accuracy: 99.39%
Validation Loss: 0.0892, Validation Accuracy: 97.69%
[Epoch 19, Batch     2] loss: 0.001
[Epoch 19, Batch   102] loss: 0.018
[Epoch 19, Batch   202] loss: 0.021
Epoch 19/20:
Train Loss: 0.0111, Train Accuracy: 99.21%
Validation Loss: 0.0547, Validation Accuracy: 98.53%
[Epoch 20, Batch     2] loss: 0.001
[Epoch 20, Batch   102] loss: 0.037
[Epoch 20, Batch   202] loss: 0.019
Epoch 20/20:
Train Loss: 0.0055, Train Accuracy: 99.24%
Validation Loss: 0.0528, Validation Accuracy: 98.45%
Model saved to models/resnet18-MNIST-random-0.7-2
Modified conv1: updated in_channels to 1.
Modified fc layer: updated out_features to 10.
Initialized untrained model.
resnet18-MNIST-random-0.8-2
[Epoch 1, Batch     2] loss: 0.045
[Epoch 1, Batch   102] loss: 0.348
Epoch 1/20:
Train Loss: 0.0841, Train Accuracy: 90.97%
Validation Loss: 0.1087, Validation Accuracy: 96.58%
[Epoch 2, Batch     2] loss: 0.002
[Epoch 2, Batch   102] loss: 0.133
Epoch 2/20:
Train Loss: 0.0537, Train Accuracy: 96.06%
Validation Loss: 0.1250, Validation Accuracy: 96.01%
[Epoch 3, Batch     2] loss: 0.002
[Epoch 3, Batch   102] loss: 0.073
Epoch 3/20:
Train Loss: 0.0369, Train Accuracy: 97.64%
Validation Loss: 0.1366, Validation Accuracy: 95.85%
[Epoch 4, Batch     2] loss: 0.002
[Epoch 4, Batch   102] loss: 0.072
Epoch 4/20:
Train Loss: 0.0361, Train Accuracy: 97.54%
Validation Loss: 0.1500, Validation Accuracy: 95.56%
[Epoch 5, Batch     2] loss: 0.002
[Epoch 5, Batch   102] loss: 0.060
Epoch 5/20:
Train Loss: 0.0250, Train Accuracy: 98.10%
Validation Loss: 0.1500, Validation Accuracy: 95.95%
[Epoch 6, Batch     2] loss: 0.002
[Epoch 6, Batch   102] loss: 0.050
Epoch 6/20:
Train Loss: 0.0189, Train Accuracy: 98.58%
Validation Loss: 0.0809, Validation Accuracy: 97.47%
[Epoch 7, Batch     2] loss: 0.000
[Epoch 7, Batch   102] loss: 0.042
Epoch 7/20:
Train Loss: 0.0255, Train Accuracy: 98.52%
Validation Loss: 0.0793, Validation Accuracy: 97.68%
[Epoch 8, Batch     2] loss: 0.001
[Epoch 8, Batch   102] loss: 0.046
Epoch 8/20:
Train Loss: 0.0139, Train Accuracy: 98.81%
Validation Loss: 0.0725, Validation Accuracy: 97.99%
[Epoch 9, Batch     2] loss: 0.000
[Epoch 9, Batch   102] loss: 0.040
Epoch 9/20:
Train Loss: 0.0250, Train Accuracy: 98.60%
Validation Loss: 0.0614, Validation Accuracy: 98.26%
[Epoch 10, Batch     2] loss: 0.000
[Epoch 10, Batch   102] loss: 0.028
Epoch 10/20:
Train Loss: 0.0142, Train Accuracy: 99.13%
Validation Loss: 0.0824, Validation Accuracy: 97.65%
[Epoch 11, Batch     2] loss: 0.001
[Epoch 11, Batch   102] loss: 0.038
Epoch 11/20:
Train Loss: 0.0155, Train Accuracy: 98.86%
Validation Loss: 0.0930, Validation Accuracy: 97.42%
[Epoch 12, Batch     2] loss: 0.000
[Epoch 12, Batch   102] loss: 0.022
Epoch 12/20:
Train Loss: 0.0115, Train Accuracy: 99.27%
Validation Loss: 0.0640, Validation Accuracy: 98.35%
[Epoch 13, Batch     2] loss: 0.000
[Epoch 13, Batch   102] loss: 0.024
Epoch 13/20:
Train Loss: 0.0163, Train Accuracy: 99.05%
Validation Loss: 0.0735, Validation Accuracy: 98.03%
[Epoch 14, Batch     2] loss: 0.001
[Epoch 14, Batch   102] loss: 0.022
Epoch 14/20:
Train Loss: 0.0095, Train Accuracy: 99.25%
Validation Loss: 0.0742, Validation Accuracy: 97.89%
[Epoch 15, Batch     2] loss: 0.000
[Epoch 15, Batch   102] loss: 0.034
Epoch 15/20:
Train Loss: 0.0132, Train Accuracy: 99.01%
Validation Loss: 0.0687, Validation Accuracy: 98.20%
[Epoch 16, Batch     2] loss: 0.000
[Epoch 16, Batch   102] loss: 0.016
Epoch 16/20:
Train Loss: 0.0155, Train Accuracy: 99.27%
Validation Loss: 0.0559, Validation Accuracy: 98.38%
[Epoch 17, Batch     2] loss: 0.001
[Epoch 17, Batch   102] loss: 0.021
Epoch 17/20:
Train Loss: 0.0130, Train Accuracy: 99.22%
Validation Loss: 0.0825, Validation Accuracy: 97.55%
[Epoch 18, Batch     2] loss: 0.000
[Epoch 18, Batch   102] loss: 0.015
Epoch 18/20:
Train Loss: 0.0056, Train Accuracy: 99.61%
Validation Loss: 0.0516, Validation Accuracy: 98.64%
[Epoch 19, Batch     2] loss: 0.001
[Epoch 19, Batch   102] loss: 0.014
Epoch 19/20:
Train Loss: 0.0115, Train Accuracy: 99.39%
Validation Loss: 0.0745, Validation Accuracy: 97.71%
[Epoch 20, Batch     2] loss: 0.001
[Epoch 20, Batch   102] loss: 0.017
Epoch 20/20:
Train Loss: 0.0117, Train Accuracy: 99.37%
Validation Loss: 0.0845, Validation Accuracy: 97.56%
Model saved to models/resnet18-MNIST-random-0.8-2
Modified conv1: updated in_channels to 1.
Modified fc layer: updated out_features to 10.
Initialized untrained model.
resnet18-MNIST-random-0.9-2
[Epoch 1, Batch     2] loss: 0.044
Epoch 1/20:
Train Loss: 0.3644, Train Accuracy: 87.03%
Validation Loss: 0.2914, Validation Accuracy: 91.20%
[Epoch 2, Batch     2] loss: 0.001
Epoch 2/20:
Train Loss: 0.1490, Train Accuracy: 95.46%
Validation Loss: 0.1387, Validation Accuracy: 95.64%
[Epoch 3, Batch     2] loss: 0.001
Epoch 3/20:
Train Loss: 0.1219, Train Accuracy: 96.19%
Validation Loss: 0.1669, Validation Accuracy: 95.23%
[Epoch 4, Batch     2] loss: 0.002
Epoch 4/20:
Train Loss: 0.0745, Train Accuracy: 97.56%
Validation Loss: 0.0888, Validation Accuracy: 97.33%
[Epoch 5, Batch     2] loss: 0.002
Epoch 5/20:
Train Loss: 0.0692, Train Accuracy: 97.83%
Validation Loss: 0.1065, Validation Accuracy: 97.02%
[Epoch 6, Batch     2] loss: 0.001
Epoch 6/20:
Train Loss: 0.0517, Train Accuracy: 98.32%
Validation Loss: 0.1033, Validation Accuracy: 96.89%
[Epoch 7, Batch     2] loss: 0.001
Epoch 7/20:
Train Loss: 0.0631, Train Accuracy: 97.88%
Validation Loss: 0.1221, Validation Accuracy: 96.41%
[Epoch 8, Batch     2] loss: 0.002
Epoch 8/20:
Train Loss: 0.0679, Train Accuracy: 97.80%
Validation Loss: 0.0756, Validation Accuracy: 97.77%
[Epoch 9, Batch     2] loss: 0.000
Epoch 9/20:
Train Loss: 0.0359, Train Accuracy: 98.96%
Validation Loss: 0.1063, Validation Accuracy: 96.95%
[Epoch 10, Batch     2] loss: 0.000
Epoch 10/20:
Train Loss: 0.0224, Train Accuracy: 99.29%
Validation Loss: 0.1226, Validation Accuracy: 96.78%
[Epoch 11, Batch     2] loss: 0.001
Epoch 11/20:
Train Loss: 0.0300, Train Accuracy: 99.04%
Validation Loss: 0.0901, Validation Accuracy: 97.53%
[Epoch 12, Batch     2] loss: 0.001
Epoch 12/20:
Train Loss: 0.0486, Train Accuracy: 98.50%
Validation Loss: 0.1360, Validation Accuracy: 96.40%
[Epoch 13, Batch     2] loss: 0.002
Epoch 13/20:
Train Loss: 0.0493, Train Accuracy: 98.40%
Validation Loss: 0.0734, Validation Accuracy: 97.86%
[Epoch 14, Batch     2] loss: 0.001
Epoch 14/20:
Train Loss: 0.0287, Train Accuracy: 99.08%
Validation Loss: 0.0824, Validation Accuracy: 97.83%
[Epoch 15, Batch     2] loss: 0.000
Epoch 15/20:
Train Loss: 0.0194, Train Accuracy: 99.33%
Validation Loss: 0.0776, Validation Accuracy: 97.83%
[Epoch 16, Batch     2] loss: 0.000
Epoch 16/20:
Train Loss: 0.0142, Train Accuracy: 99.58%
Validation Loss: 0.1155, Validation Accuracy: 97.01%
[Epoch 17, Batch     2] loss: 0.000
Epoch 17/20:
Train Loss: 0.0206, Train Accuracy: 99.45%
Validation Loss: 0.1170, Validation Accuracy: 96.82%
[Epoch 18, Batch     2] loss: 0.001
Epoch 18/20:
Train Loss: 0.0342, Train Accuracy: 98.99%
Validation Loss: 0.1050, Validation Accuracy: 97.36%
[Epoch 19, Batch     2] loss: 0.000
Epoch 19/20:
Train Loss: 0.0152, Train Accuracy: 99.58%
Validation Loss: 0.0605, Validation Accuracy: 98.27%
[Epoch 20, Batch     2] loss: 0.000
Epoch 20/20:
Train Loss: 0.0102, Train Accuracy: 99.73%
Validation Loss: 0.0584, Validation Accuracy: 98.46%
Model saved to models/resnet18-MNIST-random-0.9-2
Modified conv1: updated in_channels to 1.
Modified fc layer: updated out_features to 10.
Initialized untrained model.
resnet18-MNIST-random-0.95-2
[Epoch 1, Batch     2] loss: 0.043
Epoch 1/20:
Train Loss: 0.4475, Train Accuracy: 82.03%
Validation Loss: 0.7013, Validation Accuracy: 80.33%
[Epoch 2, Batch     2] loss: 0.004
Epoch 2/20:
Train Loss: 0.1492, Train Accuracy: 94.94%
Validation Loss: 0.4129, Validation Accuracy: 88.91%
[Epoch 3, Batch     2] loss: 0.002
Epoch 3/20:
Train Loss: 0.1395, Train Accuracy: 95.31%
Validation Loss: 0.1987, Validation Accuracy: 94.36%
[Epoch 4, Batch     2] loss: 0.001
Epoch 4/20:
Train Loss: 0.1388, Train Accuracy: 95.45%
Validation Loss: 0.1736, Validation Accuracy: 94.69%
[Epoch 5, Batch     2] loss: 0.002
Epoch 5/20:
Train Loss: 0.0753, Train Accuracy: 97.69%
Validation Loss: 0.1398, Validation Accuracy: 95.81%
[Epoch 6, Batch     2] loss: 0.001
Epoch 6/20:
Train Loss: 0.0574, Train Accuracy: 98.00%
Validation Loss: 0.2758, Validation Accuracy: 92.63%
[Epoch 7, Batch     2] loss: 0.000
Epoch 7/20:
Train Loss: 0.0310, Train Accuracy: 98.85%
Validation Loss: 0.2111, Validation Accuracy: 94.40%
[Epoch 8, Batch     2] loss: 0.001
Epoch 8/20:
Train Loss: 0.0357, Train Accuracy: 98.64%
Validation Loss: 0.2851, Validation Accuracy: 92.12%
[Epoch 9, Batch     2] loss: 0.000
Epoch 9/20:
Train Loss: 0.0696, Train Accuracy: 97.69%
Validation Loss: 0.7953, Validation Accuracy: 83.63%
[Epoch 10, Batch     2] loss: 0.002
Epoch 10/20:
Train Loss: 0.0715, Train Accuracy: 97.66%
Validation Loss: 0.2571, Validation Accuracy: 92.68%
[Epoch 11, Batch     2] loss: 0.001
Epoch 11/20:
Train Loss: 0.0651, Train Accuracy: 97.93%
Validation Loss: 0.1911, Validation Accuracy: 94.41%
[Epoch 12, Batch     2] loss: 0.000
Epoch 12/20:
Train Loss: 0.0356, Train Accuracy: 98.88%
Validation Loss: 0.1174, Validation Accuracy: 96.67%
[Epoch 13, Batch     2] loss: 0.000
Epoch 13/20:
Train Loss: 0.0407, Train Accuracy: 98.78%
Validation Loss: 0.1717, Validation Accuracy: 95.31%
[Epoch 14, Batch     2] loss: 0.001
Epoch 14/20:
Train Loss: 0.0354, Train Accuracy: 98.81%
Validation Loss: 0.1427, Validation Accuracy: 95.99%
[Epoch 15, Batch     2] loss: 0.000
Epoch 15/20:
Train Loss: 0.0330, Train Accuracy: 98.85%
Validation Loss: 0.1295, Validation Accuracy: 96.33%
[Epoch 16, Batch     2] loss: 0.000
Epoch 16/20:
Train Loss: 0.0232, Train Accuracy: 99.22%
Validation Loss: 0.1639, Validation Accuracy: 95.55%
[Epoch 17, Batch     2] loss: 0.000
Epoch 17/20:
Train Loss: 0.0129, Train Accuracy: 99.52%
Validation Loss: 0.1153, Validation Accuracy: 97.02%
[Epoch 18, Batch     2] loss: 0.000
Epoch 18/20:
Train Loss: 0.0231, Train Accuracy: 99.29%
Validation Loss: 0.3561, Validation Accuracy: 91.84%
[Epoch 19, Batch     2] loss: 0.001
Epoch 19/20:
Train Loss: 0.0239, Train Accuracy: 99.08%
Validation Loss: 0.1147, Validation Accuracy: 96.97%
[Epoch 20, Batch     2] loss: 0.001
Epoch 20/20:
Train Loss: 0.0122, Train Accuracy: 99.63%
Validation Loss: 0.1139, Validation Accuracy: 97.10%
Model saved to models/resnet18-MNIST-random-0.95-2
Modified conv1: updated in_channels to 1.
Modified fc layer: updated out_features to 10.
Loaded weights from file: models/resnet18_MNIST_2
Modified conv1: updated in_channels to 1.
Modified fc layer: updated out_features to 10.
Initialized untrained model.
resnet18-MNIST-predictive_entropy-balanced_by_score-0.3-2
[Epoch 1, Batch     2] loss: 0.044
[Epoch 1, Batch   102] loss: 0.332
[Epoch 1, Batch   202] loss: 0.162
[Epoch 1, Batch   302] loss: 0.141
[Epoch 1, Batch   402] loss: 0.129
[Epoch 1, Batch   502] loss: 0.098
[Epoch 1, Batch   602] loss: 0.124
Epoch 1/20:
Train Loss: 0.0077, Train Accuracy: 94.86%
Validation Loss: 0.0746, Validation Accuracy: 97.71%
[Epoch 2, Batch     2] loss: 0.001
[Epoch 2, Batch   102] loss: 0.063
[Epoch 2, Batch   202] loss: 0.079
[Epoch 2, Batch   302] loss: 0.081
[Epoch 2, Batch   402] loss: 0.081
[Epoch 2, Batch   502] loss: 0.068
[Epoch 2, Batch   602] loss: 0.080
Epoch 2/20:
Train Loss: 0.0047, Train Accuracy: 97.73%
Validation Loss: 0.0449, Validation Accuracy: 98.60%
[Epoch 3, Batch     2] loss: 0.001
[Epoch 3, Batch   102] loss: 0.052
[Epoch 3, Batch   202] loss: 0.062
[Epoch 3, Batch   302] loss: 0.054
[Epoch 3, Batch   402] loss: 0.065
[Epoch 3, Batch   502] loss: 0.072
[Epoch 3, Batch   602] loss: 0.060
Epoch 3/20:
Train Loss: 0.0043, Train Accuracy: 98.16%
Validation Loss: 0.0767, Validation Accuracy: 97.69%
[Epoch 4, Batch     2] loss: 0.000
[Epoch 4, Batch   102] loss: 0.045
[Epoch 4, Batch   202] loss: 0.052
[Epoch 4, Batch   302] loss: 0.047
[Epoch 4, Batch   402] loss: 0.058
[Epoch 4, Batch   502] loss: 0.044
[Epoch 4, Batch   602] loss: 0.057
Epoch 4/20:
Train Loss: 0.0040, Train Accuracy: 98.48%
Validation Loss: 0.0435, Validation Accuracy: 98.66%
[Epoch 5, Batch     2] loss: 0.001
[Epoch 5, Batch   102] loss: 0.043
[Epoch 5, Batch   202] loss: 0.044
[Epoch 5, Batch   302] loss: 0.036
[Epoch 5, Batch   402] loss: 0.049
[Epoch 5, Batch   502] loss: 0.054
[Epoch 5, Batch   602] loss: 0.055
Epoch 5/20:
Train Loss: 0.0042, Train Accuracy: 98.60%
Validation Loss: 0.1674, Validation Accuracy: 94.99%
[Epoch 6, Batch     2] loss: 0.001
[Epoch 6, Batch   102] loss: 0.028
[Epoch 6, Batch   202] loss: 0.039
[Epoch 6, Batch   302] loss: 0.048
[Epoch 6, Batch   402] loss: 0.050
[Epoch 6, Batch   502] loss: 0.049
[Epoch 6, Batch   602] loss: 0.040
Epoch 6/20:
Train Loss: 0.0035, Train Accuracy: 98.80%
Validation Loss: 0.0311, Validation Accuracy: 99.14%
[Epoch 7, Batch     2] loss: 0.000
[Epoch 7, Batch   102] loss: 0.031
[Epoch 7, Batch   202] loss: 0.034
[Epoch 7, Batch   302] loss: 0.034
[Epoch 7, Batch   402] loss: 0.041
[Epoch 7, Batch   502] loss: 0.047
[Epoch 7, Batch   602] loss: 0.041
Epoch 7/20:
Train Loss: 0.0033, Train Accuracy: 98.81%
Validation Loss: 0.0505, Validation Accuracy: 98.53%
[Epoch 8, Batch     2] loss: 0.000
[Epoch 8, Batch   102] loss: 0.025
[Epoch 8, Batch   202] loss: 0.025
[Epoch 8, Batch   302] loss: 0.029
[Epoch 8, Batch   402] loss: 0.053
[Epoch 8, Batch   502] loss: 0.030
[Epoch 8, Batch   602] loss: 0.033
Epoch 8/20:
Train Loss: 0.0035, Train Accuracy: 99.04%
Validation Loss: 0.0532, Validation Accuracy: 98.41%
[Epoch 9, Batch     2] loss: 0.000
[Epoch 9, Batch   102] loss: 0.029
[Epoch 9, Batch   202] loss: 0.040
[Epoch 9, Batch   302] loss: 0.030
[Epoch 9, Batch   402] loss: 0.025
[Epoch 9, Batch   502] loss: 0.033
[Epoch 9, Batch   602] loss: 0.035
Epoch 9/20:
Train Loss: 0.0029, Train Accuracy: 99.06%
Validation Loss: 0.0321, Validation Accuracy: 99.05%
[Epoch 10, Batch     2] loss: 0.001
[Epoch 10, Batch   102] loss: 0.015
[Epoch 10, Batch   202] loss: 0.034
[Epoch 10, Batch   302] loss: 0.031
[Epoch 10, Batch   402] loss: 0.034
[Epoch 10, Batch   502] loss: 0.026
[Epoch 10, Batch   602] loss: 0.024
Epoch 10/20:
Train Loss: 0.0031, Train Accuracy: 99.17%
Validation Loss: 0.0726, Validation Accuracy: 97.90%
[Epoch 11, Batch     2] loss: 0.000
[Epoch 11, Batch   102] loss: 0.025
[Epoch 11, Batch   202] loss: 0.027
[Epoch 11, Batch   302] loss: 0.034
[Epoch 11, Batch   402] loss: 0.025
[Epoch 11, Batch   502] loss: 0.027
[Epoch 11, Batch   602] loss: 0.028
Epoch 11/20:
Train Loss: 0.0027, Train Accuracy: 99.16%
Validation Loss: 0.0342, Validation Accuracy: 98.95%
[Epoch 12, Batch     2] loss: 0.000
[Epoch 12, Batch   102] loss: 0.018
[Epoch 12, Batch   202] loss: 0.024
[Epoch 12, Batch   302] loss: 0.030
[Epoch 12, Batch   402] loss: 0.029
[Epoch 12, Batch   502] loss: 0.024
[Epoch 12, Batch   602] loss: 0.027
Epoch 12/20:
Train Loss: 0.0027, Train Accuracy: 99.18%
Validation Loss: 0.0347, Validation Accuracy: 98.94%
[Epoch 13, Batch     2] loss: 0.000
[Epoch 13, Batch   102] loss: 0.019
[Epoch 13, Batch   202] loss: 0.017
[Epoch 13, Batch   302] loss: 0.028
[Epoch 13, Batch   402] loss: 0.021
[Epoch 13, Batch   502] loss: 0.022
[Epoch 13, Batch   602] loss: 0.027
Epoch 13/20:
Train Loss: 0.0027, Train Accuracy: 99.29%
Validation Loss: 0.0488, Validation Accuracy: 98.69%
[Epoch 14, Batch     2] loss: 0.001
[Epoch 14, Batch   102] loss: 0.020
[Epoch 14, Batch   202] loss: 0.019
[Epoch 14, Batch   302] loss: 0.016
[Epoch 14, Batch   402] loss: 0.030
[Epoch 14, Batch   502] loss: 0.021
[Epoch 14, Batch   602] loss: 0.023
Epoch 14/20:
Train Loss: 0.0019, Train Accuracy: 99.27%
Validation Loss: 0.0327, Validation Accuracy: 98.99%
[Epoch 15, Batch     2] loss: 0.000
[Epoch 15, Batch   102] loss: 0.025
[Epoch 15, Batch   202] loss: 0.018
[Epoch 15, Batch   302] loss: 0.024
[Epoch 15, Batch   402] loss: 0.016
[Epoch 15, Batch   502] loss: 0.017
[Epoch 15, Batch   602] loss: 0.025
Epoch 15/20:
Train Loss: 0.0022, Train Accuracy: 99.35%
Validation Loss: 0.0567, Validation Accuracy: 98.41%
[Epoch 16, Batch     2] loss: 0.000
[Epoch 16, Batch   102] loss: 0.015
[Epoch 16, Batch   202] loss: 0.013
[Epoch 16, Batch   302] loss: 0.018
[Epoch 16, Batch   402] loss: 0.019
[Epoch 16, Batch   502] loss: 0.026
[Epoch 16, Batch   602] loss: 0.018
Epoch 16/20:
Train Loss: 0.0018, Train Accuracy: 99.43%
Validation Loss: 0.0410, Validation Accuracy: 98.78%
[Epoch 17, Batch     2] loss: 0.000
[Epoch 17, Batch   102] loss: 0.018
[Epoch 17, Batch   202] loss: 0.021
[Epoch 17, Batch   302] loss: 0.010
[Epoch 17, Batch   402] loss: 0.015
[Epoch 17, Batch   502] loss: 0.027
[Epoch 17, Batch   602] loss: 0.024
Epoch 17/20:
Train Loss: 0.0023, Train Accuracy: 99.44%
Validation Loss: 0.0432, Validation Accuracy: 98.69%
[Epoch 18, Batch     2] loss: 0.001
[Epoch 18, Batch   102] loss: 0.018
[Epoch 18, Batch   202] loss: 0.012
[Epoch 18, Batch   302] loss: 0.018
[Epoch 18, Batch   402] loss: 0.016
[Epoch 18, Batch   502] loss: 0.016
[Epoch 18, Batch   602] loss: 0.017
Epoch 18/20:
Train Loss: 0.0010, Train Accuracy: 99.52%
Validation Loss: 0.0479, Validation Accuracy: 98.64%
[Epoch 19, Batch     2] loss: 0.000
[Epoch 19, Batch   102] loss: 0.011
[Epoch 19, Batch   202] loss: 0.015
[Epoch 19, Batch   302] loss: 0.019
[Epoch 19, Batch   402] loss: 0.030
[Epoch 19, Batch   502] loss: 0.017
[Epoch 19, Batch   602] loss: 0.025
Epoch 19/20:
Train Loss: 0.0018, Train Accuracy: 99.48%
Validation Loss: 0.0315, Validation Accuracy: 99.12%
[Epoch 20, Batch     2] loss: 0.000
[Epoch 20, Batch   102] loss: 0.016
[Epoch 20, Batch   202] loss: 0.013
[Epoch 20, Batch   302] loss: 0.011
[Epoch 20, Batch   402] loss: 0.021
[Epoch 20, Batch   502] loss: 0.016
[Epoch 20, Batch   602] loss: 0.018
Epoch 20/20:
Train Loss: 0.0022, Train Accuracy: 99.47%
Validation Loss: 0.0412, Validation Accuracy: 98.75%
Model saved to models/resnet18-MNIST-predictive_entropy-balanced_by_score-0.3-2
Modified conv1: updated in_channels to 1.
Modified fc layer: updated out_features to 10.
Initialized untrained model.
resnet18-MNIST-predictive_entropy-balanced_by_score-0.5-2
[Epoch 1, Batch     2] loss: 0.043
[Epoch 1, Batch   102] loss: 0.365
[Epoch 1, Batch   202] loss: 0.174
[Epoch 1, Batch   302] loss: 0.159
[Epoch 1, Batch   402] loss: 0.131
Epoch 1/20:
Train Loss: 0.0144, Train Accuracy: 93.83%
Validation Loss: 0.0769, Validation Accuracy: 97.61%
[Epoch 2, Batch     2] loss: 0.001
[Epoch 2, Batch   102] loss: 0.103
[Epoch 2, Batch   202] loss: 0.091
[Epoch 2, Batch   302] loss: 0.103
[Epoch 2, Batch   402] loss: 0.078
Epoch 2/20:
Train Loss: 0.0103, Train Accuracy: 97.23%
Validation Loss: 0.0543, Validation Accuracy: 98.20%
[Epoch 3, Batch     2] loss: 0.002
[Epoch 3, Batch   102] loss: 0.058
[Epoch 3, Batch   202] loss: 0.065
[Epoch 3, Batch   302] loss: 0.064
[Epoch 3, Batch   402] loss: 0.057
Epoch 3/20:
Train Loss: 0.0093, Train Accuracy: 98.14%
Validation Loss: 0.1187, Validation Accuracy: 96.43%
[Epoch 4, Batch     2] loss: 0.001
[Epoch 4, Batch   102] loss: 0.058
[Epoch 4, Batch   202] loss: 0.059
[Epoch 4, Batch   302] loss: 0.065
[Epoch 4, Batch   402] loss: 0.053
Epoch 4/20:
Train Loss: 0.0078, Train Accuracy: 98.17%
Validation Loss: 0.0627, Validation Accuracy: 97.90%
[Epoch 5, Batch     2] loss: 0.001
[Epoch 5, Batch   102] loss: 0.042
[Epoch 5, Batch   202] loss: 0.052
[Epoch 5, Batch   302] loss: 0.041
[Epoch 5, Batch   402] loss: 0.042
Epoch 5/20:
Train Loss: 0.0074, Train Accuracy: 98.62%
Validation Loss: 0.0746, Validation Accuracy: 97.79%
[Epoch 6, Batch     2] loss: 0.001
[Epoch 6, Batch   102] loss: 0.051
[Epoch 6, Batch   202] loss: 0.039
[Epoch 6, Batch   302] loss: 0.046
[Epoch 6, Batch   402] loss: 0.039
Epoch 6/20:
Train Loss: 0.0090, Train Accuracy: 98.59%
Validation Loss: 0.0531, Validation Accuracy: 98.36%
[Epoch 7, Batch     2] loss: 0.001
[Epoch 7, Batch   102] loss: 0.029
[Epoch 7, Batch   202] loss: 0.038
[Epoch 7, Batch   302] loss: 0.046
[Epoch 7, Batch   402] loss: 0.051
Epoch 7/20:
Train Loss: 0.0050, Train Accuracy: 98.80%
Validation Loss: 0.0529, Validation Accuracy: 98.52%
[Epoch 8, Batch     2] loss: 0.001
[Epoch 8, Batch   102] loss: 0.030
[Epoch 8, Batch   202] loss: 0.034
[Epoch 8, Batch   302] loss: 0.043
[Epoch 8, Batch   402] loss: 0.038
Epoch 8/20:
Train Loss: 0.0059, Train Accuracy: 98.87%
Validation Loss: 0.0580, Validation Accuracy: 98.37%
[Epoch 9, Batch     2] loss: 0.001
[Epoch 9, Batch   102] loss: 0.030
[Epoch 9, Batch   202] loss: 0.030
[Epoch 9, Batch   302] loss: 0.042
[Epoch 9, Batch   402] loss: 0.030
Epoch 9/20:
Train Loss: 0.0055, Train Accuracy: 98.96%
Validation Loss: 0.0416, Validation Accuracy: 98.80%
[Epoch 10, Batch     2] loss: 0.001
[Epoch 10, Batch   102] loss: 0.019
[Epoch 10, Batch   202] loss: 0.021
[Epoch 10, Batch   302] loss: 0.036
[Epoch 10, Batch   402] loss: 0.038
Epoch 10/20:
Train Loss: 0.0040, Train Accuracy: 99.09%
Validation Loss: 0.0510, Validation Accuracy: 98.51%
[Epoch 11, Batch     2] loss: 0.002
[Epoch 11, Batch   102] loss: 0.020
[Epoch 11, Batch   202] loss: 0.036
[Epoch 11, Batch   302] loss: 0.036
[Epoch 11, Batch   402] loss: 0.024
Epoch 11/20:
Train Loss: 0.0048, Train Accuracy: 99.06%
Validation Loss: 0.0370, Validation Accuracy: 98.94%
[Epoch 12, Batch     2] loss: 0.000
[Epoch 12, Batch   102] loss: 0.028
[Epoch 12, Batch   202] loss: 0.022
[Epoch 12, Batch   302] loss: 0.032
[Epoch 12, Batch   402] loss: 0.038
Epoch 12/20:
Train Loss: 0.0040, Train Accuracy: 99.06%
Validation Loss: 0.0364, Validation Accuracy: 98.86%
[Epoch 13, Batch     2] loss: 0.000
[Epoch 13, Batch   102] loss: 0.020
[Epoch 13, Batch   202] loss: 0.020
[Epoch 13, Batch   302] loss: 0.032
[Epoch 13, Batch   402] loss: 0.020
Epoch 13/20:
Train Loss: 0.0054, Train Accuracy: 99.24%
Validation Loss: 0.0492, Validation Accuracy: 98.61%
[Epoch 14, Batch     2] loss: 0.001
[Epoch 14, Batch   102] loss: 0.014
[Epoch 14, Batch   202] loss: 0.031
[Epoch 14, Batch   302] loss: 0.024
[Epoch 14, Batch   402] loss: 0.028
Epoch 14/20:
Train Loss: 0.0057, Train Accuracy: 99.18%
Validation Loss: 0.0513, Validation Accuracy: 98.50%
[Epoch 15, Batch     2] loss: 0.000
[Epoch 15, Batch   102] loss: 0.023
[Epoch 15, Batch   202] loss: 0.029
[Epoch 15, Batch   302] loss: 0.025
[Epoch 15, Batch   402] loss: 0.025
Epoch 15/20:
Train Loss: 0.0031, Train Accuracy: 99.26%
Validation Loss: 0.0553, Validation Accuracy: 98.27%
[Epoch 16, Batch     2] loss: 0.001
[Epoch 16, Batch   102] loss: 0.014
[Epoch 16, Batch   202] loss: 0.024
[Epoch 16, Batch   302] loss: 0.018
[Epoch 16, Batch   402] loss: 0.020
Epoch 16/20:
Train Loss: 0.0039, Train Accuracy: 99.44%
Validation Loss: 0.0572, Validation Accuracy: 98.32%
[Epoch 17, Batch     2] loss: 0.000
[Epoch 17, Batch   102] loss: 0.020
[Epoch 17, Batch   202] loss: 0.020
[Epoch 17, Batch   302] loss: 0.025
[Epoch 17, Batch   402] loss: 0.030
Epoch 17/20:
Train Loss: 0.0039, Train Accuracy: 99.25%
Validation Loss: 0.0524, Validation Accuracy: 98.52%
[Epoch 18, Batch     2] loss: 0.000
[Epoch 18, Batch   102] loss: 0.024
[Epoch 18, Batch   202] loss: 0.022
[Epoch 18, Batch   302] loss: 0.018
[Epoch 18, Batch   402] loss: 0.014
Epoch 18/20:
Train Loss: 0.0024, Train Accuracy: 99.44%
Validation Loss: 0.0425, Validation Accuracy: 98.83%
[Epoch 19, Batch     2] loss: 0.000
[Epoch 19, Batch   102] loss: 0.019
[Epoch 19, Batch   202] loss: 0.014
[Epoch 19, Batch   302] loss: 0.032
[Epoch 19, Batch   402] loss: 0.016
Epoch 19/20:
Train Loss: 0.0026, Train Accuracy: 99.34%
Validation Loss: 0.0480, Validation Accuracy: 98.77%
[Epoch 20, Batch     2] loss: 0.001
[Epoch 20, Batch   102] loss: 0.012
[Epoch 20, Batch   202] loss: 0.016
[Epoch 20, Batch   302] loss: 0.017
[Epoch 20, Batch   402] loss: 0.020
Epoch 20/20:
Train Loss: 0.0023, Train Accuracy: 99.54%
Validation Loss: 0.0353, Validation Accuracy: 99.00%
Model saved to models/resnet18-MNIST-predictive_entropy-balanced_by_score-0.5-2
Modified conv1: updated in_channels to 1.
Modified fc layer: updated out_features to 10.
Initialized untrained model.
resnet18-MNIST-predictive_entropy-balanced_by_score-0.7-2
[Epoch 1, Batch     2] loss: 0.043
[Epoch 1, Batch   102] loss: 0.333
[Epoch 1, Batch   202] loss: 0.162
Epoch 1/20:
Train Loss: 0.0482, Train Accuracy: 92.70%
Validation Loss: 0.0995, Validation Accuracy: 97.00%
[Epoch 2, Batch     2] loss: 0.001
[Epoch 2, Batch   102] loss: 0.115
[Epoch 2, Batch   202] loss: 0.106
Epoch 2/20:
Train Loss: 0.0289, Train Accuracy: 96.79%
Validation Loss: 0.0855, Validation Accuracy: 97.33%
[Epoch 3, Batch     2] loss: 0.002
[Epoch 3, Batch   102] loss: 0.055
[Epoch 3, Batch   202] loss: 0.098
Epoch 3/20:
Train Loss: 0.0221, Train Accuracy: 97.60%
Validation Loss: 0.0626, Validation Accuracy: 98.04%
[Epoch 4, Batch     2] loss: 0.003
[Epoch 4, Batch   102] loss: 0.069
[Epoch 4, Batch   202] loss: 0.062
Epoch 4/20:
Train Loss: 0.0200, Train Accuracy: 98.00%
Validation Loss: 0.0770, Validation Accuracy: 97.64%
[Epoch 5, Batch     2] loss: 0.000
[Epoch 5, Batch   102] loss: 0.055
[Epoch 5, Batch   202] loss: 0.049
Epoch 5/20:
Train Loss: 0.0143, Train Accuracy: 98.48%
Validation Loss: 0.0869, Validation Accuracy: 97.22%
[Epoch 6, Batch     2] loss: 0.000
[Epoch 6, Batch   102] loss: 0.046
[Epoch 6, Batch   202] loss: 0.039
Epoch 6/20:
Train Loss: 0.0116, Train Accuracy: 98.70%
Validation Loss: 0.0806, Validation Accuracy: 97.48%
[Epoch 7, Batch     2] loss: 0.001
[Epoch 7, Batch   102] loss: 0.033
[Epoch 7, Batch   202] loss: 0.051
Epoch 7/20:
Train Loss: 0.0127, Train Accuracy: 98.68%
Validation Loss: 0.0455, Validation Accuracy: 98.67%
[Epoch 8, Batch     2] loss: 0.000
[Epoch 8, Batch   102] loss: 0.030
[Epoch 8, Batch   202] loss: 0.036
Epoch 8/20:
Train Loss: 0.0104, Train Accuracy: 98.92%
Validation Loss: 0.0521, Validation Accuracy: 98.62%
[Epoch 9, Batch     2] loss: 0.000
[Epoch 9, Batch   102] loss: 0.027
[Epoch 9, Batch   202] loss: 0.041
Epoch 9/20:
Train Loss: 0.0106, Train Accuracy: 98.92%
Validation Loss: 0.0660, Validation Accuracy: 98.15%
[Epoch 10, Batch     2] loss: 0.001
[Epoch 10, Batch   102] loss: 0.029
[Epoch 10, Batch   202] loss: 0.032
Epoch 10/20:
Train Loss: 0.0088, Train Accuracy: 99.02%
Validation Loss: 0.0680, Validation Accuracy: 97.91%
[Epoch 11, Batch     2] loss: 0.000
[Epoch 11, Batch   102] loss: 0.037
[Epoch 11, Batch   202] loss: 0.025
Epoch 11/20:
Train Loss: 0.0081, Train Accuracy: 99.10%
Validation Loss: 0.0636, Validation Accuracy: 98.22%
[Epoch 12, Batch     2] loss: 0.000
[Epoch 12, Batch   102] loss: 0.029
[Epoch 12, Batch   202] loss: 0.032
Epoch 12/20:
Train Loss: 0.0098, Train Accuracy: 99.02%
Validation Loss: 0.0459, Validation Accuracy: 98.69%
[Epoch 13, Batch     2] loss: 0.001
[Epoch 13, Batch   102] loss: 0.022
[Epoch 13, Batch   202] loss: 0.023
Epoch 13/20:
Train Loss: 0.0068, Train Accuracy: 99.27%
Validation Loss: 0.0577, Validation Accuracy: 98.25%
[Epoch 14, Batch     2] loss: 0.000
[Epoch 14, Batch   102] loss: 0.017
[Epoch 14, Batch   202] loss: 0.029
Epoch 14/20:
Train Loss: 0.0110, Train Accuracy: 99.14%
Validation Loss: 0.0779, Validation Accuracy: 97.92%
[Epoch 15, Batch     2] loss: 0.000
[Epoch 15, Batch   102] loss: 0.015
[Epoch 15, Batch   202] loss: 0.023
Epoch 15/20:
Train Loss: 0.0101, Train Accuracy: 99.25%
Validation Loss: 0.0688, Validation Accuracy: 98.27%
[Epoch 16, Batch     2] loss: 0.001
[Epoch 16, Batch   102] loss: 0.023
[Epoch 16, Batch   202] loss: 0.025
Epoch 16/20:
Train Loss: 0.0064, Train Accuracy: 99.23%
Validation Loss: 0.0452, Validation Accuracy: 98.73%
[Epoch 17, Batch     2] loss: 0.000
[Epoch 17, Batch   102] loss: 0.021
[Epoch 17, Batch   202] loss: 0.018
Epoch 17/20:
Train Loss: 0.0066, Train Accuracy: 99.44%
Validation Loss: 0.0503, Validation Accuracy: 98.51%
[Epoch 18, Batch     2] loss: 0.000
[Epoch 18, Batch   102] loss: 0.017
[Epoch 18, Batch   202] loss: 0.024
Epoch 18/20:
Train Loss: 0.0081, Train Accuracy: 99.24%
Validation Loss: 0.0488, Validation Accuracy: 98.62%
[Epoch 19, Batch     2] loss: 0.001
[Epoch 19, Batch   102] loss: 0.015
[Epoch 19, Batch   202] loss: 0.031
Epoch 19/20:
Train Loss: 0.0101, Train Accuracy: 99.18%
Validation Loss: 0.0491, Validation Accuracy: 98.57%
[Epoch 20, Batch     2] loss: 0.000
[Epoch 20, Batch   102] loss: 0.020
[Epoch 20, Batch   202] loss: 0.016
Epoch 20/20:
Train Loss: 0.0091, Train Accuracy: 99.36%
Validation Loss: 0.0508, Validation Accuracy: 98.48%
Model saved to models/resnet18-MNIST-predictive_entropy-balanced_by_score-0.7-2
Modified conv1: updated in_channels to 1.
Modified fc layer: updated out_features to 10.
Initialized untrained model.
resnet18-MNIST-predictive_entropy-balanced_by_score-0.8-2
[Epoch 1, Batch     2] loss: 0.040
[Epoch 1, Batch   102] loss: 0.346
Epoch 1/20:
Train Loss: 0.0792, Train Accuracy: 90.94%
Validation Loss: 0.1909, Validation Accuracy: 94.12%
[Epoch 2, Batch     2] loss: 0.003
[Epoch 2, Batch   102] loss: 0.113
Epoch 2/20:
Train Loss: 0.0575, Train Accuracy: 96.43%
Validation Loss: 0.1767, Validation Accuracy: 94.67%
[Epoch 3, Batch     2] loss: 0.003
[Epoch 3, Batch   102] loss: 0.087
Epoch 3/20:
Train Loss: 0.0373, Train Accuracy: 97.22%
Validation Loss: 0.0866, Validation Accuracy: 97.25%
[Epoch 4, Batch     2] loss: 0.002
[Epoch 4, Batch   102] loss: 0.071
Epoch 4/20:
Train Loss: 0.0324, Train Accuracy: 97.86%
Validation Loss: 0.0966, Validation Accuracy: 97.15%
[Epoch 5, Batch     2] loss: 0.002
[Epoch 5, Batch   102] loss: 0.063
Epoch 5/20:
Train Loss: 0.0224, Train Accuracy: 98.27%
Validation Loss: 0.1183, Validation Accuracy: 96.49%
[Epoch 6, Batch     2] loss: 0.000
[Epoch 6, Batch   102] loss: 0.052
Epoch 6/20:
Train Loss: 0.0234, Train Accuracy: 98.42%
Validation Loss: 0.0933, Validation Accuracy: 97.30%
[Epoch 7, Batch     2] loss: 0.000
[Epoch 7, Batch   102] loss: 0.050
Epoch 7/20:
Train Loss: 0.0188, Train Accuracy: 98.52%
Validation Loss: 0.0794, Validation Accuracy: 97.60%
[Epoch 8, Batch     2] loss: 0.001
[Epoch 8, Batch   102] loss: 0.040
Epoch 8/20:
Train Loss: 0.0219, Train Accuracy: 98.55%
Validation Loss: 0.0721, Validation Accuracy: 97.80%
[Epoch 9, Batch     2] loss: 0.001
[Epoch 9, Batch   102] loss: 0.030
Epoch 9/20:
Train Loss: 0.0196, Train Accuracy: 98.83%
Validation Loss: 0.0855, Validation Accuracy: 97.50%
[Epoch 10, Batch     2] loss: 0.001
[Epoch 10, Batch   102] loss: 0.030
Epoch 10/20:
Train Loss: 0.0170, Train Accuracy: 98.94%
Validation Loss: 0.0802, Validation Accuracy: 97.69%
[Epoch 11, Batch     2] loss: 0.000
[Epoch 11, Batch   102] loss: 0.024
Epoch 11/20:
Train Loss: 0.0122, Train Accuracy: 99.15%
Validation Loss: 0.0760, Validation Accuracy: 97.84%
[Epoch 12, Batch     2] loss: 0.000
[Epoch 12, Batch   102] loss: 0.021
Epoch 12/20:
Train Loss: 0.0110, Train Accuracy: 99.36%
Validation Loss: 0.0848, Validation Accuracy: 97.54%
[Epoch 13, Batch     2] loss: 0.001
[Epoch 13, Batch   102] loss: 0.023
Epoch 13/20:
Train Loss: 0.0141, Train Accuracy: 99.03%
Validation Loss: 0.1541, Validation Accuracy: 95.50%
[Epoch 14, Batch     2] loss: 0.003
[Epoch 14, Batch   102] loss: 0.037
Epoch 14/20:
Train Loss: 0.0136, Train Accuracy: 98.91%
Validation Loss: 0.0765, Validation Accuracy: 97.71%
[Epoch 15, Batch     2] loss: 0.001
[Epoch 15, Batch   102] loss: 0.024
Epoch 15/20:
Train Loss: 0.0150, Train Accuracy: 99.12%
Validation Loss: 0.0525, Validation Accuracy: 98.37%
[Epoch 16, Batch     2] loss: 0.000
[Epoch 16, Batch   102] loss: 0.020
Epoch 16/20:
Train Loss: 0.0116, Train Accuracy: 99.26%
Validation Loss: 0.1288, Validation Accuracy: 96.51%
[Epoch 17, Batch     2] loss: 0.001
[Epoch 17, Batch   102] loss: 0.012
Epoch 17/20:
Train Loss: 0.0100, Train Accuracy: 99.39%
Validation Loss: 0.1052, Validation Accuracy: 97.07%
[Epoch 18, Batch     2] loss: 0.001
[Epoch 18, Batch   102] loss: 0.017
Epoch 18/20:
Train Loss: 0.0128, Train Accuracy: 99.30%
Validation Loss: 0.0675, Validation Accuracy: 98.03%
[Epoch 19, Batch     2] loss: 0.001
[Epoch 19, Batch   102] loss: 0.017
Epoch 19/20:
Train Loss: 0.0121, Train Accuracy: 99.39%
Validation Loss: 0.1134, Validation Accuracy: 96.61%
[Epoch 20, Batch     2] loss: 0.000
[Epoch 20, Batch   102] loss: 0.021
Epoch 20/20:
Train Loss: 0.0082, Train Accuracy: 99.38%
Validation Loss: 0.0553, Validation Accuracy: 98.55%
Model saved to models/resnet18-MNIST-predictive_entropy-balanced_by_score-0.8-2
Modified conv1: updated in_channels to 1.
Modified fc layer: updated out_features to 10.
Initialized untrained model.
resnet18-MNIST-predictive_entropy-balanced_by_score-0.9-2
[Epoch 1, Batch     2] loss: 0.042
Epoch 1/20:
Train Loss: 0.3426, Train Accuracy: 87.28%
Validation Loss: 0.1633, Validation Accuracy: 94.87%
[Epoch 2, Batch     2] loss: 0.003
Epoch 2/20:
Train Loss: 0.1378, Train Accuracy: 95.41%
Validation Loss: 0.3441, Validation Accuracy: 90.40%
[Epoch 3, Batch     2] loss: 0.002
Epoch 3/20:
Train Loss: 0.0867, Train Accuracy: 97.49%
Validation Loss: 0.1356, Validation Accuracy: 95.67%
[Epoch 4, Batch     2] loss: 0.001
Epoch 4/20:
Train Loss: 0.0621, Train Accuracy: 97.88%
Validation Loss: 0.2397, Validation Accuracy: 93.42%
[Epoch 5, Batch     2] loss: 0.002
Epoch 5/20:
Train Loss: 0.0842, Train Accuracy: 97.38%
Validation Loss: 0.1183, Validation Accuracy: 96.26%
[Epoch 6, Batch     2] loss: 0.002
Epoch 6/20:
Train Loss: 0.0532, Train Accuracy: 98.27%
Validation Loss: 0.1399, Validation Accuracy: 95.92%
[Epoch 7, Batch     2] loss: 0.001
Epoch 7/20:
Train Loss: 0.0530, Train Accuracy: 98.32%
Validation Loss: 0.0962, Validation Accuracy: 97.14%
[Epoch 8, Batch     2] loss: 0.001
Epoch 8/20:
Train Loss: 0.0393, Train Accuracy: 98.71%
Validation Loss: 0.1061, Validation Accuracy: 97.01%
[Epoch 9, Batch     2] loss: 0.000
Epoch 9/20:
Train Loss: 0.0448, Train Accuracy: 98.54%
Validation Loss: 0.1713, Validation Accuracy: 95.60%
[Epoch 10, Batch     2] loss: 0.001
Epoch 10/20:
Train Loss: 0.0304, Train Accuracy: 99.05%
Validation Loss: 0.0929, Validation Accuracy: 97.29%
[Epoch 11, Batch     2] loss: 0.001
Epoch 11/20:
Train Loss: 0.0315, Train Accuracy: 98.88%
Validation Loss: 0.1396, Validation Accuracy: 96.27%
[Epoch 12, Batch     2] loss: 0.000
Epoch 12/20:
Train Loss: 0.0271, Train Accuracy: 99.17%
Validation Loss: 0.1175, Validation Accuracy: 97.02%
[Epoch 13, Batch     2] loss: 0.000
Epoch 13/20:
Train Loss: 0.0278, Train Accuracy: 99.12%
Validation Loss: 0.2147, Validation Accuracy: 94.88%
[Epoch 14, Batch     2] loss: 0.001
Epoch 14/20:
Train Loss: 0.0395, Train Accuracy: 98.79%
Validation Loss: 0.1192, Validation Accuracy: 96.84%
[Epoch 15, Batch     2] loss: 0.001
Epoch 15/20:
Train Loss: 0.0184, Train Accuracy: 99.44%
Validation Loss: 0.0687, Validation Accuracy: 97.99%
[Epoch 16, Batch     2] loss: 0.000
Epoch 16/20:
Train Loss: 0.0216, Train Accuracy: 99.22%
Validation Loss: 0.1629, Validation Accuracy: 95.91%
[Epoch 17, Batch     2] loss: 0.002
Epoch 17/20:
Train Loss: 0.0261, Train Accuracy: 99.10%
Validation Loss: 0.0983, Validation Accuracy: 97.41%
[Epoch 18, Batch     2] loss: 0.000
Epoch 18/20:
Train Loss: 0.0197, Train Accuracy: 99.47%
Validation Loss: 0.1196, Validation Accuracy: 96.93%
[Epoch 19, Batch     2] loss: 0.000
Epoch 19/20:
Train Loss: 0.0205, Train Accuracy: 99.30%
Validation Loss: 0.1355, Validation Accuracy: 96.50%
[Epoch 20, Batch     2] loss: 0.002
Epoch 20/20:
Train Loss: 0.0166, Train Accuracy: 99.41%
Validation Loss: 0.0701, Validation Accuracy: 98.05%
Model saved to models/resnet18-MNIST-predictive_entropy-balanced_by_score-0.9-2
Modified conv1: updated in_channels to 1.
Modified fc layer: updated out_features to 10.
Initialized untrained model.
resnet18-MNIST-predictive_entropy-balanced_by_score-0.95-2
[Epoch 1, Batch     2] loss: 0.041
Epoch 1/20:
Train Loss: 0.4395, Train Accuracy: 83.46%
Validation Loss: 0.4775, Validation Accuracy: 85.33%
[Epoch 2, Batch     2] loss: 0.004
Epoch 2/20:
Train Loss: 0.1899, Train Accuracy: 93.72%
Validation Loss: 0.3248, Validation Accuracy: 89.92%
[Epoch 3, Batch     2] loss: 0.001
Epoch 3/20:
Train Loss: 0.0852, Train Accuracy: 97.08%
Validation Loss: 0.1985, Validation Accuracy: 94.15%
[Epoch 4, Batch     2] loss: 0.001
Epoch 4/20:
Train Loss: 0.0879, Train Accuracy: 97.18%
Validation Loss: 0.2718, Validation Accuracy: 92.41%
[Epoch 5, Batch     2] loss: 0.001
Epoch 5/20:
Train Loss: 0.0703, Train Accuracy: 97.76%
Validation Loss: 0.2604, Validation Accuracy: 92.58%
[Epoch 6, Batch     2] loss: 0.001
Epoch 6/20:
Train Loss: 0.0779, Train Accuracy: 97.32%
Validation Loss: 0.2168, Validation Accuracy: 93.74%
[Epoch 7, Batch     2] loss: 0.001
Epoch 7/20:
Train Loss: 0.0801, Train Accuracy: 97.45%
Validation Loss: 0.2196, Validation Accuracy: 93.93%
[Epoch 8, Batch     2] loss: 0.003
Epoch 8/20:
Train Loss: 0.0845, Train Accuracy: 96.88%
Validation Loss: 0.1382, Validation Accuracy: 95.86%
[Epoch 9, Batch     2] loss: 0.001
Epoch 9/20:
Train Loss: 0.0322, Train Accuracy: 98.88%
Validation Loss: 0.1959, Validation Accuracy: 94.86%
[Epoch 10, Batch     2] loss: 0.000
Epoch 10/20:
Train Loss: 0.0370, Train Accuracy: 98.81%
Validation Loss: 0.1573, Validation Accuracy: 95.81%
[Epoch 11, Batch     2] loss: 0.001
Epoch 11/20:
Train Loss: 0.0425, Train Accuracy: 98.71%
Validation Loss: 0.1906, Validation Accuracy: 94.87%
[Epoch 12, Batch     2] loss: 0.000
Epoch 12/20:
Train Loss: 0.0425, Train Accuracy: 98.81%
Validation Loss: 0.1433, Validation Accuracy: 95.69%
[Epoch 13, Batch     2] loss: 0.001
Epoch 13/20:
Train Loss: 0.0351, Train Accuracy: 98.88%
Validation Loss: 0.2042, Validation Accuracy: 94.35%
[Epoch 14, Batch     2] loss: 0.000
Epoch 14/20:
Train Loss: 0.0265, Train Accuracy: 99.05%
Validation Loss: 0.1637, Validation Accuracy: 95.64%
[Epoch 15, Batch     2] loss: 0.000
Epoch 15/20:
Train Loss: 0.0293, Train Accuracy: 98.95%
Validation Loss: 0.1502, Validation Accuracy: 95.90%
[Epoch 16, Batch     2] loss: 0.001
Epoch 16/20:
Train Loss: 0.0228, Train Accuracy: 99.35%
Validation Loss: 0.2015, Validation Accuracy: 95.04%
[Epoch 17, Batch     2] loss: 0.000
Epoch 17/20:
Train Loss: 0.0343, Train Accuracy: 98.81%
Validation Loss: 0.1128, Validation Accuracy: 96.94%
[Epoch 18, Batch     2] loss: 0.000
Epoch 18/20:
Train Loss: 0.0176, Train Accuracy: 99.49%
Validation Loss: 0.1057, Validation Accuracy: 97.01%
[Epoch 19, Batch     2] loss: 0.000
Epoch 19/20:
Train Loss: 0.0135, Train Accuracy: 99.59%
Validation Loss: 0.0935, Validation Accuracy: 97.47%
[Epoch 20, Batch     2] loss: 0.000
Epoch 20/20:
Train Loss: 0.0266, Train Accuracy: 99.25%
Validation Loss: 0.2165, Validation Accuracy: 94.50%
Model saved to models/resnet18-MNIST-predictive_entropy-balanced_by_score-0.95-2
Modified conv1: updated in_channels to 1.
Modified fc layer: updated out_features to 10.
Loaded weights from file: models/resnet18_MNIST_2
Modified conv1: updated in_channels to 1.
Modified fc layer: updated out_features to 10.
Initialized untrained model.
resnet18-MNIST-predictive_entropy-top-0.3-2
[Epoch 1, Batch     2] loss: 0.044
[Epoch 1, Batch   102] loss: 0.413
[Epoch 1, Batch   202] loss: 0.243
[Epoch 1, Batch   302] loss: 0.161
[Epoch 1, Batch   402] loss: 0.144
[Epoch 1, Batch   502] loss: 0.129
[Epoch 1, Batch   602] loss: 0.130
Epoch 1/20:
Train Loss: 0.0095, Train Accuracy: 93.57%
Validation Loss: 0.0896, Validation Accuracy: 97.20%
[Epoch 2, Batch     2] loss: 0.003
[Epoch 2, Batch   102] loss: 0.098
[Epoch 2, Batch   202] loss: 0.095
[Epoch 2, Batch   302] loss: 0.090
[Epoch 2, Batch   402] loss: 0.096
[Epoch 2, Batch   502] loss: 0.084
[Epoch 2, Batch   602] loss: 0.091
Epoch 2/20:
Train Loss: 0.0069, Train Accuracy: 97.15%
Validation Loss: 0.0528, Validation Accuracy: 98.55%
[Epoch 3, Batch     2] loss: 0.002
[Epoch 3, Batch   102] loss: 0.064
[Epoch 3, Batch   202] loss: 0.080
[Epoch 3, Batch   302] loss: 0.079
[Epoch 3, Batch   402] loss: 0.074
[Epoch 3, Batch   502] loss: 0.062
[Epoch 3, Batch   602] loss: 0.073
Epoch 3/20:
Train Loss: 0.0053, Train Accuracy: 97.84%
Validation Loss: 0.0479, Validation Accuracy: 98.54%
[Epoch 4, Batch     2] loss: 0.001
[Epoch 4, Batch   102] loss: 0.064
[Epoch 4, Batch   202] loss: 0.050
[Epoch 4, Batch   302] loss: 0.067
[Epoch 4, Batch   402] loss: 0.059
[Epoch 4, Batch   502] loss: 0.073
[Epoch 4, Batch   602] loss: 0.060
Epoch 4/20:
Train Loss: 0.0046, Train Accuracy: 98.04%
Validation Loss: 0.0651, Validation Accuracy: 98.08%
[Epoch 5, Batch     2] loss: 0.001
[Epoch 5, Batch   102] loss: 0.055
[Epoch 5, Batch   202] loss: 0.059
[Epoch 5, Batch   302] loss: 0.058
[Epoch 5, Batch   402] loss: 0.042
[Epoch 5, Batch   502] loss: 0.065
[Epoch 5, Batch   602] loss: 0.060
Epoch 5/20:
Train Loss: 0.0038, Train Accuracy: 98.32%
Validation Loss: 0.0319, Validation Accuracy: 99.09%
[Epoch 6, Batch     2] loss: 0.000
[Epoch 6, Batch   102] loss: 0.043
[Epoch 6, Batch   202] loss: 0.054
[Epoch 6, Batch   302] loss: 0.046
[Epoch 6, Batch   402] loss: 0.055
[Epoch 6, Batch   502] loss: 0.051
[Epoch 6, Batch   602] loss: 0.054
Epoch 6/20:
Train Loss: 0.0049, Train Accuracy: 98.38%
Validation Loss: 0.0653, Validation Accuracy: 98.08%
[Epoch 7, Batch     2] loss: 0.001
[Epoch 7, Batch   102] loss: 0.032
[Epoch 7, Batch   202] loss: 0.049
[Epoch 7, Batch   302] loss: 0.048
[Epoch 7, Batch   402] loss: 0.046
[Epoch 7, Batch   502] loss: 0.047
[Epoch 7, Batch   602] loss: 0.050
Epoch 7/20:
Train Loss: 0.0035, Train Accuracy: 98.64%
Validation Loss: 0.0414, Validation Accuracy: 98.67%
[Epoch 8, Batch     2] loss: 0.001
[Epoch 8, Batch   102] loss: 0.035
[Epoch 8, Batch   202] loss: 0.045
[Epoch 8, Batch   302] loss: 0.046
[Epoch 8, Batch   402] loss: 0.048
[Epoch 8, Batch   502] loss: 0.041
[Epoch 8, Batch   602] loss: 0.046
Epoch 8/20:
Train Loss: 0.0035, Train Accuracy: 98.69%
Validation Loss: 0.0368, Validation Accuracy: 98.90%
[Epoch 9, Batch     2] loss: 0.001
[Epoch 9, Batch   102] loss: 0.032
[Epoch 9, Batch   202] loss: 0.043
[Epoch 9, Batch   302] loss: 0.039
[Epoch 9, Batch   402] loss: 0.033
[Epoch 9, Batch   502] loss: 0.044
[Epoch 9, Batch   602] loss: 0.040
Epoch 9/20:
Train Loss: 0.0039, Train Accuracy: 98.81%
Validation Loss: 0.0509, Validation Accuracy: 98.54%
[Epoch 10, Batch     2] loss: 0.002
[Epoch 10, Batch   102] loss: 0.033
[Epoch 10, Batch   202] loss: 0.037
[Epoch 10, Batch   302] loss: 0.038
[Epoch 10, Batch   402] loss: 0.039
[Epoch 10, Batch   502] loss: 0.026
[Epoch 10, Batch   602] loss: 0.036
Epoch 10/20:
Train Loss: 0.0050, Train Accuracy: 98.84%
Validation Loss: 0.0670, Validation Accuracy: 97.97%
[Epoch 11, Batch     2] loss: 0.000
[Epoch 11, Batch   102] loss: 0.030
[Epoch 11, Batch   202] loss: 0.035
[Epoch 11, Batch   302] loss: 0.037
[Epoch 11, Batch   402] loss: 0.046
[Epoch 11, Batch   502] loss: 0.041
[Epoch 11, Batch   602] loss: 0.038
Epoch 11/20:
Train Loss: 0.0029, Train Accuracy: 98.84%
Validation Loss: 0.0334, Validation Accuracy: 98.94%
[Epoch 12, Batch     2] loss: 0.000
[Epoch 12, Batch   102] loss: 0.028
[Epoch 12, Batch   202] loss: 0.027
[Epoch 12, Batch   302] loss: 0.030
[Epoch 12, Batch   402] loss: 0.033
[Epoch 12, Batch   502] loss: 0.032
[Epoch 12, Batch   602] loss: 0.036
Epoch 12/20:
Train Loss: 0.0037, Train Accuracy: 98.97%
Validation Loss: 0.0431, Validation Accuracy: 98.79%
[Epoch 13, Batch     2] loss: 0.001
[Epoch 13, Batch   102] loss: 0.028
[Epoch 13, Batch   202] loss: 0.020
[Epoch 13, Batch   302] loss: 0.024
[Epoch 13, Batch   402] loss: 0.030
[Epoch 13, Batch   502] loss: 0.035
[Epoch 13, Batch   602] loss: 0.033
Epoch 13/20:
Train Loss: 0.0026, Train Accuracy: 99.14%
Validation Loss: 0.0412, Validation Accuracy: 98.83%
[Epoch 14, Batch     2] loss: 0.001
[Epoch 14, Batch   102] loss: 0.018
[Epoch 14, Batch   202] loss: 0.026
[Epoch 14, Batch   302] loss: 0.025
[Epoch 14, Batch   402] loss: 0.030
[Epoch 14, Batch   502] loss: 0.030
[Epoch 14, Batch   602] loss: 0.031
Epoch 14/20:
Train Loss: 0.0031, Train Accuracy: 99.15%
Validation Loss: 0.0414, Validation Accuracy: 98.90%
[Epoch 15, Batch     2] loss: 0.001
[Epoch 15, Batch   102] loss: 0.022
[Epoch 15, Batch   202] loss: 0.025
[Epoch 15, Batch   302] loss: 0.033
[Epoch 15, Batch   402] loss: 0.033
[Epoch 15, Batch   502] loss: 0.020
[Epoch 15, Batch   602] loss: 0.029
Epoch 15/20:
Train Loss: 0.0035, Train Accuracy: 99.12%
Validation Loss: 0.0404, Validation Accuracy: 98.88%
[Epoch 16, Batch     2] loss: 0.001
[Epoch 16, Batch   102] loss: 0.019
[Epoch 16, Batch   202] loss: 0.021
[Epoch 16, Batch   302] loss: 0.023
[Epoch 16, Batch   402] loss: 0.030
[Epoch 16, Batch   502] loss: 0.024
[Epoch 16, Batch   602] loss: 0.022
Epoch 16/20:
Train Loss: 0.0035, Train Accuracy: 99.20%
Validation Loss: 0.0559, Validation Accuracy: 98.51%
[Epoch 17, Batch     2] loss: 0.001
[Epoch 17, Batch   102] loss: 0.026
[Epoch 17, Batch   202] loss: 0.018
[Epoch 17, Batch   302] loss: 0.027
[Epoch 17, Batch   402] loss: 0.024
[Epoch 17, Batch   502] loss: 0.017
[Epoch 17, Batch   602] loss: 0.019
Epoch 17/20:
Train Loss: 0.0021, Train Accuracy: 99.27%
Validation Loss: 0.0461, Validation Accuracy: 98.80%
[Epoch 18, Batch     2] loss: 0.001
[Epoch 18, Batch   102] loss: 0.021
[Epoch 18, Batch   202] loss: 0.017
[Epoch 18, Batch   302] loss: 0.016
[Epoch 18, Batch   402] loss: 0.020
[Epoch 18, Batch   502] loss: 0.023
[Epoch 18, Batch   602] loss: 0.025
Epoch 18/20:
Train Loss: 0.0012, Train Accuracy: 99.40%
Validation Loss: 0.0357, Validation Accuracy: 98.95%
[Epoch 19, Batch     2] loss: 0.000
[Epoch 19, Batch   102] loss: 0.026
[Epoch 19, Batch   202] loss: 0.012
[Epoch 19, Batch   302] loss: 0.037
[Epoch 19, Batch   402] loss: 0.023
[Epoch 19, Batch   502] loss: 0.021
[Epoch 19, Batch   602] loss: 0.019
Epoch 19/20:
Train Loss: 0.0015, Train Accuracy: 99.29%
Validation Loss: 0.0322, Validation Accuracy: 99.14%
[Epoch 20, Batch     2] loss: 0.000
[Epoch 20, Batch   102] loss: 0.013
[Epoch 20, Batch   202] loss: 0.024
[Epoch 20, Batch   302] loss: 0.017
[Epoch 20, Batch   402] loss: 0.020
[Epoch 20, Batch   502] loss: 0.026
[Epoch 20, Batch   602] loss: 0.032
Epoch 20/20:
Train Loss: 0.0016, Train Accuracy: 99.33%
Validation Loss: 0.0363, Validation Accuracy: 98.97%
Model saved to models/resnet18-MNIST-predictive_entropy-top-0.3-2
Modified conv1: updated in_channels to 1.
Modified fc layer: updated out_features to 10.
Initialized untrained model.
resnet18-MNIST-predictive_entropy-top-0.5-2
[Epoch 1, Batch     2] loss: 0.044
[Epoch 1, Batch   102] loss: 0.488
[Epoch 1, Batch   202] loss: 0.259
[Epoch 1, Batch   302] loss: 0.207
[Epoch 1, Batch   402] loss: 0.164
Epoch 1/20:
Train Loss: 0.0259, Train Accuracy: 91.29%
Validation Loss: 0.1054, Validation Accuracy: 96.88%
[Epoch 2, Batch     2] loss: 0.004
[Epoch 2, Batch   102] loss: 0.136
[Epoch 2, Batch   202] loss: 0.126
[Epoch 2, Batch   302] loss: 0.132
[Epoch 2, Batch   402] loss: 0.122
Epoch 2/20:
Train Loss: 0.0169, Train Accuracy: 96.07%
Validation Loss: 0.0609, Validation Accuracy: 98.12%
[Epoch 3, Batch     2] loss: 0.001
[Epoch 3, Batch   102] loss: 0.084
[Epoch 3, Batch   202] loss: 0.101
[Epoch 3, Batch   302] loss: 0.101
[Epoch 3, Batch   402] loss: 0.100
Epoch 3/20:
Train Loss: 0.0114, Train Accuracy: 97.05%
Validation Loss: 0.0567, Validation Accuracy: 98.21%
[Epoch 4, Batch     2] loss: 0.002
[Epoch 4, Batch   102] loss: 0.080
[Epoch 4, Batch   202] loss: 0.082
[Epoch 4, Batch   302] loss: 0.081
[Epoch 4, Batch   402] loss: 0.071
Epoch 4/20:
Train Loss: 0.0124, Train Accuracy: 97.52%
Validation Loss: 0.0535, Validation Accuracy: 98.40%
[Epoch 5, Batch     2] loss: 0.002
[Epoch 5, Batch   102] loss: 0.068
[Epoch 5, Batch   202] loss: 0.064
[Epoch 5, Batch   302] loss: 0.073
[Epoch 5, Batch   402] loss: 0.065
Epoch 5/20:
Train Loss: 0.0101, Train Accuracy: 97.81%
Validation Loss: 0.0433, Validation Accuracy: 98.64%
[Epoch 6, Batch     2] loss: 0.001
[Epoch 6, Batch   102] loss: 0.064
[Epoch 6, Batch   202] loss: 0.063
[Epoch 6, Batch   302] loss: 0.054
[Epoch 6, Batch   402] loss: 0.069
Epoch 6/20:
Train Loss: 0.0084, Train Accuracy: 98.01%
Validation Loss: 0.0347, Validation Accuracy: 98.88%
[Epoch 7, Batch     2] loss: 0.001
[Epoch 7, Batch   102] loss: 0.053
[Epoch 7, Batch   202] loss: 0.060
[Epoch 7, Batch   302] loss: 0.061
[Epoch 7, Batch   402] loss: 0.061
Epoch 7/20:
Train Loss: 0.0097, Train Accuracy: 98.14%
Validation Loss: 0.0448, Validation Accuracy: 98.57%
[Epoch 8, Batch     2] loss: 0.001
[Epoch 8, Batch   102] loss: 0.039
[Epoch 8, Batch   202] loss: 0.056
[Epoch 8, Batch   302] loss: 0.068
[Epoch 8, Batch   402] loss: 0.051
Epoch 8/20:
Train Loss: 0.0087, Train Accuracy: 98.29%
Validation Loss: 0.0365, Validation Accuracy: 98.91%
[Epoch 9, Batch     2] loss: 0.001
[Epoch 9, Batch   102] loss: 0.045
[Epoch 9, Batch   202] loss: 0.045
[Epoch 9, Batch   302] loss: 0.041
[Epoch 9, Batch   402] loss: 0.064
Epoch 9/20:
Train Loss: 0.0082, Train Accuracy: 98.39%
Validation Loss: 0.0460, Validation Accuracy: 98.66%
[Epoch 10, Batch     2] loss: 0.001
[Epoch 10, Batch   102] loss: 0.034
[Epoch 10, Batch   202] loss: 0.036
[Epoch 10, Batch   302] loss: 0.047
[Epoch 10, Batch   402] loss: 0.037
Epoch 10/20:
Train Loss: 0.0071, Train Accuracy: 98.77%
Validation Loss: 0.0583, Validation Accuracy: 98.30%
[Epoch 11, Batch     2] loss: 0.000
[Epoch 11, Batch   102] loss: 0.037
[Epoch 11, Batch   202] loss: 0.047
[Epoch 11, Batch   302] loss: 0.045
[Epoch 11, Batch   402] loss: 0.041
Epoch 11/20:
Train Loss: 0.0063, Train Accuracy: 98.69%
Validation Loss: 0.0330, Validation Accuracy: 98.96%
[Epoch 12, Batch     2] loss: 0.001
[Epoch 12, Batch   102] loss: 0.039
[Epoch 12, Batch   202] loss: 0.049
[Epoch 12, Batch   302] loss: 0.033
[Epoch 12, Batch   402] loss: 0.044
Epoch 12/20:
Train Loss: 0.0068, Train Accuracy: 98.68%
Validation Loss: 0.0374, Validation Accuracy: 98.98%
[Epoch 13, Batch     2] loss: 0.000
[Epoch 13, Batch   102] loss: 0.038
[Epoch 13, Batch   202] loss: 0.051
[Epoch 13, Batch   302] loss: 0.031
[Epoch 13, Batch   402] loss: 0.046
Epoch 13/20:
Train Loss: 0.0061, Train Accuracy: 98.67%
Validation Loss: 0.0294, Validation Accuracy: 99.13%
[Epoch 14, Batch     2] loss: 0.000
[Epoch 14, Batch   102] loss: 0.037
[Epoch 14, Batch   202] loss: 0.035
[Epoch 14, Batch   302] loss: 0.038
[Epoch 14, Batch   402] loss: 0.034
Epoch 14/20:
Train Loss: 0.0048, Train Accuracy: 98.82%
Validation Loss: 0.0406, Validation Accuracy: 98.85%
[Epoch 15, Batch     2] loss: 0.000
[Epoch 15, Batch   102] loss: 0.029
[Epoch 15, Batch   202] loss: 0.035
[Epoch 15, Batch   302] loss: 0.034
[Epoch 15, Batch   402] loss: 0.045
Epoch 15/20:
Train Loss: 0.0042, Train Accuracy: 98.91%
Validation Loss: 0.0340, Validation Accuracy: 99.11%
[Epoch 16, Batch     2] loss: 0.000
[Epoch 16, Batch   102] loss: 0.023
[Epoch 16, Batch   202] loss: 0.032
[Epoch 16, Batch   302] loss: 0.034
[Epoch 16, Batch   402] loss: 0.034
Epoch 16/20:
Train Loss: 0.0059, Train Accuracy: 98.92%
Validation Loss: 0.0358, Validation Accuracy: 98.96%
[Epoch 17, Batch     2] loss: 0.000
[Epoch 17, Batch   102] loss: 0.025
[Epoch 17, Batch   202] loss: 0.029
[Epoch 17, Batch   302] loss: 0.035
[Epoch 17, Batch   402] loss: 0.034
Epoch 17/20:
Train Loss: 0.0045, Train Accuracy: 99.01%
Validation Loss: 0.0350, Validation Accuracy: 98.96%
[Epoch 18, Batch     2] loss: 0.000
[Epoch 18, Batch   102] loss: 0.014
[Epoch 18, Batch   202] loss: 0.023
[Epoch 18, Batch   302] loss: 0.031
[Epoch 18, Batch   402] loss: 0.033
Epoch 18/20:
Train Loss: 0.0067, Train Accuracy: 99.09%
Validation Loss: 0.0345, Validation Accuracy: 98.98%
[Epoch 19, Batch     2] loss: 0.000
[Epoch 19, Batch   102] loss: 0.025
[Epoch 19, Batch   202] loss: 0.030
[Epoch 19, Batch   302] loss: 0.031
[Epoch 19, Batch   402] loss: 0.028
Epoch 19/20:
Train Loss: 0.0045, Train Accuracy: 99.10%
Validation Loss: 0.0341, Validation Accuracy: 98.98%
[Epoch 20, Batch     2] loss: 0.000
[Epoch 20, Batch   102] loss: 0.022
[Epoch 20, Batch   202] loss: 0.024
[Epoch 20, Batch   302] loss: 0.017
[Epoch 20, Batch   402] loss: 0.035
Epoch 20/20:
Train Loss: 0.0048, Train Accuracy: 99.18%
Validation Loss: 0.0390, Validation Accuracy: 98.91%
Model saved to models/resnet18-MNIST-predictive_entropy-top-0.5-2
Modified conv1: updated in_channels to 1.
Modified fc layer: updated out_features to 10.
Initialized untrained model.
resnet18-MNIST-predictive_entropy-top-0.7-2
[Epoch 1, Batch     2] loss: 0.045
[Epoch 1, Batch   102] loss: 0.568
[Epoch 1, Batch   202] loss: 0.350
Epoch 1/20:
Train Loss: 0.0737, Train Accuracy: 86.71%
Validation Loss: 0.1290, Validation Accuracy: 95.96%
[Epoch 2, Batch     2] loss: 0.005
[Epoch 2, Batch   102] loss: 0.205
[Epoch 2, Batch   202] loss: 0.207
Epoch 2/20:
Train Loss: 0.0526, Train Accuracy: 93.52%
Validation Loss: 0.2182, Validation Accuracy: 92.89%
[Epoch 3, Batch     2] loss: 0.002
[Epoch 3, Batch   102] loss: 0.155
[Epoch 3, Batch   202] loss: 0.165
Epoch 3/20:
Train Loss: 0.0385, Train Accuracy: 95.07%
Validation Loss: 0.0789, Validation Accuracy: 97.53%
[Epoch 4, Batch     2] loss: 0.001
[Epoch 4, Batch   102] loss: 0.098
[Epoch 4, Batch   202] loss: 0.118
Epoch 4/20:
Train Loss: 0.0336, Train Accuracy: 96.44%
Validation Loss: 0.0492, Validation Accuracy: 98.51%
[Epoch 5, Batch     2] loss: 0.003
[Epoch 5, Batch   102] loss: 0.105
[Epoch 5, Batch   202] loss: 0.094
Epoch 5/20:
Train Loss: 0.0283, Train Accuracy: 96.82%
Validation Loss: 0.0478, Validation Accuracy: 98.58%
[Epoch 6, Batch     2] loss: 0.001
[Epoch 6, Batch   102] loss: 0.086
[Epoch 6, Batch   202] loss: 0.083
Epoch 6/20:
Train Loss: 0.0252, Train Accuracy: 97.24%
Validation Loss: 0.0522, Validation Accuracy: 98.40%
[Epoch 7, Batch     2] loss: 0.003
[Epoch 7, Batch   102] loss: 0.070
[Epoch 7, Batch   202] loss: 0.074
Epoch 7/20:
Train Loss: 0.0232, Train Accuracy: 97.46%
Validation Loss: 0.0554, Validation Accuracy: 98.41%
[Epoch 8, Batch     2] loss: 0.002
[Epoch 8, Batch   102] loss: 0.064
[Epoch 8, Batch   202] loss: 0.075
Epoch 8/20:
Train Loss: 0.0158, Train Accuracy: 97.79%
Validation Loss: 0.0454, Validation Accuracy: 98.60%
[Epoch 9, Batch     2] loss: 0.001
[Epoch 9, Batch   102] loss: 0.056
[Epoch 9, Batch   202] loss: 0.078
Epoch 9/20:
Train Loss: 0.0181, Train Accuracy: 97.79%
Validation Loss: 0.0540, Validation Accuracy: 98.29%
[Epoch 10, Batch     2] loss: 0.002
[Epoch 10, Batch   102] loss: 0.051
[Epoch 10, Batch   202] loss: 0.066
Epoch 10/20:
Train Loss: 0.0192, Train Accuracy: 98.01%
Validation Loss: 0.0412, Validation Accuracy: 98.81%
[Epoch 11, Batch     2] loss: 0.001
[Epoch 11, Batch   102] loss: 0.052
[Epoch 11, Batch   202] loss: 0.051
Epoch 11/20:
Train Loss: 0.0118, Train Accuracy: 98.38%
Validation Loss: 0.0336, Validation Accuracy: 98.97%
[Epoch 12, Batch     2] loss: 0.000
[Epoch 12, Batch   102] loss: 0.045
[Epoch 12, Batch   202] loss: 0.057
Epoch 12/20:
Train Loss: 0.0175, Train Accuracy: 98.27%
Validation Loss: 0.0434, Validation Accuracy: 98.71%
[Epoch 13, Batch     2] loss: 0.000
[Epoch 13, Batch   102] loss: 0.036
[Epoch 13, Batch   202] loss: 0.038
Epoch 13/20:
Train Loss: 0.0131, Train Accuracy: 98.80%
Validation Loss: 0.0393, Validation Accuracy: 98.93%
[Epoch 14, Batch     2] loss: 0.002
[Epoch 14, Batch   102] loss: 0.051
[Epoch 14, Batch   202] loss: 0.061
Epoch 14/20:
Train Loss: 0.0120, Train Accuracy: 98.37%
Validation Loss: 0.0318, Validation Accuracy: 98.95%
[Epoch 15, Batch     2] loss: 0.001
[Epoch 15, Batch   102] loss: 0.038
[Epoch 15, Batch   202] loss: 0.053
Epoch 15/20:
Train Loss: 0.0146, Train Accuracy: 98.42%
Validation Loss: 0.0555, Validation Accuracy: 98.38%
[Epoch 16, Batch     2] loss: 0.002
[Epoch 16, Batch   102] loss: 0.035
[Epoch 16, Batch   202] loss: 0.034
Epoch 16/20:
Train Loss: 0.0107, Train Accuracy: 98.86%
Validation Loss: 0.0375, Validation Accuracy: 98.98%
[Epoch 17, Batch     2] loss: 0.001
[Epoch 17, Batch   102] loss: 0.037
[Epoch 17, Batch   202] loss: 0.039
Epoch 17/20:
Train Loss: 0.0141, Train Accuracy: 98.76%
Validation Loss: 0.0467, Validation Accuracy: 98.63%
[Epoch 18, Batch     2] loss: 0.001
[Epoch 18, Batch   102] loss: 0.032
[Epoch 18, Batch   202] loss: 0.030
Epoch 18/20:
Train Loss: 0.0185, Train Accuracy: 98.63%
Validation Loss: 0.0645, Validation Accuracy: 98.33%
[Epoch 19, Batch     2] loss: 0.001
[Epoch 19, Batch   102] loss: 0.034
[Epoch 19, Batch   202] loss: 0.048
Epoch 19/20:
Train Loss: 0.0094, Train Accuracy: 98.76%
Validation Loss: 0.0577, Validation Accuracy: 98.42%
[Epoch 20, Batch     2] loss: 0.001
[Epoch 20, Batch   102] loss: 0.032
[Epoch 20, Batch   202] loss: 0.038
Epoch 20/20:
Train Loss: 0.0106, Train Accuracy: 98.80%
Validation Loss: 0.0453, Validation Accuracy: 98.73%
Model saved to models/resnet18-MNIST-predictive_entropy-top-0.7-2
Modified conv1: updated in_channels to 1.
Modified fc layer: updated out_features to 10.
Initialized untrained model.
resnet18-MNIST-predictive_entropy-top-0.8-2
[Epoch 1, Batch     2] loss: 0.047
[Epoch 1, Batch   102] loss: 0.666
Epoch 1/20:
Train Loss: 0.1693, Train Accuracy: 81.88%
Validation Loss: 0.1444, Validation Accuracy: 95.51%
[Epoch 2, Batch     2] loss: 0.004
[Epoch 2, Batch   102] loss: 0.288
Epoch 2/20:
Train Loss: 0.1328, Train Accuracy: 90.59%
Validation Loss: 0.1065, Validation Accuracy: 96.98%
[Epoch 3, Batch     2] loss: 0.005
[Epoch 3, Batch   102] loss: 0.203
Epoch 3/20:
Train Loss: 0.1004, Train Accuracy: 92.93%
Validation Loss: 0.0837, Validation Accuracy: 97.44%
[Epoch 4, Batch     2] loss: 0.002
[Epoch 4, Batch   102] loss: 0.159
Epoch 4/20:
Train Loss: 0.0843, Train Accuracy: 94.41%
Validation Loss: 0.0583, Validation Accuracy: 98.18%
[Epoch 5, Batch     2] loss: 0.001
[Epoch 5, Batch   102] loss: 0.122
Epoch 5/20:
Train Loss: 0.0652, Train Accuracy: 95.62%
Validation Loss: 0.0840, Validation Accuracy: 97.27%
[Epoch 6, Batch     2] loss: 0.002
[Epoch 6, Batch   102] loss: 0.125
Epoch 6/20:
Train Loss: 0.0576, Train Accuracy: 95.77%
Validation Loss: 0.1878, Validation Accuracy: 94.69%
[Epoch 7, Batch     2] loss: 0.001
[Epoch 7, Batch   102] loss: 0.113
Epoch 7/20:
Train Loss: 0.0589, Train Accuracy: 95.90%
Validation Loss: 0.0651, Validation Accuracy: 97.85%
[Epoch 8, Batch     2] loss: 0.001
[Epoch 8, Batch   102] loss: 0.078
Epoch 8/20:
Train Loss: 0.0470, Train Accuracy: 97.00%
Validation Loss: 0.0431, Validation Accuracy: 98.50%
[Epoch 9, Batch     2] loss: 0.001
[Epoch 9, Batch   102] loss: 0.089
Epoch 9/20:
Train Loss: 0.0415, Train Accuracy: 97.11%
Validation Loss: 0.0596, Validation Accuracy: 98.21%
[Epoch 10, Batch     2] loss: 0.002
[Epoch 10, Batch   102] loss: 0.073
Epoch 10/20:
Train Loss: 0.0420, Train Accuracy: 97.34%
Validation Loss: 0.0671, Validation Accuracy: 97.93%
[Epoch 11, Batch     2] loss: 0.004
[Epoch 11, Batch   102] loss: 0.074
Epoch 11/20:
Train Loss: 0.0329, Train Accuracy: 97.54%
Validation Loss: 0.0656, Validation Accuracy: 97.91%
[Epoch 12, Batch     2] loss: 0.001
[Epoch 12, Batch   102] loss: 0.050
Epoch 12/20:
Train Loss: 0.0354, Train Accuracy: 97.86%
Validation Loss: 0.0531, Validation Accuracy: 98.27%
[Epoch 13, Batch     2] loss: 0.003
[Epoch 13, Batch   102] loss: 0.060
Epoch 13/20:
Train Loss: 0.0293, Train Accuracy: 97.90%
Validation Loss: 0.0508, Validation Accuracy: 98.48%
[Epoch 14, Batch     2] loss: 0.002
[Epoch 14, Batch   102] loss: 0.049
Epoch 14/20:
Train Loss: 0.0279, Train Accuracy: 98.18%
Validation Loss: 0.0446, Validation Accuracy: 98.64%
[Epoch 15, Batch     2] loss: 0.001
[Epoch 15, Batch   102] loss: 0.047
Epoch 15/20:
Train Loss: 0.0331, Train Accuracy: 97.98%
Validation Loss: 0.0368, Validation Accuracy: 98.86%
[Epoch 16, Batch     2] loss: 0.001
[Epoch 16, Batch   102] loss: 0.048
Epoch 16/20:
Train Loss: 0.0248, Train Accuracy: 98.33%
Validation Loss: 0.0429, Validation Accuracy: 98.77%
[Epoch 17, Batch     2] loss: 0.001
[Epoch 17, Batch   102] loss: 0.054
Epoch 17/20:
Train Loss: 0.0234, Train Accuracy: 98.22%
Validation Loss: 0.0342, Validation Accuracy: 99.08%
[Epoch 18, Batch     2] loss: 0.002
[Epoch 18, Batch   102] loss: 0.029
Epoch 18/20:
Train Loss: 0.0187, Train Accuracy: 98.81%
Validation Loss: 0.0607, Validation Accuracy: 98.12%
[Epoch 19, Batch     2] loss: 0.001
[Epoch 19, Batch   102] loss: 0.043
Epoch 19/20:
Train Loss: 0.0289, Train Accuracy: 98.21%
Validation Loss: 0.0430, Validation Accuracy: 98.69%
[Epoch 20, Batch     2] loss: 0.000
[Epoch 20, Batch   102] loss: 0.038
Epoch 20/20:
Train Loss: 0.0268, Train Accuracy: 98.48%
Validation Loss: 0.0471, Validation Accuracy: 98.69%
Model saved to models/resnet18-MNIST-predictive_entropy-top-0.8-2
Modified conv1: updated in_channels to 1.
Modified fc layer: updated out_features to 10.
Initialized untrained model.
resnet18-MNIST-predictive_entropy-top-0.9-2
[Epoch 1, Batch     2] loss: 0.048
Epoch 1/20:
Train Loss: 0.8213, Train Accuracy: 71.29%
Validation Loss: 0.4970, Validation Accuracy: 81.79%
[Epoch 2, Batch     2] loss: 0.011
Epoch 2/20:
Train Loss: 0.4880, Train Accuracy: 83.45%
Validation Loss: 0.2647, Validation Accuracy: 91.54%
[Epoch 3, Batch     2] loss: 0.007
Epoch 3/20:
Train Loss: 0.3610, Train Accuracy: 87.23%
Validation Loss: 0.3411, Validation Accuracy: 88.14%
[Epoch 4, Batch     2] loss: 0.006
Epoch 4/20:
Train Loss: 0.2873, Train Accuracy: 89.95%
Validation Loss: 0.2148, Validation Accuracy: 92.82%
[Epoch 5, Batch     2] loss: 0.004
Epoch 5/20:
Train Loss: 0.2418, Train Accuracy: 91.75%
Validation Loss: 0.3427, Validation Accuracy: 89.05%
[Epoch 6, Batch     2] loss: 0.003
Epoch 6/20:
Train Loss: 0.2094, Train Accuracy: 92.47%
Validation Loss: 0.2412, Validation Accuracy: 92.46%
[Epoch 7, Batch     2] loss: 0.003
Epoch 7/20:
Train Loss: 0.1735, Train Accuracy: 94.12%
Validation Loss: 0.1133, Validation Accuracy: 96.60%
[Epoch 8, Batch     2] loss: 0.004
Epoch 8/20:
Train Loss: 0.1609, Train Accuracy: 94.30%
Validation Loss: 0.1064, Validation Accuracy: 96.72%
[Epoch 9, Batch     2] loss: 0.001
Epoch 9/20:
Train Loss: 0.1236, Train Accuracy: 95.80%
Validation Loss: 0.1592, Validation Accuracy: 95.29%
[Epoch 10, Batch     2] loss: 0.003
Epoch 10/20:
Train Loss: 0.1170, Train Accuracy: 95.98%
Validation Loss: 0.0918, Validation Accuracy: 97.29%
[Epoch 11, Batch     2] loss: 0.001
Epoch 11/20:
Train Loss: 0.0896, Train Accuracy: 96.89%
Validation Loss: 0.1459, Validation Accuracy: 95.57%
[Epoch 12, Batch     2] loss: 0.003
Epoch 12/20:
Train Loss: 0.1009, Train Accuracy: 96.39%
Validation Loss: 0.1092, Validation Accuracy: 96.80%
[Epoch 13, Batch     2] loss: 0.001
Epoch 13/20:
Train Loss: 0.0668, Train Accuracy: 97.78%
Validation Loss: 0.1246, Validation Accuracy: 96.81%
[Epoch 14, Batch     2] loss: 0.002
Epoch 14/20:
Train Loss: 0.0947, Train Accuracy: 96.74%
Validation Loss: 0.0941, Validation Accuracy: 97.59%
[Epoch 15, Batch     2] loss: 0.001
Epoch 15/20:
Train Loss: 0.0796, Train Accuracy: 97.21%
Validation Loss: 0.1290, Validation Accuracy: 96.70%
[Epoch 16, Batch     2] loss: 0.001
Epoch 16/20:
Train Loss: 0.0734, Train Accuracy: 97.68%
Validation Loss: 0.1324, Validation Accuracy: 96.29%
[Epoch 17, Batch     2] loss: 0.001
Epoch 17/20:
Train Loss: 0.0658, Train Accuracy: 97.60%
Validation Loss: 0.1109, Validation Accuracy: 96.78%
[Epoch 18, Batch     2] loss: 0.000
Epoch 18/20:
Train Loss: 0.0574, Train Accuracy: 98.15%
Validation Loss: 0.2854, Validation Accuracy: 93.11%
[Epoch 19, Batch     2] loss: 0.002
Epoch 19/20:
Train Loss: 0.0769, Train Accuracy: 97.23%
Validation Loss: 0.1161, Validation Accuracy: 96.95%
[Epoch 20, Batch     2] loss: 0.001
Epoch 20/20:
Train Loss: 0.0679, Train Accuracy: 97.72%
Validation Loss: 0.0589, Validation Accuracy: 98.29%
Model saved to models/resnet18-MNIST-predictive_entropy-top-0.9-2
Modified conv1: updated in_channels to 1.
Modified fc layer: updated out_features to 10.
Initialized untrained model.
resnet18-MNIST-predictive_entropy-top-0.95-2
[Epoch 1, Batch     2] loss: 0.046
Epoch 1/20:
Train Loss: 1.1094, Train Accuracy: 60.73%
Validation Loss: 1.0666, Validation Accuracy: 65.33%
[Epoch 2, Batch     2] loss: 0.017
Epoch 2/20:
Train Loss: 0.6688, Train Accuracy: 75.75%
Validation Loss: 0.7040, Validation Accuracy: 75.35%
[Epoch 3, Batch     2] loss: 0.009
Epoch 3/20:
Train Loss: 0.4958, Train Accuracy: 82.40%
Validation Loss: 0.3609, Validation Accuracy: 89.09%
[Epoch 4, Batch     2] loss: 0.006
Epoch 4/20:
Train Loss: 0.3567, Train Accuracy: 87.64%
Validation Loss: 0.2936, Validation Accuracy: 90.83%
[Epoch 5, Batch     2] loss: 0.008
Epoch 5/20:
Train Loss: 0.3557, Train Accuracy: 87.16%
Validation Loss: 0.4957, Validation Accuracy: 83.92%
[Epoch 6, Batch     2] loss: 0.005
Epoch 6/20:
Train Loss: 0.2488, Train Accuracy: 90.73%
Validation Loss: 0.4753, Validation Accuracy: 83.22%
[Epoch 7, Batch     2] loss: 0.003
Epoch 7/20:
Train Loss: 0.2408, Train Accuracy: 91.27%
Validation Loss: 0.4074, Validation Accuracy: 88.12%
[Epoch 8, Batch     2] loss: 0.003
Epoch 8/20:
Train Loss: 0.2280, Train Accuracy: 91.98%
Validation Loss: 0.4462, Validation Accuracy: 86.08%
[Epoch 9, Batch     2] loss: 0.003
Epoch 9/20:
Train Loss: 0.1894, Train Accuracy: 93.24%
Validation Loss: 0.2277, Validation Accuracy: 92.38%
[Epoch 10, Batch     2] loss: 0.001
Epoch 10/20:
Train Loss: 0.1267, Train Accuracy: 95.79%
Validation Loss: 0.2939, Validation Accuracy: 91.23%
[Epoch 11, Batch     2] loss: 0.001
Epoch 11/20:
Train Loss: 0.1383, Train Accuracy: 95.31%
Validation Loss: 0.3604, Validation Accuracy: 90.64%
[Epoch 12, Batch     2] loss: 0.002
Epoch 12/20:
Train Loss: 0.1346, Train Accuracy: 95.21%
Validation Loss: 0.4365, Validation Accuracy: 88.08%
[Epoch 13, Batch     2] loss: 0.003
Epoch 13/20:
Train Loss: 0.1260, Train Accuracy: 95.21%
Validation Loss: 0.2824, Validation Accuracy: 91.08%
[Epoch 14, Batch     2] loss: 0.002
Epoch 14/20:
Train Loss: 0.0902, Train Accuracy: 96.60%
Validation Loss: 0.4222, Validation Accuracy: 89.42%
[Epoch 15, Batch     2] loss: 0.001
Epoch 15/20:
Train Loss: 0.0925, Train Accuracy: 97.15%
Validation Loss: 0.3461, Validation Accuracy: 90.89%
[Epoch 16, Batch     2] loss: 0.002
Epoch 16/20:
Train Loss: 0.0920, Train Accuracy: 96.47%
Validation Loss: 0.5051, Validation Accuracy: 85.75%
[Epoch 17, Batch     2] loss: 0.002
Epoch 17/20:
Train Loss: 0.0680, Train Accuracy: 97.76%
Validation Loss: 0.2963, Validation Accuracy: 91.99%
[Epoch 18, Batch     2] loss: 0.001
Epoch 18/20:
Train Loss: 0.0991, Train Accuracy: 96.67%
Validation Loss: 0.5576, Validation Accuracy: 86.78%
[Epoch 19, Batch     2] loss: 0.001
Epoch 19/20:
Train Loss: 0.0809, Train Accuracy: 97.18%
Validation Loss: 0.2888, Validation Accuracy: 91.54%
[Epoch 20, Batch     2] loss: 0.000
Epoch 20/20:
Train Loss: 0.0682, Train Accuracy: 97.59%
Validation Loss: 0.3196, Validation Accuracy: 91.04%
Model saved to models/resnet18-MNIST-predictive_entropy-top-0.95-2
Modified conv1: updated in_channels to 1.
Modified fc layer: updated out_features to 10.
Loaded weights from file: models/resnet18_MNIST_2
Modified conv1: updated in_channels to 1.
Modified fc layer: updated out_features to 10.
Initialized untrained model.
resnet18-MNIST-predictive_entropy-bottom-0.3-2
[Epoch 1, Batch     2] loss: 0.042
[Epoch 1, Batch   102] loss: 0.195
[Epoch 1, Batch   202] loss: 0.095
[Epoch 1, Batch   302] loss: 0.062
[Epoch 1, Batch   402] loss: 0.040
[Epoch 1, Batch   502] loss: 0.035
[Epoch 1, Batch   602] loss: 0.032
Epoch 1/20:
Train Loss: 0.0021, Train Accuracy: 97.58%
Validation Loss: 0.1422, Validation Accuracy: 96.31%
[Epoch 2, Batch     2] loss: 0.002
[Epoch 2, Batch   102] loss: 0.023
[Epoch 2, Batch   202] loss: 0.027
[Epoch 2, Batch   302] loss: 0.019
[Epoch 2, Batch   402] loss: 0.016
[Epoch 2, Batch   502] loss: 0.014
[Epoch 2, Batch   602] loss: 0.019
Epoch 2/20:
Train Loss: 0.0019, Train Accuracy: 99.40%
Validation Loss: 0.1223, Validation Accuracy: 96.53%
[Epoch 3, Batch     2] loss: 0.000
[Epoch 3, Batch   102] loss: 0.017
[Epoch 3, Batch   202] loss: 0.008
[Epoch 3, Batch   302] loss: 0.010
[Epoch 3, Batch   402] loss: 0.009
[Epoch 3, Batch   502] loss: 0.024
[Epoch 3, Batch   602] loss: 0.014
Epoch 3/20:
Train Loss: 0.0006, Train Accuracy: 99.61%
Validation Loss: 0.0764, Validation Accuracy: 98.01%
[Epoch 4, Batch     2] loss: 0.000
[Epoch 4, Batch   102] loss: 0.016
[Epoch 4, Batch   202] loss: 0.014
[Epoch 4, Batch   302] loss: 0.019
[Epoch 4, Batch   402] loss: 0.014
[Epoch 4, Batch   502] loss: 0.019
[Epoch 4, Batch   602] loss: 0.012
Epoch 4/20:
Train Loss: 0.0007, Train Accuracy: 99.55%
Validation Loss: 0.0896, Validation Accuracy: 97.45%
[Epoch 5, Batch     2] loss: 0.000
[Epoch 5, Batch   102] loss: 0.007
[Epoch 5, Batch   202] loss: 0.019
[Epoch 5, Batch   302] loss: 0.014
[Epoch 5, Batch   402] loss: 0.008
[Epoch 5, Batch   502] loss: 0.015
[Epoch 5, Batch   602] loss: 0.010
Epoch 5/20:
Train Loss: 0.0012, Train Accuracy: 99.66%
Validation Loss: 0.1252, Validation Accuracy: 96.66%
[Epoch 6, Batch     2] loss: 0.000
[Epoch 6, Batch   102] loss: 0.014
[Epoch 6, Batch   202] loss: 0.003
[Epoch 6, Batch   302] loss: 0.006
[Epoch 6, Batch   402] loss: 0.014
[Epoch 6, Batch   502] loss: 0.013
[Epoch 6, Batch   602] loss: 0.011
Epoch 6/20:
Train Loss: 0.0008, Train Accuracy: 99.74%
Validation Loss: 0.1148, Validation Accuracy: 97.04%
[Epoch 7, Batch     2] loss: 0.001
[Epoch 7, Batch   102] loss: 0.004
[Epoch 7, Batch   202] loss: 0.020
[Epoch 7, Batch   302] loss: 0.019
[Epoch 7, Batch   402] loss: 0.010
[Epoch 7, Batch   502] loss: 0.004
[Epoch 7, Batch   602] loss: 0.007
Epoch 7/20:
Train Loss: 0.0002, Train Accuracy: 99.73%
Validation Loss: 0.0672, Validation Accuracy: 98.09%
[Epoch 8, Batch     2] loss: 0.000
[Epoch 8, Batch   102] loss: 0.006
[Epoch 8, Batch   202] loss: 0.011
[Epoch 8, Batch   302] loss: 0.008
[Epoch 8, Batch   402] loss: 0.015
[Epoch 8, Batch   502] loss: 0.006
[Epoch 8, Batch   602] loss: 0.008
Epoch 8/20:
Train Loss: 0.0005, Train Accuracy: 99.78%
Validation Loss: 0.1071, Validation Accuracy: 97.24%
[Epoch 9, Batch     2] loss: 0.000
[Epoch 9, Batch   102] loss: 0.006
[Epoch 9, Batch   202] loss: 0.010
[Epoch 9, Batch   302] loss: 0.008
[Epoch 9, Batch   402] loss: 0.016
[Epoch 9, Batch   502] loss: 0.010
[Epoch 9, Batch   602] loss: 0.007
Epoch 9/20:
Train Loss: 0.0005, Train Accuracy: 99.75%
Validation Loss: 0.0772, Validation Accuracy: 97.92%
[Epoch 10, Batch     2] loss: 0.000
[Epoch 10, Batch   102] loss: 0.017
[Epoch 10, Batch   202] loss: 0.003
[Epoch 10, Batch   302] loss: 0.010
[Epoch 10, Batch   402] loss: 0.014
[Epoch 10, Batch   502] loss: 0.008
[Epoch 10, Batch   602] loss: 0.012
Epoch 10/20:
Train Loss: 0.0009, Train Accuracy: 99.72%
Validation Loss: 0.0765, Validation Accuracy: 97.86%
[Epoch 11, Batch     2] loss: 0.000
[Epoch 11, Batch   102] loss: 0.002
[Epoch 11, Batch   202] loss: 0.006
[Epoch 11, Batch   302] loss: 0.006
[Epoch 11, Batch   402] loss: 0.010
[Epoch 11, Batch   502] loss: 0.014
[Epoch 11, Batch   602] loss: 0.012
Epoch 11/20:
Train Loss: 0.0003, Train Accuracy: 99.80%
Validation Loss: 0.0856, Validation Accuracy: 97.74%
[Epoch 12, Batch     2] loss: 0.000
[Epoch 12, Batch   102] loss: 0.005
[Epoch 12, Batch   202] loss: 0.009
[Epoch 12, Batch   302] loss: 0.008
[Epoch 12, Batch   402] loss: 0.012
[Epoch 12, Batch   502] loss: 0.005
[Epoch 12, Batch   602] loss: 0.010
Epoch 12/20:
Train Loss: 0.0008, Train Accuracy: 99.79%
Validation Loss: 0.0883, Validation Accuracy: 97.73%
[Epoch 13, Batch     2] loss: 0.000
[Epoch 13, Batch   102] loss: 0.001
[Epoch 13, Batch   202] loss: 0.003
[Epoch 13, Batch   302] loss: 0.009
[Epoch 13, Batch   402] loss: 0.008
[Epoch 13, Batch   502] loss: 0.013
[Epoch 13, Batch   602] loss: 0.004
Epoch 13/20:
Train Loss: 0.0001, Train Accuracy: 99.81%
Validation Loss: 0.0844, Validation Accuracy: 97.92%
[Epoch 14, Batch     2] loss: 0.000
[Epoch 14, Batch   102] loss: 0.002
[Epoch 14, Batch   202] loss: 0.004
[Epoch 14, Batch   302] loss: 0.003
[Epoch 14, Batch   402] loss: 0.011
[Epoch 14, Batch   502] loss: 0.007
[Epoch 14, Batch   602] loss: 0.014
Epoch 14/20:
Train Loss: 0.0005, Train Accuracy: 99.81%
Validation Loss: 0.1189, Validation Accuracy: 97.07%
[Epoch 15, Batch     2] loss: 0.000
[Epoch 15, Batch   102] loss: 0.003
[Epoch 15, Batch   202] loss: 0.002
[Epoch 15, Batch   302] loss: 0.004
[Epoch 15, Batch   402] loss: 0.011
[Epoch 15, Batch   502] loss: 0.009
[Epoch 15, Batch   602] loss: 0.004
Epoch 15/20:
Train Loss: 0.0004, Train Accuracy: 99.85%
Validation Loss: 0.1276, Validation Accuracy: 97.05%
[Epoch 16, Batch     2] loss: 0.000
[Epoch 16, Batch   102] loss: 0.007
[Epoch 16, Batch   202] loss: 0.003
[Epoch 16, Batch   302] loss: 0.005
[Epoch 16, Batch   402] loss: 0.002
[Epoch 16, Batch   502] loss: 0.005
[Epoch 16, Batch   602] loss: 0.004
Epoch 16/20:
Train Loss: 0.0008, Train Accuracy: 99.85%
Validation Loss: 0.1477, Validation Accuracy: 96.38%
[Epoch 17, Batch     2] loss: 0.000
[Epoch 17, Batch   102] loss: 0.015
[Epoch 17, Batch   202] loss: 0.005
[Epoch 17, Batch   302] loss: 0.004
[Epoch 17, Batch   402] loss: 0.002
[Epoch 17, Batch   502] loss: 0.005
[Epoch 17, Batch   602] loss: 0.005
Epoch 17/20:
Train Loss: 0.0002, Train Accuracy: 99.84%
Validation Loss: 0.0866, Validation Accuracy: 97.81%
[Epoch 18, Batch     2] loss: 0.000
[Epoch 18, Batch   102] loss: 0.000
[Epoch 18, Batch   202] loss: 0.001
[Epoch 18, Batch   302] loss: 0.009
[Epoch 18, Batch   402] loss: 0.002
[Epoch 18, Batch   502] loss: 0.001
[Epoch 18, Batch   602] loss: 0.001
Epoch 18/20:
Train Loss: 0.0003, Train Accuracy: 99.94%
Validation Loss: 0.0802, Validation Accuracy: 97.93%
[Epoch 19, Batch     2] loss: 0.000
[Epoch 19, Batch   102] loss: 0.008
[Epoch 19, Batch   202] loss: 0.005
[Epoch 19, Batch   302] loss: 0.002
[Epoch 19, Batch   402] loss: 0.010
[Epoch 19, Batch   502] loss: 0.015
[Epoch 19, Batch   602] loss: 0.015
Epoch 19/20:
Train Loss: 0.0002, Train Accuracy: 99.80%
Validation Loss: 0.0706, Validation Accuracy: 98.12%
[Epoch 20, Batch     2] loss: 0.000
[Epoch 20, Batch   102] loss: 0.006
[Epoch 20, Batch   202] loss: 0.004
[Epoch 20, Batch   302] loss: 0.003
[Epoch 20, Batch   402] loss: 0.008
[Epoch 20, Batch   502] loss: 0.001
[Epoch 20, Batch   602] loss: 0.004
Epoch 20/20:
Train Loss: 0.0004, Train Accuracy: 99.89%
Validation Loss: 0.0762, Validation Accuracy: 98.06%
Model saved to models/resnet18-MNIST-predictive_entropy-bottom-0.3-2
Modified conv1: updated in_channels to 1.
Modified fc layer: updated out_features to 10.
Initialized untrained model.
resnet18-MNIST-predictive_entropy-bottom-0.5-2
[Epoch 1, Batch     2] loss: 0.041
[Epoch 1, Batch   102] loss: 0.143
[Epoch 1, Batch   202] loss: 0.060
[Epoch 1, Batch   302] loss: 0.043
[Epoch 1, Batch   402] loss: 0.025
Epoch 1/20:
Train Loss: 0.0049, Train Accuracy: 97.75%
Validation Loss: 0.2118, Validation Accuracy: 94.54%
[Epoch 2, Batch     2] loss: 0.002
[Epoch 2, Batch   102] loss: 0.017
[Epoch 2, Batch   202] loss: 0.015
[Epoch 2, Batch   302] loss: 0.018
[Epoch 2, Batch   402] loss: 0.017
Epoch 2/20:
Train Loss: 0.0012, Train Accuracy: 99.52%
Validation Loss: 0.2421, Validation Accuracy: 94.05%
[Epoch 3, Batch     2] loss: 0.000
[Epoch 3, Batch   102] loss: 0.007
[Epoch 3, Batch   202] loss: 0.010
[Epoch 3, Batch   302] loss: 0.023
[Epoch 3, Batch   402] loss: 0.023
Epoch 3/20:
Train Loss: 0.0030, Train Accuracy: 99.51%
Validation Loss: 0.5948, Validation Accuracy: 85.70%
[Epoch 4, Batch     2] loss: 0.001
[Epoch 4, Batch   102] loss: 0.017
[Epoch 4, Batch   202] loss: 0.010
[Epoch 4, Batch   302] loss: 0.006
[Epoch 4, Batch   402] loss: 0.005
Epoch 4/20:
Train Loss: 0.0009, Train Accuracy: 99.73%
Validation Loss: 0.1575, Validation Accuracy: 95.71%
[Epoch 5, Batch     2] loss: 0.000
[Epoch 5, Batch   102] loss: 0.003
[Epoch 5, Batch   202] loss: 0.003
[Epoch 5, Batch   302] loss: 0.006
[Epoch 5, Batch   402] loss: 0.017
Epoch 5/20:
Train Loss: 0.0005, Train Accuracy: 99.77%
Validation Loss: 0.1601, Validation Accuracy: 95.74%
[Epoch 6, Batch     2] loss: 0.000
[Epoch 6, Batch   102] loss: 0.003
[Epoch 6, Batch   202] loss: 0.003
[Epoch 6, Batch   302] loss: 0.018
[Epoch 6, Batch   402] loss: 0.004
Epoch 6/20:
Train Loss: 0.0007, Train Accuracy: 99.82%
Validation Loss: 0.1525, Validation Accuracy: 95.82%
[Epoch 7, Batch     2] loss: 0.000
[Epoch 7, Batch   102] loss: 0.005
[Epoch 7, Batch   202] loss: 0.014
[Epoch 7, Batch   302] loss: 0.010
[Epoch 7, Batch   402] loss: 0.013
Epoch 7/20:
Train Loss: 0.0011, Train Accuracy: 99.71%
Validation Loss: 0.1140, Validation Accuracy: 96.83%
[Epoch 8, Batch     2] loss: 0.000
[Epoch 8, Batch   102] loss: 0.004
[Epoch 8, Batch   202] loss: 0.002
[Epoch 8, Batch   302] loss: 0.001
[Epoch 8, Batch   402] loss: 0.000
Epoch 8/20:
Train Loss: 0.0001, Train Accuracy: 99.96%
Validation Loss: 0.0917, Validation Accuracy: 97.59%
[Epoch 9, Batch     2] loss: 0.000
[Epoch 9, Batch   102] loss: 0.001
[Epoch 9, Batch   202] loss: 0.014
[Epoch 9, Batch   302] loss: 0.010
[Epoch 9, Batch   402] loss: 0.015
Epoch 9/20:
Train Loss: 0.0010, Train Accuracy: 99.75%
Validation Loss: 0.1170, Validation Accuracy: 96.76%
[Epoch 10, Batch     2] loss: 0.000
[Epoch 10, Batch   102] loss: 0.003
[Epoch 10, Batch   202] loss: 0.020
[Epoch 10, Batch   302] loss: 0.014
[Epoch 10, Batch   402] loss: 0.013
Epoch 10/20:
Train Loss: 0.0017, Train Accuracy: 99.66%
Validation Loss: 0.1388, Validation Accuracy: 96.25%
[Epoch 11, Batch     2] loss: 0.000
[Epoch 11, Batch   102] loss: 0.005
[Epoch 11, Batch   202] loss: 0.004
[Epoch 11, Batch   302] loss: 0.002
[Epoch 11, Batch   402] loss: 0.003
Epoch 11/20:
Train Loss: 0.0011, Train Accuracy: 99.87%
Validation Loss: 0.1331, Validation Accuracy: 96.53%
[Epoch 12, Batch     2] loss: 0.000
[Epoch 12, Batch   102] loss: 0.007
[Epoch 12, Batch   202] loss: 0.005
[Epoch 12, Batch   302] loss: 0.015
[Epoch 12, Batch   402] loss: 0.013
Epoch 12/20:
Train Loss: 0.0007, Train Accuracy: 99.78%
Validation Loss: 0.0964, Validation Accuracy: 97.24%
[Epoch 13, Batch     2] loss: 0.000
[Epoch 13, Batch   102] loss: 0.004
[Epoch 13, Batch   202] loss: 0.004
[Epoch 13, Batch   302] loss: 0.004
[Epoch 13, Batch   402] loss: 0.018
Epoch 13/20:
Train Loss: 0.0005, Train Accuracy: 99.80%
Validation Loss: 0.1539, Validation Accuracy: 96.00%
[Epoch 14, Batch     2] loss: 0.000
[Epoch 14, Batch   102] loss: 0.011
[Epoch 14, Batch   202] loss: 0.003
[Epoch 14, Batch   302] loss: 0.009
[Epoch 14, Batch   402] loss: 0.007
Epoch 14/20:
Train Loss: 0.0005, Train Accuracy: 99.82%
Validation Loss: 0.1204, Validation Accuracy: 97.02%
[Epoch 15, Batch     2] loss: 0.000
[Epoch 15, Batch   102] loss: 0.003
[Epoch 15, Batch   202] loss: 0.001
[Epoch 15, Batch   302] loss: 0.008
[Epoch 15, Batch   402] loss: 0.004
Epoch 15/20:
Train Loss: 0.0017, Train Accuracy: 99.90%
Validation Loss: 0.1235, Validation Accuracy: 96.58%
[Epoch 16, Batch     2] loss: 0.000
[Epoch 16, Batch   102] loss: 0.003
[Epoch 16, Batch   202] loss: 0.003
[Epoch 16, Batch   302] loss: 0.007
[Epoch 16, Batch   402] loss: 0.007
Epoch 16/20:
Train Loss: 0.0002, Train Accuracy: 99.91%
Validation Loss: 0.1262, Validation Accuracy: 96.68%
[Epoch 17, Batch     2] loss: 0.000
[Epoch 17, Batch   102] loss: 0.004
[Epoch 17, Batch   202] loss: 0.007
[Epoch 17, Batch   302] loss: 0.005
[Epoch 17, Batch   402] loss: 0.010
Epoch 17/20:
Train Loss: 0.0003, Train Accuracy: 99.80%
Validation Loss: 0.1134, Validation Accuracy: 97.19%
[Epoch 18, Batch     2] loss: 0.000
[Epoch 18, Batch   102] loss: 0.008
[Epoch 18, Batch   202] loss: 0.006
[Epoch 18, Batch   302] loss: 0.001
[Epoch 18, Batch   402] loss: 0.001
Epoch 18/20:
Train Loss: 0.0001, Train Accuracy: 99.94%
Validation Loss: 0.1223, Validation Accuracy: 96.85%
[Epoch 19, Batch     2] loss: 0.000
[Epoch 19, Batch   102] loss: 0.005
[Epoch 19, Batch   202] loss: 0.008
[Epoch 19, Batch   302] loss: 0.003
[Epoch 19, Batch   402] loss: 0.006
Epoch 19/20:
Train Loss: 0.0032, Train Accuracy: 99.79%
Validation Loss: 0.2042, Validation Accuracy: 94.48%
[Epoch 20, Batch     2] loss: 0.000
[Epoch 20, Batch   102] loss: 0.002
[Epoch 20, Batch   202] loss: 0.006
[Epoch 20, Batch   302] loss: 0.005
[Epoch 20, Batch   402] loss: 0.001
Epoch 20/20:
Train Loss: 0.0007, Train Accuracy: 99.90%
Validation Loss: 0.1216, Validation Accuracy: 96.70%
Model saved to models/resnet18-MNIST-predictive_entropy-bottom-0.5-2
Modified conv1: updated in_channels to 1.
Modified fc layer: updated out_features to 10.
Initialized untrained model.
resnet18-MNIST-predictive_entropy-bottom-0.7-2
[Epoch 1, Batch     2] loss: 0.036
[Epoch 1, Batch   102] loss: 0.126
[Epoch 1, Batch   202] loss: 0.039
Epoch 1/20:
Train Loss: 0.0099, Train Accuracy: 97.60%
Validation Loss: 0.7042, Validation Accuracy: 83.39%
[Epoch 2, Batch     2] loss: 0.001
[Epoch 2, Batch   102] loss: 0.020
[Epoch 2, Batch   202] loss: 0.010
Epoch 2/20:
Train Loss: 0.0027, Train Accuracy: 99.56%
Validation Loss: 0.9163, Validation Accuracy: 80.54%
[Epoch 3, Batch     2] loss: 0.001
[Epoch 3, Batch   102] loss: 0.016
[Epoch 3, Batch   202] loss: 0.025
Epoch 3/20:
Train Loss: 0.0041, Train Accuracy: 99.42%
Validation Loss: 0.9200, Validation Accuracy: 80.52%
[Epoch 4, Batch     2] loss: 0.000
[Epoch 4, Batch   102] loss: 0.012
[Epoch 4, Batch   202] loss: 0.008
Epoch 4/20:
Train Loss: 0.0008, Train Accuracy: 99.78%
Validation Loss: 0.3108, Validation Accuracy: 92.74%
[Epoch 5, Batch     2] loss: 0.000
[Epoch 5, Batch   102] loss: 0.002
[Epoch 5, Batch   202] loss: 0.005
Epoch 5/20:
Train Loss: 0.0034, Train Accuracy: 99.85%
Validation Loss: 0.5279, Validation Accuracy: 87.90%
[Epoch 6, Batch     2] loss: 0.000
[Epoch 6, Batch   102] loss: 0.013
[Epoch 6, Batch   202] loss: 0.007
Epoch 6/20:
Train Loss: 0.0019, Train Accuracy: 99.75%
Validation Loss: 0.3402, Validation Accuracy: 90.87%
[Epoch 7, Batch     2] loss: 0.000
[Epoch 7, Batch   102] loss: 0.005
[Epoch 7, Batch   202] loss: 0.011
Epoch 7/20:
Train Loss: 0.0031, Train Accuracy: 99.70%
Validation Loss: 0.4944, Validation Accuracy: 86.66%
[Epoch 8, Batch     2] loss: 0.000
[Epoch 8, Batch   102] loss: 0.013
[Epoch 8, Batch   202] loss: 0.009
Epoch 8/20:
Train Loss: 0.0022, Train Accuracy: 99.72%
Validation Loss: 0.3148, Validation Accuracy: 92.51%
[Epoch 9, Batch     2] loss: 0.001
[Epoch 9, Batch   102] loss: 0.009
[Epoch 9, Batch   202] loss: 0.001
Epoch 9/20:
Train Loss: 0.0004, Train Accuracy: 99.90%
Validation Loss: 0.2944, Validation Accuracy: 92.68%
[Epoch 10, Batch     2] loss: 0.000
[Epoch 10, Batch   102] loss: 0.000
[Epoch 10, Batch   202] loss: 0.008
Epoch 10/20:
Train Loss: 0.0036, Train Accuracy: 99.81%
Validation Loss: 0.3100, Validation Accuracy: 91.95%
[Epoch 11, Batch     2] loss: 0.000
[Epoch 11, Batch   102] loss: 0.010
[Epoch 11, Batch   202] loss: 0.001
Epoch 11/20:
Train Loss: 0.0001, Train Accuracy: 99.93%
Validation Loss: 0.4043, Validation Accuracy: 90.83%
[Epoch 12, Batch     2] loss: 0.000
[Epoch 12, Batch   102] loss: 0.009
[Epoch 12, Batch   202] loss: 0.024
Epoch 12/20:
Train Loss: 0.0032, Train Accuracy: 99.61%
Validation Loss: 0.2996, Validation Accuracy: 91.98%
[Epoch 13, Batch     2] loss: 0.000
[Epoch 13, Batch   102] loss: 0.007
[Epoch 13, Batch   202] loss: 0.002
Epoch 13/20:
Train Loss: 0.0005, Train Accuracy: 99.90%
Validation Loss: 0.5208, Validation Accuracy: 90.08%
[Epoch 14, Batch     2] loss: 0.000
[Epoch 14, Batch   102] loss: 0.004
[Epoch 14, Batch   202] loss: 0.001
Epoch 14/20:
Train Loss: 0.0001, Train Accuracy: 99.97%
Validation Loss: 0.2795, Validation Accuracy: 93.72%
[Epoch 15, Batch     2] loss: 0.000
[Epoch 15, Batch   102] loss: 0.000
[Epoch 15, Batch   202] loss: 0.007
Epoch 15/20:
Train Loss: 0.0017, Train Accuracy: 99.90%
Validation Loss: 0.3716, Validation Accuracy: 90.73%
[Epoch 16, Batch     2] loss: 0.000
[Epoch 16, Batch   102] loss: 0.005
[Epoch 16, Batch   202] loss: 0.018
Epoch 16/20:
Train Loss: 0.0026, Train Accuracy: 99.73%
Validation Loss: 0.2669, Validation Accuracy: 93.57%
[Epoch 17, Batch     2] loss: 0.000
[Epoch 17, Batch   102] loss: 0.001
[Epoch 17, Batch   202] loss: 0.000
Epoch 17/20:
Train Loss: 0.0001, Train Accuracy: 99.99%
Validation Loss: 0.2875, Validation Accuracy: 93.44%
[Epoch 18, Batch     2] loss: 0.000
[Epoch 18, Batch   102] loss: 0.000
[Epoch 18, Batch   202] loss: 0.000
Epoch 18/20:
Train Loss: 0.0001, Train Accuracy: 100.00%
Validation Loss: 0.2397, Validation Accuracy: 94.81%
[Epoch 19, Batch     2] loss: 0.000
[Epoch 19, Batch   102] loss: 0.000
[Epoch 19, Batch   202] loss: 0.000
Epoch 19/20:
Train Loss: 0.0010, Train Accuracy: 99.97%
Validation Loss: 0.4750, Validation Accuracy: 87.72%
[Epoch 20, Batch     2] loss: 0.000
[Epoch 20, Batch   102] loss: 0.028
[Epoch 20, Batch   202] loss: 0.014
Epoch 20/20:
Train Loss: 0.0015, Train Accuracy: 99.56%
Validation Loss: 0.5809, Validation Accuracy: 86.95%
Model saved to models/resnet18-MNIST-predictive_entropy-bottom-0.7-2
Modified conv1: updated in_channels to 1.
Modified fc layer: updated out_features to 10.
Initialized untrained model.
resnet18-MNIST-predictive_entropy-bottom-0.8-2
[Epoch 1, Batch     2] loss: 0.035
[Epoch 1, Batch   102] loss: 0.073
Epoch 1/20:
Train Loss: 0.0143, Train Accuracy: 97.85%
Validation Loss: 1.3857, Validation Accuracy: 72.20%
[Epoch 2, Batch     2] loss: 0.000
[Epoch 2, Batch   102] loss: 0.016
Epoch 2/20:
Train Loss: 0.0061, Train Accuracy: 99.59%
Validation Loss: 1.8153, Validation Accuracy: 69.05%
[Epoch 3, Batch     2] loss: 0.000
[Epoch 3, Batch   102] loss: 0.012
Epoch 3/20:
Train Loss: 0.0057, Train Accuracy: 99.62%
Validation Loss: 1.3125, Validation Accuracy: 73.99%
[Epoch 4, Batch     2] loss: 0.000
[Epoch 4, Batch   102] loss: 0.013
Epoch 4/20:
Train Loss: 0.0018, Train Accuracy: 99.74%
Validation Loss: 1.2522, Validation Accuracy: 75.47%
[Epoch 5, Batch     2] loss: 0.000
[Epoch 5, Batch   102] loss: 0.009
Epoch 5/20:
Train Loss: 0.0027, Train Accuracy: 99.81%
Validation Loss: 1.5219, Validation Accuracy: 75.70%
[Epoch 6, Batch     2] loss: 0.000
[Epoch 6, Batch   102] loss: 0.009
Epoch 6/20:
Train Loss: 0.0058, Train Accuracy: 99.72%
Validation Loss: 1.5169, Validation Accuracy: 68.99%
[Epoch 7, Batch     2] loss: 0.000
[Epoch 7, Batch   102] loss: 0.011
Epoch 7/20:
Train Loss: 0.0028, Train Accuracy: 99.73%
Validation Loss: 1.7055, Validation Accuracy: 76.11%
[Epoch 8, Batch     2] loss: 0.000
[Epoch 8, Batch   102] loss: 0.001
Epoch 8/20:
Train Loss: 0.0003, Train Accuracy: 99.97%
Validation Loss: 1.2958, Validation Accuracy: 78.50%
[Epoch 9, Batch     2] loss: 0.000
[Epoch 9, Batch   102] loss: 0.007
Epoch 9/20:
Train Loss: 0.0013, Train Accuracy: 99.87%
Validation Loss: 1.0553, Validation Accuracy: 79.66%
[Epoch 10, Batch     2] loss: 0.000
[Epoch 10, Batch   102] loss: 0.003
Epoch 10/20:
Train Loss: 0.0097, Train Accuracy: 99.69%
Validation Loss: 0.9240, Validation Accuracy: 80.50%
[Epoch 11, Batch     2] loss: 0.000
[Epoch 11, Batch   102] loss: 0.008
Epoch 11/20:
Train Loss: 0.0011, Train Accuracy: 99.85%
Validation Loss: 0.9758, Validation Accuracy: 80.48%
[Epoch 12, Batch     2] loss: 0.000
[Epoch 12, Batch   102] loss: 0.001
Epoch 12/20:
Train Loss: 0.0011, Train Accuracy: 99.97%
Validation Loss: 1.1344, Validation Accuracy: 80.35%
[Epoch 13, Batch     2] loss: 0.000
[Epoch 13, Batch   102] loss: 0.001
Epoch 13/20:
Train Loss: 0.0036, Train Accuracy: 99.88%
Validation Loss: 0.9234, Validation Accuracy: 81.02%
[Epoch 14, Batch     2] loss: 0.000
[Epoch 14, Batch   102] loss: 0.001
Epoch 14/20:
Train Loss: 0.0026, Train Accuracy: 99.92%
Validation Loss: 1.2518, Validation Accuracy: 79.47%
[Epoch 15, Batch     2] loss: 0.000
[Epoch 15, Batch   102] loss: 0.016
Epoch 15/20:
Train Loss: 0.0074, Train Accuracy: 99.55%
Validation Loss: 1.2789, Validation Accuracy: 78.50%
[Epoch 16, Batch     2] loss: 0.000
[Epoch 16, Batch   102] loss: 0.015
Epoch 16/20:
Train Loss: 0.0023, Train Accuracy: 99.73%
Validation Loss: 1.2397, Validation Accuracy: 78.62%
[Epoch 17, Batch     2] loss: 0.000
[Epoch 17, Batch   102] loss: 0.002
Epoch 17/20:
Train Loss: 0.0019, Train Accuracy: 99.93%
Validation Loss: 1.2350, Validation Accuracy: 78.94%
[Epoch 18, Batch     2] loss: 0.000
[Epoch 18, Batch   102] loss: 0.004
Epoch 18/20:
Train Loss: 0.0023, Train Accuracy: 99.84%
Validation Loss: 1.4418, Validation Accuracy: 75.86%
[Epoch 19, Batch     2] loss: 0.000
[Epoch 19, Batch   102] loss: 0.001
Epoch 19/20:
Train Loss: 0.0001, Train Accuracy: 99.99%
Validation Loss: 1.3026, Validation Accuracy: 78.33%
[Epoch 20, Batch     2] loss: 0.000
[Epoch 20, Batch   102] loss: 0.000
Epoch 20/20:
Train Loss: 0.0010, Train Accuracy: 99.97%
Validation Loss: 1.3602, Validation Accuracy: 74.60%
Model saved to models/resnet18-MNIST-predictive_entropy-bottom-0.8-2
Modified conv1: updated in_channels to 1.
Modified fc layer: updated out_features to 10.
Initialized untrained model.
resnet18-MNIST-predictive_entropy-bottom-0.9-2
[Epoch 1, Batch     2] loss: 0.036
Epoch 1/20:
Train Loss: 0.0644, Train Accuracy: 97.14%
Validation Loss: 2.8565, Validation Accuracy: 55.46%
[Epoch 2, Batch     2] loss: 0.000
Epoch 2/20:
Train Loss: 0.0162, Train Accuracy: 99.58%
Validation Loss: 3.1358, Validation Accuracy: 51.05%
[Epoch 3, Batch     2] loss: 0.002
Epoch 3/20:
Train Loss: 0.0173, Train Accuracy: 99.45%
Validation Loss: 2.0607, Validation Accuracy: 59.47%
[Epoch 4, Batch     2] loss: 0.000
Epoch 4/20:
Train Loss: 0.0059, Train Accuracy: 99.82%
Validation Loss: 2.0133, Validation Accuracy: 60.31%
[Epoch 5, Batch     2] loss: 0.000
Epoch 5/20:
Train Loss: 0.0092, Train Accuracy: 99.76%
Validation Loss: 1.9003, Validation Accuracy: 61.34%
[Epoch 6, Batch     2] loss: 0.000
Epoch 6/20:
Train Loss: 0.0064, Train Accuracy: 99.78%
Validation Loss: 1.8768, Validation Accuracy: 58.87%
[Epoch 7, Batch     2] loss: 0.000
Epoch 7/20:
Train Loss: 0.0154, Train Accuracy: 99.56%
Validation Loss: 1.8804, Validation Accuracy: 59.08%
[Epoch 8, Batch     2] loss: 0.000
Epoch 8/20:
Train Loss: 0.0069, Train Accuracy: 99.80%
Validation Loss: 1.2570, Validation Accuracy: 68.41%
[Epoch 9, Batch     2] loss: 0.000
Epoch 9/20:
Train Loss: 0.0050, Train Accuracy: 99.88%
Validation Loss: 1.4213, Validation Accuracy: 70.06%
[Epoch 10, Batch     2] loss: 0.000
Epoch 10/20:
Train Loss: 0.0087, Train Accuracy: 99.73%
Validation Loss: 1.8497, Validation Accuracy: 61.97%
[Epoch 11, Batch     2] loss: 0.000
Epoch 11/20:
Train Loss: 0.0129, Train Accuracy: 99.56%
Validation Loss: 1.8651, Validation Accuracy: 60.79%
[Epoch 12, Batch     2] loss: 0.000
Epoch 12/20:
Train Loss: 0.0076, Train Accuracy: 99.83%
Validation Loss: 1.7166, Validation Accuracy: 62.39%
[Epoch 13, Batch     2] loss: 0.000
Epoch 13/20:
Train Loss: 0.0010, Train Accuracy: 99.98%
Validation Loss: 1.4169, Validation Accuracy: 68.19%
[Epoch 14, Batch     2] loss: 0.000
Epoch 14/20:
Train Loss: 0.0006, Train Accuracy: 99.98%
Validation Loss: 1.4939, Validation Accuracy: 67.72%
[Epoch 15, Batch     2] loss: 0.000
Epoch 15/20:
Train Loss: 0.0002, Train Accuracy: 100.00%
Validation Loss: 1.3811, Validation Accuracy: 69.95%
[Epoch 16, Batch     2] loss: 0.000
Epoch 16/20:
Train Loss: 0.0002, Train Accuracy: 100.00%
Validation Loss: 1.3476, Validation Accuracy: 69.89%
[Epoch 17, Batch     2] loss: 0.000
Epoch 17/20:
Train Loss: 0.0002, Train Accuracy: 100.00%
Validation Loss: 1.2298, Validation Accuracy: 72.79%
[Epoch 18, Batch     2] loss: 0.000
Epoch 18/20:
Train Loss: 0.0002, Train Accuracy: 100.00%
Validation Loss: 1.2682, Validation Accuracy: 71.45%
[Epoch 19, Batch     2] loss: 0.000
Epoch 19/20:
Train Loss: 0.0002, Train Accuracy: 100.00%
Validation Loss: 1.3095, Validation Accuracy: 70.42%
[Epoch 20, Batch     2] loss: 0.000
Epoch 20/20:
Train Loss: 0.0003, Train Accuracy: 100.00%
Validation Loss: 1.3202, Validation Accuracy: 71.34%
Model saved to models/resnet18-MNIST-predictive_entropy-bottom-0.9-2
Modified conv1: updated in_channels to 1.
Modified fc layer: updated out_features to 10.
Initialized untrained model.
resnet18-MNIST-predictive_entropy-bottom-0.95-2
[Epoch 1, Batch     2] loss: 0.035
Epoch 1/20:
Train Loss: 0.0556, Train Accuracy: 96.20%
Validation Loss: 4.3772, Validation Accuracy: 48.01%
[Epoch 2, Batch     2] loss: 0.000
Epoch 2/20:
Train Loss: 0.0446, Train Accuracy: 98.81%
Validation Loss: 4.5005, Validation Accuracy: 51.99%
[Epoch 3, Batch     2] loss: 0.001
Epoch 3/20:
Train Loss: 0.0094, Train Accuracy: 99.76%
Validation Loss: 3.6504, Validation Accuracy: 55.98%
[Epoch 4, Batch     2] loss: 0.000
Epoch 4/20:
Train Loss: 0.0060, Train Accuracy: 99.69%
Validation Loss: 3.7395, Validation Accuracy: 53.71%
[Epoch 5, Batch     2] loss: 0.000
Epoch 5/20:
Train Loss: 0.0060, Train Accuracy: 99.76%
Validation Loss: 3.3568, Validation Accuracy: 55.38%
[Epoch 6, Batch     2] loss: 0.001
Epoch 6/20:
Train Loss: 0.0020, Train Accuracy: 99.86%
Validation Loss: 3.5485, Validation Accuracy: 53.96%
[Epoch 7, Batch     2] loss: 0.000
Epoch 7/20:
Train Loss: 0.0035, Train Accuracy: 99.90%
Validation Loss: 3.7647, Validation Accuracy: 54.28%
[Epoch 8, Batch     2] loss: 0.000
Epoch 8/20:
Train Loss: 0.0177, Train Accuracy: 99.63%
Validation Loss: 4.8698, Validation Accuracy: 53.08%
[Epoch 9, Batch     2] loss: 0.001
Epoch 9/20:
Train Loss: 0.0059, Train Accuracy: 99.83%
Validation Loss: 3.7650, Validation Accuracy: 52.99%
[Epoch 10, Batch     2] loss: 0.000
Epoch 10/20:
Train Loss: 0.0086, Train Accuracy: 99.83%
Validation Loss: 3.9220, Validation Accuracy: 54.54%
[Epoch 11, Batch     2] loss: 0.000
Epoch 11/20:
Train Loss: 0.0024, Train Accuracy: 99.93%
Validation Loss: 3.6827, Validation Accuracy: 55.92%
[Epoch 12, Batch     2] loss: 0.000
Epoch 12/20:
Train Loss: 0.0001, Train Accuracy: 100.00%
Validation Loss: 3.3735, Validation Accuracy: 57.87%
[Epoch 13, Batch     2] loss: 0.000
Epoch 13/20:
Train Loss: 0.0004, Train Accuracy: 99.97%
Validation Loss: 3.2167, Validation Accuracy: 57.57%
[Epoch 14, Batch     2] loss: 0.000
Epoch 14/20:
Train Loss: 0.0031, Train Accuracy: 99.90%
Validation Loss: 3.2605, Validation Accuracy: 57.96%
[Epoch 15, Batch     2] loss: 0.000
Epoch 15/20:
Train Loss: 0.0001, Train Accuracy: 100.00%
Validation Loss: 3.1404, Validation Accuracy: 58.19%
[Epoch 16, Batch     2] loss: 0.000
Epoch 16/20:
Train Loss: 0.0003, Train Accuracy: 100.00%
Validation Loss: 3.2110, Validation Accuracy: 58.26%
[Epoch 17, Batch     2] loss: 0.000
Epoch 17/20:
Train Loss: 0.0001, Train Accuracy: 100.00%
Validation Loss: 3.0602, Validation Accuracy: 58.19%
[Epoch 18, Batch     2] loss: 0.000
Epoch 18/20:
Train Loss: 0.0001, Train Accuracy: 100.00%
Validation Loss: 3.0325, Validation Accuracy: 58.11%
[Epoch 19, Batch     2] loss: 0.000
Epoch 19/20:
Train Loss: 0.0001, Train Accuracy: 100.00%
Validation Loss: 3.1575, Validation Accuracy: 58.26%
[Epoch 20, Batch     2] loss: 0.000
Epoch 20/20:
Train Loss: 0.0001, Train Accuracy: 100.00%
Validation Loss: 3.0365, Validation Accuracy: 58.28%
Model saved to models/resnet18-MNIST-predictive_entropy-bottom-0.95-2
Modified conv1: updated in_channels to 1.
Modified fc layer: updated out_features to 10.
Loaded weights from file: models/resnet18_MNIST_2
Modified conv1: updated in_channels to 1.
Modified fc layer: updated out_features to 10.
Initialized untrained model.
resnet18-MNIST-predictive_entropy-median-0.3-2
[Epoch 1, Batch     2] loss: 0.041
[Epoch 1, Batch   102] loss: 0.256
[Epoch 1, Batch   202] loss: 0.121
[Epoch 1, Batch   302] loss: 0.078
[Epoch 1, Batch   402] loss: 0.066
[Epoch 1, Batch   502] loss: 0.060
[Epoch 1, Batch   602] loss: 0.050
Epoch 1/20:
Train Loss: 0.0064, Train Accuracy: 96.60%
Validation Loss: 0.0957, Validation Accuracy: 97.12%
[Epoch 2, Batch     2] loss: 0.000
[Epoch 2, Batch   102] loss: 0.053
[Epoch 2, Batch   202] loss: 0.029
[Epoch 2, Batch   302] loss: 0.043
[Epoch 2, Batch   402] loss: 0.027
[Epoch 2, Batch   502] loss: 0.031
[Epoch 2, Batch   602] loss: 0.024
Epoch 2/20:
Train Loss: 0.0023, Train Accuracy: 99.01%
Validation Loss: 0.0774, Validation Accuracy: 97.79%
[Epoch 3, Batch     2] loss: 0.000
[Epoch 3, Batch   102] loss: 0.021
[Epoch 3, Batch   202] loss: 0.017
[Epoch 3, Batch   302] loss: 0.022
[Epoch 3, Batch   402] loss: 0.013
[Epoch 3, Batch   502] loss: 0.023
[Epoch 3, Batch   602] loss: 0.020
Epoch 3/20:
Train Loss: 0.0024, Train Accuracy: 99.39%
Validation Loss: 0.0714, Validation Accuracy: 97.91%
[Epoch 4, Batch     2] loss: 0.000
[Epoch 4, Batch   102] loss: 0.024
[Epoch 4, Batch   202] loss: 0.027
[Epoch 4, Batch   302] loss: 0.020
[Epoch 4, Batch   402] loss: 0.021
[Epoch 4, Batch   502] loss: 0.021
[Epoch 4, Batch   602] loss: 0.017
Epoch 4/20:
Train Loss: 0.0015, Train Accuracy: 99.30%
Validation Loss: 0.0915, Validation Accuracy: 97.67%
[Epoch 5, Batch     2] loss: 0.000
[Epoch 5, Batch   102] loss: 0.013
[Epoch 5, Batch   202] loss: 0.020
[Epoch 5, Batch   302] loss: 0.013
[Epoch 5, Batch   402] loss: 0.018
[Epoch 5, Batch   502] loss: 0.016
[Epoch 5, Batch   602] loss: 0.013
Epoch 5/20:
Train Loss: 0.0028, Train Accuracy: 99.52%
Validation Loss: 0.2371, Validation Accuracy: 93.02%
[Epoch 6, Batch     2] loss: 0.001
[Epoch 6, Batch   102] loss: 0.016
[Epoch 6, Batch   202] loss: 0.029
[Epoch 6, Batch   302] loss: 0.021
[Epoch 6, Batch   402] loss: 0.013
[Epoch 6, Batch   502] loss: 0.018
[Epoch 6, Batch   602] loss: 0.009
Epoch 6/20:
Train Loss: 0.0006, Train Accuracy: 99.53%
Validation Loss: 0.0419, Validation Accuracy: 98.79%
[Epoch 7, Batch     2] loss: 0.000
[Epoch 7, Batch   102] loss: 0.021
[Epoch 7, Batch   202] loss: 0.015
[Epoch 7, Batch   302] loss: 0.012
[Epoch 7, Batch   402] loss: 0.013
[Epoch 7, Batch   502] loss: 0.010
[Epoch 7, Batch   602] loss: 0.012
Epoch 7/20:
Train Loss: 0.0015, Train Accuracy: 99.58%
Validation Loss: 0.1047, Validation Accuracy: 97.33%
[Epoch 8, Batch     2] loss: 0.000
[Epoch 8, Batch   102] loss: 0.022
[Epoch 8, Batch   202] loss: 0.015
[Epoch 8, Batch   302] loss: 0.025
[Epoch 8, Batch   402] loss: 0.011
[Epoch 8, Batch   502] loss: 0.008
[Epoch 8, Batch   602] loss: 0.018
Epoch 8/20:
Train Loss: 0.0016, Train Accuracy: 99.50%
Validation Loss: 0.0782, Validation Accuracy: 97.95%
[Epoch 9, Batch     2] loss: 0.000
[Epoch 9, Batch   102] loss: 0.012
[Epoch 9, Batch   202] loss: 0.013
[Epoch 9, Batch   302] loss: 0.011
[Epoch 9, Batch   402] loss: 0.016
[Epoch 9, Batch   502] loss: 0.011
[Epoch 9, Batch   602] loss: 0.011
Epoch 9/20:
Train Loss: 0.0010, Train Accuracy: 99.64%
Validation Loss: 0.0911, Validation Accuracy: 97.55%
[Epoch 10, Batch     2] loss: 0.001
[Epoch 10, Batch   102] loss: 0.009
[Epoch 10, Batch   202] loss: 0.012
[Epoch 10, Batch   302] loss: 0.015
[Epoch 10, Batch   402] loss: 0.005
[Epoch 10, Batch   502] loss: 0.007
[Epoch 10, Batch   602] loss: 0.011
Epoch 10/20:
Train Loss: 0.0006, Train Accuracy: 99.73%
Validation Loss: 0.0755, Validation Accuracy: 97.94%
[Epoch 11, Batch     2] loss: 0.000
[Epoch 11, Batch   102] loss: 0.019
[Epoch 11, Batch   202] loss: 0.009
[Epoch 11, Batch   302] loss: 0.002
[Epoch 11, Batch   402] loss: 0.022
[Epoch 11, Batch   502] loss: 0.017
[Epoch 11, Batch   602] loss: 0.017
Epoch 11/20:
Train Loss: 0.0006, Train Accuracy: 99.60%
Validation Loss: 0.0705, Validation Accuracy: 98.00%
[Epoch 12, Batch     2] loss: 0.000
[Epoch 12, Batch   102] loss: 0.012
[Epoch 12, Batch   202] loss: 0.009
[Epoch 12, Batch   302] loss: 0.007
[Epoch 12, Batch   402] loss: 0.021
[Epoch 12, Batch   502] loss: 0.012
[Epoch 12, Batch   602] loss: 0.014
Epoch 12/20:
Train Loss: 0.0009, Train Accuracy: 99.63%
Validation Loss: 0.0632, Validation Accuracy: 98.37%
[Epoch 13, Batch     2] loss: 0.000
[Epoch 13, Batch   102] loss: 0.009
[Epoch 13, Batch   202] loss: 0.007
[Epoch 13, Batch   302] loss: 0.005
[Epoch 13, Batch   402] loss: 0.003
[Epoch 13, Batch   502] loss: 0.009
[Epoch 13, Batch   602] loss: 0.013
Epoch 13/20:
Train Loss: 0.0016, Train Accuracy: 99.75%
Validation Loss: 0.0906, Validation Accuracy: 97.71%
[Epoch 14, Batch     2] loss: 0.000
[Epoch 14, Batch   102] loss: 0.010
[Epoch 14, Batch   202] loss: 0.007
[Epoch 14, Batch   302] loss: 0.009
[Epoch 14, Batch   402] loss: 0.009
[Epoch 14, Batch   502] loss: 0.010
[Epoch 14, Batch   602] loss: 0.003
Epoch 14/20:
Train Loss: 0.0003, Train Accuracy: 99.78%
Validation Loss: 0.0606, Validation Accuracy: 98.41%
[Epoch 15, Batch     2] loss: 0.000
[Epoch 15, Batch   102] loss: 0.006
[Epoch 15, Batch   202] loss: 0.002
[Epoch 15, Batch   302] loss: 0.001
[Epoch 15, Batch   402] loss: 0.003
[Epoch 15, Batch   502] loss: 0.030
[Epoch 15, Batch   602] loss: 0.004
Epoch 15/20:
Train Loss: 0.0010, Train Accuracy: 99.79%
Validation Loss: 0.0569, Validation Accuracy: 98.39%
[Epoch 16, Batch     2] loss: 0.001
[Epoch 16, Batch   102] loss: 0.007
[Epoch 16, Batch   202] loss: 0.020
[Epoch 16, Batch   302] loss: 0.011
[Epoch 16, Batch   402] loss: 0.004
[Epoch 16, Batch   502] loss: 0.007
[Epoch 16, Batch   602] loss: 0.004
Epoch 16/20:
Train Loss: 0.0007, Train Accuracy: 99.77%
Validation Loss: 0.0438, Validation Accuracy: 98.91%
[Epoch 17, Batch     2] loss: 0.000
[Epoch 17, Batch   102] loss: 0.007
[Epoch 17, Batch   202] loss: 0.014
[Epoch 17, Batch   302] loss: 0.006
[Epoch 17, Batch   402] loss: 0.007
[Epoch 17, Batch   502] loss: 0.008
[Epoch 17, Batch   602] loss: 0.008
Epoch 17/20:
Train Loss: 0.0009, Train Accuracy: 99.79%
Validation Loss: 0.0626, Validation Accuracy: 98.37%
[Epoch 18, Batch     2] loss: 0.000
[Epoch 18, Batch   102] loss: 0.008
[Epoch 18, Batch   202] loss: 0.007
[Epoch 18, Batch   302] loss: 0.009
[Epoch 18, Batch   402] loss: 0.012
[Epoch 18, Batch   502] loss: 0.008
[Epoch 18, Batch   602] loss: 0.007
Epoch 18/20:
Train Loss: 0.0008, Train Accuracy: 99.76%
Validation Loss: 0.0556, Validation Accuracy: 98.42%
[Epoch 19, Batch     2] loss: 0.000
[Epoch 19, Batch   102] loss: 0.007
[Epoch 19, Batch   202] loss: 0.007
[Epoch 19, Batch   302] loss: 0.003
[Epoch 19, Batch   402] loss: 0.001
[Epoch 19, Batch   502] loss: 0.005
[Epoch 19, Batch   602] loss: 0.008
Epoch 19/20:
Train Loss: 0.0004, Train Accuracy: 99.85%
Validation Loss: 0.0651, Validation Accuracy: 98.38%
[Epoch 20, Batch     2] loss: 0.001
[Epoch 20, Batch   102] loss: 0.011
[Epoch 20, Batch   202] loss: 0.005
[Epoch 20, Batch   302] loss: 0.004
[Epoch 20, Batch   402] loss: 0.009
[Epoch 20, Batch   502] loss: 0.005
[Epoch 20, Batch   602] loss: 0.007
Epoch 20/20:
Train Loss: 0.0008, Train Accuracy: 99.79%
Validation Loss: 0.0448, Validation Accuracy: 98.85%
Model saved to models/resnet18-MNIST-predictive_entropy-median-0.3-2
Modified conv1: updated in_channels to 1.
Modified fc layer: updated out_features to 10.
Initialized untrained model.
resnet18-MNIST-predictive_entropy-median-0.5-2
[Epoch 1, Batch     2] loss: 0.045
[Epoch 1, Batch   102] loss: 0.235
[Epoch 1, Batch   202] loss: 0.098
[Epoch 1, Batch   302] loss: 0.063
[Epoch 1, Batch   402] loss: 0.046
Epoch 1/20:
Train Loss: 0.0086, Train Accuracy: 96.47%
Validation Loss: 0.3106, Validation Accuracy: 91.87%
[Epoch 2, Batch     2] loss: 0.001
[Epoch 2, Batch   102] loss: 0.042
[Epoch 2, Batch   202] loss: 0.045
[Epoch 2, Batch   302] loss: 0.036
[Epoch 2, Batch   402] loss: 0.022
Epoch 2/20:
Train Loss: 0.0027, Train Accuracy: 99.05%
Validation Loss: 0.0985, Validation Accuracy: 97.18%
[Epoch 3, Batch     2] loss: 0.000
[Epoch 3, Batch   102] loss: 0.022
[Epoch 3, Batch   202] loss: 0.018
[Epoch 3, Batch   302] loss: 0.029
[Epoch 3, Batch   402] loss: 0.017
Epoch 3/20:
Train Loss: 0.0020, Train Accuracy: 99.41%
Validation Loss: 0.1333, Validation Accuracy: 96.45%
[Epoch 4, Batch     2] loss: 0.001
[Epoch 4, Batch   102] loss: 0.013
[Epoch 4, Batch   202] loss: 0.025
[Epoch 4, Batch   302] loss: 0.025
[Epoch 4, Batch   402] loss: 0.025
Epoch 4/20:
Train Loss: 0.0023, Train Accuracy: 99.30%
Validation Loss: 0.0788, Validation Accuracy: 97.74%
[Epoch 5, Batch     2] loss: 0.000
[Epoch 5, Batch   102] loss: 0.014
[Epoch 5, Batch   202] loss: 0.010
[Epoch 5, Batch   302] loss: 0.013
[Epoch 5, Batch   402] loss: 0.021
Epoch 5/20:
Train Loss: 0.0021, Train Accuracy: 99.61%
Validation Loss: 0.0907, Validation Accuracy: 97.55%
[Epoch 6, Batch     2] loss: 0.000
[Epoch 6, Batch   102] loss: 0.009
[Epoch 6, Batch   202] loss: 0.008
[Epoch 6, Batch   302] loss: 0.010
[Epoch 6, Batch   402] loss: 0.006
Epoch 6/20:
Train Loss: 0.0041, Train Accuracy: 99.64%
Validation Loss: 0.2136, Validation Accuracy: 94.53%
[Epoch 7, Batch     2] loss: 0.000
[Epoch 7, Batch   102] loss: 0.023
[Epoch 7, Batch   202] loss: 0.024
[Epoch 7, Batch   302] loss: 0.021
[Epoch 7, Batch   402] loss: 0.015
Epoch 7/20:
Train Loss: 0.0011, Train Accuracy: 99.45%
Validation Loss: 0.0749, Validation Accuracy: 98.02%
[Epoch 8, Batch     2] loss: 0.000
[Epoch 8, Batch   102] loss: 0.010
[Epoch 8, Batch   202] loss: 0.012
[Epoch 8, Batch   302] loss: 0.014
[Epoch 8, Batch   402] loss: 0.011
Epoch 8/20:
Train Loss: 0.0013, Train Accuracy: 99.65%
Validation Loss: 0.0655, Validation Accuracy: 98.17%
[Epoch 9, Batch     2] loss: 0.000
[Epoch 9, Batch   102] loss: 0.022
[Epoch 9, Batch   202] loss: 0.011
[Epoch 9, Batch   302] loss: 0.021
[Epoch 9, Batch   402] loss: 0.004
Epoch 9/20:
Train Loss: 0.0005, Train Accuracy: 99.63%
Validation Loss: 0.0529, Validation Accuracy: 98.61%
[Epoch 10, Batch     2] loss: 0.000
[Epoch 10, Batch   102] loss: 0.001
[Epoch 10, Batch   202] loss: 0.006
[Epoch 10, Batch   302] loss: 0.006
[Epoch 10, Batch   402] loss: 0.022
Epoch 10/20:
Train Loss: 0.0020, Train Accuracy: 99.76%
Validation Loss: 0.0907, Validation Accuracy: 97.65%
[Epoch 11, Batch     2] loss: 0.001
[Epoch 11, Batch   102] loss: 0.012
[Epoch 11, Batch   202] loss: 0.017
[Epoch 11, Batch   302] loss: 0.011
[Epoch 11, Batch   402] loss: 0.019
Epoch 11/20:
Train Loss: 0.0009, Train Accuracy: 99.59%
Validation Loss: 0.1983, Validation Accuracy: 95.00%
[Epoch 12, Batch     2] loss: 0.001
[Epoch 12, Batch   102] loss: 0.013
[Epoch 12, Batch   202] loss: 0.007
[Epoch 12, Batch   302] loss: 0.009
[Epoch 12, Batch   402] loss: 0.011
Epoch 12/20:
Train Loss: 0.0027, Train Accuracy: 99.67%
Validation Loss: 0.0729, Validation Accuracy: 97.88%
[Epoch 13, Batch     2] loss: 0.000
[Epoch 13, Batch   102] loss: 0.010
[Epoch 13, Batch   202] loss: 0.010
[Epoch 13, Batch   302] loss: 0.010
[Epoch 13, Batch   402] loss: 0.012
Epoch 13/20:
Train Loss: 0.0008, Train Accuracy: 99.73%
Validation Loss: 0.0755, Validation Accuracy: 97.96%
[Epoch 14, Batch     2] loss: 0.000
[Epoch 14, Batch   102] loss: 0.011
[Epoch 14, Batch   202] loss: 0.009
[Epoch 14, Batch   302] loss: 0.006
[Epoch 14, Batch   402] loss: 0.003
Epoch 14/20:
Train Loss: 0.0014, Train Accuracy: 99.77%
Validation Loss: 0.1167, Validation Accuracy: 97.26%
[Epoch 15, Batch     2] loss: 0.000
[Epoch 15, Batch   102] loss: 0.008
[Epoch 15, Batch   202] loss: 0.015
[Epoch 15, Batch   302] loss: 0.008
[Epoch 15, Batch   402] loss: 0.019
Epoch 15/20:
Train Loss: 0.0011, Train Accuracy: 99.71%
Validation Loss: 0.0594, Validation Accuracy: 98.48%
[Epoch 16, Batch     2] loss: 0.000
[Epoch 16, Batch   102] loss: 0.012
[Epoch 16, Batch   202] loss: 0.006
[Epoch 16, Batch   302] loss: 0.013
[Epoch 16, Batch   402] loss: 0.011
Epoch 16/20:
Train Loss: 0.0022, Train Accuracy: 99.69%
Validation Loss: 0.0761, Validation Accuracy: 97.79%
[Epoch 17, Batch     2] loss: 0.000
[Epoch 17, Batch   102] loss: 0.008
[Epoch 17, Batch   202] loss: 0.006
[Epoch 17, Batch   302] loss: 0.001
[Epoch 17, Batch   402] loss: 0.002
Epoch 17/20:
Train Loss: 0.0010, Train Accuracy: 99.89%
Validation Loss: 0.0774, Validation Accuracy: 97.94%
[Epoch 18, Batch     2] loss: 0.000
[Epoch 18, Batch   102] loss: 0.007
[Epoch 18, Batch   202] loss: 0.022
[Epoch 18, Batch   302] loss: 0.010
[Epoch 18, Batch   402] loss: 0.009
Epoch 18/20:
Train Loss: 0.0006, Train Accuracy: 99.68%
Validation Loss: 0.0531, Validation Accuracy: 98.60%
[Epoch 19, Batch     2] loss: 0.001
[Epoch 19, Batch   102] loss: 0.006
[Epoch 19, Batch   202] loss: 0.004
[Epoch 19, Batch   302] loss: 0.009
[Epoch 19, Batch   402] loss: 0.003
Epoch 19/20:
Train Loss: 0.0002, Train Accuracy: 99.87%
Validation Loss: 0.0536, Validation Accuracy: 98.65%
[Epoch 20, Batch     2] loss: 0.000
[Epoch 20, Batch   102] loss: 0.007
[Epoch 20, Batch   202] loss: 0.008
[Epoch 20, Batch   302] loss: 0.009
[Epoch 20, Batch   402] loss: 0.008
Epoch 20/20:
Train Loss: 0.0023, Train Accuracy: 99.73%
Validation Loss: 0.0945, Validation Accuracy: 97.26%
Model saved to models/resnet18-MNIST-predictive_entropy-median-0.5-2
Modified conv1: updated in_channels to 1.
Modified fc layer: updated out_features to 10.
Initialized untrained model.
resnet18-MNIST-predictive_entropy-median-0.7-2
[Epoch 1, Batch     2] loss: 0.041
[Epoch 1, Batch   102] loss: 0.223
[Epoch 1, Batch   202] loss: 0.078
Epoch 1/20:
Train Loss: 0.0181, Train Accuracy: 95.46%
Validation Loss: 0.1160, Validation Accuracy: 96.92%
[Epoch 2, Batch     2] loss: 0.001
[Epoch 2, Batch   102] loss: 0.034
[Epoch 2, Batch   202] loss: 0.050
Epoch 2/20:
Train Loss: 0.0094, Train Accuracy: 98.83%
Validation Loss: 0.1519, Validation Accuracy: 95.77%
[Epoch 3, Batch     2] loss: 0.001
[Epoch 3, Batch   102] loss: 0.027
[Epoch 3, Batch   202] loss: 0.021
Epoch 3/20:
Train Loss: 0.0096, Train Accuracy: 99.20%
Validation Loss: 0.1226, Validation Accuracy: 96.54%
[Epoch 4, Batch     2] loss: 0.001
[Epoch 4, Batch   102] loss: 0.020
[Epoch 4, Batch   202] loss: 0.019
Epoch 4/20:
Train Loss: 0.0081, Train Accuracy: 99.35%
Validation Loss: 0.1566, Validation Accuracy: 95.75%
[Epoch 5, Batch     2] loss: 0.000
[Epoch 5, Batch   102] loss: 0.013
[Epoch 5, Batch   202] loss: 0.022
Epoch 5/20:
Train Loss: 0.0054, Train Accuracy: 99.47%
Validation Loss: 0.1170, Validation Accuracy: 96.83%
[Epoch 6, Batch     2] loss: 0.000
[Epoch 6, Batch   102] loss: 0.024
[Epoch 6, Batch   202] loss: 0.013
Epoch 6/20:
Train Loss: 0.0031, Train Accuracy: 99.49%
Validation Loss: 0.1590, Validation Accuracy: 96.00%
[Epoch 7, Batch     2] loss: 0.000
[Epoch 7, Batch   102] loss: 0.009
[Epoch 7, Batch   202] loss: 0.008
Epoch 7/20:
Train Loss: 0.0010, Train Accuracy: 99.84%
Validation Loss: 0.0891, Validation Accuracy: 97.69%
[Epoch 8, Batch     2] loss: 0.000
[Epoch 8, Batch   102] loss: 0.017
[Epoch 8, Batch   202] loss: 0.012
Epoch 8/20:
Train Loss: 0.0071, Train Accuracy: 99.51%
Validation Loss: 0.2537, Validation Accuracy: 93.45%
[Epoch 9, Batch     2] loss: 0.000
[Epoch 9, Batch   102] loss: 0.018
[Epoch 9, Batch   202] loss: 0.020
Epoch 9/20:
Train Loss: 0.0017, Train Accuracy: 99.53%
Validation Loss: 0.0758, Validation Accuracy: 97.96%
[Epoch 10, Batch     2] loss: 0.000
[Epoch 10, Batch   102] loss: 0.007
[Epoch 10, Batch   202] loss: 0.008
Epoch 10/20:
Train Loss: 0.0038, Train Accuracy: 99.73%
Validation Loss: 0.2204, Validation Accuracy: 94.46%
[Epoch 11, Batch     2] loss: 0.001
[Epoch 11, Batch   102] loss: 0.009
[Epoch 11, Batch   202] loss: 0.010
Epoch 11/20:
Train Loss: 0.0082, Train Accuracy: 99.56%
Validation Loss: 0.1070, Validation Accuracy: 97.20%
[Epoch 12, Batch     2] loss: 0.000
[Epoch 12, Batch   102] loss: 0.008
[Epoch 12, Batch   202] loss: 0.010
Epoch 12/20:
Train Loss: 0.0021, Train Accuracy: 99.77%
Validation Loss: 0.0940, Validation Accuracy: 97.49%
[Epoch 13, Batch     2] loss: 0.000
[Epoch 13, Batch   102] loss: 0.008
[Epoch 13, Batch   202] loss: 0.009
Epoch 13/20:
Train Loss: 0.0012, Train Accuracy: 99.83%
Validation Loss: 0.0960, Validation Accuracy: 97.70%
[Epoch 14, Batch     2] loss: 0.000
[Epoch 14, Batch   102] loss: 0.008
[Epoch 14, Batch   202] loss: 0.010
Epoch 14/20:
Train Loss: 0.0030, Train Accuracy: 99.79%
Validation Loss: 0.0748, Validation Accuracy: 98.03%
[Epoch 15, Batch     2] loss: 0.000
[Epoch 15, Batch   102] loss: 0.003
[Epoch 15, Batch   202] loss: 0.014
Epoch 15/20:
Train Loss: 0.0056, Train Accuracy: 99.70%
Validation Loss: 0.1982, Validation Accuracy: 94.93%
[Epoch 16, Batch     2] loss: 0.000
[Epoch 16, Batch   102] loss: 0.010
[Epoch 16, Batch   202] loss: 0.013
Epoch 16/20:
Train Loss: 0.0011, Train Accuracy: 99.76%
Validation Loss: 0.1182, Validation Accuracy: 97.02%
[Epoch 17, Batch     2] loss: 0.000
[Epoch 17, Batch   102] loss: 0.010
[Epoch 17, Batch   202] loss: 0.013
Epoch 17/20:
Train Loss: 0.0038, Train Accuracy: 99.63%
Validation Loss: 0.0841, Validation Accuracy: 97.64%
[Epoch 18, Batch     2] loss: 0.000
[Epoch 18, Batch   102] loss: 0.014
[Epoch 18, Batch   202] loss: 0.007
Epoch 18/20:
Train Loss: 0.0003, Train Accuracy: 99.74%
Validation Loss: 0.0760, Validation Accuracy: 98.07%
[Epoch 19, Batch     2] loss: 0.000
[Epoch 19, Batch   102] loss: 0.004
[Epoch 19, Batch   202] loss: 0.003
Epoch 19/20:
Train Loss: 0.0001, Train Accuracy: 99.95%
Validation Loss: 0.0734, Validation Accuracy: 98.12%
[Epoch 20, Batch     2] loss: 0.000
[Epoch 20, Batch   102] loss: 0.000
[Epoch 20, Batch   202] loss: 0.000
Epoch 20/20:
Train Loss: 0.0036, Train Accuracy: 99.87%
Validation Loss: 0.1779, Validation Accuracy: 95.24%
Model saved to models/resnet18-MNIST-predictive_entropy-median-0.7-2
Modified conv1: updated in_channels to 1.
Modified fc layer: updated out_features to 10.
Initialized untrained model.
resnet18-MNIST-predictive_entropy-median-0.8-2
[Epoch 1, Batch     2] loss: 0.041
[Epoch 1, Batch   102] loss: 0.236
Epoch 1/20:
Train Loss: 0.0391, Train Accuracy: 93.93%
Validation Loss: 0.7072, Validation Accuracy: 84.01%
[Epoch 2, Batch     2] loss: 0.002
[Epoch 2, Batch   102] loss: 0.059
Epoch 2/20:
Train Loss: 0.0277, Train Accuracy: 98.15%
Validation Loss: 0.1737, Validation Accuracy: 95.06%
[Epoch 3, Batch     2] loss: 0.000
[Epoch 3, Batch   102] loss: 0.037
Epoch 3/20:
Train Loss: 0.0097, Train Accuracy: 99.12%
Validation Loss: 0.1785, Validation Accuracy: 95.33%
[Epoch 4, Batch     2] loss: 0.000
[Epoch 4, Batch   102] loss: 0.015
Epoch 4/20:
Train Loss: 0.0110, Train Accuracy: 99.40%
Validation Loss: 0.1798, Validation Accuracy: 95.69%
[Epoch 5, Batch     2] loss: 0.001
[Epoch 5, Batch   102] loss: 0.015
Epoch 5/20:
Train Loss: 0.0164, Train Accuracy: 99.35%
Validation Loss: 0.1434, Validation Accuracy: 95.90%
[Epoch 6, Batch     2] loss: 0.000
[Epoch 6, Batch   102] loss: 0.029
Epoch 6/20:
Train Loss: 0.0067, Train Accuracy: 99.39%
Validation Loss: 0.1792, Validation Accuracy: 95.23%
[Epoch 7, Batch     2] loss: 0.000
[Epoch 7, Batch   102] loss: 0.016
Epoch 7/20:
Train Loss: 0.0063, Train Accuracy: 99.60%
Validation Loss: 0.1686, Validation Accuracy: 95.53%
[Epoch 8, Batch     2] loss: 0.000
[Epoch 8, Batch   102] loss: 0.011
Epoch 8/20:
Train Loss: 0.0052, Train Accuracy: 99.69%
Validation Loss: 0.1611, Validation Accuracy: 95.75%
[Epoch 9, Batch     2] loss: 0.000
[Epoch 9, Batch   102] loss: 0.017
Epoch 9/20:
Train Loss: 0.0041, Train Accuracy: 99.58%
Validation Loss: 0.1019, Validation Accuracy: 97.15%
[Epoch 10, Batch     2] loss: 0.000
[Epoch 10, Batch   102] loss: 0.012
Epoch 10/20:
Train Loss: 0.0067, Train Accuracy: 99.57%
Validation Loss: 0.1708, Validation Accuracy: 95.56%
[Epoch 11, Batch     2] loss: 0.000
[Epoch 11, Batch   102] loss: 0.015
Epoch 11/20:
Train Loss: 0.0090, Train Accuracy: 99.52%
Validation Loss: 0.1252, Validation Accuracy: 96.62%
[Epoch 12, Batch     2] loss: 0.000
[Epoch 12, Batch   102] loss: 0.016
Epoch 12/20:
Train Loss: 0.0061, Train Accuracy: 99.55%
Validation Loss: 0.1346, Validation Accuracy: 96.45%
[Epoch 13, Batch     2] loss: 0.000
[Epoch 13, Batch   102] loss: 0.011
Epoch 13/20:
Train Loss: 0.0032, Train Accuracy: 99.71%
Validation Loss: 0.1015, Validation Accuracy: 97.15%
[Epoch 14, Batch     2] loss: 0.000
[Epoch 14, Batch   102] loss: 0.016
Epoch 14/20:
Train Loss: 0.0024, Train Accuracy: 99.72%
Validation Loss: 0.0867, Validation Accuracy: 97.66%
[Epoch 15, Batch     2] loss: 0.000
[Epoch 15, Batch   102] loss: 0.002
Epoch 15/20:
Train Loss: 0.0010, Train Accuracy: 99.93%
Validation Loss: 0.1338, Validation Accuracy: 96.88%
[Epoch 16, Batch     2] loss: 0.000
[Epoch 16, Batch   102] loss: 0.003
Epoch 16/20:
Train Loss: 0.0015, Train Accuracy: 99.89%
Validation Loss: 0.1019, Validation Accuracy: 97.49%
[Epoch 17, Batch     2] loss: 0.000
[Epoch 17, Batch   102] loss: 0.013
Epoch 17/20:
Train Loss: 0.0034, Train Accuracy: 99.70%
Validation Loss: 0.1039, Validation Accuracy: 97.35%
[Epoch 18, Batch     2] loss: 0.000
[Epoch 18, Batch   102] loss: 0.015
Epoch 18/20:
Train Loss: 0.0074, Train Accuracy: 99.59%
Validation Loss: 0.1624, Validation Accuracy: 95.93%
[Epoch 19, Batch     2] loss: 0.000
[Epoch 19, Batch   102] loss: 0.014
Epoch 19/20:
Train Loss: 0.0022, Train Accuracy: 99.69%
Validation Loss: 0.1151, Validation Accuracy: 96.91%
[Epoch 20, Batch     2] loss: 0.001
[Epoch 20, Batch   102] loss: 0.005
Epoch 20/20:
Train Loss: 0.0030, Train Accuracy: 99.82%
Validation Loss: 0.1165, Validation Accuracy: 97.28%
Model saved to models/resnet18-MNIST-predictive_entropy-median-0.8-2
Modified conv1: updated in_channels to 1.
Modified fc layer: updated out_features to 10.
Initialized untrained model.
resnet18-MNIST-predictive_entropy-median-0.9-2
[Epoch 1, Batch     2] loss: 0.040
Epoch 1/20:
Train Loss: 0.2098, Train Accuracy: 92.22%
Validation Loss: 0.9868, Validation Accuracy: 77.77%
[Epoch 2, Batch     2] loss: 0.001
Epoch 2/20:
Train Loss: 0.0544, Train Accuracy: 98.35%
Validation Loss: 0.3528, Validation Accuracy: 90.21%
[Epoch 3, Batch     2] loss: 0.000
Epoch 3/20:
Train Loss: 0.0554, Train Accuracy: 98.45%
Validation Loss: 0.4344, Validation Accuracy: 89.35%
[Epoch 4, Batch     2] loss: 0.001
Epoch 4/20:
Train Loss: 0.0384, Train Accuracy: 98.71%
Validation Loss: 0.2567, Validation Accuracy: 93.33%
[Epoch 5, Batch     2] loss: 0.001
Epoch 5/20:
Train Loss: 0.0216, Train Accuracy: 99.18%
Validation Loss: 0.1681, Validation Accuracy: 95.74%
[Epoch 6, Batch     2] loss: 0.000
Epoch 6/20:
Train Loss: 0.0138, Train Accuracy: 99.56%
Validation Loss: 0.1470, Validation Accuracy: 96.05%
[Epoch 7, Batch     2] loss: 0.001
Epoch 7/20:
Train Loss: 0.0153, Train Accuracy: 99.50%
Validation Loss: 0.1594, Validation Accuracy: 95.47%
[Epoch 8, Batch     2] loss: 0.001
Epoch 8/20:
Train Loss: 0.0274, Train Accuracy: 99.13%
Validation Loss: 0.2180, Validation Accuracy: 94.66%
[Epoch 9, Batch     2] loss: 0.000
Epoch 9/20:
Train Loss: 0.0114, Train Accuracy: 99.60%
Validation Loss: 0.2358, Validation Accuracy: 94.72%
[Epoch 10, Batch     2] loss: 0.000
Epoch 10/20:
Train Loss: 0.0270, Train Accuracy: 99.16%
Validation Loss: 0.1601, Validation Accuracy: 96.17%
[Epoch 11, Batch     2] loss: 0.000
Epoch 11/20:
Train Loss: 0.0126, Train Accuracy: 99.63%
Validation Loss: 0.2646, Validation Accuracy: 93.97%
[Epoch 12, Batch     2] loss: 0.000
Epoch 12/20:
Train Loss: 0.0076, Train Accuracy: 99.75%
Validation Loss: 0.1519, Validation Accuracy: 96.20%
[Epoch 13, Batch     2] loss: 0.000
Epoch 13/20:
Train Loss: 0.0124, Train Accuracy: 99.66%
Validation Loss: 0.1896, Validation Accuracy: 95.36%
[Epoch 14, Batch     2] loss: 0.000
Epoch 14/20:
Train Loss: 0.0032, Train Accuracy: 99.92%
Validation Loss: 0.1097, Validation Accuracy: 97.03%
[Epoch 15, Batch     2] loss: 0.000
Epoch 15/20:
Train Loss: 0.0005, Train Accuracy: 100.00%
Validation Loss: 0.1042, Validation Accuracy: 97.42%
[Epoch 16, Batch     2] loss: 0.000
Epoch 16/20:
Train Loss: 0.0003, Train Accuracy: 100.00%
Validation Loss: 0.0933, Validation Accuracy: 97.51%
[Epoch 17, Batch     2] loss: 0.000
Epoch 17/20:
Train Loss: 0.0034, Train Accuracy: 99.92%
Validation Loss: 0.1595, Validation Accuracy: 95.84%
[Epoch 18, Batch     2] loss: 0.000
Epoch 18/20:
Train Loss: 0.0081, Train Accuracy: 99.83%
Validation Loss: 0.1215, Validation Accuracy: 96.71%
[Epoch 19, Batch     2] loss: 0.000
Epoch 19/20:
Train Loss: 0.0157, Train Accuracy: 99.56%
Validation Loss: 0.3900, Validation Accuracy: 91.38%
[Epoch 20, Batch     2] loss: 0.001
Epoch 20/20:
Train Loss: 0.0244, Train Accuracy: 99.14%
Validation Loss: 0.1453, Validation Accuracy: 96.04%
Model saved to models/resnet18-MNIST-predictive_entropy-median-0.9-2
Modified conv1: updated in_channels to 1.
Modified fc layer: updated out_features to 10.
Initialized untrained model.
resnet18-MNIST-predictive_entropy-median-0.95-2
[Epoch 1, Batch     2] loss: 0.037
Epoch 1/20:
Train Loss: 0.2926, Train Accuracy: 87.43%
Validation Loss: 0.5046, Validation Accuracy: 85.17%
[Epoch 2, Batch     2] loss: 0.001
Epoch 2/20:
Train Loss: 0.0728, Train Accuracy: 97.66%
Validation Loss: 0.2924, Validation Accuracy: 91.93%
[Epoch 3, Batch     2] loss: 0.002
Epoch 3/20:
Train Loss: 0.0570, Train Accuracy: 98.10%
Validation Loss: 0.2899, Validation Accuracy: 92.03%
[Epoch 4, Batch     2] loss: 0.001
Epoch 4/20:
Train Loss: 0.0398, Train Accuracy: 98.74%
Validation Loss: 0.7048, Validation Accuracy: 83.43%
[Epoch 5, Batch     2] loss: 0.001
Epoch 5/20:
Train Loss: 0.0558, Train Accuracy: 98.40%
Validation Loss: 0.7374, Validation Accuracy: 84.57%
[Epoch 6, Batch     2] loss: 0.001
Epoch 6/20:
Train Loss: 0.0511, Train Accuracy: 98.34%
Validation Loss: 0.2258, Validation Accuracy: 94.32%
[Epoch 7, Batch     2] loss: 0.001
Epoch 7/20:
Train Loss: 0.0508, Train Accuracy: 98.27%
Validation Loss: 0.3128, Validation Accuracy: 91.83%
[Epoch 8, Batch     2] loss: 0.001
Epoch 8/20:
Train Loss: 0.0389, Train Accuracy: 98.88%
Validation Loss: 0.3397, Validation Accuracy: 91.51%
[Epoch 9, Batch     2] loss: 0.000
Epoch 9/20:
Train Loss: 0.0447, Train Accuracy: 98.74%
Validation Loss: 0.3543, Validation Accuracy: 91.51%
[Epoch 10, Batch     2] loss: 0.001
Epoch 10/20:
Train Loss: 0.0466, Train Accuracy: 98.57%
Validation Loss: 0.2678, Validation Accuracy: 92.73%
[Epoch 11, Batch     2] loss: 0.000
Epoch 11/20:
Train Loss: 0.0136, Train Accuracy: 99.56%
Validation Loss: 0.2228, Validation Accuracy: 94.38%
[Epoch 12, Batch     2] loss: 0.000
Epoch 12/20:
Train Loss: 0.0191, Train Accuracy: 99.42%
Validation Loss: 0.2002, Validation Accuracy: 94.89%
[Epoch 13, Batch     2] loss: 0.001
Epoch 13/20:
Train Loss: 0.0117, Train Accuracy: 99.59%
Validation Loss: 0.1575, Validation Accuracy: 95.79%
[Epoch 14, Batch     2] loss: 0.000
Epoch 14/20:
Train Loss: 0.0102, Train Accuracy: 99.73%
Validation Loss: 0.1566, Validation Accuracy: 96.12%
[Epoch 15, Batch     2] loss: 0.000
Epoch 15/20:
Train Loss: 0.0035, Train Accuracy: 99.86%
Validation Loss: 0.1612, Validation Accuracy: 95.95%
[Epoch 16, Batch     2] loss: 0.000
Epoch 16/20:
Train Loss: 0.0007, Train Accuracy: 100.00%
Validation Loss: 0.1535, Validation Accuracy: 96.10%
[Epoch 17, Batch     2] loss: 0.000
Epoch 17/20:
Train Loss: 0.0022, Train Accuracy: 99.90%
Validation Loss: 0.1256, Validation Accuracy: 96.89%
[Epoch 18, Batch     2] loss: 0.000
Epoch 18/20:
Train Loss: 0.0061, Train Accuracy: 99.80%
Validation Loss: 0.2530, Validation Accuracy: 94.22%
[Epoch 19, Batch     2] loss: 0.000
Epoch 19/20:
Train Loss: 0.0042, Train Accuracy: 99.97%
Validation Loss: 0.1442, Validation Accuracy: 96.31%
[Epoch 20, Batch     2] loss: 0.000
Epoch 20/20:
Train Loss: 0.0012, Train Accuracy: 99.93%
Validation Loss: 0.1279, Validation Accuracy: 96.54%
Model saved to models/resnet18-MNIST-predictive_entropy-median-0.95-2
Modified conv1: updated in_channels to 1.
Modified fc layer: updated out_features to 10.
Loaded weights from file: models/resnet18_MNIST_2
Modified conv1: updated in_channels to 1.
Modified fc layer: updated out_features to 10.
Initialized untrained model.
resnet18-MNIST-predictive_entropy-balanced_by_score1-0.3-2
[Epoch 1, Batch     2] loss: 0.042
[Epoch 1, Batch   102] loss: 0.321
[Epoch 1, Batch   202] loss: 0.186
[Epoch 1, Batch   302] loss: 0.137
[Epoch 1, Batch   402] loss: 0.114
[Epoch 1, Batch   502] loss: 0.115
[Epoch 1, Batch   602] loss: 0.099
Epoch 1/20:
Train Loss: 0.0080, Train Accuracy: 94.99%
Validation Loss: 0.0956, Validation Accuracy: 97.37%
[Epoch 2, Batch     2] loss: 0.002
[Epoch 2, Batch   102] loss: 0.081
[Epoch 2, Batch   202] loss: 0.092
[Epoch 2, Batch   302] loss: 0.081
[Epoch 2, Batch   402] loss: 0.077
[Epoch 2, Batch   502] loss: 0.065
[Epoch 2, Batch   602] loss: 0.061
Epoch 2/20:
Train Loss: 0.0062, Train Accuracy: 97.64%
Validation Loss: 0.0584, Validation Accuracy: 98.29%
[Epoch 3, Batch     2] loss: 0.001
[Epoch 3, Batch   102] loss: 0.055
[Epoch 3, Batch   202] loss: 0.059
[Epoch 3, Batch   302] loss: 0.057
[Epoch 3, Batch   402] loss: 0.067
[Epoch 3, Batch   502] loss: 0.059
[Epoch 3, Batch   602] loss: 0.056
Epoch 3/20:
Train Loss: 0.0048, Train Accuracy: 98.25%
Validation Loss: 0.0653, Validation Accuracy: 97.88%
[Epoch 4, Batch     2] loss: 0.000
[Epoch 4, Batch   102] loss: 0.051
[Epoch 4, Batch   202] loss: 0.052
[Epoch 4, Batch   302] loss: 0.045
[Epoch 4, Batch   402] loss: 0.048
[Epoch 4, Batch   502] loss: 0.050
[Epoch 4, Batch   602] loss: 0.059
Epoch 4/20:
Train Loss: 0.0033, Train Accuracy: 98.52%
Validation Loss: 0.0810, Validation Accuracy: 97.63%
[Epoch 5, Batch     2] loss: 0.001
[Epoch 5, Batch   102] loss: 0.038
[Epoch 5, Batch   202] loss: 0.043
[Epoch 5, Batch   302] loss: 0.043
[Epoch 5, Batch   402] loss: 0.064
[Epoch 5, Batch   502] loss: 0.043
[Epoch 5, Batch   602] loss: 0.048
Epoch 5/20:
Train Loss: 0.0046, Train Accuracy: 98.61%
Validation Loss: 0.0716, Validation Accuracy: 97.90%
[Epoch 6, Batch     2] loss: 0.002
[Epoch 6, Batch   102] loss: 0.038
[Epoch 6, Batch   202] loss: 0.037
[Epoch 6, Batch   302] loss: 0.035
[Epoch 6, Batch   402] loss: 0.047
[Epoch 6, Batch   502] loss: 0.037
[Epoch 6, Batch   602] loss: 0.048
Epoch 6/20:
Train Loss: 0.0028, Train Accuracy: 98.81%
Validation Loss: 0.0552, Validation Accuracy: 98.35%
[Epoch 7, Batch     2] loss: 0.001
[Epoch 7, Batch   102] loss: 0.027
[Epoch 7, Batch   202] loss: 0.037
[Epoch 7, Batch   302] loss: 0.046
[Epoch 7, Batch   402] loss: 0.034
[Epoch 7, Batch   502] loss: 0.036
[Epoch 7, Batch   602] loss: 0.037
Epoch 7/20:
Train Loss: 0.0054, Train Accuracy: 98.82%
Validation Loss: 0.0424, Validation Accuracy: 98.64%
[Epoch 8, Batch     2] loss: 0.000
[Epoch 8, Batch   102] loss: 0.027
[Epoch 8, Batch   202] loss: 0.029
[Epoch 8, Batch   302] loss: 0.030
[Epoch 8, Batch   402] loss: 0.036
[Epoch 8, Batch   502] loss: 0.048
[Epoch 8, Batch   602] loss: 0.036
Epoch 8/20:
Train Loss: 0.0038, Train Accuracy: 98.95%
Validation Loss: 0.0503, Validation Accuracy: 98.51%
[Epoch 9, Batch     2] loss: 0.000
[Epoch 9, Batch   102] loss: 0.040
[Epoch 9, Batch   202] loss: 0.027
[Epoch 9, Batch   302] loss: 0.031
[Epoch 9, Batch   402] loss: 0.038
[Epoch 9, Batch   502] loss: 0.044
[Epoch 9, Batch   602] loss: 0.028
Epoch 9/20:
Train Loss: 0.0028, Train Accuracy: 98.94%
Validation Loss: 0.0482, Validation Accuracy: 98.60%
[Epoch 10, Batch     2] loss: 0.001
[Epoch 10, Batch   102] loss: 0.032
[Epoch 10, Batch   202] loss: 0.043
[Epoch 10, Batch   302] loss: 0.029
[Epoch 10, Batch   402] loss: 0.031
[Epoch 10, Batch   502] loss: 0.033
[Epoch 10, Batch   602] loss: 0.025
Epoch 10/20:
Train Loss: 0.0027, Train Accuracy: 99.03%
Validation Loss: 0.0370, Validation Accuracy: 98.89%
[Epoch 11, Batch     2] loss: 0.000
[Epoch 11, Batch   102] loss: 0.024
[Epoch 11, Batch   202] loss: 0.026
[Epoch 11, Batch   302] loss: 0.040
[Epoch 11, Batch   402] loss: 0.036
[Epoch 11, Batch   502] loss: 0.037
[Epoch 11, Batch   602] loss: 0.026
Epoch 11/20:
Train Loss: 0.0017, Train Accuracy: 99.06%
Validation Loss: 0.0362, Validation Accuracy: 98.97%
[Epoch 12, Batch     2] loss: 0.000
[Epoch 12, Batch   102] loss: 0.024
[Epoch 12, Batch   202] loss: 0.023
[Epoch 12, Batch   302] loss: 0.036
[Epoch 12, Batch   402] loss: 0.029
[Epoch 12, Batch   502] loss: 0.021
[Epoch 12, Batch   602] loss: 0.025
Epoch 12/20:
Train Loss: 0.0023, Train Accuracy: 99.25%
Validation Loss: 0.0349, Validation Accuracy: 98.96%
[Epoch 13, Batch     2] loss: 0.000
[Epoch 13, Batch   102] loss: 0.020
[Epoch 13, Batch   202] loss: 0.020
[Epoch 13, Batch   302] loss: 0.020
[Epoch 13, Batch   402] loss: 0.029
[Epoch 13, Batch   502] loss: 0.030
[Epoch 13, Batch   602] loss: 0.029
Epoch 13/20:
Train Loss: 0.0029, Train Accuracy: 99.26%
Validation Loss: 0.0346, Validation Accuracy: 99.05%
[Epoch 14, Batch     2] loss: 0.000
[Epoch 14, Batch   102] loss: 0.020
[Epoch 14, Batch   202] loss: 0.018
[Epoch 14, Batch   302] loss: 0.019
[Epoch 14, Batch   402] loss: 0.022
[Epoch 14, Batch   502] loss: 0.019
[Epoch 14, Batch   602] loss: 0.031
Epoch 14/20:
Train Loss: 0.0021, Train Accuracy: 99.34%
Validation Loss: 0.0369, Validation Accuracy: 98.88%
[Epoch 15, Batch     2] loss: 0.001
[Epoch 15, Batch   102] loss: 0.014
[Epoch 15, Batch   202] loss: 0.027
[Epoch 15, Batch   302] loss: 0.026
[Epoch 15, Batch   402] loss: 0.016
[Epoch 15, Batch   502] loss: 0.020
[Epoch 15, Batch   602] loss: 0.025
Epoch 15/20:
Train Loss: 0.0025, Train Accuracy: 99.34%
Validation Loss: 0.0338, Validation Accuracy: 99.07%
[Epoch 16, Batch     2] loss: 0.000
[Epoch 16, Batch   102] loss: 0.019
[Epoch 16, Batch   202] loss: 0.015
[Epoch 16, Batch   302] loss: 0.019
[Epoch 16, Batch   402] loss: 0.018
[Epoch 16, Batch   502] loss: 0.036
[Epoch 16, Batch   602] loss: 0.025
Epoch 16/20:
Train Loss: 0.0017, Train Accuracy: 99.33%
Validation Loss: 0.0300, Validation Accuracy: 99.07%
[Epoch 17, Batch     2] loss: 0.002
[Epoch 17, Batch   102] loss: 0.014
[Epoch 17, Batch   202] loss: 0.016
[Epoch 17, Batch   302] loss: 0.019
[Epoch 17, Batch   402] loss: 0.015
[Epoch 17, Batch   502] loss: 0.024
[Epoch 17, Batch   602] loss: 0.030
Epoch 17/20:
Train Loss: 0.0020, Train Accuracy: 99.42%
Validation Loss: 0.0337, Validation Accuracy: 99.05%
[Epoch 18, Batch     2] loss: 0.001
[Epoch 18, Batch   102] loss: 0.013
[Epoch 18, Batch   202] loss: 0.024
[Epoch 18, Batch   302] loss: 0.016
[Epoch 18, Batch   402] loss: 0.015
[Epoch 18, Batch   502] loss: 0.025
[Epoch 18, Batch   602] loss: 0.028
Epoch 18/20:
Train Loss: 0.0031, Train Accuracy: 99.38%
Validation Loss: 0.0365, Validation Accuracy: 98.82%
[Epoch 19, Batch     2] loss: 0.000
[Epoch 19, Batch   102] loss: 0.019
[Epoch 19, Batch   202] loss: 0.015
[Epoch 19, Batch   302] loss: 0.019
[Epoch 19, Batch   402] loss: 0.012
[Epoch 19, Batch   502] loss: 0.018
[Epoch 19, Batch   602] loss: 0.022
Epoch 19/20:
Train Loss: 0.0013, Train Accuracy: 99.49%
Validation Loss: 0.0380, Validation Accuracy: 98.90%
[Epoch 20, Batch     2] loss: 0.000
[Epoch 20, Batch   102] loss: 0.012
[Epoch 20, Batch   202] loss: 0.013
[Epoch 20, Batch   302] loss: 0.019
[Epoch 20, Batch   402] loss: 0.016
[Epoch 20, Batch   502] loss: 0.023
[Epoch 20, Batch   602] loss: 0.019
Epoch 20/20:
Train Loss: 0.0019, Train Accuracy: 99.47%
Validation Loss: 0.0388, Validation Accuracy: 98.85%
Model saved to models/resnet18-MNIST-predictive_entropy-balanced_by_score1-0.3-2
Modified conv1: updated in_channels to 1.
Modified fc layer: updated out_features to 10.
Initialized untrained model.
resnet18-MNIST-predictive_entropy-balanced_by_score1-0.5-2
[Epoch 1, Batch     2] loss: 0.042
[Epoch 1, Batch   102] loss: 0.338
[Epoch 1, Batch   202] loss: 0.184
[Epoch 1, Batch   302] loss: 0.143
[Epoch 1, Batch   402] loss: 0.142
Epoch 1/20:
Train Loss: 0.0158, Train Accuracy: 93.86%
Validation Loss: 0.1021, Validation Accuracy: 96.96%
[Epoch 2, Batch     2] loss: 0.002
[Epoch 2, Batch   102] loss: 0.079
[Epoch 2, Batch   202] loss: 0.101
[Epoch 2, Batch   302] loss: 0.094
[Epoch 2, Batch   402] loss: 0.077
Epoch 2/20:
Train Loss: 0.0130, Train Accuracy: 97.28%
Validation Loss: 0.0575, Validation Accuracy: 98.19%
[Epoch 3, Batch     2] loss: 0.001
[Epoch 3, Batch   102] loss: 0.064
[Epoch 3, Batch   202] loss: 0.069
[Epoch 3, Batch   302] loss: 0.065
[Epoch 3, Batch   402] loss: 0.064
Epoch 3/20:
Train Loss: 0.0076, Train Accuracy: 98.14%
Validation Loss: 0.0552, Validation Accuracy: 98.32%
[Epoch 4, Batch     2] loss: 0.000
[Epoch 4, Batch   102] loss: 0.045
[Epoch 4, Batch   202] loss: 0.052
[Epoch 4, Batch   302] loss: 0.071
[Epoch 4, Batch   402] loss: 0.065
Epoch 4/20:
Train Loss: 0.0059, Train Accuracy: 98.33%
Validation Loss: 0.0486, Validation Accuracy: 98.46%
[Epoch 5, Batch     2] loss: 0.001
[Epoch 5, Batch   102] loss: 0.045
[Epoch 5, Batch   202] loss: 0.047
[Epoch 5, Batch   302] loss: 0.054
[Epoch 5, Batch   402] loss: 0.055
Epoch 5/20:
Train Loss: 0.0061, Train Accuracy: 98.51%
Validation Loss: 0.0704, Validation Accuracy: 97.89%
[Epoch 6, Batch     2] loss: 0.001
[Epoch 6, Batch   102] loss: 0.033
[Epoch 6, Batch   202] loss: 0.048
[Epoch 6, Batch   302] loss: 0.049
[Epoch 6, Batch   402] loss: 0.038
Epoch 6/20:
Train Loss: 0.0065, Train Accuracy: 98.68%
Validation Loss: 0.0448, Validation Accuracy: 98.55%
[Epoch 7, Batch     2] loss: 0.001
[Epoch 7, Batch   102] loss: 0.031
[Epoch 7, Batch   202] loss: 0.042
[Epoch 7, Batch   302] loss: 0.043
[Epoch 7, Batch   402] loss: 0.037
Epoch 7/20:
Train Loss: 0.0049, Train Accuracy: 98.84%
Validation Loss: 0.0424, Validation Accuracy: 98.78%
[Epoch 8, Batch     2] loss: 0.000
[Epoch 8, Batch   102] loss: 0.037
[Epoch 8, Batch   202] loss: 0.037
[Epoch 8, Batch   302] loss: 0.036
[Epoch 8, Batch   402] loss: 0.039
Epoch 8/20:
Train Loss: 0.0047, Train Accuracy: 98.97%
Validation Loss: 0.0403, Validation Accuracy: 98.72%
[Epoch 9, Batch     2] loss: 0.000
[Epoch 9, Batch   102] loss: 0.028
[Epoch 9, Batch   202] loss: 0.045
[Epoch 9, Batch   302] loss: 0.032
[Epoch 9, Batch   402] loss: 0.027
Epoch 9/20:
Train Loss: 0.0055, Train Accuracy: 98.99%
Validation Loss: 0.0794, Validation Accuracy: 97.71%
[Epoch 10, Batch     2] loss: 0.002
[Epoch 10, Batch   102] loss: 0.029
[Epoch 10, Batch   202] loss: 0.030
[Epoch 10, Batch   302] loss: 0.030
[Epoch 10, Batch   402] loss: 0.038
Epoch 10/20:
Train Loss: 0.0069, Train Accuracy: 98.97%
Validation Loss: 0.0423, Validation Accuracy: 98.72%
[Epoch 11, Batch     2] loss: 0.000
[Epoch 11, Batch   102] loss: 0.025
[Epoch 11, Batch   202] loss: 0.030
[Epoch 11, Batch   302] loss: 0.028
[Epoch 11, Batch   402] loss: 0.031
Epoch 11/20:
Train Loss: 0.0052, Train Accuracy: 99.09%
Validation Loss: 0.0635, Validation Accuracy: 98.35%
[Epoch 12, Batch     2] loss: 0.001
[Epoch 12, Batch   102] loss: 0.017
[Epoch 12, Batch   202] loss: 0.026
[Epoch 12, Batch   302] loss: 0.042
[Epoch 12, Batch   402] loss: 0.019
Epoch 12/20:
Train Loss: 0.0055, Train Accuracy: 99.13%
Validation Loss: 0.0500, Validation Accuracy: 98.68%
[Epoch 13, Batch     2] loss: 0.000
[Epoch 13, Batch   102] loss: 0.023
[Epoch 13, Batch   202] loss: 0.024
[Epoch 13, Batch   302] loss: 0.024
[Epoch 13, Batch   402] loss: 0.021
Epoch 13/20:
Train Loss: 0.0030, Train Accuracy: 99.31%
Validation Loss: 0.0509, Validation Accuracy: 98.49%
[Epoch 14, Batch     2] loss: 0.000
[Epoch 14, Batch   102] loss: 0.019
[Epoch 14, Batch   202] loss: 0.028
[Epoch 14, Batch   302] loss: 0.025
[Epoch 14, Batch   402] loss: 0.033
Epoch 14/20:
Train Loss: 0.0030, Train Accuracy: 99.22%
Validation Loss: 0.0427, Validation Accuracy: 98.78%
[Epoch 15, Batch     2] loss: 0.000
[Epoch 15, Batch   102] loss: 0.027
[Epoch 15, Batch   202] loss: 0.015
[Epoch 15, Batch   302] loss: 0.032
[Epoch 15, Batch   402] loss: 0.032
Epoch 15/20:
Train Loss: 0.0051, Train Accuracy: 99.17%
Validation Loss: 0.0409, Validation Accuracy: 98.85%
[Epoch 16, Batch     2] loss: 0.001
[Epoch 16, Batch   102] loss: 0.017
[Epoch 16, Batch   202] loss: 0.025
[Epoch 16, Batch   302] loss: 0.020
[Epoch 16, Batch   402] loss: 0.023
Epoch 16/20:
Train Loss: 0.0023, Train Accuracy: 99.40%
Validation Loss: 0.0427, Validation Accuracy: 98.82%
[Epoch 17, Batch     2] loss: 0.000
[Epoch 17, Batch   102] loss: 0.020
[Epoch 17, Batch   202] loss: 0.015
[Epoch 17, Batch   302] loss: 0.016
[Epoch 17, Batch   402] loss: 0.026
Epoch 17/20:
Train Loss: 0.0036, Train Accuracy: 99.43%
Validation Loss: 0.0741, Validation Accuracy: 98.03%
[Epoch 18, Batch     2] loss: 0.001
[Epoch 18, Batch   102] loss: 0.019
[Epoch 18, Batch   202] loss: 0.019
[Epoch 18, Batch   302] loss: 0.029
[Epoch 18, Batch   402] loss: 0.026
Epoch 18/20:
Train Loss: 0.0024, Train Accuracy: 99.28%
Validation Loss: 0.0477, Validation Accuracy: 98.59%
[Epoch 19, Batch     2] loss: 0.000
[Epoch 19, Batch   102] loss: 0.013
[Epoch 19, Batch   202] loss: 0.015
[Epoch 19, Batch   302] loss: 0.017
[Epoch 19, Batch   402] loss: 0.022
Epoch 19/20:
Train Loss: 0.0034, Train Accuracy: 99.48%
Validation Loss: 0.0462, Validation Accuracy: 98.76%
[Epoch 20, Batch     2] loss: 0.000
[Epoch 20, Batch   102] loss: 0.016
[Epoch 20, Batch   202] loss: 0.027
[Epoch 20, Batch   302] loss: 0.016
[Epoch 20, Batch   402] loss: 0.023
Epoch 20/20:
Train Loss: 0.0030, Train Accuracy: 99.41%
Validation Loss: 0.0440, Validation Accuracy: 98.75%
Model saved to models/resnet18-MNIST-predictive_entropy-balanced_by_score1-0.5-2
Modified conv1: updated in_channels to 1.
Modified fc layer: updated out_features to 10.
Initialized untrained model.
resnet18-MNIST-predictive_entropy-balanced_by_score1-0.7-2
[Epoch 1, Batch     2] loss: 0.042
[Epoch 1, Batch   102] loss: 0.319
[Epoch 1, Batch   202] loss: 0.179
Epoch 1/20:
Train Loss: 0.0411, Train Accuracy: 92.74%
Validation Loss: 0.1166, Validation Accuracy: 96.33%
[Epoch 2, Batch     2] loss: 0.004
[Epoch 2, Batch   102] loss: 0.102
[Epoch 2, Batch   202] loss: 0.105
Epoch 2/20:
Train Loss: 0.0273, Train Accuracy: 96.86%
Validation Loss: 0.0913, Validation Accuracy: 97.29%
[Epoch 3, Batch     2] loss: 0.001
[Epoch 3, Batch   102] loss: 0.080
[Epoch 3, Batch   202] loss: 0.072
Epoch 3/20:
Train Loss: 0.0202, Train Accuracy: 97.64%
Validation Loss: 0.1988, Validation Accuracy: 94.18%
[Epoch 4, Batch     2] loss: 0.002
[Epoch 4, Batch   102] loss: 0.059
[Epoch 4, Batch   202] loss: 0.072
Epoch 4/20:
Train Loss: 0.0172, Train Accuracy: 97.95%
Validation Loss: 0.0616, Validation Accuracy: 98.09%
[Epoch 5, Batch     2] loss: 0.001
[Epoch 5, Batch   102] loss: 0.043
[Epoch 5, Batch   202] loss: 0.051
Epoch 5/20:
Train Loss: 0.0134, Train Accuracy: 98.50%
Validation Loss: 0.0643, Validation Accuracy: 98.04%
[Epoch 6, Batch     2] loss: 0.001
[Epoch 6, Batch   102] loss: 0.056
[Epoch 6, Batch   202] loss: 0.031
Epoch 6/20:
Train Loss: 0.0154, Train Accuracy: 98.44%
Validation Loss: 0.0960, Validation Accuracy: 97.29%
[Epoch 7, Batch     2] loss: 0.001
[Epoch 7, Batch   102] loss: 0.043
[Epoch 7, Batch   202] loss: 0.054
Epoch 7/20:
Train Loss: 0.0114, Train Accuracy: 98.57%
Validation Loss: 0.1066, Validation Accuracy: 96.66%
[Epoch 8, Batch     2] loss: 0.000
[Epoch 8, Batch   102] loss: 0.035
[Epoch 8, Batch   202] loss: 0.037
Epoch 8/20:
Train Loss: 0.0073, Train Accuracy: 98.97%
Validation Loss: 0.0452, Validation Accuracy: 98.56%
[Epoch 9, Batch     2] loss: 0.000
[Epoch 9, Batch   102] loss: 0.022
[Epoch 9, Batch   202] loss: 0.031
Epoch 9/20:
Train Loss: 0.0157, Train Accuracy: 98.91%
Validation Loss: 0.0494, Validation Accuracy: 98.43%
[Epoch 10, Batch     2] loss: 0.000
[Epoch 10, Batch   102] loss: 0.021
[Epoch 10, Batch   202] loss: 0.037
Epoch 10/20:
Train Loss: 0.0075, Train Accuracy: 99.16%
Validation Loss: 0.0654, Validation Accuracy: 98.13%
[Epoch 11, Batch     2] loss: 0.000
[Epoch 11, Batch   102] loss: 0.026
[Epoch 11, Batch   202] loss: 0.033
Epoch 11/20:
Train Loss: 0.0113, Train Accuracy: 99.02%
Validation Loss: 0.0529, Validation Accuracy: 98.59%
[Epoch 12, Batch     2] loss: 0.001
[Epoch 12, Batch   102] loss: 0.017
[Epoch 12, Batch   202] loss: 0.026
Epoch 12/20:
Train Loss: 0.0109, Train Accuracy: 99.13%
Validation Loss: 0.0566, Validation Accuracy: 98.50%
[Epoch 13, Batch     2] loss: 0.000
[Epoch 13, Batch   102] loss: 0.022
[Epoch 13, Batch   202] loss: 0.021
Epoch 13/20:
Train Loss: 0.0092, Train Accuracy: 99.25%
Validation Loss: 0.0520, Validation Accuracy: 98.60%
[Epoch 14, Batch     2] loss: 0.000
[Epoch 14, Batch   102] loss: 0.029
[Epoch 14, Batch   202] loss: 0.026
Epoch 14/20:
Train Loss: 0.0077, Train Accuracy: 99.17%
Validation Loss: 0.0531, Validation Accuracy: 98.46%
[Epoch 15, Batch     2] loss: 0.000
[Epoch 15, Batch   102] loss: 0.028
[Epoch 15, Batch   202] loss: 0.023
Epoch 15/20:
Train Loss: 0.0097, Train Accuracy: 99.13%
Validation Loss: 0.0464, Validation Accuracy: 98.64%
[Epoch 16, Batch     2] loss: 0.000
[Epoch 16, Batch   102] loss: 0.014
[Epoch 16, Batch   202] loss: 0.026
Epoch 16/20:
Train Loss: 0.0064, Train Accuracy: 99.41%
Validation Loss: 0.0738, Validation Accuracy: 98.01%
[Epoch 17, Batch     2] loss: 0.001
[Epoch 17, Batch   102] loss: 0.018
[Epoch 17, Batch   202] loss: 0.018
Epoch 17/20:
Train Loss: 0.0079, Train Accuracy: 99.33%
Validation Loss: 0.0602, Validation Accuracy: 98.45%
[Epoch 18, Batch     2] loss: 0.000
[Epoch 18, Batch   102] loss: 0.026
[Epoch 18, Batch   202] loss: 0.019
Epoch 18/20:
Train Loss: 0.0068, Train Accuracy: 99.24%
Validation Loss: 0.0696, Validation Accuracy: 98.12%
[Epoch 19, Batch     2] loss: 0.000
[Epoch 19, Batch   102] loss: 0.018
[Epoch 19, Batch   202] loss: 0.021
Epoch 19/20:
Train Loss: 0.0071, Train Accuracy: 99.37%
Validation Loss: 0.0576, Validation Accuracy: 98.38%
[Epoch 20, Batch     2] loss: 0.000
[Epoch 20, Batch   102] loss: 0.023
[Epoch 20, Batch   202] loss: 0.021
Epoch 20/20:
Train Loss: 0.0053, Train Accuracy: 99.33%
Validation Loss: 0.0829, Validation Accuracy: 97.95%
Model saved to models/resnet18-MNIST-predictive_entropy-balanced_by_score1-0.7-2
Modified conv1: updated in_channels to 1.
Modified fc layer: updated out_features to 10.
Initialized untrained model.
resnet18-MNIST-predictive_entropy-balanced_by_score1-0.8-2
[Epoch 1, Batch     2] loss: 0.039
[Epoch 1, Batch   102] loss: 0.340
Epoch 1/20:
Train Loss: 0.0728, Train Accuracy: 91.37%
Validation Loss: 0.1433, Validation Accuracy: 95.59%
[Epoch 2, Batch     2] loss: 0.003
[Epoch 2, Batch   102] loss: 0.118
Epoch 2/20:
Train Loss: 0.0517, Train Accuracy: 96.59%
Validation Loss: 0.1309, Validation Accuracy: 96.11%
[Epoch 3, Batch     2] loss: 0.002
[Epoch 3, Batch   102] loss: 0.082
Epoch 3/20:
Train Loss: 0.0413, Train Accuracy: 97.29%
Validation Loss: 0.1421, Validation Accuracy: 95.93%
[Epoch 4, Batch     2] loss: 0.003
[Epoch 4, Batch   102] loss: 0.074
Epoch 4/20:
Train Loss: 0.0311, Train Accuracy: 97.82%
Validation Loss: 0.1598, Validation Accuracy: 95.36%
[Epoch 5, Batch     2] loss: 0.001
[Epoch 5, Batch   102] loss: 0.054
Epoch 5/20:
Train Loss: 0.0265, Train Accuracy: 98.29%
Validation Loss: 0.0885, Validation Accuracy: 97.49%
[Epoch 6, Batch     2] loss: 0.000
[Epoch 6, Batch   102] loss: 0.042
Epoch 6/20:
Train Loss: 0.0234, Train Accuracy: 98.45%
Validation Loss: 0.0754, Validation Accuracy: 97.90%
[Epoch 7, Batch     2] loss: 0.000
[Epoch 7, Batch   102] loss: 0.035
Epoch 7/20:
Train Loss: 0.0212, Train Accuracy: 98.72%
Validation Loss: 0.0995, Validation Accuracy: 97.32%
[Epoch 8, Batch     2] loss: 0.000
[Epoch 8, Batch   102] loss: 0.035
Epoch 8/20:
Train Loss: 0.0157, Train Accuracy: 98.88%
Validation Loss: 0.0858, Validation Accuracy: 97.54%
[Epoch 9, Batch     2] loss: 0.001
[Epoch 9, Batch   102] loss: 0.034
Epoch 9/20:
Train Loss: 0.0196, Train Accuracy: 98.77%
Validation Loss: 0.0689, Validation Accuracy: 98.04%
[Epoch 10, Batch     2] loss: 0.000
[Epoch 10, Batch   102] loss: 0.024
Epoch 10/20:
Train Loss: 0.0150, Train Accuracy: 99.15%
Validation Loss: 0.1289, Validation Accuracy: 96.26%
[Epoch 11, Batch     2] loss: 0.000
[Epoch 11, Batch   102] loss: 0.030
Epoch 11/20:
Train Loss: 0.0136, Train Accuracy: 99.05%
Validation Loss: 0.1087, Validation Accuracy: 96.98%
[Epoch 12, Batch     2] loss: 0.000
[Epoch 12, Batch   102] loss: 0.023
Epoch 12/20:
Train Loss: 0.0119, Train Accuracy: 99.22%
Validation Loss: 0.0743, Validation Accuracy: 97.85%
[Epoch 13, Batch     2] loss: 0.000
[Epoch 13, Batch   102] loss: 0.032
Epoch 13/20:
Train Loss: 0.0214, Train Accuracy: 98.77%
Validation Loss: 0.0832, Validation Accuracy: 97.52%
[Epoch 14, Batch     2] loss: 0.000
[Epoch 14, Batch   102] loss: 0.019
Epoch 14/20:
Train Loss: 0.0079, Train Accuracy: 99.34%
Validation Loss: 0.0582, Validation Accuracy: 98.43%
[Epoch 15, Batch     2] loss: 0.000
[Epoch 15, Batch   102] loss: 0.019
Epoch 15/20:
Train Loss: 0.0124, Train Accuracy: 99.32%
Validation Loss: 0.0778, Validation Accuracy: 98.06%
[Epoch 16, Batch     2] loss: 0.001
[Epoch 16, Batch   102] loss: 0.022
Epoch 16/20:
Train Loss: 0.0047, Train Accuracy: 99.57%
Validation Loss: 0.1060, Validation Accuracy: 97.50%
[Epoch 17, Batch     2] loss: 0.001
[Epoch 17, Batch   102] loss: 0.026
Epoch 17/20:
Train Loss: 0.0134, Train Accuracy: 99.22%
Validation Loss: 0.0721, Validation Accuracy: 98.08%
[Epoch 18, Batch     2] loss: 0.000
[Epoch 18, Batch   102] loss: 0.028
Epoch 18/20:
Train Loss: 0.0146, Train Accuracy: 99.08%
Validation Loss: 0.0856, Validation Accuracy: 97.61%
[Epoch 19, Batch     2] loss: 0.000
[Epoch 19, Batch   102] loss: 0.018
Epoch 19/20:
Train Loss: 0.0055, Train Accuracy: 99.48%
Validation Loss: 0.0593, Validation Accuracy: 98.48%
[Epoch 20, Batch     2] loss: 0.000
[Epoch 20, Batch   102] loss: 0.014
Epoch 20/20:
Train Loss: 0.0091, Train Accuracy: 99.52%
Validation Loss: 0.0670, Validation Accuracy: 98.17%
Model saved to models/resnet18-MNIST-predictive_entropy-balanced_by_score1-0.8-2
Modified conv1: updated in_channels to 1.
Modified fc layer: updated out_features to 10.
Initialized untrained model.
resnet18-MNIST-predictive_entropy-balanced_by_score1-0.9-2
[Epoch 1, Batch     2] loss: 0.041
Epoch 1/20:
Train Loss: 0.3749, Train Accuracy: 86.50%
Validation Loss: 0.1706, Validation Accuracy: 94.11%
[Epoch 2, Batch     2] loss: 0.002
Epoch 2/20:
Train Loss: 0.1343, Train Accuracy: 95.79%
Validation Loss: 0.2907, Validation Accuracy: 91.21%
[Epoch 3, Batch     2] loss: 0.006
Epoch 3/20:
Train Loss: 0.1256, Train Accuracy: 95.67%
Validation Loss: 0.1249, Validation Accuracy: 96.05%
[Epoch 4, Batch     2] loss: 0.001
Epoch 4/20:
Train Loss: 0.0773, Train Accuracy: 97.57%
Validation Loss: 0.1860, Validation Accuracy: 94.12%
[Epoch 5, Batch     2] loss: 0.001
Epoch 5/20:
Train Loss: 0.0698, Train Accuracy: 97.72%
Validation Loss: 0.1146, Validation Accuracy: 96.48%
[Epoch 6, Batch     2] loss: 0.001
Epoch 6/20:
Train Loss: 0.0680, Train Accuracy: 97.71%
Validation Loss: 0.1749, Validation Accuracy: 95.15%
[Epoch 7, Batch     2] loss: 0.002
Epoch 7/20:
Train Loss: 0.0678, Train Accuracy: 97.74%
Validation Loss: 0.1313, Validation Accuracy: 96.37%
[Epoch 8, Batch     2] loss: 0.002
Epoch 8/20:
Train Loss: 0.0397, Train Accuracy: 98.61%
Validation Loss: 0.1571, Validation Accuracy: 95.40%
[Epoch 9, Batch     2] loss: 0.000
Epoch 9/20:
Train Loss: 0.0548, Train Accuracy: 98.18%
Validation Loss: 0.1495, Validation Accuracy: 95.51%
[Epoch 10, Batch     2] loss: 0.001
Epoch 10/20:
Train Loss: 0.0412, Train Accuracy: 98.73%
Validation Loss: 0.1633, Validation Accuracy: 95.20%
[Epoch 11, Batch     2] loss: 0.000
Epoch 11/20:
Train Loss: 0.0224, Train Accuracy: 99.35%
Validation Loss: 0.0813, Validation Accuracy: 97.69%
[Epoch 12, Batch     2] loss: 0.000
Epoch 12/20:
Train Loss: 0.0292, Train Accuracy: 98.96%
Validation Loss: 0.1151, Validation Accuracy: 96.65%
[Epoch 13, Batch     2] loss: 0.000
Epoch 13/20:
Train Loss: 0.0157, Train Accuracy: 99.49%
Validation Loss: 0.0683, Validation Accuracy: 98.17%
[Epoch 14, Batch     2] loss: 0.000
Epoch 14/20:
Train Loss: 0.0166, Train Accuracy: 99.46%
Validation Loss: 0.1103, Validation Accuracy: 97.14%
[Epoch 15, Batch     2] loss: 0.001
Epoch 15/20:
Train Loss: 0.0207, Train Accuracy: 99.27%
Validation Loss: 0.0943, Validation Accuracy: 97.32%
[Epoch 16, Batch     2] loss: 0.000
Epoch 16/20:
Train Loss: 0.0354, Train Accuracy: 98.93%
Validation Loss: 0.1187, Validation Accuracy: 96.71%
[Epoch 17, Batch     2] loss: 0.000
Epoch 17/20:
Train Loss: 0.0408, Train Accuracy: 98.78%
Validation Loss: 0.1774, Validation Accuracy: 95.03%
[Epoch 18, Batch     2] loss: 0.002
Epoch 18/20:
Train Loss: 0.0233, Train Accuracy: 99.18%
Validation Loss: 0.0753, Validation Accuracy: 97.75%
[Epoch 19, Batch     2] loss: 0.001
Epoch 19/20:
Train Loss: 0.0147, Train Accuracy: 99.61%
Validation Loss: 0.0667, Validation Accuracy: 98.30%
[Epoch 20, Batch     2] loss: 0.000
Epoch 20/20:
Train Loss: 0.0134, Train Accuracy: 99.54%
Validation Loss: 0.0656, Validation Accuracy: 98.18%
Model saved to models/resnet18-MNIST-predictive_entropy-balanced_by_score1-0.9-2
Modified conv1: updated in_channels to 1.
Modified fc layer: updated out_features to 10.
Initialized untrained model.
resnet18-MNIST-predictive_entropy-balanced_by_score1-0.95-2
[Epoch 1, Batch     2] loss: 0.046
Epoch 1/20:
Train Loss: 0.4434, Train Accuracy: 82.27%
Validation Loss: 0.5256, Validation Accuracy: 82.58%
[Epoch 2, Batch     2] loss: 0.002
Epoch 2/20:
Train Loss: 0.1741, Train Accuracy: 94.57%
Validation Loss: 0.2154, Validation Accuracy: 93.71%
[Epoch 3, Batch     2] loss: 0.001
Epoch 3/20:
Train Loss: 0.1006, Train Accuracy: 96.64%
Validation Loss: 0.1654, Validation Accuracy: 94.74%
[Epoch 4, Batch     2] loss: 0.001
Epoch 4/20:
Train Loss: 0.0668, Train Accuracy: 97.66%
Validation Loss: 0.3727, Validation Accuracy: 88.96%
[Epoch 5, Batch     2] loss: 0.001
Epoch 5/20:
Train Loss: 0.0785, Train Accuracy: 97.35%
Validation Loss: 0.1968, Validation Accuracy: 94.55%
[Epoch 6, Batch     2] loss: 0.002
Epoch 6/20:
Train Loss: 0.0860, Train Accuracy: 97.18%
Validation Loss: 0.2173, Validation Accuracy: 93.88%
[Epoch 7, Batch     2] loss: 0.000
Epoch 7/20:
Train Loss: 0.0657, Train Accuracy: 97.76%
Validation Loss: 0.2785, Validation Accuracy: 92.77%
[Epoch 8, Batch     2] loss: 0.001
Epoch 8/20:
Train Loss: 0.0927, Train Accuracy: 97.42%
Validation Loss: 0.1622, Validation Accuracy: 95.49%
[Epoch 9, Batch     2] loss: 0.001
Epoch 9/20:
Train Loss: 0.0508, Train Accuracy: 98.47%
Validation Loss: 0.1115, Validation Accuracy: 96.78%
[Epoch 10, Batch     2] loss: 0.000
Epoch 10/20:
Train Loss: 0.0231, Train Accuracy: 99.35%
Validation Loss: 0.1118, Validation Accuracy: 96.98%
[Epoch 11, Batch     2] loss: 0.000
Epoch 11/20:
Train Loss: 0.0132, Train Accuracy: 99.56%
Validation Loss: 0.1399, Validation Accuracy: 96.41%
[Epoch 12, Batch     2] loss: 0.000
Epoch 12/20:
Train Loss: 0.0153, Train Accuracy: 99.56%
Validation Loss: 0.1231, Validation Accuracy: 96.67%
[Epoch 13, Batch     2] loss: 0.000
Epoch 13/20:
Train Loss: 0.0411, Train Accuracy: 98.64%
Validation Loss: 0.2971, Validation Accuracy: 92.03%
[Epoch 14, Batch     2] loss: 0.001
Epoch 14/20:
Train Loss: 0.0467, Train Accuracy: 98.47%
Validation Loss: 0.2433, Validation Accuracy: 94.22%
[Epoch 15, Batch     2] loss: 0.001
Epoch 15/20:
Train Loss: 0.0309, Train Accuracy: 98.78%
Validation Loss: 0.1122, Validation Accuracy: 96.78%
[Epoch 16, Batch     2] loss: 0.000
Epoch 16/20:
Train Loss: 0.0277, Train Accuracy: 99.22%
Validation Loss: 0.1077, Validation Accuracy: 97.23%
[Epoch 17, Batch     2] loss: 0.000
Epoch 17/20:
Train Loss: 0.0184, Train Accuracy: 99.46%
Validation Loss: 0.1234, Validation Accuracy: 96.85%
[Epoch 18, Batch     2] loss: 0.002
Epoch 18/20:
Train Loss: 0.0170, Train Accuracy: 99.46%
Validation Loss: 0.1065, Validation Accuracy: 97.11%
[Epoch 19, Batch     2] loss: 0.000
Epoch 19/20:
Train Loss: 0.0255, Train Accuracy: 99.22%
Validation Loss: 0.2667, Validation Accuracy: 93.99%
[Epoch 20, Batch     2] loss: 0.000
Epoch 20/20:
Train Loss: 0.0319, Train Accuracy: 99.15%
Validation Loss: 0.1743, Validation Accuracy: 95.46%
Model saved to models/resnet18-MNIST-predictive_entropy-balanced_by_score1-0.95-2
Modified conv1: updated in_channels to 1.
Modified fc layer: updated out_features to 10.
Loaded weights from file: models/resnet18_MNIST_2
Modified conv1: updated in_channels to 1.
Modified fc layer: updated out_features to 10.
Initialized untrained model.
Execution time: 0.0387 seconds
resnet18-MNIST-predictive_entropy-balanced_by_range-0.3-2
[Epoch 1, Batch     2] loss: 0.051
Epoch 1/20:
Train Loss: 0.9399, Train Accuracy: 66.52%
Validation Loss: 0.5590, Validation Accuracy: 78.82%
[Epoch 2, Batch     2] loss: 0.010
Epoch 2/20:
Train Loss: 0.5362, Train Accuracy: 80.92%
Validation Loss: 0.2587, Validation Accuracy: 91.34%
[Epoch 3, Batch     2] loss: 0.008
Epoch 3/20:
Train Loss: 0.4169, Train Accuracy: 85.35%
Validation Loss: 0.2448, Validation Accuracy: 92.23%
[Epoch 4, Batch     2] loss: 0.006
Epoch 4/20:
Train Loss: 0.3212, Train Accuracy: 88.45%
Validation Loss: 0.2641, Validation Accuracy: 91.13%
[Epoch 5, Batch     2] loss: 0.005
Epoch 5/20:
Train Loss: 0.2587, Train Accuracy: 90.53%
Validation Loss: 0.2130, Validation Accuracy: 92.98%
[Epoch 6, Batch     2] loss: 0.006
Epoch 6/20:
Train Loss: 0.2267, Train Accuracy: 91.79%
Validation Loss: 0.2989, Validation Accuracy: 91.64%
[Epoch 7, Batch     2] loss: 0.003
Epoch 7/20:
Train Loss: 0.2134, Train Accuracy: 92.99%
Validation Loss: 0.2715, Validation Accuracy: 91.85%
[Epoch 8, Batch     2] loss: 0.004
Epoch 8/20:
Train Loss: 0.1544, Train Accuracy: 94.72%
Validation Loss: 0.1739, Validation Accuracy: 94.75%
[Epoch 9, Batch     2] loss: 0.002
Epoch 9/20:
Train Loss: 0.1458, Train Accuracy: 94.93%
Validation Loss: 0.2641, Validation Accuracy: 92.49%
[Epoch 10, Batch     2] loss: 0.003
Epoch 10/20:
Train Loss: 0.1371, Train Accuracy: 95.05%
Validation Loss: 0.1988, Validation Accuracy: 93.95%
[Epoch 11, Batch     2] loss: 0.002
Epoch 11/20:
Train Loss: 0.1124, Train Accuracy: 95.83%
Validation Loss: 0.2006, Validation Accuracy: 94.08%
[Epoch 12, Batch     2] loss: 0.002
Epoch 12/20:
Train Loss: 0.1092, Train Accuracy: 96.24%
Validation Loss: 0.1417, Validation Accuracy: 95.98%
[Epoch 13, Batch     2] loss: 0.001
Epoch 13/20:
Train Loss: 0.1071, Train Accuracy: 96.19%
Validation Loss: 0.2066, Validation Accuracy: 94.02%
[Epoch 14, Batch     2] loss: 0.003
Epoch 14/20:
Train Loss: 0.0567, Train Accuracy: 97.92%
Validation Loss: 0.1546, Validation Accuracy: 95.57%
[Epoch 15, Batch     2] loss: 0.001
Epoch 15/20:
Train Loss: 0.0594, Train Accuracy: 97.56%
Validation Loss: 0.1060, Validation Accuracy: 97.13%
[Epoch 16, Batch     2] loss: 0.000
Epoch 16/20:
Train Loss: 0.0591, Train Accuracy: 98.11%
Validation Loss: 0.1986, Validation Accuracy: 94.87%
[Epoch 17, Batch     2] loss: 0.002
Epoch 17/20:
Train Loss: 0.1281, Train Accuracy: 95.50%
Validation Loss: 0.2526, Validation Accuracy: 92.71%
[Epoch 18, Batch     2] loss: 0.001
Epoch 18/20:
Train Loss: 0.0611, Train Accuracy: 97.92%
Validation Loss: 0.1918, Validation Accuracy: 95.20%
[Epoch 19, Batch     2] loss: 0.001
Epoch 19/20:
Train Loss: 0.0420, Train Accuracy: 98.65%
Validation Loss: 0.1338, Validation Accuracy: 96.65%
[Epoch 20, Batch     2] loss: 0.000
Epoch 20/20:
Train Loss: 0.0546, Train Accuracy: 98.06%
Validation Loss: 0.2098, Validation Accuracy: 94.51%
Model saved to models/resnet18-MNIST-predictive_entropy-balanced_by_range-0.3-2
Modified conv1: updated in_channels to 1.
Modified fc layer: updated out_features to 10.
Initialized untrained model.
Execution time: 0.0509 seconds
resnet18-MNIST-predictive_entropy-balanced_by_range-0.5-2
[Epoch 1, Batch     2] loss: 0.045
Epoch 1/20:
Train Loss: 0.9832, Train Accuracy: 64.04%
Validation Loss: 0.5309, Validation Accuracy: 80.73%
[Epoch 2, Batch     2] loss: 0.012
Epoch 2/20:
Train Loss: 0.5599, Train Accuracy: 79.85%
Validation Loss: 0.3166, Validation Accuracy: 90.30%
[Epoch 3, Batch     2] loss: 0.007
Epoch 3/20:
Train Loss: 0.4243, Train Accuracy: 85.06%
Validation Loss: 0.3335, Validation Accuracy: 89.18%
[Epoch 4, Batch     2] loss: 0.009
Epoch 4/20:
Train Loss: 0.3464, Train Accuracy: 87.25%
Validation Loss: 0.5611, Validation Accuracy: 82.91%
[Epoch 5, Batch     2] loss: 0.004
Epoch 5/20:
Train Loss: 0.2868, Train Accuracy: 89.80%
Validation Loss: 0.2817, Validation Accuracy: 90.95%
[Epoch 6, Batch     2] loss: 0.003
Epoch 6/20:
Train Loss: 0.2427, Train Accuracy: 91.69%
Validation Loss: 0.2393, Validation Accuracy: 92.30%
[Epoch 7, Batch     2] loss: 0.004
Epoch 7/20:
Train Loss: 0.2083, Train Accuracy: 92.57%
Validation Loss: 0.3419, Validation Accuracy: 90.23%
[Epoch 8, Batch     2] loss: 0.007
Epoch 8/20:
Train Loss: 0.2022, Train Accuracy: 92.71%
Validation Loss: 0.1593, Validation Accuracy: 94.95%
[Epoch 9, Batch     2] loss: 0.002
Epoch 9/20:
Train Loss: 0.1548, Train Accuracy: 94.65%
Validation Loss: 0.2096, Validation Accuracy: 93.88%
[Epoch 10, Batch     2] loss: 0.001
Epoch 10/20:
Train Loss: 0.1255, Train Accuracy: 95.56%
Validation Loss: 0.1859, Validation Accuracy: 94.40%
[Epoch 11, Batch     2] loss: 0.002
Epoch 11/20:
Train Loss: 0.1160, Train Accuracy: 96.24%
Validation Loss: 0.1442, Validation Accuracy: 95.75%
[Epoch 12, Batch     2] loss: 0.002
Epoch 12/20:
Train Loss: 0.1091, Train Accuracy: 96.13%
Validation Loss: 0.1859, Validation Accuracy: 94.49%
[Epoch 13, Batch     2] loss: 0.003
Epoch 13/20:
Train Loss: 0.1253, Train Accuracy: 95.64%
Validation Loss: 0.2702, Validation Accuracy: 91.82%
[Epoch 14, Batch     2] loss: 0.002
Epoch 14/20:
Train Loss: 0.0933, Train Accuracy: 96.57%
Validation Loss: 0.1550, Validation Accuracy: 95.29%
[Epoch 15, Batch     2] loss: 0.001
Epoch 15/20:
Train Loss: 0.0690, Train Accuracy: 97.51%
Validation Loss: 0.1841, Validation Accuracy: 94.64%
[Epoch 16, Batch     2] loss: 0.001
Epoch 16/20:
Train Loss: 0.0636, Train Accuracy: 97.62%
Validation Loss: 0.1922, Validation Accuracy: 94.48%
[Epoch 17, Batch     2] loss: 0.002
Epoch 17/20:
Train Loss: 0.0833, Train Accuracy: 97.26%
Validation Loss: 0.2843, Validation Accuracy: 93.03%
[Epoch 18, Batch     2] loss: 0.001
Epoch 18/20:
Train Loss: 0.0802, Train Accuracy: 97.12%
Validation Loss: 0.2173, Validation Accuracy: 94.13%
[Epoch 19, Batch     2] loss: 0.001
Epoch 19/20:
Train Loss: 0.0739, Train Accuracy: 97.01%
Validation Loss: 0.3180, Validation Accuracy: 91.57%
[Epoch 20, Batch     2] loss: 0.002
Epoch 20/20:
Train Loss: 0.0691, Train Accuracy: 97.51%
Validation Loss: 0.1127, Validation Accuracy: 96.65%
Model saved to models/resnet18-MNIST-predictive_entropy-balanced_by_range-0.5-2
Modified conv1: updated in_channels to 1.
Modified fc layer: updated out_features to 10.
Initialized untrained model.
Execution time: 0.0310 seconds
resnet18-MNIST-predictive_entropy-balanced_by_range-0.7-2
[Epoch 1, Batch     2] loss: 0.046
Epoch 1/20:
Train Loss: 1.0838, Train Accuracy: 60.94%
Validation Loss: 0.6403, Validation Accuracy: 79.40%
[Epoch 2, Batch     2] loss: 0.015
Epoch 2/20:
Train Loss: 0.5785, Train Accuracy: 78.46%
Validation Loss: 0.5557, Validation Accuracy: 79.49%
[Epoch 3, Batch     2] loss: 0.009
Epoch 3/20:
Train Loss: 0.4480, Train Accuracy: 83.74%
Validation Loss: 0.6602, Validation Accuracy: 77.83%
[Epoch 4, Batch     2] loss: 0.006
Epoch 4/20:
Train Loss: 0.3527, Train Accuracy: 87.30%
Validation Loss: 0.5010, Validation Accuracy: 87.75%
[Epoch 5, Batch     2] loss: 0.007
Epoch 5/20:
Train Loss: 0.3104, Train Accuracy: 88.33%
Validation Loss: 0.5679, Validation Accuracy: 82.65%
[Epoch 6, Batch     2] loss: 0.006
Epoch 6/20:
Train Loss: 0.2550, Train Accuracy: 90.66%
Validation Loss: 0.3203, Validation Accuracy: 89.43%
[Epoch 7, Batch     2] loss: 0.004
Epoch 7/20:
Train Loss: 0.2374, Train Accuracy: 91.95%
Validation Loss: 0.3464, Validation Accuracy: 88.84%
[Epoch 8, Batch     2] loss: 0.004
Epoch 8/20:
Train Loss: 0.1825, Train Accuracy: 93.42%
Validation Loss: 0.4295, Validation Accuracy: 88.08%
[Epoch 9, Batch     2] loss: 0.002
Epoch 9/20:
Train Loss: 0.1757, Train Accuracy: 93.68%
Validation Loss: 0.5427, Validation Accuracy: 85.21%
[Epoch 10, Batch     2] loss: 0.002
Epoch 10/20:
Train Loss: 0.1847, Train Accuracy: 93.92%
Validation Loss: 0.3934, Validation Accuracy: 88.52%
[Epoch 11, Batch     2] loss: 0.004
Epoch 11/20:
Train Loss: 0.1267, Train Accuracy: 95.35%
Validation Loss: 0.4462, Validation Accuracy: 86.34%
[Epoch 12, Batch     2] loss: 0.001
Epoch 12/20:
Train Loss: 0.1353, Train Accuracy: 95.28%
Validation Loss: 0.1888, Validation Accuracy: 93.83%
[Epoch 13, Batch     2] loss: 0.001
Epoch 13/20:
Train Loss: 0.0964, Train Accuracy: 96.31%
Validation Loss: 0.4858, Validation Accuracy: 87.36%
[Epoch 14, Batch     2] loss: 0.002
Epoch 14/20:
Train Loss: 0.1160, Train Accuracy: 96.24%
Validation Loss: 0.3067, Validation Accuracy: 91.52%
[Epoch 15, Batch     2] loss: 0.002
Epoch 15/20:
Train Loss: 0.1004, Train Accuracy: 96.41%
Validation Loss: 0.2486, Validation Accuracy: 92.87%
[Epoch 16, Batch     2] loss: 0.002
Epoch 16/20:
Train Loss: 0.0862, Train Accuracy: 96.91%
Validation Loss: 0.1932, Validation Accuracy: 94.73%
[Epoch 17, Batch     2] loss: 0.001
Epoch 17/20:
Train Loss: 0.0724, Train Accuracy: 97.77%
Validation Loss: 0.1949, Validation Accuracy: 93.94%
[Epoch 18, Batch     2] loss: 0.001
Epoch 18/20:
Train Loss: 0.0915, Train Accuracy: 96.84%
Validation Loss: 0.3044, Validation Accuracy: 91.57%
[Epoch 19, Batch     2] loss: 0.002
Epoch 19/20:
Train Loss: 0.0837, Train Accuracy: 97.47%
Validation Loss: 0.1720, Validation Accuracy: 94.94%
[Epoch 20, Batch     2] loss: 0.001
Epoch 20/20:
Train Loss: 0.0662, Train Accuracy: 97.57%
Validation Loss: 0.1745, Validation Accuracy: 94.93%
Model saved to models/resnet18-MNIST-predictive_entropy-balanced_by_range-0.7-2
Modified conv1: updated in_channels to 1.
Modified fc layer: updated out_features to 10.
Initialized untrained model.
Execution time: 0.0333 seconds
resnet18-MNIST-predictive_entropy-balanced_by_range-0.8-2
[Epoch 1, Batch     2] loss: 0.045
Epoch 1/20:
Train Loss: 1.1751, Train Accuracy: 59.14%
Validation Loss: 1.1342, Validation Accuracy: 63.63%
[Epoch 2, Batch     2] loss: 0.011
Epoch 2/20:
Train Loss: 0.6558, Train Accuracy: 76.45%
Validation Loss: 0.7535, Validation Accuracy: 74.92%
[Epoch 3, Batch     2] loss: 0.008
Epoch 3/20:
Train Loss: 0.4796, Train Accuracy: 83.55%
Validation Loss: 0.8321, Validation Accuracy: 74.84%
[Epoch 4, Batch     2] loss: 0.010
Epoch 4/20:
Train Loss: 0.3679, Train Accuracy: 86.76%
Validation Loss: 0.6518, Validation Accuracy: 80.74%
[Epoch 5, Batch     2] loss: 0.006
Epoch 5/20:
Train Loss: 0.2844, Train Accuracy: 89.34%
Validation Loss: 0.3047, Validation Accuracy: 89.48%
[Epoch 6, Batch     2] loss: 0.004
Epoch 6/20:
Train Loss: 0.2587, Train Accuracy: 91.05%
Validation Loss: 0.4007, Validation Accuracy: 85.64%
[Epoch 7, Batch     2] loss: 0.005
Epoch 7/20:
Train Loss: 0.2022, Train Accuracy: 92.50%
Validation Loss: 0.3474, Validation Accuracy: 89.29%
[Epoch 8, Batch     2] loss: 0.003
Epoch 8/20:
Train Loss: 0.1659, Train Accuracy: 93.91%
Validation Loss: 0.2601, Validation Accuracy: 91.44%
[Epoch 9, Batch     2] loss: 0.001
Epoch 9/20:
Train Loss: 0.1463, Train Accuracy: 95.00%
Validation Loss: 0.3495, Validation Accuracy: 90.62%
[Epoch 10, Batch     2] loss: 0.004
Epoch 10/20:
Train Loss: 0.1447, Train Accuracy: 94.88%
Validation Loss: 0.4073, Validation Accuracy: 88.88%
[Epoch 11, Batch     2] loss: 0.003
Epoch 11/20:
Train Loss: 0.1424, Train Accuracy: 94.65%
Validation Loss: 0.6480, Validation Accuracy: 80.79%
[Epoch 12, Batch     2] loss: 0.002
Epoch 12/20:
Train Loss: 0.1595, Train Accuracy: 94.88%
Validation Loss: 0.5352, Validation Accuracy: 85.93%
[Epoch 13, Batch     2] loss: 0.002
Epoch 13/20:
Train Loss: 0.1441, Train Accuracy: 95.16%
Validation Loss: 0.3574, Validation Accuracy: 90.77%
[Epoch 14, Batch     2] loss: 0.001
Epoch 14/20:
Train Loss: 0.0771, Train Accuracy: 97.54%
Validation Loss: 0.9234, Validation Accuracy: 82.57%
[Epoch 15, Batch     2] loss: 0.006
Epoch 15/20:
Train Loss: 0.0836, Train Accuracy: 96.56%
Validation Loss: 0.2678, Validation Accuracy: 92.53%
[Epoch 16, Batch     2] loss: 0.001
Epoch 16/20:
Train Loss: 0.0741, Train Accuracy: 97.46%
Validation Loss: 0.4368, Validation Accuracy: 86.73%
[Epoch 17, Batch     2] loss: 0.001
Epoch 17/20:
Train Loss: 0.1074, Train Accuracy: 96.41%
Validation Loss: 0.5106, Validation Accuracy: 87.55%
[Epoch 18, Batch     2] loss: 0.002
Epoch 18/20:
Train Loss: 0.0955, Train Accuracy: 96.91%
Validation Loss: 0.3279, Validation Accuracy: 90.84%
[Epoch 19, Batch     2] loss: 0.000
Epoch 19/20:
Train Loss: 0.0764, Train Accuracy: 97.15%
Validation Loss: 0.2301, Validation Accuracy: 93.56%
[Epoch 20, Batch     2] loss: 0.001
Epoch 20/20:
Train Loss: 0.0722, Train Accuracy: 97.77%
Validation Loss: 0.4362, Validation Accuracy: 89.31%
Model saved to models/resnet18-MNIST-predictive_entropy-balanced_by_range-0.8-2
Modified conv1: updated in_channels to 1.
Modified fc layer: updated out_features to 10.
Initialized untrained model.
Execution time: 0.0323 seconds
resnet18-MNIST-predictive_entropy-balanced_by_range-0.9-2
[Epoch 1, Batch     2] loss: 0.046
Epoch 1/20:
Train Loss: 1.2297, Train Accuracy: 56.36%
Validation Loss: 1.4560, Validation Accuracy: 48.80%
[Epoch 2, Batch     2] loss: 0.018
Epoch 2/20:
Train Loss: 0.7033, Train Accuracy: 73.76%
Validation Loss: 0.7110, Validation Accuracy: 72.18%
[Epoch 3, Batch     2] loss: 0.009
Epoch 3/20:
Train Loss: 0.5087, Train Accuracy: 81.30%
Validation Loss: 0.6556, Validation Accuracy: 78.20%
[Epoch 4, Batch     2] loss: 0.008
Epoch 4/20:
Train Loss: 0.3525, Train Accuracy: 86.05%
Validation Loss: 0.8152, Validation Accuracy: 77.45%
[Epoch 5, Batch     2] loss: 0.004
Epoch 5/20:
Train Loss: 0.2918, Train Accuracy: 89.01%
Validation Loss: 0.6056, Validation Accuracy: 80.83%
[Epoch 6, Batch     2] loss: 0.006
Epoch 6/20:
Train Loss: 0.2987, Train Accuracy: 89.60%
Validation Loss: 0.7773, Validation Accuracy: 76.37%
[Epoch 7, Batch     2] loss: 0.005
Epoch 7/20:
Train Loss: 0.2373, Train Accuracy: 91.54%
Validation Loss: 0.4730, Validation Accuracy: 84.32%
[Epoch 8, Batch     2] loss: 0.003
Epoch 8/20:
Train Loss: 0.2006, Train Accuracy: 92.46%
Validation Loss: 1.0233, Validation Accuracy: 75.58%
[Epoch 9, Batch     2] loss: 0.004
Epoch 9/20:
Train Loss: 0.1418, Train Accuracy: 94.61%
Validation Loss: 0.6322, Validation Accuracy: 82.80%
[Epoch 10, Batch     2] loss: 0.002
Epoch 10/20:
Train Loss: 0.1537, Train Accuracy: 94.50%
Validation Loss: 0.9775, Validation Accuracy: 78.77%
[Epoch 11, Batch     2] loss: 0.003
Epoch 11/20:
Train Loss: 0.1246, Train Accuracy: 95.26%
Validation Loss: 0.6455, Validation Accuracy: 81.42%
[Epoch 12, Batch     2] loss: 0.003
Epoch 12/20:
Train Loss: 0.1222, Train Accuracy: 95.85%
Validation Loss: 0.7134, Validation Accuracy: 81.75%
[Epoch 13, Batch     2] loss: 0.002
Epoch 13/20:
Train Loss: 0.1246, Train Accuracy: 95.31%
Validation Loss: 1.2397, Validation Accuracy: 69.52%
[Epoch 14, Batch     2] loss: 0.003
Epoch 14/20:
Train Loss: 0.1288, Train Accuracy: 95.31%
Validation Loss: 0.4918, Validation Accuracy: 86.41%
[Epoch 15, Batch     2] loss: 0.002
Epoch 15/20:
Train Loss: 0.0914, Train Accuracy: 96.66%
Validation Loss: 0.5676, Validation Accuracy: 83.91%
[Epoch 16, Batch     2] loss: 0.002
Epoch 16/20:
Train Loss: 0.0721, Train Accuracy: 97.20%
Validation Loss: 0.3364, Validation Accuracy: 89.79%
[Epoch 17, Batch     2] loss: 0.000
Epoch 17/20:
Train Loss: 0.0629, Train Accuracy: 97.74%
Validation Loss: 0.3934, Validation Accuracy: 89.27%
[Epoch 18, Batch     2] loss: 0.001
Epoch 18/20:
Train Loss: 0.0557, Train Accuracy: 98.06%
Validation Loss: 0.8322, Validation Accuracy: 80.56%
[Epoch 19, Batch     2] loss: 0.002
Epoch 19/20:
Train Loss: 0.0831, Train Accuracy: 96.66%
Validation Loss: 0.7648, Validation Accuracy: 78.97%
[Epoch 20, Batch     2] loss: 0.001
Epoch 20/20:
Train Loss: 0.0873, Train Accuracy: 96.50%
Validation Loss: 0.7269, Validation Accuracy: 82.17%
Model saved to models/resnet18-MNIST-predictive_entropy-balanced_by_range-0.9-2
Modified conv1: updated in_channels to 1.
Modified fc layer: updated out_features to 10.
Initialized untrained model.
Execution time: 0.0324 seconds
resnet18-MNIST-predictive_entropy-balanced_by_range-0.95-2
[Epoch 1, Batch     2] loss: 0.044
Epoch 1/20:
Train Loss: 1.2182, Train Accuracy: 54.09%
Validation Loss: 1.7100, Validation Accuracy: 35.14%
[Epoch 2, Batch     2] loss: 0.019
Epoch 2/20:
Train Loss: 0.6922, Train Accuracy: 74.70%
Validation Loss: 0.7671, Validation Accuracy: 73.38%
[Epoch 3, Batch     2] loss: 0.013
Epoch 3/20:
Train Loss: 0.5075, Train Accuracy: 79.39%
Validation Loss: 0.5360, Validation Accuracy: 80.98%
[Epoch 4, Batch     2] loss: 0.007
Epoch 4/20:
Train Loss: 0.3384, Train Accuracy: 88.10%
Validation Loss: 0.7034, Validation Accuracy: 78.21%
[Epoch 5, Batch     2] loss: 0.007
Epoch 5/20:
Train Loss: 0.3084, Train Accuracy: 88.24%
Validation Loss: 0.7309, Validation Accuracy: 76.06%
[Epoch 6, Batch     2] loss: 0.005
Epoch 6/20:
Train Loss: 0.2295, Train Accuracy: 91.37%
Validation Loss: 0.5805, Validation Accuracy: 82.27%
[Epoch 7, Batch     2] loss: 0.003
Epoch 7/20:
Train Loss: 0.2459, Train Accuracy: 91.15%
Validation Loss: 0.9491, Validation Accuracy: 76.26%
[Epoch 8, Batch     2] loss: 0.003
Epoch 8/20:
Train Loss: 0.2552, Train Accuracy: 90.77%
Validation Loss: 0.8558, Validation Accuracy: 75.91%
[Epoch 9, Batch     2] loss: 0.003
Epoch 9/20:
Train Loss: 0.1554, Train Accuracy: 94.79%
Validation Loss: 0.4259, Validation Accuracy: 86.73%
[Epoch 10, Batch     2] loss: 0.001
Epoch 10/20:
Train Loss: 0.0949, Train Accuracy: 96.58%
Validation Loss: 0.7569, Validation Accuracy: 81.68%
[Epoch 11, Batch     2] loss: 0.003
Epoch 11/20:
Train Loss: 0.0821, Train Accuracy: 96.65%
Validation Loss: 0.9312, Validation Accuracy: 77.14%
[Epoch 12, Batch     2] loss: 0.002
Epoch 12/20:
Train Loss: 0.1347, Train Accuracy: 95.39%
Validation Loss: 0.8868, Validation Accuracy: 77.79%
[Epoch 13, Batch     2] loss: 0.002
Epoch 13/20:
Train Loss: 0.1456, Train Accuracy: 94.49%
Validation Loss: 2.0096, Validation Accuracy: 59.68%
[Epoch 14, Batch     2] loss: 0.001
Epoch 14/20:
Train Loss: 0.1251, Train Accuracy: 95.61%
Validation Loss: 1.1902, Validation Accuracy: 70.13%
[Epoch 15, Batch     2] loss: 0.002
Epoch 15/20:
Train Loss: 0.1020, Train Accuracy: 96.43%
Validation Loss: 0.5581, Validation Accuracy: 84.25%
[Epoch 16, Batch     2] loss: 0.001
Epoch 16/20:
Train Loss: 0.0683, Train Accuracy: 97.84%
Validation Loss: 0.6354, Validation Accuracy: 83.88%
[Epoch 17, Batch     2] loss: 0.000
Epoch 17/20:
Train Loss: 0.0877, Train Accuracy: 96.95%
Validation Loss: 0.9416, Validation Accuracy: 79.50%
[Epoch 18, Batch     2] loss: 0.001
Epoch 18/20:
Train Loss: 0.0865, Train Accuracy: 96.95%
Validation Loss: 0.6224, Validation Accuracy: 83.98%
[Epoch 19, Batch     2] loss: 0.001
Epoch 19/20:
Train Loss: 0.0993, Train Accuracy: 96.35%
Validation Loss: 0.6309, Validation Accuracy: 82.93%
[Epoch 20, Batch     2] loss: 0.003
Epoch 20/20:
Train Loss: 0.1019, Train Accuracy: 96.13%
Validation Loss: 1.1217, Validation Accuracy: 76.32%
Model saved to models/resnet18-MNIST-predictive_entropy-balanced_by_range-0.95-2
Modified conv1: updated in_channels to 1.
Modified fc layer: updated out_features to 10.
Initialized untrained model.
[Epoch 1, Batch     2] loss: 0.045
[Epoch 1, Batch   102] loss: 0.354
[Epoch 1, Batch   202] loss: 0.188
[Epoch 1, Batch   302] loss: 0.134
[Epoch 1, Batch   402] loss: 0.120
[Epoch 1, Batch   502] loss: 0.121
[Epoch 1, Batch   602] loss: 0.093
[Epoch 1, Batch   702] loss: 0.105
[Epoch 1, Batch   802] loss: 0.093
[Epoch 1, Batch   902] loss: 0.092
Epoch 1/20:
Train Loss: 0.0032, Train Accuracy: 95.46%
Validation Loss: 0.0652, Validation Accuracy: 98.13%
[Epoch 2, Batch     2] loss: 0.002
[Epoch 2, Batch   102] loss: 0.062
[Epoch 2, Batch   202] loss: 0.068
[Epoch 2, Batch   302] loss: 0.073
[Epoch 2, Batch   402] loss: 0.069
[Epoch 2, Batch   502] loss: 0.079
[Epoch 2, Batch   602] loss: 0.064
[Epoch 2, Batch   702] loss: 0.064
[Epoch 2, Batch   802] loss: 0.060
[Epoch 2, Batch   902] loss: 0.057
Epoch 2/20:
Train Loss: 0.0028, Train Accuracy: 98.04%
Validation Loss: 0.0599, Validation Accuracy: 98.14%
[Epoch 3, Batch     2] loss: 0.001
[Epoch 3, Batch   102] loss: 0.041
[Epoch 3, Batch   202] loss: 0.056
[Epoch 3, Batch   302] loss: 0.057
[Epoch 3, Batch   402] loss: 0.055
[Epoch 3, Batch   502] loss: 0.064
[Epoch 3, Batch   602] loss: 0.061
[Epoch 3, Batch   702] loss: 0.048
[Epoch 3, Batch   802] loss: 0.056
[Epoch 3, Batch   902] loss: 0.063
Epoch 3/20:
Train Loss: 0.0033, Train Accuracy: 98.34%
Validation Loss: 0.0383, Validation Accuracy: 98.74%
[Epoch 4, Batch     2] loss: 0.000
[Epoch 4, Batch   102] loss: 0.039
[Epoch 4, Batch   202] loss: 0.051
[Epoch 4, Batch   302] loss: 0.044
[Epoch 4, Batch   402] loss: 0.050
[Epoch 4, Batch   502] loss: 0.042
[Epoch 4, Batch   602] loss: 0.046
[Epoch 4, Batch   702] loss: 0.053
[Epoch 4, Batch   802] loss: 0.046
[Epoch 4, Batch   902] loss: 0.048
Epoch 4/20:
Train Loss: 0.0021, Train Accuracy: 98.64%
Validation Loss: 0.0442, Validation Accuracy: 98.84%
[Epoch 5, Batch     2] loss: 0.000
[Epoch 5, Batch   102] loss: 0.043
[Epoch 5, Batch   202] loss: 0.055
[Epoch 5, Batch   302] loss: 0.034
[Epoch 5, Batch   402] loss: 0.041
[Epoch 5, Batch   502] loss: 0.054
[Epoch 5, Batch   602] loss: 0.050
[Epoch 5, Batch   702] loss: 0.047
[Epoch 5, Batch   802] loss: 0.045
[Epoch 5, Batch   902] loss: 0.047
Epoch 5/20:
Train Loss: 0.0014, Train Accuracy: 98.65%
Validation Loss: 0.0772, Validation Accuracy: 97.67%
[Epoch 6, Batch     2] loss: 0.001
[Epoch 6, Batch   102] loss: 0.033
[Epoch 6, Batch   202] loss: 0.028
[Epoch 6, Batch   302] loss: 0.049
[Epoch 6, Batch   402] loss: 0.044
[Epoch 6, Batch   502] loss: 0.044
[Epoch 6, Batch   602] loss: 0.039
[Epoch 6, Batch   702] loss: 0.043
[Epoch 6, Batch   802] loss: 0.045
[Epoch 6, Batch   902] loss: 0.034
Epoch 6/20:
Train Loss: 0.0018, Train Accuracy: 98.81%
Validation Loss: 0.0519, Validation Accuracy: 98.45%
[Epoch 7, Batch     2] loss: 0.001
[Epoch 7, Batch   102] loss: 0.038
[Epoch 7, Batch   202] loss: 0.035
[Epoch 7, Batch   302] loss: 0.042
[Epoch 7, Batch   402] loss: 0.037
[Epoch 7, Batch   502] loss: 0.032
[Epoch 7, Batch   602] loss: 0.033
[Epoch 7, Batch   702] loss: 0.038
[Epoch 7, Batch   802] loss: 0.038
[Epoch 7, Batch   902] loss: 0.034
Epoch 7/20:
Train Loss: 0.0019, Train Accuracy: 98.93%
Validation Loss: 0.0407, Validation Accuracy: 98.78%
[Epoch 8, Batch     2] loss: 0.000
[Epoch 8, Batch   102] loss: 0.034
[Epoch 8, Batch   202] loss: 0.033
[Epoch 8, Batch   302] loss: 0.036
[Epoch 8, Batch   402] loss: 0.036
[Epoch 8, Batch   502] loss: 0.031
[Epoch 8, Batch   602] loss: 0.036
[Epoch 8, Batch   702] loss: 0.046
[Epoch 8, Batch   802] loss: 0.026
[Epoch 8, Batch   902] loss: 0.028
Epoch 8/20:
Train Loss: 0.0015, Train Accuracy: 99.00%
Validation Loss: 0.0407, Validation Accuracy: 98.80%
[Epoch 9, Batch     2] loss: 0.000
[Epoch 9, Batch   102] loss: 0.025
[Epoch 9, Batch   202] loss: 0.030
[Epoch 9, Batch   302] loss: 0.027
[Epoch 9, Batch   402] loss: 0.030
[Epoch 9, Batch   502] loss: 0.035
[Epoch 9, Batch   602] loss: 0.031
[Epoch 9, Batch   702] loss: 0.026
[Epoch 9, Batch   802] loss: 0.039
[Epoch 9, Batch   902] loss: 0.035
Epoch 9/20:
Train Loss: 0.0013, Train Accuracy: 99.09%
Validation Loss: 0.0481, Validation Accuracy: 98.67%
[Epoch 10, Batch     2] loss: 0.000
[Epoch 10, Batch   102] loss: 0.029
[Epoch 10, Batch   202] loss: 0.026
[Epoch 10, Batch   302] loss: 0.023
[Epoch 10, Batch   402] loss: 0.030
[Epoch 10, Batch   502] loss: 0.037
[Epoch 10, Batch   602] loss: 0.032
[Epoch 10, Batch   702] loss: 0.024
[Epoch 10, Batch   802] loss: 0.029
[Epoch 10, Batch   902] loss: 0.026
Epoch 10/20:
Train Loss: 0.0013, Train Accuracy: 99.18%
Validation Loss: 0.0454, Validation Accuracy: 98.62%
[Epoch 11, Batch     2] loss: 0.001
[Epoch 11, Batch   102] loss: 0.029
[Epoch 11, Batch   202] loss: 0.021
[Epoch 11, Batch   302] loss: 0.029
[Epoch 11, Batch   402] loss: 0.032
[Epoch 11, Batch   502] loss: 0.023
[Epoch 11, Batch   602] loss: 0.017
[Epoch 11, Batch   702] loss: 0.025
[Epoch 11, Batch   802] loss: 0.043
[Epoch 11, Batch   902] loss: 0.029
Epoch 11/20:
Train Loss: 0.0011, Train Accuracy: 99.21%
Validation Loss: 0.0380, Validation Accuracy: 98.82%
[Epoch 12, Batch     2] loss: 0.001
[Epoch 12, Batch   102] loss: 0.020
[Epoch 12, Batch   202] loss: 0.020
[Epoch 12, Batch   302] loss: 0.028
[Epoch 12, Batch   402] loss: 0.029
[Epoch 12, Batch   502] loss: 0.032
[Epoch 12, Batch   602] loss: 0.028
[Epoch 12, Batch   702] loss: 0.028
[Epoch 12, Batch   802] loss: 0.019
[Epoch 12, Batch   902] loss: 0.027
Epoch 12/20:
Train Loss: 0.0010, Train Accuracy: 99.23%
Validation Loss: 0.0367, Validation Accuracy: 98.85%
[Epoch 13, Batch     2] loss: 0.000
[Epoch 13, Batch   102] loss: 0.022
[Epoch 13, Batch   202] loss: 0.015
[Epoch 13, Batch   302] loss: 0.020
[Epoch 13, Batch   402] loss: 0.023
[Epoch 13, Batch   502] loss: 0.023
[Epoch 13, Batch   602] loss: 0.030
[Epoch 13, Batch   702] loss: 0.023
[Epoch 13, Batch   802] loss: 0.024
[Epoch 13, Batch   902] loss: 0.026
Epoch 13/20:
Train Loss: 0.0012, Train Accuracy: 99.31%
Validation Loss: 0.0423, Validation Accuracy: 98.70%
[Epoch 14, Batch     2] loss: 0.001
[Epoch 14, Batch   102] loss: 0.016
[Epoch 14, Batch   202] loss: 0.014
[Epoch 14, Batch   302] loss: 0.013
[Epoch 14, Batch   402] loss: 0.019
[Epoch 14, Batch   502] loss: 0.020
[Epoch 14, Batch   602] loss: 0.027
[Epoch 14, Batch   702] loss: 0.012
[Epoch 14, Batch   802] loss: 0.023
[Epoch 14, Batch   902] loss: 0.024
Epoch 14/20:
Train Loss: 0.0007, Train Accuracy: 99.45%
Validation Loss: 0.0371, Validation Accuracy: 98.90%
[Epoch 15, Batch     2] loss: 0.000
[Epoch 15, Batch   102] loss: 0.018
[Epoch 15, Batch   202] loss: 0.015
[Epoch 15, Batch   302] loss: 0.022
[Epoch 15, Batch   402] loss: 0.018
[Epoch 15, Batch   502] loss: 0.022
[Epoch 15, Batch   602] loss: 0.025
[Epoch 15, Batch   702] loss: 0.024
[Epoch 15, Batch   802] loss: 0.021
[Epoch 15, Batch   902] loss: 0.022
Epoch 15/20:
Train Loss: 0.0008, Train Accuracy: 99.32%
Validation Loss: 0.0640, Validation Accuracy: 98.34%
[Epoch 16, Batch     2] loss: 0.000
[Epoch 16, Batch   102] loss: 0.014
[Epoch 16, Batch   202] loss: 0.013
[Epoch 16, Batch   302] loss: 0.013
[Epoch 16, Batch   402] loss: 0.021
[Epoch 16, Batch   502] loss: 0.020
[Epoch 16, Batch   602] loss: 0.023
[Epoch 16, Batch   702] loss: 0.015
[Epoch 16, Batch   802] loss: 0.026
[Epoch 16, Batch   902] loss: 0.020
Epoch 16/20:
Train Loss: 0.0005, Train Accuracy: 99.47%
Validation Loss: 0.0293, Validation Accuracy: 99.11%
[Epoch 17, Batch     2] loss: 0.000
[Epoch 17, Batch   102] loss: 0.016
[Epoch 17, Batch   202] loss: 0.014
[Epoch 17, Batch   302] loss: 0.020
[Epoch 17, Batch   402] loss: 0.016
[Epoch 17, Batch   502] loss: 0.024
[Epoch 17, Batch   602] loss: 0.020
[Epoch 17, Batch   702] loss: 0.017
[Epoch 17, Batch   802] loss: 0.022
[Epoch 17, Batch   902] loss: 0.020
Epoch 17/20:
Train Loss: 0.0006, Train Accuracy: 99.42%
Validation Loss: 0.0360, Validation Accuracy: 98.96%
[Epoch 18, Batch     2] loss: 0.000
[Epoch 18, Batch   102] loss: 0.012
[Epoch 18, Batch   202] loss: 0.019
[Epoch 18, Batch   302] loss: 0.015
[Epoch 18, Batch   402] loss: 0.024
[Epoch 18, Batch   502] loss: 0.020
[Epoch 18, Batch   602] loss: 0.024
[Epoch 18, Batch   702] loss: 0.013
[Epoch 18, Batch   802] loss: 0.016
[Epoch 18, Batch   902] loss: 0.016
Epoch 18/20:
Train Loss: 0.0008, Train Accuracy: 99.46%
Validation Loss: 0.0424, Validation Accuracy: 98.86%
[Epoch 19, Batch     2] loss: 0.000
[Epoch 19, Batch   102] loss: 0.015
[Epoch 19, Batch   202] loss: 0.014
[Epoch 19, Batch   302] loss: 0.015
[Epoch 19, Batch   402] loss: 0.017
[Epoch 19, Batch   502] loss: 0.015
[Epoch 19, Batch   602] loss: 0.016
[Epoch 19, Batch   702] loss: 0.018
[Epoch 19, Batch   802] loss: 0.020
[Epoch 19, Batch   902] loss: 0.019
Epoch 19/20:
Train Loss: 0.0006, Train Accuracy: 99.52%
Validation Loss: 0.0342, Validation Accuracy: 98.98%
[Epoch 20, Batch     2] loss: 0.001
[Epoch 20, Batch   102] loss: 0.007
[Epoch 20, Batch   202] loss: 0.013
[Epoch 20, Batch   302] loss: 0.016
[Epoch 20, Batch   402] loss: 0.017
[Epoch 20, Batch   502] loss: 0.014
[Epoch 20, Batch   602] loss: 0.022
[Epoch 20, Batch   702] loss: 0.020
[Epoch 20, Batch   802] loss: 0.016
[Epoch 20, Batch   902] loss: 0.021
Epoch 20/20:
Train Loss: 0.0005, Train Accuracy: 99.49%
Validation Loss: 0.0333, Validation Accuracy: 99.04%
Model saved to models/resnet18_MNIST_3
Modified conv1: updated in_channels to 1.
Modified fc layer: updated out_features to 10.
Loaded weights from file: models/resnet18_MNIST_3
Modified conv1: updated in_channels to 1.
Modified fc layer: updated out_features to 10.
Initialized untrained model.
resnet18-MNIST-random-0.3-3
[Epoch 1, Batch     2] loss: 0.040
[Epoch 1, Batch   102] loss: 0.353
[Epoch 1, Batch   202] loss: 0.175
[Epoch 1, Batch   302] loss: 0.144
[Epoch 1, Batch   402] loss: 0.131
[Epoch 1, Batch   502] loss: 0.121
[Epoch 1, Batch   602] loss: 0.101
Epoch 1/20:
Train Loss: 0.0072, Train Accuracy: 94.78%
Validation Loss: 0.0947, Validation Accuracy: 97.13%
[Epoch 2, Batch     2] loss: 0.001
[Epoch 2, Batch   102] loss: 0.079
[Epoch 2, Batch   202] loss: 0.075
[Epoch 2, Batch   302] loss: 0.092
[Epoch 2, Batch   402] loss: 0.075
[Epoch 2, Batch   502] loss: 0.077
[Epoch 2, Batch   602] loss: 0.072
Epoch 2/20:
Train Loss: 0.0062, Train Accuracy: 97.65%
Validation Loss: 0.0683, Validation Accuracy: 97.88%
[Epoch 3, Batch     2] loss: 0.001
[Epoch 3, Batch   102] loss: 0.054
[Epoch 3, Batch   202] loss: 0.064
[Epoch 3, Batch   302] loss: 0.063
[Epoch 3, Batch   402] loss: 0.064
[Epoch 3, Batch   502] loss: 0.074
[Epoch 3, Batch   602] loss: 0.059
Epoch 3/20:
Train Loss: 0.0035, Train Accuracy: 98.10%
Validation Loss: 0.0714, Validation Accuracy: 97.90%
[Epoch 4, Batch     2] loss: 0.001
[Epoch 4, Batch   102] loss: 0.048
[Epoch 4, Batch   202] loss: 0.044
[Epoch 4, Batch   302] loss: 0.042
[Epoch 4, Batch   402] loss: 0.051
[Epoch 4, Batch   502] loss: 0.054
[Epoch 4, Batch   602] loss: 0.061
Epoch 4/20:
Train Loss: 0.0055, Train Accuracy: 98.38%
Validation Loss: 0.0521, Validation Accuracy: 98.38%
[Epoch 5, Batch     2] loss: 0.002
[Epoch 5, Batch   102] loss: 0.036
[Epoch 5, Batch   202] loss: 0.047
[Epoch 5, Batch   302] loss: 0.042
[Epoch 5, Batch   402] loss: 0.052
[Epoch 5, Batch   502] loss: 0.050
[Epoch 5, Batch   602] loss: 0.055
Epoch 5/20:
Train Loss: 0.0043, Train Accuracy: 98.57%
Validation Loss: 0.0393, Validation Accuracy: 98.79%
[Epoch 6, Batch     2] loss: 0.000
[Epoch 6, Batch   102] loss: 0.041
[Epoch 6, Batch   202] loss: 0.035
[Epoch 6, Batch   302] loss: 0.054
[Epoch 6, Batch   402] loss: 0.045
[Epoch 6, Batch   502] loss: 0.040
[Epoch 6, Batch   602] loss: 0.047
Epoch 6/20:
Train Loss: 0.0044, Train Accuracy: 98.69%
Validation Loss: 0.0351, Validation Accuracy: 98.94%
[Epoch 7, Batch     2] loss: 0.001
[Epoch 7, Batch   102] loss: 0.032
[Epoch 7, Batch   202] loss: 0.039
[Epoch 7, Batch   302] loss: 0.035
[Epoch 7, Batch   402] loss: 0.051
[Epoch 7, Batch   502] loss: 0.042
[Epoch 7, Batch   602] loss: 0.041
Epoch 7/20:
Train Loss: 0.0028, Train Accuracy: 98.80%
Validation Loss: 0.0464, Validation Accuracy: 98.60%
[Epoch 8, Batch     2] loss: 0.001
[Epoch 8, Batch   102] loss: 0.030
[Epoch 8, Batch   202] loss: 0.033
[Epoch 8, Batch   302] loss: 0.036
[Epoch 8, Batch   402] loss: 0.035
[Epoch 8, Batch   502] loss: 0.041
[Epoch 8, Batch   602] loss: 0.037
Epoch 8/20:
Train Loss: 0.0037, Train Accuracy: 98.91%
Validation Loss: 0.0510, Validation Accuracy: 98.58%
[Epoch 9, Batch     2] loss: 0.000
[Epoch 9, Batch   102] loss: 0.032
[Epoch 9, Batch   202] loss: 0.029
[Epoch 9, Batch   302] loss: 0.043
[Epoch 9, Batch   402] loss: 0.036
[Epoch 9, Batch   502] loss: 0.031
[Epoch 9, Batch   602] loss: 0.033
Epoch 9/20:
Train Loss: 0.0026, Train Accuracy: 98.95%
Validation Loss: 0.0542, Validation Accuracy: 98.40%
[Epoch 10, Batch     2] loss: 0.000
[Epoch 10, Batch   102] loss: 0.021
[Epoch 10, Batch   202] loss: 0.029
[Epoch 10, Batch   302] loss: 0.032
[Epoch 10, Batch   402] loss: 0.027
[Epoch 10, Batch   502] loss: 0.036
[Epoch 10, Batch   602] loss: 0.028
Epoch 10/20:
Train Loss: 0.0022, Train Accuracy: 99.09%
Validation Loss: 0.0303, Validation Accuracy: 99.06%
[Epoch 11, Batch     2] loss: 0.000
[Epoch 11, Batch   102] loss: 0.032
[Epoch 11, Batch   202] loss: 0.028
[Epoch 11, Batch   302] loss: 0.027
[Epoch 11, Batch   402] loss: 0.033
[Epoch 11, Batch   502] loss: 0.027
[Epoch 11, Batch   602] loss: 0.032
Epoch 11/20:
Train Loss: 0.0026, Train Accuracy: 99.10%
Validation Loss: 0.0393, Validation Accuracy: 98.80%
[Epoch 12, Batch     2] loss: 0.001
[Epoch 12, Batch   102] loss: 0.027
[Epoch 12, Batch   202] loss: 0.022
[Epoch 12, Batch   302] loss: 0.023
[Epoch 12, Batch   402] loss: 0.023
[Epoch 12, Batch   502] loss: 0.028
[Epoch 12, Batch   602] loss: 0.027
Epoch 12/20:
Train Loss: 0.0028, Train Accuracy: 99.18%
Validation Loss: 0.0521, Validation Accuracy: 98.37%
[Epoch 13, Batch     2] loss: 0.000
[Epoch 13, Batch   102] loss: 0.013
[Epoch 13, Batch   202] loss: 0.024
[Epoch 13, Batch   302] loss: 0.035
[Epoch 13, Batch   402] loss: 0.033
[Epoch 13, Batch   502] loss: 0.023
[Epoch 13, Batch   602] loss: 0.026
Epoch 13/20:
Train Loss: 0.0025, Train Accuracy: 99.23%
Validation Loss: 0.0266, Validation Accuracy: 99.19%
[Epoch 14, Batch     2] loss: 0.000
[Epoch 14, Batch   102] loss: 0.019
[Epoch 14, Batch   202] loss: 0.017
[Epoch 14, Batch   302] loss: 0.024
[Epoch 14, Batch   402] loss: 0.026
[Epoch 14, Batch   502] loss: 0.030
[Epoch 14, Batch   602] loss: 0.024
Epoch 14/20:
Train Loss: 0.0022, Train Accuracy: 99.29%
Validation Loss: 0.0307, Validation Accuracy: 99.08%
[Epoch 15, Batch     2] loss: 0.000
[Epoch 15, Batch   102] loss: 0.021
[Epoch 15, Batch   202] loss: 0.020
[Epoch 15, Batch   302] loss: 0.025
[Epoch 15, Batch   402] loss: 0.026
[Epoch 15, Batch   502] loss: 0.023
[Epoch 15, Batch   602] loss: 0.023
Epoch 15/20:
Train Loss: 0.0011, Train Accuracy: 99.30%
Validation Loss: 0.0327, Validation Accuracy: 99.03%
[Epoch 16, Batch     2] loss: 0.000
[Epoch 16, Batch   102] loss: 0.016
[Epoch 16, Batch   202] loss: 0.014
[Epoch 16, Batch   302] loss: 0.025
[Epoch 16, Batch   402] loss: 0.030
[Epoch 16, Batch   502] loss: 0.018
[Epoch 16, Batch   602] loss: 0.023
Epoch 16/20:
Train Loss: 0.0014, Train Accuracy: 99.35%
Validation Loss: 0.0484, Validation Accuracy: 98.61%
[Epoch 17, Batch     2] loss: 0.000
[Epoch 17, Batch   102] loss: 0.012
[Epoch 17, Batch   202] loss: 0.021
[Epoch 17, Batch   302] loss: 0.022
[Epoch 17, Batch   402] loss: 0.023
[Epoch 17, Batch   502] loss: 0.018
[Epoch 17, Batch   602] loss: 0.022
Epoch 17/20:
Train Loss: 0.0015, Train Accuracy: 99.40%
Validation Loss: 0.0355, Validation Accuracy: 98.95%
[Epoch 18, Batch     2] loss: 0.000
[Epoch 18, Batch   102] loss: 0.014
[Epoch 18, Batch   202] loss: 0.016
[Epoch 18, Batch   302] loss: 0.018
[Epoch 18, Batch   402] loss: 0.025
[Epoch 18, Batch   502] loss: 0.023
[Epoch 18, Batch   602] loss: 0.014
Epoch 18/20:
Train Loss: 0.0009, Train Accuracy: 99.46%
Validation Loss: 0.0369, Validation Accuracy: 98.94%
[Epoch 19, Batch     2] loss: 0.000
[Epoch 19, Batch   102] loss: 0.021
[Epoch 19, Batch   202] loss: 0.023
[Epoch 19, Batch   302] loss: 0.015
[Epoch 19, Batch   402] loss: 0.017
[Epoch 19, Batch   502] loss: 0.021
[Epoch 19, Batch   602] loss: 0.025
Epoch 19/20:
Train Loss: 0.0018, Train Accuracy: 99.34%
Validation Loss: 0.0324, Validation Accuracy: 99.13%
[Epoch 20, Batch     2] loss: 0.000
[Epoch 20, Batch   102] loss: 0.015
[Epoch 20, Batch   202] loss: 0.013
[Epoch 20, Batch   302] loss: 0.009
[Epoch 20, Batch   402] loss: 0.016
[Epoch 20, Batch   502] loss: 0.016
[Epoch 20, Batch   602] loss: 0.018
Epoch 20/20:
Train Loss: 0.0014, Train Accuracy: 99.53%
Validation Loss: 0.0360, Validation Accuracy: 98.99%
Model saved to models/resnet18-MNIST-random-0.3-3
Modified conv1: updated in_channels to 1.
Modified fc layer: updated out_features to 10.
Initialized untrained model.
resnet18-MNIST-random-0.5-3
[Epoch 1, Batch     2] loss: 0.044
[Epoch 1, Batch   102] loss: 0.338
[Epoch 1, Batch   202] loss: 0.197
[Epoch 1, Batch   302] loss: 0.140
[Epoch 1, Batch   402] loss: 0.105
Epoch 1/20:
Train Loss: 0.0177, Train Accuracy: 94.12%
Validation Loss: 0.1900, Validation Accuracy: 94.08%
[Epoch 2, Batch     2] loss: 0.002
[Epoch 2, Batch   102] loss: 0.094
[Epoch 2, Batch   202] loss: 0.094
[Epoch 2, Batch   302] loss: 0.088
[Epoch 2, Batch   402] loss: 0.093
Epoch 2/20:
Train Loss: 0.0118, Train Accuracy: 97.28%
Validation Loss: 0.0715, Validation Accuracy: 97.70%
[Epoch 3, Batch     2] loss: 0.002
[Epoch 3, Batch   102] loss: 0.061
[Epoch 3, Batch   202] loss: 0.077
[Epoch 3, Batch   302] loss: 0.071
[Epoch 3, Batch   402] loss: 0.071
Epoch 3/20:
Train Loss: 0.0077, Train Accuracy: 97.98%
Validation Loss: 0.0686, Validation Accuracy: 97.85%
[Epoch 4, Batch     2] loss: 0.002
[Epoch 4, Batch   102] loss: 0.047
[Epoch 4, Batch   202] loss: 0.061
[Epoch 4, Batch   302] loss: 0.060
[Epoch 4, Batch   402] loss: 0.046
Epoch 4/20:
Train Loss: 0.0083, Train Accuracy: 98.34%
Validation Loss: 0.0491, Validation Accuracy: 98.41%
[Epoch 5, Batch     2] loss: 0.000
[Epoch 5, Batch   102] loss: 0.037
[Epoch 5, Batch   202] loss: 0.045
[Epoch 5, Batch   302] loss: 0.050
[Epoch 5, Batch   402] loss: 0.044
Epoch 5/20:
Train Loss: 0.0062, Train Accuracy: 98.67%
Validation Loss: 0.0455, Validation Accuracy: 98.62%
[Epoch 6, Batch     2] loss: 0.000
[Epoch 6, Batch   102] loss: 0.029
[Epoch 6, Batch   202] loss: 0.052
[Epoch 6, Batch   302] loss: 0.043
[Epoch 6, Batch   402] loss: 0.052
Epoch 6/20:
Train Loss: 0.0066, Train Accuracy: 98.63%
Validation Loss: 0.0678, Validation Accuracy: 98.02%
[Epoch 7, Batch     2] loss: 0.000
[Epoch 7, Batch   102] loss: 0.033
[Epoch 7, Batch   202] loss: 0.038
[Epoch 7, Batch   302] loss: 0.049
[Epoch 7, Batch   402] loss: 0.045
Epoch 7/20:
Train Loss: 0.0060, Train Accuracy: 98.69%
Validation Loss: 0.0564, Validation Accuracy: 98.23%
[Epoch 8, Batch     2] loss: 0.000
[Epoch 8, Batch   102] loss: 0.031
[Epoch 8, Batch   202] loss: 0.032
[Epoch 8, Batch   302] loss: 0.046
[Epoch 8, Batch   402] loss: 0.036
Epoch 8/20:
Train Loss: 0.0059, Train Accuracy: 98.83%
Validation Loss: 0.0758, Validation Accuracy: 97.97%
[Epoch 9, Batch     2] loss: 0.000
[Epoch 9, Batch   102] loss: 0.026
[Epoch 9, Batch   202] loss: 0.032
[Epoch 9, Batch   302] loss: 0.041
[Epoch 9, Batch   402] loss: 0.037
Epoch 9/20:
Train Loss: 0.0040, Train Accuracy: 98.99%
Validation Loss: 0.0413, Validation Accuracy: 98.76%
[Epoch 10, Batch     2] loss: 0.000
[Epoch 10, Batch   102] loss: 0.018
[Epoch 10, Batch   202] loss: 0.031
[Epoch 10, Batch   302] loss: 0.041
[Epoch 10, Batch   402] loss: 0.033
Epoch 10/20:
Train Loss: 0.0063, Train Accuracy: 98.98%
Validation Loss: 0.1221, Validation Accuracy: 96.63%
[Epoch 11, Batch     2] loss: 0.001
[Epoch 11, Batch   102] loss: 0.042
[Epoch 11, Batch   202] loss: 0.026
[Epoch 11, Batch   302] loss: 0.025
[Epoch 11, Batch   402] loss: 0.037
Epoch 11/20:
Train Loss: 0.0035, Train Accuracy: 99.05%
Validation Loss: 0.0442, Validation Accuracy: 98.77%
[Epoch 12, Batch     2] loss: 0.001
[Epoch 12, Batch   102] loss: 0.021
[Epoch 12, Batch   202] loss: 0.021
[Epoch 12, Batch   302] loss: 0.028
[Epoch 12, Batch   402] loss: 0.032
Epoch 12/20:
Train Loss: 0.0047, Train Accuracy: 99.14%
Validation Loss: 0.0740, Validation Accuracy: 97.74%
[Epoch 13, Batch     2] loss: 0.001
[Epoch 13, Batch   102] loss: 0.019
[Epoch 13, Batch   202] loss: 0.029
[Epoch 13, Batch   302] loss: 0.028
[Epoch 13, Batch   402] loss: 0.027
Epoch 13/20:
Train Loss: 0.0044, Train Accuracy: 99.25%
Validation Loss: 0.0592, Validation Accuracy: 98.48%
[Epoch 14, Batch     2] loss: 0.000
[Epoch 14, Batch   102] loss: 0.021
[Epoch 14, Batch   202] loss: 0.027
[Epoch 14, Batch   302] loss: 0.034
[Epoch 14, Batch   402] loss: 0.029
Epoch 14/20:
Train Loss: 0.0034, Train Accuracy: 99.24%
Validation Loss: 0.0413, Validation Accuracy: 98.82%
[Epoch 15, Batch     2] loss: 0.000
[Epoch 15, Batch   102] loss: 0.020
[Epoch 15, Batch   202] loss: 0.015
[Epoch 15, Batch   302] loss: 0.029
[Epoch 15, Batch   402] loss: 0.030
Epoch 15/20:
Train Loss: 0.0041, Train Accuracy: 99.26%
Validation Loss: 0.0485, Validation Accuracy: 98.59%
[Epoch 16, Batch     2] loss: 0.000
[Epoch 16, Batch   102] loss: 0.022
[Epoch 16, Batch   202] loss: 0.034
[Epoch 16, Batch   302] loss: 0.018
[Epoch 16, Batch   402] loss: 0.026
Epoch 16/20:
Train Loss: 0.0031, Train Accuracy: 99.28%
Validation Loss: 0.0546, Validation Accuracy: 98.53%
[Epoch 17, Batch     2] loss: 0.001
[Epoch 17, Batch   102] loss: 0.022
[Epoch 17, Batch   202] loss: 0.014
[Epoch 17, Batch   302] loss: 0.019
[Epoch 17, Batch   402] loss: 0.026
Epoch 17/20:
Train Loss: 0.0055, Train Accuracy: 99.28%
Validation Loss: 0.0530, Validation Accuracy: 98.54%
[Epoch 18, Batch     2] loss: 0.001
[Epoch 18, Batch   102] loss: 0.021
[Epoch 18, Batch   202] loss: 0.016
[Epoch 18, Batch   302] loss: 0.018
[Epoch 18, Batch   402] loss: 0.025
Epoch 18/20:
Train Loss: 0.0038, Train Accuracy: 99.41%
Validation Loss: 0.0442, Validation Accuracy: 98.73%
[Epoch 19, Batch     2] loss: 0.000
[Epoch 19, Batch   102] loss: 0.017
[Epoch 19, Batch   202] loss: 0.023
[Epoch 19, Batch   302] loss: 0.018
[Epoch 19, Batch   402] loss: 0.023
Epoch 19/20:
Train Loss: 0.0035, Train Accuracy: 99.38%
Validation Loss: 0.0705, Validation Accuracy: 98.25%
[Epoch 20, Batch     2] loss: 0.000
[Epoch 20, Batch   102] loss: 0.022
[Epoch 20, Batch   202] loss: 0.013
[Epoch 20, Batch   302] loss: 0.016
[Epoch 20, Batch   402] loss: 0.023
Epoch 20/20:
Train Loss: 0.0034, Train Accuracy: 99.43%
Validation Loss: 0.0496, Validation Accuracy: 98.56%
Model saved to models/resnet18-MNIST-random-0.5-3
Modified conv1: updated in_channels to 1.
Modified fc layer: updated out_features to 10.
Initialized untrained model.
resnet18-MNIST-random-0.7-3
[Epoch 1, Batch     2] loss: 0.040
[Epoch 1, Batch   102] loss: 0.348
[Epoch 1, Batch   202] loss: 0.174
Epoch 1/20:
Train Loss: 0.0455, Train Accuracy: 92.33%
Validation Loss: 0.2629, Validation Accuracy: 91.88%
[Epoch 2, Batch     2] loss: 0.004
[Epoch 2, Batch   102] loss: 0.126
[Epoch 2, Batch   202] loss: 0.113
Epoch 2/20:
Train Loss: 0.0269, Train Accuracy: 96.69%
Validation Loss: 0.0799, Validation Accuracy: 97.62%
[Epoch 3, Batch     2] loss: 0.001
[Epoch 3, Batch   102] loss: 0.084
[Epoch 3, Batch   202] loss: 0.082
Epoch 3/20:
Train Loss: 0.0213, Train Accuracy: 97.64%
Validation Loss: 0.0813, Validation Accuracy: 97.53%
[Epoch 4, Batch     2] loss: 0.001
[Epoch 4, Batch   102] loss: 0.067
[Epoch 4, Batch   202] loss: 0.065
Epoch 4/20:
Train Loss: 0.0144, Train Accuracy: 98.09%
Validation Loss: 0.0457, Validation Accuracy: 98.51%
[Epoch 5, Batch     2] loss: 0.000
[Epoch 5, Batch   102] loss: 0.039
[Epoch 5, Batch   202] loss: 0.063
Epoch 5/20:
Train Loss: 0.0198, Train Accuracy: 98.22%
Validation Loss: 0.0582, Validation Accuracy: 98.18%
[Epoch 6, Batch     2] loss: 0.001
[Epoch 6, Batch   102] loss: 0.042
[Epoch 6, Batch   202] loss: 0.048
Epoch 6/20:
Train Loss: 0.0115, Train Accuracy: 98.60%
Validation Loss: 0.0759, Validation Accuracy: 97.65%
[Epoch 7, Batch     2] loss: 0.000
[Epoch 7, Batch   102] loss: 0.041
[Epoch 7, Batch   202] loss: 0.042
Epoch 7/20:
Train Loss: 0.0118, Train Accuracy: 98.70%
Validation Loss: 0.0712, Validation Accuracy: 97.96%
[Epoch 8, Batch     2] loss: 0.000
[Epoch 8, Batch   102] loss: 0.044
[Epoch 8, Batch   202] loss: 0.036
Epoch 8/20:
Train Loss: 0.0097, Train Accuracy: 98.73%
Validation Loss: 0.0712, Validation Accuracy: 97.85%
[Epoch 9, Batch     2] loss: 0.001
[Epoch 9, Batch   102] loss: 0.035
[Epoch 9, Batch   202] loss: 0.044
Epoch 9/20:
Train Loss: 0.0118, Train Accuracy: 98.77%
Validation Loss: 0.0664, Validation Accuracy: 98.16%
[Epoch 10, Batch     2] loss: 0.001
[Epoch 10, Batch   102] loss: 0.026
[Epoch 10, Batch   202] loss: 0.037
Epoch 10/20:
Train Loss: 0.0079, Train Accuracy: 99.07%
Validation Loss: 0.0660, Validation Accuracy: 98.05%
[Epoch 11, Batch     2] loss: 0.001
[Epoch 11, Batch   102] loss: 0.025
[Epoch 11, Batch   202] loss: 0.035
Epoch 11/20:
Train Loss: 0.0083, Train Accuracy: 99.12%
Validation Loss: 0.0521, Validation Accuracy: 98.46%
[Epoch 12, Batch     2] loss: 0.000
[Epoch 12, Batch   102] loss: 0.032
[Epoch 12, Batch   202] loss: 0.025
Epoch 12/20:
Train Loss: 0.0115, Train Accuracy: 98.96%
Validation Loss: 0.0737, Validation Accuracy: 97.97%
[Epoch 13, Batch     2] loss: 0.001
[Epoch 13, Batch   102] loss: 0.032
[Epoch 13, Batch   202] loss: 0.027
Epoch 13/20:
Train Loss: 0.0067, Train Accuracy: 99.15%
Validation Loss: 0.0464, Validation Accuracy: 98.74%
[Epoch 14, Batch     2] loss: 0.000
[Epoch 14, Batch   102] loss: 0.020
[Epoch 14, Batch   202] loss: 0.020
Epoch 14/20:
Train Loss: 0.0092, Train Accuracy: 99.29%
Validation Loss: 0.1303, Validation Accuracy: 96.23%
[Epoch 15, Batch     2] loss: 0.000
[Epoch 15, Batch   102] loss: 0.035
[Epoch 15, Batch   202] loss: 0.044
Epoch 15/20:
Train Loss: 0.0070, Train Accuracy: 98.94%
Validation Loss: 0.0415, Validation Accuracy: 98.81%
[Epoch 16, Batch     2] loss: 0.000
[Epoch 16, Batch   102] loss: 0.026
[Epoch 16, Batch   202] loss: 0.023
Epoch 16/20:
Train Loss: 0.0065, Train Accuracy: 99.29%
Validation Loss: 0.0474, Validation Accuracy: 98.68%
[Epoch 17, Batch     2] loss: 0.001
[Epoch 17, Batch   102] loss: 0.017
[Epoch 17, Batch   202] loss: 0.025
Epoch 17/20:
Train Loss: 0.0076, Train Accuracy: 99.32%
Validation Loss: 0.0868, Validation Accuracy: 97.98%
[Epoch 18, Batch     2] loss: 0.000
[Epoch 18, Batch   102] loss: 0.028
[Epoch 18, Batch   202] loss: 0.023
Epoch 18/20:
Train Loss: 0.0056, Train Accuracy: 99.29%
Validation Loss: 0.0622, Validation Accuracy: 98.30%
[Epoch 19, Batch     2] loss: 0.000
[Epoch 19, Batch   102] loss: 0.021
[Epoch 19, Batch   202] loss: 0.024
Epoch 19/20:
Train Loss: 0.0047, Train Accuracy: 99.36%
Validation Loss: 0.0627, Validation Accuracy: 98.19%
[Epoch 20, Batch     2] loss: 0.000
[Epoch 20, Batch   102] loss: 0.025
[Epoch 20, Batch   202] loss: 0.027
Epoch 20/20:
Train Loss: 0.0043, Train Accuracy: 99.35%
Validation Loss: 0.0702, Validation Accuracy: 98.12%
Model saved to models/resnet18-MNIST-random-0.7-3
Modified conv1: updated in_channels to 1.
Modified fc layer: updated out_features to 10.
Initialized untrained model.
resnet18-MNIST-random-0.8-3
[Epoch 1, Batch     2] loss: 0.044
[Epoch 1, Batch   102] loss: 0.348
Epoch 1/20:
Train Loss: 0.0742, Train Accuracy: 91.07%
Validation Loss: 0.1779, Validation Accuracy: 94.70%
[Epoch 2, Batch     2] loss: 0.001
[Epoch 2, Batch   102] loss: 0.124
Epoch 2/20:
Train Loss: 0.0450, Train Accuracy: 96.44%
Validation Loss: 0.1555, Validation Accuracy: 95.15%
[Epoch 3, Batch     2] loss: 0.002
[Epoch 3, Batch   102] loss: 0.089
Epoch 3/20:
Train Loss: 0.0448, Train Accuracy: 96.96%
Validation Loss: 0.1057, Validation Accuracy: 96.93%
[Epoch 4, Batch     2] loss: 0.001
[Epoch 4, Batch   102] loss: 0.049
Epoch 4/20:
Train Loss: 0.0331, Train Accuracy: 98.08%
Validation Loss: 0.1058, Validation Accuracy: 96.85%
[Epoch 5, Batch     2] loss: 0.001
[Epoch 5, Batch   102] loss: 0.058
Epoch 5/20:
Train Loss: 0.0297, Train Accuracy: 98.11%
Validation Loss: 0.1011, Validation Accuracy: 97.00%
[Epoch 6, Batch     2] loss: 0.001
[Epoch 6, Batch   102] loss: 0.041
Epoch 6/20:
Train Loss: 0.0267, Train Accuracy: 98.42%
Validation Loss: 0.0807, Validation Accuracy: 97.54%
[Epoch 7, Batch     2] loss: 0.000
[Epoch 7, Batch   102] loss: 0.039
Epoch 7/20:
Train Loss: 0.0202, Train Accuracy: 98.63%
Validation Loss: 0.1149, Validation Accuracy: 96.74%
[Epoch 8, Batch     2] loss: 0.001
[Epoch 8, Batch   102] loss: 0.041
Epoch 8/20:
Train Loss: 0.0150, Train Accuracy: 98.79%
Validation Loss: 0.0631, Validation Accuracy: 98.09%
[Epoch 9, Batch     2] loss: 0.000
[Epoch 9, Batch   102] loss: 0.028
Epoch 9/20:
Train Loss: 0.0117, Train Accuracy: 99.19%
Validation Loss: 0.1771, Validation Accuracy: 95.22%
[Epoch 10, Batch     2] loss: 0.001
[Epoch 10, Batch   102] loss: 0.029
Epoch 10/20:
Train Loss: 0.0260, Train Accuracy: 98.72%
Validation Loss: 0.0823, Validation Accuracy: 97.45%
[Epoch 11, Batch     2] loss: 0.000
[Epoch 11, Batch   102] loss: 0.028
Epoch 11/20:
Train Loss: 0.0117, Train Accuracy: 99.13%
Validation Loss: 0.0604, Validation Accuracy: 98.34%
[Epoch 12, Batch     2] loss: 0.000
[Epoch 12, Batch   102] loss: 0.029
Epoch 12/20:
Train Loss: 0.0180, Train Accuracy: 98.94%
Validation Loss: 0.1041, Validation Accuracy: 97.05%
[Epoch 13, Batch     2] loss: 0.000
[Epoch 13, Batch   102] loss: 0.027
Epoch 13/20:
Train Loss: 0.0088, Train Accuracy: 99.21%
Validation Loss: 0.0627, Validation Accuracy: 98.12%
[Epoch 14, Batch     2] loss: 0.000
[Epoch 14, Batch   102] loss: 0.015
Epoch 14/20:
Train Loss: 0.0119, Train Accuracy: 99.44%
Validation Loss: 0.0883, Validation Accuracy: 97.50%
[Epoch 15, Batch     2] loss: 0.001
[Epoch 15, Batch   102] loss: 0.027
Epoch 15/20:
Train Loss: 0.0091, Train Accuracy: 99.26%
Validation Loss: 0.0680, Validation Accuracy: 98.11%
[Epoch 16, Batch     2] loss: 0.002
[Epoch 16, Batch   102] loss: 0.024
Epoch 16/20:
Train Loss: 0.0126, Train Accuracy: 99.21%
Validation Loss: 0.0609, Validation Accuracy: 98.20%
[Epoch 17, Batch     2] loss: 0.000
[Epoch 17, Batch   102] loss: 0.023
Epoch 17/20:
Train Loss: 0.0072, Train Accuracy: 99.45%
Validation Loss: 0.0415, Validation Accuracy: 98.75%
[Epoch 18, Batch     2] loss: 0.000
[Epoch 18, Batch   102] loss: 0.009
Epoch 18/20:
Train Loss: 0.0088, Train Accuracy: 99.62%
Validation Loss: 0.0979, Validation Accuracy: 97.65%
[Epoch 19, Batch     2] loss: 0.001
[Epoch 19, Batch   102] loss: 0.018
Epoch 19/20:
Train Loss: 0.0127, Train Accuracy: 99.32%
Validation Loss: 0.0773, Validation Accuracy: 97.88%
[Epoch 20, Batch     2] loss: 0.000
[Epoch 20, Batch   102] loss: 0.031
Epoch 20/20:
Train Loss: 0.0085, Train Accuracy: 99.21%
Validation Loss: 0.0575, Validation Accuracy: 98.47%
Model saved to models/resnet18-MNIST-random-0.8-3
Modified conv1: updated in_channels to 1.
Modified fc layer: updated out_features to 10.
Initialized untrained model.
resnet18-MNIST-random-0.9-3
[Epoch 1, Batch     2] loss: 0.044
Epoch 1/20:
Train Loss: 0.3566, Train Accuracy: 87.20%
Validation Loss: 0.2713, Validation Accuracy: 91.59%
[Epoch 2, Batch     2] loss: 0.004
Epoch 2/20:
Train Loss: 0.1260, Train Accuracy: 95.90%
Validation Loss: 0.2016, Validation Accuracy: 93.72%
[Epoch 3, Batch     2] loss: 0.002
Epoch 3/20:
Train Loss: 0.0999, Train Accuracy: 96.64%
Validation Loss: 0.1695, Validation Accuracy: 95.22%
[Epoch 4, Batch     2] loss: 0.002
Epoch 4/20:
Train Loss: 0.0816, Train Accuracy: 97.51%
Validation Loss: 0.2166, Validation Accuracy: 93.67%
[Epoch 5, Batch     2] loss: 0.001
Epoch 5/20:
Train Loss: 0.0659, Train Accuracy: 97.93%
Validation Loss: 0.1187, Validation Accuracy: 96.32%
[Epoch 6, Batch     2] loss: 0.001
Epoch 6/20:
Train Loss: 0.0674, Train Accuracy: 97.78%
Validation Loss: 0.1667, Validation Accuracy: 95.49%
[Epoch 7, Batch     2] loss: 0.002
Epoch 7/20:
Train Loss: 0.0413, Train Accuracy: 98.62%
Validation Loss: 0.0973, Validation Accuracy: 97.03%
[Epoch 8, Batch     2] loss: 0.001
Epoch 8/20:
Train Loss: 0.0433, Train Accuracy: 98.61%
Validation Loss: 0.1337, Validation Accuracy: 96.20%
[Epoch 9, Batch     2] loss: 0.002
Epoch 9/20:
Train Loss: 0.0498, Train Accuracy: 98.32%
Validation Loss: 0.1344, Validation Accuracy: 96.44%
[Epoch 10, Batch     2] loss: 0.001
Epoch 10/20:
Train Loss: 0.0459, Train Accuracy: 98.71%
Validation Loss: 0.2624, Validation Accuracy: 93.19%
[Epoch 11, Batch     2] loss: 0.001
Epoch 11/20:
Train Loss: 0.0397, Train Accuracy: 98.66%
Validation Loss: 0.1051, Validation Accuracy: 97.09%
[Epoch 12, Batch     2] loss: 0.000
Epoch 12/20:
Train Loss: 0.0403, Train Accuracy: 98.87%
Validation Loss: 0.0647, Validation Accuracy: 97.87%
[Epoch 13, Batch     2] loss: 0.000
Epoch 13/20:
Train Loss: 0.0128, Train Accuracy: 99.61%
Validation Loss: 0.0605, Validation Accuracy: 98.18%
[Epoch 14, Batch     2] loss: 0.000
Epoch 14/20:
Train Loss: 0.0237, Train Accuracy: 99.21%
Validation Loss: 0.0923, Validation Accuracy: 97.31%
[Epoch 15, Batch     2] loss: 0.000
Epoch 15/20:
Train Loss: 0.0163, Train Accuracy: 99.50%
Validation Loss: 0.0730, Validation Accuracy: 97.92%
[Epoch 16, Batch     2] loss: 0.000
Epoch 16/20:
Train Loss: 0.0175, Train Accuracy: 99.45%
Validation Loss: 0.1221, Validation Accuracy: 96.61%
[Epoch 17, Batch     2] loss: 0.001
Epoch 17/20:
Train Loss: 0.0285, Train Accuracy: 99.01%
Validation Loss: 0.0642, Validation Accuracy: 98.13%
[Epoch 18, Batch     2] loss: 0.000
Epoch 18/20:
Train Loss: 0.0178, Train Accuracy: 99.50%
Validation Loss: 0.1381, Validation Accuracy: 96.41%
[Epoch 19, Batch     2] loss: 0.000
Epoch 19/20:
Train Loss: 0.0262, Train Accuracy: 99.18%
Validation Loss: 0.0873, Validation Accuracy: 97.62%
[Epoch 20, Batch     2] loss: 0.001
Epoch 20/20:
Train Loss: 0.0209, Train Accuracy: 99.36%
Validation Loss: 0.0724, Validation Accuracy: 97.82%
Model saved to models/resnet18-MNIST-random-0.9-3
Modified conv1: updated in_channels to 1.
Modified fc layer: updated out_features to 10.
Initialized untrained model.
resnet18-MNIST-random-0.95-3
[Epoch 1, Batch     2] loss: 0.041
Epoch 1/20:
Train Loss: 0.4118, Train Accuracy: 84.38%
Validation Loss: 0.6267, Validation Accuracy: 82.59%
[Epoch 2, Batch     2] loss: 0.003
Epoch 2/20:
Train Loss: 0.1572, Train Accuracy: 94.60%
Validation Loss: 0.2760, Validation Accuracy: 92.13%
[Epoch 3, Batch     2] loss: 0.002
Epoch 3/20:
Train Loss: 0.0977, Train Accuracy: 96.60%
Validation Loss: 0.1831, Validation Accuracy: 94.55%
[Epoch 4, Batch     2] loss: 0.001
Epoch 4/20:
Train Loss: 0.0670, Train Accuracy: 97.59%
Validation Loss: 0.1664, Validation Accuracy: 95.38%
[Epoch 5, Batch     2] loss: 0.000
Epoch 5/20:
Train Loss: 0.0598, Train Accuracy: 97.89%
Validation Loss: 0.1674, Validation Accuracy: 95.25%
[Epoch 6, Batch     2] loss: 0.001
Epoch 6/20:
Train Loss: 0.0790, Train Accuracy: 97.32%
Validation Loss: 0.3157, Validation Accuracy: 91.69%
[Epoch 7, Batch     2] loss: 0.001
Epoch 7/20:
Train Loss: 0.0463, Train Accuracy: 98.74%
Validation Loss: 0.1499, Validation Accuracy: 95.78%
[Epoch 8, Batch     2] loss: 0.001
Epoch 8/20:
Train Loss: 0.0424, Train Accuracy: 98.44%
Validation Loss: 0.1600, Validation Accuracy: 95.49%
[Epoch 9, Batch     2] loss: 0.001
Epoch 9/20:
Train Loss: 0.0271, Train Accuracy: 99.18%
Validation Loss: 0.1251, Validation Accuracy: 96.66%
[Epoch 10, Batch     2] loss: 0.000
Epoch 10/20:
Train Loss: 0.0335, Train Accuracy: 98.91%
Validation Loss: 0.2804, Validation Accuracy: 92.33%
[Epoch 11, Batch     2] loss: 0.001
Epoch 11/20:
Train Loss: 0.0240, Train Accuracy: 99.25%
Validation Loss: 0.1116, Validation Accuracy: 96.94%
[Epoch 12, Batch     2] loss: 0.000
Epoch 12/20:
Train Loss: 0.0074, Train Accuracy: 99.83%
Validation Loss: 0.0963, Validation Accuracy: 97.32%
[Epoch 13, Batch     2] loss: 0.000
Epoch 13/20:
Train Loss: 0.0084, Train Accuracy: 99.76%
Validation Loss: 0.1925, Validation Accuracy: 94.99%
[Epoch 14, Batch     2] loss: 0.000
Epoch 14/20:
Train Loss: 0.0099, Train Accuracy: 99.69%
Validation Loss: 0.1728, Validation Accuracy: 95.75%
[Epoch 15, Batch     2] loss: 0.000
Epoch 15/20:
Train Loss: 0.0167, Train Accuracy: 99.46%
Validation Loss: 0.1743, Validation Accuracy: 95.71%
[Epoch 16, Batch     2] loss: 0.000
Epoch 16/20:
Train Loss: 0.0393, Train Accuracy: 98.78%
Validation Loss: 0.4432, Validation Accuracy: 89.92%
[Epoch 17, Batch     2] loss: 0.001
Epoch 17/20:
Train Loss: 0.0548, Train Accuracy: 98.30%
Validation Loss: 0.1683, Validation Accuracy: 95.37%
[Epoch 18, Batch     2] loss: 0.000
Epoch 18/20:
Train Loss: 0.0836, Train Accuracy: 97.89%
Validation Loss: 0.1574, Validation Accuracy: 95.66%
[Epoch 19, Batch     2] loss: 0.001
Epoch 19/20:
Train Loss: 0.0315, Train Accuracy: 98.95%
Validation Loss: 0.3360, Validation Accuracy: 92.34%
[Epoch 20, Batch     2] loss: 0.001
Epoch 20/20:
Train Loss: 0.0365, Train Accuracy: 98.91%
Validation Loss: 0.1220, Validation Accuracy: 96.53%
Model saved to models/resnet18-MNIST-random-0.95-3
Modified conv1: updated in_channels to 1.
Modified fc layer: updated out_features to 10.
Loaded weights from file: models/resnet18_MNIST_3
Modified conv1: updated in_channels to 1.
Modified fc layer: updated out_features to 10.
Initialized untrained model.
resnet18-MNIST-predictive_entropy-balanced_by_score-0.3-3
[Epoch 1, Batch     2] loss: 0.040
[Epoch 1, Batch   102] loss: 0.342
[Epoch 1, Batch   202] loss: 0.170
[Epoch 1, Batch   302] loss: 0.145
[Epoch 1, Batch   402] loss: 0.122
[Epoch 1, Batch   502] loss: 0.109
[Epoch 1, Batch   602] loss: 0.105
Epoch 1/20:
Train Loss: 0.0080, Train Accuracy: 94.87%
Validation Loss: 0.0913, Validation Accuracy: 97.13%
[Epoch 2, Batch     2] loss: 0.001
[Epoch 2, Batch   102] loss: 0.069
[Epoch 2, Batch   202] loss: 0.087
[Epoch 2, Batch   302] loss: 0.073
[Epoch 2, Batch   402] loss: 0.074
[Epoch 2, Batch   502] loss: 0.074
[Epoch 2, Batch   602] loss: 0.064
Epoch 2/20:
Train Loss: 0.0056, Train Accuracy: 97.82%
Validation Loss: 0.0596, Validation Accuracy: 98.05%
[Epoch 3, Batch     2] loss: 0.002
[Epoch 3, Batch   102] loss: 0.055
[Epoch 3, Batch   202] loss: 0.053
[Epoch 3, Batch   302] loss: 0.061
[Epoch 3, Batch   402] loss: 0.064
[Epoch 3, Batch   502] loss: 0.044
[Epoch 3, Batch   602] loss: 0.050
Epoch 3/20:
Train Loss: 0.0064, Train Accuracy: 98.29%
Validation Loss: 0.0525, Validation Accuracy: 98.43%
[Epoch 4, Batch     2] loss: 0.001
[Epoch 4, Batch   102] loss: 0.050
[Epoch 4, Batch   202] loss: 0.048
[Epoch 4, Batch   302] loss: 0.052
[Epoch 4, Batch   402] loss: 0.045
[Epoch 4, Batch   502] loss: 0.051
[Epoch 4, Batch   602] loss: 0.053
Epoch 4/20:
Train Loss: 0.0028, Train Accuracy: 98.58%
Validation Loss: 0.0559, Validation Accuracy: 98.32%
[Epoch 5, Batch     2] loss: 0.002
[Epoch 5, Batch   102] loss: 0.035
[Epoch 5, Batch   202] loss: 0.036
[Epoch 5, Batch   302] loss: 0.043
[Epoch 5, Batch   402] loss: 0.048
[Epoch 5, Batch   502] loss: 0.055
[Epoch 5, Batch   602] loss: 0.041
Epoch 5/20:
Train Loss: 0.0048, Train Accuracy: 98.65%
Validation Loss: 0.0481, Validation Accuracy: 98.45%
[Epoch 6, Batch     2] loss: 0.000
[Epoch 6, Batch   102] loss: 0.030
[Epoch 6, Batch   202] loss: 0.039
[Epoch 6, Batch   302] loss: 0.041
[Epoch 6, Batch   402] loss: 0.051
[Epoch 6, Batch   502] loss: 0.041
[Epoch 6, Batch   602] loss: 0.045
Epoch 6/20:
Train Loss: 0.0035, Train Accuracy: 98.84%
Validation Loss: 0.0600, Validation Accuracy: 98.06%
[Epoch 7, Batch     2] loss: 0.000
[Epoch 7, Batch   102] loss: 0.038
[Epoch 7, Batch   202] loss: 0.034
[Epoch 7, Batch   302] loss: 0.051
[Epoch 7, Batch   402] loss: 0.041
[Epoch 7, Batch   502] loss: 0.037
[Epoch 7, Batch   602] loss: 0.037
Epoch 7/20:
Train Loss: 0.0027, Train Accuracy: 98.82%
Validation Loss: 0.0593, Validation Accuracy: 98.37%
[Epoch 8, Batch     2] loss: 0.001
[Epoch 8, Batch   102] loss: 0.027
[Epoch 8, Batch   202] loss: 0.025
[Epoch 8, Batch   302] loss: 0.031
[Epoch 8, Batch   402] loss: 0.048
[Epoch 8, Batch   502] loss: 0.042
[Epoch 8, Batch   602] loss: 0.034
Epoch 8/20:
Train Loss: 0.0031, Train Accuracy: 98.97%
Validation Loss: 0.0441, Validation Accuracy: 98.74%
[Epoch 9, Batch     2] loss: 0.000
[Epoch 9, Batch   102] loss: 0.022
[Epoch 9, Batch   202] loss: 0.031
[Epoch 9, Batch   302] loss: 0.024
[Epoch 9, Batch   402] loss: 0.029
[Epoch 9, Batch   502] loss: 0.036
[Epoch 9, Batch   602] loss: 0.036
Epoch 9/20:
Train Loss: 0.0019, Train Accuracy: 99.08%
Validation Loss: 0.0465, Validation Accuracy: 98.66%
[Epoch 10, Batch     2] loss: 0.001
[Epoch 10, Batch   102] loss: 0.031
[Epoch 10, Batch   202] loss: 0.029
[Epoch 10, Batch   302] loss: 0.032
[Epoch 10, Batch   402] loss: 0.032
[Epoch 10, Batch   502] loss: 0.034
[Epoch 10, Batch   602] loss: 0.041
Epoch 10/20:
Train Loss: 0.0033, Train Accuracy: 99.01%
Validation Loss: 0.0335, Validation Accuracy: 99.02%
[Epoch 11, Batch     2] loss: 0.000
[Epoch 11, Batch   102] loss: 0.023
[Epoch 11, Batch   202] loss: 0.024
[Epoch 11, Batch   302] loss: 0.039
[Epoch 11, Batch   402] loss: 0.025
[Epoch 11, Batch   502] loss: 0.023
[Epoch 11, Batch   602] loss: 0.026
Epoch 11/20:
Train Loss: 0.0025, Train Accuracy: 99.21%
Validation Loss: 0.0467, Validation Accuracy: 98.66%
[Epoch 12, Batch     2] loss: 0.001
[Epoch 12, Batch   102] loss: 0.021
[Epoch 12, Batch   202] loss: 0.020
[Epoch 12, Batch   302] loss: 0.026
[Epoch 12, Batch   402] loss: 0.027
[Epoch 12, Batch   502] loss: 0.026
[Epoch 12, Batch   602] loss: 0.029
Epoch 12/20:
Train Loss: 0.0025, Train Accuracy: 99.20%
Validation Loss: 0.0582, Validation Accuracy: 98.23%
[Epoch 13, Batch     2] loss: 0.001
[Epoch 13, Batch   102] loss: 0.018
[Epoch 13, Batch   202] loss: 0.021
[Epoch 13, Batch   302] loss: 0.019
[Epoch 13, Batch   402] loss: 0.020
[Epoch 13, Batch   502] loss: 0.030
[Epoch 13, Batch   602] loss: 0.043
Epoch 13/20:
Train Loss: 0.0025, Train Accuracy: 99.21%
Validation Loss: 0.0304, Validation Accuracy: 99.08%
[Epoch 14, Batch     2] loss: 0.000
[Epoch 14, Batch   102] loss: 0.021
[Epoch 14, Batch   202] loss: 0.021
[Epoch 14, Batch   302] loss: 0.024
[Epoch 14, Batch   402] loss: 0.028
[Epoch 14, Batch   502] loss: 0.022
[Epoch 14, Batch   602] loss: 0.023
Epoch 14/20:
Train Loss: 0.0017, Train Accuracy: 99.35%
Validation Loss: 0.0355, Validation Accuracy: 98.93%
[Epoch 15, Batch     2] loss: 0.000
[Epoch 15, Batch   102] loss: 0.023
[Epoch 15, Batch   202] loss: 0.027
[Epoch 15, Batch   302] loss: 0.024
[Epoch 15, Batch   402] loss: 0.017
[Epoch 15, Batch   502] loss: 0.020
[Epoch 15, Batch   602] loss: 0.025
Epoch 15/20:
Train Loss: 0.0024, Train Accuracy: 99.33%
Validation Loss: 0.0404, Validation Accuracy: 98.89%
[Epoch 16, Batch     2] loss: 0.001
[Epoch 16, Batch   102] loss: 0.021
[Epoch 16, Batch   202] loss: 0.020
[Epoch 16, Batch   302] loss: 0.022
[Epoch 16, Batch   402] loss: 0.022
[Epoch 16, Batch   502] loss: 0.025
[Epoch 16, Batch   602] loss: 0.024
Epoch 16/20:
Train Loss: 0.0017, Train Accuracy: 99.35%
Validation Loss: 0.0384, Validation Accuracy: 98.75%
[Epoch 17, Batch     2] loss: 0.000
[Epoch 17, Batch   102] loss: 0.021
[Epoch 17, Batch   202] loss: 0.013
[Epoch 17, Batch   302] loss: 0.011
[Epoch 17, Batch   402] loss: 0.030
[Epoch 17, Batch   502] loss: 0.017
[Epoch 17, Batch   602] loss: 0.017
Epoch 17/20:
Train Loss: 0.0016, Train Accuracy: 99.43%
Validation Loss: 0.0364, Validation Accuracy: 98.87%
[Epoch 18, Batch     2] loss: 0.001
[Epoch 18, Batch   102] loss: 0.014
[Epoch 18, Batch   202] loss: 0.019
[Epoch 18, Batch   302] loss: 0.019
[Epoch 18, Batch   402] loss: 0.027
[Epoch 18, Batch   502] loss: 0.022
[Epoch 18, Batch   602] loss: 0.019
Epoch 18/20:
Train Loss: 0.0011, Train Accuracy: 99.41%
Validation Loss: 0.0430, Validation Accuracy: 98.65%
[Epoch 19, Batch     2] loss: 0.000
[Epoch 19, Batch   102] loss: 0.015
[Epoch 19, Batch   202] loss: 0.015
[Epoch 19, Batch   302] loss: 0.017
[Epoch 19, Batch   402] loss: 0.020
[Epoch 19, Batch   502] loss: 0.018
[Epoch 19, Batch   602] loss: 0.027
Epoch 19/20:
Train Loss: 0.0017, Train Accuracy: 99.41%
Validation Loss: 0.0291, Validation Accuracy: 99.09%
[Epoch 20, Batch     2] loss: 0.000
[Epoch 20, Batch   102] loss: 0.014
[Epoch 20, Batch   202] loss: 0.013
[Epoch 20, Batch   302] loss: 0.015
[Epoch 20, Batch   402] loss: 0.015
[Epoch 20, Batch   502] loss: 0.015
[Epoch 20, Batch   602] loss: 0.016
Epoch 20/20:
Train Loss: 0.0011, Train Accuracy: 99.56%
Validation Loss: 0.0317, Validation Accuracy: 99.04%
Model saved to models/resnet18-MNIST-predictive_entropy-balanced_by_score-0.3-3
Modified conv1: updated in_channels to 1.
Modified fc layer: updated out_features to 10.
Initialized untrained model.
resnet18-MNIST-predictive_entropy-balanced_by_score-0.5-3
[Epoch 1, Batch     2] loss: 0.043
[Epoch 1, Batch   102] loss: 0.346
[Epoch 1, Batch   202] loss: 0.155
[Epoch 1, Batch   302] loss: 0.155
[Epoch 1, Batch   402] loss: 0.105
Epoch 1/20:
Train Loss: 0.0151, Train Accuracy: 94.26%
Validation Loss: 0.0835, Validation Accuracy: 97.31%
[Epoch 2, Batch     2] loss: 0.002
[Epoch 2, Batch   102] loss: 0.093
[Epoch 2, Batch   202] loss: 0.081
[Epoch 2, Batch   302] loss: 0.077
[Epoch 2, Batch   402] loss: 0.088
Epoch 2/20:
Train Loss: 0.0103, Train Accuracy: 97.59%
Validation Loss: 0.0810, Validation Accuracy: 97.50%
[Epoch 3, Batch     2] loss: 0.001
[Epoch 3, Batch   102] loss: 0.072
[Epoch 3, Batch   202] loss: 0.052
[Epoch 3, Batch   302] loss: 0.070
[Epoch 3, Batch   402] loss: 0.061
Epoch 3/20:
Train Loss: 0.0085, Train Accuracy: 98.09%
Validation Loss: 0.0616, Validation Accuracy: 98.27%
[Epoch 4, Batch     2] loss: 0.001
[Epoch 4, Batch   102] loss: 0.047
[Epoch 4, Batch   202] loss: 0.054
[Epoch 4, Batch   302] loss: 0.059
[Epoch 4, Batch   402] loss: 0.052
Epoch 4/20:
Train Loss: 0.0098, Train Accuracy: 98.33%
Validation Loss: 0.0744, Validation Accuracy: 97.79%
[Epoch 5, Batch     2] loss: 0.001
[Epoch 5, Batch   102] loss: 0.042
[Epoch 5, Batch   202] loss: 0.056
[Epoch 5, Batch   302] loss: 0.044
[Epoch 5, Batch   402] loss: 0.052
Epoch 5/20:
Train Loss: 0.0077, Train Accuracy: 98.54%
Validation Loss: 0.0892, Validation Accuracy: 97.37%
[Epoch 6, Batch     2] loss: 0.001
[Epoch 6, Batch   102] loss: 0.041
[Epoch 6, Batch   202] loss: 0.042
[Epoch 6, Batch   302] loss: 0.040
[Epoch 6, Batch   402] loss: 0.039
Epoch 6/20:
Train Loss: 0.0065, Train Accuracy: 98.76%
Validation Loss: 0.0680, Validation Accuracy: 97.91%
[Epoch 7, Batch     2] loss: 0.000
[Epoch 7, Batch   102] loss: 0.037
[Epoch 7, Batch   202] loss: 0.029
[Epoch 7, Batch   302] loss: 0.029
[Epoch 7, Batch   402] loss: 0.045
Epoch 7/20:
Train Loss: 0.0055, Train Accuracy: 98.92%
Validation Loss: 0.2093, Validation Accuracy: 94.47%
[Epoch 8, Batch     2] loss: 0.000
[Epoch 8, Batch   102] loss: 0.043
[Epoch 8, Batch   202] loss: 0.031
[Epoch 8, Batch   302] loss: 0.039
[Epoch 8, Batch   402] loss: 0.044
Epoch 8/20:
Train Loss: 0.0065, Train Accuracy: 98.77%
Validation Loss: 0.0536, Validation Accuracy: 98.51%
[Epoch 9, Batch     2] loss: 0.000
[Epoch 9, Batch   102] loss: 0.029
[Epoch 9, Batch   202] loss: 0.027
[Epoch 9, Batch   302] loss: 0.029
[Epoch 9, Batch   402] loss: 0.029
Epoch 9/20:
Train Loss: 0.0053, Train Accuracy: 99.13%
Validation Loss: 0.0523, Validation Accuracy: 98.31%
[Epoch 10, Batch     2] loss: 0.000
[Epoch 10, Batch   102] loss: 0.029
[Epoch 10, Batch   202] loss: 0.036
[Epoch 10, Batch   302] loss: 0.029
[Epoch 10, Batch   402] loss: 0.031
Epoch 10/20:
Train Loss: 0.0041, Train Accuracy: 99.07%
Validation Loss: 0.0415, Validation Accuracy: 98.63%
[Epoch 11, Batch     2] loss: 0.000
[Epoch 11, Batch   102] loss: 0.025
[Epoch 11, Batch   202] loss: 0.035
[Epoch 11, Batch   302] loss: 0.026
[Epoch 11, Batch   402] loss: 0.026
Epoch 11/20:
Train Loss: 0.0037, Train Accuracy: 99.12%
Validation Loss: 0.0642, Validation Accuracy: 98.18%
[Epoch 12, Batch     2] loss: 0.001
[Epoch 12, Batch   102] loss: 0.030
[Epoch 12, Batch   202] loss: 0.034
[Epoch 12, Batch   302] loss: 0.028
[Epoch 12, Batch   402] loss: 0.035
Epoch 12/20:
Train Loss: 0.0055, Train Accuracy: 99.00%
Validation Loss: 0.0473, Validation Accuracy: 98.72%
[Epoch 13, Batch     2] loss: 0.000
[Epoch 13, Batch   102] loss: 0.022
[Epoch 13, Batch   202] loss: 0.021
[Epoch 13, Batch   302] loss: 0.030
[Epoch 13, Batch   402] loss: 0.035
Epoch 13/20:
Train Loss: 0.0031, Train Accuracy: 99.23%
Validation Loss: 0.0402, Validation Accuracy: 98.85%
[Epoch 14, Batch     2] loss: 0.000
[Epoch 14, Batch   102] loss: 0.015
[Epoch 14, Batch   202] loss: 0.022
[Epoch 14, Batch   302] loss: 0.023
[Epoch 14, Batch   402] loss: 0.033
Epoch 14/20:
Train Loss: 0.0040, Train Accuracy: 99.28%
Validation Loss: 0.0533, Validation Accuracy: 98.36%
[Epoch 15, Batch     2] loss: 0.000
[Epoch 15, Batch   102] loss: 0.025
[Epoch 15, Batch   202] loss: 0.027
[Epoch 15, Batch   302] loss: 0.017
[Epoch 15, Batch   402] loss: 0.028
Epoch 15/20:
Train Loss: 0.0032, Train Accuracy: 99.35%
Validation Loss: 0.0340, Validation Accuracy: 98.91%
[Epoch 16, Batch     2] loss: 0.000
[Epoch 16, Batch   102] loss: 0.014
[Epoch 16, Batch   202] loss: 0.025
[Epoch 16, Batch   302] loss: 0.029
[Epoch 16, Batch   402] loss: 0.026
Epoch 16/20:
Train Loss: 0.0038, Train Accuracy: 99.26%
Validation Loss: 0.0416, Validation Accuracy: 98.87%
[Epoch 17, Batch     2] loss: 0.001
[Epoch 17, Batch   102] loss: 0.014
[Epoch 17, Batch   202] loss: 0.028
[Epoch 17, Batch   302] loss: 0.019
[Epoch 17, Batch   402] loss: 0.023
Epoch 17/20:
Train Loss: 0.0043, Train Accuracy: 99.37%
Validation Loss: 0.0403, Validation Accuracy: 98.72%
[Epoch 18, Batch     2] loss: 0.001
[Epoch 18, Batch   102] loss: 0.019
[Epoch 18, Batch   202] loss: 0.020
[Epoch 18, Batch   302] loss: 0.015
[Epoch 18, Batch   402] loss: 0.026
Epoch 18/20:
Train Loss: 0.0033, Train Accuracy: 99.38%
Validation Loss: 0.0417, Validation Accuracy: 98.81%
[Epoch 19, Batch     2] loss: 0.000
[Epoch 19, Batch   102] loss: 0.011
[Epoch 19, Batch   202] loss: 0.015
[Epoch 19, Batch   302] loss: 0.021
[Epoch 19, Batch   402] loss: 0.019
Epoch 19/20:
Train Loss: 0.0036, Train Accuracy: 99.47%
Validation Loss: 0.0403, Validation Accuracy: 98.74%
[Epoch 20, Batch     2] loss: 0.000
[Epoch 20, Batch   102] loss: 0.016
[Epoch 20, Batch   202] loss: 0.016
[Epoch 20, Batch   302] loss: 0.016
[Epoch 20, Batch   402] loss: 0.018
Epoch 20/20:
Train Loss: 0.0042, Train Accuracy: 99.45%
Validation Loss: 0.0434, Validation Accuracy: 98.71%
Model saved to models/resnet18-MNIST-predictive_entropy-balanced_by_score-0.5-3
Modified conv1: updated in_channels to 1.
Modified fc layer: updated out_features to 10.
Initialized untrained model.
resnet18-MNIST-predictive_entropy-balanced_by_score-0.7-3
[Epoch 1, Batch     2] loss: 0.043
[Epoch 1, Batch   102] loss: 0.339
[Epoch 1, Batch   202] loss: 0.181
Epoch 1/20:
Train Loss: 0.0426, Train Accuracy: 92.55%
Validation Loss: 0.0850, Validation Accuracy: 97.51%
[Epoch 2, Batch     2] loss: 0.001
[Epoch 2, Batch   102] loss: 0.110
[Epoch 2, Batch   202] loss: 0.096
Epoch 2/20:
Train Loss: 0.0325, Train Accuracy: 96.77%
Validation Loss: 0.1029, Validation Accuracy: 96.71%
[Epoch 3, Batch     2] loss: 0.002
[Epoch 3, Batch   102] loss: 0.070
[Epoch 3, Batch   202] loss: 0.084
Epoch 3/20:
Train Loss: 0.0212, Train Accuracy: 97.72%
Validation Loss: 0.0603, Validation Accuracy: 98.16%
[Epoch 4, Batch     2] loss: 0.000
[Epoch 4, Batch   102] loss: 0.063
[Epoch 4, Batch   202] loss: 0.069
Epoch 4/20:
Train Loss: 0.0197, Train Accuracy: 97.90%
Validation Loss: 0.0863, Validation Accuracy: 97.14%
[Epoch 5, Batch     2] loss: 0.001
[Epoch 5, Batch   102] loss: 0.050
[Epoch 5, Batch   202] loss: 0.055
Epoch 5/20:
Train Loss: 0.0161, Train Accuracy: 98.33%
Validation Loss: 0.0637, Validation Accuracy: 98.19%
[Epoch 6, Batch     2] loss: 0.001
[Epoch 6, Batch   102] loss: 0.049
[Epoch 6, Batch   202] loss: 0.049
Epoch 6/20:
Train Loss: 0.0161, Train Accuracy: 98.43%
Validation Loss: 0.0762, Validation Accuracy: 97.63%
[Epoch 7, Batch     2] loss: 0.000
[Epoch 7, Batch   102] loss: 0.039
[Epoch 7, Batch   202] loss: 0.036
Epoch 7/20:
Train Loss: 0.0113, Train Accuracy: 98.85%
Validation Loss: 0.0561, Validation Accuracy: 98.19%
[Epoch 8, Batch     2] loss: 0.000
[Epoch 8, Batch   102] loss: 0.033
[Epoch 8, Batch   202] loss: 0.035
Epoch 8/20:
Train Loss: 0.0119, Train Accuracy: 98.90%
Validation Loss: 0.0477, Validation Accuracy: 98.57%
[Epoch 9, Batch     2] loss: 0.000
[Epoch 9, Batch   102] loss: 0.017
[Epoch 9, Batch   202] loss: 0.027
Epoch 9/20:
Train Loss: 0.0143, Train Accuracy: 99.07%
Validation Loss: 0.0418, Validation Accuracy: 98.70%
[Epoch 10, Batch     2] loss: 0.000
[Epoch 10, Batch   102] loss: 0.032
[Epoch 10, Batch   202] loss: 0.039
Epoch 10/20:
Train Loss: 0.0093, Train Accuracy: 98.90%
Validation Loss: 0.0503, Validation Accuracy: 98.49%
[Epoch 11, Batch     2] loss: 0.000
[Epoch 11, Batch   102] loss: 0.022
[Epoch 11, Batch   202] loss: 0.027
Epoch 11/20:
Train Loss: 0.0130, Train Accuracy: 99.03%
Validation Loss: 0.0702, Validation Accuracy: 97.81%
[Epoch 12, Batch     2] loss: 0.000
[Epoch 12, Batch   102] loss: 0.030
[Epoch 12, Batch   202] loss: 0.034
Epoch 12/20:
Train Loss: 0.0072, Train Accuracy: 99.10%
Validation Loss: 0.0508, Validation Accuracy: 98.48%
[Epoch 13, Batch     2] loss: 0.000
[Epoch 13, Batch   102] loss: 0.022
[Epoch 13, Batch   202] loss: 0.028
Epoch 13/20:
Train Loss: 0.0095, Train Accuracy: 99.14%
Validation Loss: 0.0787, Validation Accuracy: 97.79%
[Epoch 14, Batch     2] loss: 0.000
[Epoch 14, Batch   102] loss: 0.026
[Epoch 14, Batch   202] loss: 0.017
Epoch 14/20:
Train Loss: 0.0080, Train Accuracy: 99.28%
Validation Loss: 0.0754, Validation Accuracy: 97.80%
[Epoch 15, Batch     2] loss: 0.002
[Epoch 15, Batch   102] loss: 0.040
[Epoch 15, Batch   202] loss: 0.019
Epoch 15/20:
Train Loss: 0.0081, Train Accuracy: 99.18%
Validation Loss: 0.0678, Validation Accuracy: 98.12%
[Epoch 16, Batch     2] loss: 0.000
[Epoch 16, Batch   102] loss: 0.018
[Epoch 16, Batch   202] loss: 0.026
Epoch 16/20:
Train Loss: 0.0056, Train Accuracy: 99.34%
Validation Loss: 0.0443, Validation Accuracy: 98.67%
[Epoch 17, Batch     2] loss: 0.000
[Epoch 17, Batch   102] loss: 0.020
[Epoch 17, Batch   202] loss: 0.028
Epoch 17/20:
Train Loss: 0.0068, Train Accuracy: 99.25%
Validation Loss: 0.0501, Validation Accuracy: 98.64%
[Epoch 18, Batch     2] loss: 0.000
[Epoch 18, Batch   102] loss: 0.016
[Epoch 18, Batch   202] loss: 0.030
Epoch 18/20:
Train Loss: 0.0073, Train Accuracy: 99.25%
Validation Loss: 0.0424, Validation Accuracy: 98.80%
[Epoch 19, Batch     2] loss: 0.000
[Epoch 19, Batch   102] loss: 0.013
[Epoch 19, Batch   202] loss: 0.014
Epoch 19/20:
Train Loss: 0.0069, Train Accuracy: 99.47%
Validation Loss: 0.0442, Validation Accuracy: 98.73%
[Epoch 20, Batch     2] loss: 0.000
[Epoch 20, Batch   102] loss: 0.017
[Epoch 20, Batch   202] loss: 0.025
Epoch 20/20:
Train Loss: 0.0054, Train Accuracy: 99.39%
Validation Loss: 0.0697, Validation Accuracy: 98.24%
Model saved to models/resnet18-MNIST-predictive_entropy-balanced_by_score-0.7-3
Modified conv1: updated in_channels to 1.
Modified fc layer: updated out_features to 10.
Initialized untrained model.
resnet18-MNIST-predictive_entropy-balanced_by_score-0.8-3
[Epoch 1, Batch     2] loss: 0.043
[Epoch 1, Batch   102] loss: 0.329
Epoch 1/20:
Train Loss: 0.0779, Train Accuracy: 91.12%
Validation Loss: 0.1681, Validation Accuracy: 94.77%
[Epoch 2, Batch     2] loss: 0.003
[Epoch 2, Batch   102] loss: 0.125
Epoch 2/20:
Train Loss: 0.0485, Train Accuracy: 96.26%
Validation Loss: 0.0992, Validation Accuracy: 96.86%
[Epoch 3, Batch     2] loss: 0.002
[Epoch 3, Batch   102] loss: 0.080
Epoch 3/20:
Train Loss: 0.0399, Train Accuracy: 97.52%
Validation Loss: 0.1310, Validation Accuracy: 96.28%
[Epoch 4, Batch     2] loss: 0.002
[Epoch 4, Batch   102] loss: 0.057
Epoch 4/20:
Train Loss: 0.0317, Train Accuracy: 98.01%
Validation Loss: 0.0652, Validation Accuracy: 98.05%
[Epoch 5, Batch     2] loss: 0.000
[Epoch 5, Batch   102] loss: 0.046
Epoch 5/20:
Train Loss: 0.0352, Train Accuracy: 98.03%
Validation Loss: 0.0717, Validation Accuracy: 97.70%
[Epoch 6, Batch     2] loss: 0.001
[Epoch 6, Batch   102] loss: 0.047
Epoch 6/20:
Train Loss: 0.0247, Train Accuracy: 98.40%
Validation Loss: 0.0827, Validation Accuracy: 97.56%
[Epoch 7, Batch     2] loss: 0.001
[Epoch 7, Batch   102] loss: 0.041
Epoch 7/20:
Train Loss: 0.0240, Train Accuracy: 98.53%
Validation Loss: 0.0715, Validation Accuracy: 97.85%
[Epoch 8, Batch     2] loss: 0.001
[Epoch 8, Batch   102] loss: 0.025
Epoch 8/20:
Train Loss: 0.0164, Train Accuracy: 99.03%
Validation Loss: 0.0987, Validation Accuracy: 97.26%
[Epoch 9, Batch     2] loss: 0.000
[Epoch 9, Batch   102] loss: 0.027
Epoch 9/20:
Train Loss: 0.0192, Train Accuracy: 98.99%
Validation Loss: 0.0789, Validation Accuracy: 97.97%
[Epoch 10, Batch     2] loss: 0.001
[Epoch 10, Batch   102] loss: 0.028
Epoch 10/20:
Train Loss: 0.0174, Train Accuracy: 99.09%
Validation Loss: 0.0778, Validation Accuracy: 97.85%
[Epoch 11, Batch     2] loss: 0.001
[Epoch 11, Batch   102] loss: 0.021
Epoch 11/20:
Train Loss: 0.0136, Train Accuracy: 99.18%
Validation Loss: 0.0990, Validation Accuracy: 97.17%
[Epoch 12, Batch     2] loss: 0.001
[Epoch 12, Batch   102] loss: 0.025
Epoch 12/20:
Train Loss: 0.0195, Train Accuracy: 98.92%
Validation Loss: 0.0984, Validation Accuracy: 97.25%
[Epoch 13, Batch     2] loss: 0.000
[Epoch 13, Batch   102] loss: 0.029
Epoch 13/20:
Train Loss: 0.0136, Train Accuracy: 99.12%
Validation Loss: 0.0781, Validation Accuracy: 97.77%
[Epoch 14, Batch     2] loss: 0.000
[Epoch 14, Batch   102] loss: 0.017
Epoch 14/20:
Train Loss: 0.0101, Train Accuracy: 99.37%
Validation Loss: 0.0743, Validation Accuracy: 97.82%
[Epoch 15, Batch     2] loss: 0.000
[Epoch 15, Batch   102] loss: 0.011
Epoch 15/20:
Train Loss: 0.0131, Train Accuracy: 99.38%
Validation Loss: 0.1442, Validation Accuracy: 96.16%
[Epoch 16, Batch     2] loss: 0.001
[Epoch 16, Batch   102] loss: 0.027
Epoch 16/20:
Train Loss: 0.0135, Train Accuracy: 99.05%
Validation Loss: 0.0829, Validation Accuracy: 97.76%
[Epoch 17, Batch     2] loss: 0.001
[Epoch 17, Batch   102] loss: 0.020
Epoch 17/20:
Train Loss: 0.0105, Train Accuracy: 99.35%
Validation Loss: 0.1176, Validation Accuracy: 97.14%
[Epoch 18, Batch     2] loss: 0.000
[Epoch 18, Batch   102] loss: 0.022
Epoch 18/20:
Train Loss: 0.0097, Train Accuracy: 99.35%
Validation Loss: 0.0706, Validation Accuracy: 98.22%
[Epoch 19, Batch     2] loss: 0.000
[Epoch 19, Batch   102] loss: 0.030
Epoch 19/20:
Train Loss: 0.0138, Train Accuracy: 99.05%
Validation Loss: 0.0774, Validation Accuracy: 97.82%
[Epoch 20, Batch     2] loss: 0.001
[Epoch 20, Batch   102] loss: 0.013
Epoch 20/20:
Train Loss: 0.0076, Train Accuracy: 99.56%
Validation Loss: 0.0790, Validation Accuracy: 97.83%
Model saved to models/resnet18-MNIST-predictive_entropy-balanced_by_score-0.8-3
Modified conv1: updated in_channels to 1.
Modified fc layer: updated out_features to 10.
Initialized untrained model.
resnet18-MNIST-predictive_entropy-balanced_by_score-0.9-3
[Epoch 1, Batch     2] loss: 0.042
Epoch 1/20:
Train Loss: 0.3524, Train Accuracy: 87.45%
Validation Loss: 0.1809, Validation Accuracy: 94.20%
[Epoch 2, Batch     2] loss: 0.002
Epoch 2/20:
Train Loss: 0.1380, Train Accuracy: 95.62%
Validation Loss: 0.2062, Validation Accuracy: 93.54%
[Epoch 3, Batch     2] loss: 0.002
Epoch 3/20:
Train Loss: 0.1001, Train Accuracy: 97.03%
Validation Loss: 0.1291, Validation Accuracy: 95.87%
[Epoch 4, Batch     2] loss: 0.002
Epoch 4/20:
Train Loss: 0.0730, Train Accuracy: 97.61%
Validation Loss: 0.1801, Validation Accuracy: 94.85%
[Epoch 5, Batch     2] loss: 0.002
Epoch 5/20:
Train Loss: 0.0734, Train Accuracy: 97.55%
Validation Loss: 0.1583, Validation Accuracy: 95.22%
[Epoch 6, Batch     2] loss: 0.002
Epoch 6/20:
Train Loss: 0.0607, Train Accuracy: 97.86%
Validation Loss: 0.1252, Validation Accuracy: 96.41%
[Epoch 7, Batch     2] loss: 0.001
Epoch 7/20:
Train Loss: 0.0433, Train Accuracy: 98.52%
Validation Loss: 0.0964, Validation Accuracy: 97.12%
[Epoch 8, Batch     2] loss: 0.001
Epoch 8/20:
Train Loss: 0.0254, Train Accuracy: 99.15%
Validation Loss: 0.1393, Validation Accuracy: 96.26%
[Epoch 9, Batch     2] loss: 0.000
Epoch 9/20:
Train Loss: 0.0302, Train Accuracy: 99.12%
Validation Loss: 0.1152, Validation Accuracy: 97.04%
[Epoch 10, Batch     2] loss: 0.001
Epoch 10/20:
Train Loss: 0.0593, Train Accuracy: 97.98%
Validation Loss: 0.3730, Validation Accuracy: 89.04%
[Epoch 11, Batch     2] loss: 0.003
Epoch 11/20:
Train Loss: 0.0366, Train Accuracy: 98.59%
Validation Loss: 0.0992, Validation Accuracy: 97.13%
[Epoch 12, Batch     2] loss: 0.001
Epoch 12/20:
Train Loss: 0.0436, Train Accuracy: 98.74%
Validation Loss: 0.0933, Validation Accuracy: 97.44%
[Epoch 13, Batch     2] loss: 0.001
Epoch 13/20:
Train Loss: 0.0425, Train Accuracy: 98.71%
Validation Loss: 0.2258, Validation Accuracy: 94.69%
[Epoch 14, Batch     2] loss: 0.003
Epoch 14/20:
Train Loss: 0.0412, Train Accuracy: 98.68%
Validation Loss: 0.0933, Validation Accuracy: 97.37%
[Epoch 15, Batch     2] loss: 0.000
Epoch 15/20:
Train Loss: 0.0210, Train Accuracy: 99.29%
Validation Loss: 0.0832, Validation Accuracy: 97.77%
[Epoch 16, Batch     2] loss: 0.000
Epoch 16/20:
Train Loss: 0.0191, Train Accuracy: 99.34%
Validation Loss: 0.1966, Validation Accuracy: 95.28%
[Epoch 17, Batch     2] loss: 0.000
Epoch 17/20:
Train Loss: 0.0330, Train Accuracy: 99.10%
Validation Loss: 0.2165, Validation Accuracy: 95.34%
[Epoch 18, Batch     2] loss: 0.000
Epoch 18/20:
Train Loss: 0.0121, Train Accuracy: 99.63%
Validation Loss: 0.0718, Validation Accuracy: 97.95%
[Epoch 19, Batch     2] loss: 0.000
Epoch 19/20:
Train Loss: 0.0153, Train Accuracy: 99.47%
Validation Loss: 0.0844, Validation Accuracy: 97.72%
[Epoch 20, Batch     2] loss: 0.000
Epoch 20/20:
Train Loss: 0.0189, Train Accuracy: 99.42%
Validation Loss: 0.0781, Validation Accuracy: 97.84%
Model saved to models/resnet18-MNIST-predictive_entropy-balanced_by_score-0.9-3
Modified conv1: updated in_channels to 1.
Modified fc layer: updated out_features to 10.
Initialized untrained model.
resnet18-MNIST-predictive_entropy-balanced_by_score-0.95-3
[Epoch 1, Batch     2] loss: 0.041
Epoch 1/20:
Train Loss: 0.4295, Train Accuracy: 82.95%
Validation Loss: 0.3595, Validation Accuracy: 88.47%
[Epoch 2, Batch     2] loss: 0.006
Epoch 2/20:
Train Loss: 0.1747, Train Accuracy: 93.95%
Validation Loss: 0.4341, Validation Accuracy: 88.12%
[Epoch 3, Batch     2] loss: 0.003
Epoch 3/20:
Train Loss: 0.1374, Train Accuracy: 95.62%
Validation Loss: 0.5020, Validation Accuracy: 86.33%
[Epoch 4, Batch     2] loss: 0.004
Epoch 4/20:
Train Loss: 0.0975, Train Accuracy: 96.20%
Validation Loss: 0.1674, Validation Accuracy: 95.42%
[Epoch 5, Batch     2] loss: 0.000
Epoch 5/20:
Train Loss: 0.0390, Train Accuracy: 98.74%
Validation Loss: 0.1363, Validation Accuracy: 96.09%
[Epoch 6, Batch     2] loss: 0.000
Epoch 6/20:
Train Loss: 0.0322, Train Accuracy: 98.88%
Validation Loss: 0.1882, Validation Accuracy: 94.71%
[Epoch 7, Batch     2] loss: 0.001
Epoch 7/20:
Train Loss: 0.0524, Train Accuracy: 98.20%
Validation Loss: 0.1641, Validation Accuracy: 95.57%
[Epoch 8, Batch     2] loss: 0.000
Epoch 8/20:
Train Loss: 0.0271, Train Accuracy: 98.95%
Validation Loss: 0.3437, Validation Accuracy: 91.44%
[Epoch 9, Batch     2] loss: 0.001
Epoch 9/20:
Train Loss: 0.0585, Train Accuracy: 98.17%
Validation Loss: 0.3387, Validation Accuracy: 91.71%
[Epoch 10, Batch     2] loss: 0.001
Epoch 10/20:
Train Loss: 0.0741, Train Accuracy: 97.28%
Validation Loss: 0.4730, Validation Accuracy: 88.82%
[Epoch 11, Batch     2] loss: 0.003
Epoch 11/20:
Train Loss: 0.0838, Train Accuracy: 97.35%
Validation Loss: 0.2938, Validation Accuracy: 92.51%
[Epoch 12, Batch     2] loss: 0.000
Epoch 12/20:
Train Loss: 0.0443, Train Accuracy: 98.61%
Validation Loss: 0.1260, Validation Accuracy: 96.52%
[Epoch 13, Batch     2] loss: 0.000
Epoch 13/20:
Train Loss: 0.0198, Train Accuracy: 99.42%
Validation Loss: 0.1280, Validation Accuracy: 96.52%
[Epoch 14, Batch     2] loss: 0.000
Epoch 14/20:
Train Loss: 0.0116, Train Accuracy: 99.63%
Validation Loss: 0.1029, Validation Accuracy: 97.24%
[Epoch 15, Batch     2] loss: 0.000
Epoch 15/20:
Train Loss: 0.0067, Train Accuracy: 99.90%
Validation Loss: 0.1121, Validation Accuracy: 96.98%
[Epoch 16, Batch     2] loss: 0.000
Epoch 16/20:
Train Loss: 0.0046, Train Accuracy: 99.93%
Validation Loss: 0.1186, Validation Accuracy: 96.98%
[Epoch 17, Batch     2] loss: 0.000
Epoch 17/20:
Train Loss: 0.0060, Train Accuracy: 99.76%
Validation Loss: 0.1567, Validation Accuracy: 95.98%
[Epoch 18, Batch     2] loss: 0.000
Epoch 18/20:
Train Loss: 0.0148, Train Accuracy: 99.39%
Validation Loss: 0.1930, Validation Accuracy: 95.53%
[Epoch 19, Batch     2] loss: 0.000
Epoch 19/20:
Train Loss: 0.0260, Train Accuracy: 99.12%
Validation Loss: 0.1685, Validation Accuracy: 95.92%
[Epoch 20, Batch     2] loss: 0.000
Epoch 20/20:
Train Loss: 0.0343, Train Accuracy: 99.05%
Validation Loss: 0.1621, Validation Accuracy: 95.77%
Model saved to models/resnet18-MNIST-predictive_entropy-balanced_by_score-0.95-3
Modified conv1: updated in_channels to 1.
Modified fc layer: updated out_features to 10.
Loaded weights from file: models/resnet18_MNIST_3
Modified conv1: updated in_channels to 1.
Modified fc layer: updated out_features to 10.
Initialized untrained model.
resnet18-MNIST-predictive_entropy-top-0.3-3
[Epoch 1, Batch     2] loss: 0.043
[Epoch 1, Batch   102] loss: 0.416
[Epoch 1, Batch   202] loss: 0.234
[Epoch 1, Batch   302] loss: 0.180
[Epoch 1, Batch   402] loss: 0.160
[Epoch 1, Batch   502] loss: 0.143
[Epoch 1, Batch   602] loss: 0.109
Epoch 1/20:
Train Loss: 0.0111, Train Accuracy: 93.52%
Validation Loss: 0.0718, Validation Accuracy: 97.67%
[Epoch 2, Batch     2] loss: 0.002
[Epoch 2, Batch   102] loss: 0.091
[Epoch 2, Batch   202] loss: 0.113
[Epoch 2, Batch   302] loss: 0.092
[Epoch 2, Batch   402] loss: 0.095
[Epoch 2, Batch   502] loss: 0.093
[Epoch 2, Batch   602] loss: 0.086
Epoch 2/20:
Train Loss: 0.0066, Train Accuracy: 97.18%
Validation Loss: 0.0478, Validation Accuracy: 98.48%
[Epoch 3, Batch     2] loss: 0.001
[Epoch 3, Batch   102] loss: 0.070
[Epoch 3, Batch   202] loss: 0.068
[Epoch 3, Batch   302] loss: 0.078
[Epoch 3, Batch   402] loss: 0.064
[Epoch 3, Batch   502] loss: 0.070
[Epoch 3, Batch   602] loss: 0.069
Epoch 3/20:
Train Loss: 0.0052, Train Accuracy: 97.91%
Validation Loss: 0.0486, Validation Accuracy: 98.37%
[Epoch 4, Batch     2] loss: 0.002
[Epoch 4, Batch   102] loss: 0.071
[Epoch 4, Batch   202] loss: 0.046
[Epoch 4, Batch   302] loss: 0.060
[Epoch 4, Batch   402] loss: 0.061
[Epoch 4, Batch   502] loss: 0.061
[Epoch 4, Batch   602] loss: 0.059
Epoch 4/20:
Train Loss: 0.0062, Train Accuracy: 98.13%
Validation Loss: 0.0808, Validation Accuracy: 97.54%
[Epoch 5, Batch     2] loss: 0.002
[Epoch 5, Batch   102] loss: 0.043
[Epoch 5, Batch   202] loss: 0.049
[Epoch 5, Batch   302] loss: 0.061
[Epoch 5, Batch   402] loss: 0.061
[Epoch 5, Batch   502] loss: 0.059
[Epoch 5, Batch   602] loss: 0.057
Epoch 5/20:
Train Loss: 0.0047, Train Accuracy: 98.30%
Validation Loss: 0.0337, Validation Accuracy: 98.99%
[Epoch 6, Batch     2] loss: 0.001
[Epoch 6, Batch   102] loss: 0.051
[Epoch 6, Batch   202] loss: 0.045
[Epoch 6, Batch   302] loss: 0.052
[Epoch 6, Batch   402] loss: 0.058
[Epoch 6, Batch   502] loss: 0.054
[Epoch 6, Batch   602] loss: 0.055
Epoch 6/20:
Train Loss: 0.0043, Train Accuracy: 98.39%
Validation Loss: 0.0475, Validation Accuracy: 98.44%
[Epoch 7, Batch     2] loss: 0.001
[Epoch 7, Batch   102] loss: 0.048
[Epoch 7, Batch   202] loss: 0.042
[Epoch 7, Batch   302] loss: 0.047
[Epoch 7, Batch   402] loss: 0.039
[Epoch 7, Batch   502] loss: 0.050
[Epoch 7, Batch   602] loss: 0.055
Epoch 7/20:
Train Loss: 0.0036, Train Accuracy: 98.52%
Validation Loss: 0.0451, Validation Accuracy: 98.69%
[Epoch 8, Batch     2] loss: 0.002
[Epoch 8, Batch   102] loss: 0.038
[Epoch 8, Batch   202] loss: 0.036
[Epoch 8, Batch   302] loss: 0.049
[Epoch 8, Batch   402] loss: 0.049
[Epoch 8, Batch   502] loss: 0.037
[Epoch 8, Batch   602] loss: 0.048
Epoch 8/20:
Train Loss: 0.0039, Train Accuracy: 98.72%
Validation Loss: 0.0491, Validation Accuracy: 98.51%
[Epoch 9, Batch     2] loss: 0.000
[Epoch 9, Batch   102] loss: 0.043
[Epoch 9, Batch   202] loss: 0.033
[Epoch 9, Batch   302] loss: 0.035
[Epoch 9, Batch   402] loss: 0.039
[Epoch 9, Batch   502] loss: 0.049
[Epoch 9, Batch   602] loss: 0.049
Epoch 9/20:
Train Loss: 0.0023, Train Accuracy: 98.73%
Validation Loss: 0.0459, Validation Accuracy: 98.62%
[Epoch 10, Batch     2] loss: 0.000
[Epoch 10, Batch   102] loss: 0.029
[Epoch 10, Batch   202] loss: 0.035
[Epoch 10, Batch   302] loss: 0.036
[Epoch 10, Batch   402] loss: 0.033
[Epoch 10, Batch   502] loss: 0.041
[Epoch 10, Batch   602] loss: 0.041
Epoch 10/20:
Train Loss: 0.0033, Train Accuracy: 98.87%
Validation Loss: 0.0373, Validation Accuracy: 98.88%
[Epoch 11, Batch     2] loss: 0.001
[Epoch 11, Batch   102] loss: 0.029
[Epoch 11, Batch   202] loss: 0.038
[Epoch 11, Batch   302] loss: 0.030
[Epoch 11, Batch   402] loss: 0.033
[Epoch 11, Batch   502] loss: 0.034
[Epoch 11, Batch   602] loss: 0.040
Epoch 11/20:
Train Loss: 0.0037, Train Accuracy: 98.96%
Validation Loss: 0.0444, Validation Accuracy: 98.67%
[Epoch 12, Batch     2] loss: 0.001
[Epoch 12, Batch   102] loss: 0.029
[Epoch 12, Batch   202] loss: 0.031
[Epoch 12, Batch   302] loss: 0.029
[Epoch 12, Batch   402] loss: 0.030
[Epoch 12, Batch   502] loss: 0.033
[Epoch 12, Batch   602] loss: 0.032
Epoch 12/20:
Train Loss: 0.0027, Train Accuracy: 99.07%
Validation Loss: 0.0412, Validation Accuracy: 98.71%
[Epoch 13, Batch     2] loss: 0.000
[Epoch 13, Batch   102] loss: 0.023
[Epoch 13, Batch   202] loss: 0.034
[Epoch 13, Batch   302] loss: 0.040
[Epoch 13, Batch   402] loss: 0.037
[Epoch 13, Batch   502] loss: 0.033
[Epoch 13, Batch   602] loss: 0.029
Epoch 13/20:
Train Loss: 0.0020, Train Accuracy: 99.04%
Validation Loss: 0.0369, Validation Accuracy: 98.93%
[Epoch 14, Batch     2] loss: 0.001
[Epoch 14, Batch   102] loss: 0.021
[Epoch 14, Batch   202] loss: 0.017
[Epoch 14, Batch   302] loss: 0.024
[Epoch 14, Batch   402] loss: 0.029
[Epoch 14, Batch   502] loss: 0.033
[Epoch 14, Batch   602] loss: 0.028
Epoch 14/20:
Train Loss: 0.0021, Train Accuracy: 99.22%
Validation Loss: 0.0405, Validation Accuracy: 98.85%
[Epoch 15, Batch     2] loss: 0.001
[Epoch 15, Batch   102] loss: 0.026
[Epoch 15, Batch   202] loss: 0.030
[Epoch 15, Batch   302] loss: 0.036
[Epoch 15, Batch   402] loss: 0.030
[Epoch 15, Batch   502] loss: 0.029
[Epoch 15, Batch   602] loss: 0.024
Epoch 15/20:
Train Loss: 0.0023, Train Accuracy: 99.09%
Validation Loss: 0.0425, Validation Accuracy: 98.71%
[Epoch 16, Batch     2] loss: 0.000
[Epoch 16, Batch   102] loss: 0.024
[Epoch 16, Batch   202] loss: 0.021
[Epoch 16, Batch   302] loss: 0.017
[Epoch 16, Batch   402] loss: 0.027
[Epoch 16, Batch   502] loss: 0.030
[Epoch 16, Batch   602] loss: 0.030
Epoch 16/20:
Train Loss: 0.0018, Train Accuracy: 99.20%
Validation Loss: 0.0327, Validation Accuracy: 99.10%
[Epoch 17, Batch     2] loss: 0.001
[Epoch 17, Batch   102] loss: 0.012
[Epoch 17, Batch   202] loss: 0.015
[Epoch 17, Batch   302] loss: 0.026
[Epoch 17, Batch   402] loss: 0.029
[Epoch 17, Batch   502] loss: 0.025
[Epoch 17, Batch   602] loss: 0.029
Epoch 17/20:
Train Loss: 0.0026, Train Accuracy: 99.26%
Validation Loss: 0.0326, Validation Accuracy: 99.06%
[Epoch 18, Batch     2] loss: 0.001
[Epoch 18, Batch   102] loss: 0.022
[Epoch 18, Batch   202] loss: 0.017
[Epoch 18, Batch   302] loss: 0.014
[Epoch 18, Batch   402] loss: 0.036
[Epoch 18, Batch   502] loss: 0.025
[Epoch 18, Batch   602] loss: 0.029
Epoch 18/20:
Train Loss: 0.0014, Train Accuracy: 99.27%
Validation Loss: 0.0344, Validation Accuracy: 99.07%
[Epoch 19, Batch     2] loss: 0.000
[Epoch 19, Batch   102] loss: 0.017
[Epoch 19, Batch   202] loss: 0.016
[Epoch 19, Batch   302] loss: 0.016
[Epoch 19, Batch   402] loss: 0.018
[Epoch 19, Batch   502] loss: 0.020
[Epoch 19, Batch   602] loss: 0.036
Epoch 19/20:
Train Loss: 0.0023, Train Accuracy: 99.38%
Validation Loss: 0.0359, Validation Accuracy: 99.02%
[Epoch 20, Batch     2] loss: 0.000
[Epoch 20, Batch   102] loss: 0.013
[Epoch 20, Batch   202] loss: 0.018
[Epoch 20, Batch   302] loss: 0.025
[Epoch 20, Batch   402] loss: 0.019
[Epoch 20, Batch   502] loss: 0.020
[Epoch 20, Batch   602] loss: 0.017
Epoch 20/20:
Train Loss: 0.0022, Train Accuracy: 99.42%
Validation Loss: 0.0353, Validation Accuracy: 99.04%
Model saved to models/resnet18-MNIST-predictive_entropy-top-0.3-3
Modified conv1: updated in_channels to 1.
Modified fc layer: updated out_features to 10.
Initialized untrained model.
resnet18-MNIST-predictive_entropy-top-0.5-3
[Epoch 1, Batch     2] loss: 0.046
[Epoch 1, Batch   102] loss: 0.483
[Epoch 1, Batch   202] loss: 0.243
[Epoch 1, Batch   302] loss: 0.200
[Epoch 1, Batch   402] loss: 0.162
Epoch 1/20:
Train Loss: 0.0249, Train Accuracy: 91.40%
Validation Loss: 0.0644, Validation Accuracy: 97.72%
[Epoch 2, Batch     2] loss: 0.002
[Epoch 2, Batch   102] loss: 0.142
[Epoch 2, Batch   202] loss: 0.123
[Epoch 2, Batch   302] loss: 0.110
[Epoch 2, Batch   402] loss: 0.126
Epoch 2/20:
Train Loss: 0.0179, Train Accuracy: 96.18%
Validation Loss: 0.0574, Validation Accuracy: 98.32%
[Epoch 3, Batch     2] loss: 0.001
[Epoch 3, Batch   102] loss: 0.086
[Epoch 3, Batch   202] loss: 0.101
[Epoch 3, Batch   302] loss: 0.101
[Epoch 3, Batch   402] loss: 0.103
Epoch 3/20:
Train Loss: 0.0123, Train Accuracy: 97.00%
Validation Loss: 0.0469, Validation Accuracy: 98.49%
[Epoch 4, Batch     2] loss: 0.001
[Epoch 4, Batch   102] loss: 0.079
[Epoch 4, Batch   202] loss: 0.075
[Epoch 4, Batch   302] loss: 0.063
[Epoch 4, Batch   402] loss: 0.089
Epoch 4/20:
Train Loss: 0.0133, Train Accuracy: 97.52%
Validation Loss: 0.0386, Validation Accuracy: 98.82%
[Epoch 5, Batch     2] loss: 0.000
[Epoch 5, Batch   102] loss: 0.061
[Epoch 5, Batch   202] loss: 0.068
[Epoch 5, Batch   302] loss: 0.068
[Epoch 5, Batch   402] loss: 0.082
Epoch 5/20:
Train Loss: 0.0081, Train Accuracy: 97.87%
Validation Loss: 0.0531, Validation Accuracy: 98.42%
[Epoch 6, Batch     2] loss: 0.000
[Epoch 6, Batch   102] loss: 0.047
[Epoch 6, Batch   202] loss: 0.061
[Epoch 6, Batch   302] loss: 0.067
[Epoch 6, Batch   402] loss: 0.068
Epoch 6/20:
Train Loss: 0.0085, Train Accuracy: 98.10%
Validation Loss: 0.0585, Validation Accuracy: 98.26%
[Epoch 7, Batch     2] loss: 0.001
[Epoch 7, Batch   102] loss: 0.047
[Epoch 7, Batch   202] loss: 0.055
[Epoch 7, Batch   302] loss: 0.060
[Epoch 7, Batch   402] loss: 0.052
Epoch 7/20:
Train Loss: 0.0091, Train Accuracy: 98.26%
Validation Loss: 0.0352, Validation Accuracy: 98.98%
[Epoch 8, Batch     2] loss: 0.001
[Epoch 8, Batch   102] loss: 0.052
[Epoch 8, Batch   202] loss: 0.049
[Epoch 8, Batch   302] loss: 0.049
[Epoch 8, Batch   402] loss: 0.054
Epoch 8/20:
Train Loss: 0.0090, Train Accuracy: 98.26%
Validation Loss: 0.0356, Validation Accuracy: 98.96%
[Epoch 9, Batch     2] loss: 0.001
[Epoch 9, Batch   102] loss: 0.037
[Epoch 9, Batch   202] loss: 0.041
[Epoch 9, Batch   302] loss: 0.049
[Epoch 9, Batch   402] loss: 0.056
Epoch 9/20:
Train Loss: 0.0071, Train Accuracy: 98.53%
Validation Loss: 0.0419, Validation Accuracy: 98.76%
[Epoch 10, Batch     2] loss: 0.000
[Epoch 10, Batch   102] loss: 0.044
[Epoch 10, Batch   202] loss: 0.037
[Epoch 10, Batch   302] loss: 0.052
[Epoch 10, Batch   402] loss: 0.042
Epoch 10/20:
Train Loss: 0.0064, Train Accuracy: 98.63%
Validation Loss: 0.0345, Validation Accuracy: 98.94%
[Epoch 11, Batch     2] loss: 0.002
[Epoch 11, Batch   102] loss: 0.029
[Epoch 11, Batch   202] loss: 0.038
[Epoch 11, Batch   302] loss: 0.045
[Epoch 11, Batch   402] loss: 0.053
Epoch 11/20:
Train Loss: 0.0077, Train Accuracy: 98.63%
Validation Loss: 0.0469, Validation Accuracy: 98.66%
[Epoch 12, Batch     2] loss: 0.001
[Epoch 12, Batch   102] loss: 0.032
[Epoch 12, Batch   202] loss: 0.033
[Epoch 12, Batch   302] loss: 0.042
[Epoch 12, Batch   402] loss: 0.051
Epoch 12/20:
Train Loss: 0.0067, Train Accuracy: 98.80%
Validation Loss: 0.0354, Validation Accuracy: 98.98%
[Epoch 13, Batch     2] loss: 0.000
[Epoch 13, Batch   102] loss: 0.042
[Epoch 13, Batch   202] loss: 0.033
[Epoch 13, Batch   302] loss: 0.045
[Epoch 13, Batch   402] loss: 0.046
Epoch 13/20:
Train Loss: 0.0065, Train Accuracy: 98.71%
Validation Loss: 0.0369, Validation Accuracy: 99.03%
[Epoch 14, Batch     2] loss: 0.000
[Epoch 14, Batch   102] loss: 0.031
[Epoch 14, Batch   202] loss: 0.031
[Epoch 14, Batch   302] loss: 0.033
[Epoch 14, Batch   402] loss: 0.034
Epoch 14/20:
Train Loss: 0.0054, Train Accuracy: 98.98%
Validation Loss: 0.0353, Validation Accuracy: 98.93%
[Epoch 15, Batch     2] loss: 0.001
[Epoch 15, Batch   102] loss: 0.034
[Epoch 15, Batch   202] loss: 0.024
[Epoch 15, Batch   302] loss: 0.027
[Epoch 15, Batch   402] loss: 0.034
Epoch 15/20:
Train Loss: 0.0067, Train Accuracy: 98.94%
Validation Loss: 0.0405, Validation Accuracy: 98.78%
[Epoch 16, Batch     2] loss: 0.000
[Epoch 16, Batch   102] loss: 0.026
[Epoch 16, Batch   202] loss: 0.029
[Epoch 16, Batch   302] loss: 0.029
[Epoch 16, Batch   402] loss: 0.035
Epoch 16/20:
Train Loss: 0.0045, Train Accuracy: 99.12%
Validation Loss: 0.0303, Validation Accuracy: 99.16%
[Epoch 17, Batch     2] loss: 0.001
[Epoch 17, Batch   102] loss: 0.018
[Epoch 17, Batch   202] loss: 0.027
[Epoch 17, Batch   302] loss: 0.026
[Epoch 17, Batch   402] loss: 0.031
Epoch 17/20:
Train Loss: 0.0051, Train Accuracy: 99.14%
Validation Loss: 0.0463, Validation Accuracy: 98.63%
[Epoch 18, Batch     2] loss: 0.000
[Epoch 18, Batch   102] loss: 0.036
[Epoch 18, Batch   202] loss: 0.022
[Epoch 18, Batch   302] loss: 0.023
[Epoch 18, Batch   402] loss: 0.039
Epoch 18/20:
Train Loss: 0.0040, Train Accuracy: 99.08%
Validation Loss: 0.0510, Validation Accuracy: 98.50%
[Epoch 19, Batch     2] loss: 0.001
[Epoch 19, Batch   102] loss: 0.024
[Epoch 19, Batch   202] loss: 0.028
[Epoch 19, Batch   302] loss: 0.028
[Epoch 19, Batch   402] loss: 0.030
Epoch 19/20:
Train Loss: 0.0041, Train Accuracy: 99.11%
Validation Loss: 0.0397, Validation Accuracy: 98.90%
[Epoch 20, Batch     2] loss: 0.000
[Epoch 20, Batch   102] loss: 0.019
[Epoch 20, Batch   202] loss: 0.020
[Epoch 20, Batch   302] loss: 0.034
[Epoch 20, Batch   402] loss: 0.033
Epoch 20/20:
Train Loss: 0.0031, Train Accuracy: 99.20%
Validation Loss: 0.0352, Validation Accuracy: 99.04%
Model saved to models/resnet18-MNIST-predictive_entropy-top-0.5-3
Modified conv1: updated in_channels to 1.
Modified fc layer: updated out_features to 10.
Initialized untrained model.
resnet18-MNIST-predictive_entropy-top-0.7-3
[Epoch 1, Batch     2] loss: 0.044
[Epoch 1, Batch   102] loss: 0.603
[Epoch 1, Batch   202] loss: 0.327
Epoch 1/20:
Train Loss: 0.0853, Train Accuracy: 85.82%
Validation Loss: 0.1749, Validation Accuracy: 94.43%
[Epoch 2, Batch     2] loss: 0.005
[Epoch 2, Batch   102] loss: 0.224
[Epoch 2, Batch   202] loss: 0.210
Epoch 2/20:
Train Loss: 0.0541, Train Accuracy: 93.29%
Validation Loss: 0.1277, Validation Accuracy: 96.08%
[Epoch 3, Batch     2] loss: 0.002
[Epoch 3, Batch   102] loss: 0.134
[Epoch 3, Batch   202] loss: 0.156
Epoch 3/20:
Train Loss: 0.0427, Train Accuracy: 95.22%
Validation Loss: 0.1344, Validation Accuracy: 96.04%
[Epoch 4, Batch     2] loss: 0.002
[Epoch 4, Batch   102] loss: 0.112
[Epoch 4, Batch   202] loss: 0.130
Epoch 4/20:
Train Loss: 0.0326, Train Accuracy: 96.12%
Validation Loss: 0.0802, Validation Accuracy: 97.52%
[Epoch 5, Batch     2] loss: 0.002
[Epoch 5, Batch   102] loss: 0.092
[Epoch 5, Batch   202] loss: 0.106
Epoch 5/20:
Train Loss: 0.0336, Train Accuracy: 96.75%
Validation Loss: 0.0549, Validation Accuracy: 98.35%
[Epoch 6, Batch     2] loss: 0.001
[Epoch 6, Batch   102] loss: 0.078
[Epoch 6, Batch   202] loss: 0.087
Epoch 6/20:
Train Loss: 0.0268, Train Accuracy: 97.27%
Validation Loss: 0.0634, Validation Accuracy: 97.97%
[Epoch 7, Batch     2] loss: 0.003
[Epoch 7, Batch   102] loss: 0.069
[Epoch 7, Batch   202] loss: 0.084
Epoch 7/20:
Train Loss: 0.0248, Train Accuracy: 97.45%
Validation Loss: 0.0771, Validation Accuracy: 97.54%
[Epoch 8, Batch     2] loss: 0.000
[Epoch 8, Batch   102] loss: 0.077
[Epoch 8, Batch   202] loss: 0.069
Epoch 8/20:
Train Loss: 0.0194, Train Accuracy: 97.69%
Validation Loss: 0.0660, Validation Accuracy: 98.08%
[Epoch 9, Batch     2] loss: 0.000
[Epoch 9, Batch   102] loss: 0.070
[Epoch 9, Batch   202] loss: 0.075
Epoch 9/20:
Train Loss: 0.0204, Train Accuracy: 97.59%
Validation Loss: 0.0392, Validation Accuracy: 98.77%
[Epoch 10, Batch     2] loss: 0.001
[Epoch 10, Batch   102] loss: 0.047
[Epoch 10, Batch   202] loss: 0.067
Epoch 10/20:
Train Loss: 0.0161, Train Accuracy: 98.13%
Validation Loss: 0.1183, Validation Accuracy: 96.45%
[Epoch 11, Batch     2] loss: 0.001
[Epoch 11, Batch   102] loss: 0.057
[Epoch 11, Batch   202] loss: 0.041
Epoch 11/20:
Train Loss: 0.0185, Train Accuracy: 98.19%
Validation Loss: 0.0397, Validation Accuracy: 98.91%
[Epoch 12, Batch     2] loss: 0.000
[Epoch 12, Batch   102] loss: 0.053
[Epoch 12, Batch   202] loss: 0.040
Epoch 12/20:
Train Loss: 0.0180, Train Accuracy: 98.39%
Validation Loss: 0.0455, Validation Accuracy: 98.63%
[Epoch 13, Batch     2] loss: 0.001
[Epoch 13, Batch   102] loss: 0.042
[Epoch 13, Batch   202] loss: 0.057
Epoch 13/20:
Train Loss: 0.0137, Train Accuracy: 98.40%
Validation Loss: 0.0517, Validation Accuracy: 98.49%
[Epoch 14, Batch     2] loss: 0.000
[Epoch 14, Batch   102] loss: 0.052
[Epoch 14, Batch   202] loss: 0.058
Epoch 14/20:
Train Loss: 0.0138, Train Accuracy: 98.28%
Validation Loss: 0.0374, Validation Accuracy: 98.79%
[Epoch 15, Batch     2] loss: 0.001
[Epoch 15, Batch   102] loss: 0.042
[Epoch 15, Batch   202] loss: 0.042
Epoch 15/20:
Train Loss: 0.0103, Train Accuracy: 98.74%
Validation Loss: 0.0429, Validation Accuracy: 98.79%
[Epoch 16, Batch     2] loss: 0.001
[Epoch 16, Batch   102] loss: 0.035
[Epoch 16, Batch   202] loss: 0.047
Epoch 16/20:
Train Loss: 0.0122, Train Accuracy: 98.71%
Validation Loss: 0.0431, Validation Accuracy: 98.76%
[Epoch 17, Batch     2] loss: 0.001
[Epoch 17, Batch   102] loss: 0.041
[Epoch 17, Batch   202] loss: 0.064
Epoch 17/20:
Train Loss: 0.0124, Train Accuracy: 98.38%
Validation Loss: 0.0397, Validation Accuracy: 98.81%
[Epoch 18, Batch     2] loss: 0.001
[Epoch 18, Batch   102] loss: 0.033
[Epoch 18, Batch   202] loss: 0.029
Epoch 18/20:
Train Loss: 0.0128, Train Accuracy: 98.97%
Validation Loss: 0.0380, Validation Accuracy: 98.91%
[Epoch 19, Batch     2] loss: 0.001
[Epoch 19, Batch   102] loss: 0.041
[Epoch 19, Batch   202] loss: 0.039
Epoch 19/20:
Train Loss: 0.0135, Train Accuracy: 98.68%
Validation Loss: 0.0387, Validation Accuracy: 98.97%
[Epoch 20, Batch     2] loss: 0.000
[Epoch 20, Batch   102] loss: 0.043
[Epoch 20, Batch   202] loss: 0.036
Epoch 20/20:
Train Loss: 0.0098, Train Accuracy: 98.74%
Validation Loss: 0.0493, Validation Accuracy: 98.45%
Model saved to models/resnet18-MNIST-predictive_entropy-top-0.7-3
Modified conv1: updated in_channels to 1.
Modified fc layer: updated out_features to 10.
Initialized untrained model.
resnet18-MNIST-predictive_entropy-top-0.8-3
[Epoch 1, Batch     2] loss: 0.045
[Epoch 1, Batch   102] loss: 0.689
Epoch 1/20:
Train Loss: 0.1776, Train Accuracy: 81.52%
Validation Loss: 0.1410, Validation Accuracy: 95.44%
[Epoch 2, Batch     2] loss: 0.005
[Epoch 2, Batch   102] loss: 0.273
Epoch 2/20:
Train Loss: 0.1184, Train Accuracy: 91.23%
Validation Loss: 0.1277, Validation Accuracy: 96.15%
[Epoch 3, Batch     2] loss: 0.006
[Epoch 3, Batch   102] loss: 0.200
Epoch 3/20:
Train Loss: 0.0944, Train Accuracy: 93.31%
Validation Loss: 0.1539, Validation Accuracy: 95.05%
[Epoch 4, Batch     2] loss: 0.003
[Epoch 4, Batch   102] loss: 0.154
Epoch 4/20:
Train Loss: 0.0783, Train Accuracy: 94.79%
Validation Loss: 0.0675, Validation Accuracy: 97.87%
[Epoch 5, Batch     2] loss: 0.002
[Epoch 5, Batch   102] loss: 0.133
Epoch 5/20:
Train Loss: 0.0487, Train Accuracy: 95.90%
Validation Loss: 0.0394, Validation Accuracy: 98.69%
[Epoch 6, Batch     2] loss: 0.002
[Epoch 6, Batch   102] loss: 0.128
Epoch 6/20:
Train Loss: 0.0633, Train Accuracy: 95.66%
Validation Loss: 0.0728, Validation Accuracy: 97.92%
[Epoch 7, Batch     2] loss: 0.002
[Epoch 7, Batch   102] loss: 0.105
Epoch 7/20:
Train Loss: 0.0437, Train Accuracy: 96.51%
Validation Loss: 0.0442, Validation Accuracy: 98.67%
[Epoch 8, Batch     2] loss: 0.001
[Epoch 8, Batch   102] loss: 0.094
Epoch 8/20:
Train Loss: 0.0464, Train Accuracy: 96.79%
Validation Loss: 0.0550, Validation Accuracy: 98.42%
[Epoch 9, Batch     2] loss: 0.001
[Epoch 9, Batch   102] loss: 0.069
Epoch 9/20:
Train Loss: 0.0427, Train Accuracy: 97.27%
Validation Loss: 0.0672, Validation Accuracy: 98.16%
[Epoch 10, Batch     2] loss: 0.001
[Epoch 10, Batch   102] loss: 0.073
Epoch 10/20:
Train Loss: 0.0425, Train Accuracy: 97.19%
Validation Loss: 0.0921, Validation Accuracy: 97.30%
[Epoch 11, Batch     2] loss: 0.003
[Epoch 11, Batch   102] loss: 0.061
Epoch 11/20:
Train Loss: 0.0337, Train Accuracy: 97.81%
Validation Loss: 0.0775, Validation Accuracy: 97.72%
[Epoch 12, Batch     2] loss: 0.000
[Epoch 12, Batch   102] loss: 0.047
Epoch 12/20:
Train Loss: 0.0299, Train Accuracy: 98.25%
Validation Loss: 0.1041, Validation Accuracy: 97.08%
[Epoch 13, Batch     2] loss: 0.001
[Epoch 13, Batch   102] loss: 0.054
Epoch 13/20:
Train Loss: 0.0360, Train Accuracy: 97.98%
Validation Loss: 0.0526, Validation Accuracy: 98.51%
[Epoch 14, Batch     2] loss: 0.001
[Epoch 14, Batch   102] loss: 0.048
Epoch 14/20:
Train Loss: 0.0310, Train Accuracy: 98.17%
Validation Loss: 0.0466, Validation Accuracy: 98.65%
[Epoch 15, Batch     2] loss: 0.001
[Epoch 15, Batch   102] loss: 0.042
Epoch 15/20:
Train Loss: 0.0249, Train Accuracy: 98.45%
Validation Loss: 0.0509, Validation Accuracy: 98.40%
[Epoch 16, Batch     2] loss: 0.001
[Epoch 16, Batch   102] loss: 0.049
Epoch 16/20:
Train Loss: 0.0276, Train Accuracy: 98.16%
Validation Loss: 0.0655, Validation Accuracy: 98.24%
[Epoch 17, Batch     2] loss: 0.001
[Epoch 17, Batch   102] loss: 0.050
Epoch 17/20:
Train Loss: 0.0209, Train Accuracy: 98.36%
Validation Loss: 0.0486, Validation Accuracy: 98.64%
[Epoch 18, Batch     2] loss: 0.001
[Epoch 18, Batch   102] loss: 0.050
Epoch 18/20:
Train Loss: 0.0191, Train Accuracy: 98.65%
Validation Loss: 0.0712, Validation Accuracy: 98.03%
[Epoch 19, Batch     2] loss: 0.001
[Epoch 19, Batch   102] loss: 0.040
Epoch 19/20:
Train Loss: 0.0294, Train Accuracy: 98.29%
Validation Loss: 0.0412, Validation Accuracy: 98.77%
[Epoch 20, Batch     2] loss: 0.000
[Epoch 20, Batch   102] loss: 0.030
Epoch 20/20:
Train Loss: 0.0199, Train Accuracy: 98.90%
Validation Loss: 0.0543, Validation Accuracy: 98.41%
Model saved to models/resnet18-MNIST-predictive_entropy-top-0.8-3
Modified conv1: updated in_channels to 1.
Modified fc layer: updated out_features to 10.
Initialized untrained model.
resnet18-MNIST-predictive_entropy-top-0.9-3
[Epoch 1, Batch     2] loss: 0.045
Epoch 1/20:
Train Loss: 0.9105, Train Accuracy: 68.11%
Validation Loss: 0.3231, Validation Accuracy: 89.38%
[Epoch 2, Batch     2] loss: 0.009
Epoch 2/20:
Train Loss: 0.4727, Train Accuracy: 83.95%
Validation Loss: 0.2387, Validation Accuracy: 92.11%
[Epoch 3, Batch     2] loss: 0.006
Epoch 3/20:
Train Loss: 0.3476, Train Accuracy: 87.58%
Validation Loss: 0.2461, Validation Accuracy: 92.32%
[Epoch 4, Batch     2] loss: 0.007
Epoch 4/20:
Train Loss: 0.3084, Train Accuracy: 89.82%
Validation Loss: 0.2182, Validation Accuracy: 92.71%
[Epoch 5, Batch     2] loss: 0.004
Epoch 5/20:
Train Loss: 0.2297, Train Accuracy: 91.99%
Validation Loss: 0.3635, Validation Accuracy: 89.22%
[Epoch 6, Batch     2] loss: 0.005
Epoch 6/20:
Train Loss: 0.2028, Train Accuracy: 93.18%
Validation Loss: 0.1249, Validation Accuracy: 95.91%
[Epoch 7, Batch     2] loss: 0.002
Epoch 7/20:
Train Loss: 0.1521, Train Accuracy: 94.71%
Validation Loss: 0.1420, Validation Accuracy: 95.70%
[Epoch 8, Batch     2] loss: 0.001
Epoch 8/20:
Train Loss: 0.1632, Train Accuracy: 94.19%
Validation Loss: 0.2236, Validation Accuracy: 93.00%
[Epoch 9, Batch     2] loss: 0.006
Epoch 9/20:
Train Loss: 0.1543, Train Accuracy: 94.67%
Validation Loss: 0.1097, Validation Accuracy: 96.28%
[Epoch 10, Batch     2] loss: 0.002
Epoch 10/20:
Train Loss: 0.0996, Train Accuracy: 96.52%
Validation Loss: 0.0828, Validation Accuracy: 97.29%
[Epoch 11, Batch     2] loss: 0.001
Epoch 11/20:
Train Loss: 0.1133, Train Accuracy: 96.20%
Validation Loss: 0.1703, Validation Accuracy: 94.97%
[Epoch 12, Batch     2] loss: 0.003
Epoch 12/20:
Train Loss: 0.1195, Train Accuracy: 95.93%
Validation Loss: 0.0924, Validation Accuracy: 97.07%
[Epoch 13, Batch     2] loss: 0.001
Epoch 13/20:
Train Loss: 0.1033, Train Accuracy: 96.62%
Validation Loss: 0.1504, Validation Accuracy: 94.91%
[Epoch 14, Batch     2] loss: 0.001
Epoch 14/20:
Train Loss: 0.0747, Train Accuracy: 97.45%
Validation Loss: 0.1008, Validation Accuracy: 96.81%
[Epoch 15, Batch     2] loss: 0.000
Epoch 15/20:
Train Loss: 0.0667, Train Accuracy: 97.80%
Validation Loss: 0.0885, Validation Accuracy: 97.27%
[Epoch 16, Batch     2] loss: 0.001
Epoch 16/20:
Train Loss: 0.0591, Train Accuracy: 97.83%
Validation Loss: 0.1042, Validation Accuracy: 96.86%
[Epoch 17, Batch     2] loss: 0.000
Epoch 17/20:
Train Loss: 0.0618, Train Accuracy: 98.05%
Validation Loss: 0.1208, Validation Accuracy: 96.61%
[Epoch 18, Batch     2] loss: 0.001
Epoch 18/20:
Train Loss: 0.0572, Train Accuracy: 98.32%
Validation Loss: 0.1921, Validation Accuracy: 94.17%
[Epoch 19, Batch     2] loss: 0.000
Epoch 19/20:
Train Loss: 0.0608, Train Accuracy: 97.90%
Validation Loss: 0.0931, Validation Accuracy: 97.25%
[Epoch 20, Batch     2] loss: 0.001
Epoch 20/20:
Train Loss: 0.0792, Train Accuracy: 97.06%
Validation Loss: 0.1960, Validation Accuracy: 94.69%
Model saved to models/resnet18-MNIST-predictive_entropy-top-0.9-3
Modified conv1: updated in_channels to 1.
Modified fc layer: updated out_features to 10.
Initialized untrained model.
resnet18-MNIST-predictive_entropy-top-0.95-3
[Epoch 1, Batch     2] loss: 0.048
Epoch 1/20:
Train Loss: 1.1275, Train Accuracy: 58.83%
Validation Loss: 1.1312, Validation Accuracy: 59.85%
[Epoch 2, Batch     2] loss: 0.014
Epoch 2/20:
Train Loss: 0.6724, Train Accuracy: 76.22%
Validation Loss: 0.5698, Validation Accuracy: 80.17%
[Epoch 3, Batch     2] loss: 0.009
Epoch 3/20:
Train Loss: 0.5121, Train Accuracy: 81.22%
Validation Loss: 0.6734, Validation Accuracy: 75.65%
[Epoch 4, Batch     2] loss: 0.008
Epoch 4/20:
Train Loss: 0.3691, Train Accuracy: 86.18%
Validation Loss: 0.4776, Validation Accuracy: 83.90%
[Epoch 5, Batch     2] loss: 0.007
Epoch 5/20:
Train Loss: 0.3685, Train Accuracy: 86.72%
Validation Loss: 0.4431, Validation Accuracy: 85.44%
[Epoch 6, Batch     2] loss: 0.007
Epoch 6/20:
Train Loss: 0.2690, Train Accuracy: 90.05%
Validation Loss: 0.2706, Validation Accuracy: 90.72%
[Epoch 7, Batch     2] loss: 0.004
Epoch 7/20:
Train Loss: 0.2274, Train Accuracy: 92.36%
Validation Loss: 0.3744, Validation Accuracy: 88.46%
[Epoch 8, Batch     2] loss: 0.004
Epoch 8/20:
Train Loss: 0.2052, Train Accuracy: 92.15%
Validation Loss: 0.6396, Validation Accuracy: 81.04%
[Epoch 9, Batch     2] loss: 0.003
Epoch 9/20:
Train Loss: 0.1752, Train Accuracy: 93.85%
Validation Loss: 0.3410, Validation Accuracy: 89.77%
[Epoch 10, Batch     2] loss: 0.003
Epoch 10/20:
Train Loss: 0.1574, Train Accuracy: 94.26%
Validation Loss: 0.5257, Validation Accuracy: 86.13%
[Epoch 11, Batch     2] loss: 0.003
Epoch 11/20:
Train Loss: 0.1509, Train Accuracy: 94.50%
Validation Loss: 0.1932, Validation Accuracy: 93.73%
[Epoch 12, Batch     2] loss: 0.002
Epoch 12/20:
Train Loss: 0.1230, Train Accuracy: 95.62%
Validation Loss: 0.3578, Validation Accuracy: 89.52%
[Epoch 13, Batch     2] loss: 0.002
Epoch 13/20:
Train Loss: 0.1472, Train Accuracy: 94.80%
Validation Loss: 0.7564, Validation Accuracy: 83.00%
[Epoch 14, Batch     2] loss: 0.002
Epoch 14/20:
Train Loss: 0.1401, Train Accuracy: 95.24%
Validation Loss: 0.2965, Validation Accuracy: 91.65%
[Epoch 15, Batch     2] loss: 0.002
Epoch 15/20:
Train Loss: 0.0989, Train Accuracy: 96.40%
Validation Loss: 0.2779, Validation Accuracy: 91.94%
[Epoch 16, Batch     2] loss: 0.001
Epoch 16/20:
Train Loss: 0.0665, Train Accuracy: 97.55%
Validation Loss: 0.3983, Validation Accuracy: 88.84%
[Epoch 17, Batch     2] loss: 0.001
Epoch 17/20:
Train Loss: 0.0781, Train Accuracy: 97.32%
Validation Loss: 0.5992, Validation Accuracy: 85.99%
[Epoch 18, Batch     2] loss: 0.001
Epoch 18/20:
Train Loss: 0.0543, Train Accuracy: 97.72%
Validation Loss: 0.7843, Validation Accuracy: 84.04%
[Epoch 19, Batch     2] loss: 0.003
Epoch 19/20:
Train Loss: 0.0728, Train Accuracy: 97.66%
Validation Loss: 0.3374, Validation Accuracy: 91.96%
[Epoch 20, Batch     2] loss: 0.001
Epoch 20/20:
Train Loss: 0.1025, Train Accuracy: 96.84%
Validation Loss: 0.3387, Validation Accuracy: 90.80%
Model saved to models/resnet18-MNIST-predictive_entropy-top-0.95-3
Modified conv1: updated in_channels to 1.
Modified fc layer: updated out_features to 10.
Loaded weights from file: models/resnet18_MNIST_3
Modified conv1: updated in_channels to 1.
Modified fc layer: updated out_features to 10.
Initialized untrained model.
resnet18-MNIST-predictive_entropy-bottom-0.3-3
[Epoch 1, Batch     2] loss: 0.041
[Epoch 1, Batch   102] loss: 0.173
[Epoch 1, Batch   202] loss: 0.076
[Epoch 1, Batch   302] loss: 0.051
[Epoch 1, Batch   402] loss: 0.043
[Epoch 1, Batch   502] loss: 0.040
[Epoch 1, Batch   602] loss: 0.026
Epoch 1/20:
Train Loss: 0.0029, Train Accuracy: 97.75%
Validation Loss: 0.1730, Validation Accuracy: 95.58%
[Epoch 2, Batch     2] loss: 0.001
[Epoch 2, Batch   102] loss: 0.026
[Epoch 2, Batch   202] loss: 0.025
[Epoch 2, Batch   302] loss: 0.024
[Epoch 2, Batch   402] loss: 0.018
[Epoch 2, Batch   502] loss: 0.020
[Epoch 2, Batch   602] loss: 0.016
Epoch 2/20:
Train Loss: 0.0022, Train Accuracy: 99.33%
Validation Loss: 0.1225, Validation Accuracy: 96.80%
[Epoch 3, Batch     2] loss: 0.001
[Epoch 3, Batch   102] loss: 0.013
[Epoch 3, Batch   202] loss: 0.014
[Epoch 3, Batch   302] loss: 0.007
[Epoch 3, Batch   402] loss: 0.008
[Epoch 3, Batch   502] loss: 0.015
[Epoch 3, Batch   602] loss: 0.016
Epoch 3/20:
Train Loss: 0.0009, Train Accuracy: 99.65%
Validation Loss: 0.1475, Validation Accuracy: 96.08%
[Epoch 4, Batch     2] loss: 0.000
[Epoch 4, Batch   102] loss: 0.019
[Epoch 4, Batch   202] loss: 0.011
[Epoch 4, Batch   302] loss: 0.015
[Epoch 4, Batch   402] loss: 0.009
[Epoch 4, Batch   502] loss: 0.027
[Epoch 4, Batch   602] loss: 0.014
Epoch 4/20:
Train Loss: 0.0009, Train Accuracy: 99.57%
Validation Loss: 0.1586, Validation Accuracy: 95.65%
[Epoch 5, Batch     2] loss: 0.002
[Epoch 5, Batch   102] loss: 0.014
[Epoch 5, Batch   202] loss: 0.013
[Epoch 5, Batch   302] loss: 0.005
[Epoch 5, Batch   402] loss: 0.007
[Epoch 5, Batch   502] loss: 0.008
[Epoch 5, Batch   602] loss: 0.015
Epoch 5/20:
Train Loss: 0.0004, Train Accuracy: 99.73%
Validation Loss: 0.0895, Validation Accuracy: 97.72%
[Epoch 6, Batch     2] loss: 0.000
[Epoch 6, Batch   102] loss: 0.009
[Epoch 6, Batch   202] loss: 0.011
[Epoch 6, Batch   302] loss: 0.009
[Epoch 6, Batch   402] loss: 0.013
[Epoch 6, Batch   502] loss: 0.009
[Epoch 6, Batch   602] loss: 0.011
Epoch 6/20:
Train Loss: 0.0009, Train Accuracy: 99.71%
Validation Loss: 0.1606, Validation Accuracy: 95.74%
[Epoch 7, Batch     2] loss: 0.000
[Epoch 7, Batch   102] loss: 0.012
[Epoch 7, Batch   202] loss: 0.010
[Epoch 7, Batch   302] loss: 0.022
[Epoch 7, Batch   402] loss: 0.005
[Epoch 7, Batch   502] loss: 0.012
[Epoch 7, Batch   602] loss: 0.003
Epoch 7/20:
Train Loss: 0.0013, Train Accuracy: 99.71%
Validation Loss: 0.1288, Validation Accuracy: 96.77%
[Epoch 8, Batch     2] loss: 0.002
[Epoch 8, Batch   102] loss: 0.013
[Epoch 8, Batch   202] loss: 0.003
[Epoch 8, Batch   302] loss: 0.009
[Epoch 8, Batch   402] loss: 0.003
[Epoch 8, Batch   502] loss: 0.006
[Epoch 8, Batch   602] loss: 0.004
Epoch 8/20:
Train Loss: 0.0012, Train Accuracy: 99.82%
Validation Loss: 0.1051, Validation Accuracy: 97.17%
[Epoch 9, Batch     2] loss: 0.000
[Epoch 9, Batch   102] loss: 0.004
[Epoch 9, Batch   202] loss: 0.002
[Epoch 9, Batch   302] loss: 0.011
[Epoch 9, Batch   402] loss: 0.010
[Epoch 9, Batch   502] loss: 0.004
[Epoch 9, Batch   602] loss: 0.010
Epoch 9/20:
Train Loss: 0.0018, Train Accuracy: 99.80%
Validation Loss: 0.1852, Validation Accuracy: 95.62%
[Epoch 10, Batch     2] loss: 0.000
[Epoch 10, Batch   102] loss: 0.012
[Epoch 10, Batch   202] loss: 0.011
[Epoch 10, Batch   302] loss: 0.011
[Epoch 10, Batch   402] loss: 0.008
[Epoch 10, Batch   502] loss: 0.011
[Epoch 10, Batch   602] loss: 0.010
Epoch 10/20:
Train Loss: 0.0005, Train Accuracy: 99.72%
Validation Loss: 0.1038, Validation Accuracy: 97.29%
[Epoch 11, Batch     2] loss: 0.000
[Epoch 11, Batch   102] loss: 0.005
[Epoch 11, Batch   202] loss: 0.010
[Epoch 11, Batch   302] loss: 0.008
[Epoch 11, Batch   402] loss: 0.004
[Epoch 11, Batch   502] loss: 0.005
[Epoch 11, Batch   602] loss: 0.006
Epoch 11/20:
Train Loss: 0.0011, Train Accuracy: 99.80%
Validation Loss: 0.1189, Validation Accuracy: 97.05%
[Epoch 12, Batch     2] loss: 0.000
[Epoch 12, Batch   102] loss: 0.004
[Epoch 12, Batch   202] loss: 0.010
[Epoch 12, Batch   302] loss: 0.007
[Epoch 12, Batch   402] loss: 0.006
[Epoch 12, Batch   502] loss: 0.010
[Epoch 12, Batch   602] loss: 0.009
Epoch 12/20:
Train Loss: 0.0002, Train Accuracy: 99.80%
Validation Loss: 0.1031, Validation Accuracy: 97.48%
[Epoch 13, Batch     2] loss: 0.000
[Epoch 13, Batch   102] loss: 0.005
[Epoch 13, Batch   202] loss: 0.007
[Epoch 13, Batch   302] loss: 0.005
[Epoch 13, Batch   402] loss: 0.003
[Epoch 13, Batch   502] loss: 0.007
[Epoch 13, Batch   602] loss: 0.007
Epoch 13/20:
Train Loss: 0.0013, Train Accuracy: 99.84%
Validation Loss: 0.2170, Validation Accuracy: 94.79%
[Epoch 14, Batch     2] loss: 0.000
[Epoch 14, Batch   102] loss: 0.013
[Epoch 14, Batch   202] loss: 0.008
[Epoch 14, Batch   302] loss: 0.005
[Epoch 14, Batch   402] loss: 0.005
[Epoch 14, Batch   502] loss: 0.003
[Epoch 14, Batch   602] loss: 0.006
Epoch 14/20:
Train Loss: 0.0004, Train Accuracy: 99.84%
Validation Loss: 0.0936, Validation Accuracy: 97.76%
[Epoch 15, Batch     2] loss: 0.000
[Epoch 15, Batch   102] loss: 0.004
[Epoch 15, Batch   202] loss: 0.010
[Epoch 15, Batch   302] loss: 0.002
[Epoch 15, Batch   402] loss: 0.008
[Epoch 15, Batch   502] loss: 0.007
[Epoch 15, Batch   602] loss: 0.006
Epoch 15/20:
Train Loss: 0.0006, Train Accuracy: 99.84%
Validation Loss: 0.1009, Validation Accuracy: 97.58%
[Epoch 16, Batch     2] loss: 0.000
[Epoch 16, Batch   102] loss: 0.006
[Epoch 16, Batch   202] loss: 0.006
[Epoch 16, Batch   302] loss: 0.010
[Epoch 16, Batch   402] loss: 0.005
[Epoch 16, Batch   502] loss: 0.001
[Epoch 16, Batch   602] loss: 0.002
Epoch 16/20:
Train Loss: 0.0001, Train Accuracy: 99.89%
Validation Loss: 0.1038, Validation Accuracy: 97.66%
[Epoch 17, Batch     2] loss: 0.000
[Epoch 17, Batch   102] loss: 0.010
[Epoch 17, Batch   202] loss: 0.010
[Epoch 17, Batch   302] loss: 0.003
[Epoch 17, Batch   402] loss: 0.001
[Epoch 17, Batch   502] loss: 0.001
[Epoch 17, Batch   602] loss: 0.003
Epoch 17/20:
Train Loss: 0.0001, Train Accuracy: 99.87%
Validation Loss: 0.0962, Validation Accuracy: 97.61%
[Epoch 18, Batch     2] loss: 0.000
[Epoch 18, Batch   102] loss: 0.001
[Epoch 18, Batch   202] loss: 0.008
[Epoch 18, Batch   302] loss: 0.011
[Epoch 18, Batch   402] loss: 0.005
[Epoch 18, Batch   502] loss: 0.003
[Epoch 18, Batch   602] loss: 0.000
Epoch 18/20:
Train Loss: 0.0004, Train Accuracy: 99.87%
Validation Loss: 0.1052, Validation Accuracy: 97.51%
[Epoch 19, Batch     2] loss: 0.000
[Epoch 19, Batch   102] loss: 0.005
[Epoch 19, Batch   202] loss: 0.010
[Epoch 19, Batch   302] loss: 0.005
[Epoch 19, Batch   402] loss: 0.007
[Epoch 19, Batch   502] loss: 0.007
[Epoch 19, Batch   602] loss: 0.007
Epoch 19/20:
Train Loss: 0.0009, Train Accuracy: 99.81%
Validation Loss: 0.0777, Validation Accuracy: 97.99%
[Epoch 20, Batch     2] loss: 0.000
[Epoch 20, Batch   102] loss: 0.003
[Epoch 20, Batch   202] loss: 0.001
[Epoch 20, Batch   302] loss: 0.001
[Epoch 20, Batch   402] loss: 0.005
[Epoch 20, Batch   502] loss: 0.004
[Epoch 20, Batch   602] loss: 0.007
Epoch 20/20:
Train Loss: 0.0005, Train Accuracy: 99.92%
Validation Loss: 0.0780, Validation Accuracy: 97.93%
Model saved to models/resnet18-MNIST-predictive_entropy-bottom-0.3-3
Modified conv1: updated in_channels to 1.
Modified fc layer: updated out_features to 10.
Initialized untrained model.
resnet18-MNIST-predictive_entropy-bottom-0.5-3
[Epoch 1, Batch     2] loss: 0.041
[Epoch 1, Batch   102] loss: 0.126
[Epoch 1, Batch   202] loss: 0.066
[Epoch 1, Batch   302] loss: 0.030
[Epoch 1, Batch   402] loss: 0.036
Epoch 1/20:
Train Loss: 0.0044, Train Accuracy: 97.89%
Validation Loss: 0.2343, Validation Accuracy: 93.54%
[Epoch 2, Batch     2] loss: 0.000
[Epoch 2, Batch   102] loss: 0.016
[Epoch 2, Batch   202] loss: 0.013
[Epoch 2, Batch   302] loss: 0.009
[Epoch 2, Batch   402] loss: 0.019
Epoch 2/20:
Train Loss: 0.0037, Train Accuracy: 99.55%
Validation Loss: 0.5019, Validation Accuracy: 89.02%
[Epoch 3, Batch     2] loss: 0.001
[Epoch 3, Batch   102] loss: 0.010
[Epoch 3, Batch   202] loss: 0.008
[Epoch 3, Batch   302] loss: 0.012
[Epoch 3, Batch   402] loss: 0.017
Epoch 3/20:
Train Loss: 0.0012, Train Accuracy: 99.64%
Validation Loss: 0.2609, Validation Accuracy: 93.43%
[Epoch 4, Batch     2] loss: 0.000
[Epoch 4, Batch   102] loss: 0.017
[Epoch 4, Batch   202] loss: 0.009
[Epoch 4, Batch   302] loss: 0.009
[Epoch 4, Batch   402] loss: 0.010
Epoch 4/20:
Train Loss: 0.0005, Train Accuracy: 99.68%
Validation Loss: 0.1638, Validation Accuracy: 96.27%
[Epoch 5, Batch     2] loss: 0.000
[Epoch 5, Batch   102] loss: 0.002
[Epoch 5, Batch   202] loss: 0.009
[Epoch 5, Batch   302] loss: 0.007
[Epoch 5, Batch   402] loss: 0.005
Epoch 5/20:
Train Loss: 0.0004, Train Accuracy: 99.86%
Validation Loss: 0.3580, Validation Accuracy: 92.00%
[Epoch 6, Batch     2] loss: 0.000
[Epoch 6, Batch   102] loss: 0.011
[Epoch 6, Batch   202] loss: 0.007
[Epoch 6, Batch   302] loss: 0.016
[Epoch 6, Batch   402] loss: 0.011
Epoch 6/20:
Train Loss: 0.0003, Train Accuracy: 99.73%
Validation Loss: 0.1495, Validation Accuracy: 96.25%
[Epoch 7, Batch     2] loss: 0.000
[Epoch 7, Batch   102] loss: 0.004
[Epoch 7, Batch   202] loss: 0.019
[Epoch 7, Batch   302] loss: 0.006
[Epoch 7, Batch   402] loss: 0.002
Epoch 7/20:
Train Loss: 0.0007, Train Accuracy: 99.80%
Validation Loss: 0.1593, Validation Accuracy: 95.95%
[Epoch 8, Batch     2] loss: 0.000
[Epoch 8, Batch   102] loss: 0.009
[Epoch 8, Batch   202] loss: 0.004
[Epoch 8, Batch   302] loss: 0.003
[Epoch 8, Batch   402] loss: 0.006
Epoch 8/20:
Train Loss: 0.0022, Train Accuracy: 99.85%
Validation Loss: 0.2031, Validation Accuracy: 94.83%
[Epoch 9, Batch     2] loss: 0.000
[Epoch 9, Batch   102] loss: 0.003
[Epoch 9, Batch   202] loss: 0.003
[Epoch 9, Batch   302] loss: 0.003
[Epoch 9, Batch   402] loss: 0.002
Epoch 9/20:
Train Loss: 0.0023, Train Accuracy: 99.87%
Validation Loss: 0.2539, Validation Accuracy: 93.63%
[Epoch 10, Batch     2] loss: 0.000
[Epoch 10, Batch   102] loss: 0.010
[Epoch 10, Batch   202] loss: 0.010
[Epoch 10, Batch   302] loss: 0.006
[Epoch 10, Batch   402] loss: 0.008
Epoch 10/20:
Train Loss: 0.0006, Train Accuracy: 99.78%
Validation Loss: 0.2099, Validation Accuracy: 94.96%
[Epoch 11, Batch     2] loss: 0.000
[Epoch 11, Batch   102] loss: 0.007
[Epoch 11, Batch   202] loss: 0.003
[Epoch 11, Batch   302] loss: 0.001
[Epoch 11, Batch   402] loss: 0.017
Epoch 11/20:
Train Loss: 0.0012, Train Accuracy: 99.83%
Validation Loss: 0.2167, Validation Accuracy: 94.27%
[Epoch 12, Batch     2] loss: 0.001
[Epoch 12, Batch   102] loss: 0.005
[Epoch 12, Batch   202] loss: 0.007
[Epoch 12, Batch   302] loss: 0.006
[Epoch 12, Batch   402] loss: 0.009
Epoch 12/20:
Train Loss: 0.0002, Train Accuracy: 99.81%
Validation Loss: 0.1406, Validation Accuracy: 96.51%
[Epoch 13, Batch     2] loss: 0.000
[Epoch 13, Batch   102] loss: 0.004
[Epoch 13, Batch   202] loss: 0.003
[Epoch 13, Batch   302] loss: 0.003
[Epoch 13, Batch   402] loss: 0.006
Epoch 13/20:
Train Loss: 0.0006, Train Accuracy: 99.90%
Validation Loss: 0.1677, Validation Accuracy: 95.79%
[Epoch 14, Batch     2] loss: 0.000
[Epoch 14, Batch   102] loss: 0.009
[Epoch 14, Batch   202] loss: 0.013
[Epoch 14, Batch   302] loss: 0.003
[Epoch 14, Batch   402] loss: 0.003
Epoch 14/20:
Train Loss: 0.0003, Train Accuracy: 99.85%
Validation Loss: 0.1631, Validation Accuracy: 96.18%
[Epoch 15, Batch     2] loss: 0.000
[Epoch 15, Batch   102] loss: 0.008
[Epoch 15, Batch   202] loss: 0.001
[Epoch 15, Batch   302] loss: 0.002
[Epoch 15, Batch   402] loss: 0.010
Epoch 15/20:
Train Loss: 0.0012, Train Accuracy: 99.86%
Validation Loss: 0.1729, Validation Accuracy: 96.21%
[Epoch 16, Batch     2] loss: 0.000
[Epoch 16, Batch   102] loss: 0.005
[Epoch 16, Batch   202] loss: 0.003
[Epoch 16, Batch   302] loss: 0.011
[Epoch 16, Batch   402] loss: 0.007
Epoch 16/20:
Train Loss: 0.0007, Train Accuracy: 99.82%
Validation Loss: 0.2244, Validation Accuracy: 94.41%
[Epoch 17, Batch     2] loss: 0.000
[Epoch 17, Batch   102] loss: 0.006
[Epoch 17, Batch   202] loss: 0.001
[Epoch 17, Batch   302] loss: 0.007
[Epoch 17, Batch   402] loss: 0.003
Epoch 17/20:
Train Loss: 0.0009, Train Accuracy: 99.87%
Validation Loss: 0.1834, Validation Accuracy: 95.42%
[Epoch 18, Batch     2] loss: 0.000
[Epoch 18, Batch   102] loss: 0.001
[Epoch 18, Batch   202] loss: 0.000
[Epoch 18, Batch   302] loss: 0.001
[Epoch 18, Batch   402] loss: 0.003
Epoch 18/20:
Train Loss: 0.0014, Train Accuracy: 99.95%
Validation Loss: 0.2734, Validation Accuracy: 93.12%
[Epoch 19, Batch     2] loss: 0.000
[Epoch 19, Batch   102] loss: 0.002
[Epoch 19, Batch   202] loss: 0.003
[Epoch 19, Batch   302] loss: 0.011
[Epoch 19, Batch   402] loss: 0.015
Epoch 19/20:
Train Loss: 0.0004, Train Accuracy: 99.78%
Validation Loss: 0.2264, Validation Accuracy: 94.37%
[Epoch 20, Batch     2] loss: 0.000
[Epoch 20, Batch   102] loss: 0.003
[Epoch 20, Batch   202] loss: 0.002
[Epoch 20, Batch   302] loss: 0.001
[Epoch 20, Batch   402] loss: 0.000
Epoch 20/20:
Train Loss: 0.0001, Train Accuracy: 99.97%
Validation Loss: 0.1427, Validation Accuracy: 96.32%
Model saved to models/resnet18-MNIST-predictive_entropy-bottom-0.5-3
Modified conv1: updated in_channels to 1.
Modified fc layer: updated out_features to 10.
Initialized untrained model.
resnet18-MNIST-predictive_entropy-bottom-0.7-3
[Epoch 1, Batch     2] loss: 0.032
[Epoch 1, Batch   102] loss: 0.083
[Epoch 1, Batch   202] loss: 0.019
Epoch 1/20:
Train Loss: 0.0105, Train Accuracy: 98.14%
Validation Loss: 1.7099, Validation Accuracy: 79.37%
[Epoch 2, Batch     2] loss: 0.000
[Epoch 2, Batch   102] loss: 0.008
[Epoch 2, Batch   202] loss: 0.017
Epoch 2/20:
Train Loss: 0.0065, Train Accuracy: 99.59%
Validation Loss: 1.2844, Validation Accuracy: 74.00%
[Epoch 3, Batch     2] loss: 0.000
[Epoch 3, Batch   102] loss: 0.017
[Epoch 3, Batch   202] loss: 0.023
Epoch 3/20:
Train Loss: 0.0010, Train Accuracy: 99.58%
Validation Loss: 1.0246, Validation Accuracy: 83.75%
[Epoch 4, Batch     2] loss: 0.000
[Epoch 4, Batch   102] loss: 0.009
[Epoch 4, Batch   202] loss: 0.003
Epoch 4/20:
Train Loss: 0.0002, Train Accuracy: 99.88%
Validation Loss: 1.0110, Validation Accuracy: 83.94%
[Epoch 5, Batch     2] loss: 0.000
[Epoch 5, Batch   102] loss: 0.006
[Epoch 5, Batch   202] loss: 0.006
Epoch 5/20:
Train Loss: 0.0002, Train Accuracy: 99.87%
Validation Loss: 1.1401, Validation Accuracy: 82.69%
[Epoch 6, Batch     2] loss: 0.000
[Epoch 6, Batch   102] loss: 0.000
[Epoch 6, Batch   202] loss: 0.001
Epoch 6/20:
Train Loss: 0.0007, Train Accuracy: 99.97%
Validation Loss: 1.0756, Validation Accuracy: 83.16%
[Epoch 7, Batch     2] loss: 0.000
[Epoch 7, Batch   102] loss: 0.009
[Epoch 7, Batch   202] loss: 0.012
Epoch 7/20:
Train Loss: 0.0065, Train Accuracy: 99.60%
Validation Loss: 1.2827, Validation Accuracy: 79.75%
[Epoch 8, Batch     2] loss: 0.000
[Epoch 8, Batch   102] loss: 0.008
[Epoch 8, Batch   202] loss: 0.003
Epoch 8/20:
Train Loss: 0.0025, Train Accuracy: 99.87%
Validation Loss: 1.6014, Validation Accuracy: 80.70%
[Epoch 9, Batch     2] loss: 0.000
[Epoch 9, Batch   102] loss: 0.012
[Epoch 9, Batch   202] loss: 0.009
Epoch 9/20:
Train Loss: 0.0010, Train Accuracy: 99.73%
Validation Loss: 0.9002, Validation Accuracy: 83.57%
[Epoch 10, Batch     2] loss: 0.000
[Epoch 10, Batch   102] loss: 0.001
[Epoch 10, Batch   202] loss: 0.001
Epoch 10/20:
Train Loss: 0.0015, Train Accuracy: 99.96%
Validation Loss: 1.0828, Validation Accuracy: 82.38%
[Epoch 11, Batch     2] loss: 0.000
[Epoch 11, Batch   102] loss: 0.002
[Epoch 11, Batch   202] loss: 0.000
Epoch 11/20:
Train Loss: 0.0001, Train Accuracy: 99.99%
Validation Loss: 0.8787, Validation Accuracy: 85.25%
[Epoch 12, Batch     2] loss: 0.000
[Epoch 12, Batch   102] loss: 0.004
[Epoch 12, Batch   202] loss: 0.002
Epoch 12/20:
Train Loss: 0.0026, Train Accuracy: 99.89%
Validation Loss: 1.3662, Validation Accuracy: 75.38%
[Epoch 13, Batch     2] loss: 0.000
[Epoch 13, Batch   102] loss: 0.012
[Epoch 13, Batch   202] loss: 0.012
Epoch 13/20:
Train Loss: 0.0008, Train Accuracy: 99.74%
Validation Loss: 0.9314, Validation Accuracy: 84.51%
[Epoch 14, Batch     2] loss: 0.000
[Epoch 14, Batch   102] loss: 0.000
[Epoch 14, Batch   202] loss: 0.000
Epoch 14/20:
Train Loss: 0.0001, Train Accuracy: 100.00%
Validation Loss: 0.9313, Validation Accuracy: 84.61%
[Epoch 15, Batch     2] loss: 0.000
[Epoch 15, Batch   102] loss: 0.000
[Epoch 15, Batch   202] loss: 0.000
Epoch 15/20:
Train Loss: 0.0001, Train Accuracy: 100.00%
Validation Loss: 0.8859, Validation Accuracy: 85.22%
[Epoch 16, Batch     2] loss: 0.000
[Epoch 16, Batch   102] loss: 0.000
[Epoch 16, Batch   202] loss: 0.000
Epoch 16/20:
Train Loss: 0.0002, Train Accuracy: 100.00%
Validation Loss: 0.8084, Validation Accuracy: 85.53%
[Epoch 17, Batch     2] loss: 0.000
[Epoch 17, Batch   102] loss: 0.001
[Epoch 17, Batch   202] loss: 0.028
Epoch 17/20:
Train Loss: 0.0014, Train Accuracy: 99.72%
Validation Loss: 1.0572, Validation Accuracy: 83.94%
[Epoch 18, Batch     2] loss: 0.000
[Epoch 18, Batch   102] loss: 0.005
[Epoch 18, Batch   202] loss: 0.001
Epoch 18/20:
Train Loss: 0.0017, Train Accuracy: 99.87%
Validation Loss: 1.1771, Validation Accuracy: 80.51%
[Epoch 19, Batch     2] loss: 0.001
[Epoch 19, Batch   102] loss: 0.015
[Epoch 19, Batch   202] loss: 0.001
Epoch 19/20:
Train Loss: 0.0034, Train Accuracy: 99.77%
Validation Loss: 1.0638, Validation Accuracy: 82.58%
[Epoch 20, Batch     2] loss: 0.001
[Epoch 20, Batch   102] loss: 0.004
[Epoch 20, Batch   202] loss: 0.001
Epoch 20/20:
Train Loss: 0.0002, Train Accuracy: 99.93%
Validation Loss: 0.9446, Validation Accuracy: 84.06%
Model saved to models/resnet18-MNIST-predictive_entropy-bottom-0.7-3
Modified conv1: updated in_channels to 1.
Modified fc layer: updated out_features to 10.
Initialized untrained model.
resnet18-MNIST-predictive_entropy-bottom-0.8-3
[Epoch 1, Batch     2] loss: 0.039
[Epoch 1, Batch   102] loss: 0.064
Epoch 1/20:
Train Loss: 0.0101, Train Accuracy: 98.04%
Validation Loss: 1.4916, Validation Accuracy: 68.27%
[Epoch 2, Batch     2] loss: 0.000
[Epoch 2, Batch   102] loss: 0.021
Epoch 2/20:
Train Loss: 0.0051, Train Accuracy: 99.59%
Validation Loss: 1.2543, Validation Accuracy: 77.97%
[Epoch 3, Batch     2] loss: 0.000
[Epoch 3, Batch   102] loss: 0.010
Epoch 3/20:
Train Loss: 0.0016, Train Accuracy: 99.84%
Validation Loss: 1.2831, Validation Accuracy: 77.94%
[Epoch 4, Batch     2] loss: 0.000
[Epoch 4, Batch   102] loss: 0.001
Epoch 4/20:
Train Loss: 0.0096, Train Accuracy: 99.74%
Validation Loss: 1.6716, Validation Accuracy: 71.48%
[Epoch 5, Batch     2] loss: 0.001
[Epoch 5, Batch   102] loss: 0.012
Epoch 5/20:
Train Loss: 0.0029, Train Accuracy: 99.75%
Validation Loss: 1.6771, Validation Accuracy: 74.93%
[Epoch 6, Batch     2] loss: 0.000
[Epoch 6, Batch   102] loss: 0.003
Epoch 6/20:
Train Loss: 0.0017, Train Accuracy: 99.90%
Validation Loss: 1.3601, Validation Accuracy: 72.08%
[Epoch 7, Batch     2] loss: 0.000
[Epoch 7, Batch   102] loss: 0.002
Epoch 7/20:
Train Loss: 0.0001, Train Accuracy: 99.97%
Validation Loss: 1.0820, Validation Accuracy: 80.16%
[Epoch 8, Batch     2] loss: 0.000
[Epoch 8, Batch   102] loss: 0.000
Epoch 8/20:
Train Loss: 0.0012, Train Accuracy: 99.97%
Validation Loss: 1.1269, Validation Accuracy: 79.12%
[Epoch 9, Batch     2] loss: 0.000
[Epoch 9, Batch   102] loss: 0.006
Epoch 9/20:
Train Loss: 0.0089, Train Accuracy: 99.62%
Validation Loss: 1.3097, Validation Accuracy: 76.29%
[Epoch 10, Batch     2] loss: 0.000
[Epoch 10, Batch   102] loss: 0.020
Epoch 10/20:
Train Loss: 0.0021, Train Accuracy: 99.63%
Validation Loss: 1.0896, Validation Accuracy: 76.50%
[Epoch 11, Batch     2] loss: 0.000
[Epoch 11, Batch   102] loss: 0.005
Epoch 11/20:
Train Loss: 0.0018, Train Accuracy: 99.91%
Validation Loss: 1.0158, Validation Accuracy: 78.35%
[Epoch 12, Batch     2] loss: 0.000
[Epoch 12, Batch   102] loss: 0.004
Epoch 12/20:
Train Loss: 0.0003, Train Accuracy: 99.93%
Validation Loss: 1.0057, Validation Accuracy: 80.82%
[Epoch 13, Batch     2] loss: 0.000
[Epoch 13, Batch   102] loss: 0.000
Epoch 13/20:
Train Loss: 0.0002, Train Accuracy: 100.00%
Validation Loss: 1.0021, Validation Accuracy: 81.43%
[Epoch 14, Batch     2] loss: 0.000
[Epoch 14, Batch   102] loss: 0.000
Epoch 14/20:
Train Loss: 0.0001, Train Accuracy: 100.00%
Validation Loss: 0.9933, Validation Accuracy: 81.70%
[Epoch 15, Batch     2] loss: 0.000
[Epoch 15, Batch   102] loss: 0.000
Epoch 15/20:
Train Loss: 0.0001, Train Accuracy: 100.00%
Validation Loss: 1.0478, Validation Accuracy: 81.14%
[Epoch 16, Batch     2] loss: 0.000
[Epoch 16, Batch   102] loss: 0.000
Epoch 16/20:
Train Loss: 0.0039, Train Accuracy: 99.92%
Validation Loss: 1.1532, Validation Accuracy: 75.29%
[Epoch 17, Batch     2] loss: 0.000
[Epoch 17, Batch   102] loss: 0.016
Epoch 17/20:
Train Loss: 0.0073, Train Accuracy: 99.57%
Validation Loss: 1.4398, Validation Accuracy: 69.82%
[Epoch 18, Batch     2] loss: 0.000
[Epoch 18, Batch   102] loss: 0.013
Epoch 18/20:
Train Loss: 0.0010, Train Accuracy: 99.79%
Validation Loss: 1.1568, Validation Accuracy: 78.73%
[Epoch 19, Batch     2] loss: 0.000
[Epoch 19, Batch   102] loss: 0.001
Epoch 19/20:
Train Loss: 0.0002, Train Accuracy: 100.00%
Validation Loss: 1.1933, Validation Accuracy: 78.97%
[Epoch 20, Batch     2] loss: 0.000
[Epoch 20, Batch   102] loss: 0.000
Epoch 20/20:
Train Loss: 0.0002, Train Accuracy: 100.00%
Validation Loss: 1.1418, Validation Accuracy: 79.55%
Model saved to models/resnet18-MNIST-predictive_entropy-bottom-0.8-3
Modified conv1: updated in_channels to 1.
Modified fc layer: updated out_features to 10.
Initialized untrained model.
resnet18-MNIST-predictive_entropy-bottom-0.9-3
[Epoch 1, Batch     2] loss: 0.032
Epoch 1/20:
Train Loss: 0.0419, Train Accuracy: 97.60%
Validation Loss: 2.3147, Validation Accuracy: 57.50%
[Epoch 2, Batch     2] loss: 0.001
Epoch 2/20:
Train Loss: 0.0168, Train Accuracy: 99.46%
Validation Loss: 3.4885, Validation Accuracy: 52.77%
[Epoch 3, Batch     2] loss: 0.000
Epoch 3/20:
Train Loss: 0.0118, Train Accuracy: 99.63%
Validation Loss: 2.0224, Validation Accuracy: 69.57%
[Epoch 4, Batch     2] loss: 0.000
Epoch 4/20:
Train Loss: 0.0054, Train Accuracy: 99.87%
Validation Loss: 2.1239, Validation Accuracy: 68.17%
[Epoch 5, Batch     2] loss: 0.000
Epoch 5/20:
Train Loss: 0.0016, Train Accuracy: 99.98%
Validation Loss: 1.8642, Validation Accuracy: 71.75%
[Epoch 6, Batch     2] loss: 0.000
Epoch 6/20:
Train Loss: 0.0006, Train Accuracy: 99.98%
Validation Loss: 2.0784, Validation Accuracy: 70.27%
[Epoch 7, Batch     2] loss: 0.000
Epoch 7/20:
Train Loss: 0.0003, Train Accuracy: 100.00%
Validation Loss: 2.3792, Validation Accuracy: 68.07%
[Epoch 8, Batch     2] loss: 0.000
Epoch 8/20:
Train Loss: 0.0046, Train Accuracy: 99.93%
Validation Loss: 2.4516, Validation Accuracy: 65.26%
[Epoch 9, Batch     2] loss: 0.000
Epoch 9/20:
Train Loss: 0.0043, Train Accuracy: 99.92%
Validation Loss: 2.2763, Validation Accuracy: 68.24%
[Epoch 10, Batch     2] loss: 0.000
Epoch 10/20:
Train Loss: 0.0021, Train Accuracy: 99.95%
Validation Loss: 2.6495, Validation Accuracy: 69.05%
[Epoch 11, Batch     2] loss: 0.000
Epoch 11/20:
Train Loss: 0.0029, Train Accuracy: 99.95%
Validation Loss: 1.7987, Validation Accuracy: 70.88%
[Epoch 12, Batch     2] loss: 0.000
Epoch 12/20:
Train Loss: 0.0065, Train Accuracy: 99.85%
Validation Loss: 1.9588, Validation Accuracy: 69.39%
[Epoch 13, Batch     2] loss: 0.000
Epoch 13/20:
Train Loss: 0.0112, Train Accuracy: 99.66%
Validation Loss: 2.2796, Validation Accuracy: 66.91%
[Epoch 14, Batch     2] loss: 0.003
Epoch 14/20:
Train Loss: 0.0064, Train Accuracy: 99.75%
Validation Loss: 2.1692, Validation Accuracy: 64.50%
[Epoch 15, Batch     2] loss: 0.000
Epoch 15/20:
Train Loss: 0.0043, Train Accuracy: 99.83%
Validation Loss: 2.2507, Validation Accuracy: 64.24%
[Epoch 16, Batch     2] loss: 0.000
Epoch 16/20:
Train Loss: 0.0007, Train Accuracy: 99.98%
Validation Loss: 1.5629, Validation Accuracy: 71.43%
[Epoch 17, Batch     2] loss: 0.000
Epoch 17/20:
Train Loss: 0.0002, Train Accuracy: 100.00%
Validation Loss: 1.5902, Validation Accuracy: 71.43%
[Epoch 18, Batch     2] loss: 0.000
Epoch 18/20:
Train Loss: 0.0002, Train Accuracy: 100.00%
Validation Loss: 1.6521, Validation Accuracy: 72.50%
[Epoch 19, Batch     2] loss: 0.000
Epoch 19/20:
Train Loss: 0.0002, Train Accuracy: 100.00%
Validation Loss: 1.5990, Validation Accuracy: 71.27%
[Epoch 20, Batch     2] loss: 0.000
Epoch 20/20:
Train Loss: 0.0002, Train Accuracy: 100.00%
Validation Loss: 1.5618, Validation Accuracy: 71.71%
Model saved to models/resnet18-MNIST-predictive_entropy-bottom-0.9-3
Modified conv1: updated in_channels to 1.
Modified fc layer: updated out_features to 10.
Initialized untrained model.
resnet18-MNIST-predictive_entropy-bottom-0.95-3
[Epoch 1, Batch     2] loss: 0.035
Epoch 1/20:
Train Loss: 0.0350, Train Accuracy: 96.77%
Validation Loss: 2.5725, Validation Accuracy: 58.47%
[Epoch 2, Batch     2] loss: 0.000
Epoch 2/20:
Train Loss: 0.0066, Train Accuracy: 99.76%
Validation Loss: 2.3667, Validation Accuracy: 60.34%
[Epoch 3, Batch     2] loss: 0.000
Epoch 3/20:
Train Loss: 0.0203, Train Accuracy: 99.46%
Validation Loss: 3.9138, Validation Accuracy: 48.07%
[Epoch 4, Batch     2] loss: 0.000
Epoch 4/20:
Train Loss: 0.0194, Train Accuracy: 99.39%
Validation Loss: 2.6274, Validation Accuracy: 56.17%
[Epoch 5, Batch     2] loss: 0.000
Epoch 5/20:
Train Loss: 0.0073, Train Accuracy: 99.76%
Validation Loss: 3.5548, Validation Accuracy: 52.93%
[Epoch 6, Batch     2] loss: 0.000
Epoch 6/20:
Train Loss: 0.0050, Train Accuracy: 99.76%
Validation Loss: 2.5614, Validation Accuracy: 60.89%
[Epoch 7, Batch     2] loss: 0.000
Epoch 7/20:
Train Loss: 0.0104, Train Accuracy: 99.86%
Validation Loss: 2.4369, Validation Accuracy: 59.23%
[Epoch 8, Batch     2] loss: 0.001
Epoch 8/20:
Train Loss: 0.0009, Train Accuracy: 99.93%
Validation Loss: 2.3776, Validation Accuracy: 63.47%
[Epoch 9, Batch     2] loss: 0.000
Epoch 9/20:
Train Loss: 0.0007, Train Accuracy: 99.97%
Validation Loss: 2.3144, Validation Accuracy: 63.17%
[Epoch 10, Batch     2] loss: 0.000
Epoch 10/20:
Train Loss: 0.0181, Train Accuracy: 99.46%
Validation Loss: 2.0351, Validation Accuracy: 63.75%
[Epoch 11, Batch     2] loss: 0.000
Epoch 11/20:
Train Loss: 0.0352, Train Accuracy: 99.08%
Validation Loss: 2.8367, Validation Accuracy: 57.32%
[Epoch 12, Batch     2] loss: 0.000
Epoch 12/20:
Train Loss: 0.0028, Train Accuracy: 99.93%
Validation Loss: 1.9552, Validation Accuracy: 65.62%
[Epoch 13, Batch     2] loss: 0.000
Epoch 13/20:
Train Loss: 0.0010, Train Accuracy: 100.00%
Validation Loss: 2.0164, Validation Accuracy: 66.22%
[Epoch 14, Batch     2] loss: 0.000
Epoch 14/20:
Train Loss: 0.0003, Train Accuracy: 100.00%
Validation Loss: 1.9452, Validation Accuracy: 67.42%
[Epoch 15, Batch     2] loss: 0.000
Epoch 15/20:
Train Loss: 0.0002, Train Accuracy: 100.00%
Validation Loss: 1.8925, Validation Accuracy: 68.85%
[Epoch 16, Batch     2] loss: 0.000
Epoch 16/20:
Train Loss: 0.0001, Train Accuracy: 100.00%
Validation Loss: 1.8967, Validation Accuracy: 68.88%
[Epoch 17, Batch     2] loss: 0.000
Epoch 17/20:
Train Loss: 0.0003, Train Accuracy: 100.00%
Validation Loss: 2.0043, Validation Accuracy: 67.19%
[Epoch 18, Batch     2] loss: 0.000
Epoch 18/20:
Train Loss: 0.0002, Train Accuracy: 100.00%
Validation Loss: 1.9627, Validation Accuracy: 67.93%
[Epoch 19, Batch     2] loss: 0.000
Epoch 19/20:
Train Loss: 0.0001, Train Accuracy: 100.00%
Validation Loss: 1.9661, Validation Accuracy: 67.80%
[Epoch 20, Batch     2] loss: 0.000
Epoch 20/20:
Train Loss: 0.0001, Train Accuracy: 100.00%
Validation Loss: 1.8802, Validation Accuracy: 69.21%
Model saved to models/resnet18-MNIST-predictive_entropy-bottom-0.95-3
Modified conv1: updated in_channels to 1.
Modified fc layer: updated out_features to 10.
Loaded weights from file: models/resnet18_MNIST_3
Modified conv1: updated in_channels to 1.
Modified fc layer: updated out_features to 10.
Initialized untrained model.
resnet18-MNIST-predictive_entropy-median-0.3-3
[Epoch 1, Batch     2] loss: 0.043
[Epoch 1, Batch   102] loss: 0.240
[Epoch 1, Batch   202] loss: 0.096
[Epoch 1, Batch   302] loss: 0.067
[Epoch 1, Batch   402] loss: 0.074
[Epoch 1, Batch   502] loss: 0.057
[Epoch 1, Batch   602] loss: 0.047
Epoch 1/20:
Train Loss: 0.0022, Train Accuracy: 96.93%
Validation Loss: 0.1137, Validation Accuracy: 96.71%
[Epoch 2, Batch     2] loss: 0.000
[Epoch 2, Batch   102] loss: 0.029
[Epoch 2, Batch   202] loss: 0.039
[Epoch 2, Batch   302] loss: 0.033
[Epoch 2, Batch   402] loss: 0.028
[Epoch 2, Batch   502] loss: 0.026
[Epoch 2, Batch   602] loss: 0.026
Epoch 2/20:
Train Loss: 0.0031, Train Accuracy: 99.08%
Validation Loss: 0.1233, Validation Accuracy: 96.43%
[Epoch 3, Batch     2] loss: 0.000
[Epoch 3, Batch   102] loss: 0.031
[Epoch 3, Batch   202] loss: 0.015
[Epoch 3, Batch   302] loss: 0.014
[Epoch 3, Batch   402] loss: 0.021
[Epoch 3, Batch   502] loss: 0.025
[Epoch 3, Batch   602] loss: 0.028
Epoch 3/20:
Train Loss: 0.0019, Train Accuracy: 99.32%
Validation Loss: 0.0838, Validation Accuracy: 97.66%
[Epoch 4, Batch     2] loss: 0.000
[Epoch 4, Batch   102] loss: 0.014
[Epoch 4, Batch   202] loss: 0.017slurmstepd: error: *** JOB 6749 ON hendrixgpu05fl CANCELLED AT 2025-05-08T16:07:36 ***
