Modified conv1: updated in_channels to 1.
Modified fc layer: updated out_features to 10.
Initialized untrained model.
[Epoch 1, Batch     2] loss: 0.042
[Epoch 1, Batch   102] loss: 0.344
[Epoch 1, Batch   202] loss: 0.183
[Epoch 1, Batch   302] loss: 0.130
[Epoch 1, Batch   402] loss: 0.147
[Epoch 1, Batch   502] loss: 0.112
[Epoch 1, Batch   602] loss: 0.099
[Epoch 1, Batch   702] loss: 0.095
[Epoch 1, Batch   802] loss: 0.101
[Epoch 1, Batch   902] loss: 0.076
Epoch 1/5:
Train Loss: 0.0031, Train Accuracy: 95.54%
Validation Loss: 0.0612, Validation Accuracy: 98.01%
[Epoch 2, Batch     2] loss: 0.001
[Epoch 2, Batch   102] loss: 0.054
[Epoch 2, Batch   202] loss: 0.075
[Epoch 2, Batch   302] loss: 0.072
[Epoch 2, Batch   402] loss: 0.067
[Epoch 2, Batch   502] loss: 0.053
[Epoch 2, Batch   602] loss: 0.073
[Epoch 2, Batch   702] loss: 0.067
[Epoch 2, Batch   802] loss: 0.067
[Epoch 2, Batch   902] loss: 0.064
Epoch 2/5:
Train Loss: 0.0021, Train Accuracy: 97.98%
Validation Loss: 0.0421, Validation Accuracy: 98.69%
[Epoch 3, Batch     2] loss: 0.002
[Epoch 3, Batch   102] loss: 0.050
[Epoch 3, Batch   202] loss: 0.050
[Epoch 3, Batch   302] loss: 0.059
[Epoch 3, Batch   402] loss: 0.057
[Epoch 3, Batch   502] loss: 0.056
[Epoch 3, Batch   602] loss: 0.061
[Epoch 3, Batch   702] loss: 0.051
[Epoch 3, Batch   802] loss: 0.052
[Epoch 3, Batch   902] loss: 0.043
Epoch 3/5:
Train Loss: 0.0015, Train Accuracy: 98.43%
Validation Loss: 0.0423, Validation Accuracy: 98.73%
[Epoch 4, Batch     2] loss: 0.002
[Epoch 4, Batch   102] loss: 0.039
[Epoch 4, Batch   202] loss: 0.056
[Epoch 4, Batch   302] loss: 0.050
[Epoch 4, Batch   402] loss: 0.050
[Epoch 4, Batch   502] loss: 0.045
[Epoch 4, Batch   602] loss: 0.051
[Epoch 4, Batch   702] loss: 0.051
[Epoch 4, Batch   802] loss: 0.045
[Epoch 4, Batch   902] loss: 0.034
Epoch 4/5:
Train Loss: 0.0016, Train Accuracy: 98.58%
Validation Loss: 0.0432, Validation Accuracy: 98.66%
[Epoch 5, Batch     2] loss: 0.001
[Epoch 5, Batch   102] loss: 0.039
[Epoch 5, Batch   202] loss: 0.038
[Epoch 5, Batch   302] loss: 0.039
[Epoch 5, Batch   402] loss: 0.042
[Epoch 5, Batch   502] loss: 0.048
[Epoch 5, Batch   602] loss: 0.044
[Epoch 5, Batch   702] loss: 0.037
[Epoch 5, Batch   802] loss: 0.037
[Epoch 5, Batch   902] loss: 0.047
Epoch 5/5:
Train Loss: 0.0018, Train Accuracy: 98.75%
Validation Loss: 0.0444, Validation Accuracy: 98.59%
Model saved to models/resnet18_MNIST_1
Modified conv1: updated in_channels to 1.
Modified fc layer: updated out_features to 10.
Loaded weights from file: models/resnet18_MNIST_1
Modified conv1: updated in_channels to 1.
Modified fc layer: updated out_features to 10.
Initialized untrained model.
resnet18-MNIST-random-0.3-1
[Epoch 1, Batch     2] loss: 0.043
[Epoch 1, Batch   102] loss: 0.338
[Epoch 1, Batch   202] loss: 0.178
[Epoch 1, Batch   302] loss: 0.137
[Epoch 1, Batch   402] loss: 0.134
[Epoch 1, Batch   502] loss: 0.118
[Epoch 1, Batch   602] loss: 0.089
Epoch 1/5:
Train Loss: 0.0077, Train Accuracy: 94.95%
Validation Loss: 0.1214, Validation Accuracy: 96.19%
[Epoch 2, Batch     2] loss: 0.002
[Epoch 2, Batch   102] loss: 0.084
[Epoch 2, Batch   202] loss: 0.086
[Epoch 2, Batch   302] loss: 0.081
[Epoch 2, Batch   402] loss: 0.076
[Epoch 2, Batch   502] loss: 0.068
[Epoch 2, Batch   602] loss: 0.064
Epoch 2/5:
Train Loss: 0.0064, Train Accuracy: 97.80%
Validation Loss: 0.0895, Validation Accuracy: 97.27%
[Epoch 3, Batch     2] loss: 0.002
[Epoch 3, Batch   102] loss: 0.071
[Epoch 3, Batch   202] loss: 0.061
[Epoch 3, Batch   302] loss: 0.065
[Epoch 3, Batch   402] loss: 0.060
[Epoch 3, Batch   502] loss: 0.051
[Epoch 3, Batch   602] loss: 0.059
Epoch 3/5:
Train Loss: 0.0041, Train Accuracy: 98.22%
Validation Loss: 0.0561, Validation Accuracy: 98.26%
[Epoch 4, Batch     2] loss: 0.001
[Epoch 4, Batch   102] loss: 0.054
[Epoch 4, Batch   202] loss: 0.047
[Epoch 4, Batch   302] loss: 0.043
[Epoch 4, Batch   402] loss: 0.054
[Epoch 4, Batch   502] loss: 0.040
[Epoch 4, Batch   602] loss: 0.052
Epoch 4/5:
Train Loss: 0.0047, Train Accuracy: 98.52%
Validation Loss: 0.0943, Validation Accuracy: 97.13%
[Epoch 5, Batch     2] loss: 0.001
[Epoch 5, Batch   102] loss: 0.041
[Epoch 5, Batch   202] loss: 0.048
[Epoch 5, Batch   302] loss: 0.059
[Epoch 5, Batch   402] loss: 0.039
[Epoch 5, Batch   502] loss: 0.041
[Epoch 5, Batch   602] loss: 0.042
Epoch 5/5:
Train Loss: 0.0020, Train Accuracy: 98.73%
Validation Loss: 0.0454, Validation Accuracy: 98.60%
Model saved to models/resnet18-MNIST-random-0.3-1
Modified conv1: updated in_channels to 1.
Modified fc layer: updated out_features to 10.
Initialized untrained model.
resnet18-MNIST-random-0.5-1
[Epoch 1, Batch     2] loss: 0.041
[Epoch 1, Batch   102] loss: 0.344
[Epoch 1, Batch   202] loss: 0.158
[Epoch 1, Batch   302] loss: 0.149
[Epoch 1, Batch   402] loss: 0.138
Epoch 1/5:
Train Loss: 0.0169, Train Accuracy: 94.01%
Validation Loss: 0.1289, Validation Accuracy: 95.96%
[Epoch 2, Batch     2] loss: 0.001
[Epoch 2, Batch   102] loss: 0.082
[Epoch 2, Batch   202] loss: 0.087
[Epoch 2, Batch   302] loss: 0.087
[Epoch 2, Batch   402] loss: 0.073
Epoch 2/5:
Train Loss: 0.0102, Train Accuracy: 97.54%
Validation Loss: 0.0556, Validation Accuracy: 98.17%
[Epoch 3, Batch     2] loss: 0.001
[Epoch 3, Batch   102] loss: 0.065
[Epoch 3, Batch   202] loss: 0.050
[Epoch 3, Batch   302] loss: 0.081
[Epoch 3, Batch   402] loss: 0.065
Epoch 3/5:
Train Loss: 0.0103, Train Accuracy: 97.99%
Validation Loss: 0.1628, Validation Accuracy: 94.61%
[Epoch 4, Batch     2] loss: 0.002
[Epoch 4, Batch   102] loss: 0.053
[Epoch 4, Batch   202] loss: 0.057
[Epoch 4, Batch   302] loss: 0.055
[Epoch 4, Batch   402] loss: 0.052
Epoch 4/5:
Train Loss: 0.0062, Train Accuracy: 98.38%
Validation Loss: 0.0521, Validation Accuracy: 98.35%
[Epoch 5, Batch     2] loss: 0.000
[Epoch 5, Batch   102] loss: 0.038
[Epoch 5, Batch   202] loss: 0.042
[Epoch 5, Batch   302] loss: 0.045
[Epoch 5, Batch   402] loss: 0.048
Epoch 5/5:
Train Loss: 0.0065, Train Accuracy: 98.66%
Validation Loss: 0.0673, Validation Accuracy: 98.12%
Model saved to models/resnet18-MNIST-random-0.5-1
Modified conv1: updated in_channels to 1.
Modified fc layer: updated out_features to 10.
Initialized untrained model.
resnet18-MNIST-random-0.7-1
[Epoch 1, Batch     2] loss: 0.043
[Epoch 1, Batch   102] loss: 0.336
[Epoch 1, Batch   202] loss: 0.183
Epoch 1/5:
Train Loss: 0.0433, Train Accuracy: 92.42%
Validation Loss: 0.0998, Validation Accuracy: 97.15%
[Epoch 2, Batch     2] loss: 0.004
[Epoch 2, Batch   102] loss: 0.107
[Epoch 2, Batch   202] loss: 0.102
Epoch 2/5:
Train Loss: 0.0278, Train Accuracy: 96.88%
Validation Loss: 0.1733, Validation Accuracy: 94.63%
[Epoch 3, Batch     2] loss: 0.001
[Epoch 3, Batch   102] loss: 0.089
[Epoch 3, Batch   202] loss: 0.085
Epoch 3/5:
Train Loss: 0.0211, Train Accuracy: 97.57%
Validation Loss: 0.0703, Validation Accuracy: 97.82%
[Epoch 4, Batch     2] loss: 0.001
[Epoch 4, Batch   102] loss: 0.060
[Epoch 4, Batch   202] loss: 0.067
Epoch 4/5:
Train Loss: 0.0174, Train Accuracy: 98.08%
Validation Loss: 0.0737, Validation Accuracy: 97.83%
[Epoch 5, Batch     2] loss: 0.000
[Epoch 5, Batch   102] loss: 0.060
[Epoch 5, Batch   202] loss: 0.043
Epoch 5/5:
Train Loss: 0.0116, Train Accuracy: 98.58%
Validation Loss: 0.0627, Validation Accuracy: 98.20%
Model saved to models/resnet18-MNIST-random-0.7-1
Modified conv1: updated in_channels to 1.
Modified fc layer: updated out_features to 10.
Initialized untrained model.
resnet18-MNIST-random-0.8-1
[Epoch 1, Batch     2] loss: 0.047
[Epoch 1, Batch   102] loss: 0.341
Epoch 1/5:
Train Loss: 0.0831, Train Accuracy: 90.94%
Validation Loss: 0.2018, Validation Accuracy: 93.90%
[Epoch 2, Batch     2] loss: 0.003
[Epoch 2, Batch   102] loss: 0.110
Epoch 2/5:
Train Loss: 0.0589, Train Accuracy: 96.32%
Validation Loss: 0.1845, Validation Accuracy: 94.11%
[Epoch 3, Batch     2] loss: 0.002
[Epoch 3, Batch   102] loss: 0.089
Epoch 3/5:
Train Loss: 0.0397, Train Accuracy: 97.31%
Validation Loss: 0.1350, Validation Accuracy: 95.75%
[Epoch 4, Batch     2] loss: 0.001
[Epoch 4, Batch   102] loss: 0.072
Epoch 4/5:
Train Loss: 0.0409, Train Accuracy: 97.55%
Validation Loss: 0.1560, Validation Accuracy: 95.77%
[Epoch 5, Batch     2] loss: 0.001
[Epoch 5, Batch   102] loss: 0.046
Epoch 5/5:
Train Loss: 0.0227, Train Accuracy: 98.42%
Validation Loss: 0.0788, Validation Accuracy: 97.61%
Model saved to models/resnet18-MNIST-random-0.8-1
Modified conv1: updated in_channels to 1.
Modified fc layer: updated out_features to 10.
Initialized untrained model.
resnet18-MNIST-random-0.9-1
[Epoch 1, Batch     2] loss: 0.041
Epoch 1/5:
Train Loss: 0.3195, Train Accuracy: 88.05%
Validation Loss: 0.2061, Validation Accuracy: 93.82%
[Epoch 2, Batch     2] loss: 0.002
Epoch 2/5:
Train Loss: 0.1259, Train Accuracy: 96.13%
Validation Loss: 0.2478, Validation Accuracy: 92.53%
[Epoch 3, Batch     2] loss: 0.002
Epoch 3/5:
Train Loss: 0.1192, Train Accuracy: 96.30%
Validation Loss: 0.1949, Validation Accuracy: 94.33%
[Epoch 4, Batch     2] loss: 0.002
Epoch 4/5:
Train Loss: 0.0795, Train Accuracy: 97.40%
Validation Loss: 0.1367, Validation Accuracy: 95.97%
[Epoch 5, Batch     2] loss: 0.001
Epoch 5/5:
Train Loss: 0.0688, Train Accuracy: 97.93%
Validation Loss: 0.0960, Validation Accuracy: 97.20%
Model saved to models/resnet18-MNIST-random-0.9-1
Modified conv1: updated in_channels to 1.
Modified fc layer: updated out_features to 10.
Initialized untrained model.
resnet18-MNIST-random-0.95-1
[Epoch 1, Batch     2] loss: 0.041
Epoch 1/5:
Train Loss: 0.3845, Train Accuracy: 84.43%
Validation Loss: 0.4159, Validation Accuracy: 88.75%
[Epoch 2, Batch     2] loss: 0.004
Epoch 2/5:
Train Loss: 0.1744, Train Accuracy: 94.27%
Validation Loss: 0.4064, Validation Accuracy: 87.61%
[Epoch 3, Batch     2] loss: 0.001
Epoch 3/5:
Train Loss: 0.1102, Train Accuracy: 96.67%
Validation Loss: 0.2262, Validation Accuracy: 92.89%
[Epoch 4, Batch     2] loss: 0.001
Epoch 4/5:
Train Loss: 0.0762, Train Accuracy: 97.30%
Validation Loss: 0.1818, Validation Accuracy: 94.40%
[Epoch 5, Batch     2] loss: 0.000
Epoch 5/5:
Train Loss: 0.0657, Train Accuracy: 98.13%
Validation Loss: 0.1735, Validation Accuracy: 95.05%
Model saved to models/resnet18-MNIST-random-0.95-1
Modified conv1: updated in_channels to 1.
Modified fc layer: updated out_features to 10.
Loaded weights from file: models/resnet18_MNIST_1
Modified conv1: updated in_channels to 1.
Modified fc layer: updated out_features to 10.
Initialized untrained model.
resnet18-MNIST-predictive_entropy-balanced_by_score-0.3-1
[Epoch 1, Batch     2] loss: 0.043
[Epoch 1, Batch   102] loss: 0.334
[Epoch 1, Batch   202] loss: 0.180
[Epoch 1, Batch   302] loss: 0.126
[Epoch 1, Batch   402] loss: 0.122
[Epoch 1, Batch   502] loss: 0.125
[Epoch 1, Batch   602] loss: 0.106
Epoch 1/5:
Train Loss: 0.0097, Train Accuracy: 94.88%
Validation Loss: 0.0981, Validation Accuracy: 96.90%
[Epoch 2, Batch     2] loss: 0.001
[Epoch 2, Batch   102] loss: 0.096
[Epoch 2, Batch   202] loss: 0.072
[Epoch 2, Batch   302] loss: 0.086
[Epoch 2, Batch   402] loss: 0.078
[Epoch 2, Batch   502] loss: 0.074
[Epoch 2, Batch   602] loss: 0.075
Epoch 2/5:
Train Loss: 0.0064, Train Accuracy: 97.50%
Validation Loss: 0.0715, Validation Accuracy: 97.71%
[Epoch 3, Batch     2] loss: 0.002
[Epoch 3, Batch   102] loss: 0.060
[Epoch 3, Batch   202] loss: 0.057
[Epoch 3, Batch   302] loss: 0.059
[Epoch 3, Batch   402] loss: 0.058
[Epoch 3, Batch   502] loss: 0.071
[Epoch 3, Batch   602] loss: 0.058
Epoch 3/5:
Train Loss: 0.0047, Train Accuracy: 98.15%
Validation Loss: 0.0615, Validation Accuracy: 98.11%
[Epoch 4, Batch     2] loss: 0.001
[Epoch 4, Batch   102] loss: 0.067
[Epoch 4, Batch   202] loss: 0.046
[Epoch 4, Batch   302] loss: 0.047
[Epoch 4, Batch   402] loss: 0.049
[Epoch 4, Batch   502] loss: 0.053
[Epoch 4, Batch   602] loss: 0.058
Epoch 4/5:
Train Loss: 0.0042, Train Accuracy: 98.36%
Validation Loss: 0.0473, Validation Accuracy: 98.51%
[Epoch 5, Batch     2] loss: 0.001
[Epoch 5, Batch   102] loss: 0.046
[Epoch 5, Batch   202] loss: 0.050
[Epoch 5, Batch   302] loss: 0.054
[Epoch 5, Batch   402] loss: 0.051
[Epoch 5, Batch   502] loss: 0.039
[Epoch 5, Batch   602] loss: 0.050
Epoch 5/5:
Train Loss: 0.0035, Train Accuracy: 98.53%
Validation Loss: 0.0578, Validation Accuracy: 98.29%
Model saved to models/resnet18-MNIST-predictive_entropy-balanced_by_score-0.3-1
Modified conv1: updated in_channels to 1.
Modified fc layer: updated out_features to 10.
Initialized untrained model.
resnet18-MNIST-predictive_entropy-balanced_by_score-0.5-1
[Epoch 1, Batch     2] loss: 0.043
[Epoch 1, Batch   102] loss: 0.353
[Epoch 1, Batch   202] loss: 0.173
[Epoch 1, Batch   302] loss: 0.143
[Epoch 1, Batch   402] loss: 0.120
Epoch 1/5:
Train Loss: 0.0166, Train Accuracy: 94.06%
Validation Loss: 0.1070, Validation Accuracy: 96.66%
[Epoch 2, Batch     2] loss: 0.003
[Epoch 2, Batch   102] loss: 0.099
[Epoch 2, Batch   202] loss: 0.089
[Epoch 2, Batch   302] loss: 0.090
[Epoch 2, Batch   402] loss: 0.091
Epoch 2/5:
Train Loss: 0.0102, Train Accuracy: 97.33%
Validation Loss: 0.0930, Validation Accuracy: 97.20%
[Epoch 3, Batch     2] loss: 0.001
[Epoch 3, Batch   102] loss: 0.066
[Epoch 3, Batch   202] loss: 0.066
[Epoch 3, Batch   302] loss: 0.076
[Epoch 3, Batch   402] loss: 0.069
Epoch 3/5:
Train Loss: 0.0085, Train Accuracy: 97.91%
Validation Loss: 0.0778, Validation Accuracy: 97.38%
[Epoch 4, Batch     2] loss: 0.000
[Epoch 4, Batch   102] loss: 0.061
[Epoch 4, Batch   202] loss: 0.050
[Epoch 4, Batch   302] loss: 0.060
[Epoch 4, Batch   402] loss: 0.045
Epoch 4/5:
Train Loss: 0.0068, Train Accuracy: 98.37%
Validation Loss: 0.0604, Validation Accuracy: 98.15%
[Epoch 5, Batch     2] loss: 0.002
[Epoch 5, Batch   102] loss: 0.041
[Epoch 5, Batch   202] loss: 0.046
[Epoch 5, Batch   302] loss: 0.050
[Epoch 5, Batch   402] loss: 0.053
Epoch 5/5:
Train Loss: 0.0055, Train Accuracy: 98.58%
Validation Loss: 0.0482, Validation Accuracy: 98.56%
Model saved to models/resnet18-MNIST-predictive_entropy-balanced_by_score-0.5-1
Modified conv1: updated in_channels to 1.
Modified fc layer: updated out_features to 10.
Initialized untrained model.
resnet18-MNIST-predictive_entropy-balanced_by_score-0.7-1
[Epoch 1, Batch     2] loss: 0.040
[Epoch 1, Batch   102] loss: 0.340
[Epoch 1, Batch   202] loss: 0.171
Epoch 1/5:
Train Loss: 0.0447, Train Accuracy: 92.67%
Validation Loss: 0.0952, Validation Accuracy: 96.95%
[Epoch 2, Batch     2] loss: 0.002
[Epoch 2, Batch   102] loss: 0.108
[Epoch 2, Batch   202] loss: 0.101
Epoch 2/5:
Train Loss: 0.0303, Train Accuracy: 96.75%
Validation Loss: 0.1049, Validation Accuracy: 96.67%
[Epoch 3, Batch     2] loss: 0.002
[Epoch 3, Batch   102] loss: 0.078
[Epoch 3, Batch   202] loss: 0.081
Epoch 3/5:
Train Loss: 0.0239, Train Accuracy: 97.35%
Validation Loss: 0.0953, Validation Accuracy: 96.76%
[Epoch 4, Batch     2] loss: 0.002
[Epoch 4, Batch   102] loss: 0.056
[Epoch 4, Batch   202] loss: 0.063
Epoch 4/5:
Train Loss: 0.0146, Train Accuracy: 98.13%
Validation Loss: 0.0816, Validation Accuracy: 97.59%
[Epoch 5, Batch     2] loss: 0.001
[Epoch 5, Batch   102] loss: 0.050
[Epoch 5, Batch   202] loss: 0.053
Epoch 5/5:
Train Loss: 0.0170, Train Accuracy: 98.30%
Validation Loss: 0.1339, Validation Accuracy: 96.29%
Model saved to models/resnet18-MNIST-predictive_entropy-balanced_by_score-0.7-1
Modified conv1: updated in_channels to 1.
Modified fc layer: updated out_features to 10.
Initialized untrained model.
resnet18-MNIST-predictive_entropy-balanced_by_score-0.8-1
[Epoch 1, Batch     2] loss: 0.041
[Epoch 1, Batch   102] loss: 0.360
Epoch 1/5:
Train Loss: 0.0885, Train Accuracy: 90.39%
Validation Loss: 0.1385, Validation Accuracy: 95.69%
[Epoch 2, Batch     2] loss: 0.002
[Epoch 2, Batch   102] loss: 0.109
Epoch 2/5:
Train Loss: 0.0505, Train Accuracy: 96.60%
Validation Loss: 0.1757, Validation Accuracy: 94.85%
[Epoch 3, Batch     2] loss: 0.004
[Epoch 3, Batch   102] loss: 0.078
Epoch 3/5:
Train Loss: 0.0428, Train Accuracy: 97.29%
Validation Loss: 0.1150, Validation Accuracy: 96.05%
[Epoch 4, Batch     2] loss: 0.001
[Epoch 4, Batch   102] loss: 0.072
Epoch 4/5:
Train Loss: 0.0316, Train Accuracy: 97.81%
Validation Loss: 0.1197, Validation Accuracy: 96.41%
[Epoch 5, Batch     2] loss: 0.001
[Epoch 5, Batch   102] loss: 0.053
Epoch 5/5:
Train Loss: 0.0309, Train Accuracy: 98.15%
Validation Loss: 0.0824, Validation Accuracy: 97.59%
Model saved to models/resnet18-MNIST-predictive_entropy-balanced_by_score-0.8-1
Modified conv1: updated in_channels to 1.
Modified fc layer: updated out_features to 10.
Initialized untrained model.
resnet18-MNIST-predictive_entropy-balanced_by_score-0.9-1
[Epoch 1, Batch     2] loss: 0.039
Epoch 1/5:
Train Loss: 0.3796, Train Accuracy: 86.90%
Validation Loss: 0.2274, Validation Accuracy: 93.06%
[Epoch 2, Batch     2] loss: 0.004
Epoch 2/5:
Train Loss: 0.1535, Train Accuracy: 95.02%
Validation Loss: 0.2709, Validation Accuracy: 92.44%
[Epoch 3, Batch     2] loss: 0.002
Epoch 3/5:
Train Loss: 0.1093, Train Accuracy: 96.44%
Validation Loss: 0.1343, Validation Accuracy: 95.85%
[Epoch 4, Batch     2] loss: 0.002
Epoch 4/5:
Train Loss: 0.1095, Train Accuracy: 96.53%
Validation Loss: 0.1092, Validation Accuracy: 96.84%
[Epoch 5, Batch     2] loss: 0.001
Epoch 5/5:
Train Loss: 0.0687, Train Accuracy: 97.85%
Validation Loss: 0.1260, Validation Accuracy: 95.93%
Model saved to models/resnet18-MNIST-predictive_entropy-balanced_by_score-0.9-1
Modified conv1: updated in_channels to 1.
Modified fc layer: updated out_features to 10.
Initialized untrained model.
resnet18-MNIST-predictive_entropy-balanced_by_score-0.95-1
[Epoch 1, Batch     2] loss: 0.040
Epoch 1/5:
Train Loss: 0.4469, Train Accuracy: 82.57%
Validation Loss: 0.2540, Validation Accuracy: 92.31%
[Epoch 2, Batch     2] loss: 0.004
Epoch 2/5:
Train Loss: 0.1606, Train Accuracy: 94.50%
Validation Loss: 0.4131, Validation Accuracy: 88.33%
[Epoch 3, Batch     2] loss: 0.002
Epoch 3/5:
Train Loss: 0.1104, Train Accuracy: 96.37%
Validation Loss: 0.1712, Validation Accuracy: 94.83%
[Epoch 4, Batch     2] loss: 0.001
Epoch 4/5:
Train Loss: 0.0818, Train Accuracy: 97.53%
Validation Loss: 0.2239, Validation Accuracy: 93.82%
[Epoch 5, Batch     2] loss: 0.002
Epoch 5/5:
Train Loss: 0.0834, Train Accuracy: 97.17%
Validation Loss: 0.2666, Validation Accuracy: 92.14%
Model saved to models/resnet18-MNIST-predictive_entropy-balanced_by_score-0.95-1
Modified conv1: updated in_channels to 1.
Modified fc layer: updated out_features to 10.
Loaded weights from file: models/resnet18_MNIST_1
Modified conv1: updated in_channels to 1.
Modified fc layer: updated out_features to 10.
Initialized untrained model.
resnet18-MNIST-predictive_entropy-top-0.3-1
[Epoch 1, Batch     2] loss: 0.046
[Epoch 1, Batch   102] loss: 0.423
[Epoch 1, Batch   202] loss: 0.216
[Epoch 1, Batch   302] loss: 0.172
[Epoch 1, Batch   402] loss: 0.145
[Epoch 1, Batch   502] loss: 0.144
[Epoch 1, Batch   602] loss: 0.140
Epoch 1/5:
Train Loss: 0.0100, Train Accuracy: 93.71%
Validation Loss: 0.0880, Validation Accuracy: 97.35%
[Epoch 2, Batch     2] loss: 0.001
[Epoch 2, Batch   102] loss: 0.106
[Epoch 2, Batch   202] loss: 0.084
[Epoch 2, Batch   302] loss: 0.095
[Epoch 2, Batch   402] loss: 0.095
[Epoch 2, Batch   502] loss: 0.081
[Epoch 2, Batch   602] loss: 0.101
Epoch 2/5:
Train Loss: 0.0063, Train Accuracy: 97.25%
Validation Loss: 0.0484, Validation Accuracy: 98.43%
[Epoch 3, Batch     2] loss: 0.000
[Epoch 3, Batch   102] loss: 0.060
[Epoch 3, Batch   202] loss: 0.085
[Epoch 3, Batch   302] loss: 0.081
[Epoch 3, Batch   402] loss: 0.071
[Epoch 3, Batch   502] loss: 0.067
[Epoch 3, Batch   602] loss: 0.073
Epoch 3/5:
Train Loss: 0.0053, Train Accuracy: 97.83%
Validation Loss: 0.0704, Validation Accuracy: 97.73%
[Epoch 4, Batch     2] loss: 0.002
[Epoch 4, Batch   102] loss: 0.067
[Epoch 4, Batch   202] loss: 0.063
[Epoch 4, Batch   302] loss: 0.052
[Epoch 4, Batch   402] loss: 0.056
[Epoch 4, Batch   502] loss: 0.068
[Epoch 4, Batch   602] loss: 0.074
Epoch 4/5:
Train Loss: 0.0047, Train Accuracy: 98.07%
Validation Loss: 0.0250, Validation Accuracy: 99.23%
[Epoch 5, Batch     2] loss: 0.000
[Epoch 5, Batch   102] loss: 0.047
[Epoch 5, Batch   202] loss: 0.055
[Epoch 5, Batch   302] loss: 0.057
[Epoch 5, Batch   402] loss: 0.054
[Epoch 5, Batch   502] loss: 0.058
[Epoch 5, Batch   602] loss: 0.049
Epoch 5/5:
Train Loss: 0.0047, Train Accuracy: 98.42%
Validation Loss: 0.0370, Validation Accuracy: 98.88%
Model saved to models/resnet18-MNIST-predictive_entropy-top-0.3-1
Modified conv1: updated in_channels to 1.
Modified fc layer: updated out_features to 10.
Initialized untrained model.
resnet18-MNIST-predictive_entropy-top-0.5-1
[Epoch 1, Batch     2] loss: 0.041
[Epoch 1, Batch   102] loss: 0.489
[Epoch 1, Batch   202] loss: 0.262
[Epoch 1, Batch   302] loss: 0.202
[Epoch 1, Batch   402] loss: 0.178
Epoch 1/5:
Train Loss: 0.0240, Train Accuracy: 91.47%
Validation Loss: 0.0966, Validation Accuracy: 97.12%
[Epoch 2, Batch     2] loss: 0.001
[Epoch 2, Batch   102] loss: 0.140
[Epoch 2, Batch   202] loss: 0.118
[Epoch 2, Batch   302] loss: 0.119
[Epoch 2, Batch   402] loss: 0.120
Epoch 2/5:
Train Loss: 0.0174, Train Accuracy: 96.21%
Validation Loss: 0.0540, Validation Accuracy: 98.30%
[Epoch 3, Batch     2] loss: 0.001
[Epoch 3, Batch   102] loss: 0.097
[Epoch 3, Batch   202] loss: 0.091
[Epoch 3, Batch   302] loss: 0.092
[Epoch 3, Batch   402] loss: 0.099
Epoch 3/5:
Train Loss: 0.0185, Train Accuracy: 96.96%
Validation Loss: 0.0944, Validation Accuracy: 96.61%
[Epoch 4, Batch     2] loss: 0.001
[Epoch 4, Batch   102] loss: 0.079
[Epoch 4, Batch   202] loss: 0.063
[Epoch 4, Batch   302] loss: 0.074
[Epoch 4, Batch   402] loss: 0.086
Epoch 4/5:
Train Loss: 0.0122, Train Accuracy: 97.54%
Validation Loss: 0.0486, Validation Accuracy: 98.47%
[Epoch 5, Batch     2] loss: 0.001
[Epoch 5, Batch   102] loss: 0.063
[Epoch 5, Batch   202] loss: 0.070
[Epoch 5, Batch   302] loss: 0.063
[Epoch 5, Batch   402] loss: 0.066
Epoch 5/5:
Train Loss: 0.0117, Train Accuracy: 97.96%
Validation Loss: 0.0512, Validation Accuracy: 98.46%
Model saved to models/resnet18-MNIST-predictive_entropy-top-0.5-1
Modified conv1: updated in_channels to 1.
Modified fc layer: updated out_features to 10.
Initialized untrained model.
resnet18-MNIST-predictive_entropy-top-0.7-1
[Epoch 1, Batch     2] loss: 0.048
[Epoch 1, Batch   102] loss: 0.602
[Epoch 1, Batch   202] loss: 0.348
Epoch 1/5:
Train Loss: 0.0730, Train Accuracy: 86.21%
Validation Loss: 0.2471, Validation Accuracy: 93.06%
[Epoch 2, Batch     2] loss: 0.004
[Epoch 2, Batch   102] loss: 0.212
[Epoch 2, Batch   202] loss: 0.190
Epoch 2/5:
Train Loss: 0.0581, Train Accuracy: 93.70%
Validation Loss: 0.0756, Validation Accuracy: 97.56%
[Epoch 3, Batch     2] loss: 0.003
[Epoch 3, Batch   102] loss: 0.151
[Epoch 3, Batch   202] loss: 0.160
Epoch 3/5:
Train Loss: 0.0408, Train Accuracy: 95.25%
Validation Loss: 0.0413, Validation Accuracy: 98.54%
[Epoch 4, Batch     2] loss: 0.001
[Epoch 4, Batch   102] loss: 0.119
[Epoch 4, Batch   202] loss: 0.109
Epoch 4/5:
Train Loss: 0.0389, Train Accuracy: 96.24%
Validation Loss: 0.0816, Validation Accuracy: 97.39%
[Epoch 5, Batch     2] loss: 0.003
[Epoch 5, Batch   102] loss: 0.115
[Epoch 5, Batch   202] loss: 0.094
Epoch 5/5:
Train Loss: 0.0293, Train Accuracy: 96.66%
Validation Loss: 0.0503, Validation Accuracy: 98.26%
Model saved to models/resnet18-MNIST-predictive_entropy-top-0.7-1
Modified conv1: updated in_channels to 1.
Modified fc layer: updated out_features to 10.
Initialized untrained model.
resnet18-MNIST-predictive_entropy-top-0.8-1
[Epoch 1, Batch     2] loss: 0.045
[Epoch 1, Batch   102] loss: 0.713
Epoch 1/5:
Train Loss: 0.1857, Train Accuracy: 80.80%
Validation Loss: 0.2643, Validation Accuracy: 91.24%
[Epoch 2, Batch     2] loss: 0.004
[Epoch 2, Batch   102] loss: 0.304
Epoch 2/5:
Train Loss: 0.1251, Train Accuracy: 90.77%
Validation Loss: 0.1070, Validation Accuracy: 96.51%
[Epoch 3, Batch     2] loss: 0.003
[Epoch 3, Batch   102] loss: 0.186
Epoch 3/5:
Train Loss: 0.0964, Train Accuracy: 93.52%
Validation Loss: 0.0787, Validation Accuracy: 97.62%
[Epoch 4, Batch     2] loss: 0.005
[Epoch 4, Batch   102] loss: 0.141
Epoch 4/5:
Train Loss: 0.0862, Train Accuracy: 94.72%
Validation Loss: 0.0771, Validation Accuracy: 97.42%
[Epoch 5, Batch     2] loss: 0.001
[Epoch 5, Batch   102] loss: 0.145
Epoch 5/5:
Train Loss: 0.0668, Train Accuracy: 95.11%
Validation Loss: 0.0871, Validation Accuracy: 97.36%
Model saved to models/resnet18-MNIST-predictive_entropy-top-0.8-1
Modified conv1: updated in_channels to 1.
Modified fc layer: updated out_features to 10.
Initialized untrained model.
resnet18-MNIST-predictive_entropy-top-0.9-1
[Epoch 1, Batch     2] loss: 0.046
Epoch 1/5:
Train Loss: 0.8646, Train Accuracy: 69.66%
Validation Loss: 0.7379, Validation Accuracy: 75.82%
[Epoch 2, Batch     2] loss: 0.008
Epoch 2/5:
Train Loss: 0.4568, Train Accuracy: 84.46%
Validation Loss: 0.4338, Validation Accuracy: 84.30%
[Epoch 3, Batch     2] loss: 0.009
Epoch 3/5:
Train Loss: 0.3308, Train Accuracy: 88.36%
Validation Loss: 0.1895, Validation Accuracy: 93.93%
[Epoch 4, Batch     2] loss: 0.004
Epoch 4/5:
Train Loss: 0.2705, Train Accuracy: 90.30%
Validation Loss: 0.2270, Validation Accuracy: 92.79%
[Epoch 5, Batch     2] loss: 0.004
Epoch 5/5:
Train Loss: 0.2306, Train Accuracy: 91.83%
Validation Loss: 0.2003, Validation Accuracy: 93.67%
Model saved to models/resnet18-MNIST-predictive_entropy-top-0.9-1
Modified conv1: updated in_channels to 1.
Modified fc layer: updated out_features to 10.
Initialized untrained model.
resnet18-MNIST-predictive_entropy-top-0.95-1
[Epoch 1, Batch     2] loss: 0.046
Epoch 1/5:
Train Loss: 1.1466, Train Accuracy: 59.80%
Validation Loss: 1.1349, Validation Accuracy: 63.50%
[Epoch 2, Batch     2] loss: 0.013
Epoch 2/5:
Train Loss: 0.6592, Train Accuracy: 77.43%
Validation Loss: 0.8513, Validation Accuracy: 73.37%
[Epoch 3, Batch     2] loss: 0.010
Epoch 3/5:
Train Loss: 0.4972, Train Accuracy: 82.67%
Validation Loss: 0.6785, Validation Accuracy: 77.18%
[Epoch 4, Batch     2] loss: 0.008
Epoch 4/5:
Train Loss: 0.3853, Train Accuracy: 86.33%
Validation Loss: 0.6194, Validation Accuracy: 79.30%
[Epoch 5, Batch     2] loss: 0.008
Epoch 5/5:
Train Loss: 0.3132, Train Accuracy: 88.43%
Validation Loss: 0.5441, Validation Accuracy: 81.24%
Model saved to models/resnet18-MNIST-predictive_entropy-top-0.95-1
Modified conv1: updated in_channels to 1.
Modified fc layer: updated out_features to 10.
Loaded weights from file: models/resnet18_MNIST_1
Modified conv1: updated in_channels to 1.
Modified fc layer: updated out_features to 10.
Initialized untrained model.
resnet18-MNIST-predictive_entropy-bottom-0.3-1
[Epoch 1, Batch     2] loss: 0.037
[Epoch 1, Batch   102] loss: 0.154
[Epoch 1, Batch   202] loss: 0.039
[Epoch 1, Batch   302] loss: 0.047
[Epoch 1, Batch   402] loss: 0.030
[Epoch 1, Batch   502] loss: 0.035
[Epoch 1, Batch   602] loss: 0.020
Epoch 1/5:
Train Loss: 0.0015, Train Accuracy: 98.18%
Validation Loss: 0.2580, Validation Accuracy: 93.74%
[Epoch 2, Batch     2] loss: 0.000
[Epoch 2, Batch   102] loss: 0.008
[Epoch 2, Batch   202] loss: 0.020
[Epoch 2, Batch   302] loss: 0.007
[Epoch 2, Batch   402] loss: 0.019
[Epoch 2, Batch   502] loss: 0.009
[Epoch 2, Batch   602] loss: 0.033
Epoch 2/5:
Train Loss: 0.0020, Train Accuracy: 99.54%
Validation Loss: 0.1572, Validation Accuracy: 95.90%
[Epoch 3, Batch     2] loss: 0.001
[Epoch 3, Batch   102] loss: 0.008
[Epoch 3, Batch   202] loss: 0.011
[Epoch 3, Batch   302] loss: 0.007
[Epoch 3, Batch   402] loss: 0.010
[Epoch 3, Batch   502] loss: 0.013
[Epoch 3, Batch   602] loss: 0.006
Epoch 3/5:
Train Loss: 0.0006, Train Accuracy: 99.73%
Validation Loss: 0.1775, Validation Accuracy: 95.43%
[Epoch 4, Batch     2] loss: 0.001
[Epoch 4, Batch   102] loss: 0.019
[Epoch 4, Batch   202] loss: 0.010
[Epoch 4, Batch   302] loss: 0.020
[Epoch 4, Batch   402] loss: 0.018
[Epoch 4, Batch   502] loss: 0.009
[Epoch 4, Batch   602] loss: 0.004
Epoch 4/5:
Train Loss: 0.0005, Train Accuracy: 99.64%
Validation Loss: 0.1266, Validation Accuracy: 96.66%
[Epoch 5, Batch     2] loss: 0.000
[Epoch 5, Batch   102] loss: 0.005
[Epoch 5, Batch   202] loss: 0.001
[Epoch 5, Batch   302] loss: 0.004
[Epoch 5, Batch   402] loss: 0.011
[Epoch 5, Batch   502] loss: 0.009
[Epoch 5, Batch   602] loss: 0.007
Epoch 5/5:
Train Loss: 0.0007, Train Accuracy: 99.84%
Validation Loss: 0.1987, Validation Accuracy: 94.80%
Model saved to models/resnet18-MNIST-predictive_entropy-bottom-0.3-1
Modified conv1: updated in_channels to 1.
Modified fc layer: updated out_features to 10.
Initialized untrained model.
resnet18-MNIST-predictive_entropy-bottom-0.5-1
[Epoch 1, Batch     2] loss: 0.038
[Epoch 1, Batch   102] loss: 0.102
[Epoch 1, Batch   202] loss: 0.034
[Epoch 1, Batch   302] loss: 0.051
[Epoch 1, Batch   402] loss: 0.010
Epoch 1/5:
Train Loss: 0.0017, Train Accuracy: 98.44%
Validation Loss: 0.4100, Validation Accuracy: 90.96%
[Epoch 2, Batch     2] loss: 0.000
[Epoch 2, Batch   102] loss: 0.007
[Epoch 2, Batch   202] loss: 0.012
[Epoch 2, Batch   302] loss: 0.010
[Epoch 2, Batch   402] loss: 0.006
Epoch 2/5:
Train Loss: 0.0007, Train Accuracy: 99.74%
Validation Loss: 0.2361, Validation Accuracy: 93.98%
[Epoch 3, Batch     2] loss: 0.000
[Epoch 3, Batch   102] loss: 0.020
[Epoch 3, Batch   202] loss: 0.017
[Epoch 3, Batch   302] loss: 0.010
[Epoch 3, Batch   402] loss: 0.012
Epoch 3/5:
Train Loss: 0.0011, Train Accuracy: 99.65%
Validation Loss: 0.1849, Validation Accuracy: 95.30%
[Epoch 4, Batch     2] loss: 0.000
[Epoch 4, Batch   102] loss: 0.013
[Epoch 4, Batch   202] loss: 0.008
[Epoch 4, Batch   302] loss: 0.007
[Epoch 4, Batch   402] loss: 0.008
Epoch 4/5:
Train Loss: 0.0027, Train Accuracy: 99.75%
Validation Loss: 0.5662, Validation Accuracy: 86.66%
[Epoch 5, Batch     2] loss: 0.001
[Epoch 5, Batch   102] loss: 0.013
[Epoch 5, Batch   202] loss: 0.007
[Epoch 5, Batch   302] loss: 0.001
[Epoch 5, Batch   402] loss: 0.001
Epoch 5/5:
Train Loss: 0.0000, Train Accuracy: 99.87%
Validation Loss: 0.1781, Validation Accuracy: 95.65%
Model saved to models/resnet18-MNIST-predictive_entropy-bottom-0.5-1
Modified conv1: updated in_channels to 1.
Modified fc layer: updated out_features to 10.
Initialized untrained model.
resnet18-MNIST-predictive_entropy-bottom-0.7-1
[Epoch 1, Batch     2] loss: 0.039
[Epoch 1, Batch   102] loss: 0.090
[Epoch 1, Batch   202] loss: 0.021
Epoch 1/5:
Train Loss: 0.0122, Train Accuracy: 97.99%
Validation Loss: 0.5507, Validation Accuracy: 84.67%
[Epoch 2, Batch     2] loss: 0.000
[Epoch 2, Batch   102] loss: 0.011
[Epoch 2, Batch   202] loss: 0.003
Epoch 2/5:
Train Loss: 0.0033, Train Accuracy: 99.78%
Validation Loss: 0.7793, Validation Accuracy: 83.57%
[Epoch 3, Batch     2] loss: 0.000
[Epoch 3, Batch   102] loss: 0.025
[Epoch 3, Batch   202] loss: 0.035
Epoch 3/5:
Train Loss: 0.0026, Train Accuracy: 99.41%
Validation Loss: 0.2876, Validation Accuracy: 91.86%
[Epoch 4, Batch     2] loss: 0.001
[Epoch 4, Batch   102] loss: 0.005
[Epoch 4, Batch   202] loss: 0.003
Epoch 4/5:
Train Loss: 0.0001, Train Accuracy: 99.93%
Validation Loss: 0.2959, Validation Accuracy: 92.32%
[Epoch 5, Batch     2] loss: 0.000
[Epoch 5, Batch   102] loss: 0.000
[Epoch 5, Batch   202] loss: 0.000
Epoch 5/5:
Train Loss: 0.0001, Train Accuracy: 100.00%
Validation Loss: 0.2584, Validation Accuracy: 93.29%
Model saved to models/resnet18-MNIST-predictive_entropy-bottom-0.7-1
Modified conv1: updated in_channels to 1.
Modified fc layer: updated out_features to 10.
Initialized untrained model.
resnet18-MNIST-predictive_entropy-bottom-0.8-1
[Epoch 1, Batch     2] loss: 0.040
[Epoch 1, Batch   102] loss: 0.056
Epoch 1/5:
Train Loss: 0.0110, Train Accuracy: 97.99%
Validation Loss: 1.1774, Validation Accuracy: 78.75%
[Epoch 2, Batch     2] loss: 0.000
[Epoch 2, Batch   102] loss: 0.011
Epoch 2/5:
Train Loss: 0.0045, Train Accuracy: 99.72%
Validation Loss: 1.1784, Validation Accuracy: 77.69%
[Epoch 3, Batch     2] loss: 0.000
[Epoch 3, Batch   102] loss: 0.005
Epoch 3/5:
Train Loss: 0.0011, Train Accuracy: 99.89%
Validation Loss: 0.8191, Validation Accuracy: 82.88%
[Epoch 4, Batch     2] loss: 0.000
[Epoch 4, Batch   102] loss: 0.014
Epoch 4/5:
Train Loss: 0.0008, Train Accuracy: 99.77%
Validation Loss: 0.6526, Validation Accuracy: 81.66%
[Epoch 5, Batch     2] loss: 0.001
[Epoch 5, Batch   102] loss: 0.003
Epoch 5/5:
Train Loss: 0.0020, Train Accuracy: 99.88%
Validation Loss: 0.6617, Validation Accuracy: 81.77%
Model saved to models/resnet18-MNIST-predictive_entropy-bottom-0.8-1
Modified conv1: updated in_channels to 1.
Modified fc layer: updated out_features to 10.
Initialized untrained model.
resnet18-MNIST-predictive_entropy-bottom-0.9-1
[Epoch 1, Batch     2] loss: 0.037
Epoch 1/5:
Train Loss: 0.0604, Train Accuracy: 96.95%
Validation Loss: 2.8356, Validation Accuracy: 61.80%
[Epoch 2, Batch     2] loss: 0.001
Epoch 2/5:
Train Loss: 0.0141, Train Accuracy: 99.50%
Validation Loss: 2.2750, Validation Accuracy: 67.33%
[Epoch 3, Batch     2] loss: 0.000
Epoch 3/5:
Train Loss: 0.0073, Train Accuracy: 99.88%
Validation Loss: 2.3056, Validation Accuracy: 64.49%
[Epoch 4, Batch     2] loss: 0.000
Epoch 4/5:
Train Loss: 0.0044, Train Accuracy: 99.90%
Validation Loss: 2.0238, Validation Accuracy: 68.93%
[Epoch 5, Batch     2] loss: 0.000
Epoch 5/5:
Train Loss: 0.0009, Train Accuracy: 99.98%
Validation Loss: 1.8512, Validation Accuracy: 70.55%
Model saved to models/resnet18-MNIST-predictive_entropy-bottom-0.9-1
Modified conv1: updated in_channels to 1.
Modified fc layer: updated out_features to 10.
Initialized untrained model.
resnet18-MNIST-predictive_entropy-bottom-0.95-1
[Epoch 1, Batch     2] loss: 0.031
Epoch 1/5:
Train Loss: 0.0639, Train Accuracy: 96.00%
Validation Loss: 2.3543, Validation Accuracy: 57.08%
[Epoch 2, Batch     2] loss: 0.000
Epoch 2/5:
Train Loss: 0.0228, Train Accuracy: 99.43%
Validation Loss: 2.4714, Validation Accuracy: 55.27%
[Epoch 3, Batch     2] loss: 0.000
Epoch 3/5:
Train Loss: 0.0138, Train Accuracy: 99.67%
Validation Loss: 2.7002, Validation Accuracy: 49.87%
[Epoch 4, Batch     2] loss: 0.000
Epoch 4/5:
Train Loss: 0.0036, Train Accuracy: 99.87%
Validation Loss: 2.6047, Validation Accuracy: 64.82%
[Epoch 5, Batch     2] loss: 0.000
Epoch 5/5:
Train Loss: 0.0081, Train Accuracy: 99.77%
Validation Loss: 3.9750, Validation Accuracy: 48.60%
Model saved to models/resnet18-MNIST-predictive_entropy-bottom-0.95-1
Modified conv1: updated in_channels to 1.
Modified fc layer: updated out_features to 10.
Initialized untrained model.
[Epoch 1, Batch     2] loss: 0.041
[Epoch 1, Batch   102] loss: 0.358
[Epoch 1, Batch   202] loss: 0.177
[Epoch 1, Batch   302] loss: 0.146
[Epoch 1, Batch   402] loss: 0.133
[Epoch 1, Batch   502] loss: 0.107
[Epoch 1, Batch   602] loss: 0.099
[Epoch 1, Batch   702] loss: 0.096
[Epoch 1, Batch   802] loss: 0.091
[Epoch 1, Batch   902] loss: 0.094
Epoch 1/5:
Train Loss: 0.0025, Train Accuracy: 95.61%
Validation Loss: 0.0673, Validation Accuracy: 97.88%
[Epoch 2, Batch     2] loss: 0.000
[Epoch 2, Batch   102] loss: 0.061
[Epoch 2, Batch   202] loss: 0.078
[Epoch 2, Batch   302] loss: 0.069
[Epoch 2, Batch   402] loss: 0.070
[Epoch 2, Batch   502] loss: 0.058
[Epoch 2, Batch   602] loss: 0.073
[Epoch 2, Batch   702] loss: 0.061
[Epoch 2, Batch   802] loss: 0.060
[Epoch 2, Batch   902] loss: 0.072
Epoch 2/5:
Train Loss: 0.0023, Train Accuracy: 97.98%
Validation Loss: 0.0731, Validation Accuracy: 97.78%
[Epoch 3, Batch     2] loss: 0.001
[Epoch 3, Batch   102] loss: 0.041
[Epoch 3, Batch   202] loss: 0.054
[Epoch 3, Batch   302] loss: 0.057
[Epoch 3, Batch   402] loss: 0.064
[Epoch 3, Batch   502] loss: 0.048
[Epoch 3, Batch   602] loss: 0.052
[Epoch 3, Batch   702] loss: 0.053
[Epoch 3, Batch   802] loss: 0.061
[Epoch 3, Batch   902] loss: 0.040
Epoch 3/5:
Train Loss: 0.0021, Train Accuracy: 98.44%
Validation Loss: 0.0374, Validation Accuracy: 98.83%
[Epoch 4, Batch     2] loss: 0.001
[Epoch 4, Batch   102] loss: 0.039
[Epoch 4, Batch   202] loss: 0.043
[Epoch 4, Batch   302] loss: 0.049
[Epoch 4, Batch   402] loss: 0.054
[Epoch 4, Batch   502] loss: 0.049
[Epoch 4, Batch   602] loss: 0.045
[Epoch 4, Batch   702] loss: 0.046
[Epoch 4, Batch   802] loss: 0.052
[Epoch 4, Batch   902] loss: 0.039
Epoch 4/5:
Train Loss: 0.0018, Train Accuracy: 98.62%
Validation Loss: 0.0476, Validation Accuracy: 98.58%
[Epoch 5, Batch     2] loss: 0.001
[Epoch 5, Batch   102] loss: 0.039
[Epoch 5, Batch   202] loss: 0.048
[Epoch 5, Batch   302] loss: 0.042
[Epoch 5, Batch   402] loss: 0.045
[Epoch 5, Batch   502] loss: 0.035
[Epoch 5, Batch   602] loss: 0.048
[Epoch 5, Batch   702] loss: 0.042
[Epoch 5, Batch   802] loss: 0.047
[Epoch 5, Batch   902] loss: 0.058
Epoch 5/5:
Train Loss: 0.0016, Train Accuracy: 98.66%
Validation Loss: 0.0445, Validation Accuracy: 98.61%
Model saved to models/resnet18_MNIST_2
Modified conv1: updated in_channels to 1.
Modified fc layer: updated out_features to 10.
Loaded weights from file: models/resnet18_MNIST_2
Modified conv1: updated in_channels to 1.
Modified fc layer: updated out_features to 10.
Initialized untrained model.
resnet18-MNIST-random-0.3-2
[Epoch 1, Batch     2] loss: 0.044
[Epoch 1, Batch   102] loss: 0.333
[Epoch 1, Batch   202] loss: 0.181
[Epoch 1, Batch   302] loss: 0.135
[Epoch 1, Batch   402] loss: 0.114
[Epoch 1, Batch   502] loss: 0.115
[Epoch 1, Batch   602] loss: 0.104
Epoch 1/5:
Train Loss: 0.0079, Train Accuracy: 94.97%
Validation Loss: 0.1155, Validation Accuracy: 96.69%
[Epoch 2, Batch     2] loss: 0.002
[Epoch 2, Batch   102] loss: 0.080
[Epoch 2, Batch   202] loss: 0.080
[Epoch 2, Batch   302] loss: 0.063
[Epoch 2, Batch   402] loss: 0.081
[Epoch 2, Batch   502] loss: 0.068
[Epoch 2, Batch   602] loss: 0.078
Epoch 2/5:
Train Loss: 0.0062, Train Accuracy: 97.70%
Validation Loss: 0.0767, Validation Accuracy: 97.56%
[Epoch 3, Batch     2] loss: 0.001
[Epoch 3, Batch   102] loss: 0.063
[Epoch 3, Batch   202] loss: 0.052
[Epoch 3, Batch   302] loss: 0.068
[Epoch 3, Batch   402] loss: 0.050
[Epoch 3, Batch   502] loss: 0.055
[Epoch 3, Batch   602] loss: 0.049
Epoch 3/5:
Train Loss: 0.0055, Train Accuracy: 98.28%
Validation Loss: 0.0453, Validation Accuracy: 98.60%
[Epoch 4, Batch     2] loss: 0.001
[Epoch 4, Batch   102] loss: 0.054
[Epoch 4, Batch   202] loss: 0.052
[Epoch 4, Batch   302] loss: 0.049
[Epoch 4, Batch   402] loss: 0.048
[Epoch 4, Batch   502] loss: 0.049
[Epoch 4, Batch   602] loss: 0.059
Epoch 4/5:
Train Loss: 0.0054, Train Accuracy: 98.43%
Validation Loss: 0.0501, Validation Accuracy: 98.49%
[Epoch 5, Batch     2] loss: 0.000
[Epoch 5, Batch   102] loss: 0.040
[Epoch 5, Batch   202] loss: 0.038
[Epoch 5, Batch   302] loss: 0.048
[Epoch 5, Batch   402] loss: 0.046
[Epoch 5, Batch   502] loss: 0.047
[Epoch 5, Batch   602] loss: 0.053
Epoch 5/5:
Train Loss: 0.0042, Train Accuracy: 98.69%
Validation Loss: 0.0420, Validation Accuracy: 98.82%
Model saved to models/resnet18-MNIST-random-0.3-2
Modified conv1: updated in_channels to 1.
Modified fc layer: updated out_features to 10.
Initialized untrained model.
resnet18-MNIST-random-0.5-2
[Epoch 1, Batch     2] loss: 0.041
[Epoch 1, Batch   102] loss: 0.330
[Epoch 1, Batch   202] loss: 0.184
[Epoch 1, Batch   302] loss: 0.146
[Epoch 1, Batch   402] loss: 0.129
Epoch 1/5:
Train Loss: 0.0165, Train Accuracy: 94.09%
Validation Loss: 0.0712, Validation Accuracy: 97.87%
[Epoch 2, Batch     2] loss: 0.003
[Epoch 2, Batch   102] loss: 0.086
[Epoch 2, Batch   202] loss: 0.092
[Epoch 2, Batch   302] loss: 0.075
[Epoch 2, Batch   402] loss: 0.071
Epoch 2/5:
Train Loss: 0.0154, Train Accuracy: 97.44%
Validation Loss: 0.0632, Validation Accuracy: 98.06%
[Epoch 3, Batch     2] loss: 0.001
[Epoch 3, Batch   102] loss: 0.066
[Epoch 3, Batch   202] loss: 0.068
[Epoch 3, Batch   302] loss: 0.065
[Epoch 3, Batch   402] loss: 0.065
Epoch 3/5:
Train Loss: 0.0135, Train Accuracy: 97.88%
Validation Loss: 0.0632, Validation Accuracy: 98.09%
[Epoch 4, Batch     2] loss: 0.001
[Epoch 4, Batch   102] loss: 0.052
[Epoch 4, Batch   202] loss: 0.047
[Epoch 4, Batch   302] loss: 0.052
[Epoch 4, Batch   402] loss: 0.052
Epoch 4/5:
Train Loss: 0.0096, Train Accuracy: 98.37%
Validation Loss: 0.0489, Validation Accuracy: 98.47%
[Epoch 5, Batch     2] loss: 0.001
[Epoch 5, Batch   102] loss: 0.044
[Epoch 5, Batch   202] loss: 0.040
[Epoch 5, Batch   302] loss: 0.052
[Epoch 5, Batch   402] loss: 0.056
Epoch 5/5:
Train Loss: 0.0069, Train Accuracy: 98.50%
Validation Loss: 0.0441, Validation Accuracy: 98.59%
Model saved to models/resnet18-MNIST-random-0.5-2
Modified conv1: updated in_channels to 1.
Modified fc layer: updated out_features to 10.
Initialized untrained model.
resnet18-MNIST-random-0.7-2
[Epoch 1, Batch     2] loss: 0.040
[Epoch 1, Batch   102] loss: 0.326
[Epoch 1, Batch   202] loss: 0.196
Epoch 1/5:
Train Loss: 0.0473, Train Accuracy: 92.39%
Validation Loss: 0.0931, Validation Accuracy: 97.17%
[Epoch 2, Batch     2] loss: 0.003
[Epoch 2, Batch   102] loss: 0.096
[Epoch 2, Batch   202] loss: 0.107
Epoch 2/5:
Train Loss: 0.0274, Train Accuracy: 96.98%
Validation Loss: 0.0989, Validation Accuracy: 96.86%
[Epoch 3, Batch     2] loss: 0.001
[Epoch 3, Batch   102] loss: 0.086
[Epoch 3, Batch   202] loss: 0.086
Epoch 3/5:
Train Loss: 0.0200, Train Accuracy: 97.51%
Validation Loss: 0.1121, Validation Accuracy: 96.44%
[Epoch 4, Batch     2] loss: 0.001
[Epoch 4, Batch   102] loss: 0.045
[Epoch 4, Batch   202] loss: 0.069
Epoch 4/5:
Train Loss: 0.0204, Train Accuracy: 98.13%
Validation Loss: 0.0683, Validation Accuracy: 98.02%
[Epoch 5, Batch     2] loss: 0.001
[Epoch 5, Batch   102] loss: 0.056
[Epoch 5, Batch   202] loss: 0.055
Epoch 5/5:
Train Loss: 0.0155, Train Accuracy: 98.28%
Validation Loss: 0.0512, Validation Accuracy: 98.55%
Model saved to models/resnet18-MNIST-random-0.7-2
Modified conv1: updated in_channels to 1.
Modified fc layer: updated out_features to 10.
Initialized untrained model.
resnet18-MNIST-random-0.8-2
[Epoch 1, Batch     2] loss: 0.041
[Epoch 1, Batch   102] loss: 0.350
Epoch 1/5:
Train Loss: 0.0829, Train Accuracy: 90.97%
Validation Loss: 0.1981, Validation Accuracy: 94.17%
[Epoch 2, Batch     2] loss: 0.003
[Epoch 2, Batch   102] loss: 0.127
Epoch 2/5:
Train Loss: 0.0642, Train Accuracy: 96.05%
Validation Loss: 0.1245, Validation Accuracy: 96.00%
[Epoch 3, Batch     2] loss: 0.001
[Epoch 3, Batch   102] loss: 0.089
Epoch 3/5:
Train Loss: 0.0430, Train Accuracy: 97.31%
Validation Loss: 0.1027, Validation Accuracy: 96.67%
[Epoch 4, Batch     2] loss: 0.001
[Epoch 4, Batch   102] loss: 0.069
Epoch 4/5:
Train Loss: 0.0318, Train Accuracy: 97.87%
Validation Loss: 0.0929, Validation Accuracy: 97.24%
[Epoch 5, Batch     2] loss: 0.001
[Epoch 5, Batch   102] loss: 0.052
Epoch 5/5:
Train Loss: 0.0286, Train Accuracy: 98.19%
Validation Loss: 0.0779, Validation Accuracy: 97.83%
Model saved to models/resnet18-MNIST-random-0.8-2
Modified conv1: updated in_channels to 1.
Modified fc layer: updated out_features to 10.
Initialized untrained model.
resnet18-MNIST-random-0.9-2
[Epoch 1, Batch     2] loss: 0.041
Epoch 1/5:
Train Loss: 0.3257, Train Accuracy: 88.51%
Validation Loss: 0.2526, Validation Accuracy: 91.86%
[Epoch 2, Batch     2] loss: 0.003
Epoch 2/5:
Train Loss: 0.1401, Train Accuracy: 95.68%
Validation Loss: 0.2449, Validation Accuracy: 92.79%
[Epoch 3, Batch     2] loss: 0.004
Epoch 3/5:
Train Loss: 0.1013, Train Accuracy: 96.65%
Validation Loss: 0.2275, Validation Accuracy: 93.07%
[Epoch 4, Batch     2] loss: 0.002
Epoch 4/5:
Train Loss: 0.0788, Train Accuracy: 97.52%
Validation Loss: 0.1492, Validation Accuracy: 95.36%
[Epoch 5, Batch     2] loss: 0.001
Epoch 5/5:
Train Loss: 0.0572, Train Accuracy: 98.25%
Validation Loss: 0.2760, Validation Accuracy: 92.76%
Model saved to models/resnet18-MNIST-random-0.9-2
Modified conv1: updated in_channels to 1.
Modified fc layer: updated out_features to 10.
Initialized untrained model.
resnet18-MNIST-random-0.95-2
[Epoch 1, Batch     2] loss: 0.043
Epoch 1/5:
Train Loss: 0.4330, Train Accuracy: 83.47%
Validation Loss: 0.3128, Validation Accuracy: 89.98%
[Epoch 2, Batch     2] loss: 0.003
Epoch 2/5:
Train Loss: 0.1728, Train Accuracy: 94.67%
Validation Loss: 0.3880, Validation Accuracy: 88.74%
[Epoch 3, Batch     2] loss: 0.001
Epoch 3/5:
Train Loss: 0.1209, Train Accuracy: 96.20%
Validation Loss: 0.2577, Validation Accuracy: 92.48%
[Epoch 4, Batch     2] loss: 0.002
Epoch 4/5:
Train Loss: 0.0778, Train Accuracy: 97.50%
Validation Loss: 0.3184, Validation Accuracy: 90.55%
[Epoch 5, Batch     2] loss: 0.001
Epoch 5/5:
Train Loss: 0.0664, Train Accuracy: 98.00%
Validation Loss: 0.3931, Validation Accuracy: 89.64%
Model saved to models/resnet18-MNIST-random-0.95-2
Modified conv1: updated in_channels to 1.
Modified fc layer: updated out_features to 10.
Loaded weights from file: models/resnet18_MNIST_2
Modified conv1: updated in_channels to 1.
Modified fc layer: updated out_features to 10.
Initialized untrained model.
resnet18-MNIST-predictive_entropy-balanced_by_score-0.3-2
[Epoch 1, Batch     2] loss: 0.044
[Epoch 1, Batch   102] loss: 0.357
[Epoch 1, Batch   202] loss: 0.168
[Epoch 1, Batch   302] loss: 0.142
[Epoch 1, Batch   402] loss: 0.119
[Epoch 1, Batch   502] loss: 0.099
[Epoch 1, Batch   602] loss: 0.118
Epoch 1/5:
Train Loss: 0.0084, Train Accuracy: 94.80%
Validation Loss: 0.1357, Validation Accuracy: 95.81%
[Epoch 2, Batch     2] loss: 0.002
[Epoch 2, Batch   102] loss: 0.082
[Epoch 2, Batch   202] loss: 0.079
[Epoch 2, Batch   302] loss: 0.085
[Epoch 2, Batch   402] loss: 0.057
[Epoch 2, Batch   502] loss: 0.077
[Epoch 2, Batch   602] loss: 0.066
Epoch 2/5:
Train Loss: 0.0055, Train Accuracy: 97.80%
Validation Loss: 0.1191, Validation Accuracy: 95.96%
[Epoch 3, Batch     2] loss: 0.001
[Epoch 3, Batch   102] loss: 0.061
[Epoch 3, Batch   202] loss: 0.059
[Epoch 3, Batch   302] loss: 0.074
[Epoch 3, Batch   402] loss: 0.049
[Epoch 3, Batch   502] loss: 0.054
[Epoch 3, Batch   602] loss: 0.059
Epoch 3/5:
Train Loss: 0.0044, Train Accuracy: 98.27%
Validation Loss: 0.0520, Validation Accuracy: 98.36%
[Epoch 4, Batch     2] loss: 0.001
[Epoch 4, Batch   102] loss: 0.046
[Epoch 4, Batch   202] loss: 0.050
[Epoch 4, Batch   302] loss: 0.047
[Epoch 4, Batch   402] loss: 0.063
[Epoch 4, Batch   502] loss: 0.056
[Epoch 4, Batch   602] loss: 0.057
Epoch 4/5:
Train Loss: 0.0041, Train Accuracy: 98.42%
Validation Loss: 0.0321, Validation Accuracy: 98.93%
[Epoch 5, Batch     2] loss: 0.000
[Epoch 5, Batch   102] loss: 0.031
[Epoch 5, Batch   202] loss: 0.040
[Epoch 5, Batch   302] loss: 0.063
[Epoch 5, Batch   402] loss: 0.041
[Epoch 5, Batch   502] loss: 0.045
[Epoch 5, Batch   602] loss: 0.051
Epoch 5/5:
Train Loss: 0.0035, Train Accuracy: 98.60%
Validation Loss: 0.0487, Validation Accuracy: 98.34%
Model saved to models/resnet18-MNIST-predictive_entropy-balanced_by_score-0.3-2
Modified conv1: updated in_channels to 1.
Modified fc layer: updated out_features to 10.
Initialized untrained model.
resnet18-MNIST-predictive_entropy-balanced_by_score-0.5-2
[Epoch 1, Batch     2] loss: 0.042
[Epoch 1, Batch   102] loss: 0.331
[Epoch 1, Batch   202] loss: 0.178
[Epoch 1, Batch   302] loss: 0.148
[Epoch 1, Batch   402] loss: 0.128
Epoch 1/5:
Train Loss: 0.0163, Train Accuracy: 94.05%
Validation Loss: 0.0848, Validation Accuracy: 97.32%
[Epoch 2, Batch     2] loss: 0.001
[Epoch 2, Batch   102] loss: 0.082
[Epoch 2, Batch   202] loss: 0.079
[Epoch 2, Batch   302] loss: 0.080
[Epoch 2, Batch   402] loss: 0.088
Epoch 2/5:
Train Loss: 0.0132, Train Accuracy: 97.43%
Validation Loss: 0.1160, Validation Accuracy: 96.26%
[Epoch 3, Batch     2] loss: 0.001
[Epoch 3, Batch   102] loss: 0.067
[Epoch 3, Batch   202] loss: 0.062
[Epoch 3, Batch   302] loss: 0.062
[Epoch 3, Batch   402] loss: 0.079
Epoch 3/5:
Train Loss: 0.0068, Train Accuracy: 98.11%
Validation Loss: 0.0976, Validation Accuracy: 97.01%
[Epoch 4, Batch     2] loss: 0.003
[Epoch 4, Batch   102] loss: 0.055
[Epoch 4, Batch   202] loss: 0.045
[Epoch 4, Batch   302] loss: 0.052
[Epoch 4, Batch   402] loss: 0.055
Epoch 4/5:
Train Loss: 0.0081, Train Accuracy: 98.35%
Validation Loss: 0.0563, Validation Accuracy: 98.25%
[Epoch 5, Batch     2] loss: 0.000
[Epoch 5, Batch   102] loss: 0.056
[Epoch 5, Batch   202] loss: 0.050
[Epoch 5, Batch   302] loss: 0.045
[Epoch 5, Batch   402] loss: 0.055
Epoch 5/5:
Train Loss: 0.0057, Train Accuracy: 98.46%
Validation Loss: 0.0516, Validation Accuracy: 98.37%
Model saved to models/resnet18-MNIST-predictive_entropy-balanced_by_score-0.5-2
Modified conv1: updated in_channels to 1.
Modified fc layer: updated out_features to 10.
Initialized untrained model.
resnet18-MNIST-predictive_entropy-balanced_by_score-0.7-2
[Epoch 1, Batch     2] loss: 0.040
[Epoch 1, Batch   102] loss: 0.325
[Epoch 1, Batch   202] loss: 0.184
Epoch 1/5:
Train Loss: 0.0350, Train Accuracy: 92.75%
Validation Loss: 0.2097, Validation Accuracy: 93.63%
[Epoch 2, Batch     2] loss: 0.003
[Epoch 2, Batch   102] loss: 0.098
[Epoch 2, Batch   202] loss: 0.107
Epoch 2/5:
Train Loss: 0.0310, Train Accuracy: 96.98%
Validation Loss: 0.1085, Validation Accuracy: 96.62%
[Epoch 3, Batch     2] loss: 0.001
[Epoch 3, Batch   102] loss: 0.089
[Epoch 3, Batch   202] loss: 0.075
Epoch 3/5:
Train Loss: 0.0231, Train Accuracy: 97.50%
Validation Loss: 0.0983, Validation Accuracy: 96.99%
[Epoch 4, Batch     2] loss: 0.001
[Epoch 4, Batch   102] loss: 0.059
[Epoch 4, Batch   202] loss: 0.059
Epoch 4/5:
Train Loss: 0.0170, Train Accuracy: 98.22%
Validation Loss: 0.1498, Validation Accuracy: 95.88%
[Epoch 5, Batch     2] loss: 0.001
[Epoch 5, Batch   102] loss: 0.058
[Epoch 5, Batch   202] loss: 0.054
Epoch 5/5:
Train Loss: 0.0128, Train Accuracy: 98.44%
Validation Loss: 0.1016, Validation Accuracy: 96.77%
Model saved to models/resnet18-MNIST-predictive_entropy-balanced_by_score-0.7-2
Modified conv1: updated in_channels to 1.
Modified fc layer: updated out_features to 10.
Initialized untrained model.
resnet18-MNIST-predictive_entropy-balanced_by_score-0.8-2
[Epoch 1, Batch     2] loss: 0.043
[Epoch 1, Batch   102] loss: 0.329
Epoch 1/5:
Train Loss: 0.0843, Train Accuracy: 91.11%
Validation Loss: 0.3511, Validation Accuracy: 89.48%
[Epoch 2, Batch     2] loss: 0.003
[Epoch 2, Batch   102] loss: 0.126
Epoch 2/5:
Train Loss: 0.0481, Train Accuracy: 96.50%
Validation Loss: 0.1303, Validation Accuracy: 96.06%
[Epoch 3, Batch     2] loss: 0.001
[Epoch 3, Batch   102] loss: 0.091
Epoch 3/5:
Train Loss: 0.0429, Train Accuracy: 97.16%
Validation Loss: 0.1289, Validation Accuracy: 96.20%
[Epoch 4, Batch     2] loss: 0.003
[Epoch 4, Batch   102] loss: 0.071
Epoch 4/5:
Train Loss: 0.0329, Train Accuracy: 97.90%
Validation Loss: 0.1703, Validation Accuracy: 94.85%
[Epoch 5, Batch     2] loss: 0.002
[Epoch 5, Batch   102] loss: 0.067
Epoch 5/5:
Train Loss: 0.0377, Train Accuracy: 97.69%
Validation Loss: 0.0600, Validation Accuracy: 98.09%
Model saved to models/resnet18-MNIST-predictive_entropy-balanced_by_score-0.8-2
Modified conv1: updated in_channels to 1.
Modified fc layer: updated out_features to 10.
Initialized untrained model.
resnet18-MNIST-predictive_entropy-balanced_by_score-0.9-2
[Epoch 1, Batch     2] loss: 0.045
Epoch 1/5:
Train Loss: 0.3364, Train Accuracy: 87.81%
Validation Loss: 0.2336, Validation Accuracy: 92.83%
[Epoch 2, Batch     2] loss: 0.005
Epoch 2/5:
Train Loss: 0.1306, Train Accuracy: 95.78%
Validation Loss: 0.2445, Validation Accuracy: 91.92%
[Epoch 3, Batch     2] loss: 0.002
Epoch 3/5:
Train Loss: 0.1130, Train Accuracy: 96.25%
Validation Loss: 0.2301, Validation Accuracy: 93.37%
[Epoch 4, Batch     2] loss: 0.002
Epoch 4/5:
Train Loss: 0.0748, Train Accuracy: 97.64%
Validation Loss: 0.0993, Validation Accuracy: 96.81%
[Epoch 5, Batch     2] loss: 0.005
Epoch 5/5:
Train Loss: 0.0561, Train Accuracy: 98.08%
Validation Loss: 0.1730, Validation Accuracy: 95.01%
Model saved to models/resnet18-MNIST-predictive_entropy-balanced_by_score-0.9-2
Modified conv1: updated in_channels to 1.
Modified fc layer: updated out_features to 10.
Initialized untrained model.
resnet18-MNIST-predictive_entropy-balanced_by_score-0.95-2
[Epoch 1, Batch     2] loss: 0.041
Epoch 1/5:
Train Loss: 0.4778, Train Accuracy: 82.17%
Validation Loss: 0.5607, Validation Accuracy: 81.43%
[Epoch 2, Batch     2] loss: 0.006
Epoch 2/5:
Train Loss: 0.1814, Train Accuracy: 93.23%
Validation Loss: 0.2969, Validation Accuracy: 91.31%
[Epoch 3, Batch     2] loss: 0.005
Epoch 3/5:
Train Loss: 0.1232, Train Accuracy: 95.50%
Validation Loss: 0.2103, Validation Accuracy: 93.28%
[Epoch 4, Batch     2] loss: 0.002
Epoch 4/5:
Train Loss: 0.0923, Train Accuracy: 96.93%
Validation Loss: 0.1655, Validation Accuracy: 94.86%
[Epoch 5, Batch     2] loss: 0.000
Epoch 5/5:
Train Loss: 0.0850, Train Accuracy: 97.33%
Validation Loss: 0.3846, Validation Accuracy: 89.43%
Model saved to models/resnet18-MNIST-predictive_entropy-balanced_by_score-0.95-2
Modified conv1: updated in_channels to 1.
Modified fc layer: updated out_features to 10.
Loaded weights from file: models/resnet18_MNIST_2
Modified conv1: updated in_channels to 1.
Modified fc layer: updated out_features to 10.
Initialized untrained model.
resnet18-MNIST-predictive_entropy-top-0.3-2
[Epoch 1, Batch     2] loss: 0.041
[Epoch 1, Batch   102] loss: 0.417
[Epoch 1, Batch   202] loss: 0.221
[Epoch 1, Batch   302] loss: 0.192
[Epoch 1, Batch   402] loss: 0.150
[Epoch 1, Batch   502] loss: 0.126
[Epoch 1, Batch   602] loss: 0.129
Epoch 1/5:
Train Loss: 0.0102, Train Accuracy: 93.69%
Validation Loss: 0.0625, Validation Accuracy: 97.98%
[Epoch 2, Batch     2] loss: 0.001
[Epoch 2, Batch   102] loss: 0.106
[Epoch 2, Batch   202] loss: 0.095
[Epoch 2, Batch   302] loss: 0.096
[Epoch 2, Batch   402] loss: 0.101
[Epoch 2, Batch   502] loss: 0.088
[Epoch 2, Batch   602] loss: 0.088
Epoch 2/5:
Train Loss: 0.0059, Train Accuracy: 97.19%
Validation Loss: 0.0660, Validation Accuracy: 97.95%
[Epoch 3, Batch     2] loss: 0.002
[Epoch 3, Batch   102] loss: 0.068
[Epoch 3, Batch   202] loss: 0.061
[Epoch 3, Batch   302] loss: 0.087
[Epoch 3, Batch   402] loss: 0.070
[Epoch 3, Batch   502] loss: 0.056
[Epoch 3, Batch   602] loss: 0.072
Epoch 3/5:
Train Loss: 0.0057, Train Accuracy: 97.91%
Validation Loss: 0.0412, Validation Accuracy: 98.54%
[Epoch 4, Batch     2] loss: 0.001
[Epoch 4, Batch   102] loss: 0.058
[Epoch 4, Batch   202] loss: 0.069
[Epoch 4, Batch   302] loss: 0.050
[Epoch 4, Batch   402] loss: 0.065
[Epoch 4, Batch   502] loss: 0.062
[Epoch 4, Batch   602] loss: 0.065
Epoch 4/5:
Train Loss: 0.0047, Train Accuracy: 98.12%
Validation Loss: 0.0376, Validation Accuracy: 98.82%
[Epoch 5, Batch     2] loss: 0.001
[Epoch 5, Batch   102] loss: 0.047
[Epoch 5, Batch   202] loss: 0.051
[Epoch 5, Batch   302] loss: 0.053
[Epoch 5, Batch   402] loss: 0.057
[Epoch 5, Batch   502] loss: 0.048
[Epoch 5, Batch   602] loss: 0.067
Epoch 5/5:
Train Loss: 0.0043, Train Accuracy: 98.36%
Validation Loss: 0.0302, Validation Accuracy: 98.98%
Model saved to models/resnet18-MNIST-predictive_entropy-top-0.3-2
Modified conv1: updated in_channels to 1.
Modified fc layer: updated out_features to 10.
Initialized untrained model.
resnet18-MNIST-predictive_entropy-top-0.5-2
[Epoch 1, Batch     2] loss: 0.046
[Epoch 1, Batch   102] loss: 0.459
[Epoch 1, Batch   202] loss: 0.259
[Epoch 1, Batch   302] loss: 0.201
[Epoch 1, Batch   402] loss: 0.188
Epoch 1/5:
Train Loss: 0.0259, Train Accuracy: 91.28%
Validation Loss: 0.0595, Validation Accuracy: 98.37%
[Epoch 2, Batch     2] loss: 0.003
[Epoch 2, Batch   102] loss: 0.125
[Epoch 2, Batch   202] loss: 0.115
[Epoch 2, Batch   302] loss: 0.121
[Epoch 2, Batch   402] loss: 0.125
Epoch 2/5:
Train Loss: 0.0161, Train Accuracy: 96.12%
Validation Loss: 0.0644, Validation Accuracy: 97.86%
[Epoch 3, Batch     2] loss: 0.002
[Epoch 3, Batch   102] loss: 0.086
[Epoch 3, Batch   202] loss: 0.102
[Epoch 3, Batch   302] loss: 0.096
[Epoch 3, Batch   402] loss: 0.086
Epoch 3/5:
Train Loss: 0.0136, Train Accuracy: 96.95%
Validation Loss: 0.0853, Validation Accuracy: 97.53%
[Epoch 4, Batch     2] loss: 0.002
[Epoch 4, Batch   102] loss: 0.077
[Epoch 4, Batch   202] loss: 0.067
[Epoch 4, Batch   302] loss: 0.080
[Epoch 4, Batch   402] loss: 0.081
Epoch 4/5:
Train Loss: 0.0109, Train Accuracy: 97.65%
Validation Loss: 0.0460, Validation Accuracy: 98.52%
[Epoch 5, Batch     2] loss: 0.002
[Epoch 5, Batch   102] loss: 0.062
[Epoch 5, Batch   202] loss: 0.068
[Epoch 5, Batch   302] loss: 0.070
[Epoch 5, Batch   402] loss: 0.071
Epoch 5/5:
Train Loss: 0.0118, Train Accuracy: 97.79%
Validation Loss: 0.0463, Validation Accuracy: 98.60%
Model saved to models/resnet18-MNIST-predictive_entropy-top-0.5-2
Modified conv1: updated in_channels to 1.
Modified fc layer: updated out_features to 10.
Initialized untrained model.
resnet18-MNIST-predictive_entropy-top-0.7-2
[Epoch 1, Batch     2] loss: 0.037
[Epoch 1, Batch   102] loss: 0.551
[Epoch 1, Batch   202] loss: 0.324
Epoch 1/5:
Train Loss: 0.0796, Train Accuracy: 87.29%
Validation Loss: 0.1012, Validation Accuracy: 96.81%
[Epoch 2, Batch     2] loss: 0.004
[Epoch 2, Batch   102] loss: 0.188
[Epoch 2, Batch   202] loss: 0.195
Epoch 2/5:
Train Loss: 0.0547, Train Accuracy: 93.78%
Validation Loss: 0.1548, Validation Accuracy: 95.57%
[Epoch 3, Batch     2] loss: 0.004
[Epoch 3, Batch   102] loss: 0.164
[Epoch 3, Batch   202] loss: 0.133
Epoch 3/5:
Train Loss: 0.0440, Train Accuracy: 95.20%
Validation Loss: 0.0777, Validation Accuracy: 97.58%
[Epoch 4, Batch     2] loss: 0.002
[Epoch 4, Batch   102] loss: 0.103
[Epoch 4, Batch   202] loss: 0.119
Epoch 4/5:
Train Loss: 0.0391, Train Accuracy: 96.23%
Validation Loss: 0.0591, Validation Accuracy: 98.26%
[Epoch 5, Batch     2] loss: 0.002
[Epoch 5, Batch   102] loss: 0.106
[Epoch 5, Batch   202] loss: 0.109
Epoch 5/5:
Train Loss: 0.0287, Train Accuracy: 96.60%
Validation Loss: 0.0517, Validation Accuracy: 98.43%
Model saved to models/resnet18-MNIST-predictive_entropy-top-0.7-2
Modified conv1: updated in_channels to 1.
Modified fc layer: updated out_features to 10.
Initialized untrained model.
resnet18-MNIST-predictive_entropy-top-0.8-2
[Epoch 1, Batch     2] loss: 0.039
[Epoch 1, Batch   102] loss: 0.622
Epoch 1/5:
Train Loss: 0.1724, Train Accuracy: 83.05%
Validation Loss: 0.5424, Validation Accuracy: 80.25%
[Epoch 2, Batch     2] loss: 0.007
[Epoch 2, Batch   102] loss: 0.283
Epoch 2/5:
Train Loss: 0.1302, Train Accuracy: 90.78%
Validation Loss: 0.2108, Validation Accuracy: 92.36%
[Epoch 3, Batch     2] loss: 0.003
[Epoch 3, Batch   102] loss: 0.216
Epoch 3/5:
Train Loss: 0.0916, Train Accuracy: 93.12%
Validation Loss: 0.0771, Validation Accuracy: 97.72%
[Epoch 4, Batch     2] loss: 0.003
[Epoch 4, Batch   102] loss: 0.163
Epoch 4/5:
Train Loss: 0.0744, Train Accuracy: 94.69%
Validation Loss: 0.0614, Validation Accuracy: 98.08%
[Epoch 5, Batch     2] loss: 0.002
[Epoch 5, Batch   102] loss: 0.139
Epoch 5/5:
Train Loss: 0.0636, Train Accuracy: 95.50%
Validation Loss: 0.0845, Validation Accuracy: 97.30%
Model saved to models/resnet18-MNIST-predictive_entropy-top-0.8-2
Modified conv1: updated in_channels to 1.
Modified fc layer: updated out_features to 10.
Initialized untrained model.
resnet18-MNIST-predictive_entropy-top-0.9-2
[Epoch 1, Batch     2] loss: 0.038
Epoch 1/5:
Train Loss: 0.7703, Train Accuracy: 74.20%
Validation Loss: 0.7192, Validation Accuracy: 74.04%
[Epoch 2, Batch     2] loss: 0.011
Epoch 2/5:
Train Loss: 0.4409, Train Accuracy: 84.70%
Validation Loss: 0.8081, Validation Accuracy: 75.10%
[Epoch 3, Batch     2] loss: 0.007
Epoch 3/5:
Train Loss: 0.3360, Train Accuracy: 88.66%
Validation Loss: 0.4560, Validation Accuracy: 85.06%
[Epoch 4, Batch     2] loss: 0.007
Epoch 4/5:
Train Loss: 0.2732, Train Accuracy: 90.58%
Validation Loss: 0.3454, Validation Accuracy: 87.53%
[Epoch 5, Batch     2] loss: 0.004
Epoch 5/5:
Train Loss: 0.2329, Train Accuracy: 91.98%
Validation Loss: 0.2802, Validation Accuracy: 90.10%
Model saved to models/resnet18-MNIST-predictive_entropy-top-0.9-2
Modified conv1: updated in_channels to 1.
Modified fc layer: updated out_features to 10.
Initialized untrained model.
resnet18-MNIST-predictive_entropy-top-0.95-2
[Epoch 1, Batch     2] loss: 0.049
Epoch 1/5:
Train Loss: 1.0259, Train Accuracy: 64.80%
Validation Loss: 1.2880, Validation Accuracy: 52.56%
[Epoch 2, Batch     2] loss: 0.011
Epoch 2/5:
Train Loss: 0.5898, Train Accuracy: 79.57%
Validation Loss: 0.9220, Validation Accuracy: 67.76%
[Epoch 3, Batch     2] loss: 0.009
Epoch 3/5:
Train Loss: 0.4478, Train Accuracy: 84.37%
Validation Loss: 0.8828, Validation Accuracy: 72.20%
[Epoch 4, Batch     2] loss: 0.007
Epoch 4/5:
Train Loss: 0.3224, Train Accuracy: 88.47%
Validation Loss: 1.6250, Validation Accuracy: 62.52%
[Epoch 5, Batch     2] loss: 0.005
Epoch 5/5:
Train Loss: 0.2961, Train Accuracy: 90.03%
Validation Loss: 0.4802, Validation Accuracy: 82.27%
Model saved to models/resnet18-MNIST-predictive_entropy-top-0.95-2
Modified conv1: updated in_channels to 1.
Modified fc layer: updated out_features to 10.
Loaded weights from file: models/resnet18_MNIST_2
Modified conv1: updated in_channels to 1.
Modified fc layer: updated out_features to 10.
Initialized untrained model.
resnet18-MNIST-predictive_entropy-bottom-0.3-2
[Epoch 1, Batch     2] loss: 0.038
[Epoch 1, Batch   102] loss: 0.188
[Epoch 1, Batch   202] loss: 0.067
[Epoch 1, Batch   302] loss: 0.067
[Epoch 1, Batch   402] loss: 0.034
[Epoch 1, Batch   502] loss: 0.031
[Epoch 1, Batch   602] loss: 0.036
Epoch 1/5:
Train Loss: 0.0025, Train Accuracy: 97.64%
Validation Loss: 0.2296, Validation Accuracy: 94.13%
[Epoch 2, Batch     2] loss: 0.001
[Epoch 2, Batch   102] loss: 0.024
[Epoch 2, Batch   202] loss: 0.015
[Epoch 2, Batch   302] loss: 0.018
[Epoch 2, Batch   402] loss: 0.018
[Epoch 2, Batch   502] loss: 0.013
[Epoch 2, Batch   602] loss: 0.022
Epoch 2/5:
Train Loss: 0.0007, Train Accuracy: 99.51%
Validation Loss: 0.1506, Validation Accuracy: 96.00%
[Epoch 3, Batch     2] loss: 0.000
[Epoch 3, Batch   102] loss: 0.009
[Epoch 3, Batch   202] loss: 0.016
[Epoch 3, Batch   302] loss: 0.008
[Epoch 3, Batch   402] loss: 0.026
[Epoch 3, Batch   502] loss: 0.008
[Epoch 3, Batch   602] loss: 0.015
Epoch 3/5:
Train Loss: 0.0013, Train Accuracy: 99.64%
Validation Loss: 0.2944, Validation Accuracy: 93.45%
[Epoch 4, Batch     2] loss: 0.000
[Epoch 4, Batch   102] loss: 0.020
[Epoch 4, Batch   202] loss: 0.005
[Epoch 4, Batch   302] loss: 0.007
[Epoch 4, Batch   402] loss: 0.006
[Epoch 4, Batch   502] loss: 0.005
[Epoch 4, Batch   602] loss: 0.010
Epoch 4/5:
Train Loss: 0.0010, Train Accuracy: 99.76%
Validation Loss: 0.1913, Validation Accuracy: 94.85%
[Epoch 5, Batch     2] loss: 0.000
[Epoch 5, Batch   102] loss: 0.016
[Epoch 5, Batch   202] loss: 0.021
[Epoch 5, Batch   302] loss: 0.005
[Epoch 5, Batch   402] loss: 0.017
[Epoch 5, Batch   502] loss: 0.011
[Epoch 5, Batch   602] loss: 0.011
Epoch 5/5:
Train Loss: 0.0011, Train Accuracy: 99.62%
Validation Loss: 0.1605, Validation Accuracy: 96.02%
Model saved to models/resnet18-MNIST-predictive_entropy-bottom-0.3-2
Modified conv1: updated in_channels to 1.
Modified fc layer: updated out_features to 10.
Initialized untrained model.
resnet18-MNIST-predictive_entropy-bottom-0.5-2
[Epoch 1, Batch     2] loss: 0.044
[Epoch 1, Batch   102] loss: 0.121
[Epoch 1, Batch   202] loss: 0.046
[Epoch 1, Batch   302] loss: 0.027
[Epoch 1, Batch   402] loss: 0.018
Epoch 1/5:
Train Loss: 0.0026, Train Accuracy: 98.26%
Validation Loss: 0.8373, Validation Accuracy: 85.94%
[Epoch 2, Batch     2] loss: 0.001
[Epoch 2, Batch   102] loss: 0.029
[Epoch 2, Batch   202] loss: 0.010
[Epoch 2, Batch   302] loss: 0.013
[Epoch 2, Batch   402] loss: 0.015
Epoch 2/5:
Train Loss: 0.0017, Train Accuracy: 99.53%
Validation Loss: 0.6041, Validation Accuracy: 85.07%
[Epoch 3, Batch     2] loss: 0.000
[Epoch 3, Batch   102] loss: 0.006
[Epoch 3, Batch   202] loss: 0.005
[Epoch 3, Batch   302] loss: 0.009
[Epoch 3, Batch   402] loss: 0.009
Epoch 3/5:
Train Loss: 0.0023, Train Accuracy: 99.70%
Validation Loss: 0.6995, Validation Accuracy: 86.22%
[Epoch 4, Batch     2] loss: 0.000
[Epoch 4, Batch   102] loss: 0.020
[Epoch 4, Batch   202] loss: 0.015
[Epoch 4, Batch   302] loss: 0.006
[Epoch 4, Batch   402] loss: 0.005
Epoch 4/5:
Train Loss: 0.0001, Train Accuracy: 99.74%
Validation Loss: 0.5511, Validation Accuracy: 87.40%
[Epoch 5, Batch     2] loss: 0.000
[Epoch 5, Batch   102] loss: 0.001
[Epoch 5, Batch   202] loss: 0.002
[Epoch 5, Batch   302] loss: 0.010
[Epoch 5, Batch   402] loss: 0.016
Epoch 5/5:
Train Loss: 0.0008, Train Accuracy: 99.84%
Validation Loss: 0.4798, Validation Accuracy: 86.72%
Model saved to models/resnet18-MNIST-predictive_entropy-bottom-0.5-2
Modified conv1: updated in_channels to 1.
Modified fc layer: updated out_features to 10.
Initialized untrained model.
resnet18-MNIST-predictive_entropy-bottom-0.7-2
[Epoch 1, Batch     2] loss: 0.035
[Epoch 1, Batch   102] loss: 0.104
[Epoch 1, Batch   202] loss: 0.015
Epoch 1/5:
Train Loss: 0.0085, Train Accuracy: 98.04%
Validation Loss: 1.3518, Validation Accuracy: 76.20%
[Epoch 2, Batch     2] loss: 0.001
[Epoch 2, Batch   102] loss: 0.014
[Epoch 2, Batch   202] loss: 0.022
Epoch 2/5:
Train Loss: 0.0022, Train Accuracy: 99.59%
Validation Loss: 1.3638, Validation Accuracy: 78.77%
[Epoch 3, Batch     2] loss: 0.000
[Epoch 3, Batch   102] loss: 0.001
[Epoch 3, Batch   202] loss: 0.018
Epoch 3/5:
Train Loss: 0.0040, Train Accuracy: 99.70%
Validation Loss: 1.2931, Validation Accuracy: 78.97%
[Epoch 4, Batch     2] loss: 0.000
[Epoch 4, Batch   102] loss: 0.006
[Epoch 4, Batch   202] loss: 0.008
Epoch 4/5:
Train Loss: 0.0034, Train Accuracy: 99.79%
Validation Loss: 1.3315, Validation Accuracy: 80.84%
[Epoch 5, Batch     2] loss: 0.000
[Epoch 5, Batch   102] loss: 0.017
[Epoch 5, Batch   202] loss: 0.003
Epoch 5/5:
Train Loss: 0.0031, Train Accuracy: 99.76%
Validation Loss: 1.0359, Validation Accuracy: 78.90%
Model saved to models/resnet18-MNIST-predictive_entropy-bottom-0.7-2
Modified conv1: updated in_channels to 1.
Modified fc layer: updated out_features to 10.
Initialized untrained model.
resnet18-MNIST-predictive_entropy-bottom-0.8-2
[Epoch 1, Batch     2] loss: 0.039
[Epoch 1, Batch   102] loss: 0.074
Epoch 1/5:
Train Loss: 0.0133, Train Accuracy: 97.77%
Validation Loss: 1.9417, Validation Accuracy: 69.92%
[Epoch 2, Batch     2] loss: 0.000
[Epoch 2, Batch   102] loss: 0.004
Epoch 2/5:
Train Loss: 0.0084, Train Accuracy: 99.67%
Validation Loss: 2.2399, Validation Accuracy: 64.43%
[Epoch 3, Batch     2] loss: 0.001
[Epoch 3, Batch   102] loss: 0.018
Epoch 3/5:
Train Loss: 0.0023, Train Accuracy: 99.69%
Validation Loss: 1.5755, Validation Accuracy: 70.31%
[Epoch 4, Batch     2] loss: 0.000
[Epoch 4, Batch   102] loss: 0.002
Epoch 4/5:
Train Loss: 0.0002, Train Accuracy: 99.98%
Validation Loss: 1.3630, Validation Accuracy: 74.06%
[Epoch 5, Batch     2] loss: 0.000
[Epoch 5, Batch   102] loss: 0.000
Epoch 5/5:
Train Loss: 0.0094, Train Accuracy: 99.71%
Validation Loss: 2.1606, Validation Accuracy: 70.29%
Model saved to models/resnet18-MNIST-predictive_entropy-bottom-0.8-2
Modified conv1: updated in_channels to 1.
Modified fc layer: updated out_features to 10.
Initialized untrained model.
resnet18-MNIST-predictive_entropy-bottom-0.9-2
[Epoch 1, Batch     2] loss: 0.038
Epoch 1/5:
Train Loss: 0.0540, Train Accuracy: 96.93%
Validation Loss: 3.2713, Validation Accuracy: 53.55%
[Epoch 2, Batch     2] loss: 0.001
Epoch 2/5:
Train Loss: 0.0146, Train Accuracy: 99.48%
Validation Loss: 3.4944, Validation Accuracy: 61.00%
[Epoch 3, Batch     2] loss: 0.000
Epoch 3/5:
Train Loss: 0.0143, Train Accuracy: 99.62%
Validation Loss: 2.6585, Validation Accuracy: 63.59%
[Epoch 4, Batch     2] loss: 0.000
Epoch 4/5:
Train Loss: 0.0081, Train Accuracy: 99.80%
Validation Loss: 2.7923, Validation Accuracy: 64.47%
[Epoch 5, Batch     2] loss: 0.000
Epoch 5/5:
Train Loss: 0.0102, Train Accuracy: 99.77%
Validation Loss: 3.6471, Validation Accuracy: 56.20%
Model saved to models/resnet18-MNIST-predictive_entropy-bottom-0.9-2
Modified conv1: updated in_channels to 1.
Modified fc layer: updated out_features to 10.
Initialized untrained model.
resnet18-MNIST-predictive_entropy-bottom-0.95-2
[Epoch 1, Batch     2] loss: 0.041
Epoch 1/5:
Train Loss: 0.0780, Train Accuracy: 95.23%
Validation Loss: 5.7674, Validation Accuracy: 20.60%
[Epoch 2, Batch     2] loss: 0.001
Epoch 2/5:
Train Loss: 0.0190, Train Accuracy: 99.40%
Validation Loss: 5.4463, Validation Accuracy: 36.06%
[Epoch 3, Batch     2] loss: 0.000
Epoch 3/5:
Train Loss: 0.0085, Train Accuracy: 99.80%
Validation Loss: 5.4794, Validation Accuracy: 32.72%
[Epoch 4, Batch     2] loss: 0.000
Epoch 4/5:
Train Loss: 0.0123, Train Accuracy: 99.73%
Validation Loss: 6.0130, Validation Accuracy: 34.99%
[Epoch 5, Batch     2] loss: 0.000
Epoch 5/5:
Train Loss: 0.0138, Train Accuracy: 99.70%
Validation Loss: 5.8604, Validation Accuracy: 36.15%
Model saved to models/resnet18-MNIST-predictive_entropy-bottom-0.95-2
Modified conv1: updated in_channels to 1.
Modified fc layer: updated out_features to 10.
Initialized untrained model.
[Epoch 1, Batch     2] loss: 0.045
[Epoch 1, Batch   102] loss: 0.342
[Epoch 1, Batch   202] loss: 0.191
[Epoch 1, Batch   302] loss: 0.152
[Epoch 1, Batch   402] loss: 0.120
[Epoch 1, Batch   502] loss: 0.154
[Epoch 1, Batch   602] loss: 0.099
[Epoch 1, Batch   702] loss: 0.096
[Epoch 1, Batch   802] loss: 0.085
[Epoch 1, Batch   902] loss: 0.079
Epoch 1/5:
Train Loss: 0.0031, Train Accuracy: 95.44%
Validation Loss: 0.0828, Validation Accuracy: 97.27%
[Epoch 2, Batch     2] loss: 0.001
[Epoch 2, Batch   102] loss: 0.072
[Epoch 2, Batch   202] loss: 0.071
[Epoch 2, Batch   302] loss: 0.058
[Epoch 2, Batch   402] loss: 0.076
[Epoch 2, Batch   502] loss: 0.073
[Epoch 2, Batch   602] loss: 0.065
[Epoch 2, Batch   702] loss: 0.070
[Epoch 2, Batch   802] loss: 0.074
[Epoch 2, Batch   902] loss: 0.060
Epoch 2/5:
Train Loss: 0.0026, Train Accuracy: 97.91%
Validation Loss: 0.0743, Validation Accuracy: 97.62%
[Epoch 3, Batch     2] loss: 0.001
[Epoch 3, Batch   102] loss: 0.061
[Epoch 3, Batch   202] loss: 0.049
[Epoch 3, Batch   302] loss: 0.052
[Epoch 3, Batch   402] loss: 0.057
[Epoch 3, Batch   502] loss: 0.065
[Epoch 3, Batch   602] loss: 0.052
[Epoch 3, Batch   702] loss: 0.053
[Epoch 3, Batch   802] loss: 0.042
[Epoch 3, Batch   902] loss: 0.055
Epoch 3/5:
Train Loss: 0.0020, Train Accuracy: 98.37%
Validation Loss: 0.0445, Validation Accuracy: 98.61%
[Epoch 4, Batch     2] loss: 0.000
[Epoch 4, Batch   102] loss: 0.052
[Epoch 4, Batch   202] loss: 0.040
[Epoch 4, Batch   302] loss: 0.050
[Epoch 4, Batch   402] loss: 0.045
[Epoch 4, Batch   502] loss: 0.046
[Epoch 4, Batch   602] loss: 0.056
[Epoch 4, Batch   702] loss: 0.054
[Epoch 4, Batch   802] loss: 0.046
[Epoch 4, Batch   902] loss: 0.054
Epoch 4/5:
Train Loss: 0.0017, Train Accuracy: 98.49%
Validation Loss: 0.0422, Validation Accuracy: 98.59%
[Epoch 5, Batch     2] loss: 0.000
[Epoch 5, Batch   102] loss: 0.045
[Epoch 5, Batch   202] loss: 0.028
[Epoch 5, Batch   302] loss: 0.039
[Epoch 5, Batch   402] loss: 0.050
[Epoch 5, Batch   502] loss: 0.047
[Epoch 5, Batch   602] loss: 0.044
[Epoch 5, Batch   702] loss: 0.027
[Epoch 5, Batch   802] loss: 0.048
[Epoch 5, Batch   902] loss: 0.054
Epoch 5/5:
Train Loss: 0.0017, Train Accuracy: 98.70%
Validation Loss: 0.0470, Validation Accuracy: 98.52%
Model saved to models/resnet18_MNIST_3
Modified conv1: updated in_channels to 1.
Modified fc layer: updated out_features to 10.
Loaded weights from file: models/resnet18_MNIST_3
Modified conv1: updated in_channels to 1.
Modified fc layer: updated out_features to 10.
Initialized untrained model.
resnet18-MNIST-random-0.3-3
[Epoch 1, Batch     2] loss: 0.046
[Epoch 1, Batch   102] loss: 0.330
[Epoch 1, Batch   202] loss: 0.180
[Epoch 1, Batch   302] loss: 0.141
[Epoch 1, Batch   402] loss: 0.127
[Epoch 1, Batch   502] loss: 0.118
[Epoch 1, Batch   602] loss: 0.093
Epoch 1/5:
Train Loss: 0.0085, Train Accuracy: 94.89%
Validation Loss: 0.0962, Validation Accuracy: 96.94%
[Epoch 2, Batch     2] loss: 0.001
[Epoch 2, Batch   102] loss: 0.077
[Epoch 2, Batch   202] loss: 0.079
[Epoch 2, Batch   302] loss: 0.075
[Epoch 2, Batch   402] loss: 0.068
[Epoch 2, Batch   502] loss: 0.076
[Epoch 2, Batch   602] loss: 0.069
Epoch 2/5:
Train Loss: 0.0056, Train Accuracy: 97.78%
Validation Loss: 0.1056, Validation Accuracy: 96.91%
[Epoch 3, Batch     2] loss: 0.002
[Epoch 3, Batch   102] loss: 0.087
[Epoch 3, Batch   202] loss: 0.045
[Epoch 3, Batch   302] loss: 0.068
[Epoch 3, Batch   402] loss: 0.052
[Epoch 3, Batch   502] loss: 0.068
[Epoch 3, Batch   602] loss: 0.061
Epoch 3/5:
Train Loss: 0.0051, Train Accuracy: 98.11%
Validation Loss: 0.0878, Validation Accuracy: 97.14%
[Epoch 4, Batch     2] loss: 0.001
[Epoch 4, Batch   102] loss: 0.047
[Epoch 4, Batch   202] loss: 0.043
[Epoch 4, Batch   302] loss: 0.040
[Epoch 4, Batch   402] loss: 0.055
[Epoch 4, Batch   502] loss: 0.063
[Epoch 4, Batch   602] loss: 0.053
Epoch 4/5:
Train Loss: 0.0041, Train Accuracy: 98.49%
Validation Loss: 0.0705, Validation Accuracy: 98.04%
[Epoch 5, Batch     2] loss: 0.000
[Epoch 5, Batch   102] loss: 0.045
[Epoch 5, Batch   202] loss: 0.049
[Epoch 5, Batch   302] loss: 0.040
[Epoch 5, Batch   402] loss: 0.035
[Epoch 5, Batch   502] loss: 0.048
[Epoch 5, Batch   602] loss: 0.048
Epoch 5/5:
Train Loss: 0.0034, Train Accuracy: 98.65%
Validation Loss: 0.0393, Validation Accuracy: 98.77%
Model saved to models/resnet18-MNIST-random-0.3-3
Modified conv1: updated in_channels to 1.
Modified fc layer: updated out_features to 10.
Initialized untrained model.
resnet18-MNIST-random-0.5-3
[Epoch 1, Batch     2] loss: 0.042
[Epoch 1, Batch   102] loss: 0.345
[Epoch 1, Batch   202] loss: 0.193
[Epoch 1, Batch   302] loss: 0.134
[Epoch 1, Batch   402] loss: 0.133
Epoch 1/5:
Train Loss: 0.0158, Train Accuracy: 93.93%
Validation Loss: 0.0790, Validation Accuracy: 97.42%
[Epoch 2, Batch     2] loss: 0.001
[Epoch 2, Batch   102] loss: 0.084
[Epoch 2, Batch   202] loss: 0.090
[Epoch 2, Batch   302] loss: 0.101
[Epoch 2, Batch   402] loss: 0.087
Epoch 2/5:
Train Loss: 0.0131, Train Accuracy: 97.17%
Validation Loss: 0.0792, Validation Accuracy: 97.57%
[Epoch 3, Batch     2] loss: 0.001
[Epoch 3, Batch   102] loss: 0.056
[Epoch 3, Batch   202] loss: 0.072
[Epoch 3, Batch   302] loss: 0.061
[Epoch 3, Batch   402] loss: 0.071
Epoch 3/5:
Train Loss: 0.0089, Train Accuracy: 98.04%
Validation Loss: 0.0597, Validation Accuracy: 98.30%
[Epoch 4, Batch     2] loss: 0.001
[Epoch 4, Batch   102] loss: 0.052
[Epoch 4, Batch   202] loss: 0.063
[Epoch 4, Batch   302] loss: 0.058
[Epoch 4, Batch   402] loss: 0.056
Epoch 4/5:
Train Loss: 0.0076, Train Accuracy: 98.28%
Validation Loss: 0.0620, Validation Accuracy: 98.24%
[Epoch 5, Batch     2] loss: 0.001
[Epoch 5, Batch   102] loss: 0.054
[Epoch 5, Batch   202] loss: 0.042
[Epoch 5, Batch   302] loss: 0.044
[Epoch 5, Batch   402] loss: 0.049
Epoch 5/5:
Train Loss: 0.0065, Train Accuracy: 98.53%
Validation Loss: 0.0367, Validation Accuracy: 98.87%
Model saved to models/resnet18-MNIST-random-0.5-3
Modified conv1: updated in_channels to 1.
Modified fc layer: updated out_features to 10.
Initialized untrained model.
resnet18-MNIST-random-0.7-3
[Epoch 1, Batch     2] loss: 0.046
[Epoch 1, Batch   102] loss: 0.342
[Epoch 1, Batch   202] loss: 0.152
Epoch 1/5:
Train Loss: 0.0478, Train Accuracy: 92.47%
Validation Loss: 0.1612, Validation Accuracy: 94.55%
[Epoch 2, Batch     2] loss: 0.005
[Epoch 2, Batch   102] loss: 0.120
[Epoch 2, Batch   202] loss: 0.101
Epoch 2/5:
Train Loss: 0.0303, Train Accuracy: 96.57%
Validation Loss: 0.1065, Validation Accuracy: 96.49%
[Epoch 3, Batch     2] loss: 0.002
[Epoch 3, Batch   102] loss: 0.066
[Epoch 3, Batch   202] loss: 0.074
Epoch 3/5:
Train Loss: 0.0220, Train Accuracy: 97.81%
Validation Loss: 0.0527, Validation Accuracy: 98.56%
[Epoch 4, Batch     2] loss: 0.000
[Epoch 4, Batch   102] loss: 0.061
[Epoch 4, Batch   202] loss: 0.041
Epoch 4/5:
Train Loss: 0.0221, Train Accuracy: 98.21%
Validation Loss: 0.0624, Validation Accuracy: 97.96%
[Epoch 5, Batch     2] loss: 0.001
[Epoch 5, Batch   102] loss: 0.053
[Epoch 5, Batch   202] loss: 0.062
Epoch 5/5:
Train Loss: 0.0164, Train Accuracy: 98.23%
Validation Loss: 0.0704, Validation Accuracy: 97.80%
Model saved to models/resnet18-MNIST-random-0.7-3
Modified conv1: updated in_channels to 1.
Modified fc layer: updated out_features to 10.
Initialized untrained model.
resnet18-MNIST-random-0.8-3
[Epoch 1, Batch     2] loss: 0.041
[Epoch 1, Batch   102] loss: 0.347
Epoch 1/5:
Train Loss: 0.0853, Train Accuracy: 90.83%
Validation Loss: 0.2353, Validation Accuracy: 92.93%
[Epoch 2, Batch     2] loss: 0.003
[Epoch 2, Batch   102] loss: 0.138
Epoch 2/5:
Train Loss: 0.0546, Train Accuracy: 95.96%
Validation Loss: 0.1617, Validation Accuracy: 95.24%
[Epoch 3, Batch     2] loss: 0.002
[Epoch 3, Batch   102] loss: 0.081
Epoch 3/5:
Train Loss: 0.0347, Train Accuracy: 97.48%
Validation Loss: 0.4432, Validation Accuracy: 86.21%
[Epoch 4, Batch     2] loss: 0.002
[Epoch 4, Batch   102] loss: 0.073
Epoch 4/5:
Train Loss: 0.0367, Train Accuracy: 97.55%
Validation Loss: 0.1686, Validation Accuracy: 95.15%
[Epoch 5, Batch     2] loss: 0.002
[Epoch 5, Batch   102] loss: 0.048
Epoch 5/5:
Train Loss: 0.0312, Train Accuracy: 98.12%
Validation Loss: 0.0881, Validation Accuracy: 97.36%
Model saved to models/resnet18-MNIST-random-0.8-3
Modified conv1: updated in_channels to 1.
Modified fc layer: updated out_features to 10.
Initialized untrained model.
resnet18-MNIST-random-0.9-3
[Epoch 1, Batch     2] loss: 0.046
Epoch 1/5:
Train Loss: 0.3483, Train Accuracy: 87.30%
Validation Loss: 0.3763, Validation Accuracy: 89.70%
[Epoch 2, Batch     2] loss: 0.004
Epoch 2/5:
Train Loss: 0.1641, Train Accuracy: 94.80%
Validation Loss: 0.4124, Validation Accuracy: 88.64%
[Epoch 3, Batch     2] loss: 0.002
Epoch 3/5:
Train Loss: 0.1032, Train Accuracy: 96.70%
Validation Loss: 0.4010, Validation Accuracy: 89.12%
[Epoch 4, Batch     2] loss: 0.001
Epoch 4/5:
Train Loss: 0.0717, Train Accuracy: 97.55%
Validation Loss: 0.1529, Validation Accuracy: 95.56%
[Epoch 5, Batch     2] loss: 0.001
Epoch 5/5:
Train Loss: 0.0619, Train Accuracy: 97.95%
Validation Loss: 0.1745, Validation Accuracy: 95.45%
Model saved to models/resnet18-MNIST-random-0.9-3
Modified conv1: updated in_channels to 1.
Modified fc layer: updated out_features to 10.
Initialized untrained model.
resnet18-MNIST-random-0.95-3
[Epoch 1, Batch     2] loss: 0.041
Epoch 1/5:
Train Loss: 0.4552, Train Accuracy: 82.57%
Validation Loss: 0.3535, Validation Accuracy: 89.66%
[Epoch 2, Batch     2] loss: 0.003
Epoch 2/5:
Train Loss: 0.1569, Train Accuracy: 94.87%
Validation Loss: 0.2884, Validation Accuracy: 91.82%
[Epoch 3, Batch     2] loss: 0.001
Epoch 3/5:
Train Loss: 0.1058, Train Accuracy: 96.60%
Validation Loss: 0.1656, Validation Accuracy: 94.99%
[Epoch 4, Batch     2] loss: 0.001
Epoch 4/5:
Train Loss: 0.0814, Train Accuracy: 96.73%
Validation Loss: 0.2610, Validation Accuracy: 91.75%
[Epoch 5, Batch     2] loss: 0.002
Epoch 5/5:
Train Loss: 0.0672, Train Accuracy: 98.07%
Validation Loss: 0.1523, Validation Accuracy: 95.41%
Model saved to models/resnet18-MNIST-random-0.95-3
Modified conv1: updated in_channels to 1.
Modified fc layer: updated out_features to 10.
Loaded weights from file: models/resnet18_MNIST_3
Modified conv1: updated in_channels to 1.
Modified fc layer: updated out_features to 10.
Initialized untrained model.
resnet18-MNIST-predictive_entropy-balanced_by_score-0.3-3
[Epoch 1, Batch     2] loss: 0.045
[Epoch 1, Batch   102] loss: 0.379
[Epoch 1, Batch   202] loss: 0.176
[Epoch 1, Batch   302] loss: 0.155
[Epoch 1, Batch   402] loss: 0.129
[Epoch 1, Batch   502] loss: 0.094
[Epoch 1, Batch   602] loss: 0.109
Epoch 1/5:
Train Loss: 0.0074, Train Accuracy: 94.67%
Validation Loss: 0.0647, Validation Accuracy: 98.19%
[Epoch 2, Batch     2] loss: 0.003
[Epoch 2, Batch   102] loss: 0.098
[Epoch 2, Batch   202] loss: 0.081
[Epoch 2, Batch   302] loss: 0.087
[Epoch 2, Batch   402] loss: 0.069
[Epoch 2, Batch   502] loss: 0.070
[Epoch 2, Batch   602] loss: 0.064
Epoch 2/5:
Train Loss: 0.0076, Train Accuracy: 97.59%
Validation Loss: 0.0644, Validation Accuracy: 97.80%
[Epoch 3, Batch     2] loss: 0.001
[Epoch 3, Batch   102] loss: 0.061
[Epoch 3, Batch   202] loss: 0.055
[Epoch 3, Batch   302] loss: 0.069
[Epoch 3, Batch   402] loss: 0.065
[Epoch 3, Batch   502] loss: 0.056
[Epoch 3, Batch   602] loss: 0.055
Epoch 3/5:
Train Loss: 0.0048, Train Accuracy: 98.15%
Validation Loss: 0.0545, Validation Accuracy: 98.48%
[Epoch 4, Batch     2] loss: 0.000
[Epoch 4, Batch   102] loss: 0.053
[Epoch 4, Batch   202] loss: 0.049
[Epoch 4, Batch   302] loss: 0.051
[Epoch 4, Batch   402] loss: 0.051
[Epoch 4, Batch   502] loss: 0.057
[Epoch 4, Batch   602] loss: 0.050
Epoch 4/5:
Train Loss: 0.0051, Train Accuracy: 98.46%
Validation Loss: 0.0649, Validation Accuracy: 98.18%
[Epoch 5, Batch     2] loss: 0.001
[Epoch 5, Batch   102] loss: 0.047
[Epoch 5, Batch   202] loss: 0.050
[Epoch 5, Batch   302] loss: 0.034
[Epoch 5, Batch   402] loss: 0.044
[Epoch 5, Batch   502] loss: 0.051
[Epoch 5, Batch   602] loss: 0.041
Epoch 5/5:
Train Loss: 0.0030, Train Accuracy: 98.63%
Validation Loss: 0.0527, Validation Accuracy: 98.35%
Model saved to models/resnet18-MNIST-predictive_entropy-balanced_by_score-0.3-3
Modified conv1: updated in_channels to 1.
Modified fc layer: updated out_features to 10.
Initialized untrained model.
resnet18-MNIST-predictive_entropy-balanced_by_score-0.5-3
[Epoch 1, Batch     2] loss: 0.044
[Epoch 1, Batch   102] loss: 0.337
[Epoch 1, Batch   202] loss: 0.178
[Epoch 1, Batch   302] loss: 0.143
[Epoch 1, Batch   402] loss: 0.124
Epoch 1/5:
Train Loss: 0.0136, Train Accuracy: 94.06%
Validation Loss: 0.0851, Validation Accuracy: 97.21%
[Epoch 2, Batch     2] loss: 0.001
[Epoch 2, Batch   102] loss: 0.089
[Epoch 2, Batch   202] loss: 0.076
[Epoch 2, Batch   302] loss: 0.090
[Epoch 2, Batch   402] loss: 0.091
Epoch 2/5:
Train Loss: 0.0130, Train Accuracy: 97.36%
Validation Loss: 0.0653, Validation Accuracy: 98.03%
[Epoch 3, Batch     2] loss: 0.002
[Epoch 3, Batch   102] loss: 0.055
[Epoch 3, Batch   202] loss: 0.066
[Epoch 3, Batch   302] loss: 0.057
[Epoch 3, Batch   402] loss: 0.075
Epoch 3/5:
Train Loss: 0.0099, Train Accuracy: 98.03%
Validation Loss: 0.0629, Validation Accuracy: 98.18%
[Epoch 4, Batch     2] loss: 0.000
[Epoch 4, Batch   102] loss: 0.041
[Epoch 4, Batch   202] loss: 0.055
[Epoch 4, Batch   302] loss: 0.064
[Epoch 4, Batch   402] loss: 0.055
Epoch 4/5:
Train Loss: 0.0066, Train Accuracy: 98.32%
Validation Loss: 0.0688, Validation Accuracy: 97.88%
[Epoch 5, Batch     2] loss: 0.001
[Epoch 5, Batch   102] loss: 0.042
[Epoch 5, Batch   202] loss: 0.045
[Epoch 5, Batch   302] loss: 0.054
[Epoch 5, Batch   402] loss: 0.055
Epoch 5/5:
Train Loss: 0.0062, Train Accuracy: 98.52%
Validation Loss: 0.0522, Validation Accuracy: 98.47%
Model saved to models/resnet18-MNIST-predictive_entropy-balanced_by_score-0.5-3
Modified conv1: updated in_channels to 1.
Modified fc layer: updated out_features to 10.
Initialized untrained model.
resnet18-MNIST-predictive_entropy-balanced_by_score-0.7-3
[Epoch 1, Batch     2] loss: 0.044
[Epoch 1, Batch   102] loss: 0.338
[Epoch 1, Batch   202] loss: 0.186
Epoch 1/5:
Train Loss: 0.0366, Train Accuracy: 92.78%
Validation Loss: 0.1088, Validation Accuracy: 96.55%
[Epoch 2, Batch     2] loss: 0.001
[Epoch 2, Batch   102] loss: 0.102
[Epoch 2, Batch   202] loss: 0.132
Epoch 2/5:
Train Loss: 0.0261, Train Accuracy: 96.71%
Validation Loss: 0.0714, Validation Accuracy: 97.82%
[Epoch 3, Batch     2] loss: 0.002
[Epoch 3, Batch   102] loss: 0.078
[Epoch 3, Batch   202] loss: 0.076
Epoch 3/5:
Train Loss: 0.0181, Train Accuracy: 97.81%
Validation Loss: 0.1081, Validation Accuracy: 96.99%
[Epoch 4, Batch     2] loss: 0.000
[Epoch 4, Batch   102] loss: 0.073
[Epoch 4, Batch   202] loss: 0.067
Epoch 4/5:
Train Loss: 0.0159, Train Accuracy: 98.12%
Validation Loss: 0.0507, Validation Accuracy: 98.43%
[Epoch 5, Batch     2] loss: 0.000
[Epoch 5, Batch   102] loss: 0.063
[Epoch 5, Batch   202] loss: 0.050
Epoch 5/5:
Train Loss: 0.0173, Train Accuracy: 98.26%
Validation Loss: 0.0850, Validation Accuracy: 97.55%
Model saved to models/resnet18-MNIST-predictive_entropy-balanced_by_score-0.7-3
Modified conv1: updated in_channels to 1.
Modified fc layer: updated out_features to 10.
Initialized untrained model.
resnet18-MNIST-predictive_entropy-balanced_by_score-0.8-3
[Epoch 1, Batch     2] loss: 0.043
[Epoch 1, Batch   102] loss: 0.329
Epoch 1/5:
Train Loss: 0.0822, Train Accuracy: 91.21%
Validation Loss: 0.2410, Validation Accuracy: 92.38%
[Epoch 2, Batch     2] loss: 0.004
[Epoch 2, Batch   102] loss: 0.120
Epoch 2/5:
Train Loss: 0.0536, Train Accuracy: 96.24%
Validation Loss: 0.1268, Validation Accuracy: 96.05%
[Epoch 3, Batch     2] loss: 0.003
[Epoch 3, Batch   102] loss: 0.092
Epoch 3/5:
Train Loss: 0.0426, Train Accuracy: 96.98%
Validation Loss: 0.1119, Validation Accuracy: 96.51%
[Epoch 4, Batch     2] loss: 0.002
[Epoch 4, Batch   102] loss: 0.055
Epoch 4/5:
Train Loss: 0.0362, Train Accuracy: 97.92%
Validation Loss: 0.1362, Validation Accuracy: 95.80%
[Epoch 5, Batch     2] loss: 0.001
[Epoch 5, Batch   102] loss: 0.061
Epoch 5/5:
Train Loss: 0.0317, Train Accuracy: 97.96%
Validation Loss: 0.0930, Validation Accuracy: 97.18%
Model saved to models/resnet18-MNIST-predictive_entropy-balanced_by_score-0.8-3
Modified conv1: updated in_channels to 1.
Modified fc layer: updated out_features to 10.
Initialized untrained model.
resnet18-MNIST-predictive_entropy-balanced_by_score-0.9-3
[Epoch 1, Batch     2] loss: 0.044
Epoch 1/5:
Train Loss: 0.3415, Train Accuracy: 88.27%
Validation Loss: 0.2425, Validation Accuracy: 92.21%
[Epoch 2, Batch     2] loss: 0.001
Epoch 2/5:
Train Loss: 0.1455, Train Accuracy: 95.53%
Validation Loss: 0.3865, Validation Accuracy: 89.07%
[Epoch 3, Batch     2] loss: 0.001
Epoch 3/5:
Train Loss: 0.1150, Train Accuracy: 97.00%
Validation Loss: 0.1547, Validation Accuracy: 95.40%
[Epoch 4, Batch     2] loss: 0.001
Epoch 4/5:
Train Loss: 0.1063, Train Accuracy: 96.56%
Validation Loss: 0.1541, Validation Accuracy: 95.32%
[Epoch 5, Batch     2] loss: 0.001
Epoch 5/5:
Train Loss: 0.0578, Train Accuracy: 98.00%
Validation Loss: 0.1242, Validation Accuracy: 96.25%
Model saved to models/resnet18-MNIST-predictive_entropy-balanced_by_score-0.9-3
Modified conv1: updated in_channels to 1.
Modified fc layer: updated out_features to 10.
Initialized untrained model.
resnet18-MNIST-predictive_entropy-balanced_by_score-0.95-3
[Epoch 1, Batch     2] loss: 0.046
Epoch 1/5:
Train Loss: 0.4884, Train Accuracy: 80.80%
Validation Loss: 0.3867, Validation Accuracy: 88.06%
[Epoch 2, Batch     2] loss: 0.004
Epoch 2/5:
Train Loss: 0.1911, Train Accuracy: 94.27%
Validation Loss: 0.4642, Validation Accuracy: 86.53%
[Epoch 3, Batch     2] loss: 0.004
Epoch 3/5:
Train Loss: 0.1264, Train Accuracy: 95.63%
Validation Loss: 0.3821, Validation Accuracy: 88.98%
[Epoch 4, Batch     2] loss: 0.003
Epoch 4/5:
Train Loss: 0.0818, Train Accuracy: 96.93%
Validation Loss: 0.2888, Validation Accuracy: 91.95%
[Epoch 5, Batch     2] loss: 0.002
Epoch 5/5:
Train Loss: 0.0680, Train Accuracy: 97.77%
Validation Loss: 0.2973, Validation Accuracy: 92.25%
Model saved to models/resnet18-MNIST-predictive_entropy-balanced_by_score-0.95-3
Modified conv1: updated in_channels to 1.
Modified fc layer: updated out_features to 10.
Loaded weights from file: models/resnet18_MNIST_3
Modified conv1: updated in_channels to 1.
Modified fc layer: updated out_features to 10.
Initialized untrained model.
resnet18-MNIST-predictive_entropy-top-0.3-3
[Epoch 1, Batch     2] loss: 0.042
[Epoch 1, Batch   102] loss: 0.413
[Epoch 1, Batch   202] loss: 0.200
[Epoch 1, Batch   302] loss: 0.167
[Epoch 1, Batch   402] loss: 0.156
[Epoch 1, Batch   502] loss: 0.145
[Epoch 1, Batch   602] loss: 0.128
Epoch 1/5:
Train Loss: 0.0097, Train Accuracy: 93.65%
Validation Loss: 0.0738, Validation Accuracy: 97.77%
[Epoch 2, Batch     2] loss: 0.002
[Epoch 2, Batch   102] loss: 0.104
[Epoch 2, Batch   202] loss: 0.100
[Epoch 2, Batch   302] loss: 0.082
[Epoch 2, Batch   402] loss: 0.096
[Epoch 2, Batch   502] loss: 0.086
[Epoch 2, Batch   602] loss: 0.084
Epoch 2/5:
Train Loss: 0.0071, Train Accuracy: 97.13%
Validation Loss: 0.0780, Validation Accuracy: 97.53%
[Epoch 3, Batch     2] loss: 0.002
[Epoch 3, Batch   102] loss: 0.069
[Epoch 3, Batch   202] loss: 0.064
[Epoch 3, Batch   302] loss: 0.075
[Epoch 3, Batch   402] loss: 0.071
[Epoch 3, Batch   502] loss: 0.072
[Epoch 3, Batch   602] loss: 0.074
Epoch 3/5:
Train Loss: 0.0060, Train Accuracy: 97.83%
Validation Loss: 0.0477, Validation Accuracy: 98.61%
[Epoch 4, Batch     2] loss: 0.001
[Epoch 4, Batch   102] loss: 0.053
[Epoch 4, Batch   202] loss: 0.067
[Epoch 4, Batch   302] loss: 0.068
[Epoch 4, Batch   402] loss: 0.051
[Epoch 4, Batch   502] loss: 0.066
[Epoch 4, Batch   602] loss: 0.070
Epoch 4/5:
Train Loss: 0.0054, Train Accuracy: 98.10%
Validation Loss: 0.0531, Validation Accuracy: 98.31%
[Epoch 5, Batch     2] loss: 0.000
[Epoch 5, Batch   102] loss: 0.068
[Epoch 5, Batch   202] loss: 0.065
[Epoch 5, Batch   302] loss: 0.049
[Epoch 5, Batch   402] loss: 0.054
[Epoch 5, Batch   502] loss: 0.057
[Epoch 5, Batch   602] loss: 0.052
Epoch 5/5:
Train Loss: 0.0052, Train Accuracy: 98.20%
Validation Loss: 0.0539, Validation Accuracy: 98.31%
Model saved to models/resnet18-MNIST-predictive_entropy-top-0.3-3
Modified conv1: updated in_channels to 1.
Modified fc layer: updated out_features to 10.
Initialized untrained model.
resnet18-MNIST-predictive_entropy-top-0.5-3
[Epoch 1, Batch     2] loss: 0.039
[Epoch 1, Batch   102] loss: 0.452
[Epoch 1, Batch   202] loss: 0.261
[Epoch 1, Batch   302] loss: 0.204
[Epoch 1, Batch   402] loss: 0.178
Epoch 1/5:
Train Loss: 0.0259, Train Accuracy: 91.60%
Validation Loss: 0.0842, Validation Accuracy: 97.17%
[Epoch 2, Batch     2] loss: 0.005
[Epoch 2, Batch   102] loss: 0.119
[Epoch 2, Batch   202] loss: 0.141
[Epoch 2, Batch   302] loss: 0.110
[Epoch 2, Batch   402] loss: 0.121
Epoch 2/5:
Train Loss: 0.0160, Train Accuracy: 96.30%
Validation Loss: 0.0585, Validation Accuracy: 98.34%
[Epoch 3, Batch     2] loss: 0.001
[Epoch 3, Batch   102] loss: 0.093
[Epoch 3, Batch   202] loss: 0.085
[Epoch 3, Batch   302] loss: 0.104
[Epoch 3, Batch   402] loss: 0.084
Epoch 3/5:
Train Loss: 0.0134, Train Accuracy: 97.20%
Validation Loss: 0.1207, Validation Accuracy: 96.01%
[Epoch 4, Batch     2] loss: 0.001
[Epoch 4, Batch   102] loss: 0.074
[Epoch 4, Batch   202] loss: 0.072
[Epoch 4, Batch   302] loss: 0.086
[Epoch 4, Batch   402] loss: 0.089
Epoch 4/5:
Train Loss: 0.0129, Train Accuracy: 97.46%
Validation Loss: 0.0519, Validation Accuracy: 98.50%
[Epoch 5, Batch     2] loss: 0.002
[Epoch 5, Batch   102] loss: 0.063
[Epoch 5, Batch   202] loss: 0.067
[Epoch 5, Batch   302] loss: 0.061
[Epoch 5, Batch   402] loss: 0.065
Epoch 5/5:
Train Loss: 0.0095, Train Accuracy: 97.94%
Validation Loss: 0.0674, Validation Accuracy: 98.06%
Model saved to models/resnet18-MNIST-predictive_entropy-top-0.5-3
Modified conv1: updated in_channels to 1.
Modified fc layer: updated out_features to 10.
Initialized untrained model.
resnet18-MNIST-predictive_entropy-top-0.7-3
[Epoch 1, Batch     2] loss: 0.041
[Epoch 1, Batch   102] loss: 0.553
[Epoch 1, Batch   202] loss: 0.306
Epoch 1/5:
Train Loss: 0.0814, Train Accuracy: 87.09%
Validation Loss: 0.1674, Validation Accuracy: 94.75%
[Epoch 2, Batch     2] loss: 0.004
[Epoch 2, Batch   102] loss: 0.192
[Epoch 2, Batch   202] loss: 0.205
Epoch 2/5:
Train Loss: 0.0523, Train Accuracy: 93.73%
Validation Loss: 0.0719, Validation Accuracy: 97.77%
[Epoch 3, Batch     2] loss: 0.002
[Epoch 3, Batch   102] loss: 0.158
[Epoch 3, Batch   202] loss: 0.139
Epoch 3/5:
Train Loss: 0.0361, Train Accuracy: 95.35%
Validation Loss: 0.1352, Validation Accuracy: 95.33%
[Epoch 4, Batch     2] loss: 0.002
[Epoch 4, Batch   102] loss: 0.105
[Epoch 4, Batch   202] loss: 0.114
Epoch 4/5:
Train Loss: 0.0365, Train Accuracy: 96.38%
Validation Loss: 0.0624, Validation Accuracy: 98.11%
[Epoch 5, Batch     2] loss: 0.002
[Epoch 5, Batch   102] loss: 0.102
[Epoch 5, Batch   202] loss: 0.095
Epoch 5/5:
Train Loss: 0.0306, Train Accuracy: 96.66%
Validation Loss: 0.1786, Validation Accuracy: 94.17%
Model saved to models/resnet18-MNIST-predictive_entropy-top-0.7-3
Modified conv1: updated in_channels to 1.
Modified fc layer: updated out_features to 10.
Initialized untrained model.
resnet18-MNIST-predictive_entropy-top-0.8-3
[Epoch 1, Batch     2] loss: 0.047
[Epoch 1, Batch   102] loss: 0.643
Epoch 1/5:
Train Loss: 0.1809, Train Accuracy: 82.47%
Validation Loss: 0.3060, Validation Accuracy: 89.82%
[Epoch 2, Batch     2] loss: 0.009
[Epoch 2, Batch   102] loss: 0.267
Epoch 2/5:
Train Loss: 0.1130, Train Accuracy: 91.50%
Validation Loss: 0.2690, Validation Accuracy: 90.73%
[Epoch 3, Batch     2] loss: 0.003
[Epoch 3, Batch   102] loss: 0.230
Epoch 3/5:
Train Loss: 0.0916, Train Accuracy: 92.85%
Validation Loss: 0.2081, Validation Accuracy: 92.93%
[Epoch 4, Batch     2] loss: 0.003
[Epoch 4, Batch   102] loss: 0.152
Epoch 4/5:
Train Loss: 0.0775, Train Accuracy: 94.87%
Validation Loss: 0.1949, Validation Accuracy: 94.28%
[Epoch 5, Batch     2] loss: 0.003
[Epoch 5, Batch   102] loss: 0.135
Epoch 5/5:
Train Loss: 0.0636, Train Accuracy: 95.53%
Validation Loss: 0.0969, Validation Accuracy: 96.81%
Model saved to models/resnet18-MNIST-predictive_entropy-top-0.8-3
Modified conv1: updated in_channels to 1.
Modified fc layer: updated out_features to 10.
Initialized untrained model.
resnet18-MNIST-predictive_entropy-top-0.9-3
[Epoch 1, Batch     2] loss: 0.044
Epoch 1/5:
Train Loss: 0.7781, Train Accuracy: 73.70%
Validation Loss: 0.7365, Validation Accuracy: 74.95%
[Epoch 2, Batch     2] loss: 0.008
Epoch 2/5:
Train Loss: 0.4249, Train Accuracy: 85.83%
Validation Loss: 0.4935, Validation Accuracy: 81.84%
[Epoch 3, Batch     2] loss: 0.005
Epoch 3/5:
Train Loss: 0.3105, Train Accuracy: 89.53%
Validation Loss: 0.3420, Validation Accuracy: 87.64%
[Epoch 4, Batch     2] loss: 0.006
Epoch 4/5:
Train Loss: 0.2438, Train Accuracy: 91.50%
Validation Loss: 0.2096, Validation Accuracy: 92.77%
[Epoch 5, Batch     2] loss: 0.005
Epoch 5/5:
Train Loss: 0.2090, Train Accuracy: 93.05%
Validation Loss: 0.1853, Validation Accuracy: 93.67%
Model saved to models/resnet18-MNIST-predictive_entropy-top-0.9-3
Modified conv1: updated in_channels to 1.
Modified fc layer: updated out_features to 10.
Initialized untrained model.
resnet18-MNIST-predictive_entropy-top-0.95-3
[Epoch 1, Batch     2] loss: 0.049
Epoch 1/5:
Train Loss: 1.1088, Train Accuracy: 61.20%
Validation Loss: 1.7282, Validation Accuracy: 45.49%
[Epoch 2, Batch     2] loss: 0.015
Epoch 2/5:
Train Loss: 0.6495, Train Accuracy: 78.07%
Validation Loss: 0.8397, Validation Accuracy: 76.84%
[Epoch 3, Batch     2] loss: 0.011
Epoch 3/5:
Train Loss: 0.4272, Train Accuracy: 84.50%
Validation Loss: 0.6802, Validation Accuracy: 76.86%
[Epoch 4, Batch     2] loss: 0.006
Epoch 4/5:
Train Loss: 0.3596, Train Accuracy: 87.40%
Validation Loss: 1.4982, Validation Accuracy: 61.23%
[Epoch 5, Batch     2] loss: 0.005
Epoch 5/5:
Train Loss: 0.2885, Train Accuracy: 89.77%
Validation Loss: 1.0537, Validation Accuracy: 69.50%
Model saved to models/resnet18-MNIST-predictive_entropy-top-0.95-3
Modified conv1: updated in_channels to 1.
Modified fc layer: updated out_features to 10.
Loaded weights from file: models/resnet18_MNIST_3
Modified conv1: updated in_channels to 1.
Modified fc layer: updated out_features to 10.
Initialized untrained model.
resnet18-MNIST-predictive_entropy-bottom-0.3-3
[Epoch 1, Batch     2] loss: 0.039
[Epoch 1, Batch   102] loss: 0.188
[Epoch 1, Batch   202] loss: 0.053
[Epoch 1, Batch   302] loss: 0.049
[Epoch 1, Batch   402] loss: 0.040
[Epoch 1, Batch   502] loss: 0.038
[Epoch 1, Batch   602] loss: 0.041
Epoch 1/5:
Train Loss: 0.0026, Train Accuracy: 97.83%
Validation Loss: 0.1576, Validation Accuracy: 95.88%
[Epoch 2, Batch     2] loss: 0.001
[Epoch 2, Batch   102] loss: 0.022
[Epoch 2, Batch   202] loss: 0.025
[Epoch 2, Batch   302] loss: 0.026
[Epoch 2, Batch   402] loss: 0.024
[Epoch 2, Batch   502] loss: 0.011
[Epoch 2, Batch   602] loss: 0.019
Epoch 2/5:
Train Loss: 0.0009, Train Accuracy: 99.37%
Validation Loss: 0.1645, Validation Accuracy: 95.67%
[Epoch 3, Batch     2] loss: 0.000
[Epoch 3, Batch   102] loss: 0.022
[Epoch 3, Batch   202] loss: 0.009
[Epoch 3, Batch   302] loss: 0.007
[Epoch 3, Batch   402] loss: 0.012
[Epoch 3, Batch   502] loss: 0.009
[Epoch 3, Batch   602] loss: 0.013
Epoch 3/5:
Train Loss: 0.0011, Train Accuracy: 99.70%
Validation Loss: 0.1306, Validation Accuracy: 96.64%
[Epoch 4, Batch     2] loss: 0.000
[Epoch 4, Batch   102] loss: 0.017
[Epoch 4, Batch   202] loss: 0.038
[Epoch 4, Batch   302] loss: 0.015
[Epoch 4, Batch   402] loss: 0.010
[Epoch 4, Batch   502] loss: 0.019
[Epoch 4, Batch   602] loss: 0.020
Epoch 4/5:
Train Loss: 0.0005, Train Accuracy: 99.48%
Validation Loss: 0.0920, Validation Accuracy: 97.25%
[Epoch 5, Batch     2] loss: 0.000
[Epoch 5, Batch   102] loss: 0.016
[Epoch 5, Batch   202] loss: 0.004
[Epoch 5, Batch   302] loss: 0.014
[Epoch 5, Batch   402] loss: 0.017
[Epoch 5, Batch   502] loss: 0.020
[Epoch 5, Batch   602] loss: 0.012
Epoch 5/5:
Train Loss: 0.0006, Train Accuracy: 99.66%
Validation Loss: 0.1803, Validation Accuracy: 95.40%
Model saved to models/resnet18-MNIST-predictive_entropy-bottom-0.3-3
Modified conv1: updated in_channels to 1.
Modified fc layer: updated out_features to 10.
Initialized untrained model.
resnet18-MNIST-predictive_entropy-bottom-0.5-3
[Epoch 1, Batch     2] loss: 0.035
[Epoch 1, Batch   102] loss: 0.120
[Epoch 1, Batch   202] loss: 0.057
[Epoch 1, Batch   302] loss: 0.030
[Epoch 1, Batch   402] loss: 0.032
Epoch 1/5:
Train Loss: 0.0041, Train Accuracy: 98.05%
Validation Loss: 0.4312, Validation Accuracy: 86.32%
[Epoch 2, Batch     2] loss: 0.000
[Epoch 2, Batch   102] loss: 0.023
[Epoch 2, Batch   202] loss: 0.018
[Epoch 2, Batch   302] loss: 0.013
[Epoch 2, Batch   402] loss: 0.010
Epoch 2/5:
Train Loss: 0.0015, Train Accuracy: 99.57%
Validation Loss: 0.4273, Validation Accuracy: 87.78%
[Epoch 3, Batch     2] loss: 0.000
[Epoch 3, Batch   102] loss: 0.008
[Epoch 3, Batch   202] loss: 0.014
[Epoch 3, Batch   302] loss: 0.010
[Epoch 3, Batch   402] loss: 0.012
Epoch 3/5:
Train Loss: 0.0013, Train Accuracy: 99.69%
Validation Loss: 0.6805, Validation Accuracy: 86.54%
[Epoch 4, Batch     2] loss: 0.000
[Epoch 4, Batch   102] loss: 0.005
[Epoch 4, Batch   202] loss: 0.023
[Epoch 4, Batch   302] loss: 0.026
[Epoch 4, Batch   402] loss: 0.008
Epoch 4/5:
Train Loss: 0.0025, Train Accuracy: 99.61%
Validation Loss: 0.5357, Validation Accuracy: 85.00%
[Epoch 5, Batch     2] loss: 0.000
[Epoch 5, Batch   102] loss: 0.016
[Epoch 5, Batch   202] loss: 0.006
[Epoch 5, Batch   302] loss: 0.010
[Epoch 5, Batch   402] loss: 0.008
Epoch 5/5:
Train Loss: 0.0007, Train Accuracy: 99.77%
Validation Loss: 0.3259, Validation Accuracy: 88.96%
Model saved to models/resnet18-MNIST-predictive_entropy-bottom-0.5-3
Modified conv1: updated in_channels to 1.
Modified fc layer: updated out_features to 10.
Initialized untrained model.
resnet18-MNIST-predictive_entropy-bottom-0.7-3
[Epoch 1, Batch     2] loss: 0.035
[Epoch 1, Batch   102] loss: 0.100
[Epoch 1, Batch   202] loss: 0.022
Epoch 1/5:
Train Loss: 0.0042, Train Accuracy: 98.21%
Validation Loss: 1.5934, Validation Accuracy: 74.01%
[Epoch 2, Batch     2] loss: 0.000
[Epoch 2, Batch   102] loss: 0.014
[Epoch 2, Batch   202] loss: 0.014
Epoch 2/5:
Train Loss: 0.0063, Train Accuracy: 99.51%
Validation Loss: 2.5828, Validation Accuracy: 68.42%
[Epoch 3, Batch     2] loss: 0.001
[Epoch 3, Batch   102] loss: 0.017
[Epoch 3, Batch   202] loss: 0.009
Epoch 3/5:
Train Loss: 0.0018, Train Accuracy: 99.61%
Validation Loss: 1.2159, Validation Accuracy: 76.46%
[Epoch 4, Batch     2] loss: 0.000
[Epoch 4, Batch   102] loss: 0.009
[Epoch 4, Batch   202] loss: 0.001
Epoch 4/5:
Train Loss: 0.0004, Train Accuracy: 99.92%
Validation Loss: 1.0028, Validation Accuracy: 79.08%
[Epoch 5, Batch     2] loss: 0.000
[Epoch 5, Batch   102] loss: 0.002
[Epoch 5, Batch   202] loss: 0.006
Epoch 5/5:
Train Loss: 0.0017, Train Accuracy: 99.89%
Validation Loss: 1.1872, Validation Accuracy: 76.77%
Model saved to models/resnet18-MNIST-predictive_entropy-bottom-0.7-3
Modified conv1: updated in_channels to 1.
Modified fc layer: updated out_features to 10.
Initialized untrained model.
resnet18-MNIST-predictive_entropy-bottom-0.8-3
[Epoch 1, Batch     2] loss: 0.035
[Epoch 1, Batch   102] loss: 0.061
Epoch 1/5:
Train Loss: 0.0103, Train Accuracy: 98.12%
Validation Loss: 2.5863, Validation Accuracy: 58.49%
[Epoch 2, Batch     2] loss: 0.000
[Epoch 2, Batch   102] loss: 0.010
Epoch 2/5:
Train Loss: 0.0030, Train Accuracy: 99.72%
Validation Loss: 2.6129, Validation Accuracy: 59.87%
[Epoch 3, Batch     2] loss: 0.000
[Epoch 3, Batch   102] loss: 0.004
Epoch 3/5:
Train Loss: 0.0023, Train Accuracy: 99.87%
Validation Loss: 2.4305, Validation Accuracy: 56.14%
[Epoch 4, Batch     2] loss: 0.000
[Epoch 4, Batch   102] loss: 0.003
Epoch 4/5:
Train Loss: 0.0026, Train Accuracy: 99.89%
Validation Loss: 2.5709, Validation Accuracy: 52.50%
[Epoch 5, Batch     2] loss: 0.000
[Epoch 5, Batch   102] loss: 0.012
Epoch 5/5:
Train Loss: 0.0063, Train Accuracy: 99.57%
Validation Loss: 2.4444, Validation Accuracy: 55.64%
Model saved to models/resnet18-MNIST-predictive_entropy-bottom-0.8-3
Modified conv1: updated in_channels to 1.
Modified fc layer: updated out_features to 10.
Initialized untrained model.
resnet18-MNIST-predictive_entropy-bottom-0.9-3
[Epoch 1, Batch     2] loss: 0.029
Epoch 1/5:
Train Loss: 0.0303, Train Accuracy: 98.00%
Validation Loss: 5.9691, Validation Accuracy: 31.85%
[Epoch 2, Batch     2] loss: 0.000
Epoch 2/5:
Train Loss: 0.0162, Train Accuracy: 99.55%
Validation Loss: 4.2597, Validation Accuracy: 41.69%
[Epoch 3, Batch     2] loss: 0.000
Epoch 3/5:
Train Loss: 0.0074, Train Accuracy: 99.70%
Validation Loss: 4.2432, Validation Accuracy: 44.46%
[Epoch 4, Batch     2] loss: 0.000
Epoch 4/5:
Train Loss: 0.0030, Train Accuracy: 99.90%
Validation Loss: 4.3425, Validation Accuracy: 44.19%
[Epoch 5, Batch     2] loss: 0.000
Epoch 5/5:
Train Loss: 0.0058, Train Accuracy: 99.82%
Validation Loss: 4.7333, Validation Accuracy: 39.96%
Model saved to models/resnet18-MNIST-predictive_entropy-bottom-0.9-3
Modified conv1: updated in_channels to 1.
Modified fc layer: updated out_features to 10.
Initialized untrained model.
resnet18-MNIST-predictive_entropy-bottom-0.95-3
[Epoch 1, Batch     2] loss: 0.038
Epoch 1/5:
Train Loss: 0.0374, Train Accuracy: 96.57%
Validation Loss: 5.0435, Validation Accuracy: 32.76%
[Epoch 2, Batch     2] loss: 0.002
Epoch 2/5:
Train Loss: 0.0119, Train Accuracy: 99.60%
Validation Loss: 5.1338, Validation Accuracy: 32.48%
[Epoch 3, Batch     2] loss: 0.001
Epoch 3/5:
Train Loss: 0.0026, Train Accuracy: 99.87%
Validation Loss: 4.8197, Validation Accuracy: 35.75%
[Epoch 4, Batch     2] loss: 0.000
Epoch 4/5:
Train Loss: 0.0011, Train Accuracy: 99.93%
Validation Loss: 5.0643, Validation Accuracy: 35.46%
[Epoch 5, Batch     2] loss: 0.000
Epoch 5/5:
Train Loss: 0.0015, Train Accuracy: 99.97%
Validation Loss: 4.3371, Validation Accuracy: 38.47%
Model saved to models/resnet18-MNIST-predictive_entropy-bottom-0.95-3
