Modified fc layer: updated out_features to 10.
Initialized untrained model.
Files already downloaded and verified
Files already downloaded and verified
[Epoch 1, Batch   100] loss: 0.963
[Epoch 1, Batch   200] loss: 0.946
[Epoch 1, Batch   300] loss: 0.932
[Epoch 1, Batch   400] loss: 0.925
[Epoch 1, Batch   500] loss: 0.919
[Epoch 1, Batch   600] loss: 0.916
[Epoch 1, Batch   700] loss: 0.910
Epoch 1/50:
Train Loss: 0.0951, Train Accuracy: 48.24%
Validation Loss: 0.9157, Validation Accuracy: 51.53%
[Epoch 2, Batch   100] loss: 0.896
[Epoch 2, Batch   200] loss: 0.898
[Epoch 2, Batch   300] loss: 0.889
[Epoch 2, Batch   400] loss: 0.888
[Epoch 2, Batch   500] loss: 0.887
[Epoch 2, Batch   600] loss: 0.886
[Epoch 2, Batch   700] loss: 0.882
Epoch 2/50:
Train Loss: 0.0923, Train Accuracy: 61.40%
Validation Loss: 0.8847, Validation Accuracy: 62.89%
[Epoch 3, Batch   100] loss: 0.874
[Epoch 3, Batch   200] loss: 0.873
[Epoch 3, Batch   300] loss: 0.872
[Epoch 3, Batch   400] loss: 0.869
[Epoch 3, Batch   500] loss: 0.866
[Epoch 3, Batch   600] loss: 0.868
[Epoch 3, Batch   700] loss: 0.865
Epoch 3/50:
Train Loss: 0.0904, Train Accuracy: 67.19%
Validation Loss: 0.8878, Validation Accuracy: 61.53%
[Epoch 4, Batch   100] loss: 0.858
[Epoch 4, Batch   200] loss: 0.858
[Epoch 4, Batch   300] loss: 0.858
[Epoch 4, Batch   400] loss: 0.853
[Epoch 4, Batch   500] loss: 0.854
[Epoch 4, Batch   600] loss: 0.855
[Epoch 4, Batch   700] loss: 0.853
Epoch 4/50:
Train Loss: 0.0894, Train Accuracy: 70.73%
Validation Loss: 0.8698, Validation Accuracy: 66.78%
[Epoch 5, Batch   100] loss: 0.837
[Epoch 5, Batch   200] loss: 0.844
[Epoch 5, Batch   300] loss: 0.842
[Epoch 5, Batch   400] loss: 0.847
[Epoch 5, Batch   500] loss: 0.845
[Epoch 5, Batch   600] loss: 0.846
[Epoch 5, Batch   700] loss: 0.843
Epoch 5/50:
Train Loss: 0.0887, Train Accuracy: 73.80%
Validation Loss: 0.8844, Validation Accuracy: 63.77%
[Epoch 6, Batch   100] loss: 0.834
[Epoch 6, Batch   200] loss: 0.836
[Epoch 6, Batch   300] loss: 0.833
[Epoch 6, Batch   400] loss: 0.834
[Epoch 6, Batch   500] loss: 0.834
[Epoch 6, Batch   600] loss: 0.835
[Epoch 6, Batch   700] loss: 0.835
Epoch 6/50:
Train Loss: 0.0876, Train Accuracy: 76.03%
Validation Loss: 0.8606, Validation Accuracy: 70.17%
[Epoch 7, Batch   100] loss: 0.823
[Epoch 7, Batch   200] loss: 0.824
[Epoch 7, Batch   300] loss: 0.826
[Epoch 7, Batch   400] loss: 0.823
[Epoch 7, Batch   500] loss: 0.825
[Epoch 7, Batch   600] loss: 0.828
[Epoch 7, Batch   700] loss: 0.825
Epoch 7/50:
Train Loss: 0.0865, Train Accuracy: 78.47%
Validation Loss: 0.8577, Validation Accuracy: 71.28%
[Epoch 8, Batch   100] loss: 0.814
[Epoch 8, Batch   200] loss: 0.816
[Epoch 8, Batch   300] loss: 0.819
[Epoch 8, Batch   400] loss: 0.821
[Epoch 8, Batch   500] loss: 0.818
[Epoch 8, Batch   600] loss: 0.819
[Epoch 8, Batch   700] loss: 0.818
Epoch 8/50:
Train Loss: 0.0858, Train Accuracy: 80.17%
Validation Loss: 0.8779, Validation Accuracy: 65.82%
[Epoch 9, Batch   100] loss: 0.806
[Epoch 9, Batch   200] loss: 0.808
[Epoch 9, Batch   300] loss: 0.809
[Epoch 9, Batch   400] loss: 0.811
[Epoch 9, Batch   500] loss: 0.813
[Epoch 9, Batch   600] loss: 0.812
[Epoch 9, Batch   700] loss: 0.815
Epoch 9/50:
Train Loss: 0.0854, Train Accuracy: 81.73%
Validation Loss: 0.8440, Validation Accuracy: 73.79%
[Epoch 10, Batch   100] loss: 0.800
[Epoch 10, Batch   200] loss: 0.801
[Epoch 10, Batch   300] loss: 0.802
[Epoch 10, Batch   400] loss: 0.802
[Epoch 10, Batch   500] loss: 0.804
[Epoch 10, Batch   600] loss: 0.807
[Epoch 10, Batch   700] loss: 0.806
Epoch 10/50:
Train Loss: 0.0849, Train Accuracy: 83.46%
Validation Loss: 0.8436, Validation Accuracy: 74.10%
[Epoch 11, Batch   100] loss: 0.791
[Epoch 11, Batch   200] loss: 0.794
[Epoch 11, Batch   300] loss: 0.796
[Epoch 11, Batch   400] loss: 0.799
[Epoch 11, Batch   500] loss: 0.800
[Epoch 11, Batch   600] loss: 0.803
[Epoch 11, Batch   700] loss: 0.804
Epoch 11/50:
Train Loss: 0.0836, Train Accuracy: 84.81%
Validation Loss: 0.8482, Validation Accuracy: 73.39%
[Epoch 12, Batch   100] loss: 0.788
[Epoch 12, Batch   200] loss: 0.790
[Epoch 12, Batch   300] loss: 0.794
[Epoch 12, Batch   400] loss: 0.793
[Epoch 12, Batch   500] loss: 0.793
[Epoch 12, Batch   600] loss: 0.796
[Epoch 12, Batch   700] loss: 0.798
Epoch 12/50:
Train Loss: 0.0838, Train Accuracy: 85.73%
Validation Loss: 0.8616, Validation Accuracy: 70.93%
[Epoch 13, Batch   100] loss: 0.783
[Epoch 13, Batch   200] loss: 0.782
[Epoch 13, Batch   300] loss: 0.786
[Epoch 13, Batch   400] loss: 0.786
[Epoch 13, Batch   500] loss: 0.789
[Epoch 13, Batch   600] loss: 0.790
[Epoch 13, Batch   700] loss: 0.795
Epoch 13/50:
Train Loss: 0.0834, Train Accuracy: 87.09%
Validation Loss: 0.8403, Validation Accuracy: 75.84%
[Epoch 14, Batch   100] loss: 0.775
[Epoch 14, Batch   200] loss: 0.777
[Epoch 14, Batch   300] loss: 0.779
[Epoch 14, Batch   400] loss: 0.785
[Epoch 14, Batch   500] loss: 0.788
[Epoch 14, Batch   600] loss: 0.782
[Epoch 14, Batch   700] loss: 0.789
Epoch 14/50:
Train Loss: 0.0825, Train Accuracy: 88.20%
Validation Loss: 0.8526, Validation Accuracy: 73.16%
[Epoch 15, Batch   100] loss: 0.776
[Epoch 15, Batch   200] loss: 0.778
[Epoch 15, Batch   300] loss: 0.778
[Epoch 15, Batch   400] loss: 0.780
[Epoch 15, Batch   500] loss: 0.779
[Epoch 15, Batch   600] loss: 0.783
[Epoch 15, Batch   700] loss: 0.786
Epoch 15/50:
Train Loss: 0.0823, Train Accuracy: 88.66%
Validation Loss: 0.8495, Validation Accuracy: 73.92%
[Epoch 16, Batch   100] loss: 0.772
[Epoch 16, Batch   200] loss: 0.772
[Epoch 16, Batch   300] loss: 0.774
[Epoch 16, Batch   400] loss: 0.777
[Epoch 16, Batch   500] loss: 0.779
[Epoch 16, Batch   600] loss: 0.777
[Epoch 16, Batch   700] loss: 0.783
Epoch 16/50:
Train Loss: 0.0822, Train Accuracy: 89.53%
Validation Loss: 0.8435, Validation Accuracy: 75.63%
[Epoch 17, Batch   100] loss: 0.769
[Epoch 17, Batch   200] loss: 0.768
[Epoch 17, Batch   300] loss: 0.775
[Epoch 17, Batch   400] loss: 0.774
[Epoch 17, Batch   500] loss: 0.776
[Epoch 17, Batch   600] loss: 0.776
[Epoch 17, Batch   700] loss: 0.779
Epoch 17/50:
Train Loss: 0.0821, Train Accuracy: 90.13%
Validation Loss: 0.8538, Validation Accuracy: 73.32%
[Epoch 18, Batch   100] loss: 0.766
[Epoch 18, Batch   200] loss: 0.768
[Epoch 18, Batch   300] loss: 0.768
[Epoch 18, Batch   400] loss: 0.774
[Epoch 18, Batch   500] loss: 0.773
[Epoch 18, Batch   600] loss: 0.775
[Epoch 18, Batch   700] loss: 0.778
Epoch 18/50:
Train Loss: 0.0817, Train Accuracy: 90.57%
Validation Loss: 0.8565, Validation Accuracy: 72.73%
[Epoch 19, Batch   100] loss: 0.768
[Epoch 19, Batch   200] loss: 0.764
[Epoch 19, Batch   300] loss: 0.768
[Epoch 19, Batch   400] loss: 0.770
[Epoch 19, Batch   500] loss: 0.769
[Epoch 19, Batch   600] loss: 0.769
[Epoch 19, Batch   700] loss: 0.774
Epoch 19/50:
Train Loss: 0.0814, Train Accuracy: 91.15%
Validation Loss: 0.8412, Validation Accuracy: 75.60%
[Epoch 20, Batch   100] loss: 0.762
[Epoch 20, Batch   200] loss: 0.763
[Epoch 20, Batch   300] loss: 0.767
[Epoch 20, Batch   400] loss: 0.764
[Epoch 20, Batch   500] loss: 0.771
[Epoch 20, Batch   600] loss: 0.768
[Epoch 20, Batch   700] loss: 0.770
Epoch 20/50:
Train Loss: 0.0810, Train Accuracy: 91.75%
Validation Loss: 0.8498, Validation Accuracy: 74.66%
[Epoch 21, Batch   100] loss: 0.763
[Epoch 21, Batch   200] loss: 0.762
[Epoch 21, Batch   300] loss: 0.767
[Epoch 21, Batch   400] loss: 0.768
[Epoch 21, Batch   500] loss: 0.768
[Epoch 21, Batch   600] loss: 0.769
[Epoch 21, Batch   700] loss: 0.766
Epoch 21/50:
Train Loss: 0.0811, Train Accuracy: 91.88%
Validation Loss: 0.8474, Validation Accuracy: 74.86%
[Epoch 22, Batch   100] loss: 0.763
[Epoch 22, Batch   200] loss: 0.762
[Epoch 22, Batch   300] loss: 0.763
[Epoch 22, Batch   400] loss: 0.765
[Epoch 22, Batch   500] loss: 0.766
[Epoch 22, Batch   600] loss: 0.764
[Epoch 22, Batch   700] loss: 0.771
Epoch 22/50:
Train Loss: 0.0807, Train Accuracy: 92.15%
Validation Loss: 0.8442, Validation Accuracy: 75.95%
[Epoch 23, Batch   100] loss: 0.759
[Epoch 23, Batch   200] loss: 0.758
[Epoch 23, Batch   300] loss: 0.761
[Epoch 23, Batch   400] loss: 0.763
[Epoch 23, Batch   500] loss: 0.765
[Epoch 23, Batch   600] loss: 0.764
[Epoch 23, Batch   700] loss: 0.766
Epoch 23/50:
Train Loss: 0.0802, Train Accuracy: 92.70%
Validation Loss: 0.8486, Validation Accuracy: 75.39%
[Epoch 24, Batch   100] loss: 0.760
[Epoch 24, Batch   200] loss: 0.758
[Epoch 24, Batch   300] loss: 0.760
[Epoch 24, Batch   400] loss: 0.759
[Epoch 24, Batch   500] loss: 0.761
[Epoch 24, Batch   600] loss: 0.764
[Epoch 24, Batch   700] loss: 0.764
Epoch 24/50:
Train Loss: 0.0804, Train Accuracy: 93.00%
Validation Loss: 0.8545, Validation Accuracy: 73.79%
[Epoch 25, Batch   100] loss: 0.756
[Epoch 25, Batch   200] loss: 0.761
[Epoch 25, Batch   300] loss: 0.757
[Epoch 25, Batch   400] loss: 0.760
[Epoch 25, Batch   500] loss: 0.762
[Epoch 25, Batch   600] loss: 0.765
[Epoch 25, Batch   700] loss: 0.767
Epoch 25/50:
Train Loss: 0.0806, Train Accuracy: 92.86%
Validation Loss: 0.8440, Validation Accuracy: 76.27%
[Epoch 26, Batch   100] loss: 0.755
[Epoch 26, Batch   200] loss: 0.755
[Epoch 26, Batch   300] loss: 0.757
[Epoch 26, Batch   400] loss: 0.762
[Epoch 26, Batch   500] loss: 0.759
[Epoch 26, Batch   600] loss: 0.764
[Epoch 26, Batch   700] loss: 0.764
Epoch 26/50:
Train Loss: 0.0802, Train Accuracy: 93.30%
Validation Loss: 0.8468, Validation Accuracy: 75.94%
[Epoch 27, Batch   100] loss: 0.753
[Epoch 27, Batch   200] loss: 0.755
[Epoch 27, Batch   300] loss: 0.755
[Epoch 27, Batch   400] loss: 0.760
[Epoch 27, Batch   500] loss: 0.760
[Epoch 27, Batch   600] loss: 0.764
[Epoch 27, Batch   700] loss: 0.761
Epoch 27/50:
Train Loss: 0.0800, Train Accuracy: 93.51%
Validation Loss: 0.8434, Validation Accuracy: 76.37%
[Epoch 28, Batch   100] loss: 0.755
[Epoch 28, Batch   200] loss: 0.756
[Epoch 28, Batch   300] loss: 0.760
[Epoch 28, Batch   400] loss: 0.758
[Epoch 28, Batch   500] loss: 0.756
[Epoch 28, Batch   600] loss: 0.760
[Epoch 28, Batch   700] loss: 0.762
Epoch 28/50:
Train Loss: 0.0802, Train Accuracy: 93.58%
Validation Loss: 0.8528, Validation Accuracy: 74.20%
[Epoch 29, Batch   100] loss: 0.753
[Epoch 29, Batch   200] loss: 0.753
[Epoch 29, Batch   300] loss: 0.756
[Epoch 29, Batch   400] loss: 0.760
[Epoch 29, Batch   500] loss: 0.759
[Epoch 29, Batch   600] loss: 0.758
[Epoch 29, Batch   700] loss: 0.760
Epoch 29/50:
Train Loss: 0.0800, Train Accuracy: 93.79%
Validation Loss: 0.8505, Validation Accuracy: 75.70%
[Epoch 30, Batch   100] loss: 0.751
[Epoch 30, Batch   200] loss: 0.754
[Epoch 30, Batch   300] loss: 0.755
[Epoch 30, Batch   400] loss: 0.754
[Epoch 30, Batch   500] loss: 0.761
[Epoch 30, Batch   600] loss: 0.761
[Epoch 30, Batch   700] loss: 0.761
Epoch 30/50:
Train Loss: 0.0801, Train Accuracy: 93.85%
Validation Loss: 0.8509, Validation Accuracy: 74.74%
[Epoch 31, Batch   100] loss: 0.751
[Epoch 31, Batch   200] loss: 0.753
[Epoch 31, Batch   300] loss: 0.753
[Epoch 31, Batch   400] loss: 0.757
[Epoch 31, Batch   500] loss: 0.758
[Epoch 31, Batch   600] loss: 0.760
[Epoch 31, Batch   700] loss: 0.761
Epoch 31/50:
Train Loss: 0.0802, Train Accuracy: 93.91%
Validation Loss: 0.8869, Validation Accuracy: 68.30%
[Epoch 32, Batch   100] loss: 0.754
[Epoch 32, Batch   200] loss: 0.751
[Epoch 32, Batch   300] loss: 0.755
[Epoch 32, Batch   400] loss: 0.753
[Epoch 32, Batch   500] loss: 0.758
[Epoch 32, Batch   600] loss: 0.760
[Epoch 32, Batch   700] loss: 0.762
Epoch 32/50:
Train Loss: 0.0796, Train Accuracy: 94.01%
Validation Loss: 0.8476, Validation Accuracy: 75.90%
[Epoch 33, Batch   100] loss: 0.749
[Epoch 33, Batch   200] loss: 0.751
[Epoch 33, Batch   300] loss: 0.752
[Epoch 33, Batch   400] loss: 0.755
[Epoch 33, Batch   500] loss: 0.758
[Epoch 33, Batch   600] loss: 0.761
[Epoch 33, Batch   700] loss: 0.760
Epoch 33/50:
Train Loss: 0.0795, Train Accuracy: 94.31%
Validation Loss: 0.8535, Validation Accuracy: 75.48%
[Epoch 34, Batch   100] loss: 0.750
[Epoch 34, Batch   200] loss: 0.753
[Epoch 34, Batch   300] loss: 0.754
[Epoch 34, Batch   400] loss: 0.757
[Epoch 34, Batch   500] loss: 0.757
[Epoch 34, Batch   600] loss: 0.755
[Epoch 34, Batch   700] loss: 0.758
Epoch 34/50:
Train Loss: 0.0798, Train Accuracy: 94.25%
Validation Loss: 0.8437, Validation Accuracy: 76.67%
[Epoch 35, Batch   100] loss: 0.749
[Epoch 35, Batch   200] loss: 0.753
[Epoch 35, Batch   300] loss: 0.754
[Epoch 35, Batch   400] loss: 0.752
[Epoch 35, Batch   500] loss: 0.757
[Epoch 35, Batch   600] loss: 0.756
[Epoch 35, Batch   700] loss: 0.757
Epoch 35/50:
Train Loss: 0.0796, Train Accuracy: 94.48%
Validation Loss: 0.8545, Validation Accuracy: 74.92%
[Epoch 36, Batch   100] loss: 0.749
[Epoch 36, Batch   200] loss: 0.751
[Epoch 36, Batch   300] loss: 0.753
[Epoch 36, Batch   400] loss: 0.752
[Epoch 36, Batch   500] loss: 0.755
[Epoch 36, Batch   600] loss: 0.756
[Epoch 36, Batch   700] loss: 0.762
Epoch 36/50:
Train Loss: 0.0792, Train Accuracy: 94.57%
Validation Loss: 0.8598, Validation Accuracy: 74.18%
[Epoch 37, Batch   100] loss: 0.748
[Epoch 37, Batch   200] loss: 0.750
[Epoch 37, Batch   300] loss: 0.752
[Epoch 37, Batch   400] loss: 0.754
[Epoch 37, Batch   500] loss: 0.753
[Epoch 37, Batch   600] loss: 0.756
[Epoch 37, Batch   700] loss: 0.761
Epoch 37/50:
Train Loss: 0.0793, Train Accuracy: 94.64%
Validation Loss: 0.8449, Validation Accuracy: 76.77%
[Epoch 38, Batch   100] loss: 0.751
[Epoch 38, Batch   200] loss: 0.748
[Epoch 38, Batch   300] loss: 0.753
[Epoch 38, Batch   400] loss: 0.754
[Epoch 38, Batch   500] loss: 0.755
[Epoch 38, Batch   600] loss: 0.755
[Epoch 38, Batch   700] loss: 0.757
Epoch 38/50:
Train Loss: 0.0796, Train Accuracy: 94.59%
Validation Loss: 0.8518, Validation Accuracy: 75.03%
[Epoch 39, Batch   100] loss: 0.746
[Epoch 39, Batch   200] loss: 0.749
[Epoch 39, Batch   300] loss: 0.753
[Epoch 39, Batch   400] loss: 0.756
[Epoch 39, Batch   500] loss: 0.756
[Epoch 39, Batch   600] loss: 0.757
[Epoch 39, Batch   700] loss: 0.755
Epoch 39/50:
Train Loss: 0.0794, Train Accuracy: 94.68%
Validation Loss: 0.8509, Validation Accuracy: 75.53%
[Epoch 40, Batch   100] loss: 0.749
[Epoch 40, Batch   200] loss: 0.752
[Epoch 40, Batch   300] loss: 0.757
[Epoch 40, Batch   400] loss: 0.751
[Epoch 40, Batch   500] loss: 0.755
[Epoch 40, Batch   600] loss: 0.755
[Epoch 40, Batch   700] loss: 0.754
Epoch 40/50:
Train Loss: 0.0795, Train Accuracy: 94.60%
Validation Loss: 0.8498, Validation Accuracy: 75.58%
[Epoch 41, Batch   100] loss: 0.749
[Epoch 41, Batch   200] loss: 0.748
[Epoch 41, Batch   300] loss: 0.751
[Epoch 41, Batch   400] loss: 0.751
[Epoch 41, Batch   500] loss: 0.753
[Epoch 41, Batch   600] loss: 0.756
[Epoch 41, Batch   700] loss: 0.756
Epoch 41/50:
Train Loss: 0.0795, Train Accuracy: 94.80%
Validation Loss: 0.8518, Validation Accuracy: 75.54%
[Epoch 42, Batch   100] loss: 0.750
[Epoch 42, Batch   200] loss: 0.750
[Epoch 42, Batch   300] loss: 0.753
[Epoch 42, Batch   400] loss: 0.751
[Epoch 42, Batch   500] loss: 0.753
[Epoch 42, Batch   600] loss: 0.756
[Epoch 42, Batch   700] loss: 0.759
Epoch 42/50:
Train Loss: 0.0790, Train Accuracy: 94.73%
Validation Loss: 0.8507, Validation Accuracy: 76.09%
[Epoch 43, Batch   100] loss: 0.746
[Epoch 43, Batch   200] loss: 0.748
[Epoch 43, Batch   300] loss: 0.751
[Epoch 43, Batch   400] loss: 0.751
[Epoch 43, Batch   500] loss: 0.751
[Epoch 43, Batch   600] loss: 0.752
[Epoch 43, Batch   700] loss: 0.758
Epoch 43/50:
Train Loss: 0.0792, Train Accuracy: 95.04%
Validation Loss: 0.8500, Validation Accuracy: 75.86%
[Epoch 44, Batch   100] loss: 0.747
[Epoch 44, Batch   200] loss: 0.751
[Epoch 44, Batch   300] loss: 0.750
[Epoch 44, Batch   400] loss: 0.752
[Epoch 44, Batch   500] loss: 0.753
[Epoch 44, Batch   600] loss: 0.755
[Epoch 44, Batch   700] loss: 0.754
Epoch 44/50:
Train Loss: 0.0790, Train Accuracy: 95.08%
Validation Loss: 0.8495, Validation Accuracy: 76.29%
[Epoch 45, Batch   100] loss: 0.748
[Epoch 45, Batch   200] loss: 0.750
[Epoch 45, Batch   300] loss: 0.746
[Epoch 45, Batch   400] loss: 0.752
[Epoch 45, Batch   500] loss: 0.751
[Epoch 45, Batch   600] loss: 0.755
[Epoch 45, Batch   700] loss: 0.756
Epoch 45/50:
Train Loss: 0.0792, Train Accuracy: 95.03%
Validation Loss: 0.8576, Validation Accuracy: 74.24%
[Epoch 46, Batch   100] loss: 0.748
[Epoch 46, Batch   200] loss: 0.748
[Epoch 46, Batch   300] loss: 0.750
[Epoch 46, Batch   400] loss: 0.751
[Epoch 46, Batch   500] loss: 0.752
[Epoch 46, Batch   600] loss: 0.753
[Epoch 46, Batch   700] loss: 0.754
Epoch 46/50:
Train Loss: 0.0794, Train Accuracy: 95.09%
Validation Loss: 0.8479, Validation Accuracy: 76.44%
[Epoch 47, Batch   100] loss: 0.748
[Epoch 47, Batch   200] loss: 0.747
[Epoch 47, Batch   300] loss: 0.749
[Epoch 47, Batch   400] loss: 0.750
[Epoch 47, Batch   500] loss: 0.750
[Epoch 47, Batch   600] loss: 0.755
[Epoch 47, Batch   700] loss: 0.755
Epoch 47/50:
Train Loss: 0.0793, Train Accuracy: 95.17%
Validation Loss: 0.8486, Validation Accuracy: 76.03%
[Epoch 48, Batch   100] loss: 0.746
[Epoch 48, Batch   200] loss: 0.749
[Epoch 48, Batch   300] loss: 0.749
[Epoch 48, Batch   400] loss: 0.751
[Epoch 48, Batch   500] loss: 0.750
[Epoch 48, Batch   600] loss: 0.754
[Epoch 48, Batch   700] loss: 0.753
Epoch 48/50:
Train Loss: 0.0790, Train Accuracy: 95.27%
Validation Loss: 0.8530, Validation Accuracy: 75.50%
[Epoch 49, Batch   100] loss: 0.747
[Epoch 49, Batch   200] loss: 0.748
[Epoch 49, Batch   300] loss: 0.746
[Epoch 49, Batch   400] loss: 0.750
[Epoch 49, Batch   500] loss: 0.754
[Epoch 49, Batch   600] loss: 0.755
[Epoch 49, Batch   700] loss: 0.755
Epoch 49/50:
Train Loss: 0.0797, Train Accuracy: 95.04%
Validation Loss: 0.8546, Validation Accuracy: 74.73%
[Epoch 50, Batch   100] loss: 0.746
[Epoch 50, Batch   200] loss: 0.747
[Epoch 50, Batch   300] loss: 0.751
[Epoch 50, Batch   400] loss: 0.748
[Epoch 50, Batch   500] loss: 0.753
[Epoch 50, Batch   600] loss: 0.751
[Epoch 50, Batch   700] loss: 0.754
Epoch 50/50:
Train Loss: 0.0792, Train Accuracy: 95.22%
Validation Loss: 0.8548, Validation Accuracy: 75.32%
Model saved to models/resnet18_CIFAR10_E1_1
Modified fc layer: updated out_features to 10.
Loaded weights from file: models/resnet18_CIFAR10_E1_1
Files already downloaded and verified
Files already downloaded and verified
Modified fc layer: updated out_features to 10.
Initialized untrained model.
resnet18-CIFAR10-random-0.3-1
[Epoch 1, Batch     2] loss: 0.050
[Epoch 1, Batch   102] loss: 1.807
[Epoch 1, Batch   202] loss: 1.557
[Epoch 1, Batch   302] loss: 1.442
[Epoch 1, Batch   402] loss: 1.377
[Epoch 1, Batch   502] loss: 1.316
Epoch 1/5:
Train Loss: 0.1062, Train Accuracy: 46.83%
Validation Loss: 1.4509, Validation Accuracy: 48.01%
[Epoch 2, Batch     2] loss: 0.025
[Epoch 2, Batch   102] loss: 1.199
[Epoch 2, Batch   202] loss: 1.134
[Epoch 2, Batch   302] loss: 1.109
[Epoch 2, Batch   402] loss: 1.081
[Epoch 2, Batch   502] loss: 1.083
Epoch 2/5:
Train Loss: 0.0827, Train Accuracy: 60.73%
Validation Loss: 1.5799, Validation Accuracy: 46.72%
[Epoch 3, Batch     2] loss: 0.022
[Epoch 3, Batch   102] loss: 0.943
[Epoch 3, Batch   202] loss: 0.934
[Epoch 3, Batch   302] loss: 0.935
[Epoch 3, Batch   402] loss: 0.930
[Epoch 3, Batch   502] loss: 0.911
Epoch 3/5:
Train Loss: 0.0761, Train Accuracy: 67.60%
Validation Loss: 1.0513, Validation Accuracy: 63.43%
[Epoch 4, Batch     2] loss: 0.015
[Epoch 4, Batch   102] loss: 0.770
[Epoch 4, Batch   202] loss: 0.802
[Epoch 4, Batch   302] loss: 0.790
[Epoch 4, Batch   402] loss: 0.801
[Epoch 4, Batch   502] loss: 0.801
Epoch 4/5:
Train Loss: 0.0662, Train Accuracy: 72.19%
Validation Loss: 1.0674, Validation Accuracy: 64.58%
[Epoch 5, Batch     2] loss: 0.012
[Epoch 5, Batch   102] loss: 0.656
[Epoch 5, Batch   202] loss: 0.722
[Epoch 5, Batch   302] loss: 0.696
[Epoch 5, Batch   402] loss: 0.732
[Epoch 5, Batch   502] loss: 0.728
Epoch 5/5:
Train Loss: 0.0562, Train Accuracy: 75.48%
Validation Loss: 1.0313, Validation Accuracy: 65.63%
Modified fc layer: updated out_features to 10.
Initialized untrained model.
resnet18-CIFAR10-random-0.5-1
[Epoch 1, Batch     2] loss: 0.051
[Epoch 1, Batch   102] loss: 1.794
[Epoch 1, Batch   202] loss: 1.530
[Epoch 1, Batch   302] loss: 1.436
Epoch 1/5:
Train Loss: 0.3065, Train Accuracy: 44.17%
Validation Loss: 1.7649, Validation Accuracy: 41.37%
[Epoch 2, Batch     2] loss: 0.025
[Epoch 2, Batch   102] loss: 1.225
[Epoch 2, Batch   202] loss: 1.231
[Epoch 2, Batch   302] loss: 1.155
Epoch 2/5:
Train Loss: 0.2552, Train Accuracy: 58.03%
Validation Loss: 1.2360, Validation Accuracy: 55.93%
[Epoch 3, Batch     2] loss: 0.018
[Epoch 3, Batch   102] loss: 1.007
[Epoch 3, Batch   202] loss: 1.010
[Epoch 3, Batch   302] loss: 0.990
Epoch 3/5:
Train Loss: 0.2228, Train Accuracy: 64.74%
Validation Loss: 1.4601, Validation Accuracy: 52.24%
[Epoch 4, Batch     2] loss: 0.017
[Epoch 4, Batch   102] loss: 0.872
[Epoch 4, Batch   202] loss: 0.867
[Epoch 4, Batch   302] loss: 0.843
Epoch 4/5:
Train Loss: 0.1970, Train Accuracy: 69.69%
Validation Loss: 1.4348, Validation Accuracy: 53.64%
[Epoch 5, Batch     2] loss: 0.016
[Epoch 5, Batch   102] loss: 0.711
[Epoch 5, Batch   202] loss: 0.752
[Epoch 5, Batch   302] loss: 0.767
Epoch 5/5:
Train Loss: 0.1807, Train Accuracy: 73.50%
Validation Loss: 1.0918, Validation Accuracy: 62.63%
Modified fc layer: updated out_features to 10.
Initialized untrained model.
resnet18-CIFAR10-random-0.7-1
[Epoch 1, Batch     2] loss: 0.050
[Epoch 1, Batch   102] loss: 1.837
[Epoch 1, Batch   202] loss: 1.557
Epoch 1/5:
Train Loss: 0.2054, Train Accuracy: 39.77%
Validation Loss: 1.5147, Validation Accuracy: 45.27%
[Epoch 2, Batch     2] loss: 0.027
[Epoch 2, Batch   102] loss: 1.352
[Epoch 2, Batch   202] loss: 1.283
Epoch 2/5:
Train Loss: 0.1819, Train Accuracy: 52.86%
Validation Loss: 1.7982, Validation Accuracy: 39.68%
[Epoch 3, Batch     2] loss: 0.022
[Epoch 3, Batch   102] loss: 1.155
[Epoch 3, Batch   202] loss: 1.138
Epoch 3/5:
Train Loss: 0.1614, Train Accuracy: 58.80%
Validation Loss: 1.5686, Validation Accuracy: 48.14%
[Epoch 4, Batch     2] loss: 0.020
[Epoch 4, Batch   102] loss: 1.009
[Epoch 4, Batch   202] loss: 0.985
Epoch 4/5:
Train Loss: 0.1378, Train Accuracy: 64.96%
Validation Loss: 1.9999, Validation Accuracy: 38.79%
[Epoch 5, Batch     2] loss: 0.020
[Epoch 5, Batch   102] loss: 0.852
[Epoch 5, Batch   202] loss: 0.892
Epoch 5/5:
Train Loss: 0.1243, Train Accuracy: 69.01%
Validation Loss: 1.1328, Validation Accuracy: 61.16%
Modified fc layer: updated out_features to 10.
Initialized untrained model.
resnet18-CIFAR10-random-0.8-1
[Epoch 1, Batch     2] loss: 0.050
[Epoch 1, Batch   102] loss: 1.793
Epoch 1/5:
Train Loss: 0.5523, Train Accuracy: 38.05%
Validation Loss: 1.5098, Validation Accuracy: 44.58%
[Epoch 2, Batch     2] loss: 0.027
[Epoch 2, Batch   102] loss: 1.421
Epoch 2/5:
Train Loss: 0.4794, Train Accuracy: 50.27%
Validation Loss: 1.4390, Validation Accuracy: 49.80%
[Epoch 3, Batch     2] loss: 0.021
[Epoch 3, Batch   102] loss: 1.227
Epoch 3/5:
Train Loss: 0.4321, Train Accuracy: 56.15%
Validation Loss: 1.3926, Validation Accuracy: 50.73%
[Epoch 4, Batch     2] loss: 0.017
[Epoch 4, Batch   102] loss: 1.067
Epoch 4/5:
Train Loss: 0.3762, Train Accuracy: 61.77%
Validation Loss: 1.4793, Validation Accuracy: 51.01%
[Epoch 5, Batch     2] loss: 0.018
[Epoch 5, Batch   102] loss: 0.909
Epoch 5/5:
Train Loss: 0.3309, Train Accuracy: 67.49%
Validation Loss: 1.4502, Validation Accuracy: 52.62%
Modified fc layer: updated out_features to 10.
Initialized untrained model.
resnet18-CIFAR10-random-0.9-1
[Epoch 1, Batch     2] loss: 0.051
Epoch 1/5:
Train Loss: 1.8506, Train Accuracy: 32.21%
Validation Loss: 1.8173, Validation Accuracy: 36.24%
[Epoch 2, Batch     2] loss: 0.035
Epoch 2/5:
Train Loss: 1.5057, Train Accuracy: 44.05%
Validation Loss: 2.2213, Validation Accuracy: 31.20%
[Epoch 3, Batch     2] loss: 0.026
Epoch 3/5:
Train Loss: 1.3169, Train Accuracy: 51.95%
Validation Loss: 1.6555, Validation Accuracy: 42.03%
[Epoch 4, Batch     2] loss: 0.022
Epoch 4/5:
Train Loss: 1.1556, Train Accuracy: 57.23%
Validation Loss: 1.8473, Validation Accuracy: 39.75%
[Epoch 5, Batch     2] loss: 0.023
Epoch 5/5:
Train Loss: 1.0404, Train Accuracy: 61.33%
Validation Loss: 1.5566, Validation Accuracy: 47.18%
Modified fc layer: updated out_features to 10.
Initialized untrained model.
resnet18-CIFAR10-random-0.95-1
[Epoch 1, Batch     2] loss: 0.051
Epoch 1/5:
Train Loss: 1.9590, Train Accuracy: 29.88%
Validation Loss: 2.6054, Validation Accuracy: 19.19%
[Epoch 2, Batch     2] loss: 0.031
Epoch 2/5:
Train Loss: 1.5780, Train Accuracy: 40.60%
Validation Loss: 1.7683, Validation Accuracy: 36.34%
[Epoch 3, Batch     2] loss: 0.027
Epoch 3/5:
Train Loss: 1.2996, Train Accuracy: 51.48%
Validation Loss: 1.8073, Validation Accuracy: 38.42%
[Epoch 4, Batch     2] loss: 0.024
Epoch 4/5:
Train Loss: 1.2016, Train Accuracy: 56.24%
Validation Loss: 1.9819, Validation Accuracy: 36.30%
[Epoch 5, Batch     2] loss: 0.024
Epoch 5/5:
Train Loss: 1.2604, Train Accuracy: 54.64%
Validation Loss: 1.6683, Validation Accuracy: 41.61%
Modified fc layer: updated out_features to 10.
Loaded weights from file: models/resnet18_CIFAR10_E1_1
Files already downloaded and verified
Files already downloaded and verified
Modified fc layer: updated out_features to 10.
Initialized untrained model.
[Epoch 1, Batch   100] loss: 0.968
[Epoch 1, Batch   200] loss: 0.945
[Epoch 1, Batch   300] loss: 0.936
[Epoch 1, Batch   400] loss: 0.927
[Epoch 1, Batch   500] loss: 0.922
Epoch 1/50:
Train Loss: 0.0785, Train Accuracy: 44.31%
Validation Loss: 0.9207, Validation Accuracy: 50.80%
[Epoch 2, Batch   100] loss: 0.906
[Epoch 2, Batch   200] loss: 0.900
[Epoch 2, Batch   300] loss: 0.900
[Epoch 2, Batch   400] loss: 0.896
[Epoch 2, Batch   500] loss: 0.894
Epoch 2/50:
Train Loss: 0.0766, Train Accuracy: 58.18%
Validation Loss: 0.9389, Validation Accuracy: 47.34%
[Epoch 3, Batch   100] loss: 0.882
[Epoch 3, Batch   200] loss: 0.881
[Epoch 3, Batch   300] loss: 0.877
[Epoch 3, Batch   400] loss: 0.878
[Epoch 3, Batch   500] loss: 0.874
Epoch 3/50:
Train Loss: 0.0756, Train Accuracy: 64.10%
Validation Loss: 0.8920, Validation Accuracy: 60.46%
[Epoch 4, Batch   100] loss: 0.859
[Epoch 4, Batch   200] loss: 0.864
[Epoch 4, Batch   300] loss: 0.868
[Epoch 4, Batch   400] loss: 0.863
[Epoch 4, Batch   500] loss: 0.866
Epoch 4/50:
Train Loss: 0.0739, Train Accuracy: 68.51%
Validation Loss: 0.8768, Validation Accuracy: 64.55%
[Epoch 5, Batch   100] loss: 0.849
[Epoch 5, Batch   200] loss: 0.848
[Epoch 5, Batch   300] loss: 0.853
[Epoch 5, Batch   400] loss: 0.853
[Epoch 5, Batch   500] loss: 0.852
Epoch 5/50:
Train Loss: 0.0737, Train Accuracy: 71.74%
Validation Loss: 0.8868, Validation Accuracy: 62.25%
[Epoch 6, Batch   100] loss: 0.838
[Epoch 6, Batch   200] loss: 0.839
[Epoch 6, Batch   300] loss: 0.840
[Epoch 6, Batch   400] loss: 0.847
[Epoch 6, Batch   500] loss: 0.843
Epoch 6/50:
Train Loss: 0.0722, Train Accuracy: 74.29%
Validation Loss: 0.8656, Validation Accuracy: 67.62%
[Epoch 7, Batch   100] loss: 0.825
[Epoch 7, Batch   200] loss: 0.829
[Epoch 7, Batch   300] loss: 0.831
[Epoch 7, Batch   400] loss: 0.836
[Epoch 7, Batch   500] loss: 0.837
Epoch 7/50:
Train Loss: 0.0720, Train Accuracy: 76.71%
Validation Loss: 0.8539, Validation Accuracy: 71.02%
[Epoch 8, Batch   100] loss: 0.818
[Epoch 8, Batch   200] loss: 0.822
[Epoch 8, Batch   300] loss: 0.823
[Epoch 8, Batch   400] loss: 0.822
[Epoch 8, Batch   500] loss: 0.823
Epoch 8/50:
Train Loss: 0.0709, Train Accuracy: 78.95%
Validation Loss: 0.8655, Validation Accuracy: 68.57%
[Epoch 9, Batch   100] loss: 0.810
[Epoch 9, Batch   200] loss: 0.816
[Epoch 9, Batch   300] loss: 0.813
[Epoch 9, Batch   400] loss: 0.818
[Epoch 9, Batch   500] loss: 0.818
Epoch 9/50:
Train Loss: 0.0705, Train Accuracy: 80.55%
Validation Loss: 0.8737, Validation Accuracy: 67.52%
[Epoch 10, Batch   100] loss: 0.803
[Epoch 10, Batch   200] loss: 0.805
[Epoch 10, Batch   300] loss: 0.808
[Epoch 10, Batch   400] loss: 0.809
[Epoch 10, Batch   500] loss: 0.807
Epoch 10/50:
Train Loss: 0.0700, Train Accuracy: 82.53%
Validation Loss: 0.8631, Validation Accuracy: 70.13%
[Epoch 11, Batch   100] loss: 0.796
[Epoch 11, Batch   200] loss: 0.800
[Epoch 11, Batch   300] loss: 0.801
[Epoch 11, Batch   400] loss: 0.803
[Epoch 11, Batch   500] loss: 0.804
Epoch 11/50:
Train Loss: 0.0689, Train Accuracy: 83.89%
Validation Loss: 0.8678, Validation Accuracy: 68.88%
[Epoch 12, Batch   100] loss: 0.788
[Epoch 12, Batch   200] loss: 0.794
[Epoch 12, Batch   300] loss: 0.796
[Epoch 12, Batch   400] loss: 0.798
[Epoch 12, Batch   500] loss: 0.797
Epoch 12/50:
Train Loss: 0.0680, Train Accuracy: 85.60%
Validation Loss: 0.8573, Validation Accuracy: 72.16%
[Epoch 13, Batch   100] loss: 0.784
[Epoch 13, Batch   200] loss: 0.788
[Epoch 13, Batch   300] loss: 0.786
[Epoch 13, Batch   400] loss: 0.790
[Epoch 13, Batch   500] loss: 0.793
Epoch 13/50:
Train Loss: 0.0681, Train Accuracy: 86.88%
Validation Loss: 0.8732, Validation Accuracy: 68.89%
[Epoch 14, Batch   100] loss: 0.776
[Epoch 14, Batch   200] loss: 0.778
[Epoch 14, Batch   300] loss: 0.786
[Epoch 14, Batch   400] loss: 0.788
[Epoch 14, Batch   500] loss: 0.788
Epoch 14/50:
Train Loss: 0.0680, Train Accuracy: 87.88%
Validation Loss: 0.8596, Validation Accuracy: 71.59%
[Epoch 15, Batch   100] loss: 0.773
[Epoch 15, Batch   200] loss: 0.774
[Epoch 15, Batch   300] loss: 0.782
[Epoch 15, Batch   400] loss: 0.782
[Epoch 15, Batch   500] loss: 0.785
Epoch 15/50:
Train Loss: 0.0670, Train Accuracy: 89.02%
Validation Loss: 0.8733, Validation Accuracy: 69.10%
[Epoch 16, Batch   100] loss: 0.769
[Epoch 16, Batch   200] loss: 0.772
[Epoch 16, Batch   300] loss: 0.776
[Epoch 16, Batch   400] loss: 0.779
[Epoch 16, Batch   500] loss: 0.782
Epoch 16/50:
Train Loss: 0.0673, Train Accuracy: 89.73%
Validation Loss: 0.8634, Validation Accuracy: 71.18%
[Epoch 17, Batch   100] loss: 0.768
[Epoch 17, Batch   200] loss: 0.770
[Epoch 17, Batch   300] loss: 0.772
[Epoch 17, Batch   400] loss: 0.774
[Epoch 17, Batch   500] loss: 0.777
Epoch 17/50:
Train Loss: 0.0669, Train Accuracy: 90.41%
Validation Loss: 0.8631, Validation Accuracy: 71.35%
[Epoch 18, Batch   100] loss: 0.767
[Epoch 18, Batch   200] loss: 0.769
[Epoch 18, Batch   300] loss: 0.770
[Epoch 18, Batch   400] loss: 0.772
[Epoch 18, Batch   500] loss: 0.772
Epoch 18/50:
Train Loss: 0.0668, Train Accuracy: 90.86%
Validation Loss: 0.8651, Validation Accuracy: 71.61%
[Epoch 19, Batch   100] loss: 0.763
[Epoch 19, Batch   200] loss: 0.767
[Epoch 19, Batch   300] loss: 0.771
[Epoch 19, Batch   400] loss: 0.768
[Epoch 19, Batch   500] loss: 0.771
Epoch 19/50:
Train Loss: 0.0661, Train Accuracy: 91.59%
Validation Loss: 0.8627, Validation Accuracy: 71.79%
[Epoch 20, Batch   100] loss: 0.760
[Epoch 20, Batch   200] loss: 0.763
[Epoch 20, Batch   300] loss: 0.764
[Epoch 20, Batch   400] loss: 0.771
[Epoch 20, Batch   500] loss: 0.767
Epoch 20/50:
Train Loss: 0.0662, Train Accuracy: 92.13%
Validation Loss: 0.8823, Validation Accuracy: 68.04%
[Epoch 21, Batch   100] loss: 0.760
[Epoch 21, Batch   200] loss: 0.761
[Epoch 21, Batch   300] loss: 0.767
[Epoch 21, Batch   400] loss: 0.770
[Epoch 21, Batch   500] loss: 0.768
Epoch 21/50:
Train Loss: 0.0662, Train Accuracy: 92.14%
Validation Loss: 0.8714, Validation Accuracy: 70.28%
[Epoch 22, Batch   100] loss: 0.759
[Epoch 22, Batch   200] loss: 0.765
[Epoch 22, Batch   300] loss: 0.763
[Epoch 22, Batch   400] loss: 0.766
[Epoch 22, Batch   500] loss: 0.764
Epoch 22/50:
Train Loss: 0.0657, Train Accuracy: 92.52%
Validation Loss: 0.8687, Validation Accuracy: 71.29%
[Epoch 23, Batch   100] loss: 0.755
[Epoch 23, Batch   200] loss: 0.758
[Epoch 23, Batch   300] loss: 0.763
[Epoch 23, Batch   400] loss: 0.759
[Epoch 23, Batch   500] loss: 0.767
Epoch 23/50:
Train Loss: 0.0657, Train Accuracy: 93.18%
Validation Loss: 0.8678, Validation Accuracy: 71.17%
[Epoch 24, Batch   100] loss: 0.754
[Epoch 24, Batch   200] loss: 0.760
[Epoch 24, Batch   300] loss: 0.759
[Epoch 24, Batch   400] loss: 0.762
[Epoch 24, Batch   500] loss: 0.765
Epoch 24/50:
Train Loss: 0.0658, Train Accuracy: 93.13%
Validation Loss: 0.8615, Validation Accuracy: 72.31%
[Epoch 25, Batch   100] loss: 0.756
[Epoch 25, Batch   200] loss: 0.757
[Epoch 25, Batch   300] loss: 0.759
[Epoch 25, Batch   400] loss: 0.760
[Epoch 25, Batch   500] loss: 0.759
Epoch 25/50:
Train Loss: 0.0657, Train Accuracy: 93.54%
Validation Loss: 0.8739, Validation Accuracy: 70.93%
[Epoch 26, Batch   100] loss: 0.755
[Epoch 26, Batch   200] loss: 0.754
[Epoch 26, Batch   300] loss: 0.760
[Epoch 26, Batch   400] loss: 0.759
[Epoch 26, Batch   500] loss: 0.762
Epoch 26/50:
Train Loss: 0.0660, Train Accuracy: 93.63%
Validation Loss: 0.8658, Validation Accuracy: 72.33%
[Epoch 27, Batch   100] loss: 0.757
[Epoch 27, Batch   200] loss: 0.755
[Epoch 27, Batch   300] loss: 0.757
[Epoch 27, Batch   400] loss: 0.761
[Epoch 27, Batch   500] loss: 0.761
Epoch 27/50:
Train Loss: 0.0652, Train Accuracy: 93.62%
Validation Loss: 0.8704, Validation Accuracy: 71.70%
[Epoch 28, Batch   100] loss: 0.751
[Epoch 28, Batch   200] loss: 0.751
[Epoch 28, Batch   300] loss: 0.756
[Epoch 28, Batch   400] loss: 0.756
[Epoch 28, Batch   500] loss: 0.758
Epoch 28/50:
Train Loss: 0.0650, Train Accuracy: 94.30%
Validation Loss: 0.8702, Validation Accuracy: 72.17%
[Epoch 29, Batch   100] loss: 0.752
[Epoch 29, Batch   200] loss: 0.754
[Epoch 29, Batch   300] loss: 0.754
[Epoch 29, Batch   400] loss: 0.755
[Epoch 29, Batch   500] loss: 0.759
Epoch 29/50:
Train Loss: 0.0655, Train Accuracy: 94.16%
Validation Loss: 0.8702, Validation Accuracy: 71.54%
[Epoch 30, Batch   100] loss: 0.753
[Epoch 30, Batch   200] loss: 0.755
[Epoch 30, Batch   300] loss: 0.754
[Epoch 30, Batch   400] loss: 0.757
[Epoch 30, Batch   500] loss: 0.757
Epoch 30/50:
Train Loss: 0.0651, Train Accuracy: 94.24%
Validation Loss: 0.8667, Validation Accuracy: 72.29%
[Epoch 31, Batch   100] loss: 0.750
[Epoch 31, Batch   200] loss: 0.751
[Epoch 31, Batch   300] loss: 0.756
[Epoch 31, Batch   400] loss: 0.760
[Epoch 31, Batch   500] loss: 0.758
Epoch 31/50:
Train Loss: 0.0648, Train Accuracy: 94.31%
Validation Loss: 0.8671, Validation Accuracy: 72.94%
[Epoch 32, Batch   100] loss: 0.748
[Epoch 32, Batch   200] loss: 0.749
[Epoch 32, Batch   300] loss: 0.753
[Epoch 32, Batch   400] loss: 0.758
[Epoch 32, Batch   500] loss: 0.755
Epoch 32/50:
Train Loss: 0.0656, Train Accuracy: 94.65%
Validation Loss: 0.8717, Validation Accuracy: 71.05%
[Epoch 33, Batch   100] loss: 0.748
[Epoch 33, Batch   200] loss: 0.751
[Epoch 33, Batch   300] loss: 0.754
[Epoch 33, Batch   400] loss: 0.755
[Epoch 33, Batch   500] loss: 0.753
Epoch 33/50:
Train Loss: 0.0650, Train Accuracy: 94.83%
Validation Loss: 0.8893, Validation Accuracy: 67.58%
[Epoch 34, Batch   100] loss: 0.748
[Epoch 34, Batch   200] loss: 0.751
[Epoch 34, Batch   300] loss: 0.753
[Epoch 34, Batch   400] loss: 0.754
[Epoch 34, Batch   500] loss: 0.758
Epoch 34/50:
Train Loss: 0.0650, Train Accuracy: 94.77%
Validation Loss: 0.8703, Validation Accuracy: 71.84%
[Epoch 35, Batch   100] loss: 0.748
[Epoch 35, Batch   200] loss: 0.752
[Epoch 35, Batch   300] loss: 0.753
[Epoch 35, Batch   400] loss: 0.752
[Epoch 35, Batch   500] loss: 0.755
Epoch 35/50:
Train Loss: 0.0647, Train Accuracy: 94.97%
Validation Loss: 0.8737, Validation Accuracy: 71.73%
[Epoch 36, Batch   100] loss: 0.749
[Epoch 36, Batch   200] loss: 0.750
[Epoch 36, Batch   300] loss: 0.752
[Epoch 36, Batch   400] loss: 0.754
[Epoch 36, Batch   500] loss: 0.757
Epoch 36/50:
Train Loss: 0.0648, Train Accuracy: 94.91%
Validation Loss: 0.8760, Validation Accuracy: 70.42%
[Epoch 37, Batch   100] loss: 0.750
[Epoch 37, Batch   200] loss: 0.749
[Epoch 37, Batch   300] loss: 0.754
[Epoch 37, Batch   400] loss: 0.752
[Epoch 37, Batch   500] loss: 0.753
Epoch 37/50:
Train Loss: 0.0647, Train Accuracy: 95.11%
Validation Loss: 0.8684, Validation Accuracy: 72.78%
[Epoch 38, Batch   100] loss: 0.749
[Epoch 38, Batch   200] loss: 0.750
[Epoch 38, Batch   300] loss: 0.751
[Epoch 38, Batch   400] loss: 0.753
[Epoch 38, Batch   500] loss: 0.757
Epoch 38/50:
Train Loss: 0.0650, Train Accuracy: 94.93%
Validation Loss: 0.8646, Validation Accuracy: 73.04%
[Epoch 39, Batch   100] loss: 0.747
[Epoch 39, Batch   200] loss: 0.749
[Epoch 39, Batch   300] loss: 0.747
[Epoch 39, Batch   400] loss: 0.753
[Epoch 39, Batch   500] loss: 0.756
Epoch 39/50:
Train Loss: 0.0645, Train Accuracy: 95.37%
Validation Loss: 0.8745, Validation Accuracy: 71.71%
[Epoch 40, Batch   100] loss: 0.746
[Epoch 40, Batch   200] loss: 0.748
[Epoch 40, Batch   300] loss: 0.748
[Epoch 40, Batch   400] loss: 0.751
[Epoch 40, Batch   500] loss: 0.755
Epoch 40/50:
Train Loss: 0.0649, Train Accuracy: 95.38%
Validation Loss: 0.8677, Validation Accuracy: 72.18%
[Epoch 41, Batch   100] loss: 0.746
[Epoch 41, Batch   200] loss: 0.748
[Epoch 41, Batch   300] loss: 0.750
[Epoch 41, Batch   400] loss: 0.754
[Epoch 41, Batch   500] loss: 0.754
Epoch 41/50:
Train Loss: 0.0646, Train Accuracy: 95.31%
Validation Loss: 0.8692, Validation Accuracy: 72.40%
[Epoch 42, Batch   100] loss: 0.749
[Epoch 42, Batch   200] loss: 0.748
[Epoch 42, Batch   300] loss: 0.750
[Epoch 42, Batch   400] loss: 0.752
[Epoch 42, Batch   500] loss: 0.754
Epoch 42/50:
Train Loss: 0.0645, Train Accuracy: 95.28%
Validation Loss: 0.8719, Validation Accuracy: 72.23%
[Epoch 43, Batch   100] loss: 0.744
[Epoch 43, Batch   200] loss: 0.748
[Epoch 43, Batch   300] loss: 0.749
[Epoch 43, Batch   400] loss: 0.750
[Epoch 43, Batch   500] loss: 0.749
Epoch 43/50:
Train Loss: 0.0647, Train Accuracy: 95.73%
Validation Loss: 0.8689, Validation Accuracy: 72.72%
[Epoch 44, Batch   100] loss: 0.743
[Epoch 44, Batch   200] loss: 0.748
[Epoch 44, Batch   300] loss: 0.748
[Epoch 44, Batch   400] loss: 0.749
[Epoch 44, Batch   500] loss: 0.750
Epoch 44/50:
Train Loss: 0.0647, Train Accuracy: 95.77%
Validation Loss: 0.8908, Validation Accuracy: 68.01%
[Epoch 45, Batch   100] loss: 0.748
[Epoch 45, Batch   200] loss: 0.748
[Epoch 45, Batch   300] loss: 0.752
[Epoch 45, Batch   400] loss: 0.752
[Epoch 45, Batch   500] loss: 0.756
Epoch 45/50:
Train Loss: 0.0647, Train Accuracy: 95.15%
Validation Loss: 0.8679, Validation Accuracy: 72.71%
[Epoch 46, Batch   100] loss: 0.746
[Epoch 46, Batch   200] loss: 0.746
[Epoch 46, Batch   300] loss: 0.749
[Epoch 46, Batch   400] loss: 0.752
[Epoch 46, Batch   500] loss: 0.749
Epoch 46/50:
Train Loss: 0.0646, Train Accuracy: 95.69%
Validation Loss: 0.8795, Validation Accuracy: 69.85%
[Epoch 47, Batch   100] loss: 0.747
[Epoch 47, Batch   200] loss: 0.747
[Epoch 47, Batch   300] loss: 0.745
[Epoch 47, Batch   400] loss: 0.749
[Epoch 47, Batch   500] loss: 0.751
Epoch 47/50:
Train Loss: 0.0649, Train Accuracy: 95.69%
Validation Loss: 0.8666, Validation Accuracy: 72.57%
[Epoch 48, Batch   100] loss: 0.745
[Epoch 48, Batch   200] loss: 0.745
[Epoch 48, Batch   300] loss: 0.747
[Epoch 48, Batch   400] loss: 0.750
[Epoch 48, Batch   500] loss: 0.752
Epoch 48/50:
Train Loss: 0.0647, Train Accuracy: 95.81%
Validation Loss: 0.8862, Validation Accuracy: 69.84%
[Epoch 49, Batch   100] loss: 0.746
[Epoch 49, Batch   200] loss: 0.746
[Epoch 49, Batch   300] loss: 0.750
[Epoch 49, Batch   400] loss: 0.749
[Epoch 49, Batch   500] loss: 0.753
Epoch 49/50:
Train Loss: 0.0646, Train Accuracy: 95.59%
Validation Loss: 0.8792, Validation Accuracy: 70.59%
[Epoch 50, Batch   100] loss: 0.744
[Epoch 50, Batch   200] loss: 0.747
[Epoch 50, Batch   300] loss: 0.749
[Epoch 50, Batch   400] loss: 0.749
[Epoch 50, Batch   500] loss: 0.752
Epoch 50/50:
Train Loss: 0.0645, Train Accuracy: 95.70%
Validation Loss: 0.8744, Validation Accuracy: 71.64%
Model saved to models/resnet18-EvidenceLoss-CIFAR10-EVIDENCE-balanced_by_score-0.3-1
Modified fc layer: updated out_features to 10.
Initialized untrained model.
[Epoch 1, Batch   100] loss: 0.967
[Epoch 1, Batch   200] loss: 0.948
[Epoch 1, Batch   300] loss: 0.938
Epoch 1/50:
Train Loss: 0.2161, Train Accuracy: 41.29%
Validation Loss: 0.9268, Validation Accuracy: 49.25%
[Epoch 2, Batch   100] loss: 0.918
[Epoch 2, Batch   200] loss: 0.916
[Epoch 2, Batch   300] loss: 0.909
Epoch 2/50:
Train Loss: 0.2101, Train Accuracy: 54.13%
Validation Loss: 0.9348, Validation Accuracy: 48.19%
[Epoch 3, Batch   100] loss: 0.893
[Epoch 3, Batch   200] loss: 0.891
[Epoch 3, Batch   300] loss: 0.889
Epoch 3/50:
Train Loss: 0.2066, Train Accuracy: 60.76%
Validation Loss: 0.9278, Validation Accuracy: 50.27%
[Epoch 4, Batch   100] loss: 0.873
[Epoch 4, Batch   200] loss: 0.874
[Epoch 4, Batch   300] loss: 0.876
Epoch 4/50:
Train Loss: 0.2036, Train Accuracy: 65.70%
Validation Loss: 0.9148, Validation Accuracy: 53.93%
[Epoch 5, Batch   100] loss: 0.857
[Epoch 5, Batch   200] loss: 0.863
[Epoch 5, Batch   300] loss: 0.860
Epoch 5/50:
Train Loss: 0.2018, Train Accuracy: 69.03%
Validation Loss: 0.8879, Validation Accuracy: 62.03%
[Epoch 6, Batch   100] loss: 0.847
[Epoch 6, Batch   200] loss: 0.852
[Epoch 6, Batch   300] loss: 0.848
Epoch 6/50:
Train Loss: 0.1976, Train Accuracy: 72.24%
Validation Loss: 0.8802, Validation Accuracy: 65.18%
[Epoch 7, Batch   100] loss: 0.836
[Epoch 7, Batch   200] loss: 0.834
[Epoch 7, Batch   300] loss: 0.841
Epoch 7/50:
Train Loss: 0.1966, Train Accuracy: 74.95%
Validation Loss: 0.9190, Validation Accuracy: 56.35%
[Epoch 8, Batch   100] loss: 0.825
[Epoch 8, Batch   200] loss: 0.832
[Epoch 8, Batch   300] loss: 0.833
Epoch 8/50:
Train Loss: 0.1942, Train Accuracy: 76.95%
Validation Loss: 0.8753, Validation Accuracy: 66.14%
[Epoch 9, Batch   100] loss: 0.817
[Epoch 9, Batch   200] loss: 0.820
[Epoch 9, Batch   300] loss: 0.826
Epoch 9/50:
Train Loss: 0.1915, Train Accuracy: 79.19%
Validation Loss: 0.8756, Validation Accuracy: 66.32%
[Epoch 10, Batch   100] loss: 0.804
[Epoch 10, Batch   200] loss: 0.814
[Epoch 10, Batch   300] loss: 0.815
Epoch 10/50:
Train Loss: 0.1909, Train Accuracy: 81.18%
Validation Loss: 0.8633, Validation Accuracy: 68.89%
[Epoch 11, Batch   100] loss: 0.797
[Epoch 11, Batch   200] loss: 0.803
[Epoch 11, Batch   300] loss: 0.805
Epoch 11/50:
Train Loss: 0.1888, Train Accuracy: 83.44%
Validation Loss: 0.8723, Validation Accuracy: 68.05%
[Epoch 12, Batch   100] loss: 0.791
[Epoch 12, Batch   200] loss: 0.797
[Epoch 12, Batch   300] loss: 0.799
Epoch 12/50:
Train Loss: 0.1873, Train Accuracy: 84.67%
Validation Loss: 0.8897, Validation Accuracy: 65.01%
[Epoch 13, Batch   100] loss: 0.786
[Epoch 13, Batch   200] loss: 0.789
[Epoch 13, Batch   300] loss: 0.789
Epoch 13/50:
Train Loss: 0.1854, Train Accuracy: 86.61%
Validation Loss: 0.8669, Validation Accuracy: 69.62%
[Epoch 14, Batch   100] loss: 0.782
[Epoch 14, Batch   200] loss: 0.783
[Epoch 14, Batch   300] loss: 0.790
Epoch 14/50:
Train Loss: 0.1843, Train Accuracy: 87.43%
Validation Loss: 0.8690, Validation Accuracy: 69.48%
[Epoch 15, Batch   100] loss: 0.775
[Epoch 15, Batch   200] loss: 0.779
[Epoch 15, Batch   300] loss: 0.785
Epoch 15/50:
Train Loss: 0.1826, Train Accuracy: 88.71%
Validation Loss: 0.8683, Validation Accuracy: 69.15%
[Epoch 16, Batch   100] loss: 0.771
[Epoch 16, Batch   200] loss: 0.771
[Epoch 16, Batch   300] loss: 0.779
Epoch 16/50:
Train Loss: 0.1824, Train Accuracy: 89.74%
Validation Loss: 0.8766, Validation Accuracy: 68.06%
[Epoch 17, Batch   100] loss: 0.765
[Epoch 17, Batch   200] loss: 0.771
[Epoch 17, Batch   300] loss: 0.775
Epoch 17/50:
Train Loss: 0.1807, Train Accuracy: 90.77%
Validation Loss: 0.8685, Validation Accuracy: 70.47%
[Epoch 18, Batch   100] loss: 0.765
[Epoch 18, Batch   200] loss: 0.771
[Epoch 18, Batch   300] loss: 0.771
Epoch 18/50:
Train Loss: 0.1806, Train Accuracy: 90.89%
Validation Loss: 0.8718, Validation Accuracy: 69.68%
[Epoch 19, Batch   100] loss: 0.763
[Epoch 19, Batch   200] loss: 0.764
[Epoch 19, Batch   300] loss: 0.771
Epoch 19/50:
Train Loss: 0.1797, Train Accuracy: 91.72%
Validation Loss: 0.8862, Validation Accuracy: 66.89%
[Epoch 20, Batch   100] loss: 0.764
[Epoch 20, Batch   200] loss: 0.761
[Epoch 20, Batch   300] loss: 0.766
Epoch 20/50:
Train Loss: 0.1795, Train Accuracy: 92.17%
Validation Loss: 0.8774, Validation Accuracy: 69.46%
[Epoch 21, Batch   100] loss: 0.757
[Epoch 21, Batch   200] loss: 0.760
[Epoch 21, Batch   300] loss: 0.763
Epoch 21/50:
Train Loss: 0.1786, Train Accuracy: 92.88%
Validation Loss: 0.8982, Validation Accuracy: 66.21%
[Epoch 22, Batch   100] loss: 0.759
[Epoch 22, Batch   200] loss: 0.761
[Epoch 22, Batch   300] loss: 0.764
Epoch 22/50:
Train Loss: 0.1779, Train Accuracy: 92.64%
Validation Loss: 0.8775, Validation Accuracy: 69.81%
[Epoch 23, Batch   100] loss: 0.757
[Epoch 23, Batch   200] loss: 0.757
[Epoch 23, Batch   300] loss: 0.760
Epoch 23/50:
Train Loss: 0.1777, Train Accuracy: 93.53%
Validation Loss: 0.8766, Validation Accuracy: 69.65%
[Epoch 24, Batch   100] loss: 0.756
[Epoch 24, Batch   200] loss: 0.760
[Epoch 24, Batch   300] loss: 0.758
Epoch 24/50:
Train Loss: 0.1777, Train Accuracy: 93.43%
Validation Loss: 0.8810, Validation Accuracy: 69.37%
[Epoch 25, Batch   100] loss: 0.753
[Epoch 25, Batch   200] loss: 0.758
[Epoch 25, Batch   300] loss: 0.760
Epoch 25/50:
Train Loss: 0.1776, Train Accuracy: 93.65%
Validation Loss: 0.8774, Validation Accuracy: 69.00%
[Epoch 26, Batch   100] loss: 0.754
[Epoch 26, Batch   200] loss: 0.753
[Epoch 26, Batch   300] loss: 0.757
Epoch 26/50:
Train Loss: 0.1770, Train Accuracy: 94.17%
Validation Loss: 0.8882, Validation Accuracy: 68.00%
[Epoch 27, Batch   100] loss: 0.753
[Epoch 27, Batch   200] loss: 0.753
[Epoch 27, Batch   300] loss: 0.756
Epoch 27/50:
Train Loss: 0.1769, Train Accuracy: 94.26%
Validation Loss: 0.8758, Validation Accuracy: 70.54%
[Epoch 28, Batch   100] loss: 0.752
[Epoch 28, Batch   200] loss: 0.751
[Epoch 28, Batch   300] loss: 0.755
Epoch 28/50:
Train Loss: 0.1757, Train Accuracy: 94.83%
Validation Loss: 0.8840, Validation Accuracy: 68.80%
[Epoch 29, Batch   100] loss: 0.749
[Epoch 29, Batch   200] loss: 0.752
[Epoch 29, Batch   300] loss: 0.756
Epoch 29/50:
Train Loss: 0.1767, Train Accuracy: 94.54%
Validation Loss: 0.8924, Validation Accuracy: 67.51%
[Epoch 30, Batch   100] loss: 0.751
[Epoch 30, Batch   200] loss: 0.755
[Epoch 30, Batch   300] loss: 0.756
Epoch 30/50:
Train Loss: 0.1762, Train Accuracy: 94.50%
Validation Loss: 0.8821, Validation Accuracy: 69.16%
[Epoch 31, Batch   100] loss: 0.748
[Epoch 31, Batch   200] loss: 0.749
[Epoch 31, Batch   300] loss: 0.750
Epoch 31/50:
Train Loss: 0.1754, Train Accuracy: 95.36%
Validation Loss: 0.8777, Validation Accuracy: 70.59%
[Epoch 32, Batch   100] loss: 0.748
[Epoch 32, Batch   200] loss: 0.750
[Epoch 32, Batch   300] loss: 0.755
Epoch 32/50:
Train Loss: 0.1753, Train Accuracy: 95.23%
Validation Loss: 0.8804, Validation Accuracy: 69.97%
[Epoch 33, Batch   100] loss: 0.746
[Epoch 33, Batch   200] loss: 0.746
[Epoch 33, Batch   300] loss: 0.756
Epoch 33/50:
Train Loss: 0.1760, Train Accuracy: 95.11%
Validation Loss: 0.8862, Validation Accuracy: 68.27%
[Epoch 34, Batch   100] loss: 0.747
[Epoch 34, Batch   200] loss: 0.747
[Epoch 34, Batch   300] loss: 0.751
Epoch 34/50:
Train Loss: 0.1753, Train Accuracy: 95.48%
Validation Loss: 0.9131, Validation Accuracy: 64.60%
[Epoch 35, Batch   100] loss: 0.750
[Epoch 35, Batch   200] loss: 0.750
[Epoch 35, Batch   300] loss: 0.753
Epoch 35/50:
Train Loss: 0.1746, Train Accuracy: 95.13%
Validation Loss: 0.8964, Validation Accuracy: 67.70%
[Epoch 36, Batch   100] loss: 0.746
[Epoch 36, Batch   200] loss: 0.747
[Epoch 36, Batch   300] loss: 0.750
Epoch 36/50:
Train Loss: 0.1749, Train Accuracy: 95.69%
Validation Loss: 0.8929, Validation Accuracy: 67.58%
[Epoch 37, Batch   100] loss: 0.743
[Epoch 37, Batch   200] loss: 0.750
[Epoch 37, Batch   300] loss: 0.749
Epoch 37/50:
Train Loss: 0.1748, Train Accuracy: 95.79%
Validation Loss: 0.8846, Validation Accuracy: 69.76%
[Epoch 38, Batch   100] loss: 0.745
[Epoch 38, Batch   200] loss: 0.751
[Epoch 38, Batch   300] loss: 0.751
Epoch 38/50:
Train Loss: 0.1752, Train Accuracy: 95.43%
Validation Loss: 0.8847, Validation Accuracy: 69.91%
[Epoch 39, Batch   100] loss: 0.746
[Epoch 39, Batch   200] loss: 0.747
[Epoch 39, Batch   300] loss: 0.750
Epoch 39/50:
Train Loss: 0.1750, Train Accuracy: 95.69%
Validation Loss: 0.8883, Validation Accuracy: 68.46%
[Epoch 40, Batch   100] loss: 0.746
[Epoch 40, Batch   200] loss: 0.744
[Epoch 40, Batch   300] loss: 0.750
Epoch 40/50:
Train Loss: 0.1743, Train Accuracy: 96.00%
Validation Loss: 0.8811, Validation Accuracy: 70.19%
[Epoch 41, Batch   100] loss: 0.744
[Epoch 41, Batch   200] loss: 0.746
[Epoch 41, Batch   300] loss: 0.746
Epoch 41/50:
Train Loss: 0.1740, Train Accuracy: 96.26%
Validation Loss: 0.8969, Validation Accuracy: 67.70%
[Epoch 42, Batch   100] loss: 0.746
[Epoch 42, Batch   200] loss: 0.744
[Epoch 42, Batch   300] loss: 0.749
Epoch 42/50:
Train Loss: 0.1750, Train Accuracy: 95.92%
Validation Loss: 0.8881, Validation Accuracy: 69.48%
[Epoch 43, Batch   100] loss: 0.747
[Epoch 43, Batch   200] loss: 0.747
[Epoch 43, Batch   300] loss: 0.749
Epoch 43/50:
Train Loss: 0.1740, Train Accuracy: 95.90%
Validation Loss: 0.8857, Validation Accuracy: 69.81%
[Epoch 44, Batch   100] loss: 0.748
[Epoch 44, Batch   200] loss: 0.747
[Epoch 44, Batch   300] loss: 0.745
Epoch 44/50:
Train Loss: 0.1738, Train Accuracy: 96.03%
Validation Loss: 0.8858, Validation Accuracy: 69.07%
[Epoch 45, Batch   100] loss: 0.742
[Epoch 45, Batch   200] loss: 0.743
[Epoch 45, Batch   300] loss: 0.746
Epoch 45/50:
Train Loss: 0.1733, Train Accuracy: 96.64%
Validation Loss: 0.8899, Validation Accuracy: 69.27%
[Epoch 46, Batch   100] loss: 0.744
[Epoch 46, Batch   200] loss: 0.747
[Epoch 46, Batch   300] loss: 0.747
Epoch 46/50:
Train Loss: 0.1740, Train Accuracy: 96.18%
Validation Loss: 0.9027, Validation Accuracy: 67.40%
[Epoch 47, Batch   100] loss: 0.743
[Epoch 47, Batch   200] loss: 0.746
[Epoch 47, Batch   300] loss: 0.748
Epoch 47/50:
Train Loss: 0.1750, Train Accuracy: 96.09%
Validation Loss: 0.8820, Validation Accuracy: 70.10%
[Epoch 48, Batch   100] loss: 0.744
[Epoch 48, Batch   200] loss: 0.742
[Epoch 48, Batch   300] loss: 0.745
Epoch 48/50:
Train Loss: 0.1744, Train Accuracy: 96.46%
Validation Loss: 0.8901, Validation Accuracy: 68.83%
[Epoch 49, Batch   100] loss: 0.745
[Epoch 49, Batch   200] loss: 0.745
[Epoch 49, Batch   300] loss: 0.747
Epoch 49/50:
Train Loss: 0.1736, Train Accuracy: 96.26%
Validation Loss: 0.8874, Validation Accuracy: 69.31%
[Epoch 50, Batch   100] loss: 0.743
[Epoch 50, Batch   200] loss: 0.745
[Epoch 50, Batch   300] loss: 0.743
Epoch 50/50:
Train Loss: 0.1744, Train Accuracy: 96.46%
Validation Loss: 0.8921, Validation Accuracy: 68.57%
Model saved to models/resnet18-EvidenceLoss-CIFAR10-EVIDENCE-balanced_by_score-0.5-1
Modified fc layer: updated out_features to 10.
Initialized untrained model.
[Epoch 1, Batch   100] loss: 0.964
[Epoch 1, Batch   200] loss: 0.947
Epoch 1/50:
Train Loss: 0.1390, Train Accuracy: 39.31%
Validation Loss: 0.9636, Validation Accuracy: 35.33%
[Epoch 2, Batch   100] loss: 0.925
[Epoch 2, Batch   200] loss: 0.925
Epoch 2/50:
Train Loss: 0.1367, Train Accuracy: 49.68%
Validation Loss: 0.9372, Validation Accuracy: 46.09%
[Epoch 3, Batch   100] loss: 0.900
[Epoch 3, Batch   200] loss: 0.906
Epoch 3/50:
Train Loss: 0.1338, Train Accuracy: 57.15%
Validation Loss: 0.9249, Validation Accuracy: 51.23%
[Epoch 4, Batch   100] loss: 0.891
[Epoch 4, Batch   200] loss: 0.883
Epoch 4/50:
Train Loss: 0.1308, Train Accuracy: 61.74%
Validation Loss: 0.9329, Validation Accuracy: 49.01%
[Epoch 5, Batch   100] loss: 0.872
[Epoch 5, Batch   200] loss: 0.876
Epoch 5/50:
Train Loss: 0.1297, Train Accuracy: 65.69%
Validation Loss: 0.9106, Validation Accuracy: 54.81%
[Epoch 6, Batch   100] loss: 0.852
[Epoch 6, Batch   200] loss: 0.863
Epoch 6/50:
Train Loss: 0.1292, Train Accuracy: 69.65%
Validation Loss: 0.8962, Validation Accuracy: 59.70%
[Epoch 7, Batch   100] loss: 0.842
[Epoch 7, Batch   200] loss: 0.849
Epoch 7/50:
Train Loss: 0.1268, Train Accuracy: 73.07%
Validation Loss: 0.9040, Validation Accuracy: 58.66%
[Epoch 8, Batch   100] loss: 0.834
[Epoch 8, Batch   200] loss: 0.838
Epoch 8/50:
Train Loss: 0.1239, Train Accuracy: 75.54%
Validation Loss: 0.9030, Validation Accuracy: 59.01%
[Epoch 9, Batch   100] loss: 0.821
[Epoch 9, Batch   200] loss: 0.828
Epoch 9/50:
Train Loss: 0.1232, Train Accuracy: 78.08%
Validation Loss: 0.8966, Validation Accuracy: 60.72%
[Epoch 10, Batch   100] loss: 0.814
[Epoch 10, Batch   200] loss: 0.817
Epoch 10/50:
Train Loss: 0.1214, Train Accuracy: 80.57%
Validation Loss: 0.9109, Validation Accuracy: 59.10%
[Epoch 11, Batch   100] loss: 0.804
[Epoch 11, Batch   200] loss: 0.809
Epoch 11/50:
Train Loss: 0.1212, Train Accuracy: 82.43%
Validation Loss: 0.8928, Validation Accuracy: 62.85%
[Epoch 12, Batch   100] loss: 0.794
[Epoch 12, Batch   200] loss: 0.806
Epoch 12/50:
Train Loss: 0.1200, Train Accuracy: 83.79%
Validation Loss: 0.8937, Validation Accuracy: 61.98%
[Epoch 13, Batch   100] loss: 0.787
[Epoch 13, Batch   200] loss: 0.795
Epoch 13/50:
Train Loss: 0.1199, Train Accuracy: 86.09%
Validation Loss: 0.9116, Validation Accuracy: 59.94%
[Epoch 14, Batch   100] loss: 0.783
[Epoch 14, Batch   200] loss: 0.789
Epoch 14/50:
Train Loss: 0.1176, Train Accuracy: 87.43%
Validation Loss: 0.8991, Validation Accuracy: 62.18%
[Epoch 15, Batch   100] loss: 0.778
[Epoch 15, Batch   200] loss: 0.780
Epoch 15/50:
Train Loss: 0.1167, Train Accuracy: 88.97%
Validation Loss: 0.9011, Validation Accuracy: 63.17%
[Epoch 16, Batch   100] loss: 0.773
[Epoch 16, Batch   200] loss: 0.778
Epoch 16/50:
Train Loss: 0.1175, Train Accuracy: 89.55%
Validation Loss: 0.9034, Validation Accuracy: 62.04%
[Epoch 17, Batch   100] loss: 0.769
[Epoch 17, Batch   200] loss: 0.773
Epoch 17/50:
Train Loss: 0.1155, Train Accuracy: 90.73%
Validation Loss: 0.9234, Validation Accuracy: 59.85%
[Epoch 18, Batch   100] loss: 0.765
[Epoch 18, Batch   200] loss: 0.775
Epoch 18/50:
Train Loss: 0.1161, Train Accuracy: 90.85%
Validation Loss: 0.9006, Validation Accuracy: 63.46%
[Epoch 19, Batch   100] loss: 0.766
[Epoch 19, Batch   200] loss: 0.767
Epoch 19/50:
Train Loss: 0.1148, Train Accuracy: 91.68%
Validation Loss: 0.9005, Validation Accuracy: 63.40%
[Epoch 20, Batch   100] loss: 0.761
[Epoch 20, Batch   200] loss: 0.764
Epoch 20/50:
Train Loss: 0.1146, Train Accuracy: 92.58%
Validation Loss: 0.9054, Validation Accuracy: 62.88%
[Epoch 21, Batch   100] loss: 0.758
[Epoch 21, Batch   200] loss: 0.764
Epoch 21/50:
Train Loss: 0.1134, Train Accuracy: 93.18%
Validation Loss: 0.9048, Validation Accuracy: 63.56%
[Epoch 22, Batch   100] loss: 0.760
[Epoch 22, Batch   200] loss: 0.761
Epoch 22/50:
Train Loss: 0.1132, Train Accuracy: 93.25%
Validation Loss: 0.9024, Validation Accuracy: 63.44%
[Epoch 23, Batch   100] loss: 0.753
[Epoch 23, Batch   200] loss: 0.758
Epoch 23/50:
Train Loss: 0.1133, Train Accuracy: 94.27%
Validation Loss: 0.9022, Validation Accuracy: 64.17%
[Epoch 24, Batch   100] loss: 0.754
[Epoch 24, Batch   200] loss: 0.757
Epoch 24/50:
Train Loss: 0.1138, Train Accuracy: 93.93%
Validation Loss: 0.9057, Validation Accuracy: 63.66%
[Epoch 25, Batch   100] loss: 0.755
[Epoch 25, Batch   200] loss: 0.757
Epoch 25/50:
Train Loss: 0.1131, Train Accuracy: 94.23%
Validation Loss: 0.9380, Validation Accuracy: 58.09%
[Epoch 26, Batch   100] loss: 0.753
[Epoch 26, Batch   200] loss: 0.756
Epoch 26/50:
Train Loss: 0.1128, Train Accuracy: 94.39%
Validation Loss: 0.9027, Validation Accuracy: 63.37%
[Epoch 27, Batch   100] loss: 0.750
[Epoch 27, Batch   200] loss: 0.755
Epoch 27/50:
Train Loss: 0.1119, Train Accuracy: 95.07%
Validation Loss: 0.9246, Validation Accuracy: 60.77%
[Epoch 28, Batch   100] loss: 0.750
[Epoch 28, Batch   200] loss: 0.753
Epoch 28/50:
Train Loss: 0.1125, Train Accuracy: 94.94%
Validation Loss: 0.9019, Validation Accuracy: 64.81%
[Epoch 29, Batch   100] loss: 0.750
[Epoch 29, Batch   200] loss: 0.751
Epoch 29/50:
Train Loss: 0.1126, Train Accuracy: 95.13%
Validation Loss: 0.9170, Validation Accuracy: 62.08%
[Epoch 30, Batch   100] loss: 0.750
[Epoch 30, Batch   200] loss: 0.752
Epoch 30/50:
Train Loss: 0.1121, Train Accuracy: 95.09%
Validation Loss: 0.9283, Validation Accuracy: 60.31%
[Epoch 31, Batch   100] loss: 0.746
[Epoch 31, Batch   200] loss: 0.748
Epoch 31/50:
Train Loss: 0.1118, Train Accuracy: 95.89%
Validation Loss: 0.9227, Validation Accuracy: 61.18%
[Epoch 32, Batch   100] loss: 0.751
[Epoch 32, Batch   200] loss: 0.750
Epoch 32/50:
Train Loss: 0.1119, Train Accuracy: 95.27%
Validation Loss: 0.9060, Validation Accuracy: 64.39%
[Epoch 33, Batch   100] loss: 0.748
[Epoch 33, Batch   200] loss: 0.750
Epoch 33/50:
Train Loss: 0.1117, Train Accuracy: 95.62%
Validation Loss: 0.9243, Validation Accuracy: 61.47%
[Epoch 34, Batch   100] loss: 0.749
[Epoch 34, Batch   200] loss: 0.750
Epoch 34/50:
Train Loss: 0.1114, Train Accuracy: 95.67%
Validation Loss: 0.9094, Validation Accuracy: 64.05%
[Epoch 35, Batch   100] loss: 0.745
[Epoch 35, Batch   200] loss: 0.747
Epoch 35/50:
Train Loss: 0.1125, Train Accuracy: 95.78%
Validation Loss: 0.9216, Validation Accuracy: 62.04%
[Epoch 36, Batch   100] loss: 0.746
[Epoch 36, Batch   200] loss: 0.750
Epoch 36/50:
Train Loss: 0.1117, Train Accuracy: 95.73%
Validation Loss: 0.9194, Validation Accuracy: 61.41%
[Epoch 37, Batch   100] loss: 0.747
[Epoch 37, Batch   200] loss: 0.749
Epoch 37/50:
Train Loss: 0.1109, Train Accuracy: 95.95%
Validation Loss: 0.9036, Validation Accuracy: 65.75%
[Epoch 38, Batch   100] loss: 0.744
[Epoch 38, Batch   200] loss: 0.745
Epoch 38/50:
Train Loss: 0.1116, Train Accuracy: 96.45%
Validation Loss: 0.9134, Validation Accuracy: 63.90%
[Epoch 39, Batch   100] loss: 0.745
[Epoch 39, Batch   200] loss: 0.748
Epoch 39/50:
Train Loss: 0.1117, Train Accuracy: 95.89%
Validation Loss: 0.9094, Validation Accuracy: 64.63%
[Epoch 40, Batch   100] loss: 0.747
[Epoch 40, Batch   200] loss: 0.748
Epoch 40/50:
Train Loss: 0.1114, Train Accuracy: 95.95%
Validation Loss: 0.9170, Validation Accuracy: 63.41%
[Epoch 41, Batch   100] loss: 0.744
[Epoch 41, Batch   200] loss: 0.748
Epoch 41/50:
Train Loss: 0.1112, Train Accuracy: 96.13%
Validation Loss: 0.9103, Validation Accuracy: 64.40%
[Epoch 42, Batch   100] loss: 0.743
[Epoch 42, Batch   200] loss: 0.748
Epoch 42/50:
Train Loss: 0.1113, Train Accuracy: 96.37%
Validation Loss: 0.9226, Validation Accuracy: 62.22%
[Epoch 43, Batch   100] loss: 0.741
[Epoch 43, Batch   200] loss: 0.744
Epoch 43/50:
Train Loss: 0.1115, Train Accuracy: 96.73%
Validation Loss: 0.9197, Validation Accuracy: 63.44%
[Epoch 44, Batch   100] loss: 0.743
[Epoch 44, Batch   200] loss: 0.747
Epoch 44/50:
Train Loss: 0.1118, Train Accuracy: 96.15%
Validation Loss: 0.9272, Validation Accuracy: 61.99%
[Epoch 45, Batch   100] loss: 0.742
[Epoch 45, Batch   200] loss: 0.744
Epoch 45/50:
Train Loss: 0.1109, Train Accuracy: 96.82%
Validation Loss: 0.9199, Validation Accuracy: 62.71%
[Epoch 46, Batch   100] loss: 0.742
[Epoch 46, Batch   200] loss: 0.743
Epoch 46/50:
Train Loss: 0.1106, Train Accuracy: 96.92%
Validation Loss: 0.9500, Validation Accuracy: 57.82%
[Epoch 47, Batch   100] loss: 0.745
[Epoch 47, Batch   200] loss: 0.743
Epoch 47/50:
Train Loss: 0.1115, Train Accuracy: 96.51%
Validation Loss: 0.9239, Validation Accuracy: 62.62%
[Epoch 48, Batch   100] loss: 0.745
[Epoch 48, Batch   200] loss: 0.747
Epoch 48/50:
Train Loss: 0.1110, Train Accuracy: 96.26%
Validation Loss: 0.9118, Validation Accuracy: 64.06%
[Epoch 49, Batch   100] loss: 0.740
[Epoch 49, Batch   200] loss: 0.740
Epoch 49/50:
Train Loss: 0.1113, Train Accuracy: 97.10%
Validation Loss: 0.9192, Validation Accuracy: 63.16%
[Epoch 50, Batch   100] loss: 0.743
[Epoch 50, Batch   200] loss: 0.748
Epoch 50/50:
Train Loss: 0.1110, Train Accuracy: 96.33%
Validation Loss: 0.9141, Validation Accuracy: 63.76%
Model saved to models/resnet18-EvidenceLoss-CIFAR10-EVIDENCE-balanced_by_score-0.7-1
Modified fc layer: updated out_features to 10.
Initialized untrained model.
[Epoch 1, Batch   100] loss: 0.964
Epoch 1/50:
Train Loss: 0.3369, Train Accuracy: 35.52%
Validation Loss: 0.9532, Validation Accuracy: 38.47%
[Epoch 2, Batch   100] loss: 0.932
Epoch 2/50:
Train Loss: 0.3298, Train Accuracy: 47.36%
Validation Loss: 0.9492, Validation Accuracy: 40.45%
[Epoch 3, Batch   100] loss: 0.914
Epoch 3/50:
Train Loss: 0.3238, Train Accuracy: 53.23%
Validation Loss: 0.9280, Validation Accuracy: 48.91%
[Epoch 4, Batch   100] loss: 0.893
Epoch 4/50:
Train Loss: 0.3200, Train Accuracy: 59.29%
Validation Loss: 0.9611, Validation Accuracy: 38.82%
[Epoch 5, Batch   100] loss: 0.878
Epoch 5/50:
Train Loss: 0.3135, Train Accuracy: 63.84%
Validation Loss: 0.9168, Validation Accuracy: 52.87%
[Epoch 6, Batch   100] loss: 0.861
Epoch 6/50:
Train Loss: 0.3099, Train Accuracy: 67.89%
Validation Loss: 0.9310, Validation Accuracy: 51.56%
[Epoch 7, Batch   100] loss: 0.852
Epoch 7/50:
Train Loss: 0.3041, Train Accuracy: 71.18%
Validation Loss: 0.9139, Validation Accuracy: 54.56%
[Epoch 8, Batch   100] loss: 0.835
Epoch 8/50:
Train Loss: 0.2989, Train Accuracy: 75.09%
Validation Loss: 0.9064, Validation Accuracy: 57.90%
[Epoch 9, Batch   100] loss: 0.824
Epoch 9/50:
Train Loss: 0.2952, Train Accuracy: 77.96%
Validation Loss: 0.9269, Validation Accuracy: 55.42%
[Epoch 10, Batch   100] loss: 0.817
Epoch 10/50:
Train Loss: 0.2929, Train Accuracy: 79.37%
Validation Loss: 0.9266, Validation Accuracy: 55.00%
[Epoch 11, Batch   100] loss: 0.805
Epoch 11/50:
Train Loss: 0.2883, Train Accuracy: 82.60%
Validation Loss: 0.9500, Validation Accuracy: 50.42%
[Epoch 12, Batch   100] loss: 0.798
Epoch 12/50:
Train Loss: 0.2884, Train Accuracy: 83.64%
Validation Loss: 0.9212, Validation Accuracy: 57.08%
[Epoch 13, Batch   100] loss: 0.787
Epoch 13/50:
Train Loss: 0.2823, Train Accuracy: 86.47%
Validation Loss: 0.9142, Validation Accuracy: 58.11%
[Epoch 14, Batch   100] loss: 0.782
Epoch 14/50:
Train Loss: 0.2793, Train Accuracy: 88.29%
Validation Loss: 0.9183, Validation Accuracy: 58.03%
[Epoch 15, Batch   100] loss: 0.774
Epoch 15/50:
Train Loss: 0.2776, Train Accuracy: 89.56%
Validation Loss: 0.9238, Validation Accuracy: 58.57%
[Epoch 16, Batch   100] loss: 0.773
Epoch 16/50:
Train Loss: 0.2763, Train Accuracy: 90.10%
Validation Loss: 0.9234, Validation Accuracy: 58.13%
[Epoch 17, Batch   100] loss: 0.767
Epoch 17/50:
Train Loss: 0.2754, Train Accuracy: 91.14%
Validation Loss: 0.9279, Validation Accuracy: 56.74%
[Epoch 18, Batch   100] loss: 0.766
Epoch 18/50:
Train Loss: 0.2720, Train Accuracy: 91.80%
Validation Loss: 0.9185, Validation Accuracy: 59.33%
[Epoch 19, Batch   100] loss: 0.758
Epoch 19/50:
Train Loss: 0.2714, Train Accuracy: 93.27%
Validation Loss: 0.9271, Validation Accuracy: 57.96%
[Epoch 20, Batch   100] loss: 0.760
Epoch 20/50:
Train Loss: 0.2710, Train Accuracy: 93.14%
Validation Loss: 0.9147, Validation Accuracy: 61.06%
[Epoch 21, Batch   100] loss: 0.757
Epoch 21/50:
Train Loss: 0.2698, Train Accuracy: 93.62%
Validation Loss: 0.9224, Validation Accuracy: 59.22%
[Epoch 22, Batch   100] loss: 0.755
Epoch 22/50:
Train Loss: 0.2717, Train Accuracy: 93.54%
Validation Loss: 0.9123, Validation Accuracy: 61.09%
[Epoch 23, Batch   100] loss: 0.753
Epoch 23/50:
Train Loss: 0.2677, Train Accuracy: 94.51%
Validation Loss: 0.9345, Validation Accuracy: 57.15%
[Epoch 24, Batch   100] loss: 0.754
Epoch 24/50:
Train Loss: 0.2682, Train Accuracy: 94.52%
Validation Loss: 0.9250, Validation Accuracy: 59.65%
[Epoch 25, Batch   100] loss: 0.751
Epoch 25/50:
Train Loss: 0.2687, Train Accuracy: 94.69%
Validation Loss: 0.9334, Validation Accuracy: 57.70%
[Epoch 26, Batch   100] loss: 0.751
Epoch 26/50:
Train Loss: 0.2694, Train Accuracy: 94.73%
Validation Loss: 0.9380, Validation Accuracy: 57.16%
[Epoch 27, Batch   100] loss: 0.748
Epoch 27/50:
Train Loss: 0.2672, Train Accuracy: 95.39%
Validation Loss: 0.9147, Validation Accuracy: 61.41%
[Epoch 28, Batch   100] loss: 0.746
Epoch 28/50:
Train Loss: 0.2676, Train Accuracy: 95.61%
Validation Loss: 0.9391, Validation Accuracy: 56.64%
[Epoch 29, Batch   100] loss: 0.747
Epoch 29/50:
Train Loss: 0.2649, Train Accuracy: 96.12%
Validation Loss: 0.9247, Validation Accuracy: 60.14%
[Epoch 30, Batch   100] loss: 0.750
Epoch 30/50:
Train Loss: 0.2681, Train Accuracy: 95.15%
Validation Loss: 0.9284, Validation Accuracy: 59.05%
[Epoch 31, Batch   100] loss: 0.752
Epoch 31/50:
Train Loss: 0.2665, Train Accuracy: 95.07%
Validation Loss: 0.9257, Validation Accuracy: 60.60%
[Epoch 32, Batch   100] loss: 0.747
Epoch 32/50:
Train Loss: 0.2660, Train Accuracy: 96.02%
Validation Loss: 0.9188, Validation Accuracy: 61.07%
[Epoch 33, Batch   100] loss: 0.745
Epoch 33/50:
Train Loss: 0.2659, Train Accuracy: 96.07%
Validation Loss: 0.9487, Validation Accuracy: 56.74%
[Epoch 34, Batch   100] loss: 0.745
Epoch 34/50:
Train Loss: 0.2653, Train Accuracy: 96.24%
Validation Loss: 0.9294, Validation Accuracy: 59.62%
[Epoch 35, Batch   100] loss: 0.742
Epoch 35/50:
Train Loss: 0.2639, Train Accuracy: 96.82%
Validation Loss: 0.9467, Validation Accuracy: 56.96%
[Epoch 36, Batch   100] loss: 0.743
Epoch 36/50:
Train Loss: 0.2641, Train Accuracy: 96.89%
Validation Loss: 0.9374, Validation Accuracy: 58.15%
[Epoch 37, Batch   100] loss: 0.743
Epoch 37/50:
Train Loss: 0.2644, Train Accuracy: 96.77%
Validation Loss: 0.9277, Validation Accuracy: 60.15%
[Epoch 38, Batch   100] loss: 0.742
Epoch 38/50:
Train Loss: 0.2649, Train Accuracy: 96.78%
Validation Loss: 0.9373, Validation Accuracy: 58.00%
[Epoch 39, Batch   100] loss: 0.743
Epoch 39/50:
Train Loss: 0.2649, Train Accuracy: 96.54%
Validation Loss: 0.9282, Validation Accuracy: 59.63%
[Epoch 40, Batch   100] loss: 0.744
Epoch 40/50:
Train Loss: 0.2643, Train Accuracy: 96.54%
Validation Loss: 0.9305, Validation Accuracy: 59.45%
[Epoch 41, Batch   100] loss: 0.743
Epoch 41/50:
Train Loss: 0.2644, Train Accuracy: 96.74%
Validation Loss: 0.9506, Validation Accuracy: 56.83%
[Epoch 42, Batch   100] loss: 0.746
Epoch 42/50:
Train Loss: 0.2656, Train Accuracy: 96.14%
Validation Loss: 0.9312, Validation Accuracy: 60.21%
[Epoch 43, Batch   100] loss: 0.743
Epoch 43/50:
Train Loss: 0.2643, Train Accuracy: 96.75%
Validation Loss: 0.9427, Validation Accuracy: 58.63%
[Epoch 44, Batch   100] loss: 0.743
Epoch 44/50:
Train Loss: 0.2630, Train Accuracy: 97.12%
Validation Loss: 0.9362, Validation Accuracy: 59.88%
[Epoch 45, Batch   100] loss: 0.742
Epoch 45/50:
Train Loss: 0.2628, Train Accuracy: 96.99%
Validation Loss: 0.9263, Validation Accuracy: 61.53%
[Epoch 46, Batch   100] loss: 0.739
Epoch 46/50:
Train Loss: 0.2635, Train Accuracy: 97.25%
Validation Loss: 0.9323, Validation Accuracy: 60.20%
[Epoch 47, Batch   100] loss: 0.743
Epoch 47/50:
Train Loss: 0.2650, Train Accuracy: 96.53%
Validation Loss: 0.9296, Validation Accuracy: 60.96%
[Epoch 48, Batch   100] loss: 0.739
Epoch 48/50:
Train Loss: 0.2653, Train Accuracy: 97.17%
Validation Loss: 0.9397, Validation Accuracy: 58.88%
[Epoch 49, Batch   100] loss: 0.742
Epoch 49/50:
Train Loss: 0.2636, Train Accuracy: 96.94%
Validation Loss: 0.9323, Validation Accuracy: 60.38%
[Epoch 50, Batch   100] loss: 0.741
Epoch 50/50:
Train Loss: 0.2616, Train Accuracy: 97.42%
Validation Loss: 0.9355, Validation Accuracy: 60.33%
Model saved to models/resnet18-EvidenceLoss-CIFAR10-EVIDENCE-balanced_by_score-0.8-1
Modified fc layer: updated out_features to 10.
Initialized untrained model.
Epoch 1/50:
Train Loss: 0.9681, Train Accuracy: 30.57%
Validation Loss: 0.9648, Validation Accuracy: 30.96%
Epoch 2/50:
Train Loss: 0.9464, Train Accuracy: 41.35%
Validation Loss: 0.9653, Validation Accuracy: 34.79%
Epoch 3/50:
Train Loss: 0.9262, Train Accuracy: 49.00%
Validation Loss: 0.9846, Validation Accuracy: 29.70%
Epoch 4/50:
Train Loss: 0.9098, Train Accuracy: 54.78%
Validation Loss: 0.9451, Validation Accuracy: 43.44%
Epoch 5/50:
Train Loss: 0.8911, Train Accuracy: 60.80%
Validation Loss: 0.9955, Validation Accuracy: 37.17%
Epoch 6/50:
Train Loss: 0.8727, Train Accuracy: 65.61%
Validation Loss: 0.9512, Validation Accuracy: 42.89%
Epoch 7/50:
Train Loss: 0.8544, Train Accuracy: 70.37%
Validation Loss: 0.9316, Validation Accuracy: 50.45%
Epoch 8/50:
Train Loss: 0.8373, Train Accuracy: 74.80%
Validation Loss: 0.9402, Validation Accuracy: 48.30%
Epoch 9/50:
Train Loss: 0.8266, Train Accuracy: 77.65%
Validation Loss: 0.9562, Validation Accuracy: 46.10%
Epoch 10/50:
Train Loss: 0.8178, Train Accuracy: 79.80%
Validation Loss: 0.9559, Validation Accuracy: 46.29%
Epoch 11/50:
Train Loss: 0.8047, Train Accuracy: 83.08%
Validation Loss: 0.9513, Validation Accuracy: 48.39%
Epoch 12/50:
Train Loss: 0.7956, Train Accuracy: 85.22%
Validation Loss: 0.9541, Validation Accuracy: 49.54%
Epoch 13/50:
Train Loss: 0.7920, Train Accuracy: 86.04%
Validation Loss: 0.9455, Validation Accuracy: 51.87%
Epoch 14/50:
Train Loss: 0.7832, Train Accuracy: 87.96%
Validation Loss: 0.9795, Validation Accuracy: 46.02%
Epoch 15/50:
Train Loss: 0.7751, Train Accuracy: 89.84%
Validation Loss: 0.9541, Validation Accuracy: 50.45%
Epoch 16/50:
Train Loss: 0.7671, Train Accuracy: 91.94%
Validation Loss: 0.9640, Validation Accuracy: 49.51%
Epoch 17/50:
Train Loss: 0.7655, Train Accuracy: 92.16%
Validation Loss: 0.9517, Validation Accuracy: 51.54%
Epoch 18/50:
Train Loss: 0.7610, Train Accuracy: 93.24%
Validation Loss: 0.9654, Validation Accuracy: 48.93%
Epoch 19/50:
Train Loss: 0.7640, Train Accuracy: 92.65%
Validation Loss: 0.9686, Validation Accuracy: 49.08%
Epoch 20/50:
Train Loss: 0.7578, Train Accuracy: 93.94%
Validation Loss: 0.9620, Validation Accuracy: 49.69%
Epoch 21/50:
Train Loss: 0.7583, Train Accuracy: 93.65%
Validation Loss: 0.9636, Validation Accuracy: 48.79%
Epoch 22/50:
Train Loss: 0.7566, Train Accuracy: 94.14%
Validation Loss: 0.9762, Validation Accuracy: 49.11%
Epoch 23/50:
Train Loss: 0.7518, Train Accuracy: 94.98%
Validation Loss: 0.9702, Validation Accuracy: 48.77%
Epoch 24/50:
Train Loss: 0.7503, Train Accuracy: 95.27%
Validation Loss: 0.9725, Validation Accuracy: 49.32%
Epoch 25/50:
Train Loss: 0.7474, Train Accuracy: 96.06%
Validation Loss: 0.9589, Validation Accuracy: 51.66%
Epoch 26/50:
Train Loss: 0.7432, Train Accuracy: 96.76%
Validation Loss: 0.9619, Validation Accuracy: 50.44%
Epoch 27/50:
Train Loss: 0.7464, Train Accuracy: 96.06%
Validation Loss: 0.9728, Validation Accuracy: 49.53%
Epoch 28/50:
Train Loss: 0.7448, Train Accuracy: 96.73%
Validation Loss: 0.9644, Validation Accuracy: 50.74%
Epoch 29/50:
Train Loss: 0.7463, Train Accuracy: 96.43%
Validation Loss: 0.9734, Validation Accuracy: 49.91%
Epoch 30/50:
Train Loss: 0.7452, Train Accuracy: 96.47%
Validation Loss: 0.9721, Validation Accuracy: 50.35%
Epoch 31/50:
Train Loss: 0.7459, Train Accuracy: 96.22%
Validation Loss: 0.9700, Validation Accuracy: 51.26%
Epoch 32/50:
Train Loss: 0.7426, Train Accuracy: 96.94%
Validation Loss: 0.9658, Validation Accuracy: 51.60%
Epoch 33/50:
Train Loss: 0.7416, Train Accuracy: 97.41%
Validation Loss: 0.9661, Validation Accuracy: 51.47%
Epoch 34/50:
Train Loss: 0.7420, Train Accuracy: 97.12%
Validation Loss: 0.9724, Validation Accuracy: 51.25%
Epoch 35/50:
Train Loss: 0.7422, Train Accuracy: 96.98%
Validation Loss: 0.9621, Validation Accuracy: 50.98%
Epoch 36/50:
Train Loss: 0.7432, Train Accuracy: 96.73%
Validation Loss: 0.9647, Validation Accuracy: 51.78%
Epoch 37/50:
Train Loss: 0.7410, Train Accuracy: 97.37%
Validation Loss: 0.9785, Validation Accuracy: 48.79%
Epoch 38/50:
Train Loss: 0.7403, Train Accuracy: 97.43%
Validation Loss: 0.9692, Validation Accuracy: 51.06%
Epoch 39/50:
Train Loss: 0.7407, Train Accuracy: 97.22%
Validation Loss: 0.9838, Validation Accuracy: 49.74%
Epoch 40/50:
Train Loss: 0.7409, Train Accuracy: 97.33%
Validation Loss: 0.9599, Validation Accuracy: 53.15%
Epoch 41/50:
Train Loss: 0.7407, Train Accuracy: 97.35%
Validation Loss: 0.9692, Validation Accuracy: 51.55%
Epoch 42/50:
Train Loss: 0.7396, Train Accuracy: 97.39%
Validation Loss: 0.9600, Validation Accuracy: 52.13%
Epoch 43/50:
Train Loss: 0.7366, Train Accuracy: 98.10%
Validation Loss: 0.9697, Validation Accuracy: 51.73%
Epoch 44/50:
Train Loss: 0.7362, Train Accuracy: 98.20%
Validation Loss: 0.9611, Validation Accuracy: 52.91%
Epoch 45/50:
Train Loss: 0.7377, Train Accuracy: 97.80%
Validation Loss: 0.9707, Validation Accuracy: 51.14%
Epoch 46/50:
Train Loss: 0.7381, Train Accuracy: 97.88%
Validation Loss: 0.9806, Validation Accuracy: 48.88%
Epoch 47/50:
Train Loss: 0.7400, Train Accuracy: 97.45%
Validation Loss: 0.9718, Validation Accuracy: 51.75%
Epoch 48/50:
Train Loss: 0.7396, Train Accuracy: 97.55%
Validation Loss: 0.9673, Validation Accuracy: 50.95%
Epoch 49/50:
Train Loss: 0.7363, Train Accuracy: 98.08%
Validation Loss: 0.9782, Validation Accuracy: 50.49%
Epoch 50/50:
Train Loss: 0.7407, Train Accuracy: 97.27%
Validation Loss: 0.9731, Validation Accuracy: 50.27%
Model saved to models/resnet18-EvidenceLoss-CIFAR10-EVIDENCE-balanced_by_score-0.9-1
Modified fc layer: updated out_features to 10.
Initialized untrained model.
Epoch 1/50:
Train Loss: 0.9709, Train Accuracy: 29.28%
Validation Loss: 1.1242, Validation Accuracy: 10.78%
Epoch 2/50:
Train Loss: 0.9490, Train Accuracy: 40.12%
Validation Loss: 0.9674, Validation Accuracy: 31.27%
Epoch 3/50:
Train Loss: 0.9348, Train Accuracy: 46.64%
Validation Loss: 0.9574, Validation Accuracy: 36.88%
Epoch 4/50:
Train Loss: 0.9110, Train Accuracy: 55.08%
Validation Loss: 0.9621, Validation Accuracy: 37.18%
Epoch 5/50:
Train Loss: 0.8948, Train Accuracy: 58.80%
Validation Loss: 0.9717, Validation Accuracy: 35.75%
Epoch 6/50:
Train Loss: 0.8699, Train Accuracy: 67.36%
Validation Loss: 0.9611, Validation Accuracy: 39.61%
Epoch 7/50:
Train Loss: 0.8583, Train Accuracy: 69.40%
Validation Loss: 0.9725, Validation Accuracy: 39.43%
Epoch 8/50:
Train Loss: 0.8424, Train Accuracy: 74.36%
Validation Loss: 0.9709, Validation Accuracy: 41.18%
Epoch 9/50:
Train Loss: 0.8264, Train Accuracy: 78.40%
Validation Loss: 0.9791, Validation Accuracy: 38.90%
Epoch 10/50:
Train Loss: 0.8122, Train Accuracy: 81.52%
Validation Loss: 0.9807, Validation Accuracy: 38.26%
Epoch 11/50:
Train Loss: 0.8168, Train Accuracy: 81.64%
Validation Loss: 0.9744, Validation Accuracy: 42.98%
Epoch 12/50:
Train Loss: 0.8131, Train Accuracy: 82.56%
Validation Loss: 0.9937, Validation Accuracy: 40.22%
Epoch 13/50:
Train Loss: 0.8079, Train Accuracy: 83.40%
Validation Loss: 0.9937, Validation Accuracy: 38.95%
Epoch 14/50:
Train Loss: 0.8033, Train Accuracy: 84.72%
Validation Loss: 0.9749, Validation Accuracy: 43.10%
Epoch 15/50:
Train Loss: 0.7936, Train Accuracy: 86.88%
Validation Loss: 0.9757, Validation Accuracy: 43.40%
Epoch 16/50:
Train Loss: 0.7759, Train Accuracy: 89.96%
Validation Loss: 0.9868, Validation Accuracy: 43.00%
Epoch 17/50:
Train Loss: 0.7730, Train Accuracy: 90.72%
Validation Loss: 0.9756, Validation Accuracy: 44.00%
Epoch 18/50:
Train Loss: 0.7716, Train Accuracy: 90.88%
Validation Loss: 0.9791, Validation Accuracy: 43.74%
Epoch 19/50:
Train Loss: 0.7816, Train Accuracy: 90.24%
Validation Loss: 0.9737, Validation Accuracy: 44.51%
Epoch 20/50:
Train Loss: 0.7885, Train Accuracy: 88.52%
Validation Loss: 0.9939, Validation Accuracy: 41.25%
Epoch 21/50:
Train Loss: 0.7703, Train Accuracy: 92.08%
Validation Loss: 1.0040, Validation Accuracy: 41.37%
Epoch 22/50:
Train Loss: 0.7598, Train Accuracy: 93.84%
Validation Loss: 0.9772, Validation Accuracy: 45.09%
Epoch 23/50:
Train Loss: 0.7565, Train Accuracy: 94.64%
Validation Loss: 0.9846, Validation Accuracy: 44.09%
Epoch 24/50:
Train Loss: 0.7548, Train Accuracy: 95.04%
Validation Loss: 0.9926, Validation Accuracy: 42.99%
Epoch 25/50:
Train Loss: 0.7616, Train Accuracy: 93.32%
Validation Loss: 0.9894, Validation Accuracy: 43.74%
Epoch 26/50:
Train Loss: 0.7483, Train Accuracy: 96.04%
Validation Loss: 0.9824, Validation Accuracy: 45.11%
Epoch 27/50:
Train Loss: 0.7445, Train Accuracy: 96.60%
Validation Loss: 0.9852, Validation Accuracy: 44.87%
Epoch 28/50:
Train Loss: 0.7550, Train Accuracy: 94.44%
Validation Loss: 0.9854, Validation Accuracy: 45.45%
Epoch 29/50:
Train Loss: 0.7825, Train Accuracy: 89.12%
Validation Loss: 0.9937, Validation Accuracy: 43.83%
Epoch 30/50:
Train Loss: 0.7584, Train Accuracy: 94.28%
Validation Loss: 0.9938, Validation Accuracy: 44.26%
Epoch 31/50:
Train Loss: 0.7539, Train Accuracy: 95.48%
Validation Loss: 0.9887, Validation Accuracy: 45.08%
Epoch 32/50:
Train Loss: 0.7530, Train Accuracy: 95.40%
Validation Loss: 0.9899, Validation Accuracy: 44.29%
Epoch 33/50:
Train Loss: 0.7482, Train Accuracy: 96.00%
Validation Loss: 0.9839, Validation Accuracy: 45.77%
Epoch 34/50:
Train Loss: 0.7449, Train Accuracy: 97.24%
Validation Loss: 0.9911, Validation Accuracy: 43.79%
Epoch 35/50:
Train Loss: 0.7663, Train Accuracy: 92.92%
Validation Loss: 1.0013, Validation Accuracy: 43.96%
Epoch 36/50:
Train Loss: 0.7528, Train Accuracy: 95.96%
Validation Loss: 0.9812, Validation Accuracy: 46.29%
Epoch 37/50:
Train Loss: 0.7548, Train Accuracy: 95.92%
Validation Loss: 0.9955, Validation Accuracy: 44.59%
Epoch 38/50:
Train Loss: 0.7542, Train Accuracy: 95.52%
Validation Loss: 1.0072, Validation Accuracy: 42.75%
Epoch 39/50:
Train Loss: 0.7451, Train Accuracy: 97.24%
Validation Loss: 0.9867, Validation Accuracy: 45.60%
Epoch 40/50:
Train Loss: 0.7506, Train Accuracy: 96.00%
Validation Loss: 0.9866, Validation Accuracy: 45.72%
Epoch 41/50:
Train Loss: 0.7404, Train Accuracy: 97.80%
Validation Loss: 0.9874, Validation Accuracy: 45.89%
Epoch 42/50:
Train Loss: 0.7470, Train Accuracy: 97.04%
Validation Loss: 0.9844, Validation Accuracy: 46.72%
Epoch 43/50:
Train Loss: 0.7462, Train Accuracy: 96.24%
Validation Loss: 0.9914, Validation Accuracy: 45.12%
Epoch 44/50:
Train Loss: 0.7450, Train Accuracy: 97.28%
Validation Loss: 0.9881, Validation Accuracy: 45.96%
Epoch 45/50:
Train Loss: 0.7473, Train Accuracy: 96.72%
Validation Loss: 0.9845, Validation Accuracy: 45.99%
Epoch 46/50:
Train Loss: 0.7470, Train Accuracy: 97.04%
Validation Loss: 0.9986, Validation Accuracy: 44.30%
Epoch 47/50:
Train Loss: 0.7485, Train Accuracy: 96.84%
Validation Loss: 0.9908, Validation Accuracy: 44.67%
Epoch 48/50:
Train Loss: 0.7516, Train Accuracy: 95.80%
Validation Loss: 1.0014, Validation Accuracy: 44.14%
Epoch 49/50:
Train Loss: 0.7406, Train Accuracy: 97.64%
Validation Loss: 0.9832, Validation Accuracy: 46.32%
Epoch 50/50:
Train Loss: 0.7370, Train Accuracy: 98.20%
Validation Loss: 0.9806, Validation Accuracy: 48.05%
Model saved to models/resnet18-EvidenceLoss-CIFAR10-EVIDENCE-balanced_by_score-0.95-1
Modified fc layer: updated out_features to 10.
Loaded weights from file: models/resnet18_CIFAR10_E1_1
Files already downloaded and verified
Files already downloaded and verified
Modified fc layer: updated out_features to 10.
Initialized untrained model.
[Epoch 1, Batch   100] loss: 0.963
[Epoch 1, Batch   200] loss: 0.946
[Epoch 1, Batch   300] loss: 0.938
[Epoch 1, Batch   400] loss: 0.929
[Epoch 1, Batch   500] loss: 0.922
Epoch 1/50:
Train Loss: 0.0792, Train Accuracy: 44.25%
Validation Loss: 0.9430, Validation Accuracy: 44.95%
[Epoch 2, Batch   100] loss: 0.909
[Epoch 2, Batch   200] loss: 0.902
[Epoch 2, Batch   300] loss: 0.901
[Epoch 2, Batch   400] loss: 0.899
[Epoch 2, Batch   500] loss: 0.896
Epoch 2/50:
Train Loss: 0.0773, Train Accuracy: 57.58%
Validation Loss: 0.9045, Validation Accuracy: 56.64%
[Epoch 3, Batch   100] loss: 0.883
[Epoch 3, Batch   200] loss: 0.884
[Epoch 3, Batch   300] loss: 0.884
[Epoch 3, Batch   400] loss: 0.877
[Epoch 3, Batch   500] loss: 0.878
Epoch 3/50:
Train Loss: 0.0755, Train Accuracy: 63.58%
Validation Loss: 0.8810, Validation Accuracy: 63.19%
[Epoch 4, Batch   100] loss: 0.867
[Epoch 4, Batch   200] loss: 0.868
[Epoch 4, Batch   300] loss: 0.864
[Epoch 4, Batch   400] loss: 0.864
[Epoch 4, Batch   500] loss: 0.862
Epoch 4/50:
Train Loss: 0.0744, Train Accuracy: 68.14%
Validation Loss: 0.8712, Validation Accuracy: 66.35%
[Epoch 5, Batch   100] loss: 0.851
[Epoch 5, Batch   200] loss: 0.856
[Epoch 5, Batch   300] loss: 0.849
[Epoch 5, Batch   400] loss: 0.853
[Epoch 5, Batch   500] loss: 0.853
Epoch 5/50:
Train Loss: 0.0737, Train Accuracy: 71.36%
Validation Loss: 0.8767, Validation Accuracy: 65.49%
[Epoch 6, Batch   100] loss: 0.841
[Epoch 6, Batch   200] loss: 0.845
[Epoch 6, Batch   300] loss: 0.842
[Epoch 6, Batch   400] loss: 0.842
[Epoch 6, Batch   500] loss: 0.841
Epoch 6/50:
Train Loss: 0.0724, Train Accuracy: 74.00%
Validation Loss: 0.8670, Validation Accuracy: 67.54%
[Epoch 7, Batch   100] loss: 0.827
[Epoch 7, Batch   200] loss: 0.837
[Epoch 7, Batch   300] loss: 0.833
[Epoch 7, Batch   400] loss: 0.835
[Epoch 7, Batch   500] loss: 0.833
Epoch 7/50:
Train Loss: 0.0720, Train Accuracy: 76.18%
Validation Loss: 0.8719, Validation Accuracy: 66.54%
[Epoch 8, Batch   100] loss: 0.818
[Epoch 8, Batch   200] loss: 0.819
[Epoch 8, Batch   300] loss: 0.827
[Epoch 8, Batch   400] loss: 0.828
[Epoch 8, Batch   500] loss: 0.825
Epoch 8/50:
Train Loss: 0.0712, Train Accuracy: 78.54%
Validation Loss: 0.8765, Validation Accuracy: 66.34%
[Epoch 9, Batch   100] loss: 0.811
[Epoch 9, Batch   200] loss: 0.813
[Epoch 9, Batch   300] loss: 0.816
[Epoch 9, Batch   400] loss: 0.818
[Epoch 9, Batch   500] loss: 0.821
Epoch 9/50:
Train Loss: 0.0711, Train Accuracy: 80.47%
Validation Loss: 0.8618, Validation Accuracy: 69.54%
[Epoch 10, Batch   100] loss: 0.804
[Epoch 10, Batch   200] loss: 0.807
[Epoch 10, Batch   300] loss: 0.810
[Epoch 10, Batch   400] loss: 0.811
[Epoch 10, Batch   500] loss: 0.812
Epoch 10/50:
Train Loss: 0.0698, Train Accuracy: 82.21%
Validation Loss: 0.8943, Validation Accuracy: 62.92%
[Epoch 11, Batch   100] loss: 0.795
[Epoch 11, Batch   200] loss: 0.799
[Epoch 11, Batch   300] loss: 0.803
[Epoch 11, Batch   400] loss: 0.804
[Epoch 11, Batch   500] loss: 0.804
Epoch 11/50:
Train Loss: 0.0695, Train Accuracy: 83.85%
Validation Loss: 0.8683, Validation Accuracy: 68.66%
[Epoch 12, Batch   100] loss: 0.790
[Epoch 12, Batch   200] loss: 0.790
[Epoch 12, Batch   300] loss: 0.794
[Epoch 12, Batch   400] loss: 0.796
[Epoch 12, Batch   500] loss: 0.801
Epoch 12/50:
Train Loss: 0.0689, Train Accuracy: 85.51%
Validation Loss: 0.8604, Validation Accuracy: 70.70%
[Epoch 13, Batch   100] loss: 0.783
[Epoch 13, Batch   200] loss: 0.789
[Epoch 13, Batch   300] loss: 0.791
[Epoch 13, Batch   400] loss: 0.794
[Epoch 13, Batch   500] loss: 0.795
Epoch 13/50:
Train Loss: 0.0684, Train Accuracy: 86.32%
Validation Loss: 0.8581, Validation Accuracy: 71.58%
[Epoch 14, Batch   100] loss: 0.779
[Epoch 14, Batch   200] loss: 0.781
[Epoch 14, Batch   300] loss: 0.786
[Epoch 14, Batch   400] loss: 0.791
[Epoch 14, Batch   500] loss: 0.793
Epoch 14/50:
Train Loss: 0.0681, Train Accuracy: 87.54%
Validation Loss: 0.8572, Validation Accuracy: 71.86%
[Epoch 15, Batch   100] loss: 0.776
[Epoch 15, Batch   200] loss: 0.776
[Epoch 15, Batch   300] loss: 0.780
[Epoch 15, Batch   400] loss: 0.786
[Epoch 15, Batch   500] loss: 0.784
Epoch 15/50:
Train Loss: 0.0674, Train Accuracy: 88.65%
Validation Loss: 0.8544, Validation Accuracy: 72.97%
[Epoch 16, Batch   100] loss: 0.769
[Epoch 16, Batch   200] loss: 0.774
[Epoch 16, Batch   300] loss: 0.778
[Epoch 16, Batch   400] loss: 0.780
[Epoch 16, Batch   500] loss: 0.785
Epoch 16/50:
Train Loss: 0.0674, Train Accuracy: 89.36%
Validation Loss: 0.8551, Validation Accuracy: 72.98%
[Epoch 17, Batch   100] loss: 0.767
[Epoch 17, Batch   200] loss: 0.773
[Epoch 17, Batch   300] loss: 0.774
[Epoch 17, Batch   400] loss: 0.776
[Epoch 17, Batch   500] loss: 0.775
Epoch 17/50:
Train Loss: 0.0666, Train Accuracy: 90.28%
Validation Loss: 0.8601, Validation Accuracy: 72.77%
[Epoch 18, Batch   100] loss: 0.765
[Epoch 18, Batch   200] loss: 0.766
[Epoch 18, Batch   300] loss: 0.774
[Epoch 18, Batch   400] loss: 0.775
[Epoch 18, Batch   500] loss: 0.780
Epoch 18/50:
Train Loss: 0.0667, Train Accuracy: 90.63%
Validation Loss: 0.8729, Validation Accuracy: 70.29%
[Epoch 19, Batch   100] loss: 0.763
[Epoch 19, Batch   200] loss: 0.768
[Epoch 19, Batch   300] loss: 0.771
[Epoch 19, Batch   400] loss: 0.772
[Epoch 19, Batch   500] loss: 0.769
Epoch 19/50:
Train Loss: 0.0664, Train Accuracy: 91.42%
Validation Loss: 0.8644, Validation Accuracy: 71.47%
[Epoch 20, Batch   100] loss: 0.762
[Epoch 20, Batch   200] loss: 0.766
[Epoch 20, Batch   300] loss: 0.768
[Epoch 20, Batch   400] loss: 0.769
[Epoch 20, Batch   500] loss: 0.771
Epoch 20/50:
Train Loss: 0.0661, Train Accuracy: 91.78%
Validation Loss: 0.8750, Validation Accuracy: 69.49%
[Epoch 21, Batch   100] loss: 0.758
[Epoch 21, Batch   200] loss: 0.764
[Epoch 21, Batch   300] loss: 0.765
[Epoch 21, Batch   400] loss: 0.765
[Epoch 21, Batch   500] loss: 0.768
Epoch 21/50:
Train Loss: 0.0663, Train Accuracy: 92.17%
Validation Loss: 0.8707, Validation Accuracy: 70.40%
[Epoch 22, Batch   100] loss: 0.759
[Epoch 22, Batch   200] loss: 0.760
[Epoch 22, Batch   300] loss: 0.762
[Epoch 22, Batch   400] loss: 0.766
[Epoch 22, Batch   500] loss: 0.769
Epoch 22/50:
Train Loss: 0.0661, Train Accuracy: 92.57%
Validation Loss: 0.8689, Validation Accuracy: 70.98%
[Epoch 23, Batch   100] loss: 0.753
[Epoch 23, Batch   200] loss: 0.759
[Epoch 23, Batch   300] loss: 0.762
[Epoch 23, Batch   400] loss: 0.763
[Epoch 23, Batch   500] loss: 0.765
Epoch 23/50:
Train Loss: 0.0661, Train Accuracy: 93.00%
Validation Loss: 0.8624, Validation Accuracy: 72.31%
[Epoch 24, Batch   100] loss: 0.756
[Epoch 24, Batch   200] loss: 0.756
[Epoch 24, Batch   300] loss: 0.760
[Epoch 24, Batch   400] loss: 0.761
[Epoch 24, Batch   500] loss: 0.766
Epoch 24/50:
Train Loss: 0.0659, Train Accuracy: 93.25%
Validation Loss: 0.8691, Validation Accuracy: 70.88%
[Epoch 25, Batch   100] loss: 0.754
[Epoch 25, Batch   200] loss: 0.756
[Epoch 25, Batch   300] loss: 0.759
[Epoch 25, Batch   400] loss: 0.760
[Epoch 25, Batch   500] loss: 0.762
Epoch 25/50:
Train Loss: 0.0659, Train Accuracy: 93.54%
Validation Loss: 0.8786, Validation Accuracy: 69.30%
[Epoch 26, Batch   100] loss: 0.755
[Epoch 26, Batch   200] loss: 0.756
[Epoch 26, Batch   300] loss: 0.759
[Epoch 26, Batch   400] loss: 0.758
[Epoch 26, Batch   500] loss: 0.764
Epoch 26/50:
Train Loss: 0.0659, Train Accuracy: 93.59%
Validation Loss: 0.8939, Validation Accuracy: 66.62%
[Epoch 27, Batch   100] loss: 0.753
[Epoch 27, Batch   200] loss: 0.754
[Epoch 27, Batch   300] loss: 0.757
[Epoch 27, Batch   400] loss: 0.762
[Epoch 27, Batch   500] loss: 0.760
Epoch 27/50:
Train Loss: 0.0655, Train Accuracy: 93.77%
Validation Loss: 0.8642, Validation Accuracy: 72.85%
[Epoch 28, Batch   100] loss: 0.754
[Epoch 28, Batch   200] loss: 0.755
[Epoch 28, Batch   300] loss: 0.757
[Epoch 28, Batch   400] loss: 0.757
[Epoch 28, Batch   500] loss: 0.757
Epoch 28/50:
Train Loss: 0.0655, Train Accuracy: 94.00%
Validation Loss: 0.8716, Validation Accuracy: 71.61%
[Epoch 29, Batch   100] loss: 0.751
[Epoch 29, Batch   200] loss: 0.754
[Epoch 29, Batch   300] loss: 0.759
[Epoch 29, Batch   400] loss: 0.761
[Epoch 29, Batch   500] loss: 0.757
Epoch 29/50:
Train Loss: 0.0651, Train Accuracy: 94.06%
Validation Loss: 0.8766, Validation Accuracy: 70.34%
[Epoch 30, Batch   100] loss: 0.748
[Epoch 30, Batch   200] loss: 0.754
[Epoch 30, Batch   300] loss: 0.757
[Epoch 30, Batch   400] loss: 0.757
[Epoch 30, Batch   500] loss: 0.763
Epoch 30/50:
Train Loss: 0.0653, Train Accuracy: 94.05%
Validation Loss: 0.8688, Validation Accuracy: 71.61%
[Epoch 31, Batch   100] loss: 0.755
[Epoch 31, Batch   200] loss: 0.755
[Epoch 31, Batch   300] loss: 0.752
[Epoch 31, Batch   400] loss: 0.757
[Epoch 31, Batch   500] loss: 0.757
Epoch 31/50:
Train Loss: 0.0653, Train Accuracy: 94.31%
Validation Loss: 0.8728, Validation Accuracy: 71.51%
[Epoch 32, Batch   100] loss: 0.752
[Epoch 32, Batch   200] loss: 0.750
[Epoch 32, Batch   300] loss: 0.754
[Epoch 32, Batch   400] loss: 0.753
[Epoch 32, Batch   500] loss: 0.751
Epoch 32/50:
Train Loss: 0.0652, Train Accuracy: 94.77%
Validation Loss: 0.8590, Validation Accuracy: 73.88%
[Epoch 33, Batch   100] loss: 0.749
[Epoch 33, Batch   200] loss: 0.752
[Epoch 33, Batch   300] loss: 0.756
[Epoch 33, Batch   400] loss: 0.756
[Epoch 33, Batch   500] loss: 0.754
Epoch 33/50:
Train Loss: 0.0648, Train Accuracy: 94.67%
Validation Loss: 0.8701, Validation Accuracy: 72.03%
[Epoch 34, Batch   100] loss: 0.749
[Epoch 34, Batch   200] loss: 0.751
[Epoch 34, Batch   300] loss: 0.752
[Epoch 34, Batch   400] loss: 0.756
[Epoch 34, Batch   500] loss: 0.753
Epoch 34/50:
Train Loss: 0.0653, Train Accuracy: 94.87%
Validation Loss: 0.8798, Validation Accuracy: 70.30%
[Epoch 35, Batch   100] loss: 0.746
[Epoch 35, Batch   200] loss: 0.751
[Epoch 35, Batch   300] loss: 0.752
[Epoch 35, Batch   400] loss: 0.754
[Epoch 35, Batch   500] loss: 0.756
Epoch 35/50:
Train Loss: 0.0651, Train Accuracy: 94.86%
Validation Loss: 0.8689, Validation Accuracy: 71.97%
[Epoch 36, Batch   100] loss: 0.750
[Epoch 36, Batch   200] loss: 0.750
[Epoch 36, Batch   300] loss: 0.750
[Epoch 36, Batch   400] loss: 0.755
[Epoch 36, Batch   500] loss: 0.757
Epoch 36/50:
Train Loss: 0.0649, Train Accuracy: 94.88%
Validation Loss: 0.8706, Validation Accuracy: 72.27%
[Epoch 37, Batch   100] loss: 0.750
[Epoch 37, Batch   200] loss: 0.751
[Epoch 37, Batch   300] loss: 0.748
[Epoch 37, Batch   400] loss: 0.752
[Epoch 37, Batch   500] loss: 0.753
Epoch 37/50:
Train Loss: 0.0651, Train Accuracy: 95.23%
Validation Loss: 0.8642, Validation Accuracy: 73.07%
[Epoch 38, Batch   100] loss: 0.747
[Epoch 38, Batch   200] loss: 0.747
[Epoch 38, Batch   300] loss: 0.750
[Epoch 38, Batch   400] loss: 0.753
[Epoch 38, Batch   500] loss: 0.756
Epoch 38/50:
Train Loss: 0.0649, Train Accuracy: 95.23%
Validation Loss: 0.8758, Validation Accuracy: 71.01%
[Epoch 39, Batch   100] loss: 0.748
[Epoch 39, Batch   200] loss: 0.749
[Epoch 39, Batch   300] loss: 0.750
[Epoch 39, Batch   400] loss: 0.753
[Epoch 39, Batch   500] loss: 0.753
Epoch 39/50:
Train Loss: 0.0648, Train Accuracy: 95.24%
Validation Loss: 0.8720, Validation Accuracy: 71.05%
[Epoch 40, Batch   100] loss: 0.748
[Epoch 40, Batch   200] loss: 0.750
[Epoch 40, Batch   300] loss: 0.750
[Epoch 40, Batch   400] loss: 0.750
[Epoch 40, Batch   500] loss: 0.752
Epoch 40/50:
Train Loss: 0.0648, Train Accuracy: 95.31%
Validation Loss: 0.8681, Validation Accuracy: 72.72%
[Epoch 41, Batch   100] loss: 0.747
[Epoch 41, Batch   200] loss: 0.747
[Epoch 41, Batch   300] loss: 0.749
[Epoch 41, Batch   400] loss: 0.749
[Epoch 41, Batch   500] loss: 0.754
Epoch 41/50:
Train Loss: 0.0646, Train Accuracy: 95.43%
Validation Loss: 0.8680, Validation Accuracy: 72.60%
[Epoch 42, Batch   100] loss: 0.746
[Epoch 42, Batch   200] loss: 0.747
[Epoch 42, Batch   300] loss: 0.753
[Epoch 42, Batch   400] loss: 0.755
[Epoch 42, Batch   500] loss: 0.753
Epoch 42/50:
Train Loss: 0.0649, Train Accuracy: 95.19%
Validation Loss: 0.8707, Validation Accuracy: 72.40%
[Epoch 43, Batch   100] loss: 0.745
[Epoch 43, Batch   200] loss: 0.749
[Epoch 43, Batch   300] loss: 0.751
[Epoch 43, Batch   400] loss: 0.750
[Epoch 43, Batch   500] loss: 0.753
Epoch 43/50:
Train Loss: 0.0647, Train Accuracy: 95.41%
Validation Loss: 0.8725, Validation Accuracy: 72.26%
[Epoch 44, Batch   100] loss: 0.746
[Epoch 44, Batch   200] loss: 0.748
[Epoch 44, Batch   300] loss: 0.751
[Epoch 44, Batch   400] loss: 0.749
[Epoch 44, Batch   500] loss: 0.751
Epoch 44/50:
Train Loss: 0.0647, Train Accuracy: 95.52%
Validation Loss: 0.8674, Validation Accuracy: 72.58%
[Epoch 45, Batch   100] loss: 0.747
[Epoch 45, Batch   200] loss: 0.748
[Epoch 45, Batch   300] loss: 0.749
[Epoch 45, Batch   400] loss: 0.749
[Epoch 45, Batch   500] loss: 0.750
Epoch 45/50:
Train Loss: 0.0648, Train Accuracy: 95.58%
Validation Loss: 0.8714, Validation Accuracy: 71.64%
[Epoch 46, Batch   100] loss: 0.745
[Epoch 46, Batch   200] loss: 0.751
[Epoch 46, Batch   300] loss: 0.749
[Epoch 46, Batch   400] loss: 0.751
[Epoch 46, Batch   500] loss: 0.752
Epoch 46/50:
Train Loss: 0.0645, Train Accuracy: 95.42%
Validation Loss: 0.8735, Validation Accuracy: 71.88%
[Epoch 47, Batch   100] loss: 0.745
[Epoch 47, Batch   200] loss: 0.744
[Epoch 47, Batch   300] loss: 0.748
[Epoch 47, Batch   400] loss: 0.751
[Epoch 47, Batch   500] loss: 0.751
Epoch 47/50:
Train Loss: 0.0646, Train Accuracy: 95.74%
Validation Loss: 0.8681, Validation Accuracy: 72.66%
[Epoch 48, Batch   100] loss: 0.745
[Epoch 48, Batch   200] loss: 0.745
[Epoch 48, Batch   300] loss: 0.749
[Epoch 48, Batch   400] loss: 0.751
[Epoch 48, Batch   500] loss: 0.754
Epoch 48/50:
Train Loss: 0.0646, Train Accuracy: 95.56%
Validation Loss: 0.8636, Validation Accuracy: 73.55%
[Epoch 49, Batch   100] loss: 0.744
[Epoch 49, Batch   200] loss: 0.744
[Epoch 49, Batch   300] loss: 0.748
[Epoch 49, Batch   400] loss: 0.749
[Epoch 49, Batch   500] loss: 0.751
Epoch 49/50:
Train Loss: 0.0646, Train Accuracy: 95.85%
Validation Loss: 0.8751, Validation Accuracy: 71.49%
[Epoch 50, Batch   100] loss: 0.744
[Epoch 50, Batch   200] loss: 0.747
[Epoch 50, Batch   300] loss: 0.748
[Epoch 50, Batch   400] loss: 0.749
[Epoch 50, Batch   500] loss: 0.750
Epoch 50/50:
Train Loss: 0.0646, Train Accuracy: 95.92%
Validation Loss: 0.8668, Validation Accuracy: 72.96%
Model saved to models/resnet18-EvidenceLoss-CIFAR10-BELIEF-balanced_by_score-0.3-1
Modified fc layer: updated out_features to 10.
Initialized untrained model.
[Epoch 1, Batch   100] loss: 0.966
[Epoch 1, Batch   200] loss: 0.947
[Epoch 1, Batch   300] loss: 0.937
Epoch 1/50:
Train Loss: 0.2156, Train Accuracy: 41.42%
Validation Loss: 0.9341, Validation Accuracy: 46.71%
[Epoch 2, Batch   100] loss: 0.918
[Epoch 2, Batch   200] loss: 0.914
[Epoch 2, Batch   300] loss: 0.910
Epoch 2/50:
Train Loss: 0.2102, Train Accuracy: 54.46%
Validation Loss: 0.9125, Validation Accuracy: 54.27%
[Epoch 3, Batch   100] loss: 0.890
[Epoch 3, Batch   200] loss: 0.891
[Epoch 3, Batch   300] loss: 0.888
Epoch 3/50:
Train Loss: 0.2065, Train Accuracy: 61.15%
Validation Loss: 0.9046, Validation Accuracy: 56.74%
[Epoch 4, Batch   100] loss: 0.874
[Epoch 4, Batch   200] loss: 0.876
[Epoch 4, Batch   300] loss: 0.871
Epoch 4/50:
Train Loss: 0.2029, Train Accuracy: 65.98%
Validation Loss: 0.9134, Validation Accuracy: 56.11%
[Epoch 5, Batch   100] loss: 0.857
[Epoch 5, Batch   200] loss: 0.860
[Epoch 5, Batch   300] loss: 0.859
Epoch 5/50:
Train Loss: 0.2007, Train Accuracy: 69.29%
Validation Loss: 0.8819, Validation Accuracy: 63.92%
[Epoch 6, Batch   100] loss: 0.848
[Epoch 6, Batch   200] loss: 0.847
[Epoch 6, Batch   300] loss: 0.849
Epoch 6/50:
Train Loss: 0.1983, Train Accuracy: 72.16%
Validation Loss: 0.8898, Validation Accuracy: 62.63%
[Epoch 7, Batch   100] loss: 0.834
[Epoch 7, Batch   200] loss: 0.841
[Epoch 7, Batch   300] loss: 0.839
Epoch 7/50:
Train Loss: 0.1947, Train Accuracy: 75.19%
Validation Loss: 0.8893, Validation Accuracy: 62.68%
[Epoch 8, Batch   100] loss: 0.825
[Epoch 8, Batch   200] loss: 0.830
[Epoch 8, Batch   300] loss: 0.832
Epoch 8/50:
Train Loss: 0.1925, Train Accuracy: 77.52%
Validation Loss: 0.8841, Validation Accuracy: 65.26%
[Epoch 9, Batch   100] loss: 0.816
[Epoch 9, Batch   200] loss: 0.820
[Epoch 9, Batch   300] loss: 0.819
Epoch 9/50:
Train Loss: 0.1923, Train Accuracy: 79.46%
Validation Loss: 0.8757, Validation Accuracy: 65.84%
[Epoch 10, Batch   100] loss: 0.805
[Epoch 10, Batch   200] loss: 0.810
[Epoch 10, Batch   300] loss: 0.812
Epoch 10/50:
Train Loss: 0.1893, Train Accuracy: 81.85%
Validation Loss: 0.8866, Validation Accuracy: 64.27%
[Epoch 11, Batch   100] loss: 0.800
[Epoch 11, Batch   200] loss: 0.803
[Epoch 11, Batch   300] loss: 0.806
Epoch 11/50:
Train Loss: 0.1871, Train Accuracy: 83.63%
Validation Loss: 0.8798, Validation Accuracy: 65.90%
[Epoch 12, Batch   100] loss: 0.790
[Epoch 12, Batch   200] loss: 0.797
[Epoch 12, Batch   300] loss: 0.801
Epoch 12/50:
Train Loss: 0.1872, Train Accuracy: 84.81%
Validation Loss: 0.8823, Validation Accuracy: 65.88%
[Epoch 13, Batch   100] loss: 0.786
[Epoch 13, Batch   200] loss: 0.791
[Epoch 13, Batch   300] loss: 0.791
Epoch 13/50:
Train Loss: 0.1848, Train Accuracy: 86.55%
Validation Loss: 0.8813, Validation Accuracy: 66.35%
[Epoch 14, Batch   100] loss: 0.775
[Epoch 14, Batch   200] loss: 0.787
[Epoch 14, Batch   300] loss: 0.789
Epoch 14/50:
Train Loss: 0.1841, Train Accuracy: 87.48%
Validation Loss: 0.8783, Validation Accuracy: 67.07%
[Epoch 15, Batch   100] loss: 0.777
[Epoch 15, Batch   200] loss: 0.778
[Epoch 15, Batch   300] loss: 0.787
Epoch 15/50:
Train Loss: 0.1817, Train Accuracy: 88.72%
Validation Loss: 0.8930, Validation Accuracy: 64.89%
[Epoch 16, Batch   100] loss: 0.775
[Epoch 16, Batch   200] loss: 0.774
[Epoch 16, Batch   300] loss: 0.782
Epoch 16/50:
Train Loss: 0.1818, Train Accuracy: 89.22%
Validation Loss: 0.8768, Validation Accuracy: 68.17%
[Epoch 17, Batch   100] loss: 0.767
[Epoch 17, Batch   200] loss: 0.773
[Epoch 17, Batch   300] loss: 0.774
Epoch 17/50:
Train Loss: 0.1806, Train Accuracy: 90.52%
Validation Loss: 0.8759, Validation Accuracy: 69.06%
[Epoch 18, Batch   100] loss: 0.765
[Epoch 18, Batch   200] loss: 0.771
[Epoch 18, Batch   300] loss: 0.771
Epoch 18/50:
Train Loss: 0.1797, Train Accuracy: 91.23%
Validation Loss: 0.8777, Validation Accuracy: 68.81%
[Epoch 19, Batch   100] loss: 0.765
[Epoch 19, Batch   200] loss: 0.767
[Epoch 19, Batch   300] loss: 0.770
Epoch 19/50:
Train Loss: 0.1788, Train Accuracy: 91.71%
Validation Loss: 0.8712, Validation Accuracy: 69.72%
[Epoch 20, Batch   100] loss: 0.761
[Epoch 20, Batch   200] loss: 0.763
[Epoch 20, Batch   300] loss: 0.765
Epoch 20/50:
Train Loss: 0.1787, Train Accuracy: 92.30%
Validation Loss: 0.8736, Validation Accuracy: 69.87%
[Epoch 21, Batch   100] loss: 0.759
[Epoch 21, Batch   200] loss: 0.763
[Epoch 21, Batch   300] loss: 0.766
Epoch 21/50:
Train Loss: 0.1776, Train Accuracy: 92.70%
Validation Loss: 0.8776, Validation Accuracy: 69.54%
[Epoch 22, Batch   100] loss: 0.759
[Epoch 22, Batch   200] loss: 0.757
[Epoch 22, Batch   300] loss: 0.766
Epoch 22/50:
Train Loss: 0.1780, Train Accuracy: 93.00%
Validation Loss: 0.8748, Validation Accuracy: 69.23%
[Epoch 23, Batch   100] loss: 0.755
[Epoch 23, Batch   200] loss: 0.756
[Epoch 23, Batch   300] loss: 0.764
Epoch 23/50:
Train Loss: 0.1778, Train Accuracy: 93.46%
Validation Loss: 0.8742, Validation Accuracy: 70.25%
[Epoch 24, Batch   100] loss: 0.753
[Epoch 24, Batch   200] loss: 0.756
[Epoch 24, Batch   300] loss: 0.758
Epoch 24/50:
Train Loss: 0.1778, Train Accuracy: 93.76%
Validation Loss: 0.8947, Validation Accuracy: 65.84%
[Epoch 25, Batch   100] loss: 0.754
[Epoch 25, Batch   200] loss: 0.756
[Epoch 25, Batch   300] loss: 0.757
Epoch 25/50:
Train Loss: 0.1782, Train Accuracy: 93.75%
Validation Loss: 0.8793, Validation Accuracy: 68.58%
[Epoch 26, Batch   100] loss: 0.754
[Epoch 26, Batch   200] loss: 0.755
[Epoch 26, Batch   300] loss: 0.760
Epoch 26/50:
Train Loss: 0.1774, Train Accuracy: 93.82%
Validation Loss: 0.8821, Validation Accuracy: 68.71%
[Epoch 27, Batch   100] loss: 0.751
[Epoch 27, Batch   200] loss: 0.757
[Epoch 27, Batch   300] loss: 0.755
Epoch 27/50:
Train Loss: 0.1761, Train Accuracy: 94.37%
Validation Loss: 0.8783, Validation Accuracy: 69.63%
[Epoch 28, Batch   100] loss: 0.753
[Epoch 28, Batch   200] loss: 0.751
[Epoch 28, Batch   300] loss: 0.757
Epoch 28/50:
Train Loss: 0.1762, Train Accuracy: 94.50%
Validation Loss: 0.8887, Validation Accuracy: 67.79%
[Epoch 29, Batch   100] loss: 0.749
[Epoch 29, Batch   200] loss: 0.749
[Epoch 29, Batch   300] loss: 0.755
Epoch 29/50:
Train Loss: 0.1760, Train Accuracy: 94.81%
Validation Loss: 0.8785, Validation Accuracy: 69.47%
[Epoch 30, Batch   100] loss: 0.748
[Epoch 30, Batch   200] loss: 0.751
[Epoch 30, Batch   300] loss: 0.754
Epoch 30/50:
Train Loss: 0.1755, Train Accuracy: 95.01%
Validation Loss: 0.8790, Validation Accuracy: 69.58%
[Epoch 31, Batch   100] loss: 0.748
[Epoch 31, Batch   200] loss: 0.752
[Epoch 31, Batch   300] loss: 0.756
Epoch 31/50:
Train Loss: 0.1754, Train Accuracy: 94.97%
Validation Loss: 0.8759, Validation Accuracy: 70.27%
[Epoch 32, Batch   100] loss: 0.749
[Epoch 32, Batch   200] loss: 0.749
[Epoch 32, Batch   300] loss: 0.752
Epoch 32/50:
Train Loss: 0.1754, Train Accuracy: 95.16%
Validation Loss: 0.8822, Validation Accuracy: 69.41%
[Epoch 33, Batch   100] loss: 0.749
[Epoch 33, Batch   200] loss: 0.751
[Epoch 33, Batch   300] loss: 0.754
Epoch 33/50:
Train Loss: 0.1763, Train Accuracy: 94.87%
Validation Loss: 0.8850, Validation Accuracy: 68.48%
[Epoch 34, Batch   100] loss: 0.746
[Epoch 34, Batch   200] loss: 0.747
[Epoch 34, Batch   300] loss: 0.750
Epoch 34/50:
Train Loss: 0.1746, Train Accuracy: 95.72%
Validation Loss: 0.8866, Validation Accuracy: 68.75%
[Epoch 35, Batch   100] loss: 0.747
[Epoch 35, Batch   200] loss: 0.751
[Epoch 35, Batch   300] loss: 0.752
Epoch 35/50:
Train Loss: 0.1758, Train Accuracy: 95.29%
Validation Loss: 0.8801, Validation Accuracy: 69.80%
[Epoch 36, Batch   100] loss: 0.747
[Epoch 36, Batch   200] loss: 0.749
[Epoch 36, Batch   300] loss: 0.751
Epoch 36/50:
Train Loss: 0.1751, Train Accuracy: 95.44%
Validation Loss: 0.9030, Validation Accuracy: 66.16%
[Epoch 37, Batch   100] loss: 0.749
[Epoch 37, Batch   200] loss: 0.749
[Epoch 37, Batch   300] loss: 0.749
Epoch 37/50:
Train Loss: 0.1749, Train Accuracy: 95.45%
Validation Loss: 0.8830, Validation Accuracy: 69.15%
[Epoch 38, Batch   100] loss: 0.747
[Epoch 38, Batch   200] loss: 0.748
[Epoch 38, Batch   300] loss: 0.750
Epoch 38/50:
Train Loss: 0.1753, Train Accuracy: 95.36%
Validation Loss: 0.8817, Validation Accuracy: 70.02%
[Epoch 39, Batch   100] loss: 0.747
[Epoch 39, Batch   200] loss: 0.745
[Epoch 39, Batch   300] loss: 0.748
Epoch 39/50:
Train Loss: 0.1749, Train Accuracy: 95.81%
Validation Loss: 0.8842, Validation Accuracy: 69.14%
[Epoch 40, Batch   100] loss: 0.747
[Epoch 40, Batch   200] loss: 0.746
[Epoch 40, Batch   300] loss: 0.746
Epoch 40/50:
Train Loss: 0.1753, Train Accuracy: 95.74%
Validation Loss: 0.8942, Validation Accuracy: 66.93%
[Epoch 41, Batch   100] loss: 0.745
[Epoch 41, Batch   200] loss: 0.747
[Epoch 41, Batch   300] loss: 0.747
Epoch 41/50:
Train Loss: 0.1746, Train Accuracy: 95.96%
Validation Loss: 0.8865, Validation Accuracy: 69.24%
[Epoch 42, Batch   100] loss: 0.746
[Epoch 42, Batch   200] loss: 0.746
[Epoch 42, Batch   300] loss: 0.747
Epoch 42/50:
Train Loss: 0.1747, Train Accuracy: 95.96%
Validation Loss: 0.8907, Validation Accuracy: 68.33%
[Epoch 43, Batch   100] loss: 0.747
[Epoch 43, Batch   200] loss: 0.747
[Epoch 43, Batch   300] loss: 0.751
Epoch 43/50:
Train Loss: 0.1752, Train Accuracy: 95.57%
Validation Loss: 0.8906, Validation Accuracy: 68.72%
[Epoch 44, Batch   100] loss: 0.743
[Epoch 44, Batch   200] loss: 0.747
[Epoch 44, Batch   300] loss: 0.746
Epoch 44/50:
Train Loss: 0.1740, Train Accuracy: 96.28%
Validation Loss: 0.8937, Validation Accuracy: 68.05%
[Epoch 45, Batch   100] loss: 0.746
[Epoch 45, Batch   200] loss: 0.745
[Epoch 45, Batch   300] loss: 0.745
Epoch 45/50:
Train Loss: 0.1737, Train Accuracy: 96.29%
Validation Loss: 0.8971, Validation Accuracy: 67.91%
[Epoch 46, Batch   100] loss: 0.743
[Epoch 46, Batch   200] loss: 0.747
[Epoch 46, Batch   300] loss: 0.749
Epoch 46/50:
Train Loss: 0.1747, Train Accuracy: 95.96%
Validation Loss: 0.8970, Validation Accuracy: 66.96%
[Epoch 47, Batch   100] loss: 0.745
[Epoch 47, Batch   200] loss: 0.744
[Epoch 47, Batch   300] loss: 0.748
Epoch 47/50:
Train Loss: 0.1753, Train Accuracy: 95.92%
Validation Loss: 0.8881, Validation Accuracy: 69.08%
[Epoch 48, Batch   100] loss: 0.744
[Epoch 48, Batch   200] loss: 0.746
[Epoch 48, Batch   300] loss: 0.748
Epoch 48/50:
Train Loss: 0.1751, Train Accuracy: 95.89%
Validation Loss: 0.8781, Validation Accuracy: 70.87%
[Epoch 49, Batch   100] loss: 0.740
[Epoch 49, Batch   200] loss: 0.745
[Epoch 49, Batch   300] loss: 0.748
Epoch 49/50:
Train Loss: 0.1749, Train Accuracy: 96.14%
Validation Loss: 0.8871, Validation Accuracy: 69.15%
[Epoch 50, Batch   100] loss: 0.744
[Epoch 50, Batch   200] loss: 0.744
[Epoch 50, Batch   300] loss: 0.743
Epoch 50/50:
Train Loss: 0.1734, Train Accuracy: 96.58%
Validation Loss: 0.8824, Validation Accuracy: 70.26%
Model saved to models/resnet18-EvidenceLoss-CIFAR10-BELIEF-balanced_by_score-0.5-1
Modified fc layer: updated out_features to 10.
Initialized untrained model.
[Epoch 1, Batch   100] loss: 0.965
[Epoch 1, Batch   200] loss: 0.946
Epoch 1/50:
Train Loss: 0.1398, Train Accuracy: 37.96%
Validation Loss: 0.9445, Validation Accuracy: 42.81%
[Epoch 2, Batch   100] loss: 0.929
[Epoch 2, Batch   200] loss: 0.920
Epoch 2/50:
Train Loss: 0.1371, Train Accuracy: 49.39%
Validation Loss: 0.9528, Validation Accuracy: 41.34%
[Epoch 3, Batch   100] loss: 0.904
[Epoch 3, Batch   200] loss: 0.902
Epoch 3/50:
Train Loss: 0.1346, Train Accuracy: 56.89%
Validation Loss: 0.9282, Validation Accuracy: 51.25%
[Epoch 4, Batch   100] loss: 0.888
[Epoch 4, Batch   200] loss: 0.887
Epoch 4/50:
Train Loss: 0.1315, Train Accuracy: 62.01%
Validation Loss: 0.9207, Validation Accuracy: 53.41%
[Epoch 5, Batch   100] loss: 0.873
[Epoch 5, Batch   200] loss: 0.871
Epoch 5/50:
Train Loss: 0.1303, Train Accuracy: 66.14%
Validation Loss: 0.9162, Validation Accuracy: 54.01%
[Epoch 6, Batch   100] loss: 0.855
[Epoch 6, Batch   200] loss: 0.862
Epoch 6/50:
Train Loss: 0.1285, Train Accuracy: 69.63%
Validation Loss: 0.8908, Validation Accuracy: 61.39%
[Epoch 7, Batch   100] loss: 0.842
[Epoch 7, Batch   200] loss: 0.852
Epoch 7/50:
Train Loss: 0.1269, Train Accuracy: 72.63%
Validation Loss: 0.8955, Validation Accuracy: 60.86%
[Epoch 8, Batch   100] loss: 0.831
[Epoch 8, Batch   200] loss: 0.837
Epoch 8/50:
Train Loss: 0.1246, Train Accuracy: 75.87%
Validation Loss: 0.8960, Validation Accuracy: 60.95%
[Epoch 9, Batch   100] loss: 0.823
[Epoch 9, Batch   200] loss: 0.827
Epoch 9/50:
Train Loss: 0.1233, Train Accuracy: 77.96%
Validation Loss: 0.9094, Validation Accuracy: 57.17%
[Epoch 10, Batch   100] loss: 0.813
[Epoch 10, Batch   200] loss: 0.819
Epoch 10/50:
Train Loss: 0.1221, Train Accuracy: 80.15%
Validation Loss: 0.8933, Validation Accuracy: 63.30%
[Epoch 11, Batch   100] loss: 0.799
[Epoch 11, Batch   200] loss: 0.810
Epoch 11/50:
Train Loss: 0.1210, Train Accuracy: 83.22%
Validation Loss: 0.8973, Validation Accuracy: 62.16%
[Epoch 12, Batch   100] loss: 0.796
[Epoch 12, Batch   200] loss: 0.801
Epoch 12/50:
Train Loss: 0.1199, Train Accuracy: 84.45%
Validation Loss: 0.8991, Validation Accuracy: 61.66%
[Epoch 13, Batch   100] loss: 0.790
[Epoch 13, Batch   200] loss: 0.793
Epoch 13/50:
Train Loss: 0.1191, Train Accuracy: 86.24%
Validation Loss: 0.8922, Validation Accuracy: 63.63%
[Epoch 14, Batch   100] loss: 0.783
[Epoch 14, Batch   200] loss: 0.791
Epoch 14/50:
Train Loss: 0.1172, Train Accuracy: 87.49%
Validation Loss: 0.9029, Validation Accuracy: 61.88%
[Epoch 15, Batch   100] loss: 0.777
[Epoch 15, Batch   200] loss: 0.780
Epoch 15/50:
Train Loss: 0.1172, Train Accuracy: 88.71%
Validation Loss: 0.8884, Validation Accuracy: 64.91%
[Epoch 16, Batch   100] loss: 0.770
[Epoch 16, Batch   200] loss: 0.777
Epoch 16/50:
Train Loss: 0.1163, Train Accuracy: 90.05%
Validation Loss: 0.9054, Validation Accuracy: 61.75%
[Epoch 17, Batch   100] loss: 0.769
[Epoch 17, Batch   200] loss: 0.776
Epoch 17/50:
Train Loss: 0.1154, Train Accuracy: 90.57%
Validation Loss: 0.8930, Validation Accuracy: 65.22%
[Epoch 18, Batch   100] loss: 0.768
[Epoch 18, Batch   200] loss: 0.769
Epoch 18/50:
Train Loss: 0.1153, Train Accuracy: 91.17%
Validation Loss: 0.8974, Validation Accuracy: 63.43%
[Epoch 19, Batch   100] loss: 0.763
[Epoch 19, Batch   200] loss: 0.768
Epoch 19/50:
Train Loss: 0.1146, Train Accuracy: 91.74%
Validation Loss: 0.9021, Validation Accuracy: 63.66%
[Epoch 20, Batch   100] loss: 0.758
[Epoch 20, Batch   200] loss: 0.760
Epoch 20/50:
Train Loss: 0.1139, Train Accuracy: 93.37%
Validation Loss: 0.9018, Validation Accuracy: 63.74%
[Epoch 21, Batch   100] loss: 0.761
[Epoch 21, Batch   200] loss: 0.762
Epoch 21/50:
Train Loss: 0.1151, Train Accuracy: 92.85%
Validation Loss: 0.8948, Validation Accuracy: 64.71%
[Epoch 22, Batch   100] loss: 0.758
[Epoch 22, Batch   200] loss: 0.758
Epoch 22/50:
Train Loss: 0.1130, Train Accuracy: 93.67%
Validation Loss: 0.9032, Validation Accuracy: 63.61%
[Epoch 23, Batch   100] loss: 0.756
[Epoch 23, Batch   200] loss: 0.762
Epoch 23/50:
Train Loss: 0.1125, Train Accuracy: 93.75%
Validation Loss: 0.8949, Validation Accuracy: 65.84%
[Epoch 24, Batch   100] loss: 0.755
[Epoch 24, Batch   200] loss: 0.758
Epoch 24/50:
Train Loss: 0.1128, Train Accuracy: 94.13%
Validation Loss: 0.8987, Validation Accuracy: 64.78%
[Epoch 25, Batch   100] loss: 0.751
[Epoch 25, Batch   200] loss: 0.752
Epoch 25/50:
Train Loss: 0.1125, Train Accuracy: 94.84%
Validation Loss: 0.9040, Validation Accuracy: 64.03%
[Epoch 26, Batch   100] loss: 0.753
[Epoch 26, Batch   200] loss: 0.753
Epoch 26/50:
Train Loss: 0.1130, Train Accuracy: 94.71%
Validation Loss: 0.9081, Validation Accuracy: 63.51%
[Epoch 27, Batch   100] loss: 0.754
[Epoch 27, Batch   200] loss: 0.757
Epoch 27/50:
Train Loss: 0.1118, Train Accuracy: 94.35%
Validation Loss: 0.9108, Validation Accuracy: 62.52%
[Epoch 28, Batch   100] loss: 0.748
[Epoch 28, Batch   200] loss: 0.753
Epoch 28/50:
Train Loss: 0.1126, Train Accuracy: 95.19%
Validation Loss: 0.9015, Validation Accuracy: 64.74%
[Epoch 29, Batch   100] loss: 0.748
[Epoch 29, Batch   200] loss: 0.748
Epoch 29/50:
Train Loss: 0.1126, Train Accuracy: 95.59%
Validation Loss: 0.9006, Validation Accuracy: 65.61%
[Epoch 30, Batch   100] loss: 0.750
[Epoch 30, Batch   200] loss: 0.750
Epoch 30/50:
Train Loss: 0.1112, Train Accuracy: 95.50%
Validation Loss: 0.9177, Validation Accuracy: 62.56%
[Epoch 31, Batch   100] loss: 0.747
[Epoch 31, Batch   200] loss: 0.753
Epoch 31/50:
Train Loss: 0.1137, Train Accuracy: 95.05%
Validation Loss: 0.9416, Validation Accuracy: 57.85%
[Epoch 32, Batch   100] loss: 0.750
[Epoch 32, Batch   200] loss: 0.749
Epoch 32/50:
Train Loss: 0.1123, Train Accuracy: 95.32%
Validation Loss: 0.9157, Validation Accuracy: 62.56%
[Epoch 33, Batch   100] loss: 0.747
[Epoch 33, Batch   200] loss: 0.748
Epoch 33/50:
Train Loss: 0.1120, Train Accuracy: 95.73%
Validation Loss: 0.9279, Validation Accuracy: 60.22%
[Epoch 34, Batch   100] loss: 0.747
[Epoch 34, Batch   200] loss: 0.748
Epoch 34/50:
Train Loss: 0.1122, Train Accuracy: 95.83%
Validation Loss: 0.9118, Validation Accuracy: 63.70%
[Epoch 35, Batch   100] loss: 0.747
[Epoch 35, Batch   200] loss: 0.751
Epoch 35/50:
Train Loss: 0.1122, Train Accuracy: 95.47%
Validation Loss: 0.9029, Validation Accuracy: 64.84%
[Epoch 36, Batch   100] loss: 0.748
[Epoch 36, Batch   200] loss: 0.745
Epoch 36/50:
Train Loss: 0.1108, Train Accuracy: 96.20%
Validation Loss: 0.9060, Validation Accuracy: 65.25%
[Epoch 37, Batch   100] loss: 0.744
[Epoch 37, Batch   200] loss: 0.749
Epoch 37/50:
Train Loss: 0.1109, Train Accuracy: 96.05%
Validation Loss: 0.9241, Validation Accuracy: 61.65%
[Epoch 38, Batch   100] loss: 0.746
[Epoch 38, Batch   200] loss: 0.745
Epoch 38/50:
Train Loss: 0.1122, Train Accuracy: 96.09%
Validation Loss: 0.8999, Validation Accuracy: 65.35%
[Epoch 39, Batch   100] loss: 0.745
[Epoch 39, Batch   200] loss: 0.749
Epoch 39/50:
Train Loss: 0.1117, Train Accuracy: 96.07%
Validation Loss: 0.9029, Validation Accuracy: 65.35%
[Epoch 40, Batch   100] loss: 0.743
[Epoch 40, Batch   200] loss: 0.742
Epoch 40/50:
Train Loss: 0.1110, Train Accuracy: 96.83%
Validation Loss: 0.9140, Validation Accuracy: 64.16%
[Epoch 41, Batch   100] loss: 0.741
[Epoch 41, Batch   200] loss: 0.748
Epoch 41/50:
Train Loss: 0.1119, Train Accuracy: 96.35%
Validation Loss: 0.9063, Validation Accuracy: 64.74%
[Epoch 42, Batch   100] loss: 0.743
[Epoch 42, Batch   200] loss: 0.747
Epoch 42/50:
Train Loss: 0.1119, Train Accuracy: 96.25%
Validation Loss: 0.9178, Validation Accuracy: 62.37%
[Epoch 43, Batch   100] loss: 0.745
[Epoch 43, Batch   200] loss: 0.745
Epoch 43/50:
Train Loss: 0.1111, Train Accuracy: 96.41%
Validation Loss: 0.9062, Validation Accuracy: 65.34%
[Epoch 44, Batch   100] loss: 0.743
[Epoch 44, Batch   200] loss: 0.743
Epoch 44/50:
Train Loss: 0.1115, Train Accuracy: 96.66%
Validation Loss: 0.9027, Validation Accuracy: 64.87%
[Epoch 45, Batch   100] loss: 0.742
[Epoch 45, Batch   200] loss: 0.744
Epoch 45/50:
Train Loss: 0.1108, Train Accuracy: 96.71%
Validation Loss: 0.9171, Validation Accuracy: 63.85%
[Epoch 46, Batch   100] loss: 0.742
[Epoch 46, Batch   200] loss: 0.746
Epoch 46/50:
Train Loss: 0.1115, Train Accuracy: 96.38%
Validation Loss: 0.9068, Validation Accuracy: 65.06%
[Epoch 47, Batch   100] loss: 0.742
[Epoch 47, Batch   200] loss: 0.742
Epoch 47/50:
Train Loss: 0.1112, Train Accuracy: 96.85%
Validation Loss: 0.9241, Validation Accuracy: 62.00%
[Epoch 48, Batch   100] loss: 0.747
[Epoch 48, Batch   200] loss: 0.744
Epoch 48/50:
Train Loss: 0.1113, Train Accuracy: 96.27%
Validation Loss: 0.9209, Validation Accuracy: 62.51%
[Epoch 49, Batch   100] loss: 0.743
[Epoch 49, Batch   200] loss: 0.748
Epoch 49/50:
Train Loss: 0.1113, Train Accuracy: 96.21%
Validation Loss: 0.9166, Validation Accuracy: 63.19%
[Epoch 50, Batch   100] loss: 0.741
[Epoch 50, Batch   200] loss: 0.744
Epoch 50/50:
Train Loss: 0.1111, Train Accuracy: 96.90%
Validation Loss: 0.9088, Validation Accuracy: 64.41%
Model saved to models/resnet18-EvidenceLoss-CIFAR10-BELIEF-balanced_by_score-0.7-1
Modified fc layer: updated out_features to 10.
Initialized untrained model.
[Epoch 1, Batch   100] loss: 0.965
Epoch 1/50:
Train Loss: 0.3369, Train Accuracy: 34.29%
Validation Loss: 0.9519, Validation Accuracy: 39.27%
[Epoch 2, Batch   100] loss: 0.936
Epoch 2/50:
Train Loss: 0.3299, Train Accuracy: 45.59%
Validation Loss: 0.9458, Validation Accuracy: 42.33%
[Epoch 3, Batch   100] loss: 0.914
Epoch 3/50:
Train Loss: 0.3253, Train Accuracy: 52.83%
Validation Loss: 0.9317, Validation Accuracy: 48.75%
[Epoch 4, Batch   100] loss: 0.897
Epoch 4/50:
Train Loss: 0.3187, Train Accuracy: 58.74%
Validation Loss: 0.9293, Validation Accuracy: 48.84%
[Epoch 5, Batch   100] loss: 0.882
Epoch 5/50:
Train Loss: 0.3123, Train Accuracy: 62.81%
Validation Loss: 0.9265, Validation Accuracy: 51.15%
[Epoch 6, Batch   100] loss: 0.867
Epoch 6/50:
Train Loss: 0.3096, Train Accuracy: 66.67%
Validation Loss: 0.9191, Validation Accuracy: 53.60%
[Epoch 7, Batch   100] loss: 0.851
Epoch 7/50:
Train Loss: 0.3039, Train Accuracy: 70.56%
Validation Loss: 0.9459, Validation Accuracy: 49.02%
[Epoch 8, Batch   100] loss: 0.840
Epoch 8/50:
Train Loss: 0.2996, Train Accuracy: 73.80%
Validation Loss: 0.9194, Validation Accuracy: 54.48%
[Epoch 9, Batch   100] loss: 0.828
Epoch 9/50:
Train Loss: 0.2974, Train Accuracy: 76.70%
Validation Loss: 0.9322, Validation Accuracy: 50.79%
[Epoch 10, Batch   100] loss: 0.815
Epoch 10/50:
Train Loss: 0.2922, Train Accuracy: 80.02%
Validation Loss: 0.9145, Validation Accuracy: 57.61%
[Epoch 11, Batch   100] loss: 0.805
Epoch 11/50:
Train Loss: 0.2909, Train Accuracy: 82.07%
Validation Loss: 0.9179, Validation Accuracy: 57.72%
[Epoch 12, Batch   100] loss: 0.800
Epoch 12/50:
Train Loss: 0.2867, Train Accuracy: 83.57%
Validation Loss: 0.9336, Validation Accuracy: 54.66%
[Epoch 13, Batch   100] loss: 0.793
Epoch 13/50:
Train Loss: 0.2835, Train Accuracy: 85.54%
Validation Loss: 0.9386, Validation Accuracy: 53.15%
[Epoch 14, Batch   100] loss: 0.787
Epoch 14/50:
Train Loss: 0.2792, Train Accuracy: 87.31%
Validation Loss: 0.9251, Validation Accuracy: 57.85%
[Epoch 15, Batch   100] loss: 0.778
Epoch 15/50:
Train Loss: 0.2801, Train Accuracy: 88.48%
Validation Loss: 0.9243, Validation Accuracy: 56.78%
[Epoch 16, Batch   100] loss: 0.778
Epoch 16/50:
Train Loss: 0.2758, Train Accuracy: 89.17%
Validation Loss: 0.9171, Validation Accuracy: 58.46%
[Epoch 17, Batch   100] loss: 0.771
Epoch 17/50:
Train Loss: 0.2753, Train Accuracy: 90.36%
Validation Loss: 0.9183, Validation Accuracy: 58.81%
[Epoch 18, Batch   100] loss: 0.767
Epoch 18/50:
Train Loss: 0.2738, Train Accuracy: 91.43%
Validation Loss: 0.9254, Validation Accuracy: 58.10%
[Epoch 19, Batch   100] loss: 0.763
Epoch 19/50:
Train Loss: 0.2707, Train Accuracy: 92.79%
Validation Loss: 0.9223, Validation Accuracy: 59.05%
[Epoch 20, Batch   100] loss: 0.759
Epoch 20/50:
Train Loss: 0.2724, Train Accuracy: 92.82%
Validation Loss: 0.9160, Validation Accuracy: 60.84%
[Epoch 21, Batch   100] loss: 0.761
Epoch 21/50:
Train Loss: 0.2702, Train Accuracy: 92.95%
Validation Loss: 0.9227, Validation Accuracy: 59.78%
[Epoch 22, Batch   100] loss: 0.756
Epoch 22/50:
Train Loss: 0.2700, Train Accuracy: 93.87%
Validation Loss: 0.9236, Validation Accuracy: 58.70%
[Epoch 23, Batch   100] loss: 0.755
Epoch 23/50:
Train Loss: 0.2697, Train Accuracy: 94.01%
Validation Loss: 0.9368, Validation Accuracy: 57.72%
[Epoch 24, Batch   100] loss: 0.755
Epoch 24/50:
Train Loss: 0.2683, Train Accuracy: 94.29%
Validation Loss: 0.9153, Validation Accuracy: 60.80%
[Epoch 25, Batch   100] loss: 0.750
Epoch 25/50:
Train Loss: 0.2672, Train Accuracy: 95.25%
Validation Loss: 0.9370, Validation Accuracy: 57.72%
[Epoch 26, Batch   100] loss: 0.750
Epoch 26/50:
Train Loss: 0.2699, Train Accuracy: 94.64%
Validation Loss: 0.9334, Validation Accuracy: 57.76%
[Epoch 27, Batch   100] loss: 0.751
Epoch 27/50:
Train Loss: 0.2670, Train Accuracy: 95.11%
Validation Loss: 0.9521, Validation Accuracy: 55.90%
[Epoch 28, Batch   100] loss: 0.747
Epoch 28/50:
Train Loss: 0.2669, Train Accuracy: 95.64%
Validation Loss: 0.9265, Validation Accuracy: 59.83%
[Epoch 29, Batch   100] loss: 0.750
Epoch 29/50:
Train Loss: 0.2662, Train Accuracy: 95.41%
Validation Loss: 0.9240, Validation Accuracy: 59.99%
[Epoch 30, Batch   100] loss: 0.750
Epoch 30/50:
Train Loss: 0.2663, Train Accuracy: 95.37%
Validation Loss: 0.9415, Validation Accuracy: 56.98%
[Epoch 31, Batch   100] loss: 0.746
Epoch 31/50:
Train Loss: 0.2668, Train Accuracy: 95.76%
Validation Loss: 0.9268, Validation Accuracy: 59.86%
[Epoch 32, Batch   100] loss: 0.746
Epoch 32/50:
Train Loss: 0.2659, Train Accuracy: 96.06%
Validation Loss: 0.9345, Validation Accuracy: 57.97%
[Epoch 33, Batch   100] loss: 0.747
Epoch 33/50:
Train Loss: 0.2662, Train Accuracy: 95.80%
Validation Loss: 0.9277, Validation Accuracy: 59.31%
[Epoch 34, Batch   100] loss: 0.747
Epoch 34/50:
Train Loss: 0.2644, Train Accuracy: 96.24%
Validation Loss: 0.9297, Validation Accuracy: 58.80%
[Epoch 35, Batch   100] loss: 0.747
Epoch 35/50:
Train Loss: 0.2674, Train Accuracy: 95.63%
Validation Loss: 0.9303, Validation Accuracy: 59.13%
[Epoch 36, Batch   100] loss: 0.744
Epoch 36/50:
Train Loss: 0.2663, Train Accuracy: 96.05%
Validation Loss: 0.9318, Validation Accuracy: 59.80%
[Epoch 37, Batch   100] loss: 0.744
Epoch 37/50:
Train Loss: 0.2646, Train Accuracy: 96.53%
Validation Loss: 0.9269, Validation Accuracy: 60.68%
[Epoch 38, Batch   100] loss: 0.740
Epoch 38/50:
Train Loss: 0.2635, Train Accuracy: 97.23%
Validation Loss: 0.9465, Validation Accuracy: 57.00%
[Epoch 39, Batch   100] loss: 0.747
Epoch 39/50:
Train Loss: 0.2652, Train Accuracy: 96.01%
Validation Loss: 0.9324, Validation Accuracy: 58.62%
[Epoch 40, Batch   100] loss: 0.744
Epoch 40/50:
Train Loss: 0.2659, Train Accuracy: 96.20%
Validation Loss: 0.9287, Validation Accuracy: 60.05%
[Epoch 41, Batch   100] loss: 0.746
Epoch 41/50:
Train Loss: 0.2649, Train Accuracy: 96.14%
Validation Loss: 0.9336, Validation Accuracy: 59.66%
[Epoch 42, Batch   100] loss: 0.747
Epoch 42/50:
Train Loss: 0.2643, Train Accuracy: 96.20%
Validation Loss: 0.9494, Validation Accuracy: 57.04%
[Epoch 43, Batch   100] loss: 0.745
Epoch 43/50:
Train Loss: 0.2657, Train Accuracy: 96.07%
Validation Loss: 0.9383, Validation Accuracy: 58.37%
[Epoch 44, Batch   100] loss: 0.743
Epoch 44/50:
Train Loss: 0.2644, Train Accuracy: 96.56%
Validation Loss: 0.9367, Validation Accuracy: 58.86%
[Epoch 45, Batch   100] loss: 0.740
Epoch 45/50:
Train Loss: 0.2642, Train Accuracy: 97.05%
Validation Loss: 0.9335, Validation Accuracy: 60.06%
[Epoch 46, Batch   100] loss: 0.743
Epoch 46/50:
Train Loss: 0.2646, Train Accuracy: 96.70%
Validation Loss: 0.9332, Validation Accuracy: 59.51%
[Epoch 47, Batch   100] loss: 0.742
Epoch 47/50:
Train Loss: 0.2649, Train Accuracy: 96.65%
Validation Loss: 0.9299, Validation Accuracy: 60.32%
[Epoch 48, Batch   100] loss: 0.742
Epoch 48/50:
Train Loss: 0.2625, Train Accuracy: 97.26%
Validation Loss: 0.9395, Validation Accuracy: 59.15%
[Epoch 49, Batch   100] loss: 0.743
Epoch 49/50:
Train Loss: 0.2638, Train Accuracy: 96.69%
Validation Loss: 0.9467, Validation Accuracy: 58.02%
[Epoch 50, Batch   100] loss: 0.742
Epoch 50/50:
Train Loss: 0.2626, Train Accuracy: 97.17%
Validation Loss: 0.9315, Validation Accuracy: 60.79%
Model saved to models/resnet18-EvidenceLoss-CIFAR10-BELIEF-balanced_by_score-0.8-1
Modified fc layer: updated out_features to 10.
Initialized untrained model.
Epoch 1/50:
Train Loss: 0.9674, Train Accuracy: 30.84%
Validation Loss: 0.9618, Validation Accuracy: 35.18%
Epoch 2/50:
Train Loss: 0.9445, Train Accuracy: 41.43%
Validation Loss: 0.9591, Validation Accuracy: 37.06%
Epoch 3/50:
Train Loss: 0.9277, Train Accuracy: 48.16%
Validation Loss: 0.9554, Validation Accuracy: 40.50%
Epoch 4/50:
Train Loss: 0.9106, Train Accuracy: 54.41%
Validation Loss: 0.9869, Validation Accuracy: 37.18%
Epoch 5/50:
Train Loss: 0.8911, Train Accuracy: 59.65%
Validation Loss: 0.9459, Validation Accuracy: 45.39%
Epoch 6/50:
Train Loss: 0.8766, Train Accuracy: 64.29%
Validation Loss: 0.9714, Validation Accuracy: 41.00%
Epoch 7/50:
Train Loss: 0.8634, Train Accuracy: 68.14%
Validation Loss: 0.9399, Validation Accuracy: 48.31%
Epoch 8/50:
Train Loss: 0.8446, Train Accuracy: 73.47%
Validation Loss: 0.9676, Validation Accuracy: 43.53%
Epoch 9/50:
Train Loss: 0.8343, Train Accuracy: 75.65%
Validation Loss: 0.9536, Validation Accuracy: 46.60%
Epoch 10/50:
Train Loss: 0.8212, Train Accuracy: 79.39%
Validation Loss: 0.9548, Validation Accuracy: 45.52%
Epoch 11/50:
Train Loss: 0.8087, Train Accuracy: 82.29%
Validation Loss: 0.9428, Validation Accuracy: 49.64%
Epoch 12/50:
Train Loss: 0.7982, Train Accuracy: 84.65%
Validation Loss: 0.9755, Validation Accuracy: 43.88%
Epoch 13/50:
Train Loss: 0.7886, Train Accuracy: 87.08%
Validation Loss: 0.9460, Validation Accuracy: 51.16%
Epoch 14/50:
Train Loss: 0.7811, Train Accuracy: 88.80%
Validation Loss: 0.9546, Validation Accuracy: 50.79%
Epoch 15/50:
Train Loss: 0.7787, Train Accuracy: 89.33%
Validation Loss: 0.9541, Validation Accuracy: 51.73%
Epoch 16/50:
Train Loss: 0.7695, Train Accuracy: 91.22%
Validation Loss: 0.9709, Validation Accuracy: 48.52%
Epoch 17/50:
Train Loss: 0.7682, Train Accuracy: 91.55%
Validation Loss: 0.9542, Validation Accuracy: 51.22%
Epoch 18/50:
Train Loss: 0.7613, Train Accuracy: 93.16%
Validation Loss: 0.9579, Validation Accuracy: 51.46%
Epoch 19/50:
Train Loss: 0.7562, Train Accuracy: 94.20%
Validation Loss: 0.9491, Validation Accuracy: 51.76%
Epoch 20/50:
Train Loss: 0.7556, Train Accuracy: 94.02%
Validation Loss: 0.9557, Validation Accuracy: 50.81%
Epoch 21/50:
Train Loss: 0.7527, Train Accuracy: 94.96%
Validation Loss: 0.9546, Validation Accuracy: 51.85%
Epoch 22/50:
Train Loss: 0.7519, Train Accuracy: 95.02%
Validation Loss: 0.9558, Validation Accuracy: 51.54%
Epoch 23/50:
Train Loss: 0.7505, Train Accuracy: 95.27%
Validation Loss: 0.9589, Validation Accuracy: 52.21%
Epoch 24/50:
Train Loss: 0.7518, Train Accuracy: 94.63%
Validation Loss: 0.9685, Validation Accuracy: 49.74%
Epoch 25/50:
Train Loss: 0.7512, Train Accuracy: 95.39%
Validation Loss: 0.9649, Validation Accuracy: 51.26%
Epoch 26/50:
Train Loss: 0.7544, Train Accuracy: 94.49%
Validation Loss: 0.9680, Validation Accuracy: 49.92%
Epoch 27/50:
Train Loss: 0.7507, Train Accuracy: 95.20%
Validation Loss: 0.9640, Validation Accuracy: 50.90%
Epoch 28/50:
Train Loss: 0.7478, Train Accuracy: 95.92%
Validation Loss: 0.9598, Validation Accuracy: 52.55%
Epoch 29/50:
Train Loss: 0.7442, Train Accuracy: 96.53%
Validation Loss: 0.9649, Validation Accuracy: 50.93%
Epoch 30/50:
Train Loss: 0.7478, Train Accuracy: 95.84%
Validation Loss: 0.9689, Validation Accuracy: 50.03%
Epoch 31/50:
Train Loss: 0.7471, Train Accuracy: 96.10%
Validation Loss: 0.9763, Validation Accuracy: 49.15%
Epoch 32/50:
Train Loss: 0.7427, Train Accuracy: 96.96%
Validation Loss: 0.9648, Validation Accuracy: 51.75%
Epoch 33/50:
Train Loss: 0.7395, Train Accuracy: 97.41%
Validation Loss: 0.9586, Validation Accuracy: 52.81%
Epoch 34/50:
Train Loss: 0.7378, Train Accuracy: 97.61%
Validation Loss: 0.9646, Validation Accuracy: 51.81%
Epoch 35/50:
Train Loss: 0.7385, Train Accuracy: 97.76%
Validation Loss: 0.9679, Validation Accuracy: 51.67%
Epoch 36/50:
Train Loss: 0.7395, Train Accuracy: 97.43%
Validation Loss: 0.9576, Validation Accuracy: 52.93%
Epoch 37/50:
Train Loss: 0.7426, Train Accuracy: 96.88%
Validation Loss: 0.9702, Validation Accuracy: 51.32%
Epoch 38/50:
Train Loss: 0.7404, Train Accuracy: 97.12%
Validation Loss: 0.9633, Validation Accuracy: 52.05%
Epoch 39/50:
Train Loss: 0.7444, Train Accuracy: 96.63%
Validation Loss: 0.9569, Validation Accuracy: 53.59%
Epoch 40/50:
Train Loss: 0.7421, Train Accuracy: 96.90%
Validation Loss: 0.9708, Validation Accuracy: 50.94%
Epoch 41/50:
Train Loss: 0.7422, Train Accuracy: 96.82%
Validation Loss: 0.9693, Validation Accuracy: 50.80%
Epoch 42/50:
Train Loss: 0.7395, Train Accuracy: 97.35%
Validation Loss: 0.9598, Validation Accuracy: 52.43%
Epoch 43/50:
Train Loss: 0.7415, Train Accuracy: 97.22%
Validation Loss: 0.9810, Validation Accuracy: 50.45%
Epoch 44/50:
Train Loss: 0.7408, Train Accuracy: 97.16%
Validation Loss: 0.9687, Validation Accuracy: 51.60%
Epoch 45/50:
Train Loss: 0.7416, Train Accuracy: 97.00%
Validation Loss: 0.9656, Validation Accuracy: 51.99%
Epoch 46/50:
Train Loss: 0.7436, Train Accuracy: 96.47%
Validation Loss: 0.9697, Validation Accuracy: 51.04%
Epoch 47/50:
Train Loss: 0.7393, Train Accuracy: 97.37%
Validation Loss: 0.9670, Validation Accuracy: 52.17%
Epoch 48/50:
Train Loss: 0.7414, Train Accuracy: 96.96%
Validation Loss: 0.9698, Validation Accuracy: 52.00%
Epoch 49/50:
Train Loss: 0.7395, Train Accuracy: 97.59%
Validation Loss: 0.9686, Validation Accuracy: 52.04%
Epoch 50/50:
Train Loss: 0.7423, Train Accuracy: 96.78%
Validation Loss: 0.9726, Validation Accuracy: 51.44%
Model saved to models/resnet18-EvidenceLoss-CIFAR10-BELIEF-balanced_by_score-0.9-1
Modified fc layer: updated out_features to 10.
Initialized untrained model.
Epoch 1/50:
Train Loss: 0.9773, Train Accuracy: 27.88%
Validation Loss: 1.0075, Validation Accuracy: 17.62%
Epoch 2/50:
Train Loss: 0.9520, Train Accuracy: 38.44%
Validation Loss: 0.9962, Validation Accuracy: 25.77%
Epoch 3/50:
Train Loss: 0.9401, Train Accuracy: 43.72%
Validation Loss: 0.9710, Validation Accuracy: 34.43%
Epoch 4/50:
Train Loss: 0.9167, Train Accuracy: 51.84%
Validation Loss: 1.0004, Validation Accuracy: 33.97%
Epoch 5/50:
Train Loss: 0.9008, Train Accuracy: 57.44%
Validation Loss: 0.9692, Validation Accuracy: 35.71%
Epoch 6/50:
Train Loss: 0.8848, Train Accuracy: 63.12%
Validation Loss: 0.9955, Validation Accuracy: 34.28%
Epoch 7/50:
Train Loss: 0.8782, Train Accuracy: 63.72%
Validation Loss: 0.9778, Validation Accuracy: 38.41%
Epoch 8/50:
Train Loss: 0.8591, Train Accuracy: 70.04%
Validation Loss: 0.9961, Validation Accuracy: 38.53%
Epoch 9/50:
Train Loss: 0.8499, Train Accuracy: 72.32%
Validation Loss: 0.9575, Validation Accuracy: 42.34%
Epoch 10/50:
Train Loss: 0.8248, Train Accuracy: 79.32%
Validation Loss: 0.9830, Validation Accuracy: 39.75%
Epoch 11/50:
Train Loss: 0.8137, Train Accuracy: 82.76%
Validation Loss: 0.9659, Validation Accuracy: 44.51%
Epoch 12/50:
Train Loss: 0.8081, Train Accuracy: 83.16%
Validation Loss: 0.9762, Validation Accuracy: 42.19%
Epoch 13/50:
Train Loss: 0.8219, Train Accuracy: 79.76%
Validation Loss: 0.9883, Validation Accuracy: 39.97%
Epoch 14/50:
Train Loss: 0.7950, Train Accuracy: 85.64%
Validation Loss: 0.9828, Validation Accuracy: 42.69%
Epoch 15/50:
Train Loss: 0.7754, Train Accuracy: 90.20%
Validation Loss: 0.9618, Validation Accuracy: 46.03%
Epoch 16/50:
Train Loss: 0.7626, Train Accuracy: 92.32%
Validation Loss: 0.9735, Validation Accuracy: 43.30%
Epoch 17/50:
Train Loss: 0.7679, Train Accuracy: 92.08%
Validation Loss: 0.9739, Validation Accuracy: 44.50%
Epoch 18/50:
Train Loss: 0.7688, Train Accuracy: 91.84%
Validation Loss: 0.9971, Validation Accuracy: 42.17%
Epoch 19/50:
Train Loss: 0.7684, Train Accuracy: 93.12%
Validation Loss: 0.9802, Validation Accuracy: 45.26%
Epoch 20/50:
Train Loss: 0.7863, Train Accuracy: 88.76%
Validation Loss: 0.9999, Validation Accuracy: 41.61%
Epoch 21/50:
Train Loss: 0.7894, Train Accuracy: 88.48%
Validation Loss: 0.9842, Validation Accuracy: 42.96%
Epoch 22/50:
Train Loss: 0.7705, Train Accuracy: 91.68%
Validation Loss: 0.9908, Validation Accuracy: 41.98%
Epoch 23/50:
Train Loss: 0.7551, Train Accuracy: 94.52%
Validation Loss: 0.9675, Validation Accuracy: 46.71%
Epoch 24/50:
Train Loss: 0.7536, Train Accuracy: 95.48%
Validation Loss: 0.9777, Validation Accuracy: 44.79%
Epoch 25/50:
Train Loss: 0.7654, Train Accuracy: 92.84%
Validation Loss: 0.9895, Validation Accuracy: 43.49%
Epoch 26/50:
Train Loss: 0.7645, Train Accuracy: 93.12%
Validation Loss: 0.9920, Validation Accuracy: 43.59%
Epoch 27/50:
Train Loss: 0.7573, Train Accuracy: 95.48%
Validation Loss: 0.9844, Validation Accuracy: 44.88%
Epoch 28/50:
Train Loss: 0.7539, Train Accuracy: 95.20%
Validation Loss: 0.9868, Validation Accuracy: 44.69%
Epoch 29/50:
Train Loss: 0.7454, Train Accuracy: 96.64%
Validation Loss: 0.9870, Validation Accuracy: 45.39%
Epoch 30/50:
Train Loss: 0.7436, Train Accuracy: 97.04%
Validation Loss: 0.9862, Validation Accuracy: 45.68%
Epoch 31/50:
Train Loss: 0.7408, Train Accuracy: 98.12%
Validation Loss: 0.9773, Validation Accuracy: 46.39%
Epoch 32/50:
Train Loss: 0.7814, Train Accuracy: 90.20%
Validation Loss: 0.9956, Validation Accuracy: 43.24%
Epoch 33/50:
Train Loss: 0.7660, Train Accuracy: 92.56%
Validation Loss: 0.9981, Validation Accuracy: 42.99%
Epoch 34/50:
Train Loss: 0.7830, Train Accuracy: 89.56%
Validation Loss: 0.9948, Validation Accuracy: 45.22%
Epoch 35/50:
Train Loss: 0.7794, Train Accuracy: 90.56%
Validation Loss: 0.9825, Validation Accuracy: 44.84%
Epoch 36/50:
Train Loss: 0.7713, Train Accuracy: 91.40%
Validation Loss: 0.9959, Validation Accuracy: 43.86%
Epoch 37/50:
Train Loss: 0.7469, Train Accuracy: 96.24%
Validation Loss: 0.9799, Validation Accuracy: 46.40%
Epoch 38/50:
Train Loss: 0.7404, Train Accuracy: 97.72%
Validation Loss: 0.9790, Validation Accuracy: 46.85%
Epoch 39/50:
Train Loss: 0.7465, Train Accuracy: 96.48%
Validation Loss: 0.9934, Validation Accuracy: 44.23%
Epoch 40/50:
Train Loss: 0.7460, Train Accuracy: 96.72%
Validation Loss: 0.9908, Validation Accuracy: 45.64%
Epoch 41/50:
Train Loss: 0.7479, Train Accuracy: 96.08%
Validation Loss: 0.9951, Validation Accuracy: 43.93%
Epoch 42/50:
Train Loss: 0.7397, Train Accuracy: 97.92%
Validation Loss: 0.9815, Validation Accuracy: 47.34%
Epoch 43/50:
Train Loss: 0.7422, Train Accuracy: 98.00%
Validation Loss: 1.0018, Validation Accuracy: 43.57%
Epoch 44/50:
Train Loss: 0.8045, Train Accuracy: 85.04%
Validation Loss: 0.9893, Validation Accuracy: 43.69%
Epoch 45/50:
Train Loss: 0.7656, Train Accuracy: 92.20%
Validation Loss: 0.9826, Validation Accuracy: 46.49%
Epoch 46/50:
Train Loss: 0.7418, Train Accuracy: 97.20%
Validation Loss: 0.9846, Validation Accuracy: 45.67%
Epoch 47/50:
Train Loss: 0.7381, Train Accuracy: 98.12%
Validation Loss: 0.9778, Validation Accuracy: 47.27%
Epoch 48/50:
Train Loss: 0.7354, Train Accuracy: 98.44%
Validation Loss: 0.9800, Validation Accuracy: 47.11%
Epoch 49/50:
Train Loss: 0.7424, Train Accuracy: 97.52%
Validation Loss: 0.9858, Validation Accuracy: 46.55%
Epoch 50/50:
Train Loss: 0.7466, Train Accuracy: 96.84%
Validation Loss: 0.9877, Validation Accuracy: 45.71%
Model saved to models/resnet18-EvidenceLoss-CIFAR10-BELIEF-balanced_by_score-0.95-1
Modified fc layer: updated out_features to 10.
Initialized untrained model.
Files already downloaded and verified
Files already downloaded and verified
[Epoch 1, Batch   100] loss: 0.967
[Epoch 1, Batch   200] loss: 0.952
[Epoch 1, Batch   300] loss: 0.937
[Epoch 1, Batch   400] loss: 0.931
[Epoch 1, Batch   500] loss: 0.920
[Epoch 1, Batch   600] loss: 0.917
[Epoch 1, Batch   700] loss: 0.910
Epoch 1/50:
Train Loss: 0.0952, Train Accuracy: 47.06%
Validation Loss: 0.9279, Validation Accuracy: 48.12%
[Epoch 2, Batch   100] loss: 0.897
[Epoch 2, Batch   200] loss: 0.896
[Epoch 2, Batch   300] loss: 0.891
[Epoch 2, Batch   400] loss: 0.886
[Epoch 2, Batch   500] loss: 0.886
[Epoch 2, Batch   600] loss: 0.885
[Epoch 2, Batch   700] loss: 0.883
Epoch 2/50:
Train Loss: 0.0926, Train Accuracy: 61.51%
Validation Loss: 0.8931, Validation Accuracy: 59.74%
[Epoch 3, Batch   100] loss: 0.871
[Epoch 3, Batch   200] loss: 0.871
[Epoch 3, Batch   300] loss: 0.869
[Epoch 3, Batch   400] loss: 0.868
[Epoch 3, Batch   500] loss: 0.869
[Epoch 3, Batch   600] loss: 0.868
[Epoch 3, Batch   700] loss: 0.866
Epoch 3/50:
Train Loss: 0.0909, Train Accuracy: 67.16%
Validation Loss: 0.8774, Validation Accuracy: 64.23%
[Epoch 4, Batch   100] loss: 0.855
[Epoch 4, Batch   200] loss: 0.857
[Epoch 4, Batch   300] loss: 0.856
[Epoch 4, Batch   400] loss: 0.853
[Epoch 4, Batch   500] loss: 0.856
[Epoch 4, Batch   600] loss: 0.857
[Epoch 4, Batch   700] loss: 0.855
Epoch 4/50:
Train Loss: 0.0894, Train Accuracy: 70.68%
Validation Loss: 0.9023, Validation Accuracy: 58.87%
[Epoch 5, Batch   100] loss: 0.843
[Epoch 5, Batch   200] loss: 0.846
[Epoch 5, Batch   300] loss: 0.844
[Epoch 5, Batch   400] loss: 0.842
[Epoch 5, Batch   500] loss: 0.843
[Epoch 5, Batch   600] loss: 0.845
[Epoch 5, Batch   700] loss: 0.844
Epoch 5/50:
Train Loss: 0.0885, Train Accuracy: 73.60%
Validation Loss: 0.8618, Validation Accuracy: 69.26%
[Epoch 6, Batch   100] loss: 0.833
[Epoch 6, Batch   200] loss: 0.832
[Epoch 6, Batch   300] loss: 0.835
[Epoch 6, Batch   400] loss: 0.834
[Epoch 6, Batch   500] loss: 0.832
[Epoch 6, Batch   600] loss: 0.836
[Epoch 6, Batch   700] loss: 0.835
Epoch 6/50:
Train Loss: 0.0876, Train Accuracy: 76.26%
Validation Loss: 0.8670, Validation Accuracy: 67.75%
[Epoch 7, Batch   100] loss: 0.817
[Epoch 7, Batch   200] loss: 0.823
[Epoch 7, Batch   300] loss: 0.824
[Epoch 7, Batch   400] loss: 0.826
[Epoch 7, Batch   500] loss: 0.825
[Epoch 7, Batch   600] loss: 0.826
[Epoch 7, Batch   700] loss: 0.830
Epoch 7/50:
Train Loss: 0.0870, Train Accuracy: 78.58%
Validation Loss: 0.8750, Validation Accuracy: 65.82%
[Epoch 8, Batch   100] loss: 0.817
[Epoch 8, Batch   200] loss: 0.816
[Epoch 8, Batch   300] loss: 0.816
[Epoch 8, Batch   400] loss: 0.818
[Epoch 8, Batch   500] loss: 0.815
[Epoch 8, Batch   600] loss: 0.818
[Epoch 8, Batch   700] loss: 0.820
Epoch 8/50:
Train Loss: 0.0861, Train Accuracy: 80.13%
Validation Loss: 0.8426, Validation Accuracy: 74.25%
[Epoch 9, Batch   100] loss: 0.808
[Epoch 9, Batch   200] loss: 0.805
[Epoch 9, Batch   300] loss: 0.808
[Epoch 9, Batch   400] loss: 0.813
[Epoch 9, Batch   500] loss: 0.813
[Epoch 9, Batch   600] loss: 0.811
[Epoch 9, Batch   700] loss: 0.812
Epoch 9/50:
Train Loss: 0.0851, Train Accuracy: 81.99%
Validation Loss: 0.8626, Validation Accuracy: 69.64%
[Epoch 10, Batch   100] loss: 0.802
[Epoch 10, Batch   200] loss: 0.800
[Epoch 10, Batch   300] loss: 0.804
[Epoch 10, Batch   400] loss: 0.804
[Epoch 10, Batch   500] loss: 0.805
[Epoch 10, Batch   600] loss: 0.806
[Epoch 10, Batch   700] loss: 0.810
Epoch 10/50:
Train Loss: 0.0845, Train Accuracy: 83.47%
Validation Loss: 0.8535, Validation Accuracy: 71.96%
[Epoch 11, Batch   100] loss: 0.791
[Epoch 11, Batch   200] loss: 0.794
[Epoch 11, Batch   300] loss: 0.795
[Epoch 11, Batch   400] loss: 0.800
[Epoch 11, Batch   500] loss: 0.802
[Epoch 11, Batch   600] loss: 0.801
[Epoch 11, Batch   700] loss: 0.798
Epoch 11/50:
Train Loss: 0.0843, Train Accuracy: 84.87%
Validation Loss: 0.8599, Validation Accuracy: 71.00%
[Epoch 12, Batch   100] loss: 0.791
[Epoch 12, Batch   200] loss: 0.791
[Epoch 12, Batch   300] loss: 0.791
[Epoch 12, Batch   400] loss: 0.795
[Epoch 12, Batch   500] loss: 0.792
[Epoch 12, Batch   600] loss: 0.797
[Epoch 12, Batch   700] loss: 0.795
Epoch 12/50:
Train Loss: 0.0836, Train Accuracy: 85.90%
Validation Loss: 0.8463, Validation Accuracy: 73.90%
[Epoch 13, Batch   100] loss: 0.785
[Epoch 13, Batch   200] loss: 0.783
[Epoch 13, Batch   300] loss: 0.790
[Epoch 13, Batch   400] loss: 0.786
[Epoch 13, Batch   500] loss: 0.792
[Epoch 13, Batch   600] loss: 0.793
[Epoch 13, Batch   700] loss: 0.792
Epoch 13/50:
Train Loss: 0.0830, Train Accuracy: 86.92%
Validation Loss: 0.8556, Validation Accuracy: 72.26%
[Epoch 14, Batch   100] loss: 0.778
[Epoch 14, Batch   200] loss: 0.780
[Epoch 14, Batch   300] loss: 0.785
[Epoch 14, Batch   400] loss: 0.782
[Epoch 14, Batch   500] loss: 0.784
[Epoch 14, Batch   600] loss: 0.786
[Epoch 14, Batch   700] loss: 0.792
Epoch 14/50:
Train Loss: 0.0828, Train Accuracy: 88.02%
Validation Loss: 0.8570, Validation Accuracy: 72.19%
[Epoch 15, Batch   100] loss: 0.777
[Epoch 15, Batch   200] loss: 0.777
[Epoch 15, Batch   300] loss: 0.781
[Epoch 15, Batch   400] loss: 0.785
[Epoch 15, Batch   500] loss: 0.782
[Epoch 15, Batch   600] loss: 0.780
[Epoch 15, Batch   700] loss: 0.784
Epoch 15/50:
Train Loss: 0.0827, Train Accuracy: 88.61%
Validation Loss: 0.8439, Validation Accuracy: 74.95%
[Epoch 16, Batch   100] loss: 0.774
[Epoch 16, Batch   200] loss: 0.773
[Epoch 16, Batch   300] loss: 0.776
[Epoch 16, Batch   400] loss: 0.776
[Epoch 16, Batch   500] loss: 0.777
[Epoch 16, Batch   600] loss: 0.782
[Epoch 16, Batch   700] loss: 0.779
Epoch 16/50:
Train Loss: 0.0823, Train Accuracy: 89.43%
Validation Loss: 0.8486, Validation Accuracy: 74.37%
[Epoch 17, Batch   100] loss: 0.772
[Epoch 17, Batch   200] loss: 0.770
[Epoch 17, Batch   300] loss: 0.774
[Epoch 17, Batch   400] loss: 0.774
[Epoch 17, Batch   500] loss: 0.775
[Epoch 17, Batch   600] loss: 0.779
[Epoch 17, Batch   700] loss: 0.778
Epoch 17/50:
Train Loss: 0.0816, Train Accuracy: 90.10%
Validation Loss: 0.8456, Validation Accuracy: 74.95%
[Epoch 18, Batch   100] loss: 0.768
[Epoch 18, Batch   200] loss: 0.769
[Epoch 18, Batch   300] loss: 0.770
[Epoch 18, Batch   400] loss: 0.776
[Epoch 18, Batch   500] loss: 0.772
[Epoch 18, Batch   600] loss: 0.775
[Epoch 18, Batch   700] loss: 0.778
Epoch 18/50:
Train Loss: 0.0813, Train Accuracy: 90.45%
Validation Loss: 0.8469, Validation Accuracy: 75.03%
[Epoch 19, Batch   100] loss: 0.762
[Epoch 19, Batch   200] loss: 0.766
[Epoch 19, Batch   300] loss: 0.768
[Epoch 19, Batch   400] loss: 0.772
[Epoch 19, Batch   500] loss: 0.775
[Epoch 19, Batch   600] loss: 0.772
[Epoch 19, Batch   700] loss: 0.776
Epoch 19/50:
Train Loss: 0.0812, Train Accuracy: 90.90%
Validation Loss: 0.8536, Validation Accuracy: 73.21%
[Epoch 20, Batch   100] loss: 0.761
[Epoch 20, Batch   200] loss: 0.765
[Epoch 20, Batch   300] loss: 0.764
[Epoch 20, Batch   400] loss: 0.768
[Epoch 20, Batch   500] loss: 0.769
[Epoch 20, Batch   600] loss: 0.774
[Epoch 20, Batch   700] loss: 0.771
Epoch 20/50:
Train Loss: 0.0813, Train Accuracy: 91.49%
Validation Loss: 0.8514, Validation Accuracy: 74.06%
[Epoch 21, Batch   100] loss: 0.764
[Epoch 21, Batch   200] loss: 0.761
[Epoch 21, Batch   300] loss: 0.764
[Epoch 21, Batch   400] loss: 0.765
[Epoch 21, Batch   500] loss: 0.770
[Epoch 21, Batch   600] loss: 0.767
[Epoch 21, Batch   700] loss: 0.771
Epoch 21/50:
Train Loss: 0.0815, Train Accuracy: 91.64%
Validation Loss: 0.8539, Validation Accuracy: 74.22%
[Epoch 22, Batch   100] loss: 0.764
[Epoch 22, Batch   200] loss: 0.761
[Epoch 22, Batch   300] loss: 0.763
[Epoch 22, Batch   400] loss: 0.762
[Epoch 22, Batch   500] loss: 0.767
[Epoch 22, Batch   600] loss: 0.769
[Epoch 22, Batch   700] loss: 0.769
Epoch 22/50:
Train Loss: 0.0808, Train Accuracy: 92.18%
Validation Loss: 0.8729, Validation Accuracy: 70.19%
[Epoch 23, Batch   100] loss: 0.759
[Epoch 23, Batch   200] loss: 0.760
[Epoch 23, Batch   300] loss: 0.761
[Epoch 23, Batch   400] loss: 0.762
[Epoch 23, Batch   500] loss: 0.763
[Epoch 23, Batch   600] loss: 0.768
[Epoch 23, Batch   700] loss: 0.769
Epoch 23/50:
Train Loss: 0.0807, Train Accuracy: 92.34%
Validation Loss: 0.8443, Validation Accuracy: 76.20%
[Epoch 24, Batch   100] loss: 0.757
[Epoch 24, Batch   200] loss: 0.759
[Epoch 24, Batch   300] loss: 0.759
[Epoch 24, Batch   400] loss: 0.761
[Epoch 24, Batch   500] loss: 0.766
[Epoch 24, Batch   600] loss: 0.766
[Epoch 24, Batch   700] loss: 0.765
Epoch 24/50:
Train Loss: 0.0802, Train Accuracy: 92.77%
Validation Loss: 0.8431, Validation Accuracy: 75.88%
[Epoch 25, Batch   100] loss: 0.756
[Epoch 25, Batch   200] loss: 0.756
[Epoch 25, Batch   300] loss: 0.760
[Epoch 25, Batch   400] loss: 0.762
[Epoch 25, Batch   500] loss: 0.765
[Epoch 25, Batch   600] loss: 0.764
[Epoch 25, Batch   700] loss: 0.764
Epoch 25/50:
Train Loss: 0.0805, Train Accuracy: 92.97%
Validation Loss: 0.8535, Validation Accuracy: 74.82%
[Epoch 26, Batch   100] loss: 0.755
[Epoch 26, Batch   200] loss: 0.757
[Epoch 26, Batch   300] loss: 0.759
[Epoch 26, Batch   400] loss: 0.761
[Epoch 26, Batch   500] loss: 0.765
[Epoch 26, Batch   600] loss: 0.763
[Epoch 26, Batch   700] loss: 0.765
Epoch 26/50:
Train Loss: 0.0801, Train Accuracy: 93.16%
Validation Loss: 0.8553, Validation Accuracy: 73.89%
[Epoch 27, Batch   100] loss: 0.754
[Epoch 27, Batch   200] loss: 0.755
[Epoch 27, Batch   300] loss: 0.760
[Epoch 27, Batch   400] loss: 0.761
[Epoch 27, Batch   500] loss: 0.762
[Epoch 27, Batch   600] loss: 0.765
[Epoch 27, Batch   700] loss: 0.765
Epoch 27/50:
Train Loss: 0.0805, Train Accuracy: 93.03%
Validation Loss: 0.8538, Validation Accuracy: 74.12%
[Epoch 28, Batch   100] loss: 0.755
[Epoch 28, Batch   200] loss: 0.756
[Epoch 28, Batch   300] loss: 0.758
[Epoch 28, Batch   400] loss: 0.760
[Epoch 28, Batch   500] loss: 0.762
[Epoch 28, Batch   600] loss: 0.758
[Epoch 28, Batch   700] loss: 0.762
Epoch 28/50:
Train Loss: 0.0802, Train Accuracy: 93.47%
Validation Loss: 0.8555, Validation Accuracy: 74.32%
[Epoch 29, Batch   100] loss: 0.755
[Epoch 29, Batch   200] loss: 0.754
[Epoch 29, Batch   300] loss: 0.755
[Epoch 29, Batch   400] loss: 0.757
[Epoch 29, Batch   500] loss: 0.759
[Epoch 29, Batch   600] loss: 0.762
[Epoch 29, Batch   700] loss: 0.761
Epoch 29/50:
Train Loss: 0.0797, Train Accuracy: 93.68%
Validation Loss: 0.8522, Validation Accuracy: 74.91%
[Epoch 30, Batch   100] loss: 0.753
[Epoch 30, Batch   200] loss: 0.755
[Epoch 30, Batch   300] loss: 0.757
[Epoch 30, Batch   400] loss: 0.756
[Epoch 30, Batch   500] loss: 0.759
[Epoch 30, Batch   600] loss: 0.759
[Epoch 30, Batch   700] loss: 0.761
Epoch 30/50:
Train Loss: 0.0799, Train Accuracy: 93.82%
Validation Loss: 0.8534, Validation Accuracy: 74.98%
[Epoch 31, Batch   100] loss: 0.752
[Epoch 31, Batch   200] loss: 0.754
[Epoch 31, Batch   300] loss: 0.758
[Epoch 31, Batch   400] loss: 0.757
[Epoch 31, Batch   500] loss: 0.758
[Epoch 31, Batch   600] loss: 0.759
[Epoch 31, Batch   700] loss: 0.763
Epoch 31/50:
Train Loss: 0.0803, Train Accuracy: 93.68%
Validation Loss: 0.8734, Validation Accuracy: 70.79%
[Epoch 32, Batch   100] loss: 0.752
[Epoch 32, Batch   200] loss: 0.755
[Epoch 32, Batch   300] loss: 0.752
[Epoch 32, Batch   400] loss: 0.754
[Epoch 32, Batch   500] loss: 0.757
[Epoch 32, Batch   600] loss: 0.760
[Epoch 32, Batch   700] loss: 0.763
Epoch 32/50:
Train Loss: 0.0797, Train Accuracy: 94.07%
Validation Loss: 0.8505, Validation Accuracy: 75.87%
[Epoch 33, Batch   100] loss: 0.754
[Epoch 33, Batch   200] loss: 0.754
[Epoch 33, Batch   300] loss: 0.754
[Epoch 33, Batch   400] loss: 0.757
[Epoch 33, Batch   500] loss: 0.756
[Epoch 33, Batch   600] loss: 0.756
[Epoch 33, Batch   700] loss: 0.759
Epoch 33/50:
Train Loss: 0.0797, Train Accuracy: 94.08%
Validation Loss: 0.8481, Validation Accuracy: 75.50%
[Epoch 34, Batch   100] loss: 0.750
[Epoch 34, Batch   200] loss: 0.753
[Epoch 34, Batch   300] loss: 0.753
[Epoch 34, Batch   400] loss: 0.754
[Epoch 34, Batch   500] loss: 0.758
[Epoch 34, Batch   600] loss: 0.760
[Epoch 34, Batch   700] loss: 0.757
Epoch 34/50:
Train Loss: 0.0795, Train Accuracy: 94.29%
Validation Loss: 0.8496, Validation Accuracy: 75.50%
[Epoch 35, Batch   100] loss: 0.750
[Epoch 35, Batch   200] loss: 0.751
[Epoch 35, Batch   300] loss: 0.754
[Epoch 35, Batch   400] loss: 0.757
[Epoch 35, Batch   500] loss: 0.757
[Epoch 35, Batch   600] loss: 0.757
[Epoch 35, Batch   700] loss: 0.759
Epoch 35/50:
Train Loss: 0.0798, Train Accuracy: 94.23%
Validation Loss: 0.8511, Validation Accuracy: 75.13%
[Epoch 36, Batch   100] loss: 0.750
[Epoch 36, Batch   200] loss: 0.753
[Epoch 36, Batch   300] loss: 0.754
[Epoch 36, Batch   400] loss: 0.755
[Epoch 36, Batch   500] loss: 0.754
[Epoch 36, Batch   600] loss: 0.761
[Epoch 36, Batch   700] loss: 0.759
Epoch 36/50:
Train Loss: 0.0794, Train Accuracy: 94.28%
Validation Loss: 0.8511, Validation Accuracy: 75.53%
[Epoch 37, Batch   100] loss: 0.748
[Epoch 37, Batch   200] loss: 0.749
[Epoch 37, Batch   300] loss: 0.750
[Epoch 37, Batch   400] loss: 0.753
[Epoch 37, Batch   500] loss: 0.754
[Epoch 37, Batch   600] loss: 0.756
[Epoch 37, Batch   700] loss: 0.759
Epoch 37/50:
Train Loss: 0.0796, Train Accuracy: 94.63%
Validation Loss: 0.8474, Validation Accuracy: 76.14%
[Epoch 38, Batch   100] loss: 0.750
[Epoch 38, Batch   200] loss: 0.747
[Epoch 38, Batch   300] loss: 0.751
[Epoch 38, Batch   400] loss: 0.751
[Epoch 38, Batch   500] loss: 0.755
[Epoch 38, Batch   600] loss: 0.758
[Epoch 38, Batch   700] loss: 0.756
Epoch 38/50:
Train Loss: 0.0796, Train Accuracy: 94.77%
Validation Loss: 0.8567, Validation Accuracy: 74.69%
[Epoch 39, Batch   100] loss: 0.751
[Epoch 39, Batch   200] loss: 0.753
[Epoch 39, Batch   300] loss: 0.754
[Epoch 39, Batch   400] loss: 0.753
[Epoch 39, Batch   500] loss: 0.755
[Epoch 39, Batch   600] loss: 0.755
[Epoch 39, Batch   700] loss: 0.758
Epoch 39/50:
Train Loss: 0.0795, Train Accuracy: 94.40%
Validation Loss: 0.8498, Validation Accuracy: 75.56%
[Epoch 40, Batch   100] loss: 0.751
[Epoch 40, Batch   200] loss: 0.748
[Epoch 40, Batch   300] loss: 0.750
[Epoch 40, Batch   400] loss: 0.754
[Epoch 40, Batch   500] loss: 0.757
[Epoch 40, Batch   600] loss: 0.755
[Epoch 40, Batch   700] loss: 0.759
Epoch 40/50:
Train Loss: 0.0798, Train Accuracy: 94.60%
Validation Loss: 0.8539, Validation Accuracy: 74.66%
[Epoch 41, Batch   100] loss: 0.752
[Epoch 41, Batch   200] loss: 0.750
[Epoch 41, Batch   300] loss: 0.750
[Epoch 41, Batch   400] loss: 0.751
[Epoch 41, Batch   500] loss: 0.754
[Epoch 41, Batch   600] loss: 0.754
[Epoch 41, Batch   700] loss: 0.754
Epoch 41/50:
Train Loss: 0.0792, Train Accuracy: 94.90%
Validation Loss: 0.8546, Validation Accuracy: 74.69%
[Epoch 42, Batch   100] loss: 0.747
[Epoch 42, Batch   200] loss: 0.750
[Epoch 42, Batch   300] loss: 0.754
[Epoch 42, Batch   400] loss: 0.755
[Epoch 42, Batch   500] loss: 0.753
[Epoch 42, Batch   600] loss: 0.753
[Epoch 42, Batch   700] loss: 0.756
Epoch 42/50:
Train Loss: 0.0798, Train Accuracy: 94.69%
Validation Loss: 0.8529, Validation Accuracy: 75.02%
[Epoch 43, Batch   100] loss: 0.747
[Epoch 43, Batch   200] loss: 0.748
[Epoch 43, Batch   300] loss: 0.749
[Epoch 43, Batch   400] loss: 0.752
[Epoch 43, Batch   500] loss: 0.753
[Epoch 43, Batch   600] loss: 0.753
[Epoch 43, Batch   700] loss: 0.756
Epoch 43/50:
Train Loss: 0.0793, Train Accuracy: 95.07%
Validation Loss: 0.8584, Validation Accuracy: 74.76%
[Epoch 44, Batch   100] loss: 0.752
[Epoch 44, Batch   200] loss: 0.748
[Epoch 44, Batch   300] loss: 0.750
[Epoch 44, Batch   400] loss: 0.750
[Epoch 44, Batch   500] loss: 0.751
[Epoch 44, Batch   600] loss: 0.753
[Epoch 44, Batch   700] loss: 0.755
Epoch 44/50:
Train Loss: 0.0794, Train Accuracy: 95.02%
Validation Loss: 0.8526, Validation Accuracy: 75.68%
[Epoch 45, Batch   100] loss: 0.749
[Epoch 45, Batch   200] loss: 0.748
[Epoch 45, Batch   300] loss: 0.749
[Epoch 45, Batch   400] loss: 0.751
[Epoch 45, Batch   500] loss: 0.753
[Epoch 45, Batch   600] loss: 0.755
[Epoch 45, Batch   700] loss: 0.756
Epoch 45/50:
Train Loss: 0.0795, Train Accuracy: 94.97%
Validation Loss: 0.8549, Validation Accuracy: 74.81%
[Epoch 46, Batch   100] loss: 0.749
[Epoch 46, Batch   200] loss: 0.749
[Epoch 46, Batch   300] loss: 0.751
[Epoch 46, Batch   400] loss: 0.749
[Epoch 46, Batch   500] loss: 0.755
[Epoch 46, Batch   600] loss: 0.754
[Epoch 46, Batch   700] loss: 0.755
Epoch 46/50:
Train Loss: 0.0791, Train Accuracy: 94.96%
Validation Loss: 0.8602, Validation Accuracy: 73.85%
[Epoch 47, Batch   100] loss: 0.748
[Epoch 47, Batch   200] loss: 0.746
[Epoch 47, Batch   300] loss: 0.746
[Epoch 47, Batch   400] loss: 0.750
[Epoch 47, Batch   500] loss: 0.750
[Epoch 47, Batch   600] loss: 0.752
[Epoch 47, Batch   700] loss: 0.758
Epoch 47/50:
Train Loss: 0.0794, Train Accuracy: 95.29%
Validation Loss: 0.8577, Validation Accuracy: 74.63%
[Epoch 48, Batch   100] loss: 0.747
[Epoch 48, Batch   200] loss: 0.750
[Epoch 48, Batch   300] loss: 0.753
[Epoch 48, Batch   400] loss: 0.748
[Epoch 48, Batch   500] loss: 0.750
[Epoch 48, Batch   600] loss: 0.755
[Epoch 48, Batch   700] loss: 0.755
Epoch 48/50:
Train Loss: 0.0794, Train Accuracy: 95.08%
Validation Loss: 0.8595, Validation Accuracy: 74.30%
[Epoch 49, Batch   100] loss: 0.751
[Epoch 49, Batch   200] loss: 0.750
[Epoch 49, Batch   300] loss: 0.753
[Epoch 49, Batch   400] loss: 0.750
[Epoch 49, Batch   500] loss: 0.751
[Epoch 49, Batch   600] loss: 0.751
[Epoch 49, Batch   700] loss: 0.754
Epoch 49/50:
Train Loss: 0.0792, Train Accuracy: 95.09%
Validation Loss: 0.8552, Validation Accuracy: 74.71%
[Epoch 50, Batch   100] loss: 0.744
[Epoch 50, Batch   200] loss: 0.747
[Epoch 50, Batch   300] loss: 0.749
[Epoch 50, Batch   400] loss: 0.751
[Epoch 50, Batch   500] loss: 0.755
[Epoch 50, Batch   600] loss: 0.753
[Epoch 50, Batch   700] loss: 0.755
Epoch 50/50:
Train Loss: 0.0793, Train Accuracy: 95.23%
Validation Loss: 0.8549, Validation Accuracy: 74.69%
Model saved to models/resnet18_CIFAR10_E1_2
Modified fc layer: updated out_features to 10.
Loaded weights from file: models/resnet18_CIFAR10_E1_2
Files already downloaded and verified
Files already downloaded and verified
Modified fc layer: updated out_features to 10.
Initialized untrained model.
resnet18-CIFAR10-random-0.3-2
[Epoch 1, Batch     2] loss: 0.049
[Epoch 1, Batch   102] loss: 1.814
[Epoch 1, Batch   202] loss: 1.521
[Epoch 1, Batch   302] loss: 1.423
[Epoch 1, Batch   402] loss: 1.393
[Epoch 1, Batch   502] loss: 1.309
Epoch 1/5:
Train Loss: 0.1036, Train Accuracy: 46.80%
Validation Loss: 1.5138, Validation Accuracy: 48.41%
[Epoch 2, Batch     2] loss: 0.025
[Epoch 2, Batch   102] loss: 1.187
[Epoch 2, Batch   202] loss: 1.101
[Epoch 2, Batch   302] loss: 1.095
[Epoch 2, Batch   402] loss: 1.092
[Epoch 2, Batch   502] loss: 1.080
Epoch 2/5:
Train Loss: 0.0828, Train Accuracy: 60.99%
Validation Loss: 1.6071, Validation Accuracy: 45.44%
[Epoch 3, Batch     2] loss: 0.020
[Epoch 3, Batch   102] loss: 0.929
[Epoch 3, Batch   202] loss: 0.949
[Epoch 3, Batch   302] loss: 0.938
[Epoch 3, Batch   402] loss: 0.929
[Epoch 3, Batch   502] loss: 0.895
Epoch 3/5:
Train Loss: 0.0737, Train Accuracy: 67.59%
Validation Loss: 1.0598, Validation Accuracy: 62.68%
[Epoch 4, Batch     2] loss: 0.015
[Epoch 4, Batch   102] loss: 0.815
[Epoch 4, Batch   202] loss: 0.784
[Epoch 4, Batch   302] loss: 0.796
[Epoch 4, Batch   402] loss: 0.805
[Epoch 4, Batch   502] loss: 0.788
Epoch 4/5:
Train Loss: 0.0671, Train Accuracy: 72.07%
Validation Loss: 0.8774, Validation Accuracy: 69.47%
[Epoch 5, Batch     2] loss: 0.013
[Epoch 5, Batch   102] loss: 0.648
[Epoch 5, Batch   202] loss: 0.707
[Epoch 5, Batch   302] loss: 0.708
[Epoch 5, Batch   402] loss: 0.702
[Epoch 5, Batch   502] loss: 0.719
Epoch 5/5:
Train Loss: 0.0574, Train Accuracy: 75.74%
Validation Loss: 0.8242, Validation Accuracy: 71.71%
Modified fc layer: updated out_features to 10.
Initialized untrained model.
resnet18-CIFAR10-random-0.5-2
[Epoch 1, Batch     2] loss: 0.050
[Epoch 1, Batch   102] loss: 1.832
[Epoch 1, Batch   202] loss: 1.556
[Epoch 1, Batch   302] loss: 1.427
Epoch 1/5:
Train Loss: 0.3089, Train Accuracy: 44.18%
Validation Loss: 1.4169, Validation Accuracy: 49.27%
[Epoch 2, Batch     2] loss: 0.027
[Epoch 2, Batch   102] loss: 1.259
[Epoch 2, Batch   202] loss: 1.201
[Epoch 2, Batch   302] loss: 1.166
Epoch 2/5:
Train Loss: 0.2571, Train Accuracy: 57.62%
Validation Loss: 1.4323, Validation Accuracy: 50.70%
[Epoch 3, Batch     2] loss: 0.024
[Epoch 3, Batch   102] loss: 1.012
[Epoch 3, Batch   202] loss: 1.012
[Epoch 3, Batch   302] loss: 0.985
Epoch 3/5:
Train Loss: 0.2274, Train Accuracy: 64.29%
Validation Loss: 1.3324, Validation Accuracy: 55.78%
[Epoch 4, Batch     2] loss: 0.017
[Epoch 4, Batch   102] loss: 0.867
[Epoch 4, Batch   202] loss: 0.885
[Epoch 4, Batch   302] loss: 0.865
Epoch 4/5:
Train Loss: 0.2004, Train Accuracy: 69.36%
Validation Loss: 1.0442, Validation Accuracy: 63.51%
[Epoch 5, Batch     2] loss: 0.011
[Epoch 5, Batch   102] loss: 0.738
[Epoch 5, Batch   202] loss: 0.750
[Epoch 5, Batch   302] loss: 0.782
Epoch 5/5:
Train Loss: 0.1758, Train Accuracy: 72.96%
Validation Loss: 0.9892, Validation Accuracy: 66.12%
Modified fc layer: updated out_features to 10.
Initialized untrained model.
resnet18-CIFAR10-random-0.7-2
[Epoch 1, Batch     2] loss: 0.049
[Epoch 1, Batch   102] loss: 1.814
[Epoch 1, Batch   202] loss: 1.543
Epoch 1/5:
Train Loss: 0.2071, Train Accuracy: 40.28%
Validation Loss: 1.6335, Validation Accuracy: 43.02%
[Epoch 2, Batch     2] loss: 0.027
[Epoch 2, Batch   102] loss: 1.336
[Epoch 2, Batch   202] loss: 1.307
Epoch 2/5:
Train Loss: 0.1788, Train Accuracy: 53.21%
Validation Loss: 1.4618, Validation Accuracy: 48.84%
[Epoch 3, Batch     2] loss: 0.025
[Epoch 3, Batch   102] loss: 1.145
[Epoch 3, Batch   202] loss: 1.120
Epoch 3/5:
Train Loss: 0.1537, Train Accuracy: 60.01%
Validation Loss: 1.2781, Validation Accuracy: 55.14%
[Epoch 4, Batch     2] loss: 0.023
[Epoch 4, Batch   102] loss: 0.967
[Epoch 4, Batch   202] loss: 0.975
Epoch 4/5:
Train Loss: 0.1282, Train Accuracy: 66.12%
Validation Loss: 1.8507, Validation Accuracy: 46.01%
[Epoch 5, Batch     2] loss: 0.019
[Epoch 5, Batch   102] loss: 0.845
[Epoch 5, Batch   202] loss: 0.870
Epoch 5/5:
Train Loss: 0.1146, Train Accuracy: 69.87%
Validation Loss: 1.3302, Validation Accuracy: 55.44%
Modified fc layer: updated out_features to 10.
Initialized untrained model.
resnet18-CIFAR10-random-0.8-2
[Epoch 1, Batch     2] loss: 0.049
[Epoch 1, Batch   102] loss: 1.823
Epoch 1/5:
Train Loss: 0.5648, Train Accuracy: 36.44%
Validation Loss: 1.5201, Validation Accuracy: 44.02%
[Epoch 2, Batch     2] loss: 0.030
[Epoch 2, Batch   102] loss: 1.435
Epoch 2/5:
Train Loss: 0.4920, Train Accuracy: 48.29%
Validation Loss: 1.4727, Validation Accuracy: 46.02%
[Epoch 3, Batch     2] loss: 0.023
[Epoch 3, Batch   102] loss: 1.262
Epoch 3/5:
Train Loss: 0.4405, Train Accuracy: 54.86%
Validation Loss: 1.8356, Validation Accuracy: 38.06%
[Epoch 4, Batch     2] loss: 0.020
[Epoch 4, Batch   102] loss: 1.103
Epoch 4/5:
Train Loss: 0.3907, Train Accuracy: 60.66%
Validation Loss: 1.3015, Validation Accuracy: 54.42%
[Epoch 5, Batch     2] loss: 0.020
[Epoch 5, Batch   102] loss: 0.966
Epoch 5/5:
Train Loss: 0.3503, Train Accuracy: 65.64%
Validation Loss: 1.2999, Validation Accuracy: 54.57%
Modified fc layer: updated out_features to 10.
Initialized untrained model.
resnet18-CIFAR10-random-0.9-2
[Epoch 1, Batch     2] loss: 0.049
Epoch 1/5:
Train Loss: 1.8448, Train Accuracy: 32.11%
Validation Loss: 1.8367, Validation Accuracy: 37.89%
[Epoch 2, Batch     2] loss: 0.027
Epoch 2/5:
Train Loss: 1.4904, Train Accuracy: 45.71%
Validation Loss: 1.6316, Validation Accuracy: 43.05%
[Epoch 3, Batch     2] loss: 0.026
Epoch 3/5:
Train Loss: 1.2942, Train Accuracy: 52.85%
Validation Loss: 1.5601, Validation Accuracy: 45.06%
[Epoch 4, Batch     2] loss: 0.021
Epoch 4/5:
Train Loss: 1.1406, Train Accuracy: 58.87%
Validation Loss: 1.7848, Validation Accuracy: 42.85%
[Epoch 5, Batch     2] loss: 0.027
Epoch 5/5:
Train Loss: 1.0278, Train Accuracy: 62.23%
Validation Loss: 1.8200, Validation Accuracy: 42.53%
Modified fc layer: updated out_features to 10.
Initialized untrained model.
resnet18-CIFAR10-random-0.95-2
[Epoch 1, Batch     2] loss: 0.049
Epoch 1/5:
Train Loss: 1.9733, Train Accuracy: 27.96%
Validation Loss: 3.2949, Validation Accuracy: 18.79%
[Epoch 2, Batch     2] loss: 0.034
Epoch 2/5:
Train Loss: 1.5554, Train Accuracy: 39.56%
Validation Loss: 2.4681, Validation Accuracy: 21.94%
[Epoch 3, Batch     2] loss: 0.028
Epoch 3/5:
Train Loss: 1.3581, Train Accuracy: 49.64%
Validation Loss: 1.8017, Validation Accuracy: 39.02%
[Epoch 4, Batch     2] loss: 0.021
Epoch 4/5:
Train Loss: 1.2880, Train Accuracy: 54.16%
Validation Loss: 2.2043, Validation Accuracy: 30.23%
[Epoch 5, Batch     2] loss: 0.024
Epoch 5/5:
Train Loss: 1.3688, Train Accuracy: 49.44%
Validation Loss: 1.7233, Validation Accuracy: 41.54%
Modified fc layer: updated out_features to 10.
Loaded weights from file: models/resnet18_CIFAR10_E1_2
Files already downloaded and verified
Files already downloaded and verified
Modified fc layer: updated out_features to 10.
Initialized untrained model.
[Epoch 1, Batch   100] loss: 0.964
[Epoch 1, Batch   200] loss: 0.945
[Epoch 1, Batch   300] loss: 0.936
[Epoch 1, Batch   400] loss: 0.925
[Epoch 1, Batch   500] loss: 0.922
Epoch 1/50:
Train Loss: 0.0787, Train Accuracy: 45.05%
Validation Loss: 0.9238, Validation Accuracy: 51.11%
[Epoch 2, Batch   100] loss: 0.905
[Epoch 2, Batch   200] loss: 0.907
[Epoch 2, Batch   300] loss: 0.900
[Epoch 2, Batch   400] loss: 0.895
[Epoch 2, Batch   500] loss: 0.898
Epoch 2/50:
Train Loss: 0.0768, Train Accuracy: 57.92%
Validation Loss: 0.9355, Validation Accuracy: 46.66%
[Epoch 3, Batch   100] loss: 0.881
[Epoch 3, Batch   200] loss: 0.883
[Epoch 3, Batch   300] loss: 0.878
[Epoch 3, Batch   400] loss: 0.880
[Epoch 3, Batch   500] loss: 0.878
Epoch 3/50:
Train Loss: 0.0751, Train Accuracy: 64.09%
Validation Loss: 0.8806, Validation Accuracy: 63.90%
[Epoch 4, Batch   100] loss: 0.862
[Epoch 4, Batch   200] loss: 0.867
[Epoch 4, Batch   300] loss: 0.867
[Epoch 4, Batch   400] loss: 0.865
[Epoch 4, Batch   500] loss: 0.863
Epoch 4/50:
Train Loss: 0.0745, Train Accuracy: 68.05%
Validation Loss: 0.8859, Validation Accuracy: 62.44%
[Epoch 5, Batch   100] loss: 0.849
[Epoch 5, Batch   200] loss: 0.853
[Epoch 5, Batch   300] loss: 0.851
[Epoch 5, Batch   400] loss: 0.856
[Epoch 5, Batch   500] loss: 0.853
Epoch 5/50:
Train Loss: 0.0734, Train Accuracy: 71.32%
Validation Loss: 0.8824, Validation Accuracy: 62.81%
[Epoch 6, Batch   100] loss: 0.838
[Epoch 6, Batch   200] loss: 0.844
[Epoch 6, Batch   300] loss: 0.846
[Epoch 6, Batch   400] loss: 0.846
[Epoch 6, Batch   500] loss: 0.845
Epoch 6/50:
Train Loss: 0.0727, Train Accuracy: 73.57%
Validation Loss: 0.8903, Validation Accuracy: 63.08%
[Epoch 7, Batch   100] loss: 0.830
[Epoch 7, Batch   200] loss: 0.831
[Epoch 7, Batch   300] loss: 0.834
[Epoch 7, Batch   400] loss: 0.835
[Epoch 7, Batch   500] loss: 0.837
Epoch 7/50:
Train Loss: 0.0717, Train Accuracy: 76.37%
Validation Loss: 0.8800, Validation Accuracy: 64.70%
[Epoch 8, Batch   100] loss: 0.821
[Epoch 8, Batch   200] loss: 0.820
[Epoch 8, Batch   300] loss: 0.825
[Epoch 8, Batch   400] loss: 0.826
[Epoch 8, Batch   500] loss: 0.828
Epoch 8/50:
Train Loss: 0.0713, Train Accuracy: 78.46%
Validation Loss: 0.8847, Validation Accuracy: 64.73%
[Epoch 9, Batch   100] loss: 0.809
[Epoch 9, Batch   200] loss: 0.818
[Epoch 9, Batch   300] loss: 0.818
[Epoch 9, Batch   400] loss: 0.818
[Epoch 9, Batch   500] loss: 0.819
Epoch 9/50:
Train Loss: 0.0704, Train Accuracy: 80.56%
Validation Loss: 0.8647, Validation Accuracy: 68.88%
[Epoch 10, Batch   100] loss: 0.801
[Epoch 10, Batch   200] loss: 0.805
[Epoch 10, Batch   300] loss: 0.811
[Epoch 10, Batch   400] loss: 0.809
[Epoch 10, Batch   500] loss: 0.814
Epoch 10/50:
Train Loss: 0.0701, Train Accuracy: 82.27%
Validation Loss: 0.8716, Validation Accuracy: 67.55%
[Epoch 11, Batch   100] loss: 0.799
[Epoch 11, Batch   200] loss: 0.802
[Epoch 11, Batch   300] loss: 0.803
[Epoch 11, Batch   400] loss: 0.803
[Epoch 11, Batch   500] loss: 0.804
Epoch 11/50:
Train Loss: 0.0689, Train Accuracy: 83.64%
Validation Loss: 0.8539, Validation Accuracy: 72.06%
[Epoch 12, Batch   100] loss: 0.787
[Epoch 12, Batch   200] loss: 0.796
[Epoch 12, Batch   300] loss: 0.795
[Epoch 12, Batch   400] loss: 0.797
[Epoch 12, Batch   500] loss: 0.797
Epoch 12/50:
Train Loss: 0.0689, Train Accuracy: 85.48%
Validation Loss: 0.8561, Validation Accuracy: 72.26%
[Epoch 13, Batch   100] loss: 0.782
[Epoch 13, Batch   200] loss: 0.784
[Epoch 13, Batch   300] loss: 0.792
[Epoch 13, Batch   400] loss: 0.791
[Epoch 13, Batch   500] loss: 0.794
Epoch 13/50:
Train Loss: 0.0679, Train Accuracy: 86.91%
Validation Loss: 0.8642, Validation Accuracy: 70.02%
[Epoch 14, Batch   100] loss: 0.779
[Epoch 14, Batch   200] loss: 0.782
[Epoch 14, Batch   300] loss: 0.787
[Epoch 14, Batch   400] loss: 0.791
[Epoch 14, Batch   500] loss: 0.789
Epoch 14/50:
Train Loss: 0.0680, Train Accuracy: 87.45%
Validation Loss: 0.8903, Validation Accuracy: 64.97%
[Epoch 15, Batch   100] loss: 0.779
[Epoch 15, Batch   200] loss: 0.777
[Epoch 15, Batch   300] loss: 0.781
[Epoch 15, Batch   400] loss: 0.784
[Epoch 15, Batch   500] loss: 0.787
Epoch 15/50:
Train Loss: 0.0674, Train Accuracy: 88.58%
Validation Loss: 0.8616, Validation Accuracy: 71.37%
[Epoch 16, Batch   100] loss: 0.770
[Epoch 16, Batch   200] loss: 0.775
[Epoch 16, Batch   300] loss: 0.774
[Epoch 16, Batch   400] loss: 0.780
[Epoch 16, Batch   500] loss: 0.784
Epoch 16/50:
Train Loss: 0.0671, Train Accuracy: 89.55%
Validation Loss: 0.8587, Validation Accuracy: 71.68%
[Epoch 17, Batch   100] loss: 0.767
[Epoch 17, Batch   200] loss: 0.773
[Epoch 17, Batch   300] loss: 0.774
[Epoch 17, Batch   400] loss: 0.776
[Epoch 17, Batch   500] loss: 0.781
Epoch 17/50:
Train Loss: 0.0672, Train Accuracy: 90.06%
Validation Loss: 0.8668, Validation Accuracy: 70.53%
[Epoch 18, Batch   100] loss: 0.765
[Epoch 18, Batch   200] loss: 0.766
[Epoch 18, Batch   300] loss: 0.771
[Epoch 18, Batch   400] loss: 0.773
[Epoch 18, Batch   500] loss: 0.774
Epoch 18/50:
Train Loss: 0.0665, Train Accuracy: 91.10%
Validation Loss: 0.8686, Validation Accuracy: 70.56%
[Epoch 19, Batch   100] loss: 0.764
[Epoch 19, Batch   200] loss: 0.765
[Epoch 19, Batch   300] loss: 0.769
[Epoch 19, Batch   400] loss: 0.772
[Epoch 19, Batch   500] loss: 0.770
Epoch 19/50:
Train Loss: 0.0666, Train Accuracy: 91.36%
Validation Loss: 0.8610, Validation Accuracy: 72.33%
[Epoch 20, Batch   100] loss: 0.760
[Epoch 20, Batch   200] loss: 0.766
[Epoch 20, Batch   300] loss: 0.769
[Epoch 20, Batch   400] loss: 0.767
[Epoch 20, Batch   500] loss: 0.769
Epoch 20/50:
Train Loss: 0.0666, Train Accuracy: 91.73%
Validation Loss: 0.8639, Validation Accuracy: 71.68%
[Epoch 21, Batch   100] loss: 0.761
[Epoch 21, Batch   200] loss: 0.760
[Epoch 21, Batch   300] loss: 0.763
[Epoch 21, Batch   400] loss: 0.769
[Epoch 21, Batch   500] loss: 0.767
Epoch 21/50:
Train Loss: 0.0661, Train Accuracy: 92.23%
Validation Loss: 0.8618, Validation Accuracy: 72.43%
[Epoch 22, Batch   100] loss: 0.757
[Epoch 22, Batch   200] loss: 0.762
[Epoch 22, Batch   300] loss: 0.762
[Epoch 22, Batch   400] loss: 0.767
[Epoch 22, Batch   500] loss: 0.769
Epoch 22/50:
Train Loss: 0.0657, Train Accuracy: 92.53%
Validation Loss: 0.8766, Validation Accuracy: 69.83%
[Epoch 23, Batch   100] loss: 0.759
[Epoch 23, Batch   200] loss: 0.763
[Epoch 23, Batch   300] loss: 0.763
[Epoch 23, Batch   400] loss: 0.763
[Epoch 23, Batch   500] loss: 0.763
Epoch 23/50:
Train Loss: 0.0657, Train Accuracy: 92.72%
Validation Loss: 0.8578, Validation Accuracy: 73.62%
[Epoch 24, Batch   100] loss: 0.754
[Epoch 24, Batch   200] loss: 0.759
[Epoch 24, Batch   300] loss: 0.757
[Epoch 24, Batch   400] loss: 0.763
[Epoch 24, Batch   500] loss: 0.762
Epoch 24/50:
Train Loss: 0.0656, Train Accuracy: 93.37%
Validation Loss: 0.8718, Validation Accuracy: 71.11%
[Epoch 25, Batch   100] loss: 0.756
[Epoch 25, Batch   200] loss: 0.756
[Epoch 25, Batch   300] loss: 0.756
[Epoch 25, Batch   400] loss: 0.763
[Epoch 25, Batch   500] loss: 0.760
Epoch 25/50:
Train Loss: 0.0657, Train Accuracy: 93.48%
Validation Loss: 0.8688, Validation Accuracy: 71.10%
[Epoch 26, Batch   100] loss: 0.756
[Epoch 26, Batch   200] loss: 0.757
[Epoch 26, Batch   300] loss: 0.757
[Epoch 26, Batch   400] loss: 0.760
[Epoch 26, Batch   500] loss: 0.760
Epoch 26/50:
Train Loss: 0.0658, Train Accuracy: 93.65%
Validation Loss: 0.8666, Validation Accuracy: 71.39%
[Epoch 27, Batch   100] loss: 0.754
[Epoch 27, Batch   200] loss: 0.753
[Epoch 27, Batch   300] loss: 0.756
[Epoch 27, Batch   400] loss: 0.758
[Epoch 27, Batch   500] loss: 0.761
Epoch 27/50:
Train Loss: 0.0656, Train Accuracy: 93.83%
Validation Loss: 0.8664, Validation Accuracy: 71.66%
[Epoch 28, Batch   100] loss: 0.751
[Epoch 28, Batch   200] loss: 0.754
[Epoch 28, Batch   300] loss: 0.758
[Epoch 28, Batch   400] loss: 0.757
[Epoch 28, Batch   500] loss: 0.757
Epoch 28/50:
Train Loss: 0.0654, Train Accuracy: 94.12%
Validation Loss: 0.8733, Validation Accuracy: 70.62%
[Epoch 29, Batch   100] loss: 0.750
[Epoch 29, Batch   200] loss: 0.755
[Epoch 29, Batch   300] loss: 0.755
[Epoch 29, Batch   400] loss: 0.758
[Epoch 29, Batch   500] loss: 0.758
Epoch 29/50:
Train Loss: 0.0652, Train Accuracy: 94.31%
Validation Loss: 0.8753, Validation Accuracy: 70.91%
[Epoch 30, Batch   100] loss: 0.752
[Epoch 30, Batch   200] loss: 0.753
[Epoch 30, Batch   300] loss: 0.753
[Epoch 30, Batch   400] loss: 0.753
[Epoch 30, Batch   500] loss: 0.760
Epoch 30/50:
Train Loss: 0.0651, Train Accuracy: 94.50%
Validation Loss: 0.8780, Validation Accuracy: 70.37%
[Epoch 31, Batch   100] loss: 0.753
[Epoch 31, Batch   200] loss: 0.751
[Epoch 31, Batch   300] loss: 0.752
[Epoch 31, Batch   400] loss: 0.755
[Epoch 31, Batch   500] loss: 0.762
Epoch 31/50:
Train Loss: 0.0651, Train Accuracy: 94.35%
Validation Loss: 0.8724, Validation Accuracy: 71.69%
[Epoch 32, Batch   100] loss: 0.750
[Epoch 32, Batch   200] loss: 0.754
[Epoch 32, Batch   300] loss: 0.753
[Epoch 32, Batch   400] loss: 0.755
[Epoch 32, Batch   500] loss: 0.755
Epoch 32/50:
Train Loss: 0.0650, Train Accuracy: 94.67%
Validation Loss: 0.8601, Validation Accuracy: 73.72%
[Epoch 33, Batch   100] loss: 0.751
[Epoch 33, Batch   200] loss: 0.750
[Epoch 33, Batch   300] loss: 0.750
[Epoch 33, Batch   400] loss: 0.751
[Epoch 33, Batch   500] loss: 0.755
Epoch 33/50:
Train Loss: 0.0651, Train Accuracy: 94.97%
Validation Loss: 0.8631, Validation Accuracy: 72.90%
[Epoch 34, Batch   100] loss: 0.749
[Epoch 34, Batch   200] loss: 0.751
[Epoch 34, Batch   300] loss: 0.749
[Epoch 34, Batch   400] loss: 0.753
[Epoch 34, Batch   500] loss: 0.757
Epoch 34/50:
Train Loss: 0.0651, Train Accuracy: 94.85%
Validation Loss: 0.8688, Validation Accuracy: 71.86%
[Epoch 35, Batch   100] loss: 0.748
[Epoch 35, Batch   200] loss: 0.751
[Epoch 35, Batch   300] loss: 0.749
[Epoch 35, Batch   400] loss: 0.754
[Epoch 35, Batch   500] loss: 0.755
Epoch 35/50:
Train Loss: 0.0650, Train Accuracy: 95.02%
Validation Loss: 0.8788, Validation Accuracy: 69.74%
[Epoch 36, Batch   100] loss: 0.749
[Epoch 36, Batch   200] loss: 0.749
[Epoch 36, Batch   300] loss: 0.750
[Epoch 36, Batch   400] loss: 0.755
[Epoch 36, Batch   500] loss: 0.756
Epoch 36/50:
Train Loss: 0.0649, Train Accuracy: 94.98%
Validation Loss: 0.8766, Validation Accuracy: 70.78%
[Epoch 37, Batch   100] loss: 0.747
[Epoch 37, Batch   200] loss: 0.752
[Epoch 37, Batch   300] loss: 0.751
[Epoch 37, Batch   400] loss: 0.751
[Epoch 37, Batch   500] loss: 0.754
Epoch 37/50:
Train Loss: 0.0651, Train Accuracy: 95.01%
Validation Loss: 0.8720, Validation Accuracy: 71.67%
[Epoch 38, Batch   100] loss: 0.747
[Epoch 38, Batch   200] loss: 0.749
[Epoch 38, Batch   300] loss: 0.754
[Epoch 38, Batch   400] loss: 0.754
[Epoch 38, Batch   500] loss: 0.754
Epoch 38/50:
Train Loss: 0.0649, Train Accuracy: 95.08%
Validation Loss: 0.8728, Validation Accuracy: 71.19%
[Epoch 39, Batch   100] loss: 0.747
[Epoch 39, Batch   200] loss: 0.747
[Epoch 39, Batch   300] loss: 0.748
[Epoch 39, Batch   400] loss: 0.750
[Epoch 39, Batch   500] loss: 0.755
Epoch 39/50:
Train Loss: 0.0648, Train Accuracy: 95.48%
Validation Loss: 0.8738, Validation Accuracy: 71.53%
[Epoch 40, Batch   100] loss: 0.747
[Epoch 40, Batch   200] loss: 0.748
[Epoch 40, Batch   300] loss: 0.748
[Epoch 40, Batch   400] loss: 0.750
[Epoch 40, Batch   500] loss: 0.751
Epoch 40/50:
Train Loss: 0.0649, Train Accuracy: 95.47%
Validation Loss: 0.8677, Validation Accuracy: 72.37%
[Epoch 41, Batch   100] loss: 0.748
[Epoch 41, Batch   200] loss: 0.748
[Epoch 41, Batch   300] loss: 0.750
[Epoch 41, Batch   400] loss: 0.753
[Epoch 41, Batch   500] loss: 0.754
Epoch 41/50:
Train Loss: 0.0646, Train Accuracy: 95.28%
Validation Loss: 0.8733, Validation Accuracy: 72.12%
[Epoch 42, Batch   100] loss: 0.745
[Epoch 42, Batch   200] loss: 0.747
[Epoch 42, Batch   300] loss: 0.749
[Epoch 42, Batch   400] loss: 0.753
[Epoch 42, Batch   500] loss: 0.752
Epoch 42/50:
Train Loss: 0.0645, Train Accuracy: 95.53%
Validation Loss: 0.8704, Validation Accuracy: 72.38%
[Epoch 43, Batch   100] loss: 0.747
[Epoch 43, Batch   200] loss: 0.745
[Epoch 43, Batch   300] loss: 0.749
[Epoch 43, Batch   400] loss: 0.750
[Epoch 43, Batch   500] loss: 0.755
Epoch 43/50:
Train Loss: 0.0650, Train Accuracy: 95.54%
Validation Loss: 0.8717, Validation Accuracy: 72.27%
[Epoch 44, Batch   100] loss: 0.746
[Epoch 44, Batch   200] loss: 0.747
[Epoch 44, Batch   300] loss: 0.749
[Epoch 44, Batch   400] loss: 0.753
[Epoch 44, Batch   500] loss: 0.754
Epoch 44/50:
Train Loss: 0.0647, Train Accuracy: 95.38%
Validation Loss: 0.8775, Validation Accuracy: 70.28%
[Epoch 45, Batch   100] loss: 0.747
[Epoch 45, Batch   200] loss: 0.746
[Epoch 45, Batch   300] loss: 0.750
[Epoch 45, Batch   400] loss: 0.754
[Epoch 45, Batch   500] loss: 0.753
Epoch 45/50:
Train Loss: 0.0647, Train Accuracy: 95.29%
Validation Loss: 0.8737, Validation Accuracy: 72.25%
[Epoch 46, Batch   100] loss: 0.746
[Epoch 46, Batch   200] loss: 0.746
[Epoch 46, Batch   300] loss: 0.751
[Epoch 46, Batch   400] loss: 0.749
[Epoch 46, Batch   500] loss: 0.751
Epoch 46/50:
Train Loss: 0.0648, Train Accuracy: 95.60%
Validation Loss: 0.8669, Validation Accuracy: 72.76%
[Epoch 47, Batch   100] loss: 0.743
[Epoch 47, Batch   200] loss: 0.747
[Epoch 47, Batch   300] loss: 0.747
[Epoch 47, Batch   400] loss: 0.748
[Epoch 47, Batch   500] loss: 0.750
Epoch 47/50:
Train Loss: 0.0645, Train Accuracy: 95.94%
Validation Loss: 0.8695, Validation Accuracy: 72.26%
[Epoch 48, Batch   100] loss: 0.745
[Epoch 48, Batch   200] loss: 0.748
[Epoch 48, Batch   300] loss: 0.746
[Epoch 48, Batch   400] loss: 0.749
[Epoch 48, Batch   500] loss: 0.755
Epoch 48/50:
Train Loss: 0.0650, Train Accuracy: 95.51%
Validation Loss: 0.8746, Validation Accuracy: 71.47%
[Epoch 49, Batch   100] loss: 0.748
[Epoch 49, Batch   200] loss: 0.748
[Epoch 49, Batch   300] loss: 0.748
[Epoch 49, Batch   400] loss: 0.749
[Epoch 49, Batch   500] loss: 0.748
Epoch 49/50:
Train Loss: 0.0642, Train Accuracy: 95.90%
Validation Loss: 0.8725, Validation Accuracy: 71.98%
[Epoch 50, Batch   100] loss: 0.744
[Epoch 50, Batch   200] loss: 0.748
[Epoch 50, Batch   300] loss: 0.749
[Epoch 50, Batch   400] loss: 0.749
[Epoch 50, Batch   500] loss: 0.751
Epoch 50/50:
Train Loss: 0.0646, Train Accuracy: 95.81%
Validation Loss: 0.8671, Validation Accuracy: 72.79%
Model saved to models/resnet18-EvidenceLoss-CIFAR10-EVIDENCE-balanced_by_score-0.3-2
Modified fc layer: updated out_features to 10.
Initialized untrained model.
[Epoch 1, Batch   100] loss: 0.964
[Epoch 1, Batch   200] loss: 0.946
[Epoch 1, Batch   300] loss: 0.937
Epoch 1/50:
Train Loss: 0.2161, Train Accuracy: 42.06%
Validation Loss: 0.9465, Validation Accuracy: 41.96%
[Epoch 2, Batch   100] loss: 0.916
[Epoch 2, Batch   200] loss: 0.913
[Epoch 2, Batch   300] loss: 0.906
Epoch 2/50:
Train Loss: 0.2110, Train Accuracy: 54.61%
Validation Loss: 0.9286, Validation Accuracy: 49.31%
[Epoch 3, Batch   100] loss: 0.890
[Epoch 3, Batch   200] loss: 0.889
[Epoch 3, Batch   300] loss: 0.887
Epoch 3/50:
Train Loss: 0.2076, Train Accuracy: 61.10%
Validation Loss: 0.8935, Validation Accuracy: 59.93%
[Epoch 4, Batch   100] loss: 0.872
[Epoch 4, Batch   200] loss: 0.875
[Epoch 4, Batch   300] loss: 0.872
Epoch 4/50:
Train Loss: 0.2024, Train Accuracy: 66.17%
Validation Loss: 0.9007, Validation Accuracy: 58.48%
[Epoch 5, Batch   100] loss: 0.858
[Epoch 5, Batch   200] loss: 0.860
[Epoch 5, Batch   300] loss: 0.861
Epoch 5/50:
Train Loss: 0.2012, Train Accuracy: 69.00%
Validation Loss: 0.8866, Validation Accuracy: 62.26%
[Epoch 6, Batch   100] loss: 0.844
[Epoch 6, Batch   200] loss: 0.849
[Epoch 6, Batch   300] loss: 0.849
Epoch 6/50:
Train Loss: 0.1981, Train Accuracy: 72.60%
Validation Loss: 0.8701, Validation Accuracy: 66.51%
[Epoch 7, Batch   100] loss: 0.835
[Epoch 7, Batch   200] loss: 0.841
[Epoch 7, Batch   300] loss: 0.840
Epoch 7/50:
Train Loss: 0.1946, Train Accuracy: 75.20%
Validation Loss: 0.8964, Validation Accuracy: 61.12%
[Epoch 8, Batch   100] loss: 0.822
[Epoch 8, Batch   200] loss: 0.825
[Epoch 8, Batch   300] loss: 0.829
Epoch 8/50:
Train Loss: 0.1942, Train Accuracy: 77.48%
Validation Loss: 0.8761, Validation Accuracy: 65.72%
[Epoch 9, Batch   100] loss: 0.814
[Epoch 9, Batch   200] loss: 0.815
[Epoch 9, Batch   300] loss: 0.824
Epoch 9/50:
Train Loss: 0.1919, Train Accuracy: 79.81%
Validation Loss: 0.8685, Validation Accuracy: 68.15%
[Epoch 10, Batch   100] loss: 0.802
[Epoch 10, Batch   200] loss: 0.811
[Epoch 10, Batch   300] loss: 0.814
Epoch 10/50:
Train Loss: 0.1893, Train Accuracy: 82.05%
Validation Loss: 0.8711, Validation Accuracy: 67.54%
[Epoch 11, Batch   100] loss: 0.797
[Epoch 11, Batch   200] loss: 0.800
[Epoch 11, Batch   300] loss: 0.805
Epoch 11/50:
Train Loss: 0.1878, Train Accuracy: 83.78%
Validation Loss: 0.8743, Validation Accuracy: 67.99%
[Epoch 12, Batch   100] loss: 0.788
[Epoch 12, Batch   200] loss: 0.798
[Epoch 12, Batch   300] loss: 0.798
Epoch 12/50:
Train Loss: 0.1859, Train Accuracy: 85.34%
Validation Loss: 0.8784, Validation Accuracy: 66.71%
[Epoch 13, Batch   100] loss: 0.785
[Epoch 13, Batch   200] loss: 0.789
[Epoch 13, Batch   300] loss: 0.790
Epoch 13/50:
Train Loss: 0.1856, Train Accuracy: 86.41%
Validation Loss: 0.8700, Validation Accuracy: 68.77%
[Epoch 14, Batch   100] loss: 0.780
[Epoch 14, Batch   200] loss: 0.781
[Epoch 14, Batch   300] loss: 0.788
Epoch 14/50:
Train Loss: 0.1831, Train Accuracy: 87.96%
Validation Loss: 0.8962, Validation Accuracy: 63.68%
[Epoch 15, Batch   100] loss: 0.776
[Epoch 15, Batch   200] loss: 0.776
[Epoch 15, Batch   300] loss: 0.782
Epoch 15/50:
Train Loss: 0.1827, Train Accuracy: 88.96%
Validation Loss: 0.8847, Validation Accuracy: 66.49%
[Epoch 16, Batch   100] loss: 0.772
[Epoch 16, Batch   200] loss: 0.774
[Epoch 16, Batch   300] loss: 0.776
Epoch 16/50:
Train Loss: 0.1820, Train Accuracy: 89.80%
Validation Loss: 0.8822, Validation Accuracy: 67.39%
[Epoch 17, Batch   100] loss: 0.767
[Epoch 17, Batch   200] loss: 0.769
[Epoch 17, Batch   300] loss: 0.775
Epoch 17/50:
Train Loss: 0.1812, Train Accuracy: 90.59%
Validation Loss: 0.8919, Validation Accuracy: 65.46%
[Epoch 18, Batch   100] loss: 0.765
[Epoch 18, Batch   200] loss: 0.768
[Epoch 18, Batch   300] loss: 0.771
Epoch 18/50:
Train Loss: 0.1802, Train Accuracy: 91.20%
Validation Loss: 0.8681, Validation Accuracy: 70.56%
[Epoch 19, Batch   100] loss: 0.765
[Epoch 19, Batch   200] loss: 0.767
[Epoch 19, Batch   300] loss: 0.769
Epoch 19/50:
Train Loss: 0.1789, Train Accuracy: 91.68%
Validation Loss: 0.8771, Validation Accuracy: 68.87%
[Epoch 20, Batch   100] loss: 0.757
[Epoch 20, Batch   200] loss: 0.764
[Epoch 20, Batch   300] loss: 0.767
Epoch 20/50:
Train Loss: 0.1788, Train Accuracy: 92.26%
Validation Loss: 0.8802, Validation Accuracy: 68.19%
[Epoch 21, Batch   100] loss: 0.762
[Epoch 21, Batch   200] loss: 0.763
[Epoch 21, Batch   300] loss: 0.764
Epoch 21/50:
Train Loss: 0.1780, Train Accuracy: 92.52%
Validation Loss: 0.8813, Validation Accuracy: 68.97%
[Epoch 22, Batch   100] loss: 0.756
[Epoch 22, Batch   200] loss: 0.759
[Epoch 22, Batch   300] loss: 0.763
Epoch 22/50:
Train Loss: 0.1780, Train Accuracy: 93.18%
Validation Loss: 0.8732, Validation Accuracy: 70.04%
[Epoch 23, Batch   100] loss: 0.756
[Epoch 23, Batch   200] loss: 0.758
[Epoch 23, Batch   300] loss: 0.762
Epoch 23/50:
Train Loss: 0.1780, Train Accuracy: 93.27%
Validation Loss: 0.8722, Validation Accuracy: 70.43%
[Epoch 24, Batch   100] loss: 0.755
[Epoch 24, Batch   200] loss: 0.758
[Epoch 24, Batch   300] loss: 0.761
Epoch 24/50:
Train Loss: 0.1771, Train Accuracy: 93.50%
Validation Loss: 0.8778, Validation Accuracy: 69.14%
[Epoch 25, Batch   100] loss: 0.751
[Epoch 25, Batch   200] loss: 0.753
[Epoch 25, Batch   300] loss: 0.755
Epoch 25/50:
Train Loss: 0.1776, Train Accuracy: 94.23%
Validation Loss: 0.8785, Validation Accuracy: 69.58%
[Epoch 26, Batch   100] loss: 0.750
[Epoch 26, Batch   200] loss: 0.757
[Epoch 26, Batch   300] loss: 0.760
Epoch 26/50:
Train Loss: 0.1764, Train Accuracy: 94.01%
Validation Loss: 0.8744, Validation Accuracy: 70.71%
[Epoch 27, Batch   100] loss: 0.748
[Epoch 27, Batch   200] loss: 0.754
[Epoch 27, Batch   300] loss: 0.755
Epoch 27/50:
Train Loss: 0.1767, Train Accuracy: 94.58%
Validation Loss: 0.8897, Validation Accuracy: 68.02%
[Epoch 28, Batch   100] loss: 0.755
[Epoch 28, Batch   200] loss: 0.754
[Epoch 28, Batch   300] loss: 0.753
Epoch 28/50:
Train Loss: 0.1760, Train Accuracy: 94.51%
Validation Loss: 0.8769, Validation Accuracy: 70.13%
[Epoch 29, Batch   100] loss: 0.751
[Epoch 29, Batch   200] loss: 0.751
[Epoch 29, Batch   300] loss: 0.756
Epoch 29/50:
Train Loss: 0.1767, Train Accuracy: 94.57%
Validation Loss: 0.8839, Validation Accuracy: 68.56%
[Epoch 30, Batch   100] loss: 0.751
[Epoch 30, Batch   200] loss: 0.753
[Epoch 30, Batch   300] loss: 0.756
Epoch 30/50:
Train Loss: 0.1757, Train Accuracy: 94.60%
Validation Loss: 0.8852, Validation Accuracy: 69.03%
[Epoch 31, Batch   100] loss: 0.747
[Epoch 31, Batch   200] loss: 0.753
[Epoch 31, Batch   300] loss: 0.754
Epoch 31/50:
Train Loss: 0.1756, Train Accuracy: 94.99%
Validation Loss: 0.8896, Validation Accuracy: 68.18%
[Epoch 32, Batch   100] loss: 0.749
[Epoch 32, Batch   200] loss: 0.748
[Epoch 32, Batch   300] loss: 0.750
Epoch 32/50:
Train Loss: 0.1757, Train Accuracy: 95.31%
Validation Loss: 0.8886, Validation Accuracy: 67.95%
[Epoch 33, Batch   100] loss: 0.748
[Epoch 33, Batch   200] loss: 0.751
[Epoch 33, Batch   300] loss: 0.754
Epoch 33/50:
Train Loss: 0.1752, Train Accuracy: 95.10%
Validation Loss: 0.8822, Validation Accuracy: 69.40%
[Epoch 34, Batch   100] loss: 0.746
[Epoch 34, Batch   200] loss: 0.747
[Epoch 34, Batch   300] loss: 0.752
Epoch 34/50:
Train Loss: 0.1748, Train Accuracy: 95.62%
Validation Loss: 0.8800, Validation Accuracy: 69.93%
[Epoch 35, Batch   100] loss: 0.746
[Epoch 35, Batch   200] loss: 0.749
[Epoch 35, Batch   300] loss: 0.755
Epoch 35/50:
Train Loss: 0.1754, Train Accuracy: 95.25%
Validation Loss: 0.8854, Validation Accuracy: 69.11%
[Epoch 36, Batch   100] loss: 0.746
[Epoch 36, Batch   200] loss: 0.748
[Epoch 36, Batch   300] loss: 0.751
Epoch 36/50:
Train Loss: 0.1755, Train Accuracy: 95.38%
Validation Loss: 0.8867, Validation Accuracy: 68.75%
[Epoch 37, Batch   100] loss: 0.746
[Epoch 37, Batch   200] loss: 0.749
[Epoch 37, Batch   300] loss: 0.752
Epoch 37/50:
Train Loss: 0.1753, Train Accuracy: 95.47%
Validation Loss: 0.8790, Validation Accuracy: 70.28%
[Epoch 38, Batch   100] loss: 0.745
[Epoch 38, Batch   200] loss: 0.748
[Epoch 38, Batch   300] loss: 0.751
Epoch 38/50:
Train Loss: 0.1749, Train Accuracy: 95.69%
Validation Loss: 0.8810, Validation Accuracy: 69.50%
[Epoch 39, Batch   100] loss: 0.746
[Epoch 39, Batch   200] loss: 0.745
[Epoch 39, Batch   300] loss: 0.748
Epoch 39/50:
Train Loss: 0.1753, Train Accuracy: 95.79%
Validation Loss: 0.8884, Validation Accuracy: 68.84%
[Epoch 40, Batch   100] loss: 0.749
[Epoch 40, Batch   200] loss: 0.746
[Epoch 40, Batch   300] loss: 0.746
Epoch 40/50:
Train Loss: 0.1744, Train Accuracy: 95.81%
Validation Loss: 0.8864, Validation Accuracy: 69.22%
[Epoch 41, Batch   100] loss: 0.743
[Epoch 41, Batch   200] loss: 0.746
[Epoch 41, Batch   300] loss: 0.749
Epoch 41/50:
Train Loss: 0.1744, Train Accuracy: 96.05%
Validation Loss: 0.8863, Validation Accuracy: 69.64%
[Epoch 42, Batch   100] loss: 0.746
[Epoch 42, Batch   200] loss: 0.748
[Epoch 42, Batch   300] loss: 0.748
Epoch 42/50:
Train Loss: 0.1746, Train Accuracy: 95.86%
Validation Loss: 0.8803, Validation Accuracy: 70.12%
[Epoch 43, Batch   100] loss: 0.747
[Epoch 43, Batch   200] loss: 0.744
[Epoch 43, Batch   300] loss: 0.747
Epoch 43/50:
Train Loss: 0.1746, Train Accuracy: 95.97%
Validation Loss: 0.8870, Validation Accuracy: 69.25%
[Epoch 44, Batch   100] loss: 0.745
[Epoch 44, Batch   200] loss: 0.744
[Epoch 44, Batch   300] loss: 0.747
Epoch 44/50:
Train Loss: 0.1737, Train Accuracy: 96.22%
Validation Loss: 0.8939, Validation Accuracy: 68.31%
[Epoch 45, Batch   100] loss: 0.745
[Epoch 45, Batch   200] loss: 0.746
[Epoch 45, Batch   300] loss: 0.748
Epoch 45/50:
Train Loss: 0.1744, Train Accuracy: 95.96%
Validation Loss: 0.8872, Validation Accuracy: 68.77%
[Epoch 46, Batch   100] loss: 0.743
[Epoch 46, Batch   200] loss: 0.744
[Epoch 46, Batch   300] loss: 0.746
Epoch 46/50:
Train Loss: 0.1742, Train Accuracy: 96.34%
Validation Loss: 0.8921, Validation Accuracy: 68.66%
[Epoch 47, Batch   100] loss: 0.745
[Epoch 47, Batch   200] loss: 0.743
[Epoch 47, Batch   300] loss: 0.745
Epoch 47/50:
Train Loss: 0.1733, Train Accuracy: 96.40%
Validation Loss: 0.8846, Validation Accuracy: 70.10%
[Epoch 48, Batch   100] loss: 0.743
[Epoch 48, Batch   200] loss: 0.745
[Epoch 48, Batch   300] loss: 0.748
Epoch 48/50:
Train Loss: 0.1740, Train Accuracy: 96.24%
Validation Loss: 0.8825, Validation Accuracy: 70.82%
[Epoch 49, Batch   100] loss: 0.744
[Epoch 49, Batch   200] loss: 0.748
[Epoch 49, Batch   300] loss: 0.746
Epoch 49/50:
Train Loss: 0.1742, Train Accuracy: 96.06%
Validation Loss: 0.8857, Validation Accuracy: 69.60%
[Epoch 50, Batch   100] loss: 0.741
[Epoch 50, Batch   200] loss: 0.748
[Epoch 50, Batch   300] loss: 0.744
Epoch 50/50:
Train Loss: 0.1735, Train Accuracy: 96.48%
Validation Loss: 0.8908, Validation Accuracy: 69.21%
Model saved to models/resnet18-EvidenceLoss-CIFAR10-EVIDENCE-balanced_by_score-0.5-2
Modified fc layer: updated out_features to 10.
Initialized untrained model.
[Epoch 1, Batch   100] loss: 0.966
[Epoch 1, Batch   200] loss: 0.948
Epoch 1/50:
Train Loss: 0.1407, Train Accuracy: 36.84%
Validation Loss: 0.9445, Validation Accuracy: 41.36%
[Epoch 2, Batch   100] loss: 0.927
[Epoch 2, Batch   200] loss: 0.926
Epoch 2/50:
Train Loss: 0.1363, Train Accuracy: 49.46%
Validation Loss: 0.9424, Validation Accuracy: 43.01%
[Epoch 3, Batch   100] loss: 0.909
[Epoch 3, Batch   200] loss: 0.908
Epoch 3/50:
Train Loss: 0.1341, Train Accuracy: 55.61%
Validation Loss: 0.9238, Validation Accuracy: 50.90%
[Epoch 4, Batch   100] loss: 0.889
[Epoch 4, Batch   200] loss: 0.891
Epoch 4/50:
Train Loss: 0.1321, Train Accuracy: 60.60%
Validation Loss: 0.9342, Validation Accuracy: 47.68%
[Epoch 5, Batch   100] loss: 0.877
[Epoch 5, Batch   200] loss: 0.879
Epoch 5/50:
Train Loss: 0.1299, Train Accuracy: 64.27%
Validation Loss: 0.9334, Validation Accuracy: 51.88%
[Epoch 6, Batch   100] loss: 0.862
[Epoch 6, Batch   200] loss: 0.867
Epoch 6/50:
Train Loss: 0.1292, Train Accuracy: 67.85%
Validation Loss: 0.9063, Validation Accuracy: 55.87%
[Epoch 7, Batch   100] loss: 0.847
[Epoch 7, Batch   200] loss: 0.854
Epoch 7/50:
Train Loss: 0.1269, Train Accuracy: 71.60%
Validation Loss: 0.9166, Validation Accuracy: 53.96%
[Epoch 8, Batch   100] loss: 0.840
[Epoch 8, Batch   200] loss: 0.844
Epoch 8/50:
Train Loss: 0.1255, Train Accuracy: 73.87%
Validation Loss: 0.9160, Validation Accuracy: 55.31%
[Epoch 9, Batch   100] loss: 0.824
[Epoch 9, Batch   200] loss: 0.832
Epoch 9/50:
Train Loss: 0.1245, Train Accuracy: 76.95%
Validation Loss: 0.8944, Validation Accuracy: 61.51%
[Epoch 10, Batch   100] loss: 0.814
[Epoch 10, Batch   200] loss: 0.823
Epoch 10/50:
Train Loss: 0.1238, Train Accuracy: 79.57%
Validation Loss: 0.9057, Validation Accuracy: 59.02%
[Epoch 11, Batch   100] loss: 0.805
[Epoch 11, Batch   200] loss: 0.811
Epoch 11/50:
Train Loss: 0.1224, Train Accuracy: 81.76%
Validation Loss: 0.9059, Validation Accuracy: 58.85%
[Epoch 12, Batch   100] loss: 0.798
[Epoch 12, Batch   200] loss: 0.803
Epoch 12/50:
Train Loss: 0.1200, Train Accuracy: 83.98%
Validation Loss: 0.8994, Validation Accuracy: 61.16%
[Epoch 13, Batch   100] loss: 0.792
[Epoch 13, Batch   200] loss: 0.797
Epoch 13/50:
Train Loss: 0.1188, Train Accuracy: 85.38%
Validation Loss: 0.8966, Validation Accuracy: 62.86%
[Epoch 14, Batch   100] loss: 0.784
[Epoch 14, Batch   200] loss: 0.789
Epoch 14/50:
Train Loss: 0.1181, Train Accuracy: 87.10%
Validation Loss: 0.9106, Validation Accuracy: 61.41%
[Epoch 15, Batch   100] loss: 0.782
[Epoch 15, Batch   200] loss: 0.787
Epoch 15/50:
Train Loss: 0.1169, Train Accuracy: 87.75%
Validation Loss: 0.9081, Validation Accuracy: 61.44%
[Epoch 16, Batch   100] loss: 0.774
[Epoch 16, Batch   200] loss: 0.777
Epoch 16/50:
Train Loss: 0.1169, Train Accuracy: 89.55%
Validation Loss: 0.9190, Validation Accuracy: 59.52%
[Epoch 17, Batch   100] loss: 0.771
[Epoch 17, Batch   200] loss: 0.773
Epoch 17/50:
Train Loss: 0.1162, Train Accuracy: 90.53%
Validation Loss: 0.9018, Validation Accuracy: 63.36%
[Epoch 18, Batch   100] loss: 0.767
[Epoch 18, Batch   200] loss: 0.773
Epoch 18/50:
Train Loss: 0.1149, Train Accuracy: 91.31%
Validation Loss: 0.8997, Validation Accuracy: 64.09%
[Epoch 19, Batch   100] loss: 0.764
[Epoch 19, Batch   200] loss: 0.768
Epoch 19/50:
Train Loss: 0.1141, Train Accuracy: 91.97%
Validation Loss: 0.9088, Validation Accuracy: 62.22%
[Epoch 20, Batch   100] loss: 0.763
[Epoch 20, Batch   200] loss: 0.764
Epoch 20/50:
Train Loss: 0.1147, Train Accuracy: 92.40%
Validation Loss: 0.9104, Validation Accuracy: 62.15%
[Epoch 21, Batch   100] loss: 0.761
[Epoch 21, Batch   200] loss: 0.763
Epoch 21/50:
Train Loss: 0.1134, Train Accuracy: 92.90%
Validation Loss: 0.9024, Validation Accuracy: 63.77%
[Epoch 22, Batch   100] loss: 0.754
[Epoch 22, Batch   200] loss: 0.762
Epoch 22/50:
Train Loss: 0.1138, Train Accuracy: 93.56%
Validation Loss: 0.9258, Validation Accuracy: 59.04%
[Epoch 23, Batch   100] loss: 0.757
[Epoch 23, Batch   200] loss: 0.758
Epoch 23/50:
Train Loss: 0.1136, Train Accuracy: 93.68%
Validation Loss: 0.9089, Validation Accuracy: 62.64%
[Epoch 24, Batch   100] loss: 0.754
[Epoch 24, Batch   200] loss: 0.755
Epoch 24/50:
Train Loss: 0.1130, Train Accuracy: 94.43%
Validation Loss: 0.9135, Validation Accuracy: 62.83%
[Epoch 25, Batch   100] loss: 0.753
[Epoch 25, Batch   200] loss: 0.757
Epoch 25/50:
Train Loss: 0.1125, Train Accuracy: 94.45%
Validation Loss: 0.9074, Validation Accuracy: 63.52%
[Epoch 26, Batch   100] loss: 0.751
[Epoch 26, Batch   200] loss: 0.758
Epoch 26/50:
Train Loss: 0.1134, Train Accuracy: 94.43%
Validation Loss: 0.9089, Validation Accuracy: 63.00%
[Epoch 27, Batch   100] loss: 0.753
[Epoch 27, Batch   200] loss: 0.755
Epoch 27/50:
Train Loss: 0.1134, Train Accuracy: 94.48%
Validation Loss: 0.9114, Validation Accuracy: 62.54%
[Epoch 28, Batch   100] loss: 0.749
[Epoch 28, Batch   200] loss: 0.750
Epoch 28/50:
Train Loss: 0.1119, Train Accuracy: 95.49%
Validation Loss: 0.9085, Validation Accuracy: 64.04%
[Epoch 29, Batch   100] loss: 0.750
[Epoch 29, Batch   200] loss: 0.752
Epoch 29/50:
Train Loss: 0.1122, Train Accuracy: 95.19%
Validation Loss: 0.9074, Validation Accuracy: 64.39%
[Epoch 30, Batch   100] loss: 0.747
[Epoch 30, Batch   200] loss: 0.752
Epoch 30/50:
Train Loss: 0.1120, Train Accuracy: 95.53%
Validation Loss: 0.9255, Validation Accuracy: 61.31%
[Epoch 31, Batch   100] loss: 0.748
[Epoch 31, Batch   200] loss: 0.751
Epoch 31/50:
Train Loss: 0.1116, Train Accuracy: 95.53%
Validation Loss: 0.9177, Validation Accuracy: 62.67%
[Epoch 32, Batch   100] loss: 0.749
[Epoch 32, Batch   200] loss: 0.749
Epoch 32/50:
Train Loss: 0.1116, Train Accuracy: 95.57%
Validation Loss: 0.9108, Validation Accuracy: 63.80%
[Epoch 33, Batch   100] loss: 0.747
[Epoch 33, Batch   200] loss: 0.751
Epoch 33/50:
Train Loss: 0.1118, Train Accuracy: 95.59%
Validation Loss: 0.9092, Validation Accuracy: 64.18%
[Epoch 34, Batch   100] loss: 0.749
[Epoch 34, Batch   200] loss: 0.749
Epoch 34/50:
Train Loss: 0.1119, Train Accuracy: 95.54%
Validation Loss: 0.9193, Validation Accuracy: 62.16%
[Epoch 35, Batch   100] loss: 0.746
[Epoch 35, Batch   200] loss: 0.747
Epoch 35/50:
Train Loss: 0.1119, Train Accuracy: 96.08%
Validation Loss: 0.9226, Validation Accuracy: 61.76%
[Epoch 36, Batch   100] loss: 0.745
[Epoch 36, Batch   200] loss: 0.746
Epoch 36/50:
Train Loss: 0.1115, Train Accuracy: 96.18%
Validation Loss: 0.9205, Validation Accuracy: 62.46%
[Epoch 37, Batch   100] loss: 0.744
[Epoch 37, Batch   200] loss: 0.747
Epoch 37/50:
Train Loss: 0.1119, Train Accuracy: 96.15%
Validation Loss: 0.9199, Validation Accuracy: 62.43%
[Epoch 38, Batch   100] loss: 0.747
[Epoch 38, Batch   200] loss: 0.748
Epoch 38/50:
Train Loss: 0.1120, Train Accuracy: 95.80%
Validation Loss: 0.9132, Validation Accuracy: 62.85%
[Epoch 39, Batch   100] loss: 0.744
[Epoch 39, Batch   200] loss: 0.748
Epoch 39/50:
Train Loss: 0.1123, Train Accuracy: 96.10%
Validation Loss: 0.9168, Validation Accuracy: 62.51%
[Epoch 40, Batch   100] loss: 0.746
[Epoch 40, Batch   200] loss: 0.745
Epoch 40/50:
Train Loss: 0.1117, Train Accuracy: 96.17%
Validation Loss: 0.9165, Validation Accuracy: 63.15%
[Epoch 41, Batch   100] loss: 0.743
[Epoch 41, Batch   200] loss: 0.746
Epoch 41/50:
Train Loss: 0.1125, Train Accuracy: 96.12%
Validation Loss: 0.9195, Validation Accuracy: 62.06%
[Epoch 42, Batch   100] loss: 0.742
[Epoch 42, Batch   200] loss: 0.742
Epoch 42/50:
Train Loss: 0.1113, Train Accuracy: 96.94%
Validation Loss: 0.9190, Validation Accuracy: 62.38%
[Epoch 43, Batch   100] loss: 0.743
[Epoch 43, Batch   200] loss: 0.747
Epoch 43/50:
Train Loss: 0.1113, Train Accuracy: 96.40%
Validation Loss: 0.9209, Validation Accuracy: 62.57%
[Epoch 44, Batch   100] loss: 0.744
[Epoch 44, Batch   200] loss: 0.746
Epoch 44/50:
Train Loss: 0.1114, Train Accuracy: 96.37%
Validation Loss: 0.9250, Validation Accuracy: 61.83%
[Epoch 45, Batch   100] loss: 0.742
[Epoch 45, Batch   200] loss: 0.746
Epoch 45/50:
Train Loss: 0.1109, Train Accuracy: 96.69%
Validation Loss: 0.9194, Validation Accuracy: 63.12%
[Epoch 46, Batch   100] loss: 0.740
[Epoch 46, Batch   200] loss: 0.745
Epoch 46/50:
Train Loss: 0.1111, Train Accuracy: 96.84%
Validation Loss: 0.9153, Validation Accuracy: 63.59%
[Epoch 47, Batch   100] loss: 0.745
[Epoch 47, Batch   200] loss: 0.746
Epoch 47/50:
Train Loss: 0.1108, Train Accuracy: 96.24%
Validation Loss: 0.9141, Validation Accuracy: 63.71%
[Epoch 48, Batch   100] loss: 0.742
[Epoch 48, Batch   200] loss: 0.744
Epoch 48/50:
Train Loss: 0.1111, Train Accuracy: 96.74%
Validation Loss: 0.9187, Validation Accuracy: 62.79%
[Epoch 49, Batch   100] loss: 0.742
[Epoch 49, Batch   200] loss: 0.746
Epoch 49/50:
Train Loss: 0.1115, Train Accuracy: 96.35%
Validation Loss: 0.9084, Validation Accuracy: 64.34%
[Epoch 50, Batch   100] loss: 0.742
[Epoch 50, Batch   200] loss: 0.742
Epoch 50/50:
Train Loss: 0.1118, Train Accuracy: 96.80%
Validation Loss: 0.9129, Validation Accuracy: 64.03%
Model saved to models/resnet18-EvidenceLoss-CIFAR10-EVIDENCE-balanced_by_score-0.7-2
Modified fc layer: updated out_features to 10.
Initialized untrained model.
[Epoch 1, Batch   100] loss: 0.963
Epoch 1/50:
Train Loss: 0.3388, Train Accuracy: 33.86%
Validation Loss: 0.9609, Validation Accuracy: 37.87%
[Epoch 2, Batch   100] loss: 0.935
Epoch 2/50:
Train Loss: 0.3304, Train Accuracy: 46.46%
Validation Loss: 0.9297, Validation Accuracy: 47.39%
[Epoch 3, Batch   100] loss: 0.912
Epoch 3/50:
Train Loss: 0.3238, Train Accuracy: 53.69%
Validation Loss: 0.9279, Validation Accuracy: 48.39%
[Epoch 4, Batch   100] loss: 0.892
Epoch 4/50:
Train Loss: 0.3177, Train Accuracy: 59.91%
Validation Loss: 0.9227, Validation Accuracy: 50.92%
[Epoch 5, Batch   100] loss: 0.881
Epoch 5/50:
Train Loss: 0.3115, Train Accuracy: 63.63%
Validation Loss: 0.9209, Validation Accuracy: 51.86%
[Epoch 6, Batch   100] loss: 0.865
Epoch 6/50:
Train Loss: 0.3090, Train Accuracy: 67.35%
Validation Loss: 0.9150, Validation Accuracy: 54.95%
[Epoch 7, Batch   100] loss: 0.853
Epoch 7/50:
Train Loss: 0.3033, Train Accuracy: 70.84%
Validation Loss: 0.9163, Validation Accuracy: 54.75%
[Epoch 8, Batch   100] loss: 0.838
Epoch 8/50:
Train Loss: 0.3004, Train Accuracy: 73.56%
Validation Loss: 0.9164, Validation Accuracy: 53.97%
[Epoch 9, Batch   100] loss: 0.826
Epoch 9/50:
Train Loss: 0.2964, Train Accuracy: 77.01%
Validation Loss: 0.9615, Validation Accuracy: 48.16%
[Epoch 10, Batch   100] loss: 0.818
Epoch 10/50:
Train Loss: 0.2920, Train Accuracy: 79.24%
Validation Loss: 0.9186, Validation Accuracy: 57.36%
[Epoch 11, Batch   100] loss: 0.807
Epoch 11/50:
Train Loss: 0.2903, Train Accuracy: 81.36%
Validation Loss: 0.9572, Validation Accuracy: 49.15%
[Epoch 12, Batch   100] loss: 0.800
Epoch 12/50:
Train Loss: 0.2858, Train Accuracy: 83.49%
Validation Loss: 0.9188, Validation Accuracy: 57.08%
[Epoch 13, Batch   100] loss: 0.793
Epoch 13/50:
Train Loss: 0.2843, Train Accuracy: 85.28%
Validation Loss: 0.9148, Validation Accuracy: 57.67%
[Epoch 14, Batch   100] loss: 0.785
Epoch 14/50:
Train Loss: 0.2808, Train Accuracy: 87.04%
Validation Loss: 0.9116, Validation Accuracy: 59.26%
[Epoch 15, Batch   100] loss: 0.780
Epoch 15/50:
Train Loss: 0.2800, Train Accuracy: 88.16%
Validation Loss: 0.9222, Validation Accuracy: 57.48%
[Epoch 16, Batch   100] loss: 0.774
Epoch 16/50:
Train Loss: 0.2765, Train Accuracy: 89.95%
Validation Loss: 0.9226, Validation Accuracy: 57.86%
[Epoch 17, Batch   100] loss: 0.771
Epoch 17/50:
Train Loss: 0.2756, Train Accuracy: 90.16%
Validation Loss: 0.9171, Validation Accuracy: 59.10%
[Epoch 18, Batch   100] loss: 0.765
Epoch 18/50:
Train Loss: 0.2725, Train Accuracy: 91.60%
Validation Loss: 0.9216, Validation Accuracy: 59.04%
[Epoch 19, Batch   100] loss: 0.768
Epoch 19/50:
Train Loss: 0.2712, Train Accuracy: 92.01%
Validation Loss: 0.9257, Validation Accuracy: 58.74%
[Epoch 20, Batch   100] loss: 0.760
Epoch 20/50:
Train Loss: 0.2705, Train Accuracy: 92.91%
Validation Loss: 0.9216, Validation Accuracy: 59.33%
[Epoch 21, Batch   100] loss: 0.759
Epoch 21/50:
Train Loss: 0.2720, Train Accuracy: 93.02%
Validation Loss: 0.9438, Validation Accuracy: 54.62%
[Epoch 22, Batch   100] loss: 0.758
Epoch 22/50:
Train Loss: 0.2711, Train Accuracy: 93.25%
Validation Loss: 0.9238, Validation Accuracy: 58.97%
[Epoch 23, Batch   100] loss: 0.754
Epoch 23/50:
Train Loss: 0.2676, Train Accuracy: 94.67%
Validation Loss: 0.9274, Validation Accuracy: 58.48%
[Epoch 24, Batch   100] loss: 0.752
Epoch 24/50:
Train Loss: 0.2680, Train Accuracy: 94.91%
Validation Loss: 0.9163, Validation Accuracy: 60.24%
[Epoch 25, Batch   100] loss: 0.752
Epoch 25/50:
Train Loss: 0.2688, Train Accuracy: 94.48%
Validation Loss: 0.9542, Validation Accuracy: 54.71%
[Epoch 26, Batch   100] loss: 0.756
Epoch 26/50:
Train Loss: 0.2688, Train Accuracy: 94.15%
Validation Loss: 0.9315, Validation Accuracy: 57.99%
[Epoch 27, Batch   100] loss: 0.748
Epoch 27/50:
Train Loss: 0.2673, Train Accuracy: 95.41%
Validation Loss: 0.9255, Validation Accuracy: 59.31%
[Epoch 28, Batch   100] loss: 0.749
Epoch 28/50:
Train Loss: 0.2665, Train Accuracy: 95.51%
Validation Loss: 0.9310, Validation Accuracy: 58.71%
[Epoch 29, Batch   100] loss: 0.748
Epoch 29/50:
Train Loss: 0.2660, Train Accuracy: 95.84%
Validation Loss: 0.9407, Validation Accuracy: 58.02%
[Epoch 30, Batch   100] loss: 0.749
Epoch 30/50:
Train Loss: 0.2668, Train Accuracy: 95.63%
Validation Loss: 0.9283, Validation Accuracy: 59.37%
[Epoch 31, Batch   100] loss: 0.748
Epoch 31/50:
Train Loss: 0.2669, Train Accuracy: 95.42%
Validation Loss: 0.9277, Validation Accuracy: 59.44%
[Epoch 32, Batch   100] loss: 0.749
Epoch 32/50:
Train Loss: 0.2670, Train Accuracy: 95.41%
Validation Loss: 0.9438, Validation Accuracy: 56.89%
[Epoch 33, Batch   100] loss: 0.746
Epoch 33/50:
Train Loss: 0.2661, Train Accuracy: 95.91%
Validation Loss: 0.9387, Validation Accuracy: 58.23%
[Epoch 34, Batch   100] loss: 0.743
Epoch 34/50:
Train Loss: 0.2653, Train Accuracy: 96.49%
Validation Loss: 0.9289, Validation Accuracy: 59.26%
[Epoch 35, Batch   100] loss: 0.747
Epoch 35/50:
Train Loss: 0.2643, Train Accuracy: 96.42%
Validation Loss: 0.9308, Validation Accuracy: 59.70%
[Epoch 36, Batch   100] loss: 0.744
Epoch 36/50:
Train Loss: 0.2658, Train Accuracy: 96.37%
Validation Loss: 0.9335, Validation Accuracy: 59.54%
[Epoch 37, Batch   100] loss: 0.748
Epoch 37/50:
Train Loss: 0.2648, Train Accuracy: 96.01%
Validation Loss: 0.9262, Validation Accuracy: 60.53%
[Epoch 38, Batch   100] loss: 0.742
Epoch 38/50:
Train Loss: 0.2642, Train Accuracy: 96.91%
Validation Loss: 0.9288, Validation Accuracy: 59.74%
[Epoch 39, Batch   100] loss: 0.740
Epoch 39/50:
Train Loss: 0.2626, Train Accuracy: 97.45%
Validation Loss: 0.9311, Validation Accuracy: 60.17%
[Epoch 40, Batch   100] loss: 0.743
Epoch 40/50:
Train Loss: 0.2654, Train Accuracy: 96.37%
Validation Loss: 0.9421, Validation Accuracy: 57.87%
[Epoch 41, Batch   100] loss: 0.745
Epoch 41/50:
Train Loss: 0.2656, Train Accuracy: 96.23%
Validation Loss: 0.9315, Validation Accuracy: 59.62%
[Epoch 42, Batch   100] loss: 0.743
Epoch 42/50:
Train Loss: 0.2636, Train Accuracy: 96.77%
Validation Loss: 0.9347, Validation Accuracy: 59.05%
[Epoch 43, Batch   100] loss: 0.738
Epoch 43/50:
Train Loss: 0.2639, Train Accuracy: 97.42%
Validation Loss: 0.9330, Validation Accuracy: 59.84%
[Epoch 44, Batch   100] loss: 0.744
Epoch 44/50:
Train Loss: 0.2640, Train Accuracy: 96.81%
Validation Loss: 0.9319, Validation Accuracy: 59.90%
[Epoch 45, Batch   100] loss: 0.745
Epoch 45/50:
Train Loss: 0.2643, Train Accuracy: 96.52%
Validation Loss: 0.9317, Validation Accuracy: 60.50%
[Epoch 46, Batch   100] loss: 0.740
Epoch 46/50:
Train Loss: 0.2642, Train Accuracy: 97.22%
Validation Loss: 0.9316, Validation Accuracy: 60.39%
[Epoch 47, Batch   100] loss: 0.744
Epoch 47/50:
Train Loss: 0.2633, Train Accuracy: 96.83%
Validation Loss: 0.9588, Validation Accuracy: 55.48%
[Epoch 48, Batch   100] loss: 0.744
Epoch 48/50:
Train Loss: 0.2654, Train Accuracy: 96.44%
Validation Loss: 0.9391, Validation Accuracy: 59.16%
[Epoch 49, Batch   100] loss: 0.743
Epoch 49/50:
Train Loss: 0.2628, Train Accuracy: 97.05%
Validation Loss: 0.9344, Validation Accuracy: 59.50%
[Epoch 50, Batch   100] loss: 0.740
Epoch 50/50:
Train Loss: 0.2640, Train Accuracy: 97.13%
Validation Loss: 0.9356, Validation Accuracy: 59.20%
Model saved to models/resnet18-EvidenceLoss-CIFAR10-EVIDENCE-balanced_by_score-0.8-2
Modified fc layer: updated out_features to 10.
Initialized untrained model.
Epoch 1/50:
Train Loss: 0.9689, Train Accuracy: 30.37%
Validation Loss: 0.9611, Validation Accuracy: 34.83%
Epoch 2/50:
Train Loss: 0.9453, Train Accuracy: 41.84%
Validation Loss: 0.9533, Validation Accuracy: 38.75%
Epoch 3/50:
Train Loss: 0.9254, Train Accuracy: 49.29%
Validation Loss: 0.9445, Validation Accuracy: 41.40%
Epoch 4/50:
Train Loss: 0.9061, Train Accuracy: 55.35%
Validation Loss: 0.9648, Validation Accuracy: 37.08%
Epoch 5/50:
Train Loss: 0.8928, Train Accuracy: 59.57%
Validation Loss: 0.9517, Validation Accuracy: 42.49%
Epoch 6/50:
Train Loss: 0.8760, Train Accuracy: 64.76%
Validation Loss: 0.9572, Validation Accuracy: 41.46%
Epoch 7/50:
Train Loss: 0.8570, Train Accuracy: 69.63%
Validation Loss: 0.9412, Validation Accuracy: 48.47%
Epoch 8/50:
Train Loss: 0.8432, Train Accuracy: 73.04%
Validation Loss: 0.9372, Validation Accuracy: 47.93%
Epoch 9/50:
Train Loss: 0.8247, Train Accuracy: 77.90%
Validation Loss: 0.9610, Validation Accuracy: 45.10%
Epoch 10/50:
Train Loss: 0.8153, Train Accuracy: 80.41%
Validation Loss: 0.9676, Validation Accuracy: 42.35%
Epoch 11/50:
Train Loss: 0.8078, Train Accuracy: 82.18%
Validation Loss: 0.9580, Validation Accuracy: 46.39%
Epoch 12/50:
Train Loss: 0.7937, Train Accuracy: 85.47%
Validation Loss: 0.9560, Validation Accuracy: 48.94%
Epoch 13/50:
Train Loss: 0.7855, Train Accuracy: 87.22%
Validation Loss: 0.9733, Validation Accuracy: 46.92%
Epoch 14/50:
Train Loss: 0.7843, Train Accuracy: 87.98%
Validation Loss: 0.9552, Validation Accuracy: 50.02%
Epoch 15/50:
Train Loss: 0.7796, Train Accuracy: 89.16%
Validation Loss: 0.9796, Validation Accuracy: 46.94%
Epoch 16/50:
Train Loss: 0.7706, Train Accuracy: 90.96%
Validation Loss: 0.9597, Validation Accuracy: 49.86%
Epoch 17/50:
Train Loss: 0.7625, Train Accuracy: 92.43%
Validation Loss: 0.9552, Validation Accuracy: 50.82%
Epoch 18/50:
Train Loss: 0.7619, Train Accuracy: 92.86%
Validation Loss: 0.9610, Validation Accuracy: 50.05%
Epoch 19/50:
Train Loss: 0.7546, Train Accuracy: 94.37%
Validation Loss: 0.9484, Validation Accuracy: 53.32%
Epoch 20/50:
Train Loss: 0.7555, Train Accuracy: 94.14%
Validation Loss: 0.9552, Validation Accuracy: 51.87%
Epoch 21/50:
Train Loss: 0.7558, Train Accuracy: 94.27%
Validation Loss: 0.9596, Validation Accuracy: 51.85%
Epoch 22/50:
Train Loss: 0.7542, Train Accuracy: 94.53%
Validation Loss: 0.9581, Validation Accuracy: 51.45%
Epoch 23/50:
Train Loss: 0.7541, Train Accuracy: 94.71%
Validation Loss: 0.9684, Validation Accuracy: 50.60%
Epoch 24/50:
Train Loss: 0.7500, Train Accuracy: 95.63%
Validation Loss: 0.9544, Validation Accuracy: 52.38%
Epoch 25/50:
Train Loss: 0.7520, Train Accuracy: 95.06%
Validation Loss: 0.9721, Validation Accuracy: 49.24%
Epoch 26/50:
Train Loss: 0.7438, Train Accuracy: 96.73%
Validation Loss: 0.9578, Validation Accuracy: 52.20%
Epoch 27/50:
Train Loss: 0.7449, Train Accuracy: 96.37%
Validation Loss: 0.9646, Validation Accuracy: 50.87%
Epoch 28/50:
Train Loss: 0.7440, Train Accuracy: 96.61%
Validation Loss: 0.9614, Validation Accuracy: 51.91%
Epoch 29/50:
Train Loss: 0.7456, Train Accuracy: 96.39%
Validation Loss: 0.9678, Validation Accuracy: 51.59%
Epoch 30/50:
Train Loss: 0.7521, Train Accuracy: 95.04%
Validation Loss: 0.9693, Validation Accuracy: 50.34%
Epoch 31/50:
Train Loss: 0.7456, Train Accuracy: 96.55%
Validation Loss: 0.9534, Validation Accuracy: 53.20%
Epoch 32/50:
Train Loss: 0.7422, Train Accuracy: 97.00%
Validation Loss: 0.9644, Validation Accuracy: 51.52%
Epoch 33/50:
Train Loss: 0.7442, Train Accuracy: 96.67%
Validation Loss: 0.9684, Validation Accuracy: 50.77%
Epoch 34/50:
Train Loss: 0.7392, Train Accuracy: 97.59%
Validation Loss: 0.9611, Validation Accuracy: 51.67%
Epoch 35/50:
Train Loss: 0.7384, Train Accuracy: 97.61%
Validation Loss: 0.9613, Validation Accuracy: 53.00%
Epoch 36/50:
Train Loss: 0.7405, Train Accuracy: 97.35%
Validation Loss: 0.9647, Validation Accuracy: 50.49%
Epoch 37/50:
Train Loss: 0.7424, Train Accuracy: 97.10%
Validation Loss: 0.9669, Validation Accuracy: 51.80%
Epoch 38/50:
Train Loss: 0.7398, Train Accuracy: 97.33%
Validation Loss: 0.9658, Validation Accuracy: 52.04%
Epoch 39/50:
Train Loss: 0.7429, Train Accuracy: 97.02%
Validation Loss: 0.9744, Validation Accuracy: 49.85%
Epoch 40/50:
Train Loss: 0.7416, Train Accuracy: 97.22%
Validation Loss: 0.9741, Validation Accuracy: 49.81%
Epoch 41/50:
Train Loss: 0.7459, Train Accuracy: 96.41%
Validation Loss: 0.9750, Validation Accuracy: 49.96%
Epoch 42/50:
Train Loss: 0.7439, Train Accuracy: 96.82%
Validation Loss: 0.9663, Validation Accuracy: 51.38%
Epoch 43/50:
Train Loss: 0.7424, Train Accuracy: 97.06%
Validation Loss: 0.9689, Validation Accuracy: 51.37%
Epoch 44/50:
Train Loss: 0.7382, Train Accuracy: 97.92%
Validation Loss: 0.9681, Validation Accuracy: 51.66%
Epoch 45/50:
Train Loss: 0.7410, Train Accuracy: 97.20%
Validation Loss: 0.9638, Validation Accuracy: 51.42%
Epoch 46/50:
Train Loss: 0.7382, Train Accuracy: 97.82%
Validation Loss: 0.9673, Validation Accuracy: 52.18%
Epoch 47/50:
Train Loss: 0.7402, Train Accuracy: 97.37%
Validation Loss: 0.9818, Validation Accuracy: 49.49%
Epoch 48/50:
Train Loss: 0.7416, Train Accuracy: 97.37%
Validation Loss: 0.9640, Validation Accuracy: 52.27%
Epoch 49/50:
Train Loss: 0.7375, Train Accuracy: 97.96%
Validation Loss: 0.9727, Validation Accuracy: 51.07%
Epoch 50/50:
Train Loss: 0.7356, Train Accuracy: 98.43%
Validation Loss: 0.9705, Validation Accuracy: 51.85%
Model saved to models/resnet18-EvidenceLoss-CIFAR10-EVIDENCE-balanced_by_score-0.9-2
Modified fc layer: updated out_features to 10.
Initialized untrained model.
Epoch 1/50:
Train Loss: 0.9741, Train Accuracy: 28.24%
Validation Loss: 0.9884, Validation Accuracy: 16.05%
Epoch 2/50:
Train Loss: 0.9468, Train Accuracy: 41.00%
Validation Loss: 0.9663, Validation Accuracy: 32.39%
Epoch 3/50:
Train Loss: 0.9352, Train Accuracy: 47.04%
Validation Loss: 0.9774, Validation Accuracy: 32.91%
Epoch 4/50:
Train Loss: 0.9209, Train Accuracy: 51.96%
Validation Loss: 0.9630, Validation Accuracy: 38.13%
Epoch 5/50:
Train Loss: 0.8949, Train Accuracy: 60.52%
Validation Loss: 0.9716, Validation Accuracy: 36.66%
Epoch 6/50:
Train Loss: 0.8806, Train Accuracy: 63.28%
Validation Loss: 0.9656, Validation Accuracy: 38.02%
Epoch 7/50:
Train Loss: 0.8639, Train Accuracy: 68.12%
Validation Loss: 0.9759, Validation Accuracy: 41.93%
Epoch 8/50:
Train Loss: 0.8565, Train Accuracy: 70.08%
Validation Loss: 0.9747, Validation Accuracy: 39.86%
Epoch 9/50:
Train Loss: 0.8396, Train Accuracy: 75.72%
Validation Loss: 0.9554, Validation Accuracy: 44.11%
Epoch 10/50:
Train Loss: 0.8385, Train Accuracy: 76.28%
Validation Loss: 0.9621, Validation Accuracy: 41.49%
Epoch 11/50:
Train Loss: 0.8308, Train Accuracy: 78.24%
Validation Loss: 0.9760, Validation Accuracy: 42.36%
Epoch 12/50:
Train Loss: 0.8257, Train Accuracy: 78.24%
Validation Loss: 0.9869, Validation Accuracy: 40.91%
Epoch 13/50:
Train Loss: 0.8027, Train Accuracy: 84.32%
Validation Loss: 0.9590, Validation Accuracy: 45.43%
Epoch 14/50:
Train Loss: 0.7826, Train Accuracy: 88.20%
Validation Loss: 0.9611, Validation Accuracy: 44.94%
Epoch 15/50:
Train Loss: 0.7862, Train Accuracy: 88.80%
Validation Loss: 0.9952, Validation Accuracy: 39.15%
Epoch 16/50:
Train Loss: 0.8293, Train Accuracy: 79.56%
Validation Loss: 0.9898, Validation Accuracy: 41.69%
Epoch 17/50:
Train Loss: 0.8036, Train Accuracy: 84.64%
Validation Loss: 0.9806, Validation Accuracy: 42.54%
Epoch 18/50:
Train Loss: 0.7754, Train Accuracy: 91.12%
Validation Loss: 0.9770, Validation Accuracy: 45.49%
Epoch 19/50:
Train Loss: 0.7730, Train Accuracy: 91.56%
Validation Loss: 0.9808, Validation Accuracy: 44.29%
Epoch 20/50:
Train Loss: 0.7783, Train Accuracy: 90.48%
Validation Loss: 0.9771, Validation Accuracy: 44.98%
Epoch 21/50:
Train Loss: 0.7670, Train Accuracy: 92.52%
Validation Loss: 0.9749, Validation Accuracy: 45.17%
Epoch 22/50:
Train Loss: 0.7616, Train Accuracy: 93.92%
Validation Loss: 0.9695, Validation Accuracy: 45.78%
Epoch 23/50:
Train Loss: 0.7522, Train Accuracy: 95.92%
Validation Loss: 0.9688, Validation Accuracy: 48.05%
Epoch 24/50:
Train Loss: 0.7630, Train Accuracy: 93.76%
Validation Loss: 0.9709, Validation Accuracy: 47.26%
Epoch 25/50:
Train Loss: 0.7578, Train Accuracy: 94.84%
Validation Loss: 0.9852, Validation Accuracy: 43.70%
Epoch 26/50:
Train Loss: 0.8034, Train Accuracy: 84.92%
Validation Loss: 0.9961, Validation Accuracy: 42.94%
Epoch 27/50:
Train Loss: 0.7772, Train Accuracy: 90.20%
Validation Loss: 0.9876, Validation Accuracy: 45.31%
Epoch 28/50:
Train Loss: 0.7531, Train Accuracy: 95.12%
Validation Loss: 0.9736, Validation Accuracy: 46.97%
Epoch 29/50:
Train Loss: 0.7522, Train Accuracy: 95.24%
Validation Loss: 0.9832, Validation Accuracy: 45.02%
Epoch 30/50:
Train Loss: 0.7466, Train Accuracy: 96.64%
Validation Loss: 0.9730, Validation Accuracy: 47.27%
Epoch 31/50:
Train Loss: 0.7425, Train Accuracy: 97.60%
Validation Loss: 0.9851, Validation Accuracy: 46.39%
Epoch 32/50:
Train Loss: 0.7594, Train Accuracy: 94.20%
Validation Loss: 0.9839, Validation Accuracy: 46.27%
Epoch 33/50:
Train Loss: 0.7489, Train Accuracy: 96.64%
Validation Loss: 0.9788, Validation Accuracy: 46.84%
Epoch 34/50:
Train Loss: 0.7596, Train Accuracy: 94.56%
Validation Loss: 0.9942, Validation Accuracy: 44.70%
Epoch 35/50:
Train Loss: 0.7549, Train Accuracy: 94.88%
Validation Loss: 0.9854, Validation Accuracy: 46.24%
Epoch 36/50:
Train Loss: 0.7508, Train Accuracy: 96.92%
Validation Loss: 0.9902, Validation Accuracy: 44.84%
Epoch 37/50:
Train Loss: 0.7455, Train Accuracy: 97.64%
Validation Loss: 0.9840, Validation Accuracy: 45.81%
Epoch 38/50:
Train Loss: 0.7591, Train Accuracy: 94.36%
Validation Loss: 0.9884, Validation Accuracy: 46.46%
Epoch 39/50:
Train Loss: 0.7700, Train Accuracy: 92.00%
Validation Loss: 0.9931, Validation Accuracy: 45.37%
Epoch 40/50:
Train Loss: 0.7558, Train Accuracy: 95.12%
Validation Loss: 0.9811, Validation Accuracy: 46.40%
Epoch 41/50:
Train Loss: 0.7619, Train Accuracy: 94.04%
Validation Loss: 0.9899, Validation Accuracy: 45.77%
Epoch 42/50:
Train Loss: 0.7668, Train Accuracy: 91.96%
Validation Loss: 0.9960, Validation Accuracy: 43.80%
Epoch 43/50:
Train Loss: 0.7503, Train Accuracy: 96.80%
Validation Loss: 0.9846, Validation Accuracy: 45.43%
Epoch 44/50:
Train Loss: 0.7531, Train Accuracy: 95.80%
Validation Loss: 0.9802, Validation Accuracy: 47.03%
Epoch 45/50:
Train Loss: 0.7408, Train Accuracy: 98.12%
Validation Loss: 0.9780, Validation Accuracy: 47.14%
Epoch 46/50:
Train Loss: 0.7411, Train Accuracy: 98.08%
Validation Loss: 0.9852, Validation Accuracy: 46.28%
Epoch 47/50:
Train Loss: 0.7549, Train Accuracy: 95.88%
Validation Loss: 0.9822, Validation Accuracy: 47.26%
Epoch 48/50:
Train Loss: 0.7549, Train Accuracy: 95.60%
Validation Loss: 0.9805, Validation Accuracy: 47.37%
Epoch 49/50:
Train Loss: 0.7465, Train Accuracy: 97.24%
Validation Loss: 0.9868, Validation Accuracy: 46.52%
Epoch 50/50:
Train Loss: 0.7482, Train Accuracy: 95.88%
Validation Loss: 0.9873, Validation Accuracy: 45.89%
Model saved to models/resnet18-EvidenceLoss-CIFAR10-EVIDENCE-balanced_by_score-0.95-2
Modified fc layer: updated out_features to 10.
Loaded weights from file: models/resnet18_CIFAR10_E1_2
Files already downloaded and verified
Files already downloaded and verified
Modified fc layer: updated out_features to 10.
Initialized untrained model.
[Epoch 1, Batch   100] loss: 0.967
[Epoch 1, Batch   200] loss: 0.946
[Epoch 1, Batch   300] loss: 0.935
[Epoch 1, Batch   400] loss: 0.927
[Epoch 1, Batch   500] loss: 0.921
Epoch 1/50:
Train Loss: 0.0788, Train Accuracy: 44.10%
Validation Loss: 0.9176, Validation Accuracy: 52.10%
[Epoch 2, Batch   100] loss: 0.907
[Epoch 2, Batch   200] loss: 0.906
[Epoch 2, Batch   300] loss: 0.898
[Epoch 2, Batch   400] loss: 0.898
[Epoch 2, Batch   500] loss: 0.894
Epoch 2/50:
Train Loss: 0.0764, Train Accuracy: 57.80%
Validation Loss: 0.8996, Validation Accuracy: 58.47%
[Epoch 3, Batch   100] loss: 0.882
[Epoch 3, Batch   200] loss: 0.882
[Epoch 3, Batch   300] loss: 0.878
[Epoch 3, Batch   400] loss: 0.877
[Epoch 3, Batch   500] loss: 0.881
Epoch 3/50:
Train Loss: 0.0750, Train Accuracy: 63.89%
Validation Loss: 0.9220, Validation Accuracy: 52.22%
[Epoch 4, Batch   100] loss: 0.863
[Epoch 4, Batch   200] loss: 0.867
[Epoch 4, Batch   300] loss: 0.864
[Epoch 4, Batch   400] loss: 0.865
[Epoch 4, Batch   500] loss: 0.865
Epoch 4/50:
Train Loss: 0.0739, Train Accuracy: 68.03%
Validation Loss: 0.8801, Validation Accuracy: 63.47%
[Epoch 5, Batch   100] loss: 0.854
[Epoch 5, Batch   200] loss: 0.854
[Epoch 5, Batch   300] loss: 0.855
[Epoch 5, Batch   400] loss: 0.851
[Epoch 5, Batch   500] loss: 0.853
Epoch 5/50:
Train Loss: 0.0734, Train Accuracy: 71.07%
Validation Loss: 0.9211, Validation Accuracy: 55.96%
[Epoch 6, Batch   100] loss: 0.839
[Epoch 6, Batch   200] loss: 0.842
[Epoch 6, Batch   300] loss: 0.848
[Epoch 6, Batch   400] loss: 0.840
[Epoch 6, Batch   500] loss: 0.843
Epoch 6/50:
Train Loss: 0.0727, Train Accuracy: 73.91%
Validation Loss: 0.8886, Validation Accuracy: 62.70%
[Epoch 7, Batch   100] loss: 0.830
[Epoch 7, Batch   200] loss: 0.832
[Epoch 7, Batch   300] loss: 0.834
[Epoch 7, Batch   400] loss: 0.838
[Epoch 7, Batch   500] loss: 0.833
Epoch 7/50:
Train Loss: 0.0720, Train Accuracy: 76.22%
Validation Loss: 0.8618, Validation Accuracy: 69.09%
[Epoch 8, Batch   100] loss: 0.817
[Epoch 8, Batch   200] loss: 0.822
[Epoch 8, Batch   300] loss: 0.827
[Epoch 8, Batch   400] loss: 0.825
[Epoch 8, Batch   500] loss: 0.827
Epoch 8/50:
Train Loss: 0.0710, Train Accuracy: 78.66%
Validation Loss: 0.8687, Validation Accuracy: 66.98%
[Epoch 9, Batch   100] loss: 0.810
[Epoch 9, Batch   200] loss: 0.818
[Epoch 9, Batch   300] loss: 0.813
[Epoch 9, Batch   400] loss: 0.819
[Epoch 9, Batch   500] loss: 0.818
Epoch 9/50:
Train Loss: 0.0702, Train Accuracy: 80.56%
Validation Loss: 0.8625, Validation Accuracy: 69.13%
[Epoch 10, Batch   100] loss: 0.801
[Epoch 10, Batch   200] loss: 0.807
[Epoch 10, Batch   300] loss: 0.811
[Epoch 10, Batch   400] loss: 0.809
[Epoch 10, Batch   500] loss: 0.810
Epoch 10/50:
Train Loss: 0.0699, Train Accuracy: 82.31%
Validation Loss: 0.8567, Validation Accuracy: 71.05%
[Epoch 11, Batch   100] loss: 0.792
[Epoch 11, Batch   200] loss: 0.801
[Epoch 11, Batch   300] loss: 0.803
[Epoch 11, Batch   400] loss: 0.802
[Epoch 11, Batch   500] loss: 0.805
Epoch 11/50:
Train Loss: 0.0689, Train Accuracy: 84.12%
Validation Loss: 0.8596, Validation Accuracy: 70.80%
[Epoch 12, Batch   100] loss: 0.790
[Epoch 12, Batch   200] loss: 0.793
[Epoch 12, Batch   300] loss: 0.795
[Epoch 12, Batch   400] loss: 0.798
[Epoch 12, Batch   500] loss: 0.803
Epoch 12/50:
Train Loss: 0.0690, Train Accuracy: 85.26%
Validation Loss: 0.8570, Validation Accuracy: 71.30%
[Epoch 13, Batch   100] loss: 0.784
[Epoch 13, Batch   200] loss: 0.785
[Epoch 13, Batch   300] loss: 0.790
[Epoch 13, Batch   400] loss: 0.791
[Epoch 13, Batch   500] loss: 0.794
Epoch 13/50:
Train Loss: 0.0683, Train Accuracy: 86.70%
Validation Loss: 0.8594, Validation Accuracy: 71.05%
[Epoch 14, Batch   100] loss: 0.780
[Epoch 14, Batch   200] loss: 0.778
[Epoch 14, Batch   300] loss: 0.787
[Epoch 14, Batch   400] loss: 0.786
[Epoch 14, Batch   500] loss: 0.786
Epoch 14/50:
Train Loss: 0.0679, Train Accuracy: 88.00%
Validation Loss: 0.8727, Validation Accuracy: 68.23%
[Epoch 15, Batch   100] loss: 0.777
[Epoch 15, Batch   200] loss: 0.780
[Epoch 15, Batch   300] loss: 0.777
[Epoch 15, Batch   400] loss: 0.779
[Epoch 15, Batch   500] loss: 0.784
Epoch 15/50:
Train Loss: 0.0670, Train Accuracy: 88.76%
Validation Loss: 0.8696, Validation Accuracy: 69.90%
[Epoch 16, Batch   100] loss: 0.773
[Epoch 16, Batch   200] loss: 0.773
[Epoch 16, Batch   300] loss: 0.780
[Epoch 16, Batch   400] loss: 0.778
[Epoch 16, Batch   500] loss: 0.778
Epoch 16/50:
Train Loss: 0.0673, Train Accuracy: 89.52%
Validation Loss: 0.8588, Validation Accuracy: 71.74%
[Epoch 17, Batch   100] loss: 0.766
[Epoch 17, Batch   200] loss: 0.770
[Epoch 17, Batch   300] loss: 0.774
[Epoch 17, Batch   400] loss: 0.776
[Epoch 17, Batch   500] loss: 0.776
Epoch 17/50:
Train Loss: 0.0674, Train Accuracy: 90.33%
Validation Loss: 0.8674, Validation Accuracy: 70.44%
[Epoch 18, Batch   100] loss: 0.765
[Epoch 18, Batch   200] loss: 0.765
[Epoch 18, Batch   300] loss: 0.769
[Epoch 18, Batch   400] loss: 0.772
[Epoch 18, Batch   500] loss: 0.775
Epoch 18/50:
Train Loss: 0.0664, Train Accuracy: 91.18%
Validation Loss: 0.8619, Validation Accuracy: 71.89%
[Epoch 19, Batch   100] loss: 0.762
[Epoch 19, Batch   200] loss: 0.764
[Epoch 19, Batch   300] loss: 0.766
[Epoch 19, Batch   400] loss: 0.768
[Epoch 19, Batch   500] loss: 0.776
Epoch 19/50:
Train Loss: 0.0665, Train Accuracy: 91.49%
Validation Loss: 0.8773, Validation Accuracy: 69.26%
[Epoch 20, Batch   100] loss: 0.760
[Epoch 20, Batch   200] loss: 0.765
[Epoch 20, Batch   300] loss: 0.764
[Epoch 20, Batch   400] loss: 0.770
[Epoch 20, Batch   500] loss: 0.770
Epoch 20/50:
Train Loss: 0.0659, Train Accuracy: 92.11%
Validation Loss: 0.8908, Validation Accuracy: 67.08%
[Epoch 21, Batch   100] loss: 0.761
[Epoch 21, Batch   200] loss: 0.762
[Epoch 21, Batch   300] loss: 0.762
[Epoch 21, Batch   400] loss: 0.763
[Epoch 21, Batch   500] loss: 0.769
Epoch 21/50:
Train Loss: 0.0661, Train Accuracy: 92.63%
Validation Loss: 0.8647, Validation Accuracy: 71.70%
[Epoch 22, Batch   100] loss: 0.757
[Epoch 22, Batch   200] loss: 0.762
[Epoch 22, Batch   300] loss: 0.761
[Epoch 22, Batch   400] loss: 0.768
[Epoch 22, Batch   500] loss: 0.771
Epoch 22/50:
Train Loss: 0.0659, Train Accuracy: 92.41%
Validation Loss: 0.8618, Validation Accuracy: 72.96%
[Epoch 23, Batch   100] loss: 0.755
[Epoch 23, Batch   200] loss: 0.757
[Epoch 23, Batch   300] loss: 0.759
[Epoch 23, Batch   400] loss: 0.767
[Epoch 23, Batch   500] loss: 0.765
Epoch 23/50:
Train Loss: 0.0657, Train Accuracy: 93.00%
Validation Loss: 0.8647, Validation Accuracy: 72.02%
[Epoch 24, Batch   100] loss: 0.756
[Epoch 24, Batch   200] loss: 0.755
[Epoch 24, Batch   300] loss: 0.757
[Epoch 24, Batch   400] loss: 0.762
[Epoch 24, Batch   500] loss: 0.764
Epoch 24/50:
Train Loss: 0.0655, Train Accuracy: 93.55%
Validation Loss: 0.8703, Validation Accuracy: 70.98%
[Epoch 25, Batch   100] loss: 0.754
[Epoch 25, Batch   200] loss: 0.757
[Epoch 25, Batch   300] loss: 0.762
[Epoch 25, Batch   400] loss: 0.761
[Epoch 25, Batch   500] loss: 0.762
Epoch 25/50:
Train Loss: 0.0654, Train Accuracy: 93.51%
Validation Loss: 0.8697, Validation Accuracy: 71.28%
[Epoch 26, Batch   100] loss: 0.749
[Epoch 26, Batch   200] loss: 0.753
[Epoch 26, Batch   300] loss: 0.756
[Epoch 26, Batch   400] loss: 0.759
[Epoch 26, Batch   500] loss: 0.761
Epoch 26/50:
Train Loss: 0.0652, Train Accuracy: 94.16%
Validation Loss: 0.8680, Validation Accuracy: 72.21%
[Epoch 27, Batch   100] loss: 0.752
[Epoch 27, Batch   200] loss: 0.752
[Epoch 27, Batch   300] loss: 0.755
[Epoch 27, Batch   400] loss: 0.756
[Epoch 27, Batch   500] loss: 0.760
Epoch 27/50:
Train Loss: 0.0653, Train Accuracy: 94.28%
Validation Loss: 0.8659, Validation Accuracy: 71.93%
[Epoch 28, Batch   100] loss: 0.752
[Epoch 28, Batch   200] loss: 0.756
[Epoch 28, Batch   300] loss: 0.755
[Epoch 28, Batch   400] loss: 0.758
[Epoch 28, Batch   500] loss: 0.759
Epoch 28/50:
Train Loss: 0.0654, Train Accuracy: 94.03%
Validation Loss: 0.8659, Validation Accuracy: 71.64%
[Epoch 29, Batch   100] loss: 0.750
[Epoch 29, Batch   200] loss: 0.751
[Epoch 29, Batch   300] loss: 0.750
[Epoch 29, Batch   400] loss: 0.754
[Epoch 29, Batch   500] loss: 0.758
Epoch 29/50:
Train Loss: 0.0651, Train Accuracy: 94.79%
Validation Loss: 0.8646, Validation Accuracy: 72.47%
[Epoch 30, Batch   100] loss: 0.751
[Epoch 30, Batch   200] loss: 0.754
[Epoch 30, Batch   300] loss: 0.755
[Epoch 30, Batch   400] loss: 0.754
[Epoch 30, Batch   500] loss: 0.756
Epoch 30/50:
Train Loss: 0.0653, Train Accuracy: 94.46%
Validation Loss: 0.8712, Validation Accuracy: 70.89%
[Epoch 31, Batch   100] loss: 0.751
[Epoch 31, Batch   200] loss: 0.751
[Epoch 31, Batch   300] loss: 0.753
[Epoch 31, Batch   400] loss: 0.758
[Epoch 31, Batch   500] loss: 0.757
Epoch 31/50:
Train Loss: 0.0652, Train Accuracy: 94.49%
Validation Loss: 0.8727, Validation Accuracy: 71.19%
[Epoch 32, Batch   100] loss: 0.750
[Epoch 32, Batch   200] loss: 0.746
[Epoch 32, Batch   300] loss: 0.751
[Epoch 32, Batch   400] loss: 0.752
[Epoch 32, Batch   500] loss: 0.754
Epoch 32/50:
Train Loss: 0.0652, Train Accuracy: 95.05%
Validation Loss: 0.8786, Validation Accuracy: 69.53%
[Epoch 33, Batch   100] loss: 0.747
[Epoch 33, Batch   200] loss: 0.752
[Epoch 33, Batch   300] loss: 0.751
[Epoch 33, Batch   400] loss: 0.753
[Epoch 33, Batch   500] loss: 0.755
Epoch 33/50:
Train Loss: 0.0652, Train Accuracy: 94.91%
Validation Loss: 0.8690, Validation Accuracy: 71.38%
[Epoch 34, Batch   100] loss: 0.751
[Epoch 34, Batch   200] loss: 0.749
[Epoch 34, Batch   300] loss: 0.749
[Epoch 34, Batch   400] loss: 0.751
[Epoch 34, Batch   500] loss: 0.758
Epoch 34/50:
Train Loss: 0.0649, Train Accuracy: 94.99%
Validation Loss: 0.8744, Validation Accuracy: 71.35%
[Epoch 35, Batch   100] loss: 0.749
[Epoch 35, Batch   200] loss: 0.751
[Epoch 35, Batch   300] loss: 0.750
[Epoch 35, Batch   400] loss: 0.754
[Epoch 35, Batch   500] loss: 0.754
Epoch 35/50:
Train Loss: 0.0649, Train Accuracy: 95.12%
Validation Loss: 0.8715, Validation Accuracy: 71.53%
[Epoch 36, Batch   100] loss: 0.748
[Epoch 36, Batch   200] loss: 0.749
[Epoch 36, Batch   300] loss: 0.752
[Epoch 36, Batch   400] loss: 0.754
[Epoch 36, Batch   500] loss: 0.754
Epoch 36/50:
Train Loss: 0.0649, Train Accuracy: 94.99%
Validation Loss: 0.8683, Validation Accuracy: 72.28%
[Epoch 37, Batch   100] loss: 0.748
[Epoch 37, Batch   200] loss: 0.748
[Epoch 37, Batch   300] loss: 0.750
[Epoch 37, Batch   400] loss: 0.755
[Epoch 37, Batch   500] loss: 0.757
Epoch 37/50:
Train Loss: 0.0646, Train Accuracy: 95.07%
Validation Loss: 0.8713, Validation Accuracy: 72.17%
[Epoch 38, Batch   100] loss: 0.748
[Epoch 38, Batch   200] loss: 0.749
[Epoch 38, Batch   300] loss: 0.750
[Epoch 38, Batch   400] loss: 0.751
[Epoch 38, Batch   500] loss: 0.754
Epoch 38/50:
Train Loss: 0.0647, Train Accuracy: 95.23%
Validation Loss: 0.8746, Validation Accuracy: 71.17%
[Epoch 39, Batch   100] loss: 0.746
[Epoch 39, Batch   200] loss: 0.748
[Epoch 39, Batch   300] loss: 0.750
[Epoch 39, Batch   400] loss: 0.754
[Epoch 39, Batch   500] loss: 0.751
Epoch 39/50:
Train Loss: 0.0643, Train Accuracy: 95.44%
Validation Loss: 0.8672, Validation Accuracy: 72.68%
[Epoch 40, Batch   100] loss: 0.745
[Epoch 40, Batch   200] loss: 0.747
[Epoch 40, Batch   300] loss: 0.748
[Epoch 40, Batch   400] loss: 0.750
[Epoch 40, Batch   500] loss: 0.754
Epoch 40/50:
Train Loss: 0.0649, Train Accuracy: 95.52%
Validation Loss: 0.8749, Validation Accuracy: 71.35%
[Epoch 41, Batch   100] loss: 0.747
[Epoch 41, Batch   200] loss: 0.747
[Epoch 41, Batch   300] loss: 0.750
[Epoch 41, Batch   400] loss: 0.752
[Epoch 41, Batch   500] loss: 0.752
Epoch 41/50:
Train Loss: 0.0648, Train Accuracy: 95.40%
Validation Loss: 0.8664, Validation Accuracy: 72.51%
[Epoch 42, Batch   100] loss: 0.745
[Epoch 42, Batch   200] loss: 0.744
[Epoch 42, Batch   300] loss: 0.750
[Epoch 42, Batch   400] loss: 0.755
[Epoch 42, Batch   500] loss: 0.752
Epoch 42/50:
Train Loss: 0.0647, Train Accuracy: 95.57%
Validation Loss: 0.8731, Validation Accuracy: 71.31%
[Epoch 43, Batch   100] loss: 0.747
[Epoch 43, Batch   200] loss: 0.748
[Epoch 43, Batch   300] loss: 0.750
[Epoch 43, Batch   400] loss: 0.749
[Epoch 43, Batch   500] loss: 0.752
Epoch 43/50:
Train Loss: 0.0650, Train Accuracy: 95.46%
Validation Loss: 0.8685, Validation Accuracy: 72.68%
[Epoch 44, Batch   100] loss: 0.745
[Epoch 44, Batch   200] loss: 0.745
[Epoch 44, Batch   300] loss: 0.747
[Epoch 44, Batch   400] loss: 0.749
[Epoch 44, Batch   500] loss: 0.750
Epoch 44/50:
Train Loss: 0.0646, Train Accuracy: 96.00%
Validation Loss: 0.8766, Validation Accuracy: 71.12%
[Epoch 45, Batch   100] loss: 0.745
[Epoch 45, Batch   200] loss: 0.749
[Epoch 45, Batch   300] loss: 0.747
[Epoch 45, Batch   400] loss: 0.750
[Epoch 45, Batch   500] loss: 0.751
Epoch 45/50:
Train Loss: 0.0643, Train Accuracy: 95.77%
Validation Loss: 0.8740, Validation Accuracy: 72.23%
[Epoch 46, Batch   100] loss: 0.746
[Epoch 46, Batch   200] loss: 0.747
[Epoch 46, Batch   300] loss: 0.749
[Epoch 46, Batch   400] loss: 0.751
[Epoch 46, Batch   500] loss: 0.749
Epoch 46/50:
Train Loss: 0.0646, Train Accuracy: 95.73%
Validation Loss: 0.8729, Validation Accuracy: 72.01%
[Epoch 47, Batch   100] loss: 0.747
[Epoch 47, Batch   200] loss: 0.746
[Epoch 47, Batch   300] loss: 0.746
[Epoch 47, Batch   400] loss: 0.749
[Epoch 47, Batch   500] loss: 0.752
Epoch 47/50:
Train Loss: 0.0642, Train Accuracy: 95.82%
Validation Loss: 0.8672, Validation Accuracy: 73.31%
[Epoch 48, Batch   100] loss: 0.742
[Epoch 48, Batch   200] loss: 0.746
[Epoch 48, Batch   300] loss: 0.748
[Epoch 48, Batch   400] loss: 0.747
[Epoch 48, Batch   500] loss: 0.749
Epoch 48/50:
Train Loss: 0.0644, Train Accuracy: 96.02%
Validation Loss: 0.8679, Validation Accuracy: 73.66%
[Epoch 49, Batch   100] loss: 0.746
[Epoch 49, Batch   200] loss: 0.746
[Epoch 49, Batch   300] loss: 0.748
[Epoch 49, Batch   400] loss: 0.750
[Epoch 49, Batch   500] loss: 0.750
Epoch 49/50:
Train Loss: 0.0647, Train Accuracy: 95.81%
Validation Loss: 0.8675, Validation Accuracy: 72.60%
[Epoch 50, Batch   100] loss: 0.746
[Epoch 50, Batch   200] loss: 0.749
[Epoch 50, Batch   300] loss: 0.747
[Epoch 50, Batch   400] loss: 0.749
[Epoch 50, Batch   500] loss: 0.748
Epoch 50/50:
Train Loss: 0.0644, Train Accuracy: 95.85%
Validation Loss: 0.8702, Validation Accuracy: 72.56%
Model saved to models/resnet18-EvidenceLoss-CIFAR10-BELIEF-balanced_by_score-0.3-2
Modified fc layer: updated out_features to 10.
Initialized untrained model.
[Epoch 1, Batch   100] loss: 0.962
[Epoch 1, Batch   200] loss: 0.947
[Epoch 1, Batch   300] loss: 0.936
Epoch 1/50:
Train Loss: 0.2168, Train Accuracy: 41.77%
Validation Loss: 0.9324, Validation Accuracy: 48.82%
[Epoch 2, Batch   100] loss: 0.916
[Epoch 2, Batch   200] loss: 0.914
[Epoch 2, Batch   300] loss: 0.907
Epoch 2/50:
Train Loss: 0.2099, Train Accuracy: 55.22%
Validation Loss: 0.9167, Validation Accuracy: 53.59%
[Epoch 3, Batch   100] loss: 0.889
[Epoch 3, Batch   200] loss: 0.892
[Epoch 3, Batch   300] loss: 0.889
Epoch 3/50:
Train Loss: 0.2062, Train Accuracy: 61.45%
Validation Loss: 0.9068, Validation Accuracy: 55.71%
[Epoch 4, Batch   100] loss: 0.877
[Epoch 4, Batch   200] loss: 0.873
[Epoch 4, Batch   300] loss: 0.875
Epoch 4/50:
Train Loss: 0.2030, Train Accuracy: 65.81%
Validation Loss: 0.9222, Validation Accuracy: 52.52%
[Epoch 5, Batch   100] loss: 0.860
[Epoch 5, Batch   200] loss: 0.860
[Epoch 5, Batch   300] loss: 0.858
Epoch 5/50:
Train Loss: 0.2000, Train Accuracy: 69.66%
Validation Loss: 0.8923, Validation Accuracy: 60.86%
[Epoch 6, Batch   100] loss: 0.844
[Epoch 6, Batch   200] loss: 0.847
[Epoch 6, Batch   300] loss: 0.849
Epoch 6/50:
Train Loss: 0.1983, Train Accuracy: 72.63%
Validation Loss: 0.8896, Validation Accuracy: 61.78%
[Epoch 7, Batch   100] loss: 0.832
[Epoch 7, Batch   200] loss: 0.837
[Epoch 7, Batch   300] loss: 0.842
Epoch 7/50:
Train Loss: 0.1954, Train Accuracy: 75.17%
Validation Loss: 0.8848, Validation Accuracy: 63.57%
[Epoch 8, Batch   100] loss: 0.825
[Epoch 8, Batch   200] loss: 0.826
[Epoch 8, Batch   300] loss: 0.829
Epoch 8/50:
Train Loss: 0.1938, Train Accuracy: 77.66%
Validation Loss: 0.8720, Validation Accuracy: 67.11%
[Epoch 9, Batch   100] loss: 0.814
[Epoch 9, Batch   200] loss: 0.819
[Epoch 9, Batch   300] loss: 0.820
Epoch 9/50:
Train Loss: 0.1905, Train Accuracy: 80.03%
Validation Loss: 0.8894, Validation Accuracy: 62.66%
[Epoch 10, Batch   100] loss: 0.808
[Epoch 10, Batch   200] loss: 0.810
[Epoch 10, Batch   300] loss: 0.812
Epoch 10/50:
Train Loss: 0.1886, Train Accuracy: 81.97%
Validation Loss: 0.9205, Validation Accuracy: 58.13%
[Epoch 11, Batch   100] loss: 0.796
[Epoch 11, Batch   200] loss: 0.805
[Epoch 11, Batch   300] loss: 0.807
Epoch 11/50:
Train Loss: 0.1874, Train Accuracy: 83.36%
Validation Loss: 0.8736, Validation Accuracy: 67.61%
[Epoch 12, Batch   100] loss: 0.788
[Epoch 12, Batch   200] loss: 0.797
[Epoch 12, Batch   300] loss: 0.799
Epoch 12/50:
Train Loss: 0.1865, Train Accuracy: 85.20%
Validation Loss: 0.8740, Validation Accuracy: 66.99%
[Epoch 13, Batch   100] loss: 0.784
[Epoch 13, Batch   200] loss: 0.792
[Epoch 13, Batch   300] loss: 0.791
Epoch 13/50:
Train Loss: 0.1854, Train Accuracy: 86.58%
Validation Loss: 0.8710, Validation Accuracy: 68.19%
[Epoch 14, Batch   100] loss: 0.778
[Epoch 14, Batch   200] loss: 0.785
[Epoch 14, Batch   300] loss: 0.788
Epoch 14/50:
Train Loss: 0.1836, Train Accuracy: 87.73%
Validation Loss: 0.8744, Validation Accuracy: 68.36%
[Epoch 15, Batch   100] loss: 0.777
[Epoch 15, Batch   200] loss: 0.781
[Epoch 15, Batch   300] loss: 0.783
Epoch 15/50:
Train Loss: 0.1833, Train Accuracy: 88.42%
Validation Loss: 0.8852, Validation Accuracy: 66.33%
[Epoch 16, Batch   100] loss: 0.770
[Epoch 16, Batch   200] loss: 0.776
[Epoch 16, Batch   300] loss: 0.779
Epoch 16/50:
Train Loss: 0.1813, Train Accuracy: 89.79%
Validation Loss: 0.8716, Validation Accuracy: 68.93%
[Epoch 17, Batch   100] loss: 0.769
[Epoch 17, Batch   200] loss: 0.772
[Epoch 17, Batch   300] loss: 0.772
Epoch 17/50:
Train Loss: 0.1805, Train Accuracy: 90.72%
Validation Loss: 0.8789, Validation Accuracy: 68.12%
[Epoch 18, Batch   100] loss: 0.763
[Epoch 18, Batch   200] loss: 0.768
[Epoch 18, Batch   300] loss: 0.772
Epoch 18/50:
Train Loss: 0.1803, Train Accuracy: 91.22%
Validation Loss: 0.9043, Validation Accuracy: 63.37%
[Epoch 19, Batch   100] loss: 0.765
[Epoch 19, Batch   200] loss: 0.767
[Epoch 19, Batch   300] loss: 0.769
Epoch 19/50:
Train Loss: 0.1798, Train Accuracy: 91.53%
Validation Loss: 0.8740, Validation Accuracy: 69.49%
[Epoch 20, Batch   100] loss: 0.760
[Epoch 20, Batch   200] loss: 0.761
[Epoch 20, Batch   300] loss: 0.765
Epoch 20/50:
Train Loss: 0.1794, Train Accuracy: 92.38%
Validation Loss: 0.8910, Validation Accuracy: 66.21%
[Epoch 21, Batch   100] loss: 0.758
[Epoch 21, Batch   200] loss: 0.763
[Epoch 21, Batch   300] loss: 0.763
Epoch 21/50:
Train Loss: 0.1786, Train Accuracy: 92.66%
Validation Loss: 0.8762, Validation Accuracy: 68.74%
[Epoch 22, Batch   100] loss: 0.753
[Epoch 22, Batch   200] loss: 0.759
[Epoch 22, Batch   300] loss: 0.762
Epoch 22/50:
Train Loss: 0.1779, Train Accuracy: 93.36%
Validation Loss: 0.8878, Validation Accuracy: 67.36%
[Epoch 23, Batch   100] loss: 0.753
[Epoch 23, Batch   200] loss: 0.758
[Epoch 23, Batch   300] loss: 0.764
Epoch 23/50:
Train Loss: 0.1775, Train Accuracy: 93.48%
Validation Loss: 0.8690, Validation Accuracy: 71.17%
[Epoch 24, Batch   100] loss: 0.755
[Epoch 24, Batch   200] loss: 0.755
[Epoch 24, Batch   300] loss: 0.761
Epoch 24/50:
Train Loss: 0.1768, Train Accuracy: 93.90%
Validation Loss: 0.8863, Validation Accuracy: 68.18%
[Epoch 25, Batch   100] loss: 0.753
[Epoch 25, Batch   200] loss: 0.753
[Epoch 25, Batch   300] loss: 0.754
Epoch 25/50:
Train Loss: 0.1765, Train Accuracy: 94.42%
Validation Loss: 0.8882, Validation Accuracy: 67.60%
[Epoch 26, Batch   100] loss: 0.756
[Epoch 26, Batch   200] loss: 0.757
[Epoch 26, Batch   300] loss: 0.757
Epoch 26/50:
Train Loss: 0.1764, Train Accuracy: 93.99%
Validation Loss: 0.8797, Validation Accuracy: 69.23%
[Epoch 27, Batch   100] loss: 0.749
[Epoch 27, Batch   200] loss: 0.753
[Epoch 27, Batch   300] loss: 0.758
Epoch 27/50:
Train Loss: 0.1782, Train Accuracy: 94.04%
Validation Loss: 0.8842, Validation Accuracy: 68.48%
[Epoch 28, Batch   100] loss: 0.751
[Epoch 28, Batch   200] loss: 0.752
[Epoch 28, Batch   300] loss: 0.756
Epoch 28/50:
Train Loss: 0.1758, Train Accuracy: 94.83%
Validation Loss: 0.8766, Validation Accuracy: 70.18%
[Epoch 29, Batch   100] loss: 0.751
[Epoch 29, Batch   200] loss: 0.753
[Epoch 29, Batch   300] loss: 0.755
Epoch 29/50:
Train Loss: 0.1755, Train Accuracy: 94.82%
Validation Loss: 0.8874, Validation Accuracy: 68.34%
[Epoch 30, Batch   100] loss: 0.752
[Epoch 30, Batch   200] loss: 0.750
[Epoch 30, Batch   300] loss: 0.752
Epoch 30/50:
Train Loss: 0.1758, Train Accuracy: 94.93%
Validation Loss: 0.8835, Validation Accuracy: 68.85%
[Epoch 31, Batch   100] loss: 0.749
[Epoch 31, Batch   200] loss: 0.748
[Epoch 31, Batch   300] loss: 0.752
Epoch 31/50:
Train Loss: 0.1757, Train Accuracy: 95.13%
Validation Loss: 0.9038, Validation Accuracy: 64.79%
[Epoch 32, Batch   100] loss: 0.747
[Epoch 32, Batch   200] loss: 0.753
[Epoch 32, Batch   300] loss: 0.752
Epoch 32/50:
Train Loss: 0.1762, Train Accuracy: 94.93%
Validation Loss: 0.8857, Validation Accuracy: 68.96%
[Epoch 33, Batch   100] loss: 0.748
[Epoch 33, Batch   200] loss: 0.747
[Epoch 33, Batch   300] loss: 0.748
Epoch 33/50:
Train Loss: 0.1758, Train Accuracy: 95.56%
Validation Loss: 0.8800, Validation Accuracy: 69.64%
[Epoch 34, Batch   100] loss: 0.750
[Epoch 34, Batch   200] loss: 0.748
[Epoch 34, Batch   300] loss: 0.754
Epoch 34/50:
Train Loss: 0.1748, Train Accuracy: 95.18%
Validation Loss: 0.8859, Validation Accuracy: 68.52%
[Epoch 35, Batch   100] loss: 0.744
[Epoch 35, Batch   200] loss: 0.750
[Epoch 35, Batch   300] loss: 0.752
Epoch 35/50:
Train Loss: 0.1763, Train Accuracy: 95.21%
Validation Loss: 0.8852, Validation Accuracy: 68.60%
[Epoch 36, Batch   100] loss: 0.746
[Epoch 36, Batch   200] loss: 0.750
[Epoch 36, Batch   300] loss: 0.754
Epoch 36/50:
Train Loss: 0.1742, Train Accuracy: 95.52%
Validation Loss: 0.8823, Validation Accuracy: 69.53%
[Epoch 37, Batch   100] loss: 0.744
[Epoch 37, Batch   200] loss: 0.748
[Epoch 37, Batch   300] loss: 0.753
Epoch 37/50:
Train Loss: 0.1752, Train Accuracy: 95.57%
Validation Loss: 0.8828, Validation Accuracy: 69.32%
[Epoch 38, Batch   100] loss: 0.745
[Epoch 38, Batch   200] loss: 0.746
[Epoch 38, Batch   300] loss: 0.747
Epoch 38/50:
Train Loss: 0.1742, Train Accuracy: 96.06%
Validation Loss: 0.8858, Validation Accuracy: 69.68%
[Epoch 39, Batch   100] loss: 0.742
[Epoch 39, Batch   200] loss: 0.747
[Epoch 39, Batch   300] loss: 0.750
Epoch 39/50:
Train Loss: 0.1751, Train Accuracy: 95.99%
Validation Loss: 0.8798, Validation Accuracy: 70.36%
[Epoch 40, Batch   100] loss: 0.746
[Epoch 40, Batch   200] loss: 0.749
[Epoch 40, Batch   300] loss: 0.751
Epoch 40/50:
Train Loss: 0.1746, Train Accuracy: 95.66%
Validation Loss: 0.9009, Validation Accuracy: 66.48%
[Epoch 41, Batch   100] loss: 0.744
[Epoch 41, Batch   200] loss: 0.745
[Epoch 41, Batch   300] loss: 0.747
Epoch 41/50:
Train Loss: 0.1746, Train Accuracy: 96.21%
Validation Loss: 0.8834, Validation Accuracy: 69.62%
[Epoch 42, Batch   100] loss: 0.743
[Epoch 42, Batch   200] loss: 0.745
[Epoch 42, Batch   300] loss: 0.749
Epoch 42/50:
Train Loss: 0.1759, Train Accuracy: 95.82%
Validation Loss: 0.8903, Validation Accuracy: 68.44%
[Epoch 43, Batch   100] loss: 0.749
[Epoch 43, Batch   200] loss: 0.748
[Epoch 43, Batch   300] loss: 0.748
Epoch 43/50:
Train Loss: 0.1747, Train Accuracy: 95.81%
Validation Loss: 0.8994, Validation Accuracy: 67.46%
[Epoch 44, Batch   100] loss: 0.744
[Epoch 44, Batch   200] loss: 0.746
[Epoch 44, Batch   300] loss: 0.749
Epoch 44/50:
Train Loss: 0.1743, Train Accuracy: 96.00%
Validation Loss: 0.8783, Validation Accuracy: 70.79%
[Epoch 45, Batch   100] loss: 0.744
[Epoch 45, Batch   200] loss: 0.744
[Epoch 45, Batch   300] loss: 0.748
Epoch 45/50:
Train Loss: 0.1743, Train Accuracy: 96.25%
Validation Loss: 0.8871, Validation Accuracy: 68.70%
[Epoch 46, Batch   100] loss: 0.744
[Epoch 46, Batch   200] loss: 0.744
[Epoch 46, Batch   300] loss: 0.747
Epoch 46/50:
Train Loss: 0.1742, Train Accuracy: 96.30%
Validation Loss: 0.8878, Validation Accuracy: 69.24%
[Epoch 47, Batch   100] loss: 0.743
[Epoch 47, Batch   200] loss: 0.743
[Epoch 47, Batch   300] loss: 0.747
Epoch 47/50:
Train Loss: 0.1739, Train Accuracy: 96.32%
Validation Loss: 0.8902, Validation Accuracy: 69.40%
[Epoch 48, Batch   100] loss: 0.742
[Epoch 48, Batch   200] loss: 0.748
[Epoch 48, Batch   300] loss: 0.746
Epoch 48/50:
Train Loss: 0.1747, Train Accuracy: 96.03%
Validation Loss: 0.8876, Validation Accuracy: 69.34%
[Epoch 49, Batch   100] loss: 0.747
[Epoch 49, Batch   200] loss: 0.746
[Epoch 49, Batch   300] loss: 0.748
Epoch 49/50:
Train Loss: 0.1732, Train Accuracy: 96.20%
Validation Loss: 0.8832, Validation Accuracy: 70.43%
[Epoch 50, Batch   100] loss: 0.744
[Epoch 50, Batch   200] loss: 0.743
[Epoch 50, Batch   300] loss: 0.745
Epoch 50/50:
Train Loss: 0.1744, Train Accuracy: 96.40%
Validation Loss: 0.8921, Validation Accuracy: 68.19%
Model saved to models/resnet18-EvidenceLoss-CIFAR10-BELIEF-balanced_by_score-0.5-2
Modified fc layer: updated out_features to 10.
Initialized untrained model.
[Epoch 1, Batch   100] loss: 0.968
[Epoch 1, Batch   200] loss: 0.948
Epoch 1/50:
Train Loss: 0.1396, Train Accuracy: 36.57%
Validation Loss: 0.9640, Validation Accuracy: 35.72%
[Epoch 2, Batch   100] loss: 0.929
[Epoch 2, Batch   200] loss: 0.921
Epoch 2/50:
Train Loss: 0.1377, Train Accuracy: 49.72%
Validation Loss: 0.9739, Validation Accuracy: 36.15%
[Epoch 3, Batch   100] loss: 0.903
[Epoch 3, Batch   200] loss: 0.905
Epoch 3/50:
Train Loss: 0.1341, Train Accuracy: 57.20%
Validation Loss: 0.9181, Validation Accuracy: 51.44%
[Epoch 4, Batch   100] loss: 0.885
[Epoch 4, Batch   200] loss: 0.887
Epoch 4/50:
Train Loss: 0.1316, Train Accuracy: 62.40%
Validation Loss: 0.9082, Validation Accuracy: 55.23%
[Epoch 5, Batch   100] loss: 0.871
[Epoch 5, Batch   200] loss: 0.871
Epoch 5/50:
Train Loss: 0.1300, Train Accuracy: 66.37%
Validation Loss: 0.9001, Validation Accuracy: 58.00%
[Epoch 6, Batch   100] loss: 0.855
[Epoch 6, Batch   200] loss: 0.861
Epoch 6/50:
Train Loss: 0.1293, Train Accuracy: 69.77%
Validation Loss: 0.9179, Validation Accuracy: 53.85%
[Epoch 7, Batch   100] loss: 0.843
[Epoch 7, Batch   200] loss: 0.848
Epoch 7/50:
Train Loss: 0.1276, Train Accuracy: 72.63%
Validation Loss: 0.8965, Validation Accuracy: 59.43%
[Epoch 8, Batch   100] loss: 0.828
[Epoch 8, Batch   200] loss: 0.842
Epoch 8/50:
Train Loss: 0.1254, Train Accuracy: 75.88%
Validation Loss: 0.9094, Validation Accuracy: 57.61%
[Epoch 9, Batch   100] loss: 0.821
[Epoch 9, Batch   200] loss: 0.829
Epoch 9/50:
Train Loss: 0.1240, Train Accuracy: 78.15%
Validation Loss: 0.9123, Validation Accuracy: 55.88%
[Epoch 10, Batch   100] loss: 0.808
[Epoch 10, Batch   200] loss: 0.820
Epoch 10/50:
Train Loss: 0.1229, Train Accuracy: 80.82%
Validation Loss: 0.9119, Validation Accuracy: 58.46%
[Epoch 11, Batch   100] loss: 0.801
[Epoch 11, Batch   200] loss: 0.807
Epoch 11/50:
Train Loss: 0.1201, Train Accuracy: 83.33%
Validation Loss: 0.9021, Validation Accuracy: 61.84%
[Epoch 12, Batch   100] loss: 0.796
[Epoch 12, Batch   200] loss: 0.801
Epoch 12/50:
Train Loss: 0.1198, Train Accuracy: 84.93%
Validation Loss: 0.9183, Validation Accuracy: 59.18%
[Epoch 13, Batch   100] loss: 0.786
[Epoch 13, Batch   200] loss: 0.791
Epoch 13/50:
Train Loss: 0.1188, Train Accuracy: 86.97%
Validation Loss: 0.9199, Validation Accuracy: 58.71%
[Epoch 14, Batch   100] loss: 0.784
[Epoch 14, Batch   200] loss: 0.784
Epoch 14/50:
Train Loss: 0.1171, Train Accuracy: 88.06%
Validation Loss: 0.8905, Validation Accuracy: 64.66%
[Epoch 15, Batch   100] loss: 0.773
[Epoch 15, Batch   200] loss: 0.779
Epoch 15/50:
Train Loss: 0.1163, Train Accuracy: 89.49%
Validation Loss: 0.9029, Validation Accuracy: 62.85%
[Epoch 16, Batch   100] loss: 0.767
[Epoch 16, Batch   200] loss: 0.778
Epoch 16/50:
Train Loss: 0.1172, Train Accuracy: 90.23%
Validation Loss: 0.9148, Validation Accuracy: 59.90%
[Epoch 17, Batch   100] loss: 0.772
[Epoch 17, Batch   200] loss: 0.773
Epoch 17/50:
Train Loss: 0.1162, Train Accuracy: 90.29%
Validation Loss: 0.9010, Validation Accuracy: 63.46%
[Epoch 18, Batch   100] loss: 0.763
[Epoch 18, Batch   200] loss: 0.771
Epoch 18/50:
Train Loss: 0.1150, Train Accuracy: 91.67%
Validation Loss: 0.9029, Validation Accuracy: 62.62%
[Epoch 19, Batch   100] loss: 0.764
[Epoch 19, Batch   200] loss: 0.764
Epoch 19/50:
Train Loss: 0.1144, Train Accuracy: 92.55%
Validation Loss: 0.9030, Validation Accuracy: 64.31%
[Epoch 20, Batch   100] loss: 0.760
[Epoch 20, Batch   200] loss: 0.764
Epoch 20/50:
Train Loss: 0.1145, Train Accuracy: 92.85%
Validation Loss: 0.9028, Validation Accuracy: 63.21%
[Epoch 21, Batch   100] loss: 0.758
[Epoch 21, Batch   200] loss: 0.762
Epoch 21/50:
Train Loss: 0.1141, Train Accuracy: 93.25%
Validation Loss: 0.9214, Validation Accuracy: 59.92%
[Epoch 22, Batch   100] loss: 0.756
[Epoch 22, Batch   200] loss: 0.758
Epoch 22/50:
Train Loss: 0.1136, Train Accuracy: 94.01%
Validation Loss: 0.9193, Validation Accuracy: 61.63%
[Epoch 23, Batch   100] loss: 0.754
[Epoch 23, Batch   200] loss: 0.755
Epoch 23/50:
Train Loss: 0.1137, Train Accuracy: 94.14%
Validation Loss: 0.9069, Validation Accuracy: 62.83%
[Epoch 24, Batch   100] loss: 0.756
[Epoch 24, Batch   200] loss: 0.756
Epoch 24/50:
Train Loss: 0.1134, Train Accuracy: 94.00%
Validation Loss: 0.9051, Validation Accuracy: 63.60%
[Epoch 25, Batch   100] loss: 0.752
[Epoch 25, Batch   200] loss: 0.754
Epoch 25/50:
Train Loss: 0.1129, Train Accuracy: 94.72%
Validation Loss: 0.9094, Validation Accuracy: 63.37%
[Epoch 26, Batch   100] loss: 0.752
[Epoch 26, Batch   200] loss: 0.753
Epoch 26/50:
Train Loss: 0.1126, Train Accuracy: 94.87%
Validation Loss: 0.9129, Validation Accuracy: 62.72%
[Epoch 27, Batch   100] loss: 0.751
[Epoch 27, Batch   200] loss: 0.754
Epoch 27/50:
Train Loss: 0.1125, Train Accuracy: 94.83%
Validation Loss: 0.9108, Validation Accuracy: 63.18%
[Epoch 28, Batch   100] loss: 0.753
[Epoch 28, Batch   200] loss: 0.751
Epoch 28/50:
Train Loss: 0.1112, Train Accuracy: 95.40%
Validation Loss: 0.9123, Validation Accuracy: 63.41%
[Epoch 29, Batch   100] loss: 0.749
[Epoch 29, Batch   200] loss: 0.755
Epoch 29/50:
Train Loss: 0.1120, Train Accuracy: 95.09%
Validation Loss: 0.9140, Validation Accuracy: 62.39%
[Epoch 30, Batch   100] loss: 0.748
[Epoch 30, Batch   200] loss: 0.751
Epoch 30/50:
Train Loss: 0.1121, Train Accuracy: 95.36%
Validation Loss: 0.9361, Validation Accuracy: 58.49%
[Epoch 31, Batch   100] loss: 0.750
[Epoch 31, Batch   200] loss: 0.752
Epoch 31/50:
Train Loss: 0.1123, Train Accuracy: 95.05%
Validation Loss: 0.9034, Validation Accuracy: 64.86%
[Epoch 32, Batch   100] loss: 0.746
[Epoch 32, Batch   200] loss: 0.750
Epoch 32/50:
Train Loss: 0.1116, Train Accuracy: 95.81%
Validation Loss: 0.9037, Validation Accuracy: 64.68%
[Epoch 33, Batch   100] loss: 0.743
[Epoch 33, Batch   200] loss: 0.748
Epoch 33/50:
Train Loss: 0.1115, Train Accuracy: 96.23%
Validation Loss: 0.9138, Validation Accuracy: 63.64%
[Epoch 34, Batch   100] loss: 0.746
[Epoch 34, Batch   200] loss: 0.748
Epoch 34/50:
Train Loss: 0.1123, Train Accuracy: 95.82%
Validation Loss: 0.9071, Validation Accuracy: 64.71%
[Epoch 35, Batch   100] loss: 0.745
[Epoch 35, Batch   200] loss: 0.747
Epoch 35/50:
Train Loss: 0.1119, Train Accuracy: 96.06%
Validation Loss: 0.9108, Validation Accuracy: 64.06%
[Epoch 36, Batch   100] loss: 0.747
[Epoch 36, Batch   200] loss: 0.747
Epoch 36/50:
Train Loss: 0.1119, Train Accuracy: 95.97%
Validation Loss: 0.9164, Validation Accuracy: 62.92%
[Epoch 37, Batch   100] loss: 0.750
[Epoch 37, Batch   200] loss: 0.749
Epoch 37/50:
Train Loss: 0.1116, Train Accuracy: 95.67%
Validation Loss: 0.9184, Validation Accuracy: 63.03%
[Epoch 38, Batch   100] loss: 0.744
[Epoch 38, Batch   200] loss: 0.749
Epoch 38/50:
Train Loss: 0.1119, Train Accuracy: 96.03%
Validation Loss: 0.9079, Validation Accuracy: 64.01%
[Epoch 39, Batch   100] loss: 0.745
[Epoch 39, Batch   200] loss: 0.745
Epoch 39/50:
Train Loss: 0.1117, Train Accuracy: 96.30%
Validation Loss: 0.9061, Validation Accuracy: 64.79%
[Epoch 40, Batch   100] loss: 0.742
[Epoch 40, Batch   200] loss: 0.744
Epoch 40/50:
Train Loss: 0.1111, Train Accuracy: 96.70%
Validation Loss: 0.9284, Validation Accuracy: 60.88%
[Epoch 41, Batch   100] loss: 0.745
[Epoch 41, Batch   200] loss: 0.746
Epoch 41/50:
Train Loss: 0.1117, Train Accuracy: 96.19%
Validation Loss: 0.9424, Validation Accuracy: 58.63%
[Epoch 42, Batch   100] loss: 0.744
[Epoch 42, Batch   200] loss: 0.747
Epoch 42/50:
Train Loss: 0.1118, Train Accuracy: 96.18%
Validation Loss: 0.9202, Validation Accuracy: 61.91%
[Epoch 43, Batch   100] loss: 0.743
[Epoch 43, Batch   200] loss: 0.745
Epoch 43/50:
Train Loss: 0.1113, Train Accuracy: 96.45%
Validation Loss: 0.9344, Validation Accuracy: 60.54%
[Epoch 44, Batch   100] loss: 0.744
[Epoch 44, Batch   200] loss: 0.747
Epoch 44/50:
Train Loss: 0.1114, Train Accuracy: 96.17%
Validation Loss: 0.9143, Validation Accuracy: 63.54%
[Epoch 45, Batch   100] loss: 0.742
[Epoch 45, Batch   200] loss: 0.743
Epoch 45/50:
Train Loss: 0.1114, Train Accuracy: 96.65%
Validation Loss: 0.9110, Validation Accuracy: 64.05%
[Epoch 46, Batch   100] loss: 0.741
[Epoch 46, Batch   200] loss: 0.741
Epoch 46/50:
Train Loss: 0.1106, Train Accuracy: 97.18%
Validation Loss: 0.9164, Validation Accuracy: 63.96%
[Epoch 47, Batch   100] loss: 0.744
[Epoch 47, Batch   200] loss: 0.746
Epoch 47/50:
Train Loss: 0.1111, Train Accuracy: 96.55%
Validation Loss: 0.9171, Validation Accuracy: 63.61%
[Epoch 48, Batch   100] loss: 0.740
[Epoch 48, Batch   200] loss: 0.743
Epoch 48/50:
Train Loss: 0.1103, Train Accuracy: 97.17%
Validation Loss: 0.9117, Validation Accuracy: 64.24%
[Epoch 49, Batch   100] loss: 0.740
[Epoch 49, Batch   200] loss: 0.745
Epoch 49/50:
Train Loss: 0.1106, Train Accuracy: 97.01%
Validation Loss: 0.9135, Validation Accuracy: 64.25%
[Epoch 50, Batch   100] loss: 0.745
[Epoch 50, Batch   200] loss: 0.745
Epoch 50/50:
Train Loss: 0.1113, Train Accuracy: 96.25%
Validation Loss: 0.9214, Validation Accuracy: 62.27%
Model saved to models/resnet18-EvidenceLoss-CIFAR10-BELIEF-balanced_by_score-0.7-2
Modified fc layer: updated out_features to 10.
Initialized untrained model.
[Epoch 1, Batch   100] loss: 0.966
Epoch 1/50:
Train Loss: 0.3378, Train Accuracy: 33.86%
Validation Loss: 0.9612, Validation Accuracy: 33.45%
[Epoch 2, Batch   100] loss: 0.937
Epoch 2/50:
Train Loss: 0.3304, Train Accuracy: 46.28%
Validation Loss: 0.9277, Validation Accuracy: 48.22%
[Epoch 3, Batch   100] loss: 0.914
Epoch 3/50:
Train Loss: 0.3243, Train Accuracy: 53.55%
Validation Loss: 0.9314, Validation Accuracy: 47.75%
[Epoch 4, Batch   100] loss: 0.897
Epoch 4/50:
Train Loss: 0.3182, Train Accuracy: 58.53%
Validation Loss: 0.9421, Validation Accuracy: 47.35%
[Epoch 5, Batch   100] loss: 0.882
Epoch 5/50:
Train Loss: 0.3131, Train Accuracy: 63.19%
Validation Loss: 0.9506, Validation Accuracy: 44.13%
[Epoch 6, Batch   100] loss: 0.864
Epoch 6/50:
Train Loss: 0.3077, Train Accuracy: 67.58%
Validation Loss: 0.9046, Validation Accuracy: 56.87%
[Epoch 7, Batch   100] loss: 0.849
Epoch 7/50:
Train Loss: 0.3035, Train Accuracy: 70.79%
Validation Loss: 0.9157, Validation Accuracy: 55.26%
[Epoch 8, Batch   100] loss: 0.837
Epoch 8/50:
Train Loss: 0.2992, Train Accuracy: 74.78%
Validation Loss: 0.9300, Validation Accuracy: 51.37%
[Epoch 9, Batch   100] loss: 0.828
Epoch 9/50:
Train Loss: 0.2946, Train Accuracy: 77.21%
Validation Loss: 0.9242, Validation Accuracy: 55.97%
[Epoch 10, Batch   100] loss: 0.814
Epoch 10/50:
Train Loss: 0.2927, Train Accuracy: 79.81%
Validation Loss: 0.9201, Validation Accuracy: 56.05%
[Epoch 11, Batch   100] loss: 0.807
Epoch 11/50:
Train Loss: 0.2889, Train Accuracy: 81.69%
Validation Loss: 0.9108, Validation Accuracy: 58.39%
[Epoch 12, Batch   100] loss: 0.798
Epoch 12/50:
Train Loss: 0.2865, Train Accuracy: 84.13%
Validation Loss: 0.9107, Validation Accuracy: 58.77%
[Epoch 13, Batch   100] loss: 0.794
Epoch 13/50:
Train Loss: 0.2829, Train Accuracy: 85.28%
Validation Loss: 0.9199, Validation Accuracy: 58.25%
[Epoch 14, Batch   100] loss: 0.783
Epoch 14/50:
Train Loss: 0.2799, Train Accuracy: 87.93%
Validation Loss: 0.9460, Validation Accuracy: 53.87%
[Epoch 15, Batch   100] loss: 0.780
Epoch 15/50:
Train Loss: 0.2770, Train Accuracy: 88.93%
Validation Loss: 0.9401, Validation Accuracy: 54.84%
[Epoch 16, Batch   100] loss: 0.776
Epoch 16/50:
Train Loss: 0.2761, Train Accuracy: 89.87%
Validation Loss: 0.9220, Validation Accuracy: 58.09%
[Epoch 17, Batch   100] loss: 0.768
Epoch 17/50:
Train Loss: 0.2740, Train Accuracy: 91.15%
Validation Loss: 0.9277, Validation Accuracy: 57.65%
[Epoch 18, Batch   100] loss: 0.771
Epoch 18/50:
Train Loss: 0.2737, Train Accuracy: 90.95%
Validation Loss: 0.9230, Validation Accuracy: 58.02%
[Epoch 19, Batch   100] loss: 0.760
Epoch 19/50:
Train Loss: 0.2735, Train Accuracy: 92.45%
Validation Loss: 0.9323, Validation Accuracy: 56.88%
[Epoch 20, Batch   100] loss: 0.757
Epoch 20/50:
Train Loss: 0.2704, Train Accuracy: 93.73%
Validation Loss: 0.9212, Validation Accuracy: 59.79%
[Epoch 21, Batch   100] loss: 0.761
Epoch 21/50:
Train Loss: 0.2700, Train Accuracy: 92.99%
Validation Loss: 0.9421, Validation Accuracy: 55.06%
[Epoch 22, Batch   100] loss: 0.757
Epoch 22/50:
Train Loss: 0.2700, Train Accuracy: 93.73%
Validation Loss: 0.9187, Validation Accuracy: 59.31%
[Epoch 23, Batch   100] loss: 0.757
Epoch 23/50:
Train Loss: 0.2695, Train Accuracy: 93.74%
Validation Loss: 0.9511, Validation Accuracy: 54.21%
[Epoch 24, Batch   100] loss: 0.756
Epoch 24/50:
Train Loss: 0.2671, Train Accuracy: 94.49%
Validation Loss: 0.9256, Validation Accuracy: 59.67%
[Epoch 25, Batch   100] loss: 0.752
Epoch 25/50:
Train Loss: 0.2678, Train Accuracy: 94.79%
Validation Loss: 0.9260, Validation Accuracy: 59.72%
[Epoch 26, Batch   100] loss: 0.749
Epoch 26/50:
Train Loss: 0.2690, Train Accuracy: 95.04%
Validation Loss: 0.9367, Validation Accuracy: 56.88%
[Epoch 27, Batch   100] loss: 0.752
Epoch 27/50:
Train Loss: 0.2666, Train Accuracy: 95.11%
Validation Loss: 0.9341, Validation Accuracy: 58.70%
[Epoch 28, Batch   100] loss: 0.754
Epoch 28/50:
Train Loss: 0.2687, Train Accuracy: 94.55%
Validation Loss: 0.9247, Validation Accuracy: 59.93%
[Epoch 29, Batch   100] loss: 0.746
Epoch 29/50:
Train Loss: 0.2656, Train Accuracy: 96.07%
Validation Loss: 0.9310, Validation Accuracy: 59.30%
[Epoch 30, Batch   100] loss: 0.747
Epoch 30/50:
Train Loss: 0.2656, Train Accuracy: 95.99%
Validation Loss: 0.9248, Validation Accuracy: 60.37%
[Epoch 31, Batch   100] loss: 0.748
Epoch 31/50:
Train Loss: 0.2652, Train Accuracy: 95.75%
Validation Loss: 0.9511, Validation Accuracy: 55.81%
[Epoch 32, Batch   100] loss: 0.748
Epoch 32/50:
Train Loss: 0.2672, Train Accuracy: 95.38%
Validation Loss: 0.9373, Validation Accuracy: 59.53%
[Epoch 33, Batch   100] loss: 0.748
Epoch 33/50:
Train Loss: 0.2666, Train Accuracy: 95.60%
Validation Loss: 0.9450, Validation Accuracy: 57.83%
[Epoch 34, Batch   100] loss: 0.747
Epoch 34/50:
Train Loss: 0.2669, Train Accuracy: 95.69%
Validation Loss: 0.9386, Validation Accuracy: 57.17%
[Epoch 35, Batch   100] loss: 0.744
Epoch 35/50:
Train Loss: 0.2656, Train Accuracy: 96.38%
Validation Loss: 0.9383, Validation Accuracy: 58.23%
[Epoch 36, Batch   100] loss: 0.745
Epoch 36/50:
Train Loss: 0.2660, Train Accuracy: 96.18%
Validation Loss: 0.9263, Validation Accuracy: 60.08%
[Epoch 37, Batch   100] loss: 0.744
Epoch 37/50:
Train Loss: 0.2649, Train Accuracy: 96.53%
Validation Loss: 0.9428, Validation Accuracy: 58.27%
[Epoch 38, Batch   100] loss: 0.746
Epoch 38/50:
Train Loss: 0.2647, Train Accuracy: 96.34%
Validation Loss: 0.9278, Validation Accuracy: 60.84%
[Epoch 39, Batch   100] loss: 0.741
Epoch 39/50:
Train Loss: 0.2643, Train Accuracy: 97.03%
Validation Loss: 0.9249, Validation Accuracy: 60.52%
[Epoch 40, Batch   100] loss: 0.743
Epoch 40/50:
Train Loss: 0.2649, Train Accuracy: 96.64%
Validation Loss: 0.9419, Validation Accuracy: 57.58%
[Epoch 41, Batch   100] loss: 0.742
Epoch 41/50:
Train Loss: 0.2660, Train Accuracy: 96.38%
Validation Loss: 0.9295, Validation Accuracy: 59.38%
[Epoch 42, Batch   100] loss: 0.742
Epoch 42/50:
Train Loss: 0.2654, Train Accuracy: 96.56%
Validation Loss: 0.9557, Validation Accuracy: 54.79%
[Epoch 43, Batch   100] loss: 0.743
Epoch 43/50:
Train Loss: 0.2649, Train Accuracy: 96.56%
Validation Loss: 0.9559, Validation Accuracy: 56.91%
[Epoch 44, Batch   100] loss: 0.743
Epoch 44/50:
Train Loss: 0.2645, Train Accuracy: 96.63%
Validation Loss: 0.9315, Validation Accuracy: 59.64%
[Epoch 45, Batch   100] loss: 0.740
Epoch 45/50:
Train Loss: 0.2634, Train Accuracy: 97.25%
Validation Loss: 0.9418, Validation Accuracy: 57.88%
[Epoch 46, Batch   100] loss: 0.743
Epoch 46/50:
Train Loss: 0.2637, Train Accuracy: 96.90%
Validation Loss: 0.9423, Validation Accuracy: 58.08%
[Epoch 47, Batch   100] loss: 0.742
Epoch 47/50:
Train Loss: 0.2647, Train Accuracy: 96.87%
Validation Loss: 0.9366, Validation Accuracy: 59.78%
[Epoch 48, Batch   100] loss: 0.743
Epoch 48/50:
Train Loss: 0.2638, Train Accuracy: 96.88%
Validation Loss: 0.9294, Validation Accuracy: 60.45%
[Epoch 49, Batch   100] loss: 0.742
Epoch 49/50:
Train Loss: 0.2641, Train Accuracy: 96.89%
Validation Loss: 0.9422, Validation Accuracy: 59.14%
[Epoch 50, Batch   100] loss: 0.741
Epoch 50/50:
Train Loss: 0.2626, Train Accuracy: 97.15%
Validation Loss: 0.9269, Validation Accuracy: 61.44%
Model saved to models/resnet18-EvidenceLoss-CIFAR10-BELIEF-balanced_by_score-0.8-2
Modified fc layer: updated out_features to 10.
Initialized untrained model.
Epoch 1/50:
Train Loss: 0.9663, Train Accuracy: 32.14%
Validation Loss: 0.9601, Validation Accuracy: 35.95%
Epoch 2/50:
Train Loss: 0.9420, Train Accuracy: 43.35%
Validation Loss: 0.9447, Validation Accuracy: 41.84%
Epoch 3/50:
Train Loss: 0.9232, Train Accuracy: 50.08%
Validation Loss: 0.9475, Validation Accuracy: 39.70%
Epoch 4/50:
Train Loss: 0.9058, Train Accuracy: 56.43%
Validation Loss: 0.9787, Validation Accuracy: 39.21%
Epoch 5/50:
Train Loss: 0.8927, Train Accuracy: 60.02%
Validation Loss: 0.9596, Validation Accuracy: 38.43%
Epoch 6/50:
Train Loss: 0.8731, Train Accuracy: 64.84%
Validation Loss: 0.9417, Validation Accuracy: 46.77%
Epoch 7/50:
Train Loss: 0.8542, Train Accuracy: 70.67%
Validation Loss: 0.9490, Validation Accuracy: 45.87%
Epoch 8/50:
Train Loss: 0.8430, Train Accuracy: 73.53%
Validation Loss: 0.9351, Validation Accuracy: 50.56%
Epoch 9/50:
Train Loss: 0.8319, Train Accuracy: 76.90%
Validation Loss: 0.9425, Validation Accuracy: 48.92%
Epoch 10/50:
Train Loss: 0.8151, Train Accuracy: 80.73%
Validation Loss: 0.9678, Validation Accuracy: 45.57%
Epoch 11/50:
Train Loss: 0.8063, Train Accuracy: 82.31%
Validation Loss: 0.9448, Validation Accuracy: 49.73%
Epoch 12/50:
Train Loss: 0.7931, Train Accuracy: 85.65%
Validation Loss: 0.9520, Validation Accuracy: 49.21%
Epoch 13/50:
Train Loss: 0.7870, Train Accuracy: 86.92%
Validation Loss: 0.9630, Validation Accuracy: 48.30%
Epoch 14/50:
Train Loss: 0.7828, Train Accuracy: 88.45%
Validation Loss: 0.9508, Validation Accuracy: 50.50%
Epoch 15/50:
Train Loss: 0.7753, Train Accuracy: 89.88%
Validation Loss: 0.9556, Validation Accuracy: 50.94%
Epoch 16/50:
Train Loss: 0.7675, Train Accuracy: 91.69%
Validation Loss: 0.9665, Validation Accuracy: 47.71%
Epoch 17/50:
Train Loss: 0.7697, Train Accuracy: 90.92%
Validation Loss: 0.9569, Validation Accuracy: 50.60%
Epoch 18/50:
Train Loss: 0.7652, Train Accuracy: 92.24%
Validation Loss: 0.9586, Validation Accuracy: 49.88%
Epoch 19/50:
Train Loss: 0.7593, Train Accuracy: 93.45%
Validation Loss: 0.9618, Validation Accuracy: 50.47%
Epoch 20/50:
Train Loss: 0.7567, Train Accuracy: 94.00%
Validation Loss: 0.9732, Validation Accuracy: 48.50%
Epoch 21/50:
Train Loss: 0.7526, Train Accuracy: 94.73%
Validation Loss: 0.9642, Validation Accuracy: 50.00%
Epoch 22/50:
Train Loss: 0.7544, Train Accuracy: 94.63%
Validation Loss: 0.9580, Validation Accuracy: 51.85%
Epoch 23/50:
Train Loss: 0.7535, Train Accuracy: 94.94%
Validation Loss: 0.9456, Validation Accuracy: 53.67%
Epoch 24/50:
Train Loss: 0.7479, Train Accuracy: 95.98%
Validation Loss: 0.9521, Validation Accuracy: 53.20%
Epoch 25/50:
Train Loss: 0.7440, Train Accuracy: 96.69%
Validation Loss: 0.9527, Validation Accuracy: 53.25%
Epoch 26/50:
Train Loss: 0.7449, Train Accuracy: 96.41%
Validation Loss: 0.9613, Validation Accuracy: 51.49%
Epoch 27/50:
Train Loss: 0.7451, Train Accuracy: 96.49%
Validation Loss: 0.9512, Validation Accuracy: 53.21%
Epoch 28/50:
Train Loss: 0.7466, Train Accuracy: 95.98%
Validation Loss: 0.9617, Validation Accuracy: 51.36%
Epoch 29/50:
Train Loss: 0.7473, Train Accuracy: 95.84%
Validation Loss: 0.9611, Validation Accuracy: 51.47%
Epoch 30/50:
Train Loss: 0.7488, Train Accuracy: 95.63%
Validation Loss: 0.9531, Validation Accuracy: 53.15%
Epoch 31/50:
Train Loss: 0.7453, Train Accuracy: 96.33%
Validation Loss: 0.9654, Validation Accuracy: 51.78%
Epoch 32/50:
Train Loss: 0.7441, Train Accuracy: 96.61%
Validation Loss: 0.9786, Validation Accuracy: 48.50%
Epoch 33/50:
Train Loss: 0.7460, Train Accuracy: 96.08%
Validation Loss: 0.9753, Validation Accuracy: 49.12%
Epoch 34/50:
Train Loss: 0.7475, Train Accuracy: 95.82%
Validation Loss: 0.9587, Validation Accuracy: 51.90%
Epoch 35/50:
Train Loss: 0.7457, Train Accuracy: 96.14%
Validation Loss: 0.9571, Validation Accuracy: 52.16%
Epoch 36/50:
Train Loss: 0.7434, Train Accuracy: 96.84%
Validation Loss: 0.9601, Validation Accuracy: 52.11%
Epoch 37/50:
Train Loss: 0.7402, Train Accuracy: 97.18%
Validation Loss: 0.9619, Validation Accuracy: 52.58%
Epoch 38/50:
Train Loss: 0.7400, Train Accuracy: 97.20%
Validation Loss: 0.9512, Validation Accuracy: 54.24%
Epoch 39/50:
Train Loss: 0.7392, Train Accuracy: 97.39%
Validation Loss: 0.9621, Validation Accuracy: 52.57%
Epoch 40/50:
Train Loss: 0.7380, Train Accuracy: 97.96%
Validation Loss: 0.9821, Validation Accuracy: 49.88%
Epoch 41/50:
Train Loss: 0.7416, Train Accuracy: 96.78%
Validation Loss: 0.9746, Validation Accuracy: 50.81%
Epoch 42/50:
Train Loss: 0.7416, Train Accuracy: 97.24%
Validation Loss: 0.9653, Validation Accuracy: 52.50%
Epoch 43/50:
Train Loss: 0.7434, Train Accuracy: 96.84%
Validation Loss: 0.9679, Validation Accuracy: 52.23%
Epoch 44/50:
Train Loss: 0.7468, Train Accuracy: 96.10%
Validation Loss: 0.9716, Validation Accuracy: 50.20%
Epoch 45/50:
Train Loss: 0.7418, Train Accuracy: 97.00%
Validation Loss: 0.9687, Validation Accuracy: 51.86%
Epoch 46/50:
Train Loss: 0.7379, Train Accuracy: 97.76%
Validation Loss: 0.9628, Validation Accuracy: 53.78%
Epoch 47/50:
Train Loss: 0.7394, Train Accuracy: 97.31%
Validation Loss: 0.9870, Validation Accuracy: 48.92%
Epoch 48/50:
Train Loss: 0.7409, Train Accuracy: 97.12%
Validation Loss: 0.9770, Validation Accuracy: 50.86%
Epoch 49/50:
Train Loss: 0.7417, Train Accuracy: 96.86%
Validation Loss: 0.9665, Validation Accuracy: 51.42%
Epoch 50/50:
Train Loss: 0.7370, Train Accuracy: 97.76%
Validation Loss: 0.9604, Validation Accuracy: 53.92%
Model saved to models/resnet18-EvidenceLoss-CIFAR10-BELIEF-balanced_by_score-0.9-2
Modified fc layer: updated out_features to 10.
Initialized untrained model.
Epoch 1/50:
Train Loss: 0.9751, Train Accuracy: 27.44%
Validation Loss: 0.9775, Validation Accuracy: 17.82%
Epoch 2/50:
Train Loss: 0.9503, Train Accuracy: 39.80%
Validation Loss: 0.9665, Validation Accuracy: 35.03%
Epoch 3/50:
Train Loss: 0.9353, Train Accuracy: 45.72%
Validation Loss: 0.9662, Validation Accuracy: 31.66%
Epoch 4/50:
Train Loss: 0.9149, Train Accuracy: 53.24%
Validation Loss: 0.9576, Validation Accuracy: 40.52%
Epoch 5/50:
Train Loss: 0.9016, Train Accuracy: 57.24%
Validation Loss: 0.9641, Validation Accuracy: 35.57%
Epoch 6/50:
Train Loss: 0.8824, Train Accuracy: 62.64%
Validation Loss: 0.9743, Validation Accuracy: 37.85%
Epoch 7/50:
Train Loss: 0.8738, Train Accuracy: 65.08%
Validation Loss: 0.9675, Validation Accuracy: 39.61%
Epoch 8/50:
Train Loss: 0.8473, Train Accuracy: 71.72%
Validation Loss: 0.9700, Validation Accuracy: 41.50%
Epoch 9/50:
Train Loss: 0.8404, Train Accuracy: 74.32%
Validation Loss: 0.9577, Validation Accuracy: 43.60%
Epoch 10/50:
Train Loss: 0.8291, Train Accuracy: 77.76%
Validation Loss: 0.9725, Validation Accuracy: 41.33%
Epoch 11/50:
Train Loss: 0.8155, Train Accuracy: 80.08%
Validation Loss: 0.9843, Validation Accuracy: 41.52%
Epoch 12/50:
Train Loss: 0.8098, Train Accuracy: 82.52%
Validation Loss: 0.9719, Validation Accuracy: 43.27%
Epoch 13/50:
Train Loss: 0.8053, Train Accuracy: 82.68%
Validation Loss: 0.9725, Validation Accuracy: 44.87%
Epoch 14/50:
Train Loss: 0.8065, Train Accuracy: 84.28%
Validation Loss: 0.9758, Validation Accuracy: 43.85%
Epoch 15/50:
Train Loss: 0.7904, Train Accuracy: 86.92%
Validation Loss: 0.9697, Validation Accuracy: 46.20%
Epoch 16/50:
Train Loss: 0.7782, Train Accuracy: 90.36%
Validation Loss: 0.9652, Validation Accuracy: 45.50%
Epoch 17/50:
Train Loss: 0.7816, Train Accuracy: 89.48%
Validation Loss: 0.9754, Validation Accuracy: 45.11%
Epoch 18/50:
Train Loss: 0.7755, Train Accuracy: 91.48%
Validation Loss: 0.9750, Validation Accuracy: 44.82%
Epoch 19/50:
Train Loss: 0.7792, Train Accuracy: 89.64%
Validation Loss: 0.9864, Validation Accuracy: 41.79%
Epoch 20/50:
Train Loss: 0.7919, Train Accuracy: 87.60%
Validation Loss: 0.9871, Validation Accuracy: 43.34%
Epoch 21/50:
Train Loss: 0.7947, Train Accuracy: 86.28%
Validation Loss: 0.9835, Validation Accuracy: 43.18%
Epoch 22/50:
Train Loss: 0.7635, Train Accuracy: 93.08%
Validation Loss: 0.9782, Validation Accuracy: 44.78%
Epoch 23/50:
Train Loss: 0.7655, Train Accuracy: 92.16%
Validation Loss: 0.9743, Validation Accuracy: 45.96%
Epoch 24/50:
Train Loss: 0.7517, Train Accuracy: 95.08%
Validation Loss: 0.9716, Validation Accuracy: 46.84%
Epoch 25/50:
Train Loss: 0.7463, Train Accuracy: 96.56%
Validation Loss: 0.9734, Validation Accuracy: 45.32%
Epoch 26/50:
Train Loss: 0.7685, Train Accuracy: 91.76%
Validation Loss: 0.9792, Validation Accuracy: 45.88%
Epoch 27/50:
Train Loss: 0.7547, Train Accuracy: 94.76%
Validation Loss: 0.9746, Validation Accuracy: 46.58%
Epoch 28/50:
Train Loss: 0.7512, Train Accuracy: 96.32%
Validation Loss: 0.9825, Validation Accuracy: 46.61%
Epoch 29/50:
Train Loss: 0.8031, Train Accuracy: 85.52%
Validation Loss: 1.0141, Validation Accuracy: 38.75%
Epoch 30/50:
Train Loss: 0.8124, Train Accuracy: 83.92%
Validation Loss: 1.0008, Validation Accuracy: 41.14%
Epoch 31/50:
Train Loss: 0.7679, Train Accuracy: 92.60%
Validation Loss: 0.9789, Validation Accuracy: 45.40%
Epoch 32/50:
Train Loss: 0.7588, Train Accuracy: 94.56%
Validation Loss: 0.9780, Validation Accuracy: 46.58%
Epoch 33/50:
Train Loss: 0.7453, Train Accuracy: 96.48%
Validation Loss: 0.9691, Validation Accuracy: 47.54%
Epoch 34/50:
Train Loss: 0.7374, Train Accuracy: 97.92%
Validation Loss: 0.9721, Validation Accuracy: 47.13%
Epoch 35/50:
Train Loss: 0.7385, Train Accuracy: 98.24%
Validation Loss: 0.9717, Validation Accuracy: 47.07%
Epoch 36/50:
Train Loss: 0.7504, Train Accuracy: 95.44%
Validation Loss: 0.9903, Validation Accuracy: 45.45%
Epoch 37/50:
Train Loss: 0.7433, Train Accuracy: 97.32%
Validation Loss: 0.9808, Validation Accuracy: 46.79%
Epoch 38/50:
Train Loss: 0.7585, Train Accuracy: 95.04%
Validation Loss: 0.9880, Validation Accuracy: 45.59%
Epoch 39/50:
Train Loss: 0.7746, Train Accuracy: 91.44%
Validation Loss: 0.9894, Validation Accuracy: 45.21%
Epoch 40/50:
Train Loss: 0.7575, Train Accuracy: 94.24%
Validation Loss: 0.9795, Validation Accuracy: 46.89%
Epoch 41/50:
Train Loss: 0.7422, Train Accuracy: 97.28%
Validation Loss: 0.9716, Validation Accuracy: 48.60%
Epoch 42/50:
Train Loss: 0.7360, Train Accuracy: 98.16%
Validation Loss: 0.9733, Validation Accuracy: 47.64%
Epoch 43/50:
Train Loss: 0.7392, Train Accuracy: 98.00%
Validation Loss: 0.9885, Validation Accuracy: 45.36%
Epoch 44/50:
Train Loss: 0.7537, Train Accuracy: 96.20%
Validation Loss: 0.9954, Validation Accuracy: 44.07%
Epoch 45/50:
Train Loss: 0.7727, Train Accuracy: 92.32%
Validation Loss: 0.9936, Validation Accuracy: 45.38%
Epoch 46/50:
Train Loss: 0.7558, Train Accuracy: 94.60%
Validation Loss: 0.9894, Validation Accuracy: 45.19%
Epoch 47/50:
Train Loss: 0.7398, Train Accuracy: 97.68%
Validation Loss: 0.9749, Validation Accuracy: 47.99%
Epoch 48/50:
Train Loss: 0.7371, Train Accuracy: 98.04%
Validation Loss: 0.9737, Validation Accuracy: 48.77%
Epoch 49/50:
Train Loss: 0.7385, Train Accuracy: 98.28%
Validation Loss: 0.9796, Validation Accuracy: 46.82%
Epoch 50/50:
Train Loss: 0.7448, Train Accuracy: 96.72%
Validation Loss: 0.9868, Validation Accuracy: 46.10%
Model saved to models/resnet18-EvidenceLoss-CIFAR10-BELIEF-balanced_by_score-0.95-2
Modified fc layer: updated out_features to 10.
Initialized untrained model.
Files already downloaded and verified
Files already downloaded and verified
[Epoch 1, Batch   100] loss: 0.965
[Epoch 1, Batch   200] loss: 0.948
[Epoch 1, Batch   300] loss: 0.935
[Epoch 1, Batch   400] loss: 0.928
[Epoch 1, Batch   500] loss: 0.917
[Epoch 1, Batch   600] loss: 0.916
[Epoch 1, Batch   700] loss: 0.906
Epoch 1/50:
Train Loss: 0.0949, Train Accuracy: 47.98%
Validation Loss: 0.9159, Validation Accuracy: 52.68%
[Epoch 2, Batch   100] loss: 0.892
[Epoch 2, Batch   200] loss: 0.894
[Epoch 2, Batch   300] loss: 0.888
[Epoch 2, Batch   400] loss: 0.890
[Epoch 2, Batch   500] loss: 0.883
[Epoch 2, Batch   600] loss: 0.882
[Epoch 2, Batch   700] loss: 0.885
Epoch 2/50:
Train Loss: 0.0923, Train Accuracy: 61.88%
Validation Loss: 0.9051, Validation Accuracy: 55.91%
[Epoch 3, Batch   100] loss: 0.867
[Epoch 3, Batch   200] loss: 0.869
[Epoch 3, Batch   300] loss: 0.866
[Epoch 3, Batch   400] loss: 0.868
[Epoch 3, Batch   500] loss: 0.867
[Epoch 3, Batch   600] loss: 0.865
[Epoch 3, Batch   700] loss: 0.868
Epoch 3/50:
Train Loss: 0.0905, Train Accuracy: 67.64%
Validation Loss: 0.9523, Validation Accuracy: 45.53%
[Epoch 4, Batch   100] loss: 0.854
[Epoch 4, Batch   200] loss: 0.853
[Epoch 4, Batch   300] loss: 0.855
[Epoch 4, Batch   400] loss: 0.853
[Epoch 4, Batch   500] loss: 0.853
[Epoch 4, Batch   600] loss: 0.854
[Epoch 4, Batch   700] loss: 0.856
Epoch 4/50:
Train Loss: 0.0892, Train Accuracy: 71.19%
Validation Loss: 0.8564, Validation Accuracy: 70.72%
[Epoch 5, Batch   100] loss: 0.842
[Epoch 5, Batch   200] loss: 0.844
[Epoch 5, Batch   300] loss: 0.841
[Epoch 5, Batch   400] loss: 0.843
[Epoch 5, Batch   500] loss: 0.843
[Epoch 5, Batch   600] loss: 0.843
[Epoch 5, Batch   700] loss: 0.843
Epoch 5/50:
Train Loss: 0.0883, Train Accuracy: 74.04%
Validation Loss: 0.8681, Validation Accuracy: 68.05%
[Epoch 6, Batch   100] loss: 0.828
[Epoch 6, Batch   200] loss: 0.832
[Epoch 6, Batch   300] loss: 0.835
[Epoch 6, Batch   400] loss: 0.834
[Epoch 6, Batch   500] loss: 0.832
[Epoch 6, Batch   600] loss: 0.834
[Epoch 6, Batch   700] loss: 0.836
Epoch 6/50:
Train Loss: 0.0875, Train Accuracy: 76.45%
Validation Loss: 0.8509, Validation Accuracy: 71.92%
[Epoch 7, Batch   100] loss: 0.824
[Epoch 7, Batch   200] loss: 0.823
[Epoch 7, Batch   300] loss: 0.821
[Epoch 7, Batch   400] loss: 0.822
[Epoch 7, Batch   500] loss: 0.824
[Epoch 7, Batch   600] loss: 0.826
[Epoch 7, Batch   700] loss: 0.823
Epoch 7/50:
Train Loss: 0.0869, Train Accuracy: 78.67%
Validation Loss: 0.8508, Validation Accuracy: 71.91%
[Epoch 8, Batch   100] loss: 0.813
[Epoch 8, Batch   200] loss: 0.813
[Epoch 8, Batch   300] loss: 0.812
[Epoch 8, Batch   400] loss: 0.816
[Epoch 8, Batch   500] loss: 0.817
[Epoch 8, Batch   600] loss: 0.820
[Epoch 8, Batch   700] loss: 0.817
Epoch 8/50:
Train Loss: 0.0858, Train Accuracy: 80.62%
Validation Loss: 0.8518, Validation Accuracy: 71.88%
[Epoch 9, Batch   100] loss: 0.806
[Epoch 9, Batch   200] loss: 0.806
[Epoch 9, Batch   300] loss: 0.805
[Epoch 9, Batch   400] loss: 0.809
[Epoch 9, Batch   500] loss: 0.809
[Epoch 9, Batch   600] loss: 0.810
[Epoch 9, Batch   700] loss: 0.814
Epoch 9/50:
Train Loss: 0.0852, Train Accuracy: 82.26%
Validation Loss: 0.8428, Validation Accuracy: 74.42%
[Epoch 10, Batch   100] loss: 0.798
[Epoch 10, Batch   200] loss: 0.796
[Epoch 10, Batch   300] loss: 0.801
[Epoch 10, Batch   400] loss: 0.805
[Epoch 10, Batch   500] loss: 0.806
[Epoch 10, Batch   600] loss: 0.807
[Epoch 10, Batch   700] loss: 0.805
Epoch 10/50:
Train Loss: 0.0848, Train Accuracy: 83.62%
Validation Loss: 0.8533, Validation Accuracy: 71.64%
[Epoch 11, Batch   100] loss: 0.794
[Epoch 11, Batch   200] loss: 0.793
[Epoch 11, Batch   300] loss: 0.796
[Epoch 11, Batch   400] loss: 0.800
[Epoch 11, Batch   500] loss: 0.798
[Epoch 11, Batch   600] loss: 0.798
[Epoch 11, Batch   700] loss: 0.803
Epoch 11/50:
Train Loss: 0.0840, Train Accuracy: 84.82%
Validation Loss: 0.8510, Validation Accuracy: 72.95%
[Epoch 12, Batch   100] loss: 0.783
[Epoch 12, Batch   200] loss: 0.791
[Epoch 12, Batch   300] loss: 0.793
[Epoch 12, Batch   400] loss: 0.793
[Epoch 12, Batch   500] loss: 0.796
[Epoch 12, Batch   600] loss: 0.792
[Epoch 12, Batch   700] loss: 0.792
Epoch 12/50:
Train Loss: 0.0835, Train Accuracy: 86.20%
Validation Loss: 0.8504, Validation Accuracy: 72.75%
[Epoch 13, Batch   100] loss: 0.784
[Epoch 13, Batch   200] loss: 0.784
[Epoch 13, Batch   300] loss: 0.791
[Epoch 13, Batch   400] loss: 0.787
[Epoch 13, Batch   500] loss: 0.790
[Epoch 13, Batch   600] loss: 0.791
[Epoch 13, Batch   700] loss: 0.791
Epoch 13/50:
Train Loss: 0.0830, Train Accuracy: 86.93%
Validation Loss: 0.8501, Validation Accuracy: 73.48%
[Epoch 14, Batch   100] loss: 0.776
[Epoch 14, Batch   200] loss: 0.778
[Epoch 14, Batch   300] loss: 0.781
[Epoch 14, Batch   400] loss: 0.786
[Epoch 14, Batch   500] loss: 0.785
[Epoch 14, Batch   600] loss: 0.788
[Epoch 14, Batch   700] loss: 0.786
Epoch 14/50:
Train Loss: 0.0825, Train Accuracy: 88.06%
Validation Loss: 0.8550, Validation Accuracy: 72.81%
[Epoch 15, Batch   100] loss: 0.775
[Epoch 15, Batch   200] loss: 0.776
[Epoch 15, Batch   300] loss: 0.779
[Epoch 15, Batch   400] loss: 0.780
[Epoch 15, Batch   500] loss: 0.786
[Epoch 15, Batch   600] loss: 0.784
[Epoch 15, Batch   700] loss: 0.782
Epoch 15/50:
Train Loss: 0.0826, Train Accuracy: 88.62%
Validation Loss: 0.8467, Validation Accuracy: 74.21%
[Epoch 16, Batch   100] loss: 0.769
[Epoch 16, Batch   200] loss: 0.775
[Epoch 16, Batch   300] loss: 0.773
[Epoch 16, Batch   400] loss: 0.776
[Epoch 16, Batch   500] loss: 0.779
[Epoch 16, Batch   600] loss: 0.780
[Epoch 16, Batch   700] loss: 0.781
Epoch 16/50:
Train Loss: 0.0821, Train Accuracy: 89.62%
Validation Loss: 0.8458, Validation Accuracy: 75.38%
[Epoch 17, Batch   100] loss: 0.770
[Epoch 17, Batch   200] loss: 0.770
[Epoch 17, Batch   300] loss: 0.774
[Epoch 17, Batch   400] loss: 0.776
[Epoch 17, Batch   500] loss: 0.774
[Epoch 17, Batch   600] loss: 0.777
[Epoch 17, Batch   700] loss: 0.776
Epoch 17/50:
Train Loss: 0.0815, Train Accuracy: 90.11%
Validation Loss: 0.8491, Validation Accuracy: 74.29%
[Epoch 18, Batch   100] loss: 0.768
[Epoch 18, Batch   200] loss: 0.770
[Epoch 18, Batch   300] loss: 0.767
[Epoch 18, Batch   400] loss: 0.771
[Epoch 18, Batch   500] loss: 0.775
[Epoch 18, Batch   600] loss: 0.776
[Epoch 18, Batch   700] loss: 0.778
Epoch 18/50:
Train Loss: 0.0812, Train Accuracy: 90.59%
Validation Loss: 0.8432, Validation Accuracy: 76.16%
[Epoch 19, Batch   100] loss: 0.766
[Epoch 19, Batch   200] loss: 0.768
[Epoch 19, Batch   300] loss: 0.767
[Epoch 19, Batch   400] loss: 0.772
[Epoch 19, Batch   500] loss: 0.772
[Epoch 19, Batch   600] loss: 0.772
[Epoch 19, Batch   700] loss: 0.774
Epoch 19/50:
Train Loss: 0.0814, Train Accuracy: 91.04%
Validation Loss: 0.8496, Validation Accuracy: 74.27%
[Epoch 20, Batch   100] loss: 0.765
[Epoch 20, Batch   200] loss: 0.763
[Epoch 20, Batch   300] loss: 0.768
[Epoch 20, Batch   400] loss: 0.768
[Epoch 20, Batch   500] loss: 0.769
[Epoch 20, Batch   600] loss: 0.771
[Epoch 20, Batch   700] loss: 0.774
Epoch 20/50:
Train Loss: 0.0812, Train Accuracy: 91.42%
Validation Loss: 0.8417, Validation Accuracy: 76.21%
[Epoch 21, Batch   100] loss: 0.762
[Epoch 21, Batch   200] loss: 0.759
[Epoch 21, Batch   300] loss: 0.761
[Epoch 21, Batch   400] loss: 0.768
[Epoch 21, Batch   500] loss: 0.767
[Epoch 21, Batch   600] loss: 0.769
[Epoch 21, Batch   700] loss: 0.771
Epoch 21/50:
Train Loss: 0.0808, Train Accuracy: 92.00%
Validation Loss: 0.8469, Validation Accuracy: 75.43%
[Epoch 22, Batch   100] loss: 0.759
[Epoch 22, Batch   200] loss: 0.761
[Epoch 22, Batch   300] loss: 0.765
[Epoch 22, Batch   400] loss: 0.763
[Epoch 22, Batch   500] loss: 0.764
[Epoch 22, Batch   600] loss: 0.772
[Epoch 22, Batch   700] loss: 0.770
Epoch 22/50:
Train Loss: 0.0807, Train Accuracy: 92.14%
Validation Loss: 0.8467, Validation Accuracy: 75.89%
[Epoch 23, Batch   100] loss: 0.760
[Epoch 23, Batch   200] loss: 0.760
[Epoch 23, Batch   300] loss: 0.759
[Epoch 23, Batch   400] loss: 0.762
[Epoch 23, Batch   500] loss: 0.767
[Epoch 23, Batch   600] loss: 0.765
[Epoch 23, Batch   700] loss: 0.770
Epoch 23/50:
Train Loss: 0.0810, Train Accuracy: 92.39%
Validation Loss: 0.8443, Validation Accuracy: 76.01%
[Epoch 24, Batch   100] loss: 0.758
[Epoch 24, Batch   200] loss: 0.759
[Epoch 24, Batch   300] loss: 0.762
[Epoch 24, Batch   400] loss: 0.762
[Epoch 24, Batch   500] loss: 0.759
[Epoch 24, Batch   600] loss: 0.766
[Epoch 24, Batch   700] loss: 0.767
Epoch 24/50:
Train Loss: 0.0806, Train Accuracy: 92.74%
Validation Loss: 0.8502, Validation Accuracy: 74.92%
[Epoch 25, Batch   100] loss: 0.758
[Epoch 25, Batch   200] loss: 0.757
[Epoch 25, Batch   300] loss: 0.758
[Epoch 25, Batch   400] loss: 0.762
[Epoch 25, Batch   500] loss: 0.763
[Epoch 25, Batch   600] loss: 0.763
[Epoch 25, Batch   700] loss: 0.765
Epoch 25/50:
Train Loss: 0.0805, Train Accuracy: 92.93%
Validation Loss: 0.8518, Validation Accuracy: 74.92%
[Epoch 26, Batch   100] loss: 0.757
[Epoch 26, Batch   200] loss: 0.757
[Epoch 26, Batch   300] loss: 0.758
[Epoch 26, Batch   400] loss: 0.758
[Epoch 26, Batch   500] loss: 0.761
[Epoch 26, Batch   600] loss: 0.763
[Epoch 26, Batch   700] loss: 0.766
Epoch 26/50:
Train Loss: 0.0804, Train Accuracy: 93.05%
Validation Loss: 0.8558, Validation Accuracy: 73.97%
[Epoch 27, Batch   100] loss: 0.754
[Epoch 27, Batch   200] loss: 0.758
[Epoch 27, Batch   300] loss: 0.759
[Epoch 27, Batch   400] loss: 0.759
[Epoch 27, Batch   500] loss: 0.760
[Epoch 27, Batch   600] loss: 0.764
[Epoch 27, Batch   700] loss: 0.765
Epoch 27/50:
Train Loss: 0.0800, Train Accuracy: 93.27%
Validation Loss: 0.8464, Validation Accuracy: 75.84%
[Epoch 28, Batch   100] loss: 0.753
[Epoch 28, Batch   200] loss: 0.754
[Epoch 28, Batch   300] loss: 0.758
[Epoch 28, Batch   400] loss: 0.760
[Epoch 28, Batch   500] loss: 0.761
[Epoch 28, Batch   600] loss: 0.763
[Epoch 28, Batch   700] loss: 0.763
Epoch 28/50:
Train Loss: 0.0798, Train Accuracy: 93.53%
Validation Loss: 0.8504, Validation Accuracy: 75.06%
[Epoch 29, Batch   100] loss: 0.754
[Epoch 29, Batch   200] loss: 0.753
[Epoch 29, Batch   300] loss: 0.757
[Epoch 29, Batch   400] loss: 0.760
[Epoch 29, Batch   500] loss: 0.762
[Epoch 29, Batch   600] loss: 0.758
[Epoch 29, Batch   700] loss: 0.762
Epoch 29/50:
Train Loss: 0.0801, Train Accuracy: 93.53%
Validation Loss: 0.8489, Validation Accuracy: 75.26%
[Epoch 30, Batch   100] loss: 0.753
[Epoch 30, Batch   200] loss: 0.756
[Epoch 30, Batch   300] loss: 0.754
[Epoch 30, Batch   400] loss: 0.758
[Epoch 30, Batch   500] loss: 0.759
[Epoch 30, Batch   600] loss: 0.762
[Epoch 30, Batch   700] loss: 0.763
Epoch 30/50:
Train Loss: 0.0799, Train Accuracy: 93.61%
Validation Loss: 0.8469, Validation Accuracy: 75.52%
[Epoch 31, Batch   100] loss: 0.749
[Epoch 31, Batch   200] loss: 0.753
[Epoch 31, Batch   300] loss: 0.758
[Epoch 31, Batch   400] loss: 0.756
[Epoch 31, Batch   500] loss: 0.760
[Epoch 31, Batch   600] loss: 0.760
[Epoch 31, Batch   700] loss: 0.762
Epoch 31/50:
Train Loss: 0.0799, Train Accuracy: 93.84%
Validation Loss: 0.8526, Validation Accuracy: 75.04%
[Epoch 32, Batch   100] loss: 0.752
[Epoch 32, Batch   200] loss: 0.753
[Epoch 32, Batch   300] loss: 0.759
[Epoch 32, Batch   400] loss: 0.760
[Epoch 32, Batch   500] loss: 0.757
[Epoch 32, Batch   600] loss: 0.758
[Epoch 32, Batch   700] loss: 0.759
Epoch 32/50:
Train Loss: 0.0801, Train Accuracy: 93.85%
Validation Loss: 0.8508, Validation Accuracy: 75.28%
[Epoch 33, Batch   100] loss: 0.752
[Epoch 33, Batch   200] loss: 0.754
[Epoch 33, Batch   300] loss: 0.756
[Epoch 33, Batch   400] loss: 0.755
[Epoch 33, Batch   500] loss: 0.756
[Epoch 33, Batch   600] loss: 0.761
[Epoch 33, Batch   700] loss: 0.761
Epoch 33/50:
Train Loss: 0.0797, Train Accuracy: 93.93%
Validation Loss: 0.8644, Validation Accuracy: 72.61%
[Epoch 34, Batch   100] loss: 0.751
[Epoch 34, Batch   200] loss: 0.751
[Epoch 34, Batch   300] loss: 0.753
[Epoch 34, Batch   400] loss: 0.758
[Epoch 34, Batch   500] loss: 0.758
[Epoch 34, Batch   600] loss: 0.757
[Epoch 34, Batch   700] loss: 0.759
Epoch 34/50:
Train Loss: 0.0796, Train Accuracy: 94.20%
Validation Loss: 0.8572, Validation Accuracy: 74.97%
[Epoch 35, Batch   100] loss: 0.753
[Epoch 35, Batch   200] loss: 0.751
[Epoch 35, Batch   300] loss: 0.754
[Epoch 35, Batch   400] loss: 0.754
[Epoch 35, Batch   500] loss: 0.757
[Epoch 35, Batch   600] loss: 0.757
[Epoch 35, Batch   700] loss: 0.758
Epoch 35/50:
Train Loss: 0.0793, Train Accuracy: 94.34%
Validation Loss: 0.8519, Validation Accuracy: 75.70%
[Epoch 36, Batch   100] loss: 0.751
[Epoch 36, Batch   200] loss: 0.752
[Epoch 36, Batch   300] loss: 0.752
[Epoch 36, Batch   400] loss: 0.753
[Epoch 36, Batch   500] loss: 0.758
[Epoch 36, Batch   600] loss: 0.755
[Epoch 36, Batch   700] loss: 0.759
Epoch 36/50:
Train Loss: 0.0798, Train Accuracy: 94.37%
Validation Loss: 0.8613, Validation Accuracy: 73.49%
[Epoch 37, Batch   100] loss: 0.750
[Epoch 37, Batch   200] loss: 0.755
[Epoch 37, Batch   300] loss: 0.755
[Epoch 37, Batch   400] loss: 0.756
[Epoch 37, Batch   500] loss: 0.757
[Epoch 37, Batch   600] loss: 0.756
[Epoch 37, Batch   700] loss: 0.762
Epoch 37/50:
Train Loss: 0.0793, Train Accuracy: 94.23%
Validation Loss: 0.8638, Validation Accuracy: 73.32%
[Epoch 38, Batch   100] loss: 0.753
[Epoch 38, Batch   200] loss: 0.750
[Epoch 38, Batch   300] loss: 0.752
[Epoch 38, Batch   400] loss: 0.756
[Epoch 38, Batch   500] loss: 0.754
[Epoch 38, Batch   600] loss: 0.757
[Epoch 38, Batch   700] loss: 0.758
Epoch 38/50:
Train Loss: 0.0793, Train Accuracy: 94.43%
Validation Loss: 0.8517, Validation Accuracy: 75.45%
[Epoch 39, Batch   100] loss: 0.749
[Epoch 39, Batch   200] loss: 0.748
[Epoch 39, Batch   300] loss: 0.754
[Epoch 39, Batch   400] loss: 0.755
[Epoch 39, Batch   500] loss: 0.756
[Epoch 39, Batch   600] loss: 0.758
[Epoch 39, Batch   700] loss: 0.755
Epoch 39/50:
Train Loss: 0.0793, Train Accuracy: 94.55%
Validation Loss: 0.8629, Validation Accuracy: 73.69%
[Epoch 40, Batch   100] loss: 0.750
[Epoch 40, Batch   200] loss: 0.747
[Epoch 40, Batch   300] loss: 0.752
[Epoch 40, Batch   400] loss: 0.754
[Epoch 40, Batch   500] loss: 0.751
[Epoch 40, Batch   600] loss: 0.754
[Epoch 40, Batch   700] loss: 0.757
Epoch 40/50:
Train Loss: 0.0793, Train Accuracy: 94.86%
Validation Loss: 0.8544, Validation Accuracy: 75.33%
[Epoch 41, Batch   100] loss: 0.748
[Epoch 41, Batch   200] loss: 0.747
[Epoch 41, Batch   300] loss: 0.750
[Epoch 41, Batch   400] loss: 0.750
[Epoch 41, Batch   500] loss: 0.753
[Epoch 41, Batch   600] loss: 0.754
[Epoch 41, Batch   700] loss: 0.757
Epoch 41/50:
Train Loss: 0.0794, Train Accuracy: 95.08%
Validation Loss: 0.8540, Validation Accuracy: 75.30%
[Epoch 42, Batch   100] loss: 0.752
[Epoch 42, Batch   200] loss: 0.753
[Epoch 42, Batch   300] loss: 0.751
[Epoch 42, Batch   400] loss: 0.752
[Epoch 42, Batch   500] loss: 0.755
[Epoch 42, Batch   600] loss: 0.756
[Epoch 42, Batch   700] loss: 0.758
Epoch 42/50:
Train Loss: 0.0796, Train Accuracy: 94.59%
Validation Loss: 0.8494, Validation Accuracy: 75.83%
[Epoch 43, Batch   100] loss: 0.747
[Epoch 43, Batch   200] loss: 0.754
[Epoch 43, Batch   300] loss: 0.754
[Epoch 43, Batch   400] loss: 0.753
[Epoch 43, Batch   500] loss: 0.755
[Epoch 43, Batch   600] loss: 0.755
[Epoch 43, Batch   700] loss: 0.755
Epoch 43/50:
Train Loss: 0.0793, Train Accuracy: 94.69%
Validation Loss: 0.8476, Validation Accuracy: 76.38%
[Epoch 44, Batch   100] loss: 0.750
[Epoch 44, Batch   200] loss: 0.748
[Epoch 44, Batch   300] loss: 0.752
[Epoch 44, Batch   400] loss: 0.753
[Epoch 44, Batch   500] loss: 0.753
[Epoch 44, Batch   600] loss: 0.753
[Epoch 44, Batch   700] loss: 0.758
Epoch 44/50:
Train Loss: 0.0793, Train Accuracy: 94.77%
Validation Loss: 0.8535, Validation Accuracy: 75.25%
[Epoch 45, Batch   100] loss: 0.749
[Epoch 45, Batch   200] loss: 0.748
[Epoch 45, Batch   300] loss: 0.753
[Epoch 45, Batch   400] loss: 0.752
[Epoch 45, Batch   500] loss: 0.757
[Epoch 45, Batch   600] loss: 0.753
[Epoch 45, Batch   700] loss: 0.754
Epoch 45/50:
Train Loss: 0.0794, Train Accuracy: 94.82%
Validation Loss: 0.8501, Validation Accuracy: 75.70%
[Epoch 46, Batch   100] loss: 0.746
[Epoch 46, Batch   200] loss: 0.747
[Epoch 46, Batch   300] loss: 0.752
[Epoch 46, Batch   400] loss: 0.751
[Epoch 46, Batch   500] loss: 0.752
[Epoch 46, Batch   600] loss: 0.759
[Epoch 46, Batch   700] loss: 0.755
Epoch 46/50:
Train Loss: 0.0793, Train Accuracy: 95.00%
Validation Loss: 0.8559, Validation Accuracy: 75.05%
[Epoch 47, Batch   100] loss: 0.752
[Epoch 47, Batch   200] loss: 0.747
[Epoch 47, Batch   300] loss: 0.749
[Epoch 47, Batch   400] loss: 0.750
[Epoch 47, Batch   500] loss: 0.752
[Epoch 47, Batch   600] loss: 0.753
[Epoch 47, Batch   700] loss: 0.755
Epoch 47/50:
Train Loss: 0.0795, Train Accuracy: 94.95%
Validation Loss: 0.8529, Validation Accuracy: 75.44%
[Epoch 48, Batch   100] loss: 0.749
[Epoch 48, Batch   200] loss: 0.748
[Epoch 48, Batch   300] loss: 0.749
[Epoch 48, Batch   400] loss: 0.752
[Epoch 48, Batch   500] loss: 0.754
[Epoch 48, Batch   600] loss: 0.755
[Epoch 48, Batch   700] loss: 0.757
Epoch 48/50:
Train Loss: 0.0787, Train Accuracy: 95.04%
Validation Loss: 0.8593, Validation Accuracy: 74.48%
[Epoch 49, Batch   100] loss: 0.747
[Epoch 49, Batch   200] loss: 0.747
[Epoch 49, Batch   300] loss: 0.748
[Epoch 49, Batch   400] loss: 0.751
[Epoch 49, Batch   500] loss: 0.751
[Epoch 49, Batch   600] loss: 0.754
[Epoch 49, Batch   700] loss: 0.757
Epoch 49/50:
Train Loss: 0.0793, Train Accuracy: 95.18%
Validation Loss: 0.8626, Validation Accuracy: 73.59%
[Epoch 50, Batch   100] loss: 0.749
[Epoch 50, Batch   200] loss: 0.747
[Epoch 50, Batch   300] loss: 0.751
[Epoch 50, Batch   400] loss: 0.749
[Epoch 50, Batch   500] loss: 0.751
[Epoch 50, Batch   600] loss: 0.756
[Epoch 50, Batch   700] loss: 0.755
Epoch 50/50:
Train Loss: 0.0794, Train Accuracy: 95.06%
Validation Loss: 0.8523, Validation Accuracy: 75.66%
Model saved to models/resnet18_CIFAR10_E1_3
Modified fc layer: updated out_features to 10.
Loaded weights from file: models/resnet18_CIFAR10_E1_3
Files already downloaded and verified
Files already downloaded and verified
Modified fc layer: updated out_features to 10.
Initialized untrained model.
resnet18-CIFAR10-random-0.3-3
[Epoch 1, Batch     2] loss: 0.050
[Epoch 1, Batch   102] loss: 1.824
[Epoch 1, Batch   202] loss: 1.564
[Epoch 1, Batch   302] loss: 1.451
[Epoch 1, Batch   402] loss: 1.353
[Epoch 1, Batch   502] loss: 1.292
Epoch 1/5:
Train Loss: 0.1044, Train Accuracy: 46.78%
Validation Loss: 1.4520, Validation Accuracy: 48.71%
[Epoch 2, Batch     2] loss: 0.025
[Epoch 2, Batch   102] loss: 1.164
[Epoch 2, Batch   202] loss: 1.124
[Epoch 2, Batch   302] loss: 1.102
[Epoch 2, Batch   402] loss: 1.085
[Epoch 2, Batch   502] loss: 1.065
Epoch 2/5:
Train Loss: 0.0853, Train Accuracy: 60.94%
Validation Loss: 1.0693, Validation Accuracy: 62.38%
[Epoch 3, Batch     2] loss: 0.019
[Epoch 3, Batch   102] loss: 0.919
[Epoch 3, Batch   202] loss: 0.937
[Epoch 3, Batch   302] loss: 0.920
[Epoch 3, Batch   402] loss: 0.920
[Epoch 3, Batch   502] loss: 0.905
Epoch 3/5:
Train Loss: 0.0734, Train Accuracy: 67.90%
Validation Loss: 1.0708, Validation Accuracy: 62.19%
[Epoch 4, Batch     2] loss: 0.017
[Epoch 4, Batch   102] loss: 0.755
[Epoch 4, Batch   202] loss: 0.799
[Epoch 4, Batch   302] loss: 0.829
[Epoch 4, Batch   402] loss: 0.789
[Epoch 4, Batch   502] loss: 0.795
Epoch 4/5:
Train Loss: 0.0630, Train Accuracy: 72.45%
Validation Loss: 0.8570, Validation Accuracy: 69.79%
[Epoch 5, Batch     2] loss: 0.013
[Epoch 5, Batch   102] loss: 0.656
[Epoch 5, Batch   202] loss: 0.691
[Epoch 5, Batch   302] loss: 0.707
[Epoch 5, Batch   402] loss: 0.684
[Epoch 5, Batch   502] loss: 0.705
Epoch 5/5:
Train Loss: 0.0584, Train Accuracy: 75.67%
Validation Loss: 1.0109, Validation Accuracy: 65.85%
Modified fc layer: updated out_features to 10.
Initialized untrained model.
resnet18-CIFAR10-random-0.5-3
[Epoch 1, Batch     2] loss: 0.050
[Epoch 1, Batch   102] loss: 1.774
[Epoch 1, Batch   202] loss: 1.541
[Epoch 1, Batch   302] loss: 1.407
Epoch 1/5:
Train Loss: 0.3046, Train Accuracy: 45.22%
Validation Loss: 1.5576, Validation Accuracy: 46.66%
[Epoch 2, Batch     2] loss: 0.026
[Epoch 2, Batch   102] loss: 1.210
[Epoch 2, Batch   202] loss: 1.184
[Epoch 2, Batch   302] loss: 1.139
Epoch 2/5:
Train Loss: 0.2597, Train Accuracy: 58.70%
Validation Loss: 1.2414, Validation Accuracy: 56.34%
[Epoch 3, Batch     2] loss: 0.021
[Epoch 3, Batch   102] loss: 0.984
[Epoch 3, Batch   202] loss: 0.999
[Epoch 3, Batch   302] loss: 0.988
Epoch 3/5:
Train Loss: 0.2254, Train Accuracy: 65.41%
Validation Loss: 1.1030, Validation Accuracy: 61.91%
[Epoch 4, Batch     2] loss: 0.017
[Epoch 4, Batch   102] loss: 0.877
[Epoch 4, Batch   202] loss: 0.896
[Epoch 4, Batch   302] loss: 0.842
Epoch 4/5:
Train Loss: 0.1943, Train Accuracy: 69.52%
Validation Loss: 1.2892, Validation Accuracy: 58.22%
[Epoch 5, Batch     2] loss: 0.014
[Epoch 5, Batch   102] loss: 0.757
[Epoch 5, Batch   202] loss: 0.740
[Epoch 5, Batch   302] loss: 0.744
Epoch 5/5:
Train Loss: 0.1805, Train Accuracy: 73.62%
Validation Loss: 1.0462, Validation Accuracy: 64.47%
Modified fc layer: updated out_features to 10.
Initialized untrained model.
resnet18-CIFAR10-random-0.7-3
[Epoch 1, Batch     2] loss: 0.050
[Epoch 1, Batch   102] loss: 1.800
[Epoch 1, Batch   202] loss: 1.578
Epoch 1/5:
Train Loss: 0.2102, Train Accuracy: 39.83%
Validation Loss: 1.4559, Validation Accuracy: 46.41%
[Epoch 2, Batch     2] loss: 0.026
[Epoch 2, Batch   102] loss: 1.387
[Epoch 2, Batch   202] loss: 1.310
Epoch 2/5:
Train Loss: 0.1713, Train Accuracy: 51.79%
Validation Loss: 1.3916, Validation Accuracy: 50.38%
[Epoch 3, Batch     2] loss: 0.025
[Epoch 3, Batch   102] loss: 1.169
[Epoch 3, Batch   202] loss: 1.133
Epoch 3/5:
Train Loss: 0.1556, Train Accuracy: 59.17%
Validation Loss: 1.2511, Validation Accuracy: 55.65%
[Epoch 4, Batch     2] loss: 0.021
[Epoch 4, Batch   102] loss: 0.978
[Epoch 4, Batch   202] loss: 0.984
Epoch 4/5:
Train Loss: 0.1411, Train Accuracy: 65.45%
Validation Loss: 1.1563, Validation Accuracy: 59.56%
[Epoch 5, Batch     2] loss: 0.014
[Epoch 5, Batch   102] loss: 0.830
[Epoch 5, Batch   202] loss: 0.866
Epoch 5/5:
Train Loss: 0.1268, Train Accuracy: 69.81%
Validation Loss: 1.2340, Validation Accuracy: 58.65%
Modified fc layer: updated out_features to 10.
Initialized untrained model.
resnet18-CIFAR10-random-0.8-3
[Epoch 1, Batch     2] loss: 0.049
[Epoch 1, Batch   102] loss: 1.820
Epoch 1/5:
Train Loss: 0.5564, Train Accuracy: 36.74%
Validation Loss: 1.8405, Validation Accuracy: 35.91%
[Epoch 2, Batch     2] loss: 0.028
[Epoch 2, Batch   102] loss: 1.441
Epoch 2/5:
Train Loss: 0.4876, Train Accuracy: 48.18%
Validation Loss: 1.5579, Validation Accuracy: 44.46%
[Epoch 3, Batch     2] loss: 0.026
[Epoch 3, Batch   102] loss: 1.266
Epoch 3/5:
Train Loss: 0.4271, Train Accuracy: 55.22%
Validation Loss: 1.3390, Validation Accuracy: 52.83%
[Epoch 4, Batch     2] loss: 0.021
[Epoch 4, Batch   102] loss: 1.077
Epoch 4/5:
Train Loss: 0.3800, Train Accuracy: 61.24%
Validation Loss: 1.5728, Validation Accuracy: 47.48%
[Epoch 5, Batch     2] loss: 0.017
[Epoch 5, Batch   102] loss: 0.960
Epoch 5/5:
Train Loss: 0.3286, Train Accuracy: 66.58%
Validation Loss: 1.5128, Validation Accuracy: 50.73%
Modified fc layer: updated out_features to 10.
Initialized untrained model.
resnet18-CIFAR10-random-0.9-3
[Epoch 1, Batch     2] loss: 0.046
Epoch 1/5:
Train Loss: 1.8180, Train Accuracy: 32.03%
Validation Loss: 1.8941, Validation Accuracy: 32.91%
[Epoch 2, Batch     2] loss: 0.033
Epoch 2/5:
Train Loss: 1.4851, Train Accuracy: 44.09%
Validation Loss: 1.5589, Validation Accuracy: 42.56%
[Epoch 3, Batch     2] loss: 0.025
Epoch 3/5:
Train Loss: 1.3317, Train Accuracy: 51.03%
Validation Loss: 2.0646, Validation Accuracy: 33.83%
[Epoch 4, Batch     2] loss: 0.023
Epoch 4/5:
Train Loss: 1.1795, Train Accuracy: 56.43%
Validation Loss: 1.6180, Validation Accuracy: 43.03%
[Epoch 5, Batch     2] loss: 0.020
Epoch 5/5:
Train Loss: 1.0442, Train Accuracy: 62.23%
Validation Loss: 1.7021, Validation Accuracy: 41.71%
Modified fc layer: updated out_features to 10.
Initialized untrained model.
resnet18-CIFAR10-random-0.95-3
[Epoch 1, Batch     2] loss: 0.047
Epoch 1/5:
Train Loss: 1.8761, Train Accuracy: 30.36%
Validation Loss: 2.5078, Validation Accuracy: 23.80%
[Epoch 2, Batch     2] loss: 0.035
Epoch 2/5:
Train Loss: 1.5050, Train Accuracy: 43.68%
Validation Loss: 3.6289, Validation Accuracy: 26.13%
[Epoch 3, Batch     2] loss: 0.026
Epoch 3/5:
Train Loss: 1.3720, Train Accuracy: 48.64%
Validation Loss: 1.7216, Validation Accuracy: 38.93%
[Epoch 4, Batch     2] loss: 0.025
Epoch 4/5:
Train Loss: 1.2282, Train Accuracy: 55.16%
Validation Loss: 2.5984, Validation Accuracy: 31.20%
[Epoch 5, Batch     2] loss: 0.022
Epoch 5/5:
Train Loss: 1.1751, Train Accuracy: 57.44%
Validation Loss: 2.0470, Validation Accuracy: 36.84%
Modified fc layer: updated out_features to 10.
Loaded weights from file: models/resnet18_CIFAR10_E1_3
Files already downloaded and verified
Files already downloaded and verified
Modified fc layer: updated out_features to 10.
Initialized untrained model.
[Epoch 1, Batch   100] loss: 0.966
[Epoch 1, Batch   200] loss: 0.947
[Epoch 1, Batch   300] loss: 0.937
[Epoch 1, Batch   400] loss: 0.927
[Epoch 1, Batch   500] loss: 0.921
Epoch 1/50:
Train Loss: 0.0783, Train Accuracy: 44.35%
Validation Loss: 0.9375, Validation Accuracy: 47.52%
[Epoch 2, Batch   100] loss: 0.908
[Epoch 2, Batch   200] loss: 0.902
[Epoch 2, Batch   300] loss: 0.902
[Epoch 2, Batch   400] loss: 0.895
[Epoch 2, Batch   500] loss: 0.895
Epoch 2/50:
Train Loss: 0.0766, Train Accuracy: 57.79%
Validation Loss: 0.8995, Validation Accuracy: 58.08%
[Epoch 3, Batch   100] loss: 0.882
[Epoch 3, Batch   200] loss: 0.884
[Epoch 3, Batch   300] loss: 0.885
[Epoch 3, Batch   400] loss: 0.881
[Epoch 3, Batch   500] loss: 0.876
Epoch 3/50:
Train Loss: 0.0756, Train Accuracy: 63.45%
Validation Loss: 0.8890, Validation Accuracy: 61.32%
[Epoch 4, Batch   100] loss: 0.867
[Epoch 4, Batch   200] loss: 0.863
[Epoch 4, Batch   300] loss: 0.866
[Epoch 4, Batch   400] loss: 0.862
[Epoch 4, Batch   500] loss: 0.868
Epoch 4/50:
Train Loss: 0.0742, Train Accuracy: 67.93%
Validation Loss: 0.8860, Validation Accuracy: 61.60%
[Epoch 5, Batch   100] loss: 0.848
[Epoch 5, Batch   200] loss: 0.857
[Epoch 5, Batch   300] loss: 0.853
[Epoch 5, Batch   400] loss: 0.854
[Epoch 5, Batch   500] loss: 0.854
Epoch 5/50:
Train Loss: 0.0737, Train Accuracy: 71.07%
Validation Loss: 0.8826, Validation Accuracy: 62.94%
[Epoch 6, Batch   100] loss: 0.838
[Epoch 6, Batch   200] loss: 0.842
[Epoch 6, Batch   300] loss: 0.846
[Epoch 6, Batch   400] loss: 0.842
[Epoch 6, Batch   500] loss: 0.845
Epoch 6/50:
Train Loss: 0.0729, Train Accuracy: 73.89%
Validation Loss: 0.8677, Validation Accuracy: 66.99%
[Epoch 7, Batch   100] loss: 0.828
[Epoch 7, Batch   200] loss: 0.833
[Epoch 7, Batch   300] loss: 0.835
[Epoch 7, Batch   400] loss: 0.832
[Epoch 7, Batch   500] loss: 0.836
Epoch 7/50:
Train Loss: 0.0722, Train Accuracy: 76.29%
Validation Loss: 0.8757, Validation Accuracy: 65.75%
[Epoch 8, Batch   100] loss: 0.818
[Epoch 8, Batch   200] loss: 0.825
[Epoch 8, Batch   300] loss: 0.822
[Epoch 8, Batch   400] loss: 0.825
[Epoch 8, Batch   500] loss: 0.830
Epoch 8/50:
Train Loss: 0.0713, Train Accuracy: 78.38%
Validation Loss: 0.8732, Validation Accuracy: 65.25%
[Epoch 9, Batch   100] loss: 0.813
[Epoch 9, Batch   200] loss: 0.814
[Epoch 9, Batch   300] loss: 0.817
[Epoch 9, Batch   400] loss: 0.816
[Epoch 9, Batch   500] loss: 0.820
Epoch 9/50:
Train Loss: 0.0704, Train Accuracy: 80.35%
Validation Loss: 0.8637, Validation Accuracy: 69.29%
[Epoch 10, Batch   100] loss: 0.803
[Epoch 10, Batch   200] loss: 0.806
[Epoch 10, Batch   300] loss: 0.807
[Epoch 10, Batch   400] loss: 0.812
[Epoch 10, Batch   500] loss: 0.814
Epoch 10/50:
Train Loss: 0.0702, Train Accuracy: 82.25%
Validation Loss: 0.8626, Validation Accuracy: 69.87%
[Epoch 11, Batch   100] loss: 0.793
[Epoch 11, Batch   200] loss: 0.797
[Epoch 11, Batch   300] loss: 0.804
[Epoch 11, Batch   400] loss: 0.803
[Epoch 11, Batch   500] loss: 0.806
Epoch 11/50:
Train Loss: 0.0692, Train Accuracy: 84.06%
Validation Loss: 0.8630, Validation Accuracy: 69.88%
[Epoch 12, Batch   100] loss: 0.788
[Epoch 12, Batch   200] loss: 0.792
[Epoch 12, Batch   300] loss: 0.797
[Epoch 12, Batch   400] loss: 0.797
[Epoch 12, Batch   500] loss: 0.800
Epoch 12/50:
Train Loss: 0.0687, Train Accuracy: 85.32%
Validation Loss: 0.8703, Validation Accuracy: 68.17%
[Epoch 13, Batch   100] loss: 0.783
[Epoch 13, Batch   200] loss: 0.792
[Epoch 13, Batch   300] loss: 0.789
[Epoch 13, Batch   400] loss: 0.792
[Epoch 13, Batch   500] loss: 0.792
Epoch 13/50:
Train Loss: 0.0683, Train Accuracy: 86.67%
Validation Loss: 0.8612, Validation Accuracy: 71.17%
[Epoch 14, Batch   100] loss: 0.778
[Epoch 14, Batch   200] loss: 0.780
[Epoch 14, Batch   300] loss: 0.785
[Epoch 14, Batch   400] loss: 0.791
[Epoch 14, Batch   500] loss: 0.785
Epoch 14/50:
Train Loss: 0.0682, Train Accuracy: 87.98%
Validation Loss: 0.8549, Validation Accuracy: 72.23%
[Epoch 15, Batch   100] loss: 0.772
[Epoch 15, Batch   200] loss: 0.777
[Epoch 15, Batch   300] loss: 0.782
[Epoch 15, Batch   400] loss: 0.783
[Epoch 15, Batch   500] loss: 0.784
Epoch 15/50:
Train Loss: 0.0673, Train Accuracy: 89.03%
Validation Loss: 0.8663, Validation Accuracy: 70.15%
[Epoch 16, Batch   100] loss: 0.770
[Epoch 16, Batch   200] loss: 0.774
[Epoch 16, Batch   300] loss: 0.776
[Epoch 16, Batch   400] loss: 0.780
[Epoch 16, Batch   500] loss: 0.780
Epoch 16/50:
Train Loss: 0.0672, Train Accuracy: 89.69%
Validation Loss: 0.8661, Validation Accuracy: 71.18%
[Epoch 17, Batch   100] loss: 0.768
[Epoch 17, Batch   200] loss: 0.772
[Epoch 17, Batch   300] loss: 0.770
[Epoch 17, Batch   400] loss: 0.771
[Epoch 17, Batch   500] loss: 0.773
Epoch 17/50:
Train Loss: 0.0670, Train Accuracy: 90.71%
Validation Loss: 0.8819, Validation Accuracy: 67.86%
[Epoch 18, Batch   100] loss: 0.766
[Epoch 18, Batch   200] loss: 0.769
[Epoch 18, Batch   300] loss: 0.771
[Epoch 18, Batch   400] loss: 0.772
[Epoch 18, Batch   500] loss: 0.775
Epoch 18/50:
Train Loss: 0.0663, Train Accuracy: 90.99%
Validation Loss: 0.8583, Validation Accuracy: 72.54%
[Epoch 19, Batch   100] loss: 0.760
[Epoch 19, Batch   200] loss: 0.767
[Epoch 19, Batch   300] loss: 0.768
[Epoch 19, Batch   400] loss: 0.771
[Epoch 19, Batch   500] loss: 0.772
Epoch 19/50:
Train Loss: 0.0667, Train Accuracy: 91.49%
Validation Loss: 0.8533, Validation Accuracy: 73.22%
[Epoch 20, Batch   100] loss: 0.758
[Epoch 20, Batch   200] loss: 0.765
[Epoch 20, Batch   300] loss: 0.768
[Epoch 20, Batch   400] loss: 0.769
[Epoch 20, Batch   500] loss: 0.771
Epoch 20/50:
Train Loss: 0.0661, Train Accuracy: 91.82%
Validation Loss: 0.8598, Validation Accuracy: 72.59%
[Epoch 21, Batch   100] loss: 0.759
[Epoch 21, Batch   200] loss: 0.762
[Epoch 21, Batch   300] loss: 0.764
[Epoch 21, Batch   400] loss: 0.767
[Epoch 21, Batch   500] loss: 0.765
Epoch 21/50:
Train Loss: 0.0660, Train Accuracy: 92.50%
Validation Loss: 0.8653, Validation Accuracy: 72.28%
[Epoch 22, Batch   100] loss: 0.758
[Epoch 22, Batch   200] loss: 0.762
[Epoch 22, Batch   300] loss: 0.766
[Epoch 22, Batch   400] loss: 0.765
[Epoch 22, Batch   500] loss: 0.766
Epoch 22/50:
Train Loss: 0.0661, Train Accuracy: 92.58%
Validation Loss: 0.8645, Validation Accuracy: 72.57%
[Epoch 23, Batch   100] loss: 0.757
[Epoch 23, Batch   200] loss: 0.761
[Epoch 23, Batch   300] loss: 0.763
[Epoch 23, Batch   400] loss: 0.765
[Epoch 23, Batch   500] loss: 0.767
Epoch 23/50:
Train Loss: 0.0659, Train Accuracy: 92.71%
Validation Loss: 0.8608, Validation Accuracy: 72.82%
[Epoch 24, Batch   100] loss: 0.753
[Epoch 24, Batch   200] loss: 0.758
[Epoch 24, Batch   300] loss: 0.759
[Epoch 24, Batch   400] loss: 0.761
[Epoch 24, Batch   500] loss: 0.764
Epoch 24/50:
Train Loss: 0.0657, Train Accuracy: 93.49%
Validation Loss: 0.8751, Validation Accuracy: 70.45%
[Epoch 25, Batch   100] loss: 0.757
[Epoch 25, Batch   200] loss: 0.753
[Epoch 25, Batch   300] loss: 0.758
[Epoch 25, Batch   400] loss: 0.760
[Epoch 25, Batch   500] loss: 0.763
Epoch 25/50:
Train Loss: 0.0653, Train Accuracy: 93.55%
Validation Loss: 0.8726, Validation Accuracy: 71.14%
[Epoch 26, Batch   100] loss: 0.753
[Epoch 26, Batch   200] loss: 0.752
[Epoch 26, Batch   300] loss: 0.757
[Epoch 26, Batch   400] loss: 0.761
[Epoch 26, Batch   500] loss: 0.764
Epoch 26/50:
Train Loss: 0.0658, Train Accuracy: 93.79%
Validation Loss: 0.8620, Validation Accuracy: 73.05%
[Epoch 27, Batch   100] loss: 0.752
[Epoch 27, Batch   200] loss: 0.754
[Epoch 27, Batch   300] loss: 0.755
[Epoch 27, Batch   400] loss: 0.760
[Epoch 27, Batch   500] loss: 0.757
Epoch 27/50:
Train Loss: 0.0654, Train Accuracy: 94.14%
Validation Loss: 0.8657, Validation Accuracy: 72.25%
[Epoch 28, Batch   100] loss: 0.749
[Epoch 28, Batch   200] loss: 0.748
[Epoch 28, Batch   300] loss: 0.752
[Epoch 28, Batch   400] loss: 0.757
[Epoch 28, Batch   500] loss: 0.758
Epoch 28/50:
Train Loss: 0.0653, Train Accuracy: 94.76%
Validation Loss: 0.8649, Validation Accuracy: 72.44%
[Epoch 29, Batch   100] loss: 0.751
[Epoch 29, Batch   200] loss: 0.751
[Epoch 29, Batch   300] loss: 0.755
[Epoch 29, Batch   400] loss: 0.760
[Epoch 29, Batch   500] loss: 0.759
Epoch 29/50:
Train Loss: 0.0660, Train Accuracy: 94.09%
Validation Loss: 0.8751, Validation Accuracy: 70.63%
[Epoch 30, Batch   100] loss: 0.752
[Epoch 30, Batch   200] loss: 0.754
[Epoch 30, Batch   300] loss: 0.752
[Epoch 30, Batch   400] loss: 0.756
[Epoch 30, Batch   500] loss: 0.758
Epoch 30/50:
Train Loss: 0.0651, Train Accuracy: 94.46%
Validation Loss: 0.8757, Validation Accuracy: 70.96%
[Epoch 31, Batch   100] loss: 0.750
[Epoch 31, Batch   200] loss: 0.750
[Epoch 31, Batch   300] loss: 0.751
[Epoch 31, Batch   400] loss: 0.756
[Epoch 31, Batch   500] loss: 0.758
Epoch 31/50:
Train Loss: 0.0651, Train Accuracy: 94.67%
Validation Loss: 0.8717, Validation Accuracy: 71.62%
[Epoch 32, Batch   100] loss: 0.752
[Epoch 32, Batch   200] loss: 0.752
[Epoch 32, Batch   300] loss: 0.756
[Epoch 32, Batch   400] loss: 0.757
[Epoch 32, Batch   500] loss: 0.758
Epoch 32/50:
Train Loss: 0.0651, Train Accuracy: 94.40%
Validation Loss: 0.8689, Validation Accuracy: 71.70%
[Epoch 33, Batch   100] loss: 0.749
[Epoch 33, Batch   200] loss: 0.750
[Epoch 33, Batch   300] loss: 0.752
[Epoch 33, Batch   400] loss: 0.756
[Epoch 33, Batch   500] loss: 0.757
Epoch 33/50:
Train Loss: 0.0646, Train Accuracy: 94.78%
Validation Loss: 0.8787, Validation Accuracy: 70.54%
[Epoch 34, Batch   100] loss: 0.748
[Epoch 34, Batch   200] loss: 0.748
[Epoch 34, Batch   300] loss: 0.751
[Epoch 34, Batch   400] loss: 0.755
[Epoch 34, Batch   500] loss: 0.757
Epoch 34/50:
Train Loss: 0.0651, Train Accuracy: 94.85%
Validation Loss: 0.8665, Validation Accuracy: 72.39%
[Epoch 35, Batch   100] loss: 0.748
[Epoch 35, Batch   200] loss: 0.750
[Epoch 35, Batch   300] loss: 0.754
[Epoch 35, Batch   400] loss: 0.754
[Epoch 35, Batch   500] loss: 0.754
Epoch 35/50:
Train Loss: 0.0650, Train Accuracy: 95.05%
Validation Loss: 0.8662, Validation Accuracy: 72.54%
[Epoch 36, Batch   100] loss: 0.748
[Epoch 36, Batch   200] loss: 0.747
[Epoch 36, Batch   300] loss: 0.751
[Epoch 36, Batch   400] loss: 0.754
[Epoch 36, Batch   500] loss: 0.752
Epoch 36/50:
Train Loss: 0.0648, Train Accuracy: 95.21%
Validation Loss: 0.8734, Validation Accuracy: 71.70%
[Epoch 37, Batch   100] loss: 0.747
[Epoch 37, Batch   200] loss: 0.748
[Epoch 37, Batch   300] loss: 0.749
[Epoch 37, Batch   400] loss: 0.755
[Epoch 37, Batch   500] loss: 0.753
Epoch 37/50:
Train Loss: 0.0645, Train Accuracy: 95.34%
Validation Loss: 0.8723, Validation Accuracy: 71.66%
[Epoch 38, Batch   100] loss: 0.745
[Epoch 38, Batch   200] loss: 0.751
[Epoch 38, Batch   300] loss: 0.750
[Epoch 38, Batch   400] loss: 0.752
[Epoch 38, Batch   500] loss: 0.751
Epoch 38/50:
Train Loss: 0.0653, Train Accuracy: 95.24%
Validation Loss: 0.8678, Validation Accuracy: 71.84%
[Epoch 39, Batch   100] loss: 0.750
[Epoch 39, Batch   200] loss: 0.750
[Epoch 39, Batch   300] loss: 0.755
[Epoch 39, Batch   400] loss: 0.753
[Epoch 39, Batch   500] loss: 0.752
Epoch 39/50:
Train Loss: 0.0649, Train Accuracy: 94.91%
Validation Loss: 0.8640, Validation Accuracy: 73.22%
[Epoch 40, Batch   100] loss: 0.744
[Epoch 40, Batch   200] loss: 0.747
[Epoch 40, Batch   300] loss: 0.747
[Epoch 40, Batch   400] loss: 0.751
[Epoch 40, Batch   500] loss: 0.754
Epoch 40/50:
Train Loss: 0.0650, Train Accuracy: 95.54%
Validation Loss: 0.8687, Validation Accuracy: 72.27%
[Epoch 41, Batch   100] loss: 0.745
[Epoch 41, Batch   200] loss: 0.746
[Epoch 41, Batch   300] loss: 0.750
[Epoch 41, Batch   400] loss: 0.751
[Epoch 41, Batch   500] loss: 0.755
Epoch 41/50:
Train Loss: 0.0649, Train Accuracy: 95.40%
Validation Loss: 0.8708, Validation Accuracy: 72.10%
[Epoch 42, Batch   100] loss: 0.746
[Epoch 42, Batch   200] loss: 0.750
[Epoch 42, Batch   300] loss: 0.750
[Epoch 42, Batch   400] loss: 0.748
[Epoch 42, Batch   500] loss: 0.753
Epoch 42/50:
Train Loss: 0.0646, Train Accuracy: 95.44%
Validation Loss: 0.8676, Validation Accuracy: 72.76%
[Epoch 43, Batch   100] loss: 0.744
[Epoch 43, Batch   200] loss: 0.749
[Epoch 43, Batch   300] loss: 0.750
[Epoch 43, Batch   400] loss: 0.753
[Epoch 43, Batch   500] loss: 0.751
Epoch 43/50:
Train Loss: 0.0649, Train Accuracy: 95.36%
Validation Loss: 0.8707, Validation Accuracy: 71.84%
[Epoch 44, Batch   100] loss: 0.749
[Epoch 44, Batch   200] loss: 0.747
[Epoch 44, Batch   300] loss: 0.749
[Epoch 44, Batch   400] loss: 0.751
[Epoch 44, Batch   500] loss: 0.750
Epoch 44/50:
Train Loss: 0.0645, Train Accuracy: 95.46%
Validation Loss: 0.8697, Validation Accuracy: 72.53%
[Epoch 45, Batch   100] loss: 0.745
[Epoch 45, Batch   200] loss: 0.749
[Epoch 45, Batch   300] loss: 0.747
[Epoch 45, Batch   400] loss: 0.751
[Epoch 45, Batch   500] loss: 0.750
Epoch 45/50:
Train Loss: 0.0648, Train Accuracy: 95.59%
Validation Loss: 0.8734, Validation Accuracy: 71.76%
[Epoch 46, Batch   100] loss: 0.744
[Epoch 46, Batch   200] loss: 0.743
[Epoch 46, Batch   300] loss: 0.751
[Epoch 46, Batch   400] loss: 0.750
[Epoch 46, Batch   500] loss: 0.752
Epoch 46/50:
Train Loss: 0.0646, Train Accuracy: 95.79%
Validation Loss: 0.8745, Validation Accuracy: 72.01%
[Epoch 47, Batch   100] loss: 0.748
[Epoch 47, Batch   200] loss: 0.745
[Epoch 47, Batch   300] loss: 0.748
[Epoch 47, Batch   400] loss: 0.750
[Epoch 47, Batch   500] loss: 0.750
Epoch 47/50:
Train Loss: 0.0650, Train Accuracy: 95.60%
Validation Loss: 0.8671, Validation Accuracy: 72.71%
[Epoch 48, Batch   100] loss: 0.746
[Epoch 48, Batch   200] loss: 0.747
[Epoch 48, Batch   300] loss: 0.750
[Epoch 48, Batch   400] loss: 0.749
[Epoch 48, Batch   500] loss: 0.756
Epoch 48/50:
Train Loss: 0.0649, Train Accuracy: 95.36%
Validation Loss: 0.8655, Validation Accuracy: 72.94%
[Epoch 49, Batch   100] loss: 0.748
[Epoch 49, Batch   200] loss: 0.747
[Epoch 49, Batch   300] loss: 0.747
[Epoch 49, Batch   400] loss: 0.748
[Epoch 49, Batch   500] loss: 0.749
Epoch 49/50:
Train Loss: 0.0645, Train Accuracy: 95.81%
Validation Loss: 0.8675, Validation Accuracy: 73.16%
[Epoch 50, Batch   100] loss: 0.742
[Epoch 50, Batch   200] loss: 0.743
[Epoch 50, Batch   300] loss: 0.745
[Epoch 50, Batch   400] loss: 0.746
[Epoch 50, Batch   500] loss: 0.752
Epoch 50/50:
Train Loss: 0.0649, Train Accuracy: 96.09%
Validation Loss: 0.8782, Validation Accuracy: 70.83%
Model saved to models/resnet18-EvidenceLoss-CIFAR10-EVIDENCE-balanced_by_score-0.3-3
Modified fc layer: updated out_features to 10.
Initialized untrained model.
[Epoch 1, Batch   100] loss: 0.966
[Epoch 1, Batch   200] loss: 0.949
[Epoch 1, Batch   300] loss: 0.937
Epoch 1/50:
Train Loss: 0.2164, Train Accuracy: 40.97%
Validation Loss: 0.9343, Validation Accuracy: 45.35%
[Epoch 2, Batch   100] loss: 0.915
[Epoch 2, Batch   200] loss: 0.913
[Epoch 2, Batch   300] loss: 0.907
Epoch 2/50:
Train Loss: 0.2094, Train Accuracy: 55.14%
Validation Loss: 0.9175, Validation Accuracy: 54.17%
[Epoch 3, Batch   100] loss: 0.889
[Epoch 3, Batch   200] loss: 0.887
[Epoch 3, Batch   300] loss: 0.885
Epoch 3/50:
Train Loss: 0.2068, Train Accuracy: 61.94%
Validation Loss: 0.9005, Validation Accuracy: 58.95%
[Epoch 4, Batch   100] loss: 0.873
[Epoch 4, Batch   200] loss: 0.868
[Epoch 4, Batch   300] loss: 0.871
Epoch 4/50:
Train Loss: 0.2028, Train Accuracy: 66.66%
Validation Loss: 0.8881, Validation Accuracy: 61.28%
[Epoch 5, Batch   100] loss: 0.858
[Epoch 5, Batch   200] loss: 0.858
[Epoch 5, Batch   300] loss: 0.861
Epoch 5/50:
Train Loss: 0.1998, Train Accuracy: 69.70%
Validation Loss: 0.9216, Validation Accuracy: 56.54%
[Epoch 6, Batch   100] loss: 0.842
[Epoch 6, Batch   200] loss: 0.848
[Epoch 6, Batch   300] loss: 0.848
Epoch 6/50:
Train Loss: 0.1974, Train Accuracy: 72.80%
Validation Loss: 0.9106, Validation Accuracy: 59.26%
[Epoch 7, Batch   100] loss: 0.833
[Epoch 7, Batch   200] loss: 0.835
[Epoch 7, Batch   300] loss: 0.839
Epoch 7/50:
Train Loss: 0.1944, Train Accuracy: 75.59%
Validation Loss: 0.8851, Validation Accuracy: 63.68%
[Epoch 8, Batch   100] loss: 0.821
[Epoch 8, Batch   200] loss: 0.825
[Epoch 8, Batch   300] loss: 0.828
Epoch 8/50:
Train Loss: 0.1934, Train Accuracy: 78.14%
Validation Loss: 0.8706, Validation Accuracy: 67.04%
[Epoch 9, Batch   100] loss: 0.810
[Epoch 9, Batch   200] loss: 0.818
[Epoch 9, Batch   300] loss: 0.820
Epoch 9/50:
Train Loss: 0.1919, Train Accuracy: 79.96%
Validation Loss: 0.8708, Validation Accuracy: 67.34%
[Epoch 10, Batch   100] loss: 0.804
[Epoch 10, Batch   200] loss: 0.808
[Epoch 10, Batch   300] loss: 0.807
Epoch 10/50:
Train Loss: 0.1894, Train Accuracy: 82.51%
Validation Loss: 0.8736, Validation Accuracy: 67.42%
[Epoch 11, Batch   100] loss: 0.796
[Epoch 11, Batch   200] loss: 0.804
[Epoch 11, Batch   300] loss: 0.808
Epoch 11/50:
Train Loss: 0.1870, Train Accuracy: 84.04%
Validation Loss: 0.8744, Validation Accuracy: 67.49%
[Epoch 12, Batch   100] loss: 0.788
[Epoch 12, Batch   200] loss: 0.794
[Epoch 12, Batch   300] loss: 0.798
Epoch 12/50:
Train Loss: 0.1857, Train Accuracy: 85.87%
Validation Loss: 0.8725, Validation Accuracy: 67.68%
[Epoch 13, Batch   100] loss: 0.784
[Epoch 13, Batch   200] loss: 0.788
[Epoch 13, Batch   300] loss: 0.788
Epoch 13/50:
Train Loss: 0.1844, Train Accuracy: 87.07%
Validation Loss: 0.9048, Validation Accuracy: 60.94%
[Epoch 14, Batch   100] loss: 0.779
[Epoch 14, Batch   200] loss: 0.783
[Epoch 14, Batch   300] loss: 0.784
Epoch 14/50:
Train Loss: 0.1829, Train Accuracy: 88.20%
Validation Loss: 0.8777, Validation Accuracy: 67.26%
[Epoch 15, Batch   100] loss: 0.773
[Epoch 15, Batch   200] loss: 0.776
[Epoch 15, Batch   300] loss: 0.780
Epoch 15/50:
Train Loss: 0.1825, Train Accuracy: 89.43%
Validation Loss: 0.8743, Validation Accuracy: 68.75%
[Epoch 16, Batch   100] loss: 0.769
[Epoch 16, Batch   200] loss: 0.774
[Epoch 16, Batch   300] loss: 0.775
Epoch 16/50:
Train Loss: 0.1821, Train Accuracy: 90.13%
Validation Loss: 0.8783, Validation Accuracy: 67.34%
[Epoch 17, Batch   100] loss: 0.765
[Epoch 17, Batch   200] loss: 0.769
[Epoch 17, Batch   300] loss: 0.772
Epoch 17/50:
Train Loss: 0.1813, Train Accuracy: 90.92%
Validation Loss: 0.8705, Validation Accuracy: 70.03%
[Epoch 18, Batch   100] loss: 0.763
[Epoch 18, Batch   200] loss: 0.768
[Epoch 18, Batch   300] loss: 0.770
Epoch 18/50:
Train Loss: 0.1806, Train Accuracy: 91.45%
Validation Loss: 0.8746, Validation Accuracy: 69.23%
[Epoch 19, Batch   100] loss: 0.762
[Epoch 19, Batch   200] loss: 0.764
[Epoch 19, Batch   300] loss: 0.767
Epoch 19/50:
Train Loss: 0.1791, Train Accuracy: 92.06%
Validation Loss: 0.8720, Validation Accuracy: 70.07%
[Epoch 20, Batch   100] loss: 0.759
[Epoch 20, Batch   200] loss: 0.761
[Epoch 20, Batch   300] loss: 0.769
Epoch 20/50:
Train Loss: 0.1787, Train Accuracy: 92.58%
Validation Loss: 0.8861, Validation Accuracy: 67.08%
[Epoch 21, Batch   100] loss: 0.759
[Epoch 21, Batch   200] loss: 0.759
[Epoch 21, Batch   300] loss: 0.761
Epoch 21/50:
Train Loss: 0.1783, Train Accuracy: 93.10%
Validation Loss: 0.8821, Validation Accuracy: 68.43%
[Epoch 22, Batch   100] loss: 0.756
[Epoch 22, Batch   200] loss: 0.759
[Epoch 22, Batch   300] loss: 0.761
Epoch 22/50:
Train Loss: 0.1777, Train Accuracy: 93.42%
Validation Loss: 0.8769, Validation Accuracy: 69.23%
[Epoch 23, Batch   100] loss: 0.756
[Epoch 23, Batch   200] loss: 0.758
[Epoch 23, Batch   300] loss: 0.759
Epoch 23/50:
Train Loss: 0.1769, Train Accuracy: 93.69%
Validation Loss: 0.8848, Validation Accuracy: 68.60%
[Epoch 24, Batch   100] loss: 0.754
[Epoch 24, Batch   200] loss: 0.757
[Epoch 24, Batch   300] loss: 0.758
Epoch 24/50:
Train Loss: 0.1773, Train Accuracy: 93.83%
Validation Loss: 0.8930, Validation Accuracy: 66.49%
[Epoch 25, Batch   100] loss: 0.755
[Epoch 25, Batch   200] loss: 0.752
[Epoch 25, Batch   300] loss: 0.759
Epoch 25/50:
Train Loss: 0.1768, Train Accuracy: 93.95%
Validation Loss: 0.8891, Validation Accuracy: 67.39%
[Epoch 26, Batch   100] loss: 0.750
[Epoch 26, Batch   200] loss: 0.752
[Epoch 26, Batch   300] loss: 0.753
Epoch 26/50:
Train Loss: 0.1759, Train Accuracy: 94.86%
Validation Loss: 0.8786, Validation Accuracy: 70.62%
[Epoch 27, Batch   100] loss: 0.751
[Epoch 27, Batch   200] loss: 0.755
[Epoch 27, Batch   300] loss: 0.755
Epoch 27/50:
Train Loss: 0.1763, Train Accuracy: 94.53%
Validation Loss: 0.8929, Validation Accuracy: 67.45%
[Epoch 28, Batch   100] loss: 0.751
[Epoch 28, Batch   200] loss: 0.754
[Epoch 28, Batch   300] loss: 0.755
Epoch 28/50:
Train Loss: 0.1767, Train Accuracy: 94.48%
Validation Loss: 0.8942, Validation Accuracy: 67.59%
[Epoch 29, Batch   100] loss: 0.752
[Epoch 29, Batch   200] loss: 0.753
[Epoch 29, Batch   300] loss: 0.754
Epoch 29/50:
Train Loss: 0.1766, Train Accuracy: 94.52%
Validation Loss: 0.8915, Validation Accuracy: 66.81%
[Epoch 30, Batch   100] loss: 0.749
[Epoch 30, Batch   200] loss: 0.748
[Epoch 30, Batch   300] loss: 0.752
Epoch 30/50:
Train Loss: 0.1754, Train Accuracy: 95.33%
Validation Loss: 0.8800, Validation Accuracy: 69.83%
[Epoch 31, Batch   100] loss: 0.748
[Epoch 31, Batch   200] loss: 0.749
[Epoch 31, Batch   300] loss: 0.752
Epoch 31/50:
Train Loss: 0.1754, Train Accuracy: 95.28%
Validation Loss: 0.8840, Validation Accuracy: 69.26%
[Epoch 32, Batch   100] loss: 0.749
[Epoch 32, Batch   200] loss: 0.750
[Epoch 32, Batch   300] loss: 0.751
Epoch 32/50:
Train Loss: 0.1755, Train Accuracy: 95.28%
Validation Loss: 0.8826, Validation Accuracy: 69.17%
[Epoch 33, Batch   100] loss: 0.747
[Epoch 33, Batch   200] loss: 0.752
[Epoch 33, Batch   300] loss: 0.753
Epoch 33/50:
Train Loss: 0.1750, Train Accuracy: 95.16%
Validation Loss: 0.8815, Validation Accuracy: 69.94%
[Epoch 34, Batch   100] loss: 0.746
[Epoch 34, Batch   200] loss: 0.749
[Epoch 34, Batch   300] loss: 0.751
Epoch 34/50:
Train Loss: 0.1753, Train Accuracy: 95.52%
Validation Loss: 0.8813, Validation Accuracy: 69.63%
[Epoch 35, Batch   100] loss: 0.745
[Epoch 35, Batch   200] loss: 0.748
[Epoch 35, Batch   300] loss: 0.749
Epoch 35/50:
Train Loss: 0.1744, Train Accuracy: 95.76%
Validation Loss: 0.8829, Validation Accuracy: 70.04%
[Epoch 36, Batch   100] loss: 0.745
[Epoch 36, Batch   200] loss: 0.749
[Epoch 36, Batch   300] loss: 0.751
Epoch 36/50:
Train Loss: 0.1747, Train Accuracy: 95.64%
Validation Loss: 0.8834, Validation Accuracy: 69.93%
[Epoch 37, Batch   100] loss: 0.747
[Epoch 37, Batch   200] loss: 0.749
[Epoch 37, Batch   300] loss: 0.752
Epoch 37/50:
Train Loss: 0.1749, Train Accuracy: 95.42%
Validation Loss: 0.8905, Validation Accuracy: 68.12%
[Epoch 38, Batch   100] loss: 0.744
[Epoch 38, Batch   200] loss: 0.747
[Epoch 38, Batch   300] loss: 0.750
Epoch 38/50:
Train Loss: 0.1758, Train Accuracy: 95.70%
Validation Loss: 0.8993, Validation Accuracy: 66.68%
[Epoch 39, Batch   100] loss: 0.747
[Epoch 39, Batch   200] loss: 0.745
[Epoch 39, Batch   300] loss: 0.747
Epoch 39/50:
Train Loss: 0.1746, Train Accuracy: 95.93%
Validation Loss: 0.8927, Validation Accuracy: 67.96%
[Epoch 40, Batch   100] loss: 0.747
[Epoch 40, Batch   200] loss: 0.748
[Epoch 40, Batch   300] loss: 0.752
Epoch 40/50:
Train Loss: 0.1744, Train Accuracy: 95.61%
Validation Loss: 0.8760, Validation Accuracy: 70.87%
[Epoch 41, Batch   100] loss: 0.745
[Epoch 41, Batch   200] loss: 0.748
[Epoch 41, Batch   300] loss: 0.747
Epoch 41/50:
Train Loss: 0.1744, Train Accuracy: 95.95%
Validation Loss: 0.8835, Validation Accuracy: 69.82%
[Epoch 42, Batch   100] loss: 0.742
[Epoch 42, Batch   200] loss: 0.745
[Epoch 42, Batch   300] loss: 0.750
Epoch 42/50:
Train Loss: 0.1742, Train Accuracy: 96.14%
Validation Loss: 0.8846, Validation Accuracy: 69.31%
[Epoch 43, Batch   100] loss: 0.745
[Epoch 43, Batch   200] loss: 0.745
[Epoch 43, Batch   300] loss: 0.750
Epoch 43/50:
Train Loss: 0.1752, Train Accuracy: 95.88%
Validation Loss: 0.8821, Validation Accuracy: 69.96%
[Epoch 44, Batch   100] loss: 0.744
[Epoch 44, Batch   200] loss: 0.745
[Epoch 44, Batch   300] loss: 0.749
Epoch 44/50:
Train Loss: 0.1743, Train Accuracy: 96.06%
Validation Loss: 0.8860, Validation Accuracy: 69.80%
[Epoch 45, Batch   100] loss: 0.744
[Epoch 45, Batch   200] loss: 0.745
[Epoch 45, Batch   300] loss: 0.750
Epoch 45/50:
Train Loss: 0.1740, Train Accuracy: 96.06%
Validation Loss: 0.8894, Validation Accuracy: 69.16%
[Epoch 46, Batch   100] loss: 0.742
[Epoch 46, Batch   200] loss: 0.744
[Epoch 46, Batch   300] loss: 0.747
Epoch 46/50:
Train Loss: 0.1747, Train Accuracy: 96.23%
Validation Loss: 0.8841, Validation Accuracy: 69.28%
[Epoch 47, Batch   100] loss: 0.741
[Epoch 47, Batch   200] loss: 0.744
[Epoch 47, Batch   300] loss: 0.744
Epoch 47/50:
Train Loss: 0.1733, Train Accuracy: 96.74%
Validation Loss: 0.8896, Validation Accuracy: 68.79%
[Epoch 48, Batch   100] loss: 0.741
[Epoch 48, Batch   200] loss: 0.745
[Epoch 48, Batch   300] loss: 0.745
Epoch 48/50:
Train Loss: 0.1746, Train Accuracy: 96.40%
Validation Loss: 0.8872, Validation Accuracy: 68.93%
[Epoch 49, Batch   100] loss: 0.743
[Epoch 49, Batch   200] loss: 0.744
[Epoch 49, Batch   300] loss: 0.744
Epoch 49/50:
Train Loss: 0.1750, Train Accuracy: 96.30%
Validation Loss: 0.8838, Validation Accuracy: 70.09%
[Epoch 50, Batch   100] loss: 0.745
[Epoch 50, Batch   200] loss: 0.747
[Epoch 50, Batch   300] loss: 0.749
Epoch 50/50:
Train Loss: 0.1738, Train Accuracy: 96.09%
Validation Loss: 0.8837, Validation Accuracy: 70.80%
Model saved to models/resnet18-EvidenceLoss-CIFAR10-EVIDENCE-balanced_by_score-0.5-3
Modified fc layer: updated out_features to 10.
Initialized untrained model.
[Epoch 1, Batch   100] loss: 0.965
[Epoch 1, Batch   200] loss: 0.951
Epoch 1/50:
Train Loss: 0.1401, Train Accuracy: 36.67%
Validation Loss: 0.9574, Validation Accuracy: 35.67%
[Epoch 2, Batch   100] loss: 0.934
[Epoch 2, Batch   200] loss: 0.927
Epoch 2/50:
Train Loss: 0.1372, Train Accuracy: 48.19%
Validation Loss: 0.9277, Validation Accuracy: 48.42%
[Epoch 3, Batch   100] loss: 0.911
[Epoch 3, Batch   200] loss: 0.910
Epoch 3/50:
Train Loss: 0.1342, Train Accuracy: 54.86%
Validation Loss: 0.9292, Validation Accuracy: 47.58%
[Epoch 4, Batch   100] loss: 0.894
[Epoch 4, Batch   200] loss: 0.891
Epoch 4/50:
Train Loss: 0.1336, Train Accuracy: 59.83%
Validation Loss: 0.9736, Validation Accuracy: 36.34%
[Epoch 5, Batch   100] loss: 0.877
[Epoch 5, Batch   200] loss: 0.878
Epoch 5/50:
Train Loss: 0.1311, Train Accuracy: 63.88%
Validation Loss: 0.9185, Validation Accuracy: 52.45%
[Epoch 6, Batch   100] loss: 0.861
[Epoch 6, Batch   200] loss: 0.865
Epoch 6/50:
Train Loss: 0.1300, Train Accuracy: 68.25%
Validation Loss: 0.9267, Validation Accuracy: 52.55%
[Epoch 7, Batch   100] loss: 0.849
[Epoch 7, Batch   200] loss: 0.858
Epoch 7/50:
Train Loss: 0.1276, Train Accuracy: 71.13%
Validation Loss: 0.9036, Validation Accuracy: 58.44%
[Epoch 8, Batch   100] loss: 0.835
[Epoch 8, Batch   200] loss: 0.845
Epoch 8/50:
Train Loss: 0.1259, Train Accuracy: 74.28%
Validation Loss: 0.8918, Validation Accuracy: 61.70%
[Epoch 9, Batch   100] loss: 0.829
[Epoch 9, Batch   200] loss: 0.832
Epoch 9/50:
Train Loss: 0.1254, Train Accuracy: 76.51%
Validation Loss: 0.8994, Validation Accuracy: 60.95%
[Epoch 10, Batch   100] loss: 0.817
[Epoch 10, Batch   200] loss: 0.820
Epoch 10/50:
Train Loss: 0.1232, Train Accuracy: 79.36%
Validation Loss: 0.9002, Validation Accuracy: 60.96%
[Epoch 11, Batch   100] loss: 0.806
[Epoch 11, Batch   200] loss: 0.816
Epoch 11/50:
Train Loss: 0.1220, Train Accuracy: 81.33%
Validation Loss: 0.8974, Validation Accuracy: 60.95%
[Epoch 12, Batch   100] loss: 0.800
[Epoch 12, Batch   200] loss: 0.804
Epoch 12/50:
Train Loss: 0.1202, Train Accuracy: 83.67%
Validation Loss: 0.8859, Validation Accuracy: 64.60%
[Epoch 13, Batch   100] loss: 0.789
[Epoch 13, Batch   200] loss: 0.797
Epoch 13/50:
Train Loss: 0.1199, Train Accuracy: 85.48%
Validation Loss: 0.9226, Validation Accuracy: 57.70%
[Epoch 14, Batch   100] loss: 0.788
[Epoch 14, Batch   200] loss: 0.787
Epoch 14/50:
Train Loss: 0.1184, Train Accuracy: 87.19%
Validation Loss: 0.9062, Validation Accuracy: 61.80%
[Epoch 15, Batch   100] loss: 0.778
[Epoch 15, Batch   200] loss: 0.785
Epoch 15/50:
Train Loss: 0.1180, Train Accuracy: 88.14%
Validation Loss: 0.9181, Validation Accuracy: 59.25%
[Epoch 16, Batch   100] loss: 0.775
[Epoch 16, Batch   200] loss: 0.775
Epoch 16/50:
Train Loss: 0.1162, Train Accuracy: 89.82%
Validation Loss: 0.9135, Validation Accuracy: 60.68%
[Epoch 17, Batch   100] loss: 0.772
[Epoch 17, Batch   200] loss: 0.775
Epoch 17/50:
Train Loss: 0.1160, Train Accuracy: 90.16%
Validation Loss: 0.9082, Validation Accuracy: 62.27%
[Epoch 18, Batch   100] loss: 0.768
[Epoch 18, Batch   200] loss: 0.772
Epoch 18/50:
Train Loss: 0.1148, Train Accuracy: 91.12%
Validation Loss: 0.9171, Validation Accuracy: 60.36%
[Epoch 19, Batch   100] loss: 0.766
[Epoch 19, Batch   200] loss: 0.767
Epoch 19/50:
Train Loss: 0.1150, Train Accuracy: 91.72%
Validation Loss: 0.9034, Validation Accuracy: 63.11%
[Epoch 20, Batch   100] loss: 0.761
[Epoch 20, Batch   200] loss: 0.766
Epoch 20/50:
Train Loss: 0.1149, Train Accuracy: 92.29%
Validation Loss: 0.9113, Validation Accuracy: 61.68%
[Epoch 21, Batch   100] loss: 0.759
[Epoch 21, Batch   200] loss: 0.765
Epoch 21/50:
Train Loss: 0.1150, Train Accuracy: 92.63%
Validation Loss: 0.9106, Validation Accuracy: 61.91%
[Epoch 22, Batch   100] loss: 0.757
[Epoch 22, Batch   200] loss: 0.763
Epoch 22/50:
Train Loss: 0.1129, Train Accuracy: 93.39%
Validation Loss: 0.9100, Validation Accuracy: 62.10%
[Epoch 23, Batch   100] loss: 0.754
[Epoch 23, Batch   200] loss: 0.759
Epoch 23/50:
Train Loss: 0.1132, Train Accuracy: 93.82%
Validation Loss: 0.9068, Validation Accuracy: 63.17%
[Epoch 24, Batch   100] loss: 0.755
[Epoch 24, Batch   200] loss: 0.760
Epoch 24/50:
Train Loss: 0.1137, Train Accuracy: 93.69%
Validation Loss: 0.9401, Validation Accuracy: 57.42%
[Epoch 25, Batch   100] loss: 0.755
[Epoch 25, Batch   200] loss: 0.758
Epoch 25/50:
Train Loss: 0.1135, Train Accuracy: 93.79%
Validation Loss: 0.9067, Validation Accuracy: 63.46%
[Epoch 26, Batch   100] loss: 0.752
[Epoch 26, Batch   200] loss: 0.758
Epoch 26/50:
Train Loss: 0.1130, Train Accuracy: 94.37%
Validation Loss: 0.9044, Validation Accuracy: 63.91%
[Epoch 27, Batch   100] loss: 0.754
[Epoch 27, Batch   200] loss: 0.754
Epoch 27/50:
Train Loss: 0.1122, Train Accuracy: 94.55%
Validation Loss: 0.9141, Validation Accuracy: 63.08%
[Epoch 28, Batch   100] loss: 0.750
[Epoch 28, Batch   200] loss: 0.750
Epoch 28/50:
Train Loss: 0.1124, Train Accuracy: 95.24%
Validation Loss: 0.9141, Validation Accuracy: 62.59%
[Epoch 29, Batch   100] loss: 0.750
[Epoch 29, Batch   200] loss: 0.752
Epoch 29/50:
Train Loss: 0.1130, Train Accuracy: 95.13%
Validation Loss: 0.9179, Validation Accuracy: 61.35%
[Epoch 30, Batch   100] loss: 0.749
[Epoch 30, Batch   200] loss: 0.753
Epoch 30/50:
Train Loss: 0.1129, Train Accuracy: 94.92%
Validation Loss: 0.9114, Validation Accuracy: 63.21%
[Epoch 31, Batch   100] loss: 0.752
[Epoch 31, Batch   200] loss: 0.751
Epoch 31/50:
Train Loss: 0.1116, Train Accuracy: 95.21%
Validation Loss: 0.9136, Validation Accuracy: 63.04%
[Epoch 32, Batch   100] loss: 0.745
[Epoch 32, Batch   200] loss: 0.748
Epoch 32/50:
Train Loss: 0.1125, Train Accuracy: 95.99%
Validation Loss: 0.9066, Validation Accuracy: 64.19%
[Epoch 33, Batch   100] loss: 0.750
[Epoch 33, Batch   200] loss: 0.751
Epoch 33/50:
Train Loss: 0.1129, Train Accuracy: 95.05%
Validation Loss: 0.9030, Validation Accuracy: 64.38%
[Epoch 34, Batch   100] loss: 0.746
[Epoch 34, Batch   200] loss: 0.749
Epoch 34/50:
Train Loss: 0.1117, Train Accuracy: 95.79%
Validation Loss: 0.9325, Validation Accuracy: 59.93%
[Epoch 35, Batch   100] loss: 0.748
[Epoch 35, Batch   200] loss: 0.751
Epoch 35/50:
Train Loss: 0.1131, Train Accuracy: 95.19%
Validation Loss: 0.9159, Validation Accuracy: 62.36%
[Epoch 36, Batch   100] loss: 0.746
[Epoch 36, Batch   200] loss: 0.745
Epoch 36/50:
Train Loss: 0.1106, Train Accuracy: 96.23%
Validation Loss: 0.9114, Validation Accuracy: 64.49%
[Epoch 37, Batch   100] loss: 0.745
[Epoch 37, Batch   200] loss: 0.747
Epoch 37/50:
Train Loss: 0.1125, Train Accuracy: 95.82%
Validation Loss: 0.9192, Validation Accuracy: 62.10%
[Epoch 38, Batch   100] loss: 0.749
[Epoch 38, Batch   200] loss: 0.748
Epoch 38/50:
Train Loss: 0.1119, Train Accuracy: 95.65%
Validation Loss: 0.9214, Validation Accuracy: 61.82%
[Epoch 39, Batch   100] loss: 0.746
[Epoch 39, Batch   200] loss: 0.747
Epoch 39/50:
Train Loss: 0.1115, Train Accuracy: 96.09%
Validation Loss: 0.9168, Validation Accuracy: 62.92%
[Epoch 40, Batch   100] loss: 0.744
[Epoch 40, Batch   200] loss: 0.746
Epoch 40/50:
Train Loss: 0.1115, Train Accuracy: 96.35%
Validation Loss: 0.9265, Validation Accuracy: 61.65%
[Epoch 41, Batch   100] loss: 0.743
[Epoch 41, Batch   200] loss: 0.747
Epoch 41/50:
Train Loss: 0.1121, Train Accuracy: 96.15%
Validation Loss: 0.9181, Validation Accuracy: 62.78%
[Epoch 42, Batch   100] loss: 0.744
[Epoch 42, Batch   200] loss: 0.744
Epoch 42/50:
Train Loss: 0.1116, Train Accuracy: 96.35%
Validation Loss: 0.9262, Validation Accuracy: 61.52%
[Epoch 43, Batch   100] loss: 0.744
[Epoch 43, Batch   200] loss: 0.745
Epoch 43/50:
Train Loss: 0.1119, Train Accuracy: 96.35%
Validation Loss: 0.9254, Validation Accuracy: 60.78%
[Epoch 44, Batch   100] loss: 0.746
[Epoch 44, Batch   200] loss: 0.747
Epoch 44/50:
Train Loss: 0.1114, Train Accuracy: 95.98%
Validation Loss: 0.9242, Validation Accuracy: 62.23%
[Epoch 45, Batch   100] loss: 0.743
[Epoch 45, Batch   200] loss: 0.741
Epoch 45/50:
Train Loss: 0.1116, Train Accuracy: 96.93%
Validation Loss: 0.9242, Validation Accuracy: 61.72%
[Epoch 46, Batch   100] loss: 0.746
[Epoch 46, Batch   200] loss: 0.746
Epoch 46/50:
Train Loss: 0.1107, Train Accuracy: 96.31%
Validation Loss: 0.9136, Validation Accuracy: 64.20%
[Epoch 47, Batch   100] loss: 0.742
[Epoch 47, Batch   200] loss: 0.742
Epoch 47/50:
Train Loss: 0.1110, Train Accuracy: 96.78%
Validation Loss: 0.9114, Validation Accuracy: 64.23%
[Epoch 48, Batch   100] loss: 0.741
[Epoch 48, Batch   200] loss: 0.744
Epoch 48/50:
Train Loss: 0.1113, Train Accuracy: 96.67%
Validation Loss: 0.9327, Validation Accuracy: 60.94%
[Epoch 49, Batch   100] loss: 0.741
[Epoch 49, Batch   200] loss: 0.743
Epoch 49/50:
Train Loss: 0.1108, Train Accuracy: 96.95%
Validation Loss: 0.9213, Validation Accuracy: 62.10%
[Epoch 50, Batch   100] loss: 0.743
[Epoch 50, Batch   200] loss: 0.746
Epoch 50/50:
Train Loss: 0.1109, Train Accuracy: 96.39%
Validation Loss: 0.9291, Validation Accuracy: 60.82%
Model saved to models/resnet18-EvidenceLoss-CIFAR10-EVIDENCE-balanced_by_score-0.7-3
Modified fc layer: updated out_features to 10.
Initialized untrained model.
[Epoch 1, Batch   100] loss: 0.966
Epoch 1/50:
Train Loss: 0.3374, Train Accuracy: 34.15%
Validation Loss: 0.9473, Validation Accuracy: 41.36%
[Epoch 2, Batch   100] loss: 0.935
Epoch 2/50:
Train Loss: 0.3307, Train Accuracy: 45.93%
Validation Loss: 0.9372, Validation Accuracy: 44.03%
[Epoch 3, Batch   100] loss: 0.913
Epoch 3/50:
Train Loss: 0.3241, Train Accuracy: 54.03%
Validation Loss: 0.9363, Validation Accuracy: 45.81%
[Epoch 4, Batch   100] loss: 0.891
Epoch 4/50:
Train Loss: 0.3191, Train Accuracy: 59.74%
Validation Loss: 0.9335, Validation Accuracy: 45.44%
[Epoch 5, Batch   100] loss: 0.877
Epoch 5/50:
Train Loss: 0.3123, Train Accuracy: 64.79%
Validation Loss: 0.9188, Validation Accuracy: 53.21%
[Epoch 6, Batch   100] loss: 0.862
Epoch 6/50:
Train Loss: 0.3094, Train Accuracy: 67.77%
Validation Loss: 0.9079, Validation Accuracy: 55.34%
[Epoch 7, Batch   100] loss: 0.846
Epoch 7/50:
Train Loss: 0.3032, Train Accuracy: 72.30%
Validation Loss: 0.9113, Validation Accuracy: 55.04%
[Epoch 8, Batch   100] loss: 0.837
Epoch 8/50:
Train Loss: 0.2983, Train Accuracy: 75.20%
Validation Loss: 0.9048, Validation Accuracy: 58.21%
[Epoch 9, Batch   100] loss: 0.820
Epoch 9/50:
Train Loss: 0.2964, Train Accuracy: 78.22%
Validation Loss: 0.9079, Validation Accuracy: 57.83%
[Epoch 10, Batch   100] loss: 0.813
Epoch 10/50:
Train Loss: 0.2918, Train Accuracy: 80.42%
Validation Loss: 0.9460, Validation Accuracy: 50.16%
[Epoch 11, Batch   100] loss: 0.799
Epoch 11/50:
Train Loss: 0.2869, Train Accuracy: 83.56%
Validation Loss: 0.9099, Validation Accuracy: 59.48%
[Epoch 12, Batch   100] loss: 0.796
Epoch 12/50:
Train Loss: 0.2840, Train Accuracy: 84.80%
Validation Loss: 0.9160, Validation Accuracy: 57.72%
[Epoch 13, Batch   100] loss: 0.790
Epoch 13/50:
Train Loss: 0.2819, Train Accuracy: 86.45%
Validation Loss: 0.9129, Validation Accuracy: 58.31%
[Epoch 14, Batch   100] loss: 0.782
Epoch 14/50:
Train Loss: 0.2793, Train Accuracy: 88.16%
Validation Loss: 0.9339, Validation Accuracy: 54.84%
[Epoch 15, Batch   100] loss: 0.778
Epoch 15/50:
Train Loss: 0.2760, Train Accuracy: 89.19%
Validation Loss: 0.9451, Validation Accuracy: 54.96%
[Epoch 16, Batch   100] loss: 0.771
Epoch 16/50:
Train Loss: 0.2753, Train Accuracy: 90.75%
Validation Loss: 0.9240, Validation Accuracy: 58.38%
[Epoch 17, Batch   100] loss: 0.768
Epoch 17/50:
Train Loss: 0.2740, Train Accuracy: 91.21%
Validation Loss: 0.9542, Validation Accuracy: 52.96%
[Epoch 18, Batch   100] loss: 0.765
Epoch 18/50:
Train Loss: 0.2719, Train Accuracy: 92.23%
Validation Loss: 0.9105, Validation Accuracy: 61.24%
[Epoch 19, Batch   100] loss: 0.759
Epoch 19/50:
Train Loss: 0.2728, Train Accuracy: 92.77%
Validation Loss: 0.9362, Validation Accuracy: 55.99%
[Epoch 20, Batch   100] loss: 0.761
Epoch 20/50:
Train Loss: 0.2706, Train Accuracy: 92.98%
Validation Loss: 0.9275, Validation Accuracy: 58.10%
[Epoch 21, Batch   100] loss: 0.756
Epoch 21/50:
Train Loss: 0.2691, Train Accuracy: 93.76%
Validation Loss: 0.9313, Validation Accuracy: 57.32%
[Epoch 22, Batch   100] loss: 0.754
Epoch 22/50:
Train Loss: 0.2697, Train Accuracy: 94.04%
Validation Loss: 0.9305, Validation Accuracy: 58.12%
[Epoch 23, Batch   100] loss: 0.755
Epoch 23/50:
Train Loss: 0.2693, Train Accuracy: 94.08%
Validation Loss: 0.9386, Validation Accuracy: 55.18%
[Epoch 24, Batch   100] loss: 0.752
Epoch 24/50:
Train Loss: 0.2679, Train Accuracy: 94.72%
Validation Loss: 0.9203, Validation Accuracy: 60.44%
[Epoch 25, Batch   100] loss: 0.752
Epoch 25/50:
Train Loss: 0.2683, Train Accuracy: 94.80%
Validation Loss: 0.9353, Validation Accuracy: 57.21%
[Epoch 26, Batch   100] loss: 0.750
Epoch 26/50:
Train Loss: 0.2679, Train Accuracy: 94.94%
Validation Loss: 0.9357, Validation Accuracy: 56.96%
[Epoch 27, Batch   100] loss: 0.750
Epoch 27/50:
Train Loss: 0.2665, Train Accuracy: 95.26%
Validation Loss: 0.9235, Validation Accuracy: 59.70%
[Epoch 28, Batch   100] loss: 0.745
Epoch 28/50:
Train Loss: 0.2658, Train Accuracy: 96.11%
Validation Loss: 0.9200, Validation Accuracy: 60.48%
[Epoch 29, Batch   100] loss: 0.749
Epoch 29/50:
Train Loss: 0.2676, Train Accuracy: 95.11%
Validation Loss: 0.9315, Validation Accuracy: 58.59%
[Epoch 30, Batch   100] loss: 0.750
Epoch 30/50:
Train Loss: 0.2676, Train Accuracy: 95.21%
Validation Loss: 0.9198, Validation Accuracy: 60.29%
[Epoch 31, Batch   100] loss: 0.746
Epoch 31/50:
Train Loss: 0.2653, Train Accuracy: 96.18%
Validation Loss: 0.9248, Validation Accuracy: 59.93%
[Epoch 32, Batch   100] loss: 0.746
Epoch 32/50:
Train Loss: 0.2669, Train Accuracy: 95.84%
Validation Loss: 0.9243, Validation Accuracy: 59.90%
[Epoch 33, Batch   100] loss: 0.743
Epoch 33/50:
Train Loss: 0.2645, Train Accuracy: 96.77%
Validation Loss: 0.9186, Validation Accuracy: 61.33%
[Epoch 34, Batch   100] loss: 0.744
Epoch 34/50:
Train Loss: 0.2670, Train Accuracy: 96.10%
Validation Loss: 0.9344, Validation Accuracy: 58.14%
[Epoch 35, Batch   100] loss: 0.749
Epoch 35/50:
Train Loss: 0.2647, Train Accuracy: 96.02%
Validation Loss: 0.9407, Validation Accuracy: 57.28%
[Epoch 36, Batch   100] loss: 0.746
Epoch 36/50:
Train Loss: 0.2646, Train Accuracy: 96.41%
Validation Loss: 0.9385, Validation Accuracy: 57.35%
[Epoch 37, Batch   100] loss: 0.746
Epoch 37/50:
Train Loss: 0.2651, Train Accuracy: 96.24%
Validation Loss: 0.9330, Validation Accuracy: 59.01%
[Epoch 38, Batch   100] loss: 0.743
Epoch 38/50:
Train Loss: 0.2644, Train Accuracy: 96.79%
Validation Loss: 0.9313, Validation Accuracy: 59.88%
[Epoch 39, Batch   100] loss: 0.744
Epoch 39/50:
Train Loss: 0.2648, Train Accuracy: 96.39%
Validation Loss: 0.9414, Validation Accuracy: 57.92%
[Epoch 40, Batch   100] loss: 0.740
Epoch 40/50:
Train Loss: 0.2640, Train Accuracy: 97.06%
Validation Loss: 0.9350, Validation Accuracy: 59.05%
[Epoch 41, Batch   100] loss: 0.742
Epoch 41/50:
Train Loss: 0.2649, Train Accuracy: 96.69%
Validation Loss: 0.9443, Validation Accuracy: 57.97%
[Epoch 42, Batch   100] loss: 0.744
Epoch 42/50:
Train Loss: 0.2658, Train Accuracy: 96.43%
Validation Loss: 0.9397, Validation Accuracy: 57.40%
[Epoch 43, Batch   100] loss: 0.744
Epoch 43/50:
Train Loss: 0.2650, Train Accuracy: 96.43%
Validation Loss: 0.9368, Validation Accuracy: 59.06%
[Epoch 44, Batch   100] loss: 0.740
Epoch 44/50:
Train Loss: 0.2636, Train Accuracy: 97.02%
Validation Loss: 0.9418, Validation Accuracy: 57.89%
[Epoch 45, Batch   100] loss: 0.740
Epoch 45/50:
Train Loss: 0.2633, Train Accuracy: 97.30%
Validation Loss: 0.9468, Validation Accuracy: 57.40%
[Epoch 46, Batch   100] loss: 0.742
Epoch 46/50:
Train Loss: 0.2639, Train Accuracy: 96.96%
Validation Loss: 0.9303, Validation Accuracy: 59.78%
[Epoch 47, Batch   100] loss: 0.742
Epoch 47/50:
Train Loss: 0.2636, Train Accuracy: 96.99%
Validation Loss: 0.9333, Validation Accuracy: 59.76%
[Epoch 48, Batch   100] loss: 0.743
Epoch 48/50:
Train Loss: 0.2652, Train Accuracy: 96.59%
Validation Loss: 0.9478, Validation Accuracy: 57.03%
[Epoch 49, Batch   100] loss: 0.744
Epoch 49/50:
Train Loss: 0.2641, Train Accuracy: 96.72%
Validation Loss: 0.9356, Validation Accuracy: 59.43%
[Epoch 50, Batch   100] loss: 0.742
Epoch 50/50:
Train Loss: 0.2631, Train Accuracy: 97.16%
Validation Loss: 0.9223, Validation Accuracy: 61.87%
Model saved to models/resnet18-EvidenceLoss-CIFAR10-EVIDENCE-balanced_by_score-0.8-3
Modified fc layer: updated out_features to 10.
Initialized untrained model.
Epoch 1/50:
Train Loss: 0.9685, Train Accuracy: 29.86%
Validation Loss: 0.9649, Validation Accuracy: 34.25%
Epoch 2/50:
Train Loss: 0.9457, Train Accuracy: 41.12%
Validation Loss: 0.9550, Validation Accuracy: 37.48%
Epoch 3/50:
Train Loss: 0.9278, Train Accuracy: 49.10%
Validation Loss: 0.9671, Validation Accuracy: 32.42%
Epoch 4/50:
Train Loss: 0.9102, Train Accuracy: 54.53%
Validation Loss: 0.9694, Validation Accuracy: 39.67%
Epoch 5/50:
Train Loss: 0.8951, Train Accuracy: 59.45%
Validation Loss: 0.9441, Validation Accuracy: 45.29%
Epoch 6/50:
Train Loss: 0.8704, Train Accuracy: 66.37%
Validation Loss: 0.9491, Validation Accuracy: 46.07%
Epoch 7/50:
Train Loss: 0.8570, Train Accuracy: 69.90%
Validation Loss: 0.9340, Validation Accuracy: 49.52%
Epoch 8/50:
Train Loss: 0.8437, Train Accuracy: 73.35%
Validation Loss: 0.9990, Validation Accuracy: 37.32%
Epoch 9/50:
Train Loss: 0.8277, Train Accuracy: 77.90%
Validation Loss: 0.9597, Validation Accuracy: 46.61%
Epoch 10/50:
Train Loss: 0.8115, Train Accuracy: 81.00%
Validation Loss: 0.9495, Validation Accuracy: 49.30%
Epoch 11/50:
Train Loss: 0.8059, Train Accuracy: 82.29%
Validation Loss: 0.9550, Validation Accuracy: 48.69%
Epoch 12/50:
Train Loss: 0.7964, Train Accuracy: 85.08%
Validation Loss: 0.9554, Validation Accuracy: 49.59%
Epoch 13/50:
Train Loss: 0.7859, Train Accuracy: 87.55%
Validation Loss: 0.9485, Validation Accuracy: 51.19%
Epoch 14/50:
Train Loss: 0.7806, Train Accuracy: 88.76%
Validation Loss: 0.9541, Validation Accuracy: 51.78%
Epoch 15/50:
Train Loss: 0.7756, Train Accuracy: 89.59%
Validation Loss: 0.9664, Validation Accuracy: 49.58%
Epoch 16/50:
Train Loss: 0.7697, Train Accuracy: 91.00%
Validation Loss: 0.9655, Validation Accuracy: 49.32%
Epoch 17/50:
Train Loss: 0.7675, Train Accuracy: 91.67%
Validation Loss: 0.9561, Validation Accuracy: 51.78%
Epoch 18/50:
Train Loss: 0.7606, Train Accuracy: 93.08%
Validation Loss: 0.9651, Validation Accuracy: 48.91%
Epoch 19/50:
Train Loss: 0.7612, Train Accuracy: 93.16%
Validation Loss: 0.9579, Validation Accuracy: 51.05%
Epoch 20/50:
Train Loss: 0.7582, Train Accuracy: 93.63%
Validation Loss: 0.9536, Validation Accuracy: 52.09%
Epoch 21/50:
Train Loss: 0.7521, Train Accuracy: 95.12%
Validation Loss: 0.9616, Validation Accuracy: 51.43%
Epoch 22/50:
Train Loss: 0.7529, Train Accuracy: 94.67%
Validation Loss: 0.9705, Validation Accuracy: 49.27%
Epoch 23/50:
Train Loss: 0.7536, Train Accuracy: 94.49%
Validation Loss: 0.9641, Validation Accuracy: 50.00%
Epoch 24/50:
Train Loss: 0.7511, Train Accuracy: 95.18%
Validation Loss: 0.9667, Validation Accuracy: 51.58%
Epoch 25/50:
Train Loss: 0.7495, Train Accuracy: 95.57%
Validation Loss: 0.9662, Validation Accuracy: 50.78%
Epoch 26/50:
Train Loss: 0.7474, Train Accuracy: 96.06%
Validation Loss: 0.9570, Validation Accuracy: 53.27%
Epoch 27/50:
Train Loss: 0.7436, Train Accuracy: 96.76%
Validation Loss: 0.9672, Validation Accuracy: 50.58%
Epoch 28/50:
Train Loss: 0.7445, Train Accuracy: 96.53%
Validation Loss: 0.9602, Validation Accuracy: 51.58%
Epoch 29/50:
Train Loss: 0.7449, Train Accuracy: 96.61%
Validation Loss: 0.9621, Validation Accuracy: 51.87%
Epoch 30/50:
Train Loss: 0.7394, Train Accuracy: 97.43%
Validation Loss: 0.9587, Validation Accuracy: 52.48%
Epoch 31/50:
Train Loss: 0.7403, Train Accuracy: 97.29%
Validation Loss: 0.9698, Validation Accuracy: 51.09%
Epoch 32/50:
Train Loss: 0.7435, Train Accuracy: 96.39%
Validation Loss: 0.9787, Validation Accuracy: 50.82%
Epoch 33/50:
Train Loss: 0.7458, Train Accuracy: 96.39%
Validation Loss: 0.9670, Validation Accuracy: 50.85%
Epoch 34/50:
Train Loss: 0.7435, Train Accuracy: 96.49%
Validation Loss: 0.9956, Validation Accuracy: 47.06%
Epoch 35/50:
Train Loss: 0.7437, Train Accuracy: 96.51%
Validation Loss: 0.9723, Validation Accuracy: 51.26%
Epoch 36/50:
Train Loss: 0.7424, Train Accuracy: 96.88%
Validation Loss: 0.9694, Validation Accuracy: 51.41%
Epoch 37/50:
Train Loss: 0.7430, Train Accuracy: 96.86%
Validation Loss: 0.9611, Validation Accuracy: 53.04%
Epoch 38/50:
Train Loss: 0.7436, Train Accuracy: 96.69%
Validation Loss: 0.9567, Validation Accuracy: 53.89%
Epoch 39/50:
Train Loss: 0.7405, Train Accuracy: 97.31%
Validation Loss: 0.9826, Validation Accuracy: 49.46%
Epoch 40/50:
Train Loss: 0.7385, Train Accuracy: 97.49%
Validation Loss: 0.9710, Validation Accuracy: 52.30%
Epoch 41/50:
Train Loss: 0.7395, Train Accuracy: 97.43%
Validation Loss: 0.9676, Validation Accuracy: 52.43%
Epoch 42/50:
Train Loss: 0.7426, Train Accuracy: 96.80%
Validation Loss: 0.9628, Validation Accuracy: 52.56%
Epoch 43/50:
Train Loss: 0.7480, Train Accuracy: 95.88%
Validation Loss: 0.9765, Validation Accuracy: 49.98%
Epoch 44/50:
Train Loss: 0.7423, Train Accuracy: 96.82%
Validation Loss: 0.9647, Validation Accuracy: 52.13%
Epoch 45/50:
Train Loss: 0.7429, Train Accuracy: 96.71%
Validation Loss: 0.9604, Validation Accuracy: 53.53%
Epoch 46/50:
Train Loss: 0.7367, Train Accuracy: 97.88%
Validation Loss: 0.9658, Validation Accuracy: 52.06%
Epoch 47/50:
Train Loss: 0.7362, Train Accuracy: 98.10%
Validation Loss: 0.9784, Validation Accuracy: 50.94%
Epoch 48/50:
Train Loss: 0.7373, Train Accuracy: 97.90%
Validation Loss: 0.9757, Validation Accuracy: 50.94%
Epoch 49/50:
Train Loss: 0.7369, Train Accuracy: 97.86%
Validation Loss: 0.9720, Validation Accuracy: 53.04%
Epoch 50/50:
Train Loss: 0.7407, Train Accuracy: 97.14%
Validation Loss: 0.9669, Validation Accuracy: 52.13%
Model saved to models/resnet18-EvidenceLoss-CIFAR10-EVIDENCE-balanced_by_score-0.9-3
Modified fc layer: updated out_features to 10.
Initialized untrained model.
Epoch 1/50:
Train Loss: 0.9767, Train Accuracy: 23.84%
Validation Loss: 0.9792, Validation Accuracy: 16.78%
Epoch 2/50:
Train Loss: 0.9499, Train Accuracy: 38.68%
Validation Loss: 0.9768, Validation Accuracy: 31.17%
Epoch 3/50:
Train Loss: 0.9366, Train Accuracy: 45.32%
Validation Loss: 0.9634, Validation Accuracy: 36.08%
Epoch 4/50:
Train Loss: 0.9158, Train Accuracy: 53.92%
Validation Loss: 0.9642, Validation Accuracy: 35.87%
Epoch 5/50:
Train Loss: 0.9038, Train Accuracy: 57.32%
Validation Loss: 1.0057, Validation Accuracy: 36.84%
Epoch 6/50:
Train Loss: 0.8833, Train Accuracy: 62.68%
Validation Loss: 0.9581, Validation Accuracy: 40.84%
Epoch 7/50:
Train Loss: 0.8749, Train Accuracy: 65.24%
Validation Loss: 0.9683, Validation Accuracy: 41.53%
Epoch 8/50:
Train Loss: 0.8650, Train Accuracy: 68.52%
Validation Loss: 0.9679, Validation Accuracy: 40.29%
Epoch 9/50:
Train Loss: 0.8427, Train Accuracy: 73.72%
Validation Loss: 0.9697, Validation Accuracy: 41.53%
Epoch 10/50:
Train Loss: 0.8358, Train Accuracy: 75.44%
Validation Loss: 0.9697, Validation Accuracy: 43.29%
Epoch 11/50:
Train Loss: 0.8173, Train Accuracy: 80.44%
Validation Loss: 0.9723, Validation Accuracy: 42.15%
Epoch 12/50:
Train Loss: 0.8234, Train Accuracy: 78.64%
Validation Loss: 0.9830, Validation Accuracy: 42.32%
Epoch 13/50:
Train Loss: 0.8098, Train Accuracy: 82.00%
Validation Loss: 0.9718, Validation Accuracy: 43.84%
Epoch 14/50:
Train Loss: 0.8048, Train Accuracy: 83.80%
Validation Loss: 0.9767, Validation Accuracy: 43.83%
Epoch 15/50:
Train Loss: 0.7851, Train Accuracy: 88.32%
Validation Loss: 0.9820, Validation Accuracy: 42.79%
Epoch 16/50:
Train Loss: 0.7882, Train Accuracy: 88.00%
Validation Loss: 0.9744, Validation Accuracy: 43.32%
Epoch 17/50:
Train Loss: 0.7727, Train Accuracy: 91.64%
Validation Loss: 0.9692, Validation Accuracy: 45.26%
Epoch 18/50:
Train Loss: 0.7757, Train Accuracy: 89.88%
Validation Loss: 0.9721, Validation Accuracy: 46.46%
Epoch 19/50:
Train Loss: 0.7808, Train Accuracy: 89.48%
Validation Loss: 0.9920, Validation Accuracy: 42.61%
Epoch 20/50:
Train Loss: 0.7606, Train Accuracy: 94.08%
Validation Loss: 0.9735, Validation Accuracy: 44.59%
Epoch 21/50:
Train Loss: 0.7590, Train Accuracy: 94.48%
Validation Loss: 0.9877, Validation Accuracy: 43.58%
Epoch 22/50:
Train Loss: 0.7614, Train Accuracy: 93.64%
Validation Loss: 0.9975, Validation Accuracy: 41.95%
Epoch 23/50:
Train Loss: 0.7523, Train Accuracy: 95.60%
Validation Loss: 0.9862, Validation Accuracy: 44.86%
Epoch 24/50:
Train Loss: 0.7488, Train Accuracy: 96.20%
Validation Loss: 0.9740, Validation Accuracy: 45.78%
Epoch 25/50:
Train Loss: 0.7448, Train Accuracy: 97.12%
Validation Loss: 0.9792, Validation Accuracy: 45.79%
Epoch 26/50:
Train Loss: 0.7493, Train Accuracy: 96.24%
Validation Loss: 0.9857, Validation Accuracy: 44.52%
Epoch 27/50:
Train Loss: 0.7610, Train Accuracy: 94.32%
Validation Loss: 0.9964, Validation Accuracy: 44.14%
Epoch 28/50:
Train Loss: 0.7628, Train Accuracy: 93.88%
Validation Loss: 0.9943, Validation Accuracy: 43.89%
Epoch 29/50:
Train Loss: 0.7761, Train Accuracy: 90.76%
Validation Loss: 1.0093, Validation Accuracy: 41.00%
Epoch 30/50:
Train Loss: 0.7650, Train Accuracy: 93.48%
Validation Loss: 0.9818, Validation Accuracy: 46.01%
Epoch 31/50:
Train Loss: 0.7489, Train Accuracy: 95.68%
Validation Loss: 0.9897, Validation Accuracy: 44.58%
Epoch 32/50:
Train Loss: 0.7379, Train Accuracy: 98.08%
Validation Loss: 0.9811, Validation Accuracy: 46.99%
Epoch 33/50:
Train Loss: 0.7430, Train Accuracy: 97.64%
Validation Loss: 1.0001, Validation Accuracy: 44.16%
Epoch 34/50:
Train Loss: 0.7543, Train Accuracy: 95.36%
Validation Loss: 0.9972, Validation Accuracy: 44.12%
Epoch 35/50:
Train Loss: 0.7663, Train Accuracy: 93.28%
Validation Loss: 0.9945, Validation Accuracy: 43.63%
Epoch 36/50:
Train Loss: 0.7664, Train Accuracy: 92.80%
Validation Loss: 0.9903, Validation Accuracy: 45.22%
Epoch 37/50:
Train Loss: 0.7512, Train Accuracy: 95.20%
Validation Loss: 0.9908, Validation Accuracy: 44.36%
Epoch 38/50:
Train Loss: 0.7472, Train Accuracy: 97.48%
Validation Loss: 0.9873, Validation Accuracy: 45.30%
Epoch 39/50:
Train Loss: 0.7522, Train Accuracy: 95.80%
Validation Loss: 0.9890, Validation Accuracy: 45.28%
Epoch 40/50:
Train Loss: 0.7638, Train Accuracy: 94.12%
Validation Loss: 0.9921, Validation Accuracy: 45.38%
Epoch 41/50:
Train Loss: 0.7644, Train Accuracy: 93.76%
Validation Loss: 0.9946, Validation Accuracy: 43.10%
Epoch 42/50:
Train Loss: 0.7644, Train Accuracy: 93.12%
Validation Loss: 0.9868, Validation Accuracy: 44.43%
Epoch 43/50:
Train Loss: 0.7443, Train Accuracy: 97.36%
Validation Loss: 0.9898, Validation Accuracy: 45.01%
Epoch 44/50:
Train Loss: 0.7393, Train Accuracy: 97.92%
Validation Loss: 0.9861, Validation Accuracy: 46.33%
Epoch 45/50:
Train Loss: 0.7408, Train Accuracy: 97.76%
Validation Loss: 0.9959, Validation Accuracy: 45.23%
Epoch 46/50:
Train Loss: 0.7477, Train Accuracy: 96.68%
Validation Loss: 0.9917, Validation Accuracy: 45.01%
Epoch 47/50:
Train Loss: 0.7542, Train Accuracy: 95.20%
Validation Loss: 0.9852, Validation Accuracy: 45.93%
Epoch 48/50:
Train Loss: 0.7469, Train Accuracy: 96.68%
Validation Loss: 0.9891, Validation Accuracy: 46.29%
Epoch 49/50:
Train Loss: 0.7356, Train Accuracy: 98.40%
Validation Loss: 0.9804, Validation Accuracy: 46.76%
Epoch 50/50:
Train Loss: 0.7345, Train Accuracy: 99.00%
Validation Loss: 0.9795, Validation Accuracy: 46.90%
Model saved to models/resnet18-EvidenceLoss-CIFAR10-EVIDENCE-balanced_by_score-0.95-3
Modified fc layer: updated out_features to 10.
Loaded weights from file: models/resnet18_CIFAR10_E1_3
Files already downloaded and verified
Files already downloaded and verified
Modified fc layer: updated out_features to 10.
Initialized untrained model.
[Epoch 1, Batch   100] loss: 0.965
[Epoch 1, Batch   200] loss: 0.947
[Epoch 1, Batch   300] loss: 0.940
[Epoch 1, Batch   400] loss: 0.925
[Epoch 1, Batch   500] loss: 0.918
Epoch 1/50:
Train Loss: 0.0785, Train Accuracy: 44.45%
Validation Loss: 0.9455, Validation Accuracy: 43.15%
[Epoch 2, Batch   100] loss: 0.904
[Epoch 2, Batch   200] loss: 0.902
[Epoch 2, Batch   300] loss: 0.900
[Epoch 2, Batch   400] loss: 0.894
[Epoch 2, Batch   500] loss: 0.894
Epoch 2/50:
Train Loss: 0.0762, Train Accuracy: 58.73%
Validation Loss: 0.9033, Validation Accuracy: 56.85%
[Epoch 3, Batch   100] loss: 0.881
[Epoch 3, Batch   200] loss: 0.880
[Epoch 3, Batch   300] loss: 0.877
[Epoch 3, Batch   400] loss: 0.879
[Epoch 3, Batch   500] loss: 0.872
Epoch 3/50:
Train Loss: 0.0749, Train Accuracy: 64.65%
Validation Loss: 0.8882, Validation Accuracy: 61.32%
[Epoch 4, Batch   100] loss: 0.863
[Epoch 4, Batch   200] loss: 0.865
[Epoch 4, Batch   300] loss: 0.860
[Epoch 4, Batch   400] loss: 0.868
[Epoch 4, Batch   500] loss: 0.861
Epoch 4/50:
Train Loss: 0.0740, Train Accuracy: 68.67%
Validation Loss: 0.8936, Validation Accuracy: 60.09%
[Epoch 5, Batch   100] loss: 0.847
[Epoch 5, Batch   200] loss: 0.848
[Epoch 5, Batch   300] loss: 0.852
[Epoch 5, Batch   400] loss: 0.854
[Epoch 5, Batch   500] loss: 0.849
Epoch 5/50:
Train Loss: 0.0729, Train Accuracy: 72.28%
Validation Loss: 0.8854, Validation Accuracy: 62.15%
[Epoch 6, Batch   100] loss: 0.837
[Epoch 6, Batch   200] loss: 0.841
[Epoch 6, Batch   300] loss: 0.840
[Epoch 6, Batch   400] loss: 0.843
[Epoch 6, Batch   500] loss: 0.844
Epoch 6/50:
Train Loss: 0.0718, Train Accuracy: 74.53%
Validation Loss: 0.8638, Validation Accuracy: 69.19%
[Epoch 7, Batch   100] loss: 0.825
[Epoch 7, Batch   200] loss: 0.833
[Epoch 7, Batch   300] loss: 0.833
[Epoch 7, Batch   400] loss: 0.836
[Epoch 7, Batch   500] loss: 0.835
Epoch 7/50:
Train Loss: 0.0717, Train Accuracy: 76.60%
Validation Loss: 0.8774, Validation Accuracy: 65.52%
[Epoch 8, Batch   100] loss: 0.820
[Epoch 8, Batch   200] loss: 0.819
[Epoch 8, Batch   300] loss: 0.822
[Epoch 8, Batch   400] loss: 0.823
[Epoch 8, Batch   500] loss: 0.826
Epoch 8/50:
Train Loss: 0.0714, Train Accuracy: 78.91%
Validation Loss: 0.8842, Validation Accuracy: 63.75%
[Epoch 9, Batch   100] loss: 0.806
[Epoch 9, Batch   200] loss: 0.809
[Epoch 9, Batch   300] loss: 0.813
[Epoch 9, Batch   400] loss: 0.817
[Epoch 9, Batch   500] loss: 0.821
Epoch 9/50:
Train Loss: 0.0708, Train Accuracy: 80.82%
Validation Loss: 0.8715, Validation Accuracy: 67.67%
[Epoch 10, Batch   100] loss: 0.799
[Epoch 10, Batch   200] loss: 0.802
[Epoch 10, Batch   300] loss: 0.808
[Epoch 10, Batch   400] loss: 0.811
[Epoch 10, Batch   500] loss: 0.809
Epoch 10/50:
Train Loss: 0.0697, Train Accuracy: 82.95%
Validation Loss: 0.8578, Validation Accuracy: 70.88%
[Epoch 11, Batch   100] loss: 0.794
[Epoch 11, Batch   200] loss: 0.796
[Epoch 11, Batch   300] loss: 0.803
[Epoch 11, Batch   400] loss: 0.800
[Epoch 11, Batch   500] loss: 0.798
Epoch 11/50:
Train Loss: 0.0689, Train Accuracy: 84.61%
Validation Loss: 0.8709, Validation Accuracy: 68.63%
[Epoch 12, Batch   100] loss: 0.787
[Epoch 12, Batch   200] loss: 0.788
[Epoch 12, Batch   300] loss: 0.793
[Epoch 12, Batch   400] loss: 0.794
[Epoch 12, Batch   500] loss: 0.798
Epoch 12/50:
Train Loss: 0.0691, Train Accuracy: 86.03%
Validation Loss: 0.8717, Validation Accuracy: 68.37%
[Epoch 13, Batch   100] loss: 0.781
[Epoch 13, Batch   200] loss: 0.788
[Epoch 13, Batch   300] loss: 0.790
[Epoch 13, Batch   400] loss: 0.792
[Epoch 13, Batch   500] loss: 0.790
Epoch 13/50:
Train Loss: 0.0680, Train Accuracy: 87.00%
Validation Loss: 0.8604, Validation Accuracy: 71.65%
[Epoch 14, Batch   100] loss: 0.777
[Epoch 14, Batch   200] loss: 0.781
[Epoch 14, Batch   300] loss: 0.786
[Epoch 14, Batch   400] loss: 0.786
[Epoch 14, Batch   500] loss: 0.789
Epoch 14/50:
Train Loss: 0.0680, Train Accuracy: 87.91%
Validation Loss: 0.8615, Validation Accuracy: 70.99%
[Epoch 15, Batch   100] loss: 0.770
[Epoch 15, Batch   200] loss: 0.776
[Epoch 15, Batch   300] loss: 0.777
[Epoch 15, Batch   400] loss: 0.781
[Epoch 15, Batch   500] loss: 0.784
Epoch 15/50:
Train Loss: 0.0675, Train Accuracy: 89.20%
Validation Loss: 0.8627, Validation Accuracy: 70.79%
[Epoch 16, Batch   100] loss: 0.770
[Epoch 16, Batch   200] loss: 0.770
[Epoch 16, Batch   300] loss: 0.772
[Epoch 16, Batch   400] loss: 0.780
[Epoch 16, Batch   500] loss: 0.779
Epoch 16/50:
Train Loss: 0.0675, Train Accuracy: 89.98%
Validation Loss: 0.8593, Validation Accuracy: 72.20%
[Epoch 17, Batch   100] loss: 0.766
[Epoch 17, Batch   200] loss: 0.769
[Epoch 17, Batch   300] loss: 0.770
[Epoch 17, Batch   400] loss: 0.777
[Epoch 17, Batch   500] loss: 0.776
Epoch 17/50:
Train Loss: 0.0673, Train Accuracy: 90.59%
Validation Loss: 0.8648, Validation Accuracy: 70.43%
[Epoch 18, Batch   100] loss: 0.764
[Epoch 18, Batch   200] loss: 0.765
[Epoch 18, Batch   300] loss: 0.768
[Epoch 18, Batch   400] loss: 0.774
[Epoch 18, Batch   500] loss: 0.775
Epoch 18/50:
Train Loss: 0.0667, Train Accuracy: 91.11%
Validation Loss: 0.8649, Validation Accuracy: 71.80%
[Epoch 19, Batch   100] loss: 0.763
[Epoch 19, Batch   200] loss: 0.764
[Epoch 19, Batch   300] loss: 0.770
[Epoch 19, Batch   400] loss: 0.768
[Epoch 19, Batch   500] loss: 0.771
Epoch 19/50:
Train Loss: 0.0657, Train Accuracy: 91.83%
Validation Loss: 0.8577, Validation Accuracy: 72.99%
[Epoch 20, Batch   100] loss: 0.760
[Epoch 20, Batch   200] loss: 0.765
[Epoch 20, Batch   300] loss: 0.764
[Epoch 20, Batch   400] loss: 0.767
[Epoch 20, Batch   500] loss: 0.768
Epoch 20/50:
Train Loss: 0.0659, Train Accuracy: 92.20%
Validation Loss: 0.8616, Validation Accuracy: 72.89%
[Epoch 21, Batch   100] loss: 0.758
[Epoch 21, Batch   200] loss: 0.762
[Epoch 21, Batch   300] loss: 0.765
[Epoch 21, Batch   400] loss: 0.765
[Epoch 21, Batch   500] loss: 0.769
Epoch 21/50:
Train Loss: 0.0662, Train Accuracy: 92.34%
Validation Loss: 0.8663, Validation Accuracy: 71.33%
[Epoch 22, Batch   100] loss: 0.756
[Epoch 22, Batch   200] loss: 0.758
[Epoch 22, Batch   300] loss: 0.760
[Epoch 22, Batch   400] loss: 0.763
[Epoch 22, Batch   500] loss: 0.768
Epoch 22/50:
Train Loss: 0.0657, Train Accuracy: 92.93%
Validation Loss: 0.8577, Validation Accuracy: 73.09%
[Epoch 23, Batch   100] loss: 0.754
[Epoch 23, Batch   200] loss: 0.757
[Epoch 23, Batch   300] loss: 0.761
[Epoch 23, Batch   400] loss: 0.766
[Epoch 23, Batch   500] loss: 0.762
Epoch 23/50:
Train Loss: 0.0657, Train Accuracy: 93.18%
Validation Loss: 0.8691, Validation Accuracy: 71.02%
[Epoch 24, Batch   100] loss: 0.754
[Epoch 24, Batch   200] loss: 0.755
[Epoch 24, Batch   300] loss: 0.760
[Epoch 24, Batch   400] loss: 0.759
[Epoch 24, Batch   500] loss: 0.762
Epoch 24/50:
Train Loss: 0.0656, Train Accuracy: 93.60%
Validation Loss: 0.8643, Validation Accuracy: 72.06%
[Epoch 25, Batch   100] loss: 0.754
[Epoch 25, Batch   200] loss: 0.758
[Epoch 25, Batch   300] loss: 0.757
[Epoch 25, Batch   400] loss: 0.761
[Epoch 25, Batch   500] loss: 0.763
Epoch 25/50:
Train Loss: 0.0658, Train Accuracy: 93.53%
Validation Loss: 0.8626, Validation Accuracy: 72.34%
[Epoch 26, Batch   100] loss: 0.755
[Epoch 26, Batch   200] loss: 0.755
[Epoch 26, Batch   300] loss: 0.760
[Epoch 26, Batch   400] loss: 0.758
[Epoch 26, Batch   500] loss: 0.761
Epoch 26/50:
Train Loss: 0.0651, Train Accuracy: 93.75%
Validation Loss: 0.8665, Validation Accuracy: 72.24%
[Epoch 27, Batch   100] loss: 0.754
[Epoch 27, Batch   200] loss: 0.754
[Epoch 27, Batch   300] loss: 0.756
[Epoch 27, Batch   400] loss: 0.755
[Epoch 27, Batch   500] loss: 0.762
Epoch 27/50:
Train Loss: 0.0660, Train Accuracy: 93.99%
Validation Loss: 0.8817, Validation Accuracy: 69.03%
[Epoch 28, Batch   100] loss: 0.757
[Epoch 28, Batch   200] loss: 0.753
[Epoch 28, Batch   300] loss: 0.758
[Epoch 28, Batch   400] loss: 0.755
[Epoch 28, Batch   500] loss: 0.757
Epoch 28/50:
Train Loss: 0.0654, Train Accuracy: 94.19%
Validation Loss: 0.8760, Validation Accuracy: 70.71%
[Epoch 29, Batch   100] loss: 0.754
[Epoch 29, Batch   200] loss: 0.753
[Epoch 29, Batch   300] loss: 0.754
[Epoch 29, Batch   400] loss: 0.759
[Epoch 29, Batch   500] loss: 0.761
Epoch 29/50:
Train Loss: 0.0655, Train Accuracy: 93.90%
Validation Loss: 0.8701, Validation Accuracy: 71.57%
[Epoch 30, Batch   100] loss: 0.753
[Epoch 30, Batch   200] loss: 0.753
[Epoch 30, Batch   300] loss: 0.753
[Epoch 30, Batch   400] loss: 0.758
[Epoch 30, Batch   500] loss: 0.757
Epoch 30/50:
Train Loss: 0.0652, Train Accuracy: 94.21%
Validation Loss: 0.8907, Validation Accuracy: 67.49%
[Epoch 31, Batch   100] loss: 0.751
[Epoch 31, Batch   200] loss: 0.751
[Epoch 31, Batch   300] loss: 0.752
[Epoch 31, Batch   400] loss: 0.754
[Epoch 31, Batch   500] loss: 0.757
Epoch 31/50:
Train Loss: 0.0652, Train Accuracy: 94.65%
Validation Loss: 0.8765, Validation Accuracy: 70.23%
[Epoch 32, Batch   100] loss: 0.749
[Epoch 32, Batch   200] loss: 0.751
[Epoch 32, Batch   300] loss: 0.751
[Epoch 32, Batch   400] loss: 0.755
[Epoch 32, Batch   500] loss: 0.758
Epoch 32/50:
Train Loss: 0.0649, Train Accuracy: 94.91%
Validation Loss: 0.8631, Validation Accuracy: 73.64%
[Epoch 33, Batch   100] loss: 0.750
[Epoch 33, Batch   200] loss: 0.752
[Epoch 33, Batch   300] loss: 0.753
[Epoch 33, Batch   400] loss: 0.756
[Epoch 33, Batch   500] loss: 0.762
Epoch 33/50:
Train Loss: 0.0651, Train Accuracy: 94.35%
Validation Loss: 0.8639, Validation Accuracy: 72.56%
[Epoch 34, Batch   100] loss: 0.747
[Epoch 34, Batch   200] loss: 0.748
[Epoch 34, Batch   300] loss: 0.750
[Epoch 34, Batch   400] loss: 0.754
[Epoch 34, Batch   500] loss: 0.756
Epoch 34/50:
Train Loss: 0.0653, Train Accuracy: 95.08%
Validation Loss: 0.8648, Validation Accuracy: 72.55%
[Epoch 35, Batch   100] loss: 0.748
[Epoch 35, Batch   200] loss: 0.751
[Epoch 35, Batch   300] loss: 0.754
[Epoch 35, Batch   400] loss: 0.753
[Epoch 35, Batch   500] loss: 0.753
Epoch 35/50:
Train Loss: 0.0647, Train Accuracy: 95.01%
Validation Loss: 0.8673, Validation Accuracy: 72.66%
[Epoch 36, Batch   100] loss: 0.749
[Epoch 36, Batch   200] loss: 0.750
[Epoch 36, Batch   300] loss: 0.750
[Epoch 36, Batch   400] loss: 0.752
[Epoch 36, Batch   500] loss: 0.758
Epoch 36/50:
Train Loss: 0.0653, Train Accuracy: 94.84%
Validation Loss: 0.8774, Validation Accuracy: 70.48%
[Epoch 37, Batch   100] loss: 0.750
[Epoch 37, Batch   200] loss: 0.750
[Epoch 37, Batch   300] loss: 0.750
[Epoch 37, Batch   400] loss: 0.753
[Epoch 37, Batch   500] loss: 0.753
Epoch 37/50:
Train Loss: 0.0647, Train Accuracy: 95.09%
Validation Loss: 0.8674, Validation Accuracy: 72.85%
[Epoch 38, Batch   100] loss: 0.745
[Epoch 38, Batch   200] loss: 0.747
[Epoch 38, Batch   300] loss: 0.749
[Epoch 38, Batch   400] loss: 0.754
[Epoch 38, Batch   500] loss: 0.755
Epoch 38/50:
Train Loss: 0.0648, Train Accuracy: 95.23%
Validation Loss: 0.8708, Validation Accuracy: 71.61%
[Epoch 39, Batch   100] loss: 0.747
[Epoch 39, Batch   200] loss: 0.749
[Epoch 39, Batch   300] loss: 0.749
[Epoch 39, Batch   400] loss: 0.751
[Epoch 39, Batch   500] loss: 0.755
Epoch 39/50:
Train Loss: 0.0648, Train Accuracy: 95.28%
Validation Loss: 0.8720, Validation Accuracy: 71.92%
[Epoch 40, Batch   100] loss: 0.746
[Epoch 40, Batch   200] loss: 0.749
[Epoch 40, Batch   300] loss: 0.749
[Epoch 40, Batch   400] loss: 0.753
[Epoch 40, Batch   500] loss: 0.754
Epoch 40/50:
Train Loss: 0.0643, Train Accuracy: 95.41%
Validation Loss: 0.8666, Validation Accuracy: 73.18%
[Epoch 41, Batch   100] loss: 0.747
[Epoch 41, Batch   200] loss: 0.748
[Epoch 41, Batch   300] loss: 0.750
[Epoch 41, Batch   400] loss: 0.753
[Epoch 41, Batch   500] loss: 0.755
Epoch 41/50:
Train Loss: 0.0645, Train Accuracy: 95.26%
Validation Loss: 0.8668, Validation Accuracy: 73.18%
[Epoch 42, Batch   100] loss: 0.745
[Epoch 42, Batch   200] loss: 0.746
[Epoch 42, Batch   300] loss: 0.746
[Epoch 42, Batch   400] loss: 0.751
[Epoch 42, Batch   500] loss: 0.751
Epoch 42/50:
Train Loss: 0.0646, Train Accuracy: 95.72%
Validation Loss: 0.8647, Validation Accuracy: 72.93%
[Epoch 43, Batch   100] loss: 0.745
[Epoch 43, Batch   200] loss: 0.749
[Epoch 43, Batch   300] loss: 0.749
[Epoch 43, Batch   400] loss: 0.752
[Epoch 43, Batch   500] loss: 0.754
Epoch 43/50:
Train Loss: 0.0648, Train Accuracy: 95.45%
Validation Loss: 0.8693, Validation Accuracy: 72.72%
[Epoch 44, Batch   100] loss: 0.749
[Epoch 44, Batch   200] loss: 0.747
[Epoch 44, Batch   300] loss: 0.751
[Epoch 44, Batch   400] loss: 0.751
[Epoch 44, Batch   500] loss: 0.751
Epoch 44/50:
Train Loss: 0.0646, Train Accuracy: 95.36%
Validation Loss: 0.8674, Validation Accuracy: 72.94%
[Epoch 45, Batch   100] loss: 0.747
[Epoch 45, Batch   200] loss: 0.747
[Epoch 45, Batch   300] loss: 0.749
[Epoch 45, Batch   400] loss: 0.751
[Epoch 45, Batch   500] loss: 0.750
Epoch 45/50:
Train Loss: 0.0645, Train Accuracy: 95.65%
Validation Loss: 0.8669, Validation Accuracy: 73.15%
[Epoch 46, Batch   100] loss: 0.746
[Epoch 46, Batch   200] loss: 0.746
[Epoch 46, Batch   300] loss: 0.750
[Epoch 46, Batch   400] loss: 0.752
[Epoch 46, Batch   500] loss: 0.749
Epoch 46/50:
Train Loss: 0.0647, Train Accuracy: 95.57%
Validation Loss: 0.8702, Validation Accuracy: 72.37%
[Epoch 47, Batch   100] loss: 0.744
[Epoch 47, Batch   200] loss: 0.744
[Epoch 47, Batch   300] loss: 0.747
[Epoch 47, Batch   400] loss: 0.749
[Epoch 47, Batch   500] loss: 0.747
Epoch 47/50:
Train Loss: 0.0645, Train Accuracy: 96.10%
Validation Loss: 0.8828, Validation Accuracy: 70.54%
[Epoch 48, Batch   100] loss: 0.747
[Epoch 48, Batch   200] loss: 0.746
[Epoch 48, Batch   300] loss: 0.747
[Epoch 48, Batch   400] loss: 0.750
[Epoch 48, Batch   500] loss: 0.751
Epoch 48/50:
Train Loss: 0.0646, Train Accuracy: 95.73%
Validation Loss: 0.8672, Validation Accuracy: 72.98%
[Epoch 49, Batch   100] loss: 0.744
[Epoch 49, Batch   200] loss: 0.747
[Epoch 49, Batch   300] loss: 0.750
[Epoch 49, Batch   400] loss: 0.749
[Epoch 49, Batch   500] loss: 0.752
Epoch 49/50:
Train Loss: 0.0646, Train Accuracy: 95.71%
Validation Loss: 0.8676, Validation Accuracy: 72.91%
[Epoch 50, Batch   100] loss: 0.744
[Epoch 50, Batch   200] loss: 0.744
[Epoch 50, Batch   300] loss: 0.746
[Epoch 50, Batch   400] loss: 0.749
[Epoch 50, Batch   500] loss: 0.748
Epoch 50/50:
Train Loss: 0.0645, Train Accuracy: 96.06%
Validation Loss: 0.8725, Validation Accuracy: 72.20%
Model saved to models/resnet18-EvidenceLoss-CIFAR10-BELIEF-balanced_by_score-0.3-3
Modified fc layer: updated out_features to 10.
Initialized untrained model.
[Epoch 1, Batch   100] loss: 0.967
[Epoch 1, Batch   200] loss: 0.948
[Epoch 1, Batch   300] loss: 0.936
Epoch 1/50:
Train Loss: 0.2153, Train Accuracy: 41.24%
Validation Loss: 0.9266, Validation Accuracy: 48.26%
[Epoch 2, Batch   100] loss: 0.914
[Epoch 2, Batch   200] loss: 0.912
[Epoch 2, Batch   300] loss: 0.905
Epoch 2/50:
Train Loss: 0.2100, Train Accuracy: 55.43%
Validation Loss: 0.9672, Validation Accuracy: 41.89%
[Epoch 3, Batch   100] loss: 0.888
[Epoch 3, Batch   200] loss: 0.886
[Epoch 3, Batch   300] loss: 0.886
Epoch 3/50:
Train Loss: 0.2069, Train Accuracy: 61.87%
Validation Loss: 0.8971, Validation Accuracy: 59.08%
[Epoch 4, Batch   100] loss: 0.868
[Epoch 4, Batch   200] loss: 0.872
[Epoch 4, Batch   300] loss: 0.869
Epoch 4/50:
Train Loss: 0.2032, Train Accuracy: 66.69%
Validation Loss: 0.8973, Validation Accuracy: 59.81%
[Epoch 5, Batch   100] loss: 0.856
[Epoch 5, Batch   200] loss: 0.859
[Epoch 5, Batch   300] loss: 0.863
Epoch 5/50:
Train Loss: 0.1994, Train Accuracy: 69.65%
Validation Loss: 0.8876, Validation Accuracy: 62.74%
[Epoch 6, Batch   100] loss: 0.846
[Epoch 6, Batch   200] loss: 0.849
[Epoch 6, Batch   300] loss: 0.850
Epoch 6/50:
Train Loss: 0.1979, Train Accuracy: 72.70%
Validation Loss: 0.8893, Validation Accuracy: 61.70%
[Epoch 7, Batch   100] loss: 0.835
[Epoch 7, Batch   200] loss: 0.837
[Epoch 7, Batch   300] loss: 0.837
Epoch 7/50:
Train Loss: 0.1960, Train Accuracy: 75.48%
Validation Loss: 0.8940, Validation Accuracy: 61.98%
[Epoch 8, Batch   100] loss: 0.824
[Epoch 8, Batch   200] loss: 0.825
[Epoch 8, Batch   300] loss: 0.833
Epoch 8/50:
Train Loss: 0.1934, Train Accuracy: 77.58%
Validation Loss: 0.8991, Validation Accuracy: 61.88%
[Epoch 9, Batch   100] loss: 0.815
[Epoch 9, Batch   200] loss: 0.819
[Epoch 9, Batch   300] loss: 0.821
Epoch 9/50:
Train Loss: 0.1921, Train Accuracy: 79.66%
Validation Loss: 0.8864, Validation Accuracy: 63.86%
[Epoch 10, Batch   100] loss: 0.807
[Epoch 10, Batch   200] loss: 0.812
[Epoch 10, Batch   300] loss: 0.816
Epoch 10/50:
Train Loss: 0.1897, Train Accuracy: 81.51%
Validation Loss: 0.8746, Validation Accuracy: 66.39%
[Epoch 11, Batch   100] loss: 0.798
[Epoch 11, Batch   200] loss: 0.806
[Epoch 11, Batch   300] loss: 0.807
Epoch 11/50:
Train Loss: 0.1873, Train Accuracy: 83.40%
Validation Loss: 0.8716, Validation Accuracy: 67.55%
[Epoch 12, Batch   100] loss: 0.793
[Epoch 12, Batch   200] loss: 0.799
[Epoch 12, Batch   300] loss: 0.801
Epoch 12/50:
Train Loss: 0.1862, Train Accuracy: 84.75%
Validation Loss: 0.8776, Validation Accuracy: 67.06%
[Epoch 13, Batch   100] loss: 0.787
[Epoch 13, Batch   200] loss: 0.792
[Epoch 13, Batch   300] loss: 0.792
Epoch 13/50:
Train Loss: 0.1858, Train Accuracy: 86.19%
Validation Loss: 0.8863, Validation Accuracy: 65.41%
[Epoch 14, Batch   100] loss: 0.782
[Epoch 14, Batch   200] loss: 0.785
[Epoch 14, Batch   300] loss: 0.789
Epoch 14/50:
Train Loss: 0.1837, Train Accuracy: 87.26%
Validation Loss: 0.8699, Validation Accuracy: 69.53%
[Epoch 15, Batch   100] loss: 0.777
[Epoch 15, Batch   200] loss: 0.780
[Epoch 15, Batch   300] loss: 0.786
Epoch 15/50:
Train Loss: 0.1822, Train Accuracy: 88.53%
Validation Loss: 0.8878, Validation Accuracy: 65.99%
[Epoch 16, Batch   100] loss: 0.773
[Epoch 16, Batch   200] loss: 0.775
[Epoch 16, Batch   300] loss: 0.782
Epoch 16/50:
Train Loss: 0.1816, Train Accuracy: 89.48%
Validation Loss: 0.8794, Validation Accuracy: 67.66%
[Epoch 17, Batch   100] loss: 0.771
[Epoch 17, Batch   200] loss: 0.776
[Epoch 17, Batch   300] loss: 0.772
Epoch 17/50:
Train Loss: 0.1815, Train Accuracy: 89.97%
Validation Loss: 0.8916, Validation Accuracy: 64.72%
[Epoch 18, Batch   100] loss: 0.766
[Epoch 18, Batch   200] loss: 0.768
[Epoch 18, Batch   300] loss: 0.774
Epoch 18/50:
Train Loss: 0.1797, Train Accuracy: 91.21%
Validation Loss: 0.8755, Validation Accuracy: 68.61%
[Epoch 19, Batch   100] loss: 0.762
[Epoch 19, Batch   200] loss: 0.767
[Epoch 19, Batch   300] loss: 0.771
Epoch 19/50:
Train Loss: 0.1794, Train Accuracy: 91.61%
Validation Loss: 0.8792, Validation Accuracy: 68.22%
[Epoch 20, Batch   100] loss: 0.763
[Epoch 20, Batch   200] loss: 0.761
[Epoch 20, Batch   300] loss: 0.768
Epoch 20/50:
Train Loss: 0.1794, Train Accuracy: 92.02%
Validation Loss: 0.8784, Validation Accuracy: 68.64%
[Epoch 21, Batch   100] loss: 0.763
[Epoch 21, Batch   200] loss: 0.763
[Epoch 21, Batch   300] loss: 0.770
Epoch 21/50:
Train Loss: 0.1779, Train Accuracy: 92.25%
Validation Loss: 0.8779, Validation Accuracy: 69.20%
[Epoch 22, Batch   100] loss: 0.756
[Epoch 22, Batch   200] loss: 0.763
[Epoch 22, Batch   300] loss: 0.764
Epoch 22/50:
Train Loss: 0.1784, Train Accuracy: 92.72%
Validation Loss: 0.8804, Validation Accuracy: 69.06%
[Epoch 23, Batch   100] loss: 0.758
[Epoch 23, Batch   200] loss: 0.759
[Epoch 23, Batch   300] loss: 0.762
Epoch 23/50:
Train Loss: 0.1774, Train Accuracy: 93.19%
Validation Loss: 0.8915, Validation Accuracy: 67.33%
[Epoch 24, Batch   100] loss: 0.756
[Epoch 24, Batch   200] loss: 0.756
[Epoch 24, Batch   300] loss: 0.758
Epoch 24/50:
Train Loss: 0.1782, Train Accuracy: 93.52%
Validation Loss: 0.8999, Validation Accuracy: 64.90%
[Epoch 25, Batch   100] loss: 0.756
[Epoch 25, Batch   200] loss: 0.755
[Epoch 25, Batch   300] loss: 0.759
Epoch 25/50:
Train Loss: 0.1772, Train Accuracy: 93.60%
Validation Loss: 0.8923, Validation Accuracy: 67.07%
[Epoch 26, Batch   100] loss: 0.754
[Epoch 26, Batch   200] loss: 0.755
[Epoch 26, Batch   300] loss: 0.757
Epoch 26/50:
Train Loss: 0.1765, Train Accuracy: 94.20%
Validation Loss: 0.8787, Validation Accuracy: 69.75%
[Epoch 27, Batch   100] loss: 0.755
[Epoch 27, Batch   200] loss: 0.752
[Epoch 27, Batch   300] loss: 0.756
Epoch 27/50:
Train Loss: 0.1769, Train Accuracy: 94.15%
Validation Loss: 0.8819, Validation Accuracy: 68.90%
[Epoch 28, Batch   100] loss: 0.749
[Epoch 28, Batch   200] loss: 0.754
[Epoch 28, Batch   300] loss: 0.756
Epoch 28/50:
Train Loss: 0.1766, Train Accuracy: 94.49%
Validation Loss: 0.8992, Validation Accuracy: 66.32%
[Epoch 29, Batch   100] loss: 0.751
[Epoch 29, Batch   200] loss: 0.756
[Epoch 29, Batch   300] loss: 0.754
Epoch 29/50:
Train Loss: 0.1764, Train Accuracy: 94.37%
Validation Loss: 0.8901, Validation Accuracy: 66.87%
[Epoch 30, Batch   100] loss: 0.753
[Epoch 30, Batch   200] loss: 0.753
[Epoch 30, Batch   300] loss: 0.757
Epoch 30/50:
Train Loss: 0.1750, Train Accuracy: 94.58%
Validation Loss: 0.8840, Validation Accuracy: 69.52%
[Epoch 31, Batch   100] loss: 0.747
[Epoch 31, Batch   200] loss: 0.750
[Epoch 31, Batch   300] loss: 0.754
Epoch 31/50:
Train Loss: 0.1754, Train Accuracy: 95.17%
Validation Loss: 0.8771, Validation Accuracy: 70.67%
[Epoch 32, Batch   100] loss: 0.748
[Epoch 32, Batch   200] loss: 0.754
[Epoch 32, Batch   300] loss: 0.754
Epoch 32/50:
Train Loss: 0.1756, Train Accuracy: 94.90%
Validation Loss: 0.8806, Validation Accuracy: 69.97%
[Epoch 33, Batch   100] loss: 0.746
[Epoch 33, Batch   200] loss: 0.748
[Epoch 33, Batch   300] loss: 0.752
Epoch 33/50:
Train Loss: 0.1752, Train Accuracy: 95.43%
Validation Loss: 0.8932, Validation Accuracy: 67.12%
[Epoch 34, Batch   100] loss: 0.749
[Epoch 34, Batch   200] loss: 0.750
[Epoch 34, Batch   300] loss: 0.752
Epoch 34/50:
Train Loss: 0.1752, Train Accuracy: 95.29%
Validation Loss: 0.8872, Validation Accuracy: 68.70%
[Epoch 35, Batch   100] loss: 0.749
[Epoch 35, Batch   200] loss: 0.749
[Epoch 35, Batch   300] loss: 0.748
Epoch 35/50:
Train Loss: 0.1751, Train Accuracy: 95.52%
Validation Loss: 0.8894, Validation Accuracy: 69.11%
[Epoch 36, Batch   100] loss: 0.750
[Epoch 36, Batch   200] loss: 0.750
[Epoch 36, Batch   300] loss: 0.752
Epoch 36/50:
Train Loss: 0.1757, Train Accuracy: 95.19%
Validation Loss: 0.9075, Validation Accuracy: 64.67%
[Epoch 37, Batch   100] loss: 0.750
[Epoch 37, Batch   200] loss: 0.749
[Epoch 37, Batch   300] loss: 0.752
Epoch 37/50:
Train Loss: 0.1749, Train Accuracy: 95.23%
Validation Loss: 0.8976, Validation Accuracy: 66.72%
[Epoch 38, Batch   100] loss: 0.748
[Epoch 38, Batch   200] loss: 0.748
[Epoch 38, Batch   300] loss: 0.751
Epoch 38/50:
Train Loss: 0.1749, Train Accuracy: 95.44%
Validation Loss: 0.8843, Validation Accuracy: 69.44%
[Epoch 39, Batch   100] loss: 0.746
[Epoch 39, Batch   200] loss: 0.747
[Epoch 39, Batch   300] loss: 0.751
Epoch 39/50:
Train Loss: 0.1753, Train Accuracy: 95.50%
Validation Loss: 0.8769, Validation Accuracy: 70.44%
[Epoch 40, Batch   100] loss: 0.744
[Epoch 40, Batch   200] loss: 0.748
[Epoch 40, Batch   300] loss: 0.747
Epoch 40/50:
Train Loss: 0.1750, Train Accuracy: 95.93%
Validation Loss: 0.8861, Validation Accuracy: 69.18%
[Epoch 41, Batch   100] loss: 0.745
[Epoch 41, Batch   200] loss: 0.744
[Epoch 41, Batch   300] loss: 0.746
Epoch 41/50:
Train Loss: 0.1753, Train Accuracy: 95.94%
Validation Loss: 0.8837, Validation Accuracy: 69.76%
[Epoch 42, Batch   100] loss: 0.743
[Epoch 42, Batch   200] loss: 0.746
[Epoch 42, Batch   300] loss: 0.750
Epoch 42/50:
Train Loss: 0.1746, Train Accuracy: 95.97%
Validation Loss: 0.8881, Validation Accuracy: 68.89%
[Epoch 43, Batch   100] loss: 0.743
[Epoch 43, Batch   200] loss: 0.748
[Epoch 43, Batch   300] loss: 0.750
Epoch 43/50:
Train Loss: 0.1749, Train Accuracy: 95.76%
Validation Loss: 0.8956, Validation Accuracy: 67.92%
[Epoch 44, Batch   100] loss: 0.745
[Epoch 44, Batch   200] loss: 0.747
[Epoch 44, Batch   300] loss: 0.749
Epoch 44/50:
Train Loss: 0.1739, Train Accuracy: 96.05%
Validation Loss: 0.8920, Validation Accuracy: 68.53%
[Epoch 45, Batch   100] loss: 0.743
[Epoch 45, Batch   200] loss: 0.743
[Epoch 45, Batch   300] loss: 0.747
Epoch 45/50:
Train Loss: 0.1744, Train Accuracy: 96.35%
Validation Loss: 0.8878, Validation Accuracy: 68.78%
[Epoch 46, Batch   100] loss: 0.745
[Epoch 46, Batch   200] loss: 0.746
[Epoch 46, Batch   300] loss: 0.751
Epoch 46/50:
Train Loss: 0.1747, Train Accuracy: 95.78%
Validation Loss: 0.8894, Validation Accuracy: 69.12%
[Epoch 47, Batch   100] loss: 0.748
[Epoch 47, Batch   200] loss: 0.746
[Epoch 47, Batch   300] loss: 0.749
Epoch 47/50:
Train Loss: 0.1744, Train Accuracy: 95.82%
Validation Loss: 0.8827, Validation Accuracy: 70.01%
[Epoch 48, Batch   100] loss: 0.744
[Epoch 48, Batch   200] loss: 0.742
[Epoch 48, Batch   300] loss: 0.744
Epoch 48/50:
Train Loss: 0.1734, Train Accuracy: 96.61%
Validation Loss: 0.8844, Validation Accuracy: 70.14%
[Epoch 49, Batch   100] loss: 0.744
[Epoch 49, Batch   200] loss: 0.742
[Epoch 49, Batch   300] loss: 0.743
Epoch 49/50:
Train Loss: 0.1739, Train Accuracy: 96.63%
Validation Loss: 0.8805, Validation Accuracy: 70.44%
[Epoch 50, Batch   100] loss: 0.743
[Epoch 50, Batch   200] loss: 0.746
[Epoch 50, Batch   300] loss: 0.748
Epoch 50/50:
Train Loss: 0.1743, Train Accuracy: 96.11%
Validation Loss: 0.8954, Validation Accuracy: 68.49%
Model saved to models/resnet18-EvidenceLoss-CIFAR10-BELIEF-balanced_by_score-0.5-3
Modified fc layer: updated out_features to 10.
Initialized untrained model.
[Epoch 1, Batch   100] loss: 0.964
[Epoch 1, Batch   200] loss: 0.948
Epoch 1/50:
Train Loss: 0.1398, Train Accuracy: 37.67%
Validation Loss: 0.9435, Validation Accuracy: 42.72%
[Epoch 2, Batch   100] loss: 0.928
[Epoch 2, Batch   200] loss: 0.919
Epoch 2/50:
Train Loss: 0.1367, Train Accuracy: 50.64%
Validation Loss: 0.9197, Validation Accuracy: 51.12%
[Epoch 3, Batch   100] loss: 0.903
[Epoch 3, Batch   200] loss: 0.902
Epoch 3/50:
Train Loss: 0.1341, Train Accuracy: 57.29%
Validation Loss: 0.9313, Validation Accuracy: 49.16%
[Epoch 4, Batch   100] loss: 0.888
[Epoch 4, Batch   200] loss: 0.885
Epoch 4/50:
Train Loss: 0.1315, Train Accuracy: 62.04%
Validation Loss: 0.9686, Validation Accuracy: 39.59%
[Epoch 5, Batch   100] loss: 0.872
[Epoch 5, Batch   200] loss: 0.870
Epoch 5/50:
Train Loss: 0.1296, Train Accuracy: 65.99%
Validation Loss: 0.9024, Validation Accuracy: 57.64%
[Epoch 6, Batch   100] loss: 0.855
[Epoch 6, Batch   200] loss: 0.861
Epoch 6/50:
Train Loss: 0.1287, Train Accuracy: 69.69%
Validation Loss: 0.9133, Validation Accuracy: 54.78%
[Epoch 7, Batch   100] loss: 0.847
[Epoch 7, Batch   200] loss: 0.848
Epoch 7/50:
Train Loss: 0.1263, Train Accuracy: 72.84%
Validation Loss: 0.9071, Validation Accuracy: 57.56%
[Epoch 8, Batch   100] loss: 0.834
[Epoch 8, Batch   200] loss: 0.834
Epoch 8/50:
Train Loss: 0.1256, Train Accuracy: 75.64%
Validation Loss: 0.8987, Validation Accuracy: 59.78%
[Epoch 9, Batch   100] loss: 0.824
[Epoch 9, Batch   200] loss: 0.827
Epoch 9/50:
Train Loss: 0.1233, Train Accuracy: 77.93%
Validation Loss: 0.9068, Validation Accuracy: 58.58%
[Epoch 10, Batch   100] loss: 0.816
[Epoch 10, Batch   200] loss: 0.819
Epoch 10/50:
Train Loss: 0.1224, Train Accuracy: 80.01%
Validation Loss: 0.8871, Validation Accuracy: 63.35%
[Epoch 11, Batch   100] loss: 0.804
[Epoch 11, Batch   200] loss: 0.808
Epoch 11/50:
Train Loss: 0.1213, Train Accuracy: 82.34%
Validation Loss: 0.9156, Validation Accuracy: 59.78%
[Epoch 12, Batch   100] loss: 0.796
[Epoch 12, Batch   200] loss: 0.797
Epoch 12/50:
Train Loss: 0.1196, Train Accuracy: 84.85%
Validation Loss: 0.8958, Validation Accuracy: 63.17%
[Epoch 13, Batch   100] loss: 0.792
[Epoch 13, Batch   200] loss: 0.791
Epoch 13/50:
Train Loss: 0.1194, Train Accuracy: 86.09%
Validation Loss: 0.8921, Validation Accuracy: 63.54%
[Epoch 14, Batch   100] loss: 0.782
[Epoch 14, Batch   200] loss: 0.786
Epoch 14/50:
Train Loss: 0.1176, Train Accuracy: 87.68%
Validation Loss: 0.9374, Validation Accuracy: 56.52%
[Epoch 15, Batch   100] loss: 0.785
[Epoch 15, Batch   200] loss: 0.785
Epoch 15/50:
Train Loss: 0.1178, Train Accuracy: 87.57%
Validation Loss: 0.9136, Validation Accuracy: 60.61%
[Epoch 16, Batch   100] loss: 0.774
[Epoch 16, Batch   200] loss: 0.777
Epoch 16/50:
Train Loss: 0.1174, Train Accuracy: 89.27%
Validation Loss: 0.9066, Validation Accuracy: 62.13%
[Epoch 17, Batch   100] loss: 0.769
[Epoch 17, Batch   200] loss: 0.774
Epoch 17/50:
Train Loss: 0.1158, Train Accuracy: 90.53%
Validation Loss: 0.9031, Validation Accuracy: 62.76%
[Epoch 18, Batch   100] loss: 0.768
[Epoch 18, Batch   200] loss: 0.768
Epoch 18/50:
Train Loss: 0.1151, Train Accuracy: 91.28%
Validation Loss: 0.8985, Validation Accuracy: 63.90%
[Epoch 19, Batch   100] loss: 0.764
[Epoch 19, Batch   200] loss: 0.766
Epoch 19/50:
Train Loss: 0.1147, Train Accuracy: 92.13%
Validation Loss: 0.9047, Validation Accuracy: 62.99%
[Epoch 20, Batch   100] loss: 0.761
[Epoch 20, Batch   200] loss: 0.763
Epoch 20/50:
Train Loss: 0.1140, Train Accuracy: 92.63%
Validation Loss: 0.9087, Validation Accuracy: 61.83%
[Epoch 21, Batch   100] loss: 0.760
[Epoch 21, Batch   200] loss: 0.765
Epoch 21/50:
Train Loss: 0.1138, Train Accuracy: 92.89%
Validation Loss: 0.9060, Validation Accuracy: 63.64%
[Epoch 22, Batch   100] loss: 0.755
[Epoch 22, Batch   200] loss: 0.760
Epoch 22/50:
Train Loss: 0.1134, Train Accuracy: 93.74%
Validation Loss: 0.9066, Validation Accuracy: 63.02%
[Epoch 23, Batch   100] loss: 0.759
[Epoch 23, Batch   200] loss: 0.758
Epoch 23/50:
Train Loss: 0.1139, Train Accuracy: 93.41%
Validation Loss: 0.9045, Validation Accuracy: 63.80%
[Epoch 24, Batch   100] loss: 0.758
[Epoch 24, Batch   200] loss: 0.757
Epoch 24/50:
Train Loss: 0.1135, Train Accuracy: 93.79%
Validation Loss: 0.9086, Validation Accuracy: 63.00%
[Epoch 25, Batch   100] loss: 0.754
[Epoch 25, Batch   200] loss: 0.754
Epoch 25/50:
Train Loss: 0.1132, Train Accuracy: 94.33%
Validation Loss: 0.9046, Validation Accuracy: 63.39%
[Epoch 26, Batch   100] loss: 0.751
[Epoch 26, Batch   200] loss: 0.755
Epoch 26/50:
Train Loss: 0.1123, Train Accuracy: 94.58%
Validation Loss: 0.9009, Validation Accuracy: 64.97%
[Epoch 27, Batch   100] loss: 0.749
[Epoch 27, Batch   200] loss: 0.753
Epoch 27/50:
Train Loss: 0.1130, Train Accuracy: 94.96%
Validation Loss: 0.9016, Validation Accuracy: 64.58%
[Epoch 28, Batch   100] loss: 0.751
[Epoch 28, Batch   200] loss: 0.749
Epoch 28/50:
Train Loss: 0.1123, Train Accuracy: 95.23%
Validation Loss: 0.9115, Validation Accuracy: 62.65%
[Epoch 29, Batch   100] loss: 0.751
[Epoch 29, Batch   200] loss: 0.751
Epoch 29/50:
Train Loss: 0.1121, Train Accuracy: 95.17%
Validation Loss: 0.9073, Validation Accuracy: 64.07%
[Epoch 30, Batch   100] loss: 0.746
[Epoch 30, Batch   200] loss: 0.748
Epoch 30/50:
Train Loss: 0.1125, Train Accuracy: 95.75%
Validation Loss: 0.9112, Validation Accuracy: 62.68%
[Epoch 31, Batch   100] loss: 0.752
[Epoch 31, Batch   200] loss: 0.752
Epoch 31/50:
Train Loss: 0.1127, Train Accuracy: 94.93%
Validation Loss: 0.9219, Validation Accuracy: 61.57%
[Epoch 32, Batch   100] loss: 0.748
[Epoch 32, Batch   200] loss: 0.752
Epoch 32/50:
Train Loss: 0.1120, Train Accuracy: 95.29%
Validation Loss: 0.9075, Validation Accuracy: 63.32%
[Epoch 33, Batch   100] loss: 0.748
[Epoch 33, Batch   200] loss: 0.748
Epoch 33/50:
Train Loss: 0.1118, Train Accuracy: 95.81%
Validation Loss: 0.9175, Validation Accuracy: 62.85%
[Epoch 34, Batch   100] loss: 0.750
[Epoch 34, Batch   200] loss: 0.749
Epoch 34/50:
Train Loss: 0.1115, Train Accuracy: 95.63%
Validation Loss: 0.9067, Validation Accuracy: 64.51%
[Epoch 35, Batch   100] loss: 0.745
[Epoch 35, Batch   200] loss: 0.747
Epoch 35/50:
Train Loss: 0.1121, Train Accuracy: 95.99%
Validation Loss: 0.9086, Validation Accuracy: 63.70%
[Epoch 36, Batch   100] loss: 0.745
[Epoch 36, Batch   200] loss: 0.750
Epoch 36/50:
Train Loss: 0.1121, Train Accuracy: 95.66%
Validation Loss: 0.9112, Validation Accuracy: 64.25%
[Epoch 37, Batch   100] loss: 0.746
[Epoch 37, Batch   200] loss: 0.748
Epoch 37/50:
Train Loss: 0.1116, Train Accuracy: 95.92%
Validation Loss: 0.9126, Validation Accuracy: 63.94%
[Epoch 38, Batch   100] loss: 0.746
[Epoch 38, Batch   200] loss: 0.749
Epoch 38/50:
Train Loss: 0.1121, Train Accuracy: 95.93%
Validation Loss: 0.9122, Validation Accuracy: 64.03%
[Epoch 39, Batch   100] loss: 0.747
[Epoch 39, Batch   200] loss: 0.747
Epoch 39/50:
Train Loss: 0.1116, Train Accuracy: 95.99%
Validation Loss: 0.9036, Validation Accuracy: 65.64%
[Epoch 40, Batch   100] loss: 0.746
[Epoch 40, Batch   200] loss: 0.746
Epoch 40/50:
Train Loss: 0.1104, Train Accuracy: 96.35%
Validation Loss: 0.9105, Validation Accuracy: 64.25%
[Epoch 41, Batch   100] loss: 0.743
[Epoch 41, Batch   200] loss: 0.744
Epoch 41/50:
Train Loss: 0.1112, Train Accuracy: 96.63%
Validation Loss: 0.9134, Validation Accuracy: 64.20%
[Epoch 42, Batch   100] loss: 0.745
[Epoch 42, Batch   200] loss: 0.747
Epoch 42/50:
Train Loss: 0.1109, Train Accuracy: 96.37%
Validation Loss: 0.9170, Validation Accuracy: 63.61%
[Epoch 43, Batch   100] loss: 0.741
[Epoch 43, Batch   200] loss: 0.746
Epoch 43/50:
Train Loss: 0.1109, Train Accuracy: 96.66%
Validation Loss: 0.9145, Validation Accuracy: 64.16%
[Epoch 44, Batch   100] loss: 0.744
[Epoch 44, Batch   200] loss: 0.746
Epoch 44/50:
Train Loss: 0.1115, Train Accuracy: 96.33%
Validation Loss: 0.9123, Validation Accuracy: 64.02%
[Epoch 45, Batch   100] loss: 0.740
[Epoch 45, Batch   200] loss: 0.743
Epoch 45/50:
Train Loss: 0.1113, Train Accuracy: 96.89%
Validation Loss: 0.9201, Validation Accuracy: 63.05%
[Epoch 46, Batch   100] loss: 0.747
[Epoch 46, Batch   200] loss: 0.742
Epoch 46/50:
Train Loss: 0.1119, Train Accuracy: 96.33%
Validation Loss: 0.9173, Validation Accuracy: 63.75%
[Epoch 47, Batch   100] loss: 0.743
[Epoch 47, Batch   200] loss: 0.743
Epoch 47/50:
Train Loss: 0.1110, Train Accuracy: 96.73%
Validation Loss: 0.9207, Validation Accuracy: 63.13%
[Epoch 48, Batch   100] loss: 0.742
[Epoch 48, Batch   200] loss: 0.740
Epoch 48/50:
Train Loss: 0.1108, Train Accuracy: 97.05%
Validation Loss: 0.9131, Validation Accuracy: 64.54%
[Epoch 49, Batch   100] loss: 0.744
[Epoch 49, Batch   200] loss: 0.744
Epoch 49/50:
Train Loss: 0.1113, Train Accuracy: 96.45%
Validation Loss: 0.9115, Validation Accuracy: 64.31%
[Epoch 50, Batch   100] loss: 0.742
[Epoch 50, Batch   200] loss: 0.746
Epoch 50/50:
Train Loss: 0.1111, Train Accuracy: 96.58%
Validation Loss: 0.9086, Validation Accuracy: 64.78%
Model saved to models/resnet18-EvidenceLoss-CIFAR10-BELIEF-balanced_by_score-0.7-3
Modified fc layer: updated out_features to 10.
Initialized untrained model.
[Epoch 1, Batch   100] loss: 0.965
Epoch 1/50:
Train Loss: 0.3372, Train Accuracy: 34.61%
Validation Loss: 0.9585, Validation Accuracy: 34.89%
[Epoch 2, Batch   100] loss: 0.936
Epoch 2/50:
Train Loss: 0.3306, Train Accuracy: 46.25%
Validation Loss: 0.9321, Validation Accuracy: 48.05%
[Epoch 3, Batch   100] loss: 0.915
Epoch 3/50:
Train Loss: 0.3233, Train Accuracy: 53.34%
Validation Loss: 0.9316, Validation Accuracy: 47.82%
[Epoch 4, Batch   100] loss: 0.896
Epoch 4/50:
Train Loss: 0.3177, Train Accuracy: 59.13%
Validation Loss: 0.9259, Validation Accuracy: 49.30%
[Epoch 5, Batch   100] loss: 0.880
Epoch 5/50:
Train Loss: 0.3145, Train Accuracy: 63.21%
Validation Loss: 0.9305, Validation Accuracy: 48.51%
[Epoch 6, Batch   100] loss: 0.868
Epoch 6/50:
Train Loss: 0.3092, Train Accuracy: 66.71%
Validation Loss: 0.9191, Validation Accuracy: 53.08%
[Epoch 7, Batch   100] loss: 0.850
Epoch 7/50:
Train Loss: 0.3078, Train Accuracy: 70.20%
Validation Loss: 0.9088, Validation Accuracy: 55.72%
[Epoch 8, Batch   100] loss: 0.837
Epoch 8/50:
Train Loss: 0.3008, Train Accuracy: 74.22%
Validation Loss: 0.9103, Validation Accuracy: 56.51%
[Epoch 9, Batch   100] loss: 0.828
Epoch 9/50:
Train Loss: 0.2960, Train Accuracy: 76.85%
Validation Loss: 0.9328, Validation Accuracy: 51.36%
[Epoch 10, Batch   100] loss: 0.817
Epoch 10/50:
Train Loss: 0.2924, Train Accuracy: 79.40%
Validation Loss: 0.9078, Validation Accuracy: 58.45%
[Epoch 11, Batch   100] loss: 0.805
Epoch 11/50:
Train Loss: 0.2893, Train Accuracy: 82.14%
Validation Loss: 0.9277, Validation Accuracy: 53.22%
[Epoch 12, Batch   100] loss: 0.798
Epoch 12/50:
Train Loss: 0.2858, Train Accuracy: 84.00%
Validation Loss: 0.9376, Validation Accuracy: 53.68%
[Epoch 13, Batch   100] loss: 0.796
Epoch 13/50:
Train Loss: 0.2848, Train Accuracy: 84.71%
Validation Loss: 0.9160, Validation Accuracy: 58.67%
[Epoch 14, Batch   100] loss: 0.787
Epoch 14/50:
Train Loss: 0.2805, Train Accuracy: 87.28%
Validation Loss: 0.9348, Validation Accuracy: 56.27%
[Epoch 15, Batch   100] loss: 0.775
Epoch 15/50:
Train Loss: 0.2796, Train Accuracy: 88.90%
Validation Loss: 0.9409, Validation Accuracy: 55.06%
[Epoch 16, Batch   100] loss: 0.780
Epoch 16/50:
Train Loss: 0.2760, Train Accuracy: 88.89%
Validation Loss: 0.9466, Validation Accuracy: 54.26%
[Epoch 17, Batch   100] loss: 0.772
Epoch 17/50:
Train Loss: 0.2755, Train Accuracy: 90.58%
Validation Loss: 0.9273, Validation Accuracy: 58.19%
[Epoch 18, Batch   100] loss: 0.766
Epoch 18/50:
Train Loss: 0.2730, Train Accuracy: 91.75%
Validation Loss: 0.9481, Validation Accuracy: 53.64%
[Epoch 19, Batch   100] loss: 0.764
Epoch 19/50:
Train Loss: 0.2733, Train Accuracy: 92.05%
Validation Loss: 0.9231, Validation Accuracy: 57.90%
[Epoch 20, Batch   100] loss: 0.762
Epoch 20/50:
Train Loss: 0.2711, Train Accuracy: 92.81%
Validation Loss: 0.9148, Validation Accuracy: 60.48%
[Epoch 21, Batch   100] loss: 0.755
Epoch 21/50:
Train Loss: 0.2692, Train Accuracy: 94.07%
Validation Loss: 0.9260, Validation Accuracy: 58.33%
[Epoch 22, Batch   100] loss: 0.756
Epoch 22/50:
Train Loss: 0.2712, Train Accuracy: 93.65%
Validation Loss: 0.9353, Validation Accuracy: 56.71%
[Epoch 23, Batch   100] loss: 0.754
Epoch 23/50:
Train Loss: 0.2691, Train Accuracy: 94.16%
Validation Loss: 0.9220, Validation Accuracy: 59.42%
[Epoch 24, Batch   100] loss: 0.755
Epoch 24/50:
Train Loss: 0.2693, Train Accuracy: 94.13%
Validation Loss: 0.9219, Validation Accuracy: 59.96%
[Epoch 25, Batch   100] loss: 0.752
Epoch 25/50:
Train Loss: 0.2680, Train Accuracy: 94.93%
Validation Loss: 0.9246, Validation Accuracy: 59.13%
[Epoch 26, Batch   100] loss: 0.752
Epoch 26/50:
Train Loss: 0.2687, Train Accuracy: 94.57%
Validation Loss: 0.9251, Validation Accuracy: 59.73%
[Epoch 27, Batch   100] loss: 0.747
Epoch 27/50:
Train Loss: 0.2666, Train Accuracy: 95.54%
Validation Loss: 0.9302, Validation Accuracy: 58.79%
[Epoch 28, Batch   100] loss: 0.752
Epoch 28/50:
Train Loss: 0.2669, Train Accuracy: 95.05%
Validation Loss: 0.9293, Validation Accuracy: 58.88%
[Epoch 29, Batch   100] loss: 0.747
Epoch 29/50:
Train Loss: 0.2655, Train Accuracy: 95.98%
Validation Loss: 0.9257, Validation Accuracy: 60.23%
[Epoch 30, Batch   100] loss: 0.749
Epoch 30/50:
Train Loss: 0.2667, Train Accuracy: 95.40%
Validation Loss: 0.9348, Validation Accuracy: 58.53%
[Epoch 31, Batch   100] loss: 0.748
Epoch 31/50:
Train Loss: 0.2644, Train Accuracy: 96.11%
Validation Loss: 0.9290, Validation Accuracy: 59.92%
[Epoch 32, Batch   100] loss: 0.747
Epoch 32/50:
Train Loss: 0.2661, Train Accuracy: 95.75%
Validation Loss: 0.9739, Validation Accuracy: 53.16%
[Epoch 33, Batch   100] loss: 0.745
Epoch 33/50:
Train Loss: 0.2666, Train Accuracy: 95.90%
Validation Loss: 0.9248, Validation Accuracy: 60.39%
[Epoch 34, Batch   100] loss: 0.747
Epoch 34/50:
Train Loss: 0.2669, Train Accuracy: 95.76%
Validation Loss: 0.9403, Validation Accuracy: 57.80%
[Epoch 35, Batch   100] loss: 0.746
Epoch 35/50:
Train Loss: 0.2643, Train Accuracy: 96.42%
Validation Loss: 0.9345, Validation Accuracy: 59.87%
[Epoch 36, Batch   100] loss: 0.743
Epoch 36/50:
Train Loss: 0.2651, Train Accuracy: 96.64%
Validation Loss: 0.9425, Validation Accuracy: 57.63%
[Epoch 37, Batch   100] loss: 0.741
Epoch 37/50:
Train Loss: 0.2653, Train Accuracy: 96.69%
Validation Loss: 0.9398, Validation Accuracy: 59.69%
[Epoch 38, Batch   100] loss: 0.744
Epoch 38/50:
Train Loss: 0.2640, Train Accuracy: 96.77%
Validation Loss: 0.9316, Validation Accuracy: 59.47%
[Epoch 39, Batch   100] loss: 0.744
Epoch 39/50:
Train Loss: 0.2649, Train Accuracy: 96.32%
Validation Loss: 0.9470, Validation Accuracy: 56.83%
[Epoch 40, Batch   100] loss: 0.745
Epoch 40/50:
Train Loss: 0.2642, Train Accuracy: 96.51%
Validation Loss: 0.9387, Validation Accuracy: 58.78%
[Epoch 41, Batch   100] loss: 0.741
Epoch 41/50:
Train Loss: 0.2638, Train Accuracy: 97.08%
Validation Loss: 0.9436, Validation Accuracy: 57.25%
[Epoch 42, Batch   100] loss: 0.741
Epoch 42/50:
Train Loss: 0.2651, Train Accuracy: 96.77%
Validation Loss: 0.9360, Validation Accuracy: 59.25%
[Epoch 43, Batch   100] loss: 0.744
Epoch 43/50:
Train Loss: 0.2640, Train Accuracy: 96.57%
Validation Loss: 0.9354, Validation Accuracy: 59.33%
[Epoch 44, Batch   100] loss: 0.740
Epoch 44/50:
Train Loss: 0.2637, Train Accuracy: 97.20%
Validation Loss: 0.9586, Validation Accuracy: 56.31%
[Epoch 45, Batch   100] loss: 0.744
Epoch 45/50:
Train Loss: 0.2641, Train Accuracy: 96.62%
Validation Loss: 0.9411, Validation Accuracy: 58.64%
[Epoch 46, Batch   100] loss: 0.744
Epoch 46/50:
Train Loss: 0.2642, Train Accuracy: 96.62%
Validation Loss: 0.9304, Validation Accuracy: 59.88%
[Epoch 47, Batch   100] loss: 0.743
Epoch 47/50:
Train Loss: 0.2641, Train Accuracy: 96.84%
Validation Loss: 0.9448, Validation Accuracy: 58.20%
[Epoch 48, Batch   100] loss: 0.741
Epoch 48/50:
Train Loss: 0.2638, Train Accuracy: 97.06%
Validation Loss: 0.9243, Validation Accuracy: 60.79%
[Epoch 49, Batch   100] loss: 0.739
Epoch 49/50:
Train Loss: 0.2619, Train Accuracy: 97.63%
Validation Loss: 0.9467, Validation Accuracy: 57.80%
[Epoch 50, Batch   100] loss: 0.739
Epoch 50/50:
Train Loss: 0.2644, Train Accuracy: 97.08%
Validation Loss: 0.9463, Validation Accuracy: 57.26%
Model saved to models/resnet18-EvidenceLoss-CIFAR10-BELIEF-balanced_by_score-0.8-3
Modified fc layer: updated out_features to 10.
Initialized untrained model.
Epoch 1/50:
Train Loss: 0.9672, Train Accuracy: 32.82%
Validation Loss: 0.9601, Validation Accuracy: 34.84%
Epoch 2/50:
Train Loss: 0.9442, Train Accuracy: 41.76%
Validation Loss: 0.9768, Validation Accuracy: 36.58%
Epoch 3/50:
Train Loss: 0.9271, Train Accuracy: 49.14%
Validation Loss: 0.9481, Validation Accuracy: 43.31%
Epoch 4/50:
Train Loss: 0.9110, Train Accuracy: 54.20%
Validation Loss: 0.9520, Validation Accuracy: 41.31%
Epoch 5/50:
Train Loss: 0.8924, Train Accuracy: 60.29%
Validation Loss: 0.9393, Validation Accuracy: 46.67%
Epoch 6/50:
Train Loss: 0.8746, Train Accuracy: 64.73%
Validation Loss: 0.9586, Validation Accuracy: 42.63%
Epoch 7/50:
Train Loss: 0.8574, Train Accuracy: 69.98%
Validation Loss: 0.9462, Validation Accuracy: 46.11%
Epoch 8/50:
Train Loss: 0.8388, Train Accuracy: 74.78%
Validation Loss: 0.9468, Validation Accuracy: 47.67%
Epoch 9/50:
Train Loss: 0.8317, Train Accuracy: 76.20%
Validation Loss: 0.9393, Validation Accuracy: 48.79%
Epoch 10/50:
Train Loss: 0.8203, Train Accuracy: 79.88%
Validation Loss: 0.9535, Validation Accuracy: 48.92%
Epoch 11/50:
Train Loss: 0.8062, Train Accuracy: 82.51%
Validation Loss: 0.9717, Validation Accuracy: 45.45%
Epoch 12/50:
Train Loss: 0.8008, Train Accuracy: 84.06%
Validation Loss: 0.9492, Validation Accuracy: 49.97%
Epoch 13/50:
Train Loss: 0.7836, Train Accuracy: 88.10%
Validation Loss: 0.9595, Validation Accuracy: 47.80%
Epoch 14/50:
Train Loss: 0.7819, Train Accuracy: 88.57%
Validation Loss: 0.9519, Validation Accuracy: 50.40%
Epoch 15/50:
Train Loss: 0.7750, Train Accuracy: 89.86%
Validation Loss: 0.9707, Validation Accuracy: 47.16%
Epoch 16/50:
Train Loss: 0.7718, Train Accuracy: 91.29%
Validation Loss: 0.9669, Validation Accuracy: 49.42%
Epoch 17/50:
Train Loss: 0.7644, Train Accuracy: 92.96%
Validation Loss: 0.9617, Validation Accuracy: 50.64%
Epoch 18/50:
Train Loss: 0.7604, Train Accuracy: 93.27%
Validation Loss: 0.9573, Validation Accuracy: 50.75%
Epoch 19/50:
Train Loss: 0.7586, Train Accuracy: 93.71%
Validation Loss: 0.9833, Validation Accuracy: 47.51%
Epoch 20/50:
Train Loss: 0.7561, Train Accuracy: 94.20%
Validation Loss: 0.9622, Validation Accuracy: 51.26%
Epoch 21/50:
Train Loss: 0.7520, Train Accuracy: 95.24%
Validation Loss: 0.9650, Validation Accuracy: 50.24%
Epoch 22/50:
Train Loss: 0.7503, Train Accuracy: 95.35%
Validation Loss: 0.9673, Validation Accuracy: 50.07%
Epoch 23/50:
Train Loss: 0.7500, Train Accuracy: 95.55%
Validation Loss: 0.9600, Validation Accuracy: 52.53%
Epoch 24/50:
Train Loss: 0.7482, Train Accuracy: 95.73%
Validation Loss: 0.9571, Validation Accuracy: 52.30%
Epoch 25/50:
Train Loss: 0.7509, Train Accuracy: 95.49%
Validation Loss: 0.9557, Validation Accuracy: 52.50%
Epoch 26/50:
Train Loss: 0.7495, Train Accuracy: 95.57%
Validation Loss: 0.9702, Validation Accuracy: 50.23%
Epoch 27/50:
Train Loss: 0.7459, Train Accuracy: 96.37%
Validation Loss: 0.9612, Validation Accuracy: 51.83%
Epoch 28/50:
Train Loss: 0.7436, Train Accuracy: 96.73%
Validation Loss: 0.9682, Validation Accuracy: 51.87%
Epoch 29/50:
Train Loss: 0.7446, Train Accuracy: 96.33%
Validation Loss: 0.9562, Validation Accuracy: 53.72%
Epoch 30/50:
Train Loss: 0.7448, Train Accuracy: 96.61%
Validation Loss: 0.9601, Validation Accuracy: 52.11%
Epoch 31/50:
Train Loss: 0.7453, Train Accuracy: 96.61%
Validation Loss: 0.9749, Validation Accuracy: 49.93%
Epoch 32/50:
Train Loss: 0.7466, Train Accuracy: 96.04%
Validation Loss: 0.9589, Validation Accuracy: 52.11%
Epoch 33/50:
Train Loss: 0.7404, Train Accuracy: 97.41%
Validation Loss: 0.9594, Validation Accuracy: 52.66%
Epoch 34/50:
Train Loss: 0.7410, Train Accuracy: 97.12%
Validation Loss: 0.9674, Validation Accuracy: 50.99%
Epoch 35/50:
Train Loss: 0.7398, Train Accuracy: 97.53%
Validation Loss: 0.9636, Validation Accuracy: 51.84%
Epoch 36/50:
Train Loss: 0.7433, Train Accuracy: 96.80%
Validation Loss: 0.9755, Validation Accuracy: 48.87%
Epoch 37/50:
Train Loss: 0.7451, Train Accuracy: 96.41%
Validation Loss: 0.9638, Validation Accuracy: 52.05%
Epoch 38/50:
Train Loss: 0.7415, Train Accuracy: 97.18%
Validation Loss: 0.9987, Validation Accuracy: 45.79%
Epoch 39/50:
Train Loss: 0.7399, Train Accuracy: 97.49%
Validation Loss: 0.9642, Validation Accuracy: 52.58%
Epoch 40/50:
Train Loss: 0.7400, Train Accuracy: 97.39%
Validation Loss: 0.9678, Validation Accuracy: 52.10%
Epoch 41/50:
Train Loss: 0.7421, Train Accuracy: 97.08%
Validation Loss: 0.9532, Validation Accuracy: 53.11%
Epoch 42/50:
Train Loss: 0.7364, Train Accuracy: 97.96%
Validation Loss: 0.9612, Validation Accuracy: 52.37%
Epoch 43/50:
Train Loss: 0.7358, Train Accuracy: 98.00%
Validation Loss: 0.9683, Validation Accuracy: 51.49%
Epoch 44/50:
Train Loss: 0.7377, Train Accuracy: 97.80%
Validation Loss: 0.9656, Validation Accuracy: 52.89%
Epoch 45/50:
Train Loss: 0.7440, Train Accuracy: 96.61%
Validation Loss: 0.9669, Validation Accuracy: 51.76%
Epoch 46/50:
Train Loss: 0.7393, Train Accuracy: 97.39%
Validation Loss: 0.9928, Validation Accuracy: 48.20%
Epoch 47/50:
Train Loss: 0.7423, Train Accuracy: 96.96%
Validation Loss: 0.9702, Validation Accuracy: 50.93%
Epoch 48/50:
Train Loss: 0.7414, Train Accuracy: 96.84%
Validation Loss: 0.9781, Validation Accuracy: 49.44%
Epoch 49/50:
Train Loss: 0.7404, Train Accuracy: 97.24%
Validation Loss: 0.9628, Validation Accuracy: 52.84%
Epoch 50/50:
Train Loss: 0.7420, Train Accuracy: 96.82%
Validation Loss: 0.9680, Validation Accuracy: 52.39%
Model saved to models/resnet18-EvidenceLoss-CIFAR10-BELIEF-balanced_by_score-0.9-3
Modified fc layer: updated out_features to 10.
Initialized untrained model.
Epoch 1/50:
Train Loss: 0.9755, Train Accuracy: 28.68%
Validation Loss: 0.9809, Validation Accuracy: 21.70%
Epoch 2/50:
Train Loss: 0.9479, Train Accuracy: 41.92%
Validation Loss: 0.9649, Validation Accuracy: 32.04%
Epoch 3/50:
Train Loss: 0.9331, Train Accuracy: 46.64%
Validation Loss: 0.9633, Validation Accuracy: 35.96%
Epoch 4/50:
Train Loss: 0.9161, Train Accuracy: 53.48%
Validation Loss: 0.9896, Validation Accuracy: 30.18%
Epoch 5/50:
Train Loss: 0.8976, Train Accuracy: 59.60%
Validation Loss: 0.9629, Validation Accuracy: 36.87%
Epoch 6/50:
Train Loss: 0.8749, Train Accuracy: 65.68%
Validation Loss: 0.9671, Validation Accuracy: 40.06%
Epoch 7/50:
Train Loss: 0.8518, Train Accuracy: 71.40%
Validation Loss: 0.9702, Validation Accuracy: 41.10%
Epoch 8/50:
Train Loss: 0.8420, Train Accuracy: 74.36%
Validation Loss: 0.9579, Validation Accuracy: 42.43%
Epoch 9/50:
Train Loss: 0.8307, Train Accuracy: 76.64%
Validation Loss: 0.9653, Validation Accuracy: 42.24%
Epoch 10/50:
Train Loss: 0.8123, Train Accuracy: 81.88%
Validation Loss: 0.9786, Validation Accuracy: 41.33%
Epoch 11/50:
Train Loss: 0.8109, Train Accuracy: 82.20%
Validation Loss: 0.9724, Validation Accuracy: 42.95%
Epoch 12/50:
Train Loss: 0.7910, Train Accuracy: 86.44%
Validation Loss: 0.9705, Validation Accuracy: 45.58%
Epoch 13/50:
Train Loss: 0.7958, Train Accuracy: 85.96%
Validation Loss: 0.9749, Validation Accuracy: 43.23%
Epoch 14/50:
Train Loss: 0.7825, Train Accuracy: 89.52%
Validation Loss: 0.9741, Validation Accuracy: 44.12%
Epoch 15/50:
Train Loss: 0.8123, Train Accuracy: 82.04%
Validation Loss: 0.9780, Validation Accuracy: 44.69%
Epoch 16/50:
Train Loss: 0.7835, Train Accuracy: 88.76%
Validation Loss: 0.9759, Validation Accuracy: 44.17%
Epoch 17/50:
Train Loss: 0.7766, Train Accuracy: 90.40%
Validation Loss: 0.9771, Validation Accuracy: 44.87%
Epoch 18/50:
Train Loss: 0.7619, Train Accuracy: 93.16%
Validation Loss: 0.9708, Validation Accuracy: 46.46%
Epoch 19/50:
Train Loss: 0.7646, Train Accuracy: 92.36%
Validation Loss: 0.9764, Validation Accuracy: 46.41%
Epoch 20/50:
Train Loss: 0.7579, Train Accuracy: 94.24%
Validation Loss: 0.9891, Validation Accuracy: 44.93%
Epoch 21/50:
Train Loss: 0.7600, Train Accuracy: 93.60%
Validation Loss: 0.9929, Validation Accuracy: 43.82%
Epoch 22/50:
Train Loss: 0.7595, Train Accuracy: 94.00%
Validation Loss: 0.9872, Validation Accuracy: 45.42%
Epoch 23/50:
Train Loss: 0.7671, Train Accuracy: 92.04%
Validation Loss: 0.9830, Validation Accuracy: 45.37%
Epoch 24/50:
Train Loss: 0.7566, Train Accuracy: 95.04%
Validation Loss: 0.9884, Validation Accuracy: 43.84%
Epoch 25/50:
Train Loss: 0.7688, Train Accuracy: 92.48%
Validation Loss: 0.9925, Validation Accuracy: 44.16%
Epoch 26/50:
Train Loss: 0.7613, Train Accuracy: 93.64%
Validation Loss: 0.9961, Validation Accuracy: 45.56%
Epoch 27/50:
Train Loss: 0.7544, Train Accuracy: 95.40%
Validation Loss: 0.9837, Validation Accuracy: 46.54%
Epoch 28/50:
Train Loss: 0.7509, Train Accuracy: 95.84%
Validation Loss: 0.9886, Validation Accuracy: 45.71%
Epoch 29/50:
Train Loss: 0.7560, Train Accuracy: 94.36%
Validation Loss: 0.9812, Validation Accuracy: 46.05%
Epoch 30/50:
Train Loss: 0.7457, Train Accuracy: 97.00%
Validation Loss: 0.9841, Validation Accuracy: 47.42%
Epoch 31/50:
Train Loss: 0.7579, Train Accuracy: 94.96%
Validation Loss: 0.9904, Validation Accuracy: 45.18%
Epoch 32/50:
Train Loss: 0.7490, Train Accuracy: 96.08%
Validation Loss: 0.9854, Validation Accuracy: 46.57%
Epoch 33/50:
Train Loss: 0.7453, Train Accuracy: 97.28%
Validation Loss: 0.9947, Validation Accuracy: 44.64%
Epoch 34/50:
Train Loss: 0.7684, Train Accuracy: 93.12%
Validation Loss: 0.9948, Validation Accuracy: 45.78%
Epoch 35/50:
Train Loss: 0.7577, Train Accuracy: 95.12%
Validation Loss: 0.9827, Validation Accuracy: 46.68%
Epoch 36/50:
Train Loss: 0.7427, Train Accuracy: 97.32%
Validation Loss: 0.9726, Validation Accuracy: 48.41%
Epoch 37/50:
Train Loss: 0.7453, Train Accuracy: 97.28%
Validation Loss: 0.9807, Validation Accuracy: 47.45%
Epoch 38/50:
Train Loss: 0.7494, Train Accuracy: 96.00%
Validation Loss: 0.9862, Validation Accuracy: 45.53%
Epoch 39/50:
Train Loss: 0.7449, Train Accuracy: 96.60%
Validation Loss: 0.9869, Validation Accuracy: 46.14%
Epoch 40/50:
Train Loss: 0.7391, Train Accuracy: 97.68%
Validation Loss: 0.9900, Validation Accuracy: 46.70%
Epoch 41/50:
Train Loss: 0.7373, Train Accuracy: 98.48%
Validation Loss: 0.9837, Validation Accuracy: 47.23%
Epoch 42/50:
Train Loss: 0.7466, Train Accuracy: 95.96%
Validation Loss: 0.9920, Validation Accuracy: 45.37%
Epoch 43/50:
Train Loss: 0.7409, Train Accuracy: 97.72%
Validation Loss: 0.9805, Validation Accuracy: 47.20%
Epoch 44/50:
Train Loss: 0.7470, Train Accuracy: 96.56%
Validation Loss: 0.9908, Validation Accuracy: 45.46%
Epoch 45/50:
Train Loss: 0.7652, Train Accuracy: 92.68%
Validation Loss: 0.9970, Validation Accuracy: 46.75%
Epoch 46/50:
Train Loss: 0.7617, Train Accuracy: 94.36%
Validation Loss: 0.9888, Validation Accuracy: 46.43%
Epoch 47/50:
Train Loss: 0.7511, Train Accuracy: 96.68%
Validation Loss: 0.9941, Validation Accuracy: 45.56%
Epoch 48/50:
Train Loss: 0.7671, Train Accuracy: 92.68%
Validation Loss: 0.9836, Validation Accuracy: 46.04%
Epoch 49/50:
Train Loss: 0.7608, Train Accuracy: 94.44%
Validation Loss: 0.9904, Validation Accuracy: 45.69%
Epoch 50/50:
Train Loss: 0.7527, Train Accuracy: 95.68%
Validation Loss: 0.9986, Validation Accuracy: 44.69%
Model saved to models/resnet18-EvidenceLoss-CIFAR10-BELIEF-balanced_by_score-0.95-3
