Modified conv1: updated in_channels to 1.
Modified fc layer: updated out_features to 10.
Initialized untrained model.
[Epoch 1, Batch   100] loss: 0.260
[Epoch 1, Batch   200] loss: 0.126
[Epoch 1, Batch   300] loss: 0.094
[Epoch 1, Batch   400] loss: 0.079
[Epoch 1, Batch   500] loss: 0.083
[Epoch 1, Batch   600] loss: 0.076
[Epoch 1, Batch   700] loss: 0.063
[Epoch 1, Batch   800] loss: 0.062
[Epoch 1, Batch   900] loss: 0.062
Epoch 1/20:
Train Loss: 0.0024, Train Accuracy: 95.96%
Validation Loss: 0.0486, Validation Accuracy: 98.08%
[Epoch 2, Batch   100] loss: 0.891
[Epoch 2, Batch   200] loss: 0.737
[Epoch 2, Batch   300] loss: 0.733
[Epoch 2, Batch   400] loss: 0.735
[Epoch 2, Batch   500] loss: 0.734
[Epoch 2, Batch   600] loss: 0.736
[Epoch 2, Batch   700] loss: 0.735
[Epoch 2, Batch   800] loss: 0.735
[Epoch 2, Batch   900] loss: 0.734
Epoch 2/20:
Train Loss: 0.0290, Train Accuracy: 98.44%
Validation Loss: 0.4425, Validation Accuracy: 98.44%
[Epoch 3, Batch   100] loss: 0.906
[Epoch 3, Batch   200] loss: 0.888
[Epoch 3, Batch   300] loss: 0.886
[Epoch 3, Batch   400] loss: 0.886
[Epoch 3, Batch   500] loss: 0.886
[Epoch 3, Batch   600] loss: 0.887
[Epoch 3, Batch   700] loss: 0.886
[Epoch 3, Batch   800] loss: 0.887
[Epoch 3, Batch   900] loss: 0.886
Epoch 3/20:
Train Loss: 0.0350, Train Accuracy: 97.71%
Validation Loss: 0.7321, Validation Accuracy: 98.79%
[Epoch 4, Batch   100] loss: 0.931
[Epoch 4, Batch   200] loss: 0.929
[Epoch 4, Batch   300] loss: 0.929
[Epoch 4, Batch   400] loss: 0.929
[Epoch 4, Batch   500] loss: 0.929
[Epoch 4, Batch   600] loss: 0.929
[Epoch 4, Batch   700] loss: 0.929
[Epoch 4, Batch   800] loss: 0.929
[Epoch 4, Batch   900] loss: 0.929
Epoch 4/20:
Train Loss: 0.0367, Train Accuracy: 99.04%
Validation Loss: 0.8569, Validation Accuracy: 98.78%
[Epoch 5, Batch   100] loss: 0.946
[Epoch 5, Batch   200] loss: 0.946
[Epoch 5, Batch   300] loss: 0.946
[Epoch 5, Batch   400] loss: 0.946
[Epoch 5, Batch   500] loss: 0.946
[Epoch 5, Batch   600] loss: 0.946
[Epoch 5, Batch   700] loss: 0.946
[Epoch 5, Batch   800] loss: 0.946
[Epoch 5, Batch   900] loss: 0.946
Epoch 5/20:
Train Loss: 0.0374, Train Accuracy: 98.90%
Validation Loss: 0.8990, Validation Accuracy: 98.67%
[Epoch 6, Batch   100] loss: 0.955
[Epoch 6, Batch   200] loss: 0.955
[Epoch 6, Batch   300] loss: 0.955
[Epoch 6, Batch   400] loss: 0.955
[Epoch 6, Batch   500] loss: 0.955
[Epoch 6, Batch   600] loss: 0.955
[Epoch 6, Batch   700] loss: 0.955
[Epoch 6, Batch   800] loss: 0.955
[Epoch 6, Batch   900] loss: 0.955
Epoch 6/20:
Train Loss: 0.0377, Train Accuracy: 98.69%
Validation Loss: 0.9225, Validation Accuracy: 97.71%
[Epoch 7, Batch   100] loss: 0.960
[Epoch 7, Batch   200] loss: 0.960
[Epoch 7, Batch   300] loss: 0.960
[Epoch 7, Batch   400] loss: 0.960
[Epoch 7, Batch   500] loss: 0.960
[Epoch 7, Batch   600] loss: 0.960
[Epoch 7, Batch   700] loss: 0.960
[Epoch 7, Batch   800] loss: 0.961
[Epoch 7, Batch   900] loss: 0.960
Epoch 7/20:
Train Loss: 0.0379, Train Accuracy: 98.36%
Validation Loss: 0.9347, Validation Accuracy: 98.08%
[Epoch 8, Batch   100] loss: 0.964
[Epoch 8, Batch   200] loss: 0.964
[Epoch 8, Batch   300] loss: 0.964
[Epoch 8, Batch   400] loss: 0.964
[Epoch 8, Batch   500] loss: 0.964
[Epoch 8, Batch   600] loss: 0.964
[Epoch 8, Batch   700] loss: 0.964
[Epoch 8, Batch   800] loss: 0.964
[Epoch 8, Batch   900] loss: 0.964
Epoch 8/20:
Train Loss: 0.0381, Train Accuracy: 98.23%
Validation Loss: 0.9431, Validation Accuracy: 97.20%
[Epoch 9, Batch   100] loss: 0.967
[Epoch 9, Batch   200] loss: 0.966
[Epoch 9, Batch   300] loss: 0.967
[Epoch 9, Batch   400] loss: 0.967
[Epoch 9, Batch   500] loss: 0.967
[Epoch 9, Batch   600] loss: 0.967
[Epoch 9, Batch   700] loss: 0.967
[Epoch 9, Batch   800] loss: 0.967
[Epoch 9, Batch   900] loss: 0.967
Epoch 9/20:
Train Loss: 0.0382, Train Accuracy: 98.07%
Validation Loss: 0.9499, Validation Accuracy: 97.36%
[Epoch 10, Batch   100] loss: 0.968
[Epoch 10, Batch   200] loss: 0.968
[Epoch 10, Batch   300] loss: 0.968
[Epoch 10, Batch   400] loss: 0.968
[Epoch 10, Batch   500] loss: 0.969
[Epoch 10, Batch   600] loss: 0.968
[Epoch 10, Batch   700] loss: 0.968
[Epoch 10, Batch   800] loss: 0.968
[Epoch 10, Batch   900] loss: 0.969
Epoch 10/20:
Train Loss: 0.0382, Train Accuracy: 98.14%
Validation Loss: 0.9531, Validation Accuracy: 98.36%
[Epoch 11, Batch   100] loss: 0.970
[Epoch 11, Batch   200] loss: 0.970
[Epoch 11, Batch   300] loss: 0.970
[Epoch 11, Batch   400] loss: 0.970
[Epoch 11, Batch   500] loss: 0.970
[Epoch 11, Batch   600] loss: 0.970
[Epoch 11, Batch   700] loss: 0.970
[Epoch 11, Batch   800] loss: 0.970
[Epoch 11, Batch   900] loss: 0.970
Epoch 11/20:
Train Loss: 0.0383, Train Accuracy: 98.23%
Validation Loss: 0.9585, Validation Accuracy: 95.48%
[Epoch 12, Batch   100] loss: 0.970
[Epoch 12, Batch   200] loss: 0.970
[Epoch 12, Batch   300] loss: 0.970
[Epoch 12, Batch   400] loss: 0.970
[Epoch 12, Batch   500] loss: 0.970
[Epoch 12, Batch   600] loss: 0.970
[Epoch 12, Batch   700] loss: 0.970
[Epoch 12, Batch   800] loss: 0.970
[Epoch 12, Batch   900] loss: 0.970
Epoch 12/20:
Train Loss: 0.0383, Train Accuracy: 98.23%
Validation Loss: 0.9569, Validation Accuracy: 98.60%
[Epoch 13, Batch   100] loss: 0.970
[Epoch 13, Batch   200] loss: 0.970
[Epoch 13, Batch   300] loss: 0.970
[Epoch 13, Batch   400] loss: 0.970
[Epoch 13, Batch   500] loss: 0.970
[Epoch 13, Batch   600] loss: 0.970
[Epoch 13, Batch   700] loss: 0.970
[Epoch 13, Batch   800] loss: 0.970
[Epoch 13, Batch   900] loss: 0.970
Epoch 13/20:
Train Loss: 0.0383, Train Accuracy: 98.27%
Validation Loss: 0.9561, Validation Accuracy: 98.43%
[Epoch 14, Batch   100] loss: 0.970
[Epoch 14, Batch   200] loss: 0.970
[Epoch 14, Batch   300] loss: 0.970
[Epoch 14, Batch   400] loss: 0.970
[Epoch 14, Batch   500] loss: 0.970
[Epoch 14, Batch   600] loss: 0.970
[Epoch 14, Batch   700] loss: 0.970
[Epoch 14, Batch   800] loss: 0.970
[Epoch 14, Batch   900] loss: 0.970
Epoch 14/20:
Train Loss: 0.0383, Train Accuracy: 98.29%
Validation Loss: 0.9562, Validation Accuracy: 98.09%
[Epoch 15, Batch   100] loss: 0.970
[Epoch 15, Batch   200] loss: 0.970
[Epoch 15, Batch   300] loss: 0.970
[Epoch 15, Batch   400] loss: 0.970
[Epoch 15, Batch   500] loss: 0.970
[Epoch 15, Batch   600] loss: 0.970
[Epoch 15, Batch   700] loss: 0.970
[Epoch 15, Batch   800] loss: 0.970
[Epoch 15, Batch   900] loss: 0.970
Epoch 15/20:
Train Loss: 0.0383, Train Accuracy: 98.32%
Validation Loss: 0.9560, Validation Accuracy: 98.65%
[Epoch 16, Batch   100] loss: 0.970
[Epoch 16, Batch   200] loss: 0.970
[Epoch 16, Batch   300] loss: 0.970
[Epoch 16, Batch   400] loss: 0.970
[Epoch 16, Batch   500] loss: 0.970
[Epoch 16, Batch   600] loss: 0.970
[Epoch 16, Batch   700] loss: 0.970
[Epoch 16, Batch   800] loss: 0.970
[Epoch 16, Batch   900] loss: 0.970
Epoch 16/20:
Train Loss: 0.0383, Train Accuracy: 98.40%
Validation Loss: 0.9564, Validation Accuracy: 98.37%
[Epoch 17, Batch   100] loss: 0.970
[Epoch 17, Batch   200] loss: 0.970
[Epoch 17, Batch   300] loss: 0.970
[Epoch 17, Batch   400] loss: 0.970
[Epoch 17, Batch   500] loss: 0.970
[Epoch 17, Batch   600] loss: 0.970
[Epoch 17, Batch   700] loss: 0.970
[Epoch 17, Batch   800] loss: 0.970
[Epoch 17, Batch   900] loss: 0.970
Epoch 17/20:
Train Loss: 0.0383, Train Accuracy: 98.43%
Validation Loss: 0.9566, Validation Accuracy: 98.16%
[Epoch 18, Batch   100] loss: 0.970
[Epoch 18, Batch   200] loss: 0.970
[Epoch 18, Batch   300] loss: 0.970
[Epoch 18, Batch   400] loss: 0.970
[Epoch 18, Batch   500] loss: 0.970
[Epoch 18, Batch   600] loss: 0.970
[Epoch 18, Batch   700] loss: 0.970
[Epoch 18, Batch   800] loss: 0.970
[Epoch 18, Batch   900] loss: 0.970
Epoch 18/20:
Train Loss: 0.0383, Train Accuracy: 98.52%
Validation Loss: 0.9562, Validation Accuracy: 98.39%
[Epoch 19, Batch   100] loss: 0.970
[Epoch 19, Batch   200] loss: 0.970
[Epoch 19, Batch   300] loss: 0.970
[Epoch 19, Batch   400] loss: 0.970
[Epoch 19, Batch   500] loss: 0.970
[Epoch 19, Batch   600] loss: 0.970
[Epoch 19, Batch   700] loss: 0.970
[Epoch 19, Batch   800] loss: 0.970
[Epoch 19, Batch   900] loss: 0.970
Epoch 19/20:
Train Loss: 0.0383, Train Accuracy: 98.45%
Validation Loss: 0.9564, Validation Accuracy: 97.31%
[Epoch 20, Batch   100] loss: 0.970
[Epoch 20, Batch   200] loss: 0.970
[Epoch 20, Batch   300] loss: 0.970
[Epoch 20, Batch   400] loss: 0.970
[Epoch 20, Batch   500] loss: 0.970
[Epoch 20, Batch   600] loss: 0.970
[Epoch 20, Batch   700] loss: 0.970
[Epoch 20, Batch   800] loss: 0.970
[Epoch 20, Batch   900] loss: 0.970
Epoch 20/20:
Train Loss: 0.0383, Train Accuracy: 98.50%
Validation Loss: 0.9558, Validation Accuracy: 98.64%
Model saved to models/resnet18_MNIST_E1_1
Modified conv1: updated in_channels to 1.
Modified fc layer: updated out_features to 10.
Loaded weights from file: models/resnet18_MNIST_E1_1
Modified conv1: updated in_channels to 1.
Modified fc layer: updated out_features to 10.
Initialized untrained model.
resnet18-MNIST-random-0.3-1
[Epoch 1, Batch     2] loss: 0.042
[Epoch 1, Batch   102] loss: 0.311
[Epoch 1, Batch   202] loss: 0.193
[Epoch 1, Batch   302] loss: 0.169
[Epoch 1, Batch   402] loss: 0.123
[Epoch 1, Batch   502] loss: 0.092
[Epoch 1, Batch   602] loss: 0.098
Epoch 1/20:
Train Loss: 0.0077, Train Accuracy: 94.92%
Validation Loss: 0.0604, Validation Accuracy: 97.96%
[Epoch 2, Batch     2] loss: 0.001
[Epoch 2, Batch   102] loss: 0.074
[Epoch 2, Batch   202] loss: 0.087
[Epoch 2, Batch   302] loss: 0.081
[Epoch 2, Batch   402] loss: 0.085
[Epoch 2, Batch   502] loss: 0.066
[Epoch 2, Batch   602] loss: 0.069
Epoch 2/20:
Train Loss: 0.0046, Train Accuracy: 97.77%
Validation Loss: 0.0982, Validation Accuracy: 96.70%
[Epoch 3, Batch     2] loss: 0.002
[Epoch 3, Batch   102] loss: 0.060
[Epoch 3, Batch   202] loss: 0.068
[Epoch 3, Batch   302] loss: 0.063
[Epoch 3, Batch   402] loss: 0.069
[Epoch 3, Batch   502] loss: 0.055
[Epoch 3, Batch   602] loss: 0.055
Epoch 3/20:
Train Loss: 0.0041, Train Accuracy: 98.14%
Validation Loss: 0.0519, Validation Accuracy: 98.35%
[Epoch 4, Batch     2] loss: 0.000
[Epoch 4, Batch   102] loss: 0.052
[Epoch 4, Batch   202] loss: 0.055
[Epoch 4, Batch   302] loss: 0.048
[Epoch 4, Batch   402] loss: 0.050
[Epoch 4, Batch   502] loss: 0.061
[Epoch 4, Batch   602] loss: 0.056
Epoch 4/20:
Train Loss: 0.0030, Train Accuracy: 98.43%
Validation Loss: 0.0443, Validation Accuracy: 98.64%
[Epoch 5, Batch     2] loss: 0.001
[Epoch 5, Batch   102] loss: 0.039
[Epoch 5, Batch   202] loss: 0.037
[Epoch 5, Batch   302] loss: 0.045
[Epoch 5, Batch   402] loss: 0.043
[Epoch 5, Batch   502] loss: 0.051
[Epoch 5, Batch   602] loss: 0.038
Epoch 5/20:
Train Loss: 0.0042, Train Accuracy: 98.67%
Validation Loss: 0.0727, Validation Accuracy: 97.83%
[Epoch 6, Batch     2] loss: 0.001
[Epoch 6, Batch   102] loss: 0.046
[Epoch 6, Batch   202] loss: 0.049
[Epoch 6, Batch   302] loss: 0.031
[Epoch 6, Batch   402] loss: 0.040
[Epoch 6, Batch   502] loss: 0.042
[Epoch 6, Batch   602] loss: 0.040
Epoch 6/20:
Train Loss: 0.0045, Train Accuracy: 98.68%
Validation Loss: 0.0671, Validation Accuracy: 98.05%
[Epoch 7, Batch     2] loss: 0.001
[Epoch 7, Batch   102] loss: 0.032
[Epoch 7, Batch   202] loss: 0.039
[Epoch 7, Batch   302] loss: 0.034
[Epoch 7, Batch   402] loss: 0.034
[Epoch 7, Batch   502] loss: 0.039
[Epoch 7, Batch   602] loss: 0.044
Epoch 7/20:
Train Loss: 0.0038, Train Accuracy: 98.88%
Validation Loss: 0.0529, Validation Accuracy: 98.38%
[Epoch 8, Batch     2] loss: 0.000
[Epoch 8, Batch   102] loss: 0.029
[Epoch 8, Batch   202] loss: 0.032
[Epoch 8, Batch   302] loss: 0.033
[Epoch 8, Batch   402] loss: 0.034
[Epoch 8, Batch   502] loss: 0.040
[Epoch 8, Batch   602] loss: 0.053
Epoch 8/20:
Train Loss: 0.0026, Train Accuracy: 98.94%
Validation Loss: 0.0332, Validation Accuracy: 98.80%
[Epoch 9, Batch     2] loss: 0.001
[Epoch 9, Batch   102] loss: 0.026
[Epoch 9, Batch   202] loss: 0.023
[Epoch 9, Batch   302] loss: 0.044
[Epoch 9, Batch   402] loss: 0.034
[Epoch 9, Batch   502] loss: 0.036
[Epoch 9, Batch   602] loss: 0.041
Epoch 9/20:
Train Loss: 0.0026, Train Accuracy: 99.02%
Validation Loss: 0.0373, Validation Accuracy: 98.89%
[Epoch 10, Batch     2] loss: 0.000
[Epoch 10, Batch   102] loss: 0.025
[Epoch 10, Batch   202] loss: 0.026
[Epoch 10, Batch   302] loss: 0.028
[Epoch 10, Batch   402] loss: 0.034
[Epoch 10, Batch   502] loss: 0.035
[Epoch 10, Batch   602] loss: 0.030
Epoch 10/20:
Train Loss: 0.0023, Train Accuracy: 99.13%
Validation Loss: 0.0453, Validation Accuracy: 98.63%
[Epoch 11, Batch     2] loss: 0.000
[Epoch 11, Batch   102] loss: 0.033
[Epoch 11, Batch   202] loss: 0.023
[Epoch 11, Batch   302] loss: 0.023
[Epoch 11, Batch   402] loss: 0.032
[Epoch 11, Batch   502] loss: 0.036
[Epoch 11, Batch   602] loss: 0.033
Epoch 11/20:
Train Loss: 0.0022, Train Accuracy: 99.12%
Validation Loss: 0.0307, Validation Accuracy: 99.14%
[Epoch 12, Batch     2] loss: 0.000
[Epoch 12, Batch   102] loss: 0.022
[Epoch 12, Batch   202] loss: 0.024
[Epoch 12, Batch   302] loss: 0.020
[Epoch 12, Batch   402] loss: 0.026
[Epoch 12, Batch   502] loss: 0.029
[Epoch 12, Batch   602] loss: 0.032
Epoch 12/20:
Train Loss: 0.0026, Train Accuracy: 99.24%
Validation Loss: 0.0357, Validation Accuracy: 98.99%
[Epoch 13, Batch     2] loss: 0.000
[Epoch 13, Batch   102] loss: 0.021
[Epoch 13, Batch   202] loss: 0.027
[Epoch 13, Batch   302] loss: 0.026
[Epoch 13, Batch   402] loss: 0.029
[Epoch 13, Batch   502] loss: 0.028
[Epoch 13, Batch   602] loss: 0.036
Epoch 13/20:
Train Loss: 0.0016, Train Accuracy: 99.17%
Validation Loss: 0.0332, Validation Accuracy: 99.02%
[Epoch 14, Batch     2] loss: 0.000
[Epoch 14, Batch   102] loss: 0.015
[Epoch 14, Batch   202] loss: 0.026
[Epoch 14, Batch   302] loss: 0.022
[Epoch 14, Batch   402] loss: 0.022
[Epoch 14, Batch   502] loss: 0.027
[Epoch 14, Batch   602] loss: 0.025
Epoch 14/20:
Train Loss: 0.0026, Train Accuracy: 99.27%
Validation Loss: 0.0612, Validation Accuracy: 98.14%
[Epoch 15, Batch     2] loss: 0.001
[Epoch 15, Batch   102] loss: 0.013
[Epoch 15, Batch   202] loss: 0.017
[Epoch 15, Batch   302] loss: 0.024
[Epoch 15, Batch   402] loss: 0.023
[Epoch 15, Batch   502] loss: 0.020
[Epoch 15, Batch   602] loss: 0.023
Epoch 15/20:
Train Loss: 0.0018, Train Accuracy: 99.39%
Validation Loss: 0.0320, Validation Accuracy: 99.15%
[Epoch 16, Batch     2] loss: 0.000
[Epoch 16, Batch   102] loss: 0.020
[Epoch 16, Batch   202] loss: 0.012
[Epoch 16, Batch   302] loss: 0.032
[Epoch 16, Batch   402] loss: 0.016
[Epoch 16, Batch   502] loss: 0.019
[Epoch 16, Batch   602] loss: 0.030
Epoch 16/20:
Train Loss: 0.0014, Train Accuracy: 99.39%
Validation Loss: 0.0330, Validation Accuracy: 99.09%
[Epoch 17, Batch     2] loss: 0.000
[Epoch 17, Batch   102] loss: 0.014
[Epoch 17, Batch   202] loss: 0.015
[Epoch 17, Batch   302] loss: 0.019
[Epoch 17, Batch   402] loss: 0.018
[Epoch 17, Batch   502] loss: 0.011
[Epoch 17, Batch   602] loss: 0.017
Epoch 17/20:
Train Loss: 0.0018, Train Accuracy: 99.51%
Validation Loss: 0.0363, Validation Accuracy: 99.04%
[Epoch 18, Batch     2] loss: 0.001
[Epoch 18, Batch   102] loss: 0.012
[Epoch 18, Batch   202] loss: 0.018
[Epoch 18, Batch   302] loss: 0.021
[Epoch 18, Batch   402] loss: 0.018
[Epoch 18, Batch   502] loss: 0.014
[Epoch 18, Batch   602] loss: 0.022
Epoch 18/20:
Train Loss: 0.0014, Train Accuracy: 99.44%
Validation Loss: 0.0428, Validation Accuracy: 98.79%
[Epoch 19, Batch     2] loss: 0.000
[Epoch 19, Batch   102] loss: 0.017
[Epoch 19, Batch   202] loss: 0.013
[Epoch 19, Batch   302] loss: 0.014
[Epoch 19, Batch   402] loss: 0.016
[Epoch 19, Batch   502] loss: 0.019
[Epoch 19, Batch   602] loss: 0.029
Epoch 19/20:
Train Loss: 0.0022, Train Accuracy: 99.39%
Validation Loss: 0.0402, Validation Accuracy: 98.84%
[Epoch 20, Batch     2] loss: 0.000
[Epoch 20, Batch   102] loss: 0.015
[Epoch 20, Batch   202] loss: 0.014
[Epoch 20, Batch   302] loss: 0.017
[Epoch 20, Batch   402] loss: 0.014
[Epoch 20, Batch   502] loss: 0.012
[Epoch 20, Batch   602] loss: 0.015
Epoch 20/20:
Train Loss: 0.0016, Train Accuracy: 99.54%
Validation Loss: 0.0385, Validation Accuracy: 98.83%
Model saved to models/resnet18-MNIST-random-0.3-1
Modified conv1: updated in_channels to 1.
Modified fc layer: updated out_features to 10.
Initialized untrained model.
resnet18-MNIST-random-0.5-1
[Epoch 1, Batch     2] loss: 0.041
[Epoch 1, Batch   102] loss: 0.336
[Epoch 1, Batch   202] loss: 0.166
[Epoch 1, Batch   302] loss: 0.151
[Epoch 1, Batch   402] loss: 0.132
Epoch 1/20:
Train Loss: 0.0195, Train Accuracy: 93.98%
Validation Loss: 0.0851, Validation Accuracy: 97.34%
[Epoch 2, Batch     2] loss: 0.002
[Epoch 2, Batch   102] loss: 0.080
[Epoch 2, Batch   202] loss: 0.099
[Epoch 2, Batch   302] loss: 0.078
[Epoch 2, Batch   402] loss: 0.088
Epoch 2/20:
Train Loss: 0.0109, Train Accuracy: 97.45%
Validation Loss: 0.1012, Validation Accuracy: 96.93%
[Epoch 3, Batch     2] loss: 0.001
[Epoch 3, Batch   102] loss: 0.071
[Epoch 3, Batch   202] loss: 0.073
[Epoch 3, Batch   302] loss: 0.069
[Epoch 3, Batch   402] loss: 0.069
Epoch 3/20:
Train Loss: 0.0090, Train Accuracy: 97.97%
Validation Loss: 0.0471, Validation Accuracy: 98.51%
[Epoch 4, Batch     2] loss: 0.001
[Epoch 4, Batch   102] loss: 0.039
[Epoch 4, Batch   202] loss: 0.057
[Epoch 4, Batch   302] loss: 0.047
[Epoch 4, Batch   402] loss: 0.057
Epoch 4/20:
Train Loss: 0.0091, Train Accuracy: 98.39%
Validation Loss: 0.0655, Validation Accuracy: 97.96%
[Epoch 5, Batch     2] loss: 0.000
[Epoch 5, Batch   102] loss: 0.042
[Epoch 5, Batch   202] loss: 0.054
[Epoch 5, Batch   302] loss: 0.049
[Epoch 5, Batch   402] loss: 0.052
Epoch 5/20:
Train Loss: 0.0069, Train Accuracy: 98.56%
Validation Loss: 0.0525, Validation Accuracy: 98.36%
[Epoch 6, Batch     2] loss: 0.001
[Epoch 6, Batch   102] loss: 0.039
[Epoch 6, Batch   202] loss: 0.034
[Epoch 6, Batch   302] loss: 0.047
[Epoch 6, Batch   402] loss: 0.047
Epoch 6/20:
Train Loss: 0.0065, Train Accuracy: 98.77%
Validation Loss: 0.0627, Validation Accuracy: 98.19%
[Epoch 7, Batch     2] loss: 0.001
[Epoch 7, Batch   102] loss: 0.032
[Epoch 7, Batch   202] loss: 0.041
[Epoch 7, Batch   302] loss: 0.046
[Epoch 7, Batch   402] loss: 0.044
Epoch 7/20:
Train Loss: 0.0061, Train Accuracy: 98.77%
Validation Loss: 0.0693, Validation Accuracy: 97.97%
[Epoch 8, Batch     2] loss: 0.001
[Epoch 8, Batch   102] loss: 0.042
[Epoch 8, Batch   202] loss: 0.035
[Epoch 8, Batch   302] loss: 0.036
[Epoch 8, Batch   402] loss: 0.031
Epoch 8/20:
Train Loss: 0.0049, Train Accuracy: 98.90%
Validation Loss: 0.0456, Validation Accuracy: 98.73%
[Epoch 9, Batch     2] loss: 0.001
[Epoch 9, Batch   102] loss: 0.025
[Epoch 9, Batch   202] loss: 0.040
[Epoch 9, Batch   302] loss: 0.039
[Epoch 9, Batch   402] loss: 0.039
Epoch 9/20:
Train Loss: 0.0041, Train Accuracy: 98.98%
Validation Loss: 0.0382, Validation Accuracy: 98.86%
[Epoch 10, Batch     2] loss: 0.000
[Epoch 10, Batch   102] loss: 0.027
[Epoch 10, Batch   202] loss: 0.037
[Epoch 10, Batch   302] loss: 0.048
[Epoch 10, Batch   402] loss: 0.045
Epoch 10/20:
Train Loss: 0.0046, Train Accuracy: 98.82%
Validation Loss: 0.0327, Validation Accuracy: 99.02%
[Epoch 11, Batch     2] loss: 0.000
[Epoch 11, Batch   102] loss: 0.022
[Epoch 11, Batch   202] loss: 0.032
[Epoch 11, Batch   302] loss: 0.028
[Epoch 11, Batch   402] loss: 0.037
Epoch 11/20:
Train Loss: 0.0039, Train Accuracy: 99.13%
Validation Loss: 0.0452, Validation Accuracy: 98.56%
[Epoch 12, Batch     2] loss: 0.000
[Epoch 12, Batch   102] loss: 0.026
[Epoch 12, Batch   202] loss: 0.018
[Epoch 12, Batch   302] loss: 0.032
[Epoch 12, Batch   402] loss: 0.032
Epoch 12/20:
Train Loss: 0.0061, Train Accuracy: 99.06%
Validation Loss: 0.0644, Validation Accuracy: 98.03%
[Epoch 13, Batch     2] loss: 0.001
[Epoch 13, Batch   102] loss: 0.023
[Epoch 13, Batch   202] loss: 0.021
[Epoch 13, Batch   302] loss: 0.024
[Epoch 13, Batch   402] loss: 0.020
Epoch 13/20:
Train Loss: 0.0043, Train Accuracy: 99.29%
Validation Loss: 0.0497, Validation Accuracy: 98.59%
[Epoch 14, Batch     2] loss: 0.000
[Epoch 14, Batch   102] loss: 0.016
[Epoch 14, Batch   202] loss: 0.032
[Epoch 14, Batch   302] loss: 0.021
[Epoch 14, Batch   402] loss: 0.032
Epoch 14/20:
Train Loss: 0.0044, Train Accuracy: 99.21%
Validation Loss: 0.0422, Validation Accuracy: 98.83%
[Epoch 15, Batch     2] loss: 0.000
[Epoch 15, Batch   102] loss: 0.023
[Epoch 15, Batch   202] loss: 0.019
[Epoch 15, Batch   302] loss: 0.025
[Epoch 15, Batch   402] loss: 0.020
Epoch 15/20:
Train Loss: 0.0040, Train Accuracy: 99.31%
Validation Loss: 0.0406, Validation Accuracy: 98.86%
[Epoch 16, Batch     2] loss: 0.001
[Epoch 16, Batch   102] loss: 0.019
[Epoch 16, Batch   202] loss: 0.023
[Epoch 16, Batch   302] loss: 0.029
[Epoch 16, Batch   402] loss: 0.028
Epoch 16/20:
Train Loss: 0.0031, Train Accuracy: 99.24%
Validation Loss: 0.0473, Validation Accuracy: 98.65%
[Epoch 17, Batch     2] loss: 0.000
[Epoch 17, Batch   102] loss: 0.024
[Epoch 17, Batch   202] loss: 0.025
[Epoch 17, Batch   302] loss: 0.026
[Epoch 17, Batch   402] loss: 0.029
Epoch 17/20:
Train Loss: 0.0021, Train Accuracy: 99.26%
Validation Loss: 0.0462, Validation Accuracy: 98.78%
[Epoch 18, Batch     2] loss: 0.000
[Epoch 18, Batch   102] loss: 0.022
[Epoch 18, Batch   202] loss: 0.022
[Epoch 18, Batch   302] loss: 0.022
[Epoch 18, Batch   402] loss: 0.021
Epoch 18/20:
Train Loss: 0.0022, Train Accuracy: 99.31%
Validation Loss: 0.0607, Validation Accuracy: 98.34%
[Epoch 19, Batch     2] loss: 0.000
[Epoch 19, Batch   102] loss: 0.010
[Epoch 19, Batch   202] loss: 0.018
[Epoch 19, Batch   302] loss: 0.015
[Epoch 19, Batch   402] loss: 0.017
Epoch 19/20:
Train Loss: 0.0048, Train Accuracy: 99.42%
Validation Loss: 0.0445, Validation Accuracy: 98.70%
[Epoch 20, Batch     2] loss: 0.001
[Epoch 20, Batch   102] loss: 0.017
[Epoch 20, Batch   202] loss: 0.014
[Epoch 20, Batch   302] loss: 0.017
[Epoch 20, Batch   402] loss: 0.022
Epoch 20/20:
Train Loss: 0.0040, Train Accuracy: 99.38%
Validation Loss: 0.0733, Validation Accuracy: 98.10%
Model saved to models/resnet18-MNIST-random-0.5-1
Modified conv1: updated in_channels to 1.
Modified fc layer: updated out_features to 10.
Initialized untrained model.
resnet18-MNIST-random-0.7-1
[Epoch 1, Batch     2] loss: 0.042
[Epoch 1, Batch   102] loss: 0.349
[Epoch 1, Batch   202] loss: 0.197
Epoch 1/20:
Train Loss: 0.0371, Train Accuracy: 92.44%
Validation Loss: 0.1221, Validation Accuracy: 95.90%
[Epoch 2, Batch     2] loss: 0.001
[Epoch 2, Batch   102] loss: 0.114
[Epoch 2, Batch   202] loss: 0.115
Epoch 2/20:
Train Loss: 0.0258, Train Accuracy: 96.71%
Validation Loss: 0.0552, Validation Accuracy: 98.24%
[Epoch 3, Batch     2] loss: 0.001
[Epoch 3, Batch   102] loss: 0.065
[Epoch 3, Batch   202] loss: 0.085
Epoch 3/20:
Train Loss: 0.0256, Train Accuracy: 97.62%
Validation Loss: 0.1433, Validation Accuracy: 95.74%
[Epoch 4, Batch     2] loss: 0.001
[Epoch 4, Batch   102] loss: 0.058
[Epoch 4, Batch   202] loss: 0.066
Epoch 4/20:
Train Loss: 0.0192, Train Accuracy: 97.93%
Validation Loss: 0.0978, Validation Accuracy: 97.01%
[Epoch 5, Batch     2] loss: 0.002
[Epoch 5, Batch   102] loss: 0.050
[Epoch 5, Batch   202] loss: 0.054
Epoch 5/20:
Train Loss: 0.0150, Train Accuracy: 98.32%
Validation Loss: 0.1072, Validation Accuracy: 96.82%
[Epoch 6, Batch     2] loss: 0.001
[Epoch 6, Batch   102] loss: 0.045
[Epoch 6, Batch   202] loss: 0.044
Epoch 6/20:
Train Loss: 0.0138, Train Accuracy: 98.57%
Validation Loss: 0.1675, Validation Accuracy: 94.89%
[Epoch 7, Batch     2] loss: 0.001
[Epoch 7, Batch   102] loss: 0.042
[Epoch 7, Batch   202] loss: 0.043
Epoch 7/20:
Train Loss: 0.0124, Train Accuracy: 98.64%
Validation Loss: 0.0781, Validation Accuracy: 97.57%
[Epoch 8, Batch     2] loss: 0.000
[Epoch 8, Batch   102] loss: 0.032
[Epoch 8, Batch   202] loss: 0.042
Epoch 8/20:
Train Loss: 0.0088, Train Accuracy: 98.90%
Validation Loss: 0.0611, Validation Accuracy: 98.21%
[Epoch 9, Batch     2] loss: 0.002
[Epoch 9, Batch   102] loss: 0.033
[Epoch 9, Batch   202] loss: 0.038
Epoch 9/20:
Train Loss: 0.0132, Train Accuracy: 98.78%
Validation Loss: 0.0470, Validation Accuracy: 98.58%
[Epoch 10, Batch     2] loss: 0.000
[Epoch 10, Batch   102] loss: 0.022
[Epoch 10, Batch   202] loss: 0.029
Epoch 10/20:
Train Loss: 0.0099, Train Accuracy: 99.08%
Validation Loss: 0.0756, Validation Accuracy: 97.64%
[Epoch 11, Batch     2] loss: 0.001
[Epoch 11, Batch   102] loss: 0.034
[Epoch 11, Batch   202] loss: 0.040
Epoch 11/20:
Train Loss: 0.0077, Train Accuracy: 98.97%
Validation Loss: 0.0690, Validation Accuracy: 98.00%
[Epoch 12, Batch     2] loss: 0.000
[Epoch 12, Batch   102] loss: 0.018
[Epoch 12, Batch   202] loss: 0.028
Epoch 12/20:
Train Loss: 0.0093, Train Accuracy: 99.27%
Validation Loss: 0.0620, Validation Accuracy: 98.24%
[Epoch 13, Batch     2] loss: 0.001
[Epoch 13, Batch   102] loss: 0.028
[Epoch 13, Batch   202] loss: 0.032
Epoch 13/20:
Train Loss: 0.0061, Train Accuracy: 99.22%
Validation Loss: 0.0401, Validation Accuracy: 98.85%
[Epoch 14, Batch     2] loss: 0.000
[Epoch 14, Batch   102] loss: 0.010
[Epoch 14, Batch   202] loss: 0.023
Epoch 14/20:
Train Loss: 0.0144, Train Accuracy: 99.17%
Validation Loss: 0.0640, Validation Accuracy: 98.01%
[Epoch 15, Batch     2] loss: 0.001
[Epoch 15, Batch   102] loss: 0.020
[Epoch 15, Batch   202] loss: 0.035
Epoch 15/20:
Train Loss: 0.0087, Train Accuracy: 99.16%
Validation Loss: 0.0647, Validation Accuracy: 98.15%
[Epoch 16, Batch     2] loss: 0.000
[Epoch 16, Batch   102] loss: 0.023
[Epoch 16, Batch   202] loss: 0.022
Epoch 16/20:
Train Loss: 0.0060, Train Accuracy: 99.32%
Validation Loss: 0.0515, Validation Accuracy: 98.59%
[Epoch 17, Batch     2] loss: 0.000
[Epoch 17, Batch   102] loss: 0.020
[Epoch 17, Batch   202] loss: 0.029
Epoch 17/20:
Train Loss: 0.0084, Train Accuracy: 99.16%
Validation Loss: 0.0634, Validation Accuracy: 98.24%
[Epoch 18, Batch     2] loss: 0.001
[Epoch 18, Batch   102] loss: 0.017
[Epoch 18, Batch   202] loss: 0.020
Epoch 18/20:
Train Loss: 0.0077, Train Accuracy: 99.27%
Validation Loss: 0.0439, Validation Accuracy: 98.59%
[Epoch 19, Batch     2] loss: 0.000
[Epoch 19, Batch   102] loss: 0.020
[Epoch 19, Batch   202] loss: 0.020
Epoch 19/20:
Train Loss: 0.0059, Train Accuracy: 99.39%
Validation Loss: 0.0544, Validation Accuracy: 98.45%
[Epoch 20, Batch     2] loss: 0.000
[Epoch 20, Batch   102] loss: 0.020
[Epoch 20, Batch   202] loss: 0.032
Epoch 20/20:
Train Loss: 0.0060, Train Accuracy: 99.22%
Validation Loss: 0.0805, Validation Accuracy: 97.66%
Model saved to models/resnet18-MNIST-random-0.7-1
Modified conv1: updated in_channels to 1.
Modified fc layer: updated out_features to 10.
Initialized untrained model.
resnet18-MNIST-random-0.8-1
[Epoch 1, Batch     2] loss: 0.042
[Epoch 1, Batch   102] loss: 0.348
Epoch 1/20:
Train Loss: 0.0896, Train Accuracy: 90.90%
Validation Loss: 0.1765, Validation Accuracy: 94.57%
[Epoch 2, Batch     2] loss: 0.004
[Epoch 2, Batch   102] loss: 0.110
Epoch 2/20:
Train Loss: 0.0539, Train Accuracy: 96.33%
Validation Loss: 0.1347, Validation Accuracy: 95.92%
[Epoch 3, Batch     2] loss: 0.002
[Epoch 3, Batch   102] loss: 0.092
Epoch 3/20:
Train Loss: 0.0386, Train Accuracy: 97.23%
Validation Loss: 0.1379, Validation Accuracy: 96.06%
[Epoch 4, Batch     2] loss: 0.001
[Epoch 4, Batch   102] loss: 0.066
Epoch 4/20:
Train Loss: 0.0350, Train Accuracy: 97.77%
Validation Loss: 0.1618, Validation Accuracy: 95.14%
[Epoch 5, Batch     2] loss: 0.002
[Epoch 5, Batch   102] loss: 0.047
Epoch 5/20:
Train Loss: 0.0264, Train Accuracy: 98.35%
Validation Loss: 0.1133, Validation Accuracy: 96.85%
[Epoch 6, Batch     2] loss: 0.001
[Epoch 6, Batch   102] loss: 0.056
Epoch 6/20:
Train Loss: 0.0272, Train Accuracy: 98.19%
Validation Loss: 0.1513, Validation Accuracy: 95.45%
[Epoch 7, Batch     2] loss: 0.001
[Epoch 7, Batch   102] loss: 0.038
Epoch 7/20:
Train Loss: 0.0236, Train Accuracy: 98.61%
Validation Loss: 0.1148, Validation Accuracy: 96.43%
[Epoch 8, Batch     2] loss: 0.000
[Epoch 8, Batch   102] loss: 0.031
Epoch 8/20:
Train Loss: 0.0227, Train Accuracy: 98.75%
Validation Loss: 0.0844, Validation Accuracy: 97.51%
[Epoch 9, Batch     2] loss: 0.001
[Epoch 9, Batch   102] loss: 0.030
Epoch 9/20:
Train Loss: 0.0115, Train Accuracy: 99.11%
Validation Loss: 0.0740, Validation Accuracy: 97.85%
[Epoch 10, Batch     2] loss: 0.000
[Epoch 10, Batch   102] loss: 0.024
Epoch 10/20:
Train Loss: 0.0249, Train Accuracy: 98.87%
Validation Loss: 0.0677, Validation Accuracy: 97.98%
[Epoch 11, Batch     2] loss: 0.000
[Epoch 11, Batch   102] loss: 0.030
Epoch 11/20:
Train Loss: 0.0126, Train Accuracy: 99.05%
Validation Loss: 0.2506, Validation Accuracy: 93.40%
[Epoch 12, Batch     2] loss: 0.001
[Epoch 12, Batch   102] loss: 0.032
Epoch 12/20:
Train Loss: 0.0169, Train Accuracy: 98.89%
Validation Loss: 0.0929, Validation Accuracy: 97.37%
[Epoch 13, Batch     2] loss: 0.002
[Epoch 13, Batch   102] loss: 0.027
Epoch 13/20:
Train Loss: 0.0127, Train Accuracy: 99.11%
Validation Loss: 0.0687, Validation Accuracy: 98.23%
[Epoch 14, Batch     2] loss: 0.001
[Epoch 14, Batch   102] loss: 0.033
Epoch 14/20:
Train Loss: 0.0132, Train Accuracy: 99.09%
Validation Loss: 0.0540, Validation Accuracy: 98.54%
[Epoch 15, Batch     2] loss: 0.001
[Epoch 15, Batch   102] loss: 0.022
Epoch 15/20:
Train Loss: 0.0135, Train Accuracy: 99.14%
Validation Loss: 0.1108, Validation Accuracy: 96.97%
[Epoch 16, Batch     2] loss: 0.000
[Epoch 16, Batch   102] loss: 0.026
Epoch 16/20:
Train Loss: 0.0086, Train Accuracy: 99.22%
Validation Loss: 0.0524, Validation Accuracy: 98.61%
[Epoch 17, Batch     2] loss: 0.000
[Epoch 17, Batch   102] loss: 0.030
Epoch 17/20:
Train Loss: 0.0111, Train Accuracy: 99.28%
Validation Loss: 0.0592, Validation Accuracy: 98.28%
[Epoch 18, Batch     2] loss: 0.000
[Epoch 18, Batch   102] loss: 0.015
Epoch 18/20:
Train Loss: 0.0081, Train Accuracy: 99.44%
Validation Loss: 0.0549, Validation Accuracy: 98.44%
[Epoch 19, Batch     2] loss: 0.000
[Epoch 19, Batch   102] loss: 0.018
Epoch 19/20:
Train Loss: 0.0099, Train Accuracy: 99.36%
Validation Loss: 0.0926, Validation Accuracy: 97.43%
[Epoch 20, Batch     2] loss: 0.002
[Epoch 20, Batch   102] loss: 0.018
Epoch 20/20:
Train Loss: 0.0185, Train Accuracy: 99.10%
Validation Loss: 0.0693, Validation Accuracy: 98.06%
Model saved to models/resnet18-MNIST-random-0.8-1
Modified conv1: updated in_channels to 1.
Modified fc layer: updated out_features to 10.
Initialized untrained model.
resnet18-MNIST-random-0.9-1
[Epoch 1, Batch     2] loss: 0.042
Epoch 1/20:
Train Loss: 0.3531, Train Accuracy: 87.16%
Validation Loss: 0.3732, Validation Accuracy: 88.41%
[Epoch 2, Batch     2] loss: 0.003
Epoch 2/20:
Train Loss: 0.1508, Train Accuracy: 95.21%
Validation Loss: 0.1655, Validation Accuracy: 95.25%
[Epoch 3, Batch     2] loss: 0.001
Epoch 3/20:
Train Loss: 0.1087, Train Accuracy: 96.69%
Validation Loss: 0.1520, Validation Accuracy: 95.50%
[Epoch 4, Batch     2] loss: 0.001
Epoch 4/20:
Train Loss: 0.0834, Train Accuracy: 97.35%
Validation Loss: 0.1974, Validation Accuracy: 94.40%
[Epoch 5, Batch     2] loss: 0.002
Epoch 5/20:
Train Loss: 0.0697, Train Accuracy: 97.90%
Validation Loss: 0.1210, Validation Accuracy: 96.37%
[Epoch 6, Batch     2] loss: 0.000
Epoch 6/20:
Train Loss: 0.0442, Train Accuracy: 98.44%
Validation Loss: 0.0920, Validation Accuracy: 97.25%
[Epoch 7, Batch     2] loss: 0.001
Epoch 7/20:
Train Loss: 0.0526, Train Accuracy: 98.17%
Validation Loss: 0.1822, Validation Accuracy: 95.29%
[Epoch 8, Batch     2] loss: 0.001
Epoch 8/20:
Train Loss: 0.0571, Train Accuracy: 98.19%
Validation Loss: 0.0871, Validation Accuracy: 97.45%
[Epoch 9, Batch     2] loss: 0.000
Epoch 9/20:
Train Loss: 0.0437, Train Accuracy: 98.66%
Validation Loss: 0.0897, Validation Accuracy: 97.41%
[Epoch 10, Batch     2] loss: 0.001
Epoch 10/20:
Train Loss: 0.0369, Train Accuracy: 98.87%
Validation Loss: 0.0877, Validation Accuracy: 97.44%
[Epoch 11, Batch     2] loss: 0.000
Epoch 11/20:
Train Loss: 0.0324, Train Accuracy: 98.98%
Validation Loss: 0.1118, Validation Accuracy: 96.91%
[Epoch 12, Batch     2] loss: 0.000
Epoch 12/20:
Train Loss: 0.0287, Train Accuracy: 99.09%
Validation Loss: 0.1298, Validation Accuracy: 96.56%
[Epoch 13, Batch     2] loss: 0.000
Epoch 13/20:
Train Loss: 0.0358, Train Accuracy: 98.81%
Validation Loss: 0.1057, Validation Accuracy: 97.08%
[Epoch 14, Batch     2] loss: 0.000
Epoch 14/20:
Train Loss: 0.0213, Train Accuracy: 99.26%
Validation Loss: 0.1069, Validation Accuracy: 96.93%
[Epoch 15, Batch     2] loss: 0.000
Epoch 15/20:
Train Loss: 0.0208, Train Accuracy: 99.24%
Validation Loss: 0.0875, Validation Accuracy: 97.70%
[Epoch 16, Batch     2] loss: 0.000
Epoch 16/20:
Train Loss: 0.0229, Train Accuracy: 99.28%
Validation Loss: 0.1121, Validation Accuracy: 96.90%
[Epoch 17, Batch     2] loss: 0.000
Epoch 17/20:
Train Loss: 0.0437, Train Accuracy: 98.79%
Validation Loss: 0.0972, Validation Accuracy: 97.01%
[Epoch 18, Batch     2] loss: 0.000
Epoch 18/20:
Train Loss: 0.0245, Train Accuracy: 99.23%
Validation Loss: 0.1034, Validation Accuracy: 97.04%
[Epoch 19, Batch     2] loss: 0.000
Epoch 19/20:
Train Loss: 0.0172, Train Accuracy: 99.38%
Validation Loss: 0.0845, Validation Accuracy: 97.75%
[Epoch 20, Batch     2] loss: 0.000
Epoch 20/20:
Train Loss: 0.0215, Train Accuracy: 99.36%
Validation Loss: 0.1095, Validation Accuracy: 97.08%
Model saved to models/resnet18-MNIST-random-0.9-1
Modified conv1: updated in_channels to 1.
Modified fc layer: updated out_features to 10.
Initialized untrained model.
resnet18-MNIST-random-0.95-1
[Epoch 1, Batch     2] loss: 0.041
Epoch 1/20:
Train Loss: 0.4376, Train Accuracy: 83.42%
Validation Loss: 0.4894, Validation Accuracy: 86.17%
[Epoch 2, Batch     2] loss: 0.004
Epoch 2/20:
Train Loss: 0.1471, Train Accuracy: 94.70%
Validation Loss: 0.2509, Validation Accuracy: 92.17%
[Epoch 3, Batch     2] loss: 0.003
Epoch 3/20:
Train Loss: 0.1231, Train Accuracy: 96.16%
Validation Loss: 0.1874, Validation Accuracy: 94.38%
[Epoch 4, Batch     2] loss: 0.002
Epoch 4/20:
Train Loss: 0.1149, Train Accuracy: 96.13%
Validation Loss: 0.1679, Validation Accuracy: 94.88%
[Epoch 5, Batch     2] loss: 0.001
Epoch 5/20:
Train Loss: 0.0568, Train Accuracy: 98.06%
Validation Loss: 0.2051, Validation Accuracy: 94.32%
[Epoch 6, Batch     2] loss: 0.001
Epoch 6/20:
Train Loss: 0.0523, Train Accuracy: 97.96%
Validation Loss: 0.2119, Validation Accuracy: 94.23%
[Epoch 7, Batch     2] loss: 0.001
Epoch 7/20:
Train Loss: 0.0708, Train Accuracy: 97.62%
Validation Loss: 0.2267, Validation Accuracy: 94.12%
[Epoch 8, Batch     2] loss: 0.001
Epoch 8/20:
Train Loss: 0.0443, Train Accuracy: 98.23%
Validation Loss: 0.3056, Validation Accuracy: 92.61%
[Epoch 9, Batch     2] loss: 0.003
Epoch 9/20:
Train Loss: 0.0592, Train Accuracy: 98.13%
Validation Loss: 0.2092, Validation Accuracy: 94.40%
[Epoch 10, Batch     2] loss: 0.000
Epoch 10/20:
Train Loss: 0.0480, Train Accuracy: 98.44%
Validation Loss: 0.1442, Validation Accuracy: 95.83%
[Epoch 11, Batch     2] loss: 0.000
Epoch 11/20:
Train Loss: 0.0471, Train Accuracy: 98.51%
Validation Loss: 0.1700, Validation Accuracy: 95.74%
[Epoch 12, Batch     2] loss: 0.002
Epoch 12/20:
Train Loss: 0.0354, Train Accuracy: 98.71%
Validation Loss: 0.1693, Validation Accuracy: 95.64%
[Epoch 13, Batch     2] loss: 0.001
Epoch 13/20:
Train Loss: 0.0366, Train Accuracy: 98.74%
Validation Loss: 0.1532, Validation Accuracy: 95.93%
[Epoch 14, Batch     2] loss: 0.000
Epoch 14/20:
Train Loss: 0.0299, Train Accuracy: 98.95%
Validation Loss: 0.1333, Validation Accuracy: 96.50%
[Epoch 15, Batch     2] loss: 0.000
Epoch 15/20:
Train Loss: 0.0306, Train Accuracy: 98.98%
Validation Loss: 0.1421, Validation Accuracy: 96.69%
[Epoch 16, Batch     2] loss: 0.002
Epoch 16/20:
Train Loss: 0.0367, Train Accuracy: 98.95%
Validation Loss: 0.1500, Validation Accuracy: 96.09%
[Epoch 17, Batch     2] loss: 0.000
Epoch 17/20:
Train Loss: 0.0230, Train Accuracy: 99.15%
Validation Loss: 0.1416, Validation Accuracy: 96.37%
[Epoch 18, Batch     2] loss: 0.000
Epoch 18/20:
Train Loss: 0.0244, Train Accuracy: 99.18%
Validation Loss: 0.2688, Validation Accuracy: 93.86%
[Epoch 19, Batch     2] loss: 0.000
Epoch 19/20:
Train Loss: 0.0286, Train Accuracy: 99.15%
Validation Loss: 0.1816, Validation Accuracy: 95.15%
[Epoch 20, Batch     2] loss: 0.000
Epoch 20/20:
Train Loss: 0.0256, Train Accuracy: 99.25%
Validation Loss: 0.1272, Validation Accuracy: 96.74%
Model saved to models/resnet18-MNIST-random-0.95-1
Modified conv1: updated in_channels to 1.
Modified fc layer: updated out_features to 10.
Loaded weights from file: models/resnet18_MNIST_E1_1
Modified conv1: updated in_channels to 1.
Modified fc layer: updated out_features to 10.
Initialized untrained model.
resnet18-MNIST-EVIDENCE-balanced_by_score-0.3-1
[Epoch 1, Batch     2] loss: 0.044
[Epoch 1, Batch   102] loss: 0.325
[Epoch 1, Batch   202] loss: 0.169
[Epoch 1, Batch   302] loss: 0.144
[Epoch 1, Batch   402] loss: 0.117
[Epoch 1, Batch   502] loss: 0.105
[Epoch 1, Batch   602] loss: 0.102
Epoch 1/20:
Train Loss: 0.0078, Train Accuracy: 94.99%
Validation Loss: 0.0888, Validation Accuracy: 97.24%
[Epoch 2, Batch     2] loss: 0.001
[Epoch 2, Batch   102] loss: 0.074
[Epoch 2, Batch   202] loss: 0.083
[Epoch 2, Batch   302] loss: 0.078
[Epoch 2, Batch   402] loss: 0.076
[Epoch 2, Batch   502] loss: 0.072
[Epoch 2, Batch   602] loss: 0.071
Epoch 2/20:
Train Loss: 0.0056, Train Accuracy: 97.78%
Validation Loss: 0.0646, Validation Accuracy: 97.90%
[Epoch 3, Batch     2] loss: 0.001
[Epoch 3, Batch   102] loss: 0.055
[Epoch 3, Batch   202] loss: 0.062
[Epoch 3, Batch   302] loss: 0.063
[Epoch 3, Batch   402] loss: 0.060
[Epoch 3, Batch   502] loss: 0.066
[Epoch 3, Batch   602] loss: 0.052
Epoch 3/20:
Train Loss: 0.0043, Train Accuracy: 98.16%
Validation Loss: 0.0613, Validation Accuracy: 98.16%
[Epoch 4, Batch     2] loss: 0.001
[Epoch 4, Batch   102] loss: 0.041
[Epoch 4, Batch   202] loss: 0.055
[Epoch 4, Batch   302] loss: 0.053
[Epoch 4, Batch   402] loss: 0.038
[Epoch 4, Batch   502] loss: 0.058
[Epoch 4, Batch   602] loss: 0.052
Epoch 4/20:
Train Loss: 0.0033, Train Accuracy: 98.52%
Validation Loss: 0.0432, Validation Accuracy: 98.57%
[Epoch 5, Batch     2] loss: 0.000
[Epoch 5, Batch   102] loss: 0.034
[Epoch 5, Batch   202] loss: 0.044
[Epoch 5, Batch   302] loss: 0.042
[Epoch 5, Batch   402] loss: 0.044
[Epoch 5, Batch   502] loss: 0.038
[Epoch 5, Batch   602] loss: 0.052
Epoch 5/20:
Train Loss: 0.0052, Train Accuracy: 98.67%
Validation Loss: 0.0384, Validation Accuracy: 98.80%
[Epoch 6, Batch     2] loss: 0.000
[Epoch 6, Batch   102] loss: 0.041
[Epoch 6, Batch   202] loss: 0.040
[Epoch 6, Batch   302] loss: 0.046
[Epoch 6, Batch   402] loss: 0.046
[Epoch 6, Batch   502] loss: 0.036
[Epoch 6, Batch   602] loss: 0.038
Epoch 6/20:
Train Loss: 0.0032, Train Accuracy: 98.78%
Validation Loss: 0.0462, Validation Accuracy: 98.71%
[Epoch 7, Batch     2] loss: 0.000
[Epoch 7, Batch   102] loss: 0.038
[Epoch 7, Batch   202] loss: 0.036
[Epoch 7, Batch   302] loss: 0.032
[Epoch 7, Batch   402] loss: 0.042
[Epoch 7, Batch   502] loss: 0.045
[Epoch 7, Batch   602] loss: 0.041
Epoch 7/20:
Train Loss: 0.0035, Train Accuracy: 98.80%
Validation Loss: 0.0670, Validation Accuracy: 98.01%
[Epoch 8, Batch     2] loss: 0.001
[Epoch 8, Batch   102] loss: 0.029
[Epoch 8, Batch   202] loss: 0.030
[Epoch 8, Batch   302] loss: 0.034
[Epoch 8, Batch   402] loss: 0.044
[Epoch 8, Batch   502] loss: 0.033
[Epoch 8, Batch   602] loss: 0.036
Epoch 8/20:
Train Loss: 0.0029, Train Accuracy: 98.93%
Validation Loss: 0.0354, Validation Accuracy: 98.92%
[Epoch 9, Batch     2] loss: 0.001
[Epoch 9, Batch   102] loss: 0.033
[Epoch 9, Batch   202] loss: 0.026
[Epoch 9, Batch   302] loss: 0.028
[Epoch 9, Batch   402] loss: 0.039
[Epoch 9, Batch   502] loss: 0.028
[Epoch 9, Batch   602] loss: 0.038
Epoch 9/20:
Train Loss: 0.0034, Train Accuracy: 99.04%
Validation Loss: 0.0518, Validation Accuracy: 98.54%
[Epoch 10, Batch     2] loss: 0.000
[Epoch 10, Batch   102] loss: 0.037
[Epoch 10, Batch   202] loss: 0.027
[Epoch 10, Batch   302] loss: 0.030
[Epoch 10, Batch   402] loss: 0.030
[Epoch 10, Batch   502] loss: 0.027
[Epoch 10, Batch   602] loss: 0.036
Epoch 10/20:
Train Loss: 0.0027, Train Accuracy: 99.08%
Validation Loss: 0.0368, Validation Accuracy: 98.95%
[Epoch 11, Batch     2] loss: 0.001
[Epoch 11, Batch   102] loss: 0.025
[Epoch 11, Batch   202] loss: 0.020
[Epoch 11, Batch   302] loss: 0.029
[Epoch 11, Batch   402] loss: 0.024
[Epoch 11, Batch   502] loss: 0.028
[Epoch 11, Batch   602] loss: 0.034
Epoch 11/20:
Train Loss: 0.0022, Train Accuracy: 99.10%
Validation Loss: 0.0384, Validation Accuracy: 98.83%
[Epoch 12, Batch     2] loss: 0.000
[Epoch 12, Batch   102] loss: 0.023
[Epoch 12, Batch   202] loss: 0.020
[Epoch 12, Batch   302] loss: 0.033
[Epoch 12, Batch   402] loss: 0.025
[Epoch 12, Batch   502] loss: 0.025
[Epoch 12, Batch   602] loss: 0.028
Epoch 12/20:
Train Loss: 0.0018, Train Accuracy: 99.29%
Validation Loss: 0.0519, Validation Accuracy: 98.58%
[Epoch 13, Batch     2] loss: 0.001
[Epoch 13, Batch   102] loss: 0.019
[Epoch 13, Batch   202] loss: 0.020
[Epoch 13, Batch   302] loss: 0.019
[Epoch 13, Batch   402] loss: 0.031
[Epoch 13, Batch   502] loss: 0.026
[Epoch 13, Batch   602] loss: 0.028
Epoch 13/20:
Train Loss: 0.0030, Train Accuracy: 99.31%
Validation Loss: 0.0467, Validation Accuracy: 98.51%
[Epoch 14, Batch     2] loss: 0.001
[Epoch 14, Batch   102] loss: 0.025
[Epoch 14, Batch   202] loss: 0.017
[Epoch 14, Batch   302] loss: 0.024
[Epoch 14, Batch   402] loss: 0.027
[Epoch 14, Batch   502] loss: 0.027
[Epoch 14, Batch   602] loss: 0.023
Epoch 14/20:
Train Loss: 0.0020, Train Accuracy: 99.27%
Validation Loss: 0.0490, Validation Accuracy: 98.47%
[Epoch 15, Batch     2] loss: 0.000
[Epoch 15, Batch   102] loss: 0.014
[Epoch 15, Batch   202] loss: 0.018
[Epoch 15, Batch   302] loss: 0.022
[Epoch 15, Batch   402] loss: 0.017
[Epoch 15, Batch   502] loss: 0.019
[Epoch 15, Batch   602] loss: 0.025
Epoch 15/20:
Train Loss: 0.0035, Train Accuracy: 99.38%
Validation Loss: 0.0405, Validation Accuracy: 98.74%
[Epoch 16, Batch     2] loss: 0.000
[Epoch 16, Batch   102] loss: 0.017
[Epoch 16, Batch   202] loss: 0.024
[Epoch 16, Batch   302] loss: 0.017
[Epoch 16, Batch   402] loss: 0.024
[Epoch 16, Batch   502] loss: 0.031
[Epoch 16, Batch   602] loss: 0.021
Epoch 16/20:
Train Loss: 0.0020, Train Accuracy: 99.33%
Validation Loss: 0.0312, Validation Accuracy: 99.04%
[Epoch 17, Batch     2] loss: 0.000
[Epoch 17, Batch   102] loss: 0.017
[Epoch 17, Batch   202] loss: 0.019
[Epoch 17, Batch   302] loss: 0.018
[Epoch 17, Batch   402] loss: 0.019
[Epoch 17, Batch   502] loss: 0.024
[Epoch 17, Batch   602] loss: 0.024
Epoch 17/20:
Train Loss: 0.0017, Train Accuracy: 99.38%
Validation Loss: 0.0384, Validation Accuracy: 98.87%
[Epoch 18, Batch     2] loss: 0.000
[Epoch 18, Batch   102] loss: 0.020
[Epoch 18, Batch   202] loss: 0.026
[Epoch 18, Batch   302] loss: 0.019
[Epoch 18, Batch   402] loss: 0.015
[Epoch 18, Batch   502] loss: 0.022
[Epoch 18, Batch   602] loss: 0.026
Epoch 18/20:
Train Loss: 0.0018, Train Accuracy: 99.34%
Validation Loss: 0.0418, Validation Accuracy: 98.76%
[Epoch 19, Batch     2] loss: 0.000
[Epoch 19, Batch   102] loss: 0.008
[Epoch 19, Batch   202] loss: 0.012
[Epoch 19, Batch   302] loss: 0.017
[Epoch 19, Batch   402] loss: 0.020
[Epoch 19, Batch   502] loss: 0.022
[Epoch 19, Batch   602] loss: 0.024
Epoch 19/20:
Train Loss: 0.0022, Train Accuracy: 99.45%
Validation Loss: 0.0331, Validation Accuracy: 99.04%
[Epoch 20, Batch     2] loss: 0.000
[Epoch 20, Batch   102] loss: 0.012
[Epoch 20, Batch   202] loss: 0.008
[Epoch 20, Batch   302] loss: 0.020
[Epoch 20, Batch   402] loss: 0.015
[Epoch 20, Batch   502] loss: 0.027
[Epoch 20, Batch   602] loss: 0.023
Epoch 20/20:
Train Loss: 0.0015, Train Accuracy: 99.51%
Validation Loss: 0.0344, Validation Accuracy: 99.11%
Model saved to models/resnet18-MNIST-EVIDENCE-balanced_by_score-0.3-1
Modified conv1: updated in_channels to 1.
Modified fc layer: updated out_features to 10.
Initialized untrained model.
resnet18-MNIST-EVIDENCE-balanced_by_score-0.5-1
[Epoch 1, Batch     2] loss: 0.044
[Epoch 1, Batch   102] loss: 0.352
[Epoch 1, Batch   202] loss: 0.182
[Epoch 1, Batch   302] loss: 0.158
[Epoch 1, Batch   402] loss: 0.126
Epoch 1/20:
Train Loss: 0.0171, Train Accuracy: 93.88%
Validation Loss: 0.2030, Validation Accuracy: 94.00%
[Epoch 2, Batch     2] loss: 0.003
[Epoch 2, Batch   102] loss: 0.094
[Epoch 2, Batch   202] loss: 0.085
[Epoch 2, Batch   302] loss: 0.110
[Epoch 2, Batch   402] loss: 0.074
Epoch 2/20:
Train Loss: 0.0123, Train Accuracy: 97.34%
Validation Loss: 0.1232, Validation Accuracy: 95.73%
[Epoch 3, Batch     2] loss: 0.001
[Epoch 3, Batch   102] loss: 0.054
[Epoch 3, Batch   202] loss: 0.059
[Epoch 3, Batch   302] loss: 0.071
[Epoch 3, Batch   402] loss: 0.081
Epoch 3/20:
Train Loss: 0.0098, Train Accuracy: 97.97%
Validation Loss: 0.0577, Validation Accuracy: 98.33%
[Epoch 4, Batch     2] loss: 0.001
[Epoch 4, Batch   102] loss: 0.043
[Epoch 4, Batch   202] loss: 0.061
[Epoch 4, Batch   302] loss: 0.059
[Epoch 4, Batch   402] loss: 0.058
Epoch 4/20:
Train Loss: 0.0087, Train Accuracy: 98.25%
Validation Loss: 0.0765, Validation Accuracy: 97.69%
[Epoch 5, Batch     2] loss: 0.001
[Epoch 5, Batch   102] loss: 0.050
[Epoch 5, Batch   202] loss: 0.040
[Epoch 5, Batch   302] loss: 0.049
[Epoch 5, Batch   402] loss: 0.049
Epoch 5/20:
Train Loss: 0.0065, Train Accuracy: 98.63%
Validation Loss: 0.0439, Validation Accuracy: 98.78%
[Epoch 6, Batch     2] loss: 0.000
[Epoch 6, Batch   102] loss: 0.035
[Epoch 6, Batch   202] loss: 0.037
[Epoch 6, Batch   302] loss: 0.050
[Epoch 6, Batch   402] loss: 0.047
Epoch 6/20:
Train Loss: 0.0060, Train Accuracy: 98.73%
Validation Loss: 0.0451, Validation Accuracy: 98.60%
[Epoch 7, Batch     2] loss: 0.001
[Epoch 7, Batch   102] loss: 0.039
[Epoch 7, Batch   202] loss: 0.040
[Epoch 7, Batch   302] loss: 0.041
[Epoch 7, Batch   402] loss: 0.037
Epoch 7/20:
Train Loss: 0.0054, Train Accuracy: 98.83%
Validation Loss: 0.0447, Validation Accuracy: 98.53%
[Epoch 8, Batch     2] loss: 0.001
[Epoch 8, Batch   102] loss: 0.042
[Epoch 8, Batch   202] loss: 0.026
[Epoch 8, Batch   302] loss: 0.047
[Epoch 8, Batch   402] loss: 0.035
Epoch 8/20:
Train Loss: 0.0068, Train Accuracy: 98.80%
Validation Loss: 0.0487, Validation Accuracy: 98.60%
[Epoch 9, Batch     2] loss: 0.001
[Epoch 9, Batch   102] loss: 0.031
[Epoch 9, Batch   202] loss: 0.035
[Epoch 9, Batch   302] loss: 0.033
[Epoch 9, Batch   402] loss: 0.047
Epoch 9/20:
Train Loss: 0.0047, Train Accuracy: 98.90%
Validation Loss: 0.0360, Validation Accuracy: 98.87%
[Epoch 10, Batch     2] loss: 0.002
[Epoch 10, Batch   102] loss: 0.032
[Epoch 10, Batch   202] loss: 0.024
[Epoch 10, Batch   302] loss: 0.020
[Epoch 10, Batch   402] loss: 0.027
Epoch 10/20:
Train Loss: 0.0047, Train Accuracy: 99.18%
Validation Loss: 0.0545, Validation Accuracy: 98.49%
[Epoch 11, Batch     2] loss: 0.000
[Epoch 11, Batch   102] loss: 0.032
[Epoch 11, Batch   202] loss: 0.029
[Epoch 11, Batch   302] loss: 0.032
[Epoch 11, Batch   402] loss: 0.033
Epoch 11/20:
Train Loss: 0.0040, Train Accuracy: 99.02%
Validation Loss: 0.0534, Validation Accuracy: 98.47%
[Epoch 12, Batch     2] loss: 0.000
[Epoch 12, Batch   102] loss: 0.035
[Epoch 12, Batch   202] loss: 0.026
[Epoch 12, Batch   302] loss: 0.021
[Epoch 12, Batch   402] loss: 0.040
Epoch 12/20:
Train Loss: 0.0041, Train Accuracy: 99.08%
Validation Loss: 0.0963, Validation Accuracy: 97.19%
[Epoch 13, Batch     2] loss: 0.001
[Epoch 13, Batch   102] loss: 0.030
[Epoch 13, Batch   202] loss: 0.031
[Epoch 13, Batch   302] loss: 0.034
[Epoch 13, Batch   402] loss: 0.024
Epoch 13/20:
Train Loss: 0.0042, Train Accuracy: 99.09%
Validation Loss: 0.0403, Validation Accuracy: 98.87%
[Epoch 14, Batch     2] loss: 0.000
[Epoch 14, Batch   102] loss: 0.013
[Epoch 14, Batch   202] loss: 0.018
[Epoch 14, Batch   302] loss: 0.030
[Epoch 14, Batch   402] loss: 0.016
Epoch 14/20:
Train Loss: 0.0045, Train Accuracy: 99.38%
Validation Loss: 0.0458, Validation Accuracy: 98.65%
[Epoch 15, Batch     2] loss: 0.000
[Epoch 15, Batch   102] loss: 0.021
[Epoch 15, Batch   202] loss: 0.023
[Epoch 15, Batch   302] loss: 0.030
[Epoch 15, Batch   402] loss: 0.028
Epoch 15/20:
Train Loss: 0.0049, Train Accuracy: 99.17%
Validation Loss: 0.0469, Validation Accuracy: 98.75%
[Epoch 16, Batch     2] loss: 0.000
[Epoch 16, Batch   102] loss: 0.025
[Epoch 16, Batch   202] loss: 0.016
[Epoch 16, Batch   302] loss: 0.012
[Epoch 16, Batch   402] loss: 0.027
Epoch 16/20:
Train Loss: 0.0038, Train Accuracy: 99.34%
Validation Loss: 0.0368, Validation Accuracy: 98.90%
[Epoch 17, Batch     2] loss: 0.000
[Epoch 17, Batch   102] loss: 0.018
[Epoch 17, Batch   202] loss: 0.027
[Epoch 17, Batch   302] loss: 0.021
[Epoch 17, Batch   402] loss: 0.031
Epoch 17/20:
Train Loss: 0.0040, Train Accuracy: 99.22%
Validation Loss: 0.0403, Validation Accuracy: 98.86%
[Epoch 18, Batch     2] loss: 0.000
[Epoch 18, Batch   102] loss: 0.019
[Epoch 18, Batch   202] loss: 0.017
[Epoch 18, Batch   302] loss: 0.018
[Epoch 18, Batch   402] loss: 0.021
Epoch 18/20:
Train Loss: 0.0025, Train Accuracy: 99.45%
Validation Loss: 0.0295, Validation Accuracy: 99.15%
[Epoch 19, Batch     2] loss: 0.000
[Epoch 19, Batch   102] loss: 0.015
[Epoch 19, Batch   202] loss: 0.015
[Epoch 19, Batch   302] loss: 0.016
[Epoch 19, Batch   402] loss: 0.027
Epoch 19/20:
Train Loss: 0.0023, Train Accuracy: 99.46%
Validation Loss: 0.0397, Validation Accuracy: 98.82%
[Epoch 20, Batch     2] loss: 0.000
[Epoch 20, Batch   102] loss: 0.021
[Epoch 20, Batch   202] loss: 0.019
[Epoch 20, Batch   302] loss: 0.019
[Epoch 20, Batch   402] loss: 0.023
Epoch 20/20:
Train Loss: 0.0028, Train Accuracy: 99.43%
Validation Loss: 0.0489, Validation Accuracy: 98.73%
Model saved to models/resnet18-MNIST-EVIDENCE-balanced_by_score-0.5-1
Modified conv1: updated in_channels to 1.
Modified fc layer: updated out_features to 10.
Initialized untrained model.
resnet18-MNIST-EVIDENCE-balanced_by_score-0.7-1
[Epoch 1, Batch     2] loss: 0.046
[Epoch 1, Batch   102] loss: 0.331
[Epoch 1, Batch   202] loss: 0.177
Epoch 1/20:
Train Loss: 0.0417, Train Accuracy: 92.69%
Validation Loss: 0.0893, Validation Accuracy: 97.16%
[Epoch 2, Batch     2] loss: 0.001
[Epoch 2, Batch   102] loss: 0.108
[Epoch 2, Batch   202] loss: 0.102
Epoch 2/20:
Train Loss: 0.0285, Train Accuracy: 96.89%
Validation Loss: 0.1232, Validation Accuracy: 96.40%
[Epoch 3, Batch     2] loss: 0.001
[Epoch 3, Batch   102] loss: 0.087
[Epoch 3, Batch   202] loss: 0.080
Epoch 3/20:
Train Loss: 0.0226, Train Accuracy: 97.44%
Validation Loss: 0.0918, Validation Accuracy: 97.31%
[Epoch 4, Batch     2] loss: 0.002
[Epoch 4, Batch   102] loss: 0.054
[Epoch 4, Batch   202] loss: 0.056
Epoch 4/20:
Train Loss: 0.0186, Train Accuracy: 98.30%
Validation Loss: 0.1091, Validation Accuracy: 96.73%
[Epoch 5, Batch     2] loss: 0.001
[Epoch 5, Batch   102] loss: 0.052
[Epoch 5, Batch   202] loss: 0.059
Epoch 5/20:
Train Loss: 0.0163, Train Accuracy: 98.39%
Validation Loss: 0.0835, Validation Accuracy: 97.54%
[Epoch 6, Batch     2] loss: 0.001
[Epoch 6, Batch   102] loss: 0.041
[Epoch 6, Batch   202] loss: 0.060
Epoch 6/20:
Train Loss: 0.0129, Train Accuracy: 98.47%
Validation Loss: 0.0622, Validation Accuracy: 98.03%
[Epoch 7, Batch     2] loss: 0.000
[Epoch 7, Batch   102] loss: 0.031
[Epoch 7, Batch   202] loss: 0.043
Epoch 7/20:
Train Loss: 0.0150, Train Accuracy: 98.75%
Validation Loss: 0.1269, Validation Accuracy: 96.04%
[Epoch 8, Batch     2] loss: 0.001
[Epoch 8, Batch   102] loss: 0.043
[Epoch 8, Batch   202] loss: 0.035
Epoch 8/20:
Train Loss: 0.0196, Train Accuracy: 98.53%
Validation Loss: 0.0575, Validation Accuracy: 98.33%
[Epoch 9, Batch     2] loss: 0.000
[Epoch 9, Batch   102] loss: 0.037
[Epoch 9, Batch   202] loss: 0.041
Epoch 9/20:
Train Loss: 0.0141, Train Accuracy: 98.75%
Validation Loss: 0.1561, Validation Accuracy: 95.19%
[Epoch 10, Batch     2] loss: 0.000
[Epoch 10, Batch   102] loss: 0.036
[Epoch 10, Batch   202] loss: 0.037
Epoch 10/20:
Train Loss: 0.0099, Train Accuracy: 98.87%
Validation Loss: 0.0585, Validation Accuracy: 98.38%
[Epoch 11, Batch     2] loss: 0.001
[Epoch 11, Batch   102] loss: 0.019
[Epoch 11, Batch   202] loss: 0.030
Epoch 11/20:
Train Loss: 0.0112, Train Accuracy: 99.10%
Validation Loss: 0.0514, Validation Accuracy: 98.51%
[Epoch 12, Batch     2] loss: 0.001
[Epoch 12, Batch   102] loss: 0.021
[Epoch 12, Batch   202] loss: 0.035
Epoch 12/20:
Train Loss: 0.0106, Train Accuracy: 99.04%
Validation Loss: 0.0768, Validation Accuracy: 97.82%
[Epoch 13, Batch     2] loss: 0.001
[Epoch 13, Batch   102] loss: 0.026
[Epoch 13, Batch   202] loss: 0.024
Epoch 13/20:
Train Loss: 0.0088, Train Accuracy: 99.22%
Validation Loss: 0.0730, Validation Accuracy: 97.94%
[Epoch 14, Batch     2] loss: 0.000
[Epoch 14, Batch   102] loss: 0.038
[Epoch 14, Batch   202] loss: 0.023
Epoch 14/20:
Train Loss: 0.0056, Train Accuracy: 99.15%
Validation Loss: 0.0484, Validation Accuracy: 98.67%
[Epoch 15, Batch     2] loss: 0.001
[Epoch 15, Batch   102] loss: 0.031
[Epoch 15, Batch   202] loss: 0.019
Epoch 15/20:
Train Loss: 0.0056, Train Accuracy: 99.28%
Validation Loss: 0.0415, Validation Accuracy: 98.84%
[Epoch 16, Batch     2] loss: 0.001
[Epoch 16, Batch   102] loss: 0.026
[Epoch 16, Batch   202] loss: 0.029
Epoch 16/20:
Train Loss: 0.0106, Train Accuracy: 99.03%
Validation Loss: 0.0444, Validation Accuracy: 98.76%
[Epoch 17, Batch     2] loss: 0.000
[Epoch 17, Batch   102] loss: 0.020
[Epoch 17, Batch   202] loss: 0.026
Epoch 17/20:
Train Loss: 0.0118, Train Accuracy: 99.16%
Validation Loss: 0.0557, Validation Accuracy: 98.38%
[Epoch 18, Batch     2] loss: 0.000
[Epoch 18, Batch   102] loss: 0.020
[Epoch 18, Batch   202] loss: 0.025
Epoch 18/20:
Train Loss: 0.0065, Train Accuracy: 99.29%
Validation Loss: 0.0630, Validation Accuracy: 98.21%
[Epoch 19, Batch     2] loss: 0.000
[Epoch 19, Batch   102] loss: 0.023
[Epoch 19, Batch   202] loss: 0.034
Epoch 19/20:
Train Loss: 0.0056, Train Accuracy: 99.20%
Validation Loss: 0.0773, Validation Accuracy: 97.76%
[Epoch 20, Batch     2] loss: 0.001
[Epoch 20, Batch   102] loss: 0.017
[Epoch 20, Batch   202] loss: 0.020
Epoch 20/20:
Train Loss: 0.0080, Train Accuracy: 99.37%
Validation Loss: 0.0526, Validation Accuracy: 98.66%
Model saved to models/resnet18-MNIST-EVIDENCE-balanced_by_score-0.7-1
Modified conv1: updated in_channels to 1.
Modified fc layer: updated out_features to 10.
Initialized untrained model.
resnet18-MNIST-EVIDENCE-balanced_by_score-0.8-1
[Epoch 1, Batch     2] loss: 0.046
[Epoch 1, Batch   102] loss: 0.331
Epoch 1/20:
Train Loss: 0.0837, Train Accuracy: 90.88%
Validation Loss: 0.3003, Validation Accuracy: 90.92%
[Epoch 2, Batch     2] loss: 0.004
[Epoch 2, Batch   102] loss: 0.119
Epoch 2/20:
Train Loss: 0.0522, Train Accuracy: 96.28%
Validation Loss: 0.1466, Validation Accuracy: 95.56%
[Epoch 3, Batch     2] loss: 0.003
[Epoch 3, Batch   102] loss: 0.079
Epoch 3/20:
Train Loss: 0.0358, Train Accuracy: 97.47%
Validation Loss: 0.0868, Validation Accuracy: 97.44%
[Epoch 4, Batch     2] loss: 0.001
[Epoch 4, Batch   102] loss: 0.068
Epoch 4/20:
Train Loss: 0.0309, Train Accuracy: 97.93%
Validation Loss: 0.1199, Validation Accuracy: 96.44%
[Epoch 5, Batch     2] loss: 0.001
[Epoch 5, Batch   102] loss: 0.046
Epoch 5/20:
Train Loss: 0.0299, Train Accuracy: 98.34%
Validation Loss: 0.0819, Validation Accuracy: 97.50%
[Epoch 6, Batch     2] loss: 0.001
[Epoch 6, Batch   102] loss: 0.055
Epoch 6/20:
Train Loss: 0.0211, Train Accuracy: 98.38%
Validation Loss: 0.0491, Validation Accuracy: 98.58%
[Epoch 7, Batch     2] loss: 0.001
[Epoch 7, Batch   102] loss: 0.046
Epoch 7/20:
Train Loss: 0.0221, Train Accuracy: 98.56%
Validation Loss: 0.0676, Validation Accuracy: 97.96%
[Epoch 8, Batch     2] loss: 0.000
[Epoch 8, Batch   102] loss: 0.038
Epoch 8/20:
Train Loss: 0.0226, Train Accuracy: 98.71%
Validation Loss: 0.0716, Validation Accuracy: 97.82%
[Epoch 9, Batch     2] loss: 0.001
[Epoch 9, Batch   102] loss: 0.027
Epoch 9/20:
Train Loss: 0.0152, Train Accuracy: 99.02%
Validation Loss: 0.1010, Validation Accuracy: 97.27%
[Epoch 10, Batch     2] loss: 0.001
[Epoch 10, Batch   102] loss: 0.034
Epoch 10/20:
Train Loss: 0.0153, Train Accuracy: 98.91%
Validation Loss: 0.0779, Validation Accuracy: 97.62%
[Epoch 11, Batch     2] loss: 0.001
[Epoch 11, Batch   102] loss: 0.033
Epoch 11/20:
Train Loss: 0.0137, Train Accuracy: 98.99%
Validation Loss: 0.0478, Validation Accuracy: 98.67%
[Epoch 12, Batch     2] loss: 0.000
[Epoch 12, Batch   102] loss: 0.037
Epoch 12/20:
Train Loss: 0.0116, Train Accuracy: 98.99%
Validation Loss: 0.0729, Validation Accuracy: 98.06%
[Epoch 13, Batch     2] loss: 0.001
[Epoch 13, Batch   102] loss: 0.020
Epoch 13/20:
Train Loss: 0.0097, Train Accuracy: 99.31%
Validation Loss: 0.1674, Validation Accuracy: 95.78%
[Epoch 14, Batch     2] loss: 0.000
[Epoch 14, Batch   102] loss: 0.032
Epoch 14/20:
Train Loss: 0.0117, Train Accuracy: 99.09%
Validation Loss: 0.0608, Validation Accuracy: 98.27%
[Epoch 15, Batch     2] loss: 0.000
[Epoch 15, Batch   102] loss: 0.020
Epoch 15/20:
Train Loss: 0.0128, Train Accuracy: 99.30%
Validation Loss: 0.0702, Validation Accuracy: 98.05%
[Epoch 16, Batch     2] loss: 0.000
[Epoch 16, Batch   102] loss: 0.017
Epoch 16/20:
Train Loss: 0.0094, Train Accuracy: 99.43%
Validation Loss: 0.0878, Validation Accuracy: 97.58%
[Epoch 17, Batch     2] loss: 0.000
[Epoch 17, Batch   102] loss: 0.028
Epoch 17/20:
Train Loss: 0.0101, Train Accuracy: 99.27%
Validation Loss: 0.1223, Validation Accuracy: 96.82%
[Epoch 18, Batch     2] loss: 0.000
[Epoch 18, Batch   102] loss: 0.014
Epoch 18/20:
Train Loss: 0.0092, Train Accuracy: 99.47%
Validation Loss: 0.1070, Validation Accuracy: 97.04%
[Epoch 19, Batch     2] loss: 0.001
[Epoch 19, Batch   102] loss: 0.018
Epoch 19/20:
Train Loss: 0.0100, Train Accuracy: 99.39%
Validation Loss: 0.0612, Validation Accuracy: 98.26%
[Epoch 20, Batch     2] loss: 0.001
[Epoch 20, Batch   102] loss: 0.026
Epoch 20/20:
Train Loss: 0.0114, Train Accuracy: 99.29%
Validation Loss: 0.0618, Validation Accuracy: 98.24%
Model saved to models/resnet18-MNIST-EVIDENCE-balanced_by_score-0.8-1
Modified conv1: updated in_channels to 1.
Modified fc layer: updated out_features to 10.
Initialized untrained model.
resnet18-MNIST-EVIDENCE-balanced_by_score-0.9-1
[Epoch 1, Batch     2] loss: 0.043
Epoch 1/20:
Train Loss: 0.3676, Train Accuracy: 86.26%
Validation Loss: 0.2106, Validation Accuracy: 93.50%
[Epoch 2, Batch     2] loss: 0.005
Epoch 2/20:
Train Loss: 0.1585, Train Accuracy: 94.62%
Validation Loss: 0.1586, Validation Accuracy: 94.88%
[Epoch 3, Batch     2] loss: 0.002
Epoch 3/20:
Train Loss: 0.1057, Train Accuracy: 96.52%
Validation Loss: 0.7082, Validation Accuracy: 84.34%
[Epoch 4, Batch     2] loss: 0.004
Epoch 4/20:
Train Loss: 0.1035, Train Accuracy: 96.67%
Validation Loss: 0.2365, Validation Accuracy: 92.47%
[Epoch 5, Batch     2] loss: 0.001
Epoch 5/20:
Train Loss: 0.0796, Train Accuracy: 97.52%
Validation Loss: 0.1394, Validation Accuracy: 95.47%
[Epoch 6, Batch     2] loss: 0.001
Epoch 6/20:
Train Loss: 0.0643, Train Accuracy: 97.89%
Validation Loss: 0.2122, Validation Accuracy: 93.98%
[Epoch 7, Batch     2] loss: 0.001
Epoch 7/20:
Train Loss: 0.0507, Train Accuracy: 98.25%
Validation Loss: 0.1482, Validation Accuracy: 95.55%
[Epoch 8, Batch     2] loss: 0.001
Epoch 8/20:
Train Loss: 0.0554, Train Accuracy: 98.27%
Validation Loss: 0.0917, Validation Accuracy: 97.32%
[Epoch 9, Batch     2] loss: 0.001
Epoch 9/20:
Train Loss: 0.0576, Train Accuracy: 98.15%
Validation Loss: 0.1360, Validation Accuracy: 96.05%
[Epoch 10, Batch     2] loss: 0.002
Epoch 10/20:
Train Loss: 0.0324, Train Accuracy: 98.90%
Validation Loss: 0.0949, Validation Accuracy: 97.32%
[Epoch 11, Batch     2] loss: 0.000
Epoch 11/20:
Train Loss: 0.0343, Train Accuracy: 99.08%
Validation Loss: 0.1089, Validation Accuracy: 96.81%
[Epoch 12, Batch     2] loss: 0.000
Epoch 12/20:
Train Loss: 0.0148, Train Accuracy: 99.56%
Validation Loss: 0.0715, Validation Accuracy: 98.00%
[Epoch 13, Batch     2] loss: 0.001
Epoch 13/20:
Train Loss: 0.0385, Train Accuracy: 98.83%
Validation Loss: 0.1082, Validation Accuracy: 96.95%
[Epoch 14, Batch     2] loss: 0.000
Epoch 14/20:
Train Loss: 0.0188, Train Accuracy: 99.42%
Validation Loss: 0.0723, Validation Accuracy: 97.86%
[Epoch 15, Batch     2] loss: 0.000
Epoch 15/20:
Train Loss: 0.0504, Train Accuracy: 98.40%
Validation Loss: 0.1304, Validation Accuracy: 96.42%
[Epoch 16, Batch     2] loss: 0.001
Epoch 16/20:
Train Loss: 0.0274, Train Accuracy: 99.08%
Validation Loss: 0.0728, Validation Accuracy: 97.83%
[Epoch 17, Batch     2] loss: 0.000
Epoch 17/20:
Train Loss: 0.0203, Train Accuracy: 99.35%
Validation Loss: 0.0928, Validation Accuracy: 97.48%
[Epoch 18, Batch     2] loss: 0.001
Epoch 18/20:
Train Loss: 0.0290, Train Accuracy: 99.12%
Validation Loss: 0.0769, Validation Accuracy: 97.68%
[Epoch 19, Batch     2] loss: 0.000
Epoch 19/20:
Train Loss: 0.0157, Train Accuracy: 99.61%
Validation Loss: 0.0823, Validation Accuracy: 97.79%
[Epoch 20, Batch     2] loss: 0.000
Epoch 20/20:
Train Loss: 0.0109, Train Accuracy: 99.61%
Validation Loss: 0.0601, Validation Accuracy: 98.16%
Model saved to models/resnet18-MNIST-EVIDENCE-balanced_by_score-0.9-1
Modified conv1: updated in_channels to 1.
Modified fc layer: updated out_features to 10.
Initialized untrained model.
resnet18-MNIST-EVIDENCE-balanced_by_score-0.95-1
[Epoch 1, Batch     2] loss: 0.043
Epoch 1/20:
Train Loss: 0.4596, Train Accuracy: 82.07%
Validation Loss: 0.4174, Validation Accuracy: 86.26%
[Epoch 2, Batch     2] loss: 0.002
Epoch 2/20:
Train Loss: 0.1515, Train Accuracy: 95.28%
Validation Loss: 0.6211, Validation Accuracy: 83.48%
[Epoch 3, Batch     2] loss: 0.004
Epoch 3/20:
Train Loss: 0.1248, Train Accuracy: 95.89%
Validation Loss: 0.4141, Validation Accuracy: 87.45%
[Epoch 4, Batch     2] loss: 0.001
Epoch 4/20:
Train Loss: 0.0951, Train Accuracy: 96.94%
Validation Loss: 0.2024, Validation Accuracy: 94.20%
[Epoch 5, Batch     2] loss: 0.001
Epoch 5/20:
Train Loss: 0.0646, Train Accuracy: 97.76%
Validation Loss: 0.1609, Validation Accuracy: 95.39%
[Epoch 6, Batch     2] loss: 0.001
Epoch 6/20:
Train Loss: 0.0649, Train Accuracy: 97.83%
Validation Loss: 0.1343, Validation Accuracy: 96.16%
[Epoch 7, Batch     2] loss: 0.000
Epoch 7/20:
Train Loss: 0.0477, Train Accuracy: 98.57%
Validation Loss: 0.3514, Validation Accuracy: 91.35%
[Epoch 8, Batch     2] loss: 0.001
Epoch 8/20:
Train Loss: 0.0560, Train Accuracy: 98.20%
Validation Loss: 0.3065, Validation Accuracy: 92.73%
[Epoch 9, Batch     2] loss: 0.001
Epoch 9/20:
Train Loss: 0.0566, Train Accuracy: 98.37%
Validation Loss: 0.1550, Validation Accuracy: 95.82%
[Epoch 10, Batch     2] loss: 0.000
Epoch 10/20:
Train Loss: 0.0428, Train Accuracy: 98.44%
Validation Loss: 0.2722, Validation Accuracy: 92.53%
[Epoch 11, Batch     2] loss: 0.000
Epoch 11/20:
Train Loss: 0.0212, Train Accuracy: 99.49%
Validation Loss: 0.1159, Validation Accuracy: 96.83%
[Epoch 12, Batch     2] loss: 0.000
Epoch 12/20:
Train Loss: 0.0168, Train Accuracy: 99.59%
Validation Loss: 0.2007, Validation Accuracy: 94.74%
[Epoch 13, Batch     2] loss: 0.000
Epoch 13/20:
Train Loss: 0.0525, Train Accuracy: 98.37%
Validation Loss: 0.1940, Validation Accuracy: 94.80%
[Epoch 14, Batch     2] loss: 0.002
Epoch 14/20:
Train Loss: 0.0376, Train Accuracy: 98.64%
Validation Loss: 0.1518, Validation Accuracy: 95.97%
[Epoch 15, Batch     2] loss: 0.000
Epoch 15/20:
Train Loss: 0.0399, Train Accuracy: 98.81%
Validation Loss: 0.1768, Validation Accuracy: 94.96%
[Epoch 16, Batch     2] loss: 0.001
Epoch 16/20:
Train Loss: 0.0374, Train Accuracy: 98.68%
Validation Loss: 0.2350, Validation Accuracy: 94.54%
[Epoch 17, Batch     2] loss: 0.001
Epoch 17/20:
Train Loss: 0.0361, Train Accuracy: 98.85%
Validation Loss: 0.1317, Validation Accuracy: 96.42%
[Epoch 18, Batch     2] loss: 0.000
Epoch 18/20:
Train Loss: 0.0166, Train Accuracy: 99.63%
Validation Loss: 0.1234, Validation Accuracy: 96.79%
[Epoch 19, Batch     2] loss: 0.000
Epoch 19/20:
Train Loss: 0.0068, Train Accuracy: 99.73%
Validation Loss: 0.1140, Validation Accuracy: 97.11%
[Epoch 20, Batch     2] loss: 0.000
Epoch 20/20:
Train Loss: 0.0136, Train Accuracy: 99.63%
Validation Loss: 0.1394, Validation Accuracy: 96.22%
Model saved to models/resnet18-MNIST-EVIDENCE-balanced_by_score-0.95-1
Modified conv1: updated in_channels to 1.
Modified fc layer: updated out_features to 10.
Loaded weights from file: models/resnet18_MNIST_E1_1
Modified conv1: updated in_channels to 1.
Modified fc layer: updated out_features to 10.
Initialized untrained model.
resnet18-MNIST-EVIDENCE-median-0.3-1
[Epoch 1, Batch     2] loss: 0.038
[Epoch 1, Batch   102] loss: 0.280
[Epoch 1, Batch   202] loss: 0.150
[Epoch 1, Batch   302] loss: 0.127
[Epoch 1, Batch   402] loss: 0.101
[Epoch 1, Batch   502] loss: 0.103
[Epoch 1, Batch   602] loss: 0.075
Epoch 1/20:
Train Loss: 0.0054, Train Accuracy: 95.97%
Validation Loss: 0.2879, Validation Accuracy: 90.08%
[Epoch 2, Batch     2] loss: 0.001
[Epoch 2, Batch   102] loss: 0.058
[Epoch 2, Batch   202] loss: 0.076
[Epoch 2, Batch   302] loss: 0.055
[Epoch 2, Batch   402] loss: 0.082
[Epoch 2, Batch   502] loss: 0.050
[Epoch 2, Batch   602] loss: 0.067
Epoch 2/20:
Train Loss: 0.0059, Train Accuracy: 98.17%
Validation Loss: 0.1800, Validation Accuracy: 93.93%
[Epoch 3, Batch     2] loss: 0.000
[Epoch 3, Batch   102] loss: 0.053
[Epoch 3, Batch   202] loss: 0.045
[Epoch 3, Batch   302] loss: 0.050
[Epoch 3, Batch   402] loss: 0.037
[Epoch 3, Batch   502] loss: 0.045
[Epoch 3, Batch   602] loss: 0.042
Epoch 3/20:
Train Loss: 0.0040, Train Accuracy: 98.64%
Validation Loss: 0.2041, Validation Accuracy: 93.16%
[Epoch 4, Batch     2] loss: 0.001
[Epoch 4, Batch   102] loss: 0.036
[Epoch 4, Batch   202] loss: 0.045
[Epoch 4, Batch   302] loss: 0.040
[Epoch 4, Batch   402] loss: 0.045
[Epoch 4, Batch   502] loss: 0.045
[Epoch 4, Batch   602] loss: 0.043
Epoch 4/20:
Train Loss: 0.0037, Train Accuracy: 98.78%
Validation Loss: 0.1204, Validation Accuracy: 96.16%
[Epoch 5, Batch     2] loss: 0.000
[Epoch 5, Batch   102] loss: 0.035
[Epoch 5, Batch   202] loss: 0.030
[Epoch 5, Batch   302] loss: 0.041
[Epoch 5, Batch   402] loss: 0.045
[Epoch 5, Batch   502] loss: 0.032
[Epoch 5, Batch   602] loss: 0.037
Epoch 5/20:
Train Loss: 0.0034, Train Accuracy: 98.96%
Validation Loss: 0.1669, Validation Accuracy: 94.27%
[Epoch 6, Batch     2] loss: 0.001
[Epoch 6, Batch   102] loss: 0.025
[Epoch 6, Batch   202] loss: 0.032
[Epoch 6, Batch   302] loss: 0.044
[Epoch 6, Batch   402] loss: 0.028
[Epoch 6, Batch   502] loss: 0.050
[Epoch 6, Batch   602] loss: 0.036
Epoch 6/20:
Train Loss: 0.0021, Train Accuracy: 98.97%
Validation Loss: 0.1170, Validation Accuracy: 96.30%
[Epoch 7, Batch     2] loss: 0.000
[Epoch 7, Batch   102] loss: 0.022
[Epoch 7, Batch   202] loss: 0.033
[Epoch 7, Batch   302] loss: 0.033
[Epoch 7, Batch   402] loss: 0.023
[Epoch 7, Batch   502] loss: 0.035
[Epoch 7, Batch   602] loss: 0.024
Epoch 7/20:
Train Loss: 0.0036, Train Accuracy: 99.16%
Validation Loss: 0.0796, Validation Accuracy: 97.75%
[Epoch 8, Batch     2] loss: 0.000
[Epoch 8, Batch   102] loss: 0.031
[Epoch 8, Batch   202] loss: 0.038
[Epoch 8, Batch   302] loss: 0.026
[Epoch 8, Batch   402] loss: 0.032
[Epoch 8, Batch   502] loss: 0.035
[Epoch 8, Batch   602] loss: 0.035
Epoch 8/20:
Train Loss: 0.0025, Train Accuracy: 99.08%
Validation Loss: 0.0681, Validation Accuracy: 97.85%
[Epoch 9, Batch     2] loss: 0.001
[Epoch 9, Batch   102] loss: 0.036
[Epoch 9, Batch   202] loss: 0.029
[Epoch 9, Batch   302] loss: 0.024
[Epoch 9, Batch   402] loss: 0.022
[Epoch 9, Batch   502] loss: 0.030
[Epoch 9, Batch   602] loss: 0.028
Epoch 9/20:
Train Loss: 0.0025, Train Accuracy: 99.24%
Validation Loss: 0.0520, Validation Accuracy: 98.50%
[Epoch 10, Batch     2] loss: 0.001
[Epoch 10, Batch   102] loss: 0.015
[Epoch 10, Batch   202] loss: 0.024
[Epoch 10, Batch   302] loss: 0.026
[Epoch 10, Batch   402] loss: 0.035
[Epoch 10, Batch   502] loss: 0.027
[Epoch 10, Batch   602] loss: 0.028
Epoch 10/20:
Train Loss: 0.0026, Train Accuracy: 99.26%
Validation Loss: 0.0635, Validation Accuracy: 98.15%
[Epoch 11, Batch     2] loss: 0.000
[Epoch 11, Batch   102] loss: 0.020
[Epoch 11, Batch   202] loss: 0.024
[Epoch 11, Batch   302] loss: 0.025
[Epoch 11, Batch   402] loss: 0.031
[Epoch 11, Batch   502] loss: 0.026
[Epoch 11, Batch   602] loss: 0.021
Epoch 11/20:
Train Loss: 0.0029, Train Accuracy: 99.26%
Validation Loss: 0.0564, Validation Accuracy: 98.44%
[Epoch 12, Batch     2] loss: 0.001
[Epoch 12, Batch   102] loss: 0.022
[Epoch 12, Batch   202] loss: 0.017
[Epoch 12, Batch   302] loss: 0.022
[Epoch 12, Batch   402] loss: 0.016
[Epoch 12, Batch   502] loss: 0.026
[Epoch 12, Batch   602] loss: 0.021
Epoch 12/20:
Train Loss: 0.0022, Train Accuracy: 99.41%
Validation Loss: 0.0610, Validation Accuracy: 98.21%
[Epoch 13, Batch     2] loss: 0.000
[Epoch 13, Batch   102] loss: 0.025
[Epoch 13, Batch   202] loss: 0.010
[Epoch 13, Batch   302] loss: 0.026
[Epoch 13, Batch   402] loss: 0.021
[Epoch 13, Batch   502] loss: 0.028
[Epoch 13, Batch   602] loss: 0.023
Epoch 13/20:
Train Loss: 0.0019, Train Accuracy: 99.35%
Validation Loss: 0.0614, Validation Accuracy: 98.11%
[Epoch 14, Batch     2] loss: 0.000
[Epoch 14, Batch   102] loss: 0.020
[Epoch 14, Batch   202] loss: 0.019
[Epoch 14, Batch   302] loss: 0.023
[Epoch 14, Batch   402] loss: 0.015
[Epoch 14, Batch   502] loss: 0.018
[Epoch 14, Batch   602] loss: 0.020
Epoch 14/20:
Train Loss: 0.0016, Train Accuracy: 99.44%
Validation Loss: 0.0524, Validation Accuracy: 98.40%
[Epoch 15, Batch     2] loss: 0.000
[Epoch 15, Batch   102] loss: 0.018
[Epoch 15, Batch   202] loss: 0.016
[Epoch 15, Batch   302] loss: 0.018
[Epoch 15, Batch   402] loss: 0.020
[Epoch 15, Batch   502] loss: 0.024
[Epoch 15, Batch   602] loss: 0.022
Epoch 15/20:
Train Loss: 0.0016, Train Accuracy: 99.41%
Validation Loss: 0.0442, Validation Accuracy: 98.65%
[Epoch 16, Batch     2] loss: 0.000
[Epoch 16, Batch   102] loss: 0.012
[Epoch 16, Batch   202] loss: 0.015
[Epoch 16, Batch   302] loss: 0.018
[Epoch 16, Batch   402] loss: 0.021
[Epoch 16, Batch   502] loss: 0.023
[Epoch 16, Batch   602] loss: 0.014
Epoch 16/20:
Train Loss: 0.0015, Train Accuracy: 99.48%
Validation Loss: 0.0846, Validation Accuracy: 97.49%
[Epoch 17, Batch     2] loss: 0.000
[Epoch 17, Batch   102] loss: 0.010
[Epoch 17, Batch   202] loss: 0.012
[Epoch 17, Batch   302] loss: 0.016
[Epoch 17, Batch   402] loss: 0.013
[Epoch 17, Batch   502] loss: 0.014
[Epoch 17, Batch   602] loss: 0.013
Epoch 17/20:
Train Loss: 0.0028, Train Accuracy: 99.59%
Validation Loss: 0.0568, Validation Accuracy: 98.17%
[Epoch 18, Batch     2] loss: 0.001
[Epoch 18, Batch   102] loss: 0.012
[Epoch 18, Batch   202] loss: 0.009
[Epoch 18, Batch   302] loss: 0.019
[Epoch 18, Batch   402] loss: 0.023
[Epoch 18, Batch   502] loss: 0.018
[Epoch 18, Batch   602] loss: 0.016
Epoch 18/20:
Train Loss: 0.0019, Train Accuracy: 99.48%
Validation Loss: 0.0480, Validation Accuracy: 98.53%
[Epoch 19, Batch     2] loss: 0.001
[Epoch 19, Batch   102] loss: 0.011
[Epoch 19, Batch   202] loss: 0.010
[Epoch 19, Batch   302] loss: 0.013
[Epoch 19, Batch   402] loss: 0.015
[Epoch 19, Batch   502] loss: 0.020
[Epoch 19, Batch   602] loss: 0.017
Epoch 19/20:
Train Loss: 0.0013, Train Accuracy: 99.57%
Validation Loss: 0.0669, Validation Accuracy: 98.14%
[Epoch 20, Batch     2] loss: 0.000
[Epoch 20, Batch   102] loss: 0.011
[Epoch 20, Batch   202] loss: 0.012
[Epoch 20, Batch   302] loss: 0.013
[Epoch 20, Batch   402] loss: 0.016
[Epoch 20, Batch   502] loss: 0.017
[Epoch 20, Batch   602] loss: 0.013
Epoch 20/20:
Train Loss: 0.0018, Train Accuracy: 99.57%
Validation Loss: 0.0575, Validation Accuracy: 98.32%
Model saved to models/resnet18-MNIST-EVIDENCE-median-0.3-1
Modified conv1: updated in_channels to 1.
Modified fc layer: updated out_features to 10.
Initialized untrained model.
resnet18-MNIST-EVIDENCE-median-0.5-1
[Epoch 1, Batch     2] loss: 0.040
[Epoch 1, Batch   102] loss: 0.228
[Epoch 1, Batch   202] loss: 0.114
[Epoch 1, Batch   302] loss: 0.091
[Epoch 1, Batch   402] loss: 0.103
Epoch 1/20:
Train Loss: 0.0107, Train Accuracy: 96.24%
Validation Loss: 0.3774, Validation Accuracy: 87.64%
[Epoch 2, Batch     2] loss: 0.001
[Epoch 2, Batch   102] loss: 0.065
[Epoch 2, Batch   202] loss: 0.053
[Epoch 2, Batch   302] loss: 0.068
[Epoch 2, Batch   402] loss: 0.060
Epoch 2/20:
Train Loss: 0.0069, Train Accuracy: 98.33%
Validation Loss: 0.2273, Validation Accuracy: 91.96%
[Epoch 3, Batch     2] loss: 0.000
[Epoch 3, Batch   102] loss: 0.049
[Epoch 3, Batch   202] loss: 0.051
[Epoch 3, Batch   302] loss: 0.050
[Epoch 3, Batch   402] loss: 0.046
Epoch 3/20:
Train Loss: 0.0066, Train Accuracy: 98.67%
Validation Loss: 0.1843, Validation Accuracy: 94.37%
[Epoch 4, Batch     2] loss: 0.001
[Epoch 4, Batch   102] loss: 0.038
[Epoch 4, Batch   202] loss: 0.044
[Epoch 4, Batch   302] loss: 0.040
[Epoch 4, Batch   402] loss: 0.041
Epoch 4/20:
Train Loss: 0.0054, Train Accuracy: 98.86%
Validation Loss: 0.2393, Validation Accuracy: 92.43%
[Epoch 5, Batch     2] loss: 0.000
[Epoch 5, Batch   102] loss: 0.031
[Epoch 5, Batch   202] loss: 0.031
[Epoch 5, Batch   302] loss: 0.031
[Epoch 5, Batch   402] loss: 0.026
Epoch 5/20:
Train Loss: 0.0055, Train Accuracy: 99.15%
Validation Loss: 0.1216, Validation Accuracy: 96.08%
[Epoch 6, Batch     2] loss: 0.000
[Epoch 6, Batch   102] loss: 0.025
[Epoch 6, Batch   202] loss: 0.043
[Epoch 6, Batch   302] loss: 0.040
[Epoch 6, Batch   402] loss: 0.038
Epoch 6/20:
Train Loss: 0.0028, Train Accuracy: 99.02%
Validation Loss: 0.1129, Validation Accuracy: 96.44%
[Epoch 7, Batch     2] loss: 0.001
[Epoch 7, Batch   102] loss: 0.023
[Epoch 7, Batch   202] loss: 0.040
[Epoch 7, Batch   302] loss: 0.024
[Epoch 7, Batch   402] loss: 0.026
Epoch 7/20:
Train Loss: 0.0054, Train Accuracy: 99.10%
Validation Loss: 0.1782, Validation Accuracy: 95.02%
[Epoch 8, Batch     2] loss: 0.000
[Epoch 8, Batch   102] loss: 0.028
[Epoch 8, Batch   202] loss: 0.024
[Epoch 8, Batch   302] loss: 0.029
[Epoch 8, Batch   402] loss: 0.020
Epoch 8/20:
Train Loss: 0.0040, Train Accuracy: 99.25%
Validation Loss: 0.1119, Validation Accuracy: 96.58%
[Epoch 9, Batch     2] loss: 0.000
[Epoch 9, Batch   102] loss: 0.031
[Epoch 9, Batch   202] loss: 0.034
[Epoch 9, Batch   302] loss: 0.021
[Epoch 9, Batch   402] loss: 0.024
Epoch 9/20:
Train Loss: 0.0046, Train Accuracy: 99.21%
Validation Loss: 0.1100, Validation Accuracy: 96.71%
[Epoch 10, Batch     2] loss: 0.000
[Epoch 10, Batch   102] loss: 0.018
[Epoch 10, Batch   202] loss: 0.023
[Epoch 10, Batch   302] loss: 0.024
[Epoch 10, Batch   402] loss: 0.022
Epoch 10/20:
Train Loss: 0.0045, Train Accuracy: 99.28%
Validation Loss: 0.0981, Validation Accuracy: 96.95%
[Epoch 11, Batch     2] loss: 0.000
[Epoch 11, Batch   102] loss: 0.019
[Epoch 11, Batch   202] loss: 0.021
[Epoch 11, Batch   302] loss: 0.025
[Epoch 11, Batch   402] loss: 0.034
Epoch 11/20:
Train Loss: 0.0035, Train Accuracy: 99.33%
Validation Loss: 0.1663, Validation Accuracy: 95.28%
[Epoch 12, Batch     2] loss: 0.000
[Epoch 12, Batch   102] loss: 0.017
[Epoch 12, Batch   202] loss: 0.018
[Epoch 12, Batch   302] loss: 0.025
[Epoch 12, Batch   402] loss: 0.027
Epoch 12/20:
Train Loss: 0.0053, Train Accuracy: 99.26%
Validation Loss: 0.0995, Validation Accuracy: 97.22%
[Epoch 13, Batch     2] loss: 0.000
[Epoch 13, Batch   102] loss: 0.016
[Epoch 13, Batch   202] loss: 0.019
[Epoch 13, Batch   302] loss: 0.017
[Epoch 13, Batch   402] loss: 0.013
Epoch 13/20:
Train Loss: 0.0037, Train Accuracy: 99.51%
Validation Loss: 0.0911, Validation Accuracy: 97.12%
[Epoch 14, Batch     2] loss: 0.000
[Epoch 14, Batch   102] loss: 0.018
[Epoch 14, Batch   202] loss: 0.025
[Epoch 14, Batch   302] loss: 0.018
[Epoch 14, Batch   402] loss: 0.016
Epoch 14/20:
Train Loss: 0.0025, Train Accuracy: 99.44%
Validation Loss: 0.0767, Validation Accuracy: 97.74%
[Epoch 15, Batch     2] loss: 0.000
[Epoch 15, Batch   102] loss: 0.013
[Epoch 15, Batch   202] loss: 0.020
[Epoch 15, Batch   302] loss: 0.018
[Epoch 15, Batch   402] loss: 0.019
Epoch 15/20:
Train Loss: 0.0024, Train Accuracy: 99.52%
Validation Loss: 0.1320, Validation Accuracy: 95.96%
[Epoch 16, Batch     2] loss: 0.000
[Epoch 16, Batch   102] loss: 0.018
[Epoch 16, Batch   202] loss: 0.014
[Epoch 16, Batch   302] loss: 0.011
[Epoch 16, Batch   402] loss: 0.021
Epoch 16/20:
Train Loss: 0.0027, Train Accuracy: 99.52%
Validation Loss: 0.1038, Validation Accuracy: 97.09%
[Epoch 17, Batch     2] loss: 0.000
[Epoch 17, Batch   102] loss: 0.011
[Epoch 17, Batch   202] loss: 0.019
[Epoch 17, Batch   302] loss: 0.019
[Epoch 17, Batch   402] loss: 0.018
Epoch 17/20:
Train Loss: 0.0029, Train Accuracy: 99.49%
Validation Loss: 0.0801, Validation Accuracy: 97.75%
[Epoch 18, Batch     2] loss: 0.001
[Epoch 18, Batch   102] loss: 0.012
[Epoch 18, Batch   202] loss: 0.016
[Epoch 18, Batch   302] loss: 0.012
[Epoch 18, Batch   402] loss: 0.013
Epoch 18/20:
Train Loss: 0.0031, Train Accuracy: 99.58%
Validation Loss: 0.1303, Validation Accuracy: 96.02%
[Epoch 19, Batch     2] loss: 0.001
[Epoch 19, Batch   102] loss: 0.013
[Epoch 19, Batch   202] loss: 0.023
[Epoch 19, Batch   302] loss: 0.015
[Epoch 19, Batch   402] loss: 0.009
Epoch 19/20:
Train Loss: 0.0007, Train Accuracy: 99.65%
Validation Loss: 0.0720, Validation Accuracy: 97.90%
[Epoch 20, Batch     2] loss: 0.000
[Epoch 20, Batch   102] loss: 0.013
[Epoch 20, Batch   202] loss: 0.014
[Epoch 20, Batch   302] loss: 0.010
[Epoch 20, Batch   402] loss: 0.022
Epoch 20/20:
Train Loss: 0.0021, Train Accuracy: 99.58%
Validation Loss: 0.1280, Validation Accuracy: 95.98%
Model saved to models/resnet18-MNIST-EVIDENCE-median-0.5-1
Modified conv1: updated in_channels to 1.
Modified fc layer: updated out_features to 10.
Initialized untrained model.
resnet18-MNIST-EVIDENCE-median-0.7-1
[Epoch 1, Batch     2] loss: 0.037
[Epoch 1, Batch   102] loss: 0.216
[Epoch 1, Batch   202] loss: 0.116
Epoch 1/20:
Train Loss: 0.0199, Train Accuracy: 96.16%
Validation Loss: 1.0389, Validation Accuracy: 67.49%
[Epoch 2, Batch     2] loss: 0.003
[Epoch 2, Batch   102] loss: 0.059
[Epoch 2, Batch   202] loss: 0.078
Epoch 2/20:
Train Loss: 0.0205, Train Accuracy: 98.03%
Validation Loss: 0.7151, Validation Accuracy: 74.56%
[Epoch 3, Batch     2] loss: 0.001
[Epoch 3, Batch   102] loss: 0.055
[Epoch 3, Batch   202] loss: 0.075
Epoch 3/20:
Train Loss: 0.0148, Train Accuracy: 98.40%
Validation Loss: 0.2654, Validation Accuracy: 92.02%
[Epoch 4, Batch     2] loss: 0.001
[Epoch 4, Batch   102] loss: 0.035
[Epoch 4, Batch   202] loss: 0.047
Epoch 4/20:
Train Loss: 0.0115, Train Accuracy: 98.90%
Validation Loss: 0.7211, Validation Accuracy: 78.35%
[Epoch 5, Batch     2] loss: 0.000
[Epoch 5, Batch   102] loss: 0.033
[Epoch 5, Batch   202] loss: 0.046
Epoch 5/20:
Train Loss: 0.0123, Train Accuracy: 98.84%
Validation Loss: 0.4090, Validation Accuracy: 86.82%
[Epoch 6, Batch     2] loss: 0.000
[Epoch 6, Batch   102] loss: 0.024
[Epoch 6, Batch   202] loss: 0.038
Epoch 6/20:
Train Loss: 0.0087, Train Accuracy: 99.14%
Validation Loss: 0.4395, Validation Accuracy: 86.85%
[Epoch 7, Batch     2] loss: 0.000
[Epoch 7, Batch   102] loss: 0.017
[Epoch 7, Batch   202] loss: 0.037
Epoch 7/20:
Train Loss: 0.0114, Train Accuracy: 99.14%
Validation Loss: 0.3383, Validation Accuracy: 88.89%
[Epoch 8, Batch     2] loss: 0.000
[Epoch 8, Batch   102] loss: 0.034
[Epoch 8, Batch   202] loss: 0.023
Epoch 8/20:
Train Loss: 0.0096, Train Accuracy: 99.13%
Validation Loss: 0.6235, Validation Accuracy: 83.10%
[Epoch 9, Batch     2] loss: 0.001
[Epoch 9, Batch   102] loss: 0.015
[Epoch 9, Batch   202] loss: 0.029
Epoch 9/20:
Train Loss: 0.0089, Train Accuracy: 99.25%
Validation Loss: 0.4937, Validation Accuracy: 86.06%
[Epoch 10, Batch     2] loss: 0.000
[Epoch 10, Batch   102] loss: 0.027
[Epoch 10, Batch   202] loss: 0.023
Epoch 10/20:
Train Loss: 0.0067, Train Accuracy: 99.29%
Validation Loss: 0.2148, Validation Accuracy: 93.49%
[Epoch 11, Batch     2] loss: 0.000
[Epoch 11, Batch   102] loss: 0.021
[Epoch 11, Batch   202] loss: 0.015
Epoch 11/20:
Train Loss: 0.0091, Train Accuracy: 99.38%
Validation Loss: 0.3759, Validation Accuracy: 89.85%
[Epoch 12, Batch     2] loss: 0.001
[Epoch 12, Batch   102] loss: 0.024
[Epoch 12, Batch   202] loss: 0.017
Epoch 12/20:
Train Loss: 0.0055, Train Accuracy: 99.38%
Validation Loss: 0.2647, Validation Accuracy: 92.31%
[Epoch 13, Batch     2] loss: 0.000
[Epoch 13, Batch   102] loss: 0.014
[Epoch 13, Batch   202] loss: 0.024
Epoch 13/20:
Train Loss: 0.0076, Train Accuracy: 99.39%
Validation Loss: 0.3077, Validation Accuracy: 91.37%
[Epoch 14, Batch     2] loss: 0.000
[Epoch 14, Batch   102] loss: 0.022
[Epoch 14, Batch   202] loss: 0.018
Epoch 14/20:
Train Loss: 0.0048, Train Accuracy: 99.46%
Validation Loss: 0.1845, Validation Accuracy: 94.59%
[Epoch 15, Batch     2] loss: 0.000
[Epoch 15, Batch   102] loss: 0.019
[Epoch 15, Batch   202] loss: 0.024
Epoch 15/20:
Train Loss: 0.0039, Train Accuracy: 99.42%
Validation Loss: 0.2076, Validation Accuracy: 94.41%
[Epoch 16, Batch     2] loss: 0.000
[Epoch 16, Batch   102] loss: 0.013
[Epoch 16, Batch   202] loss: 0.019
Epoch 16/20:
Train Loss: 0.0046, Train Accuracy: 99.57%
Validation Loss: 0.4303, Validation Accuracy: 88.91%
[Epoch 17, Batch     2] loss: 0.001
[Epoch 17, Batch   102] loss: 0.020
[Epoch 17, Batch   202] loss: 0.025
Epoch 17/20:
Train Loss: 0.0071, Train Accuracy: 99.34%
Validation Loss: 0.1863, Validation Accuracy: 94.07%
[Epoch 18, Batch     2] loss: 0.000
[Epoch 18, Batch   102] loss: 0.016
[Epoch 18, Batch   202] loss: 0.012
Epoch 18/20:
Train Loss: 0.0050, Train Accuracy: 99.61%
Validation Loss: 0.2677, Validation Accuracy: 92.14%
[Epoch 19, Batch     2] loss: 0.000
[Epoch 19, Batch   102] loss: 0.012
[Epoch 19, Batch   202] loss: 0.006
Epoch 19/20:
Train Loss: 0.0029, Train Accuracy: 99.74%
Validation Loss: 0.5829, Validation Accuracy: 84.30%
[Epoch 20, Batch     2] loss: 0.001
[Epoch 20, Batch   102] loss: 0.020
[Epoch 20, Batch   202] loss: 0.017
Epoch 20/20:
Train Loss: 0.0044, Train Accuracy: 99.49%
Validation Loss: 0.2611, Validation Accuracy: 92.43%
Model saved to models/resnet18-MNIST-EVIDENCE-median-0.7-1
Modified conv1: updated in_channels to 1.
Modified fc layer: updated out_features to 10.
Initialized untrained model.
resnet18-MNIST-EVIDENCE-median-0.8-1
[Epoch 1, Batch     2] loss: 0.036
[Epoch 1, Batch   102] loss: 0.166
Epoch 1/20:
Train Loss: 0.0562, Train Accuracy: 95.71%
Validation Loss: 1.6689, Validation Accuracy: 42.93%
[Epoch 2, Batch     2] loss: 0.003
[Epoch 2, Batch   102] loss: 0.076
Epoch 2/20:
Train Loss: 0.0332, Train Accuracy: 97.84%
Validation Loss: 1.5787, Validation Accuracy: 57.90%
[Epoch 3, Batch     2] loss: 0.001
[Epoch 3, Batch   102] loss: 0.053
Epoch 3/20:
Train Loss: 0.0258, Train Accuracy: 98.52%
Validation Loss: 0.9366, Validation Accuracy: 71.97%
[Epoch 4, Batch     2] loss: 0.001
[Epoch 4, Batch   102] loss: 0.056
Epoch 4/20:
Train Loss: 0.0191, Train Accuracy: 98.66%
Validation Loss: 0.8337, Validation Accuracy: 72.77%
[Epoch 5, Batch     2] loss: 0.000
[Epoch 5, Batch   102] loss: 0.044
Epoch 5/20:
Train Loss: 0.0163, Train Accuracy: 98.81%
Validation Loss: 0.6984, Validation Accuracy: 80.59%
[Epoch 6, Batch     2] loss: 0.000
[Epoch 6, Batch   102] loss: 0.053
Epoch 6/20:
Train Loss: 0.0166, Train Accuracy: 98.65%
Validation Loss: 0.4561, Validation Accuracy: 84.26%
[Epoch 7, Batch     2] loss: 0.000
[Epoch 7, Batch   102] loss: 0.025
Epoch 7/20:
Train Loss: 0.0093, Train Accuracy: 99.31%
Validation Loss: 1.2027, Validation Accuracy: 72.75%
[Epoch 8, Batch     2] loss: 0.000
[Epoch 8, Batch   102] loss: 0.017
Epoch 8/20:
Train Loss: 0.0179, Train Accuracy: 99.24%
Validation Loss: 0.8823, Validation Accuracy: 76.58%
[Epoch 9, Batch     2] loss: 0.000
[Epoch 9, Batch   102] loss: 0.027
Epoch 9/20:
Train Loss: 0.0121, Train Accuracy: 99.21%
Validation Loss: 0.2828, Validation Accuracy: 91.44%
[Epoch 10, Batch     2] loss: 0.000
[Epoch 10, Batch   102] loss: 0.019
Epoch 10/20:
Train Loss: 0.0061, Train Accuracy: 99.46%
Validation Loss: 0.8569, Validation Accuracy: 77.87%
[Epoch 11, Batch     2] loss: 0.001
[Epoch 11, Batch   102] loss: 0.027
Epoch 11/20:
Train Loss: 0.0097, Train Accuracy: 99.30%
Validation Loss: 0.3152, Validation Accuracy: 90.89%
[Epoch 12, Batch     2] loss: 0.001
[Epoch 12, Batch   102] loss: 0.007
Epoch 12/20:
Train Loss: 0.0108, Train Accuracy: 99.58%
Validation Loss: 0.5415, Validation Accuracy: 85.15%
[Epoch 13, Batch     2] loss: 0.000
[Epoch 13, Batch   102] loss: 0.016
Epoch 13/20:
Train Loss: 0.0087, Train Accuracy: 99.47%
Validation Loss: 0.6716, Validation Accuracy: 79.07%
[Epoch 14, Batch     2] loss: 0.001
[Epoch 14, Batch   102] loss: 0.015
Epoch 14/20:
Train Loss: 0.0073, Train Accuracy: 99.57%
Validation Loss: 0.4815, Validation Accuracy: 85.23%
[Epoch 15, Batch     2] loss: 0.000
[Epoch 15, Batch   102] loss: 0.013
Epoch 15/20:
Train Loss: 0.0094, Train Accuracy: 99.44%
Validation Loss: 0.4756, Validation Accuracy: 85.90%
[Epoch 16, Batch     2] loss: 0.000
[Epoch 16, Batch   102] loss: 0.014
Epoch 16/20:
Train Loss: 0.0061, Train Accuracy: 99.67%
Validation Loss: 0.5903, Validation Accuracy: 83.08%
[Epoch 17, Batch     2] loss: 0.000
[Epoch 17, Batch   102] loss: 0.027
Epoch 17/20:
Train Loss: 0.0067, Train Accuracy: 99.35%
Validation Loss: 0.3842, Validation Accuracy: 87.80%
[Epoch 18, Batch     2] loss: 0.000
[Epoch 18, Batch   102] loss: 0.011
Epoch 18/20:
Train Loss: 0.0052, Train Accuracy: 99.67%
Validation Loss: 0.3468, Validation Accuracy: 90.15%
[Epoch 19, Batch     2] loss: 0.000
[Epoch 19, Batch   102] loss: 0.010
Epoch 19/20:
Train Loss: 0.0065, Train Accuracy: 99.62%
Validation Loss: 0.3721, Validation Accuracy: 88.84%
[Epoch 20, Batch     2] loss: 0.000
[Epoch 20, Batch   102] loss: 0.005
Epoch 20/20:
Train Loss: 0.0118, Train Accuracy: 99.53%
Validation Loss: 0.8047, Validation Accuracy: 80.54%
Model saved to models/resnet18-MNIST-EVIDENCE-median-0.8-1
Modified conv1: updated in_channels to 1.
Modified fc layer: updated out_features to 10.
Initialized untrained model.
resnet18-MNIST-EVIDENCE-median-0.9-1
[Epoch 1, Batch     2] loss: 0.033
Epoch 1/20:
Train Loss: 0.1504, Train Accuracy: 95.30%
Validation Loss: 2.1734, Validation Accuracy: 40.60%
[Epoch 2, Batch     2] loss: 0.001
Epoch 2/20:
Train Loss: 0.0738, Train Accuracy: 97.88%
Validation Loss: 2.1404, Validation Accuracy: 45.31%
[Epoch 3, Batch     2] loss: 0.000
Epoch 3/20:
Train Loss: 0.0616, Train Accuracy: 98.25%
Validation Loss: 1.3018, Validation Accuracy: 63.05%
[Epoch 4, Batch     2] loss: 0.001
Epoch 4/20:
Train Loss: 0.0571, Train Accuracy: 98.34%
Validation Loss: 1.5731, Validation Accuracy: 51.53%
[Epoch 5, Batch     2] loss: 0.000
Epoch 5/20:
Train Loss: 0.0409, Train Accuracy: 98.77%
Validation Loss: 1.0866, Validation Accuracy: 64.99%
[Epoch 6, Batch     2] loss: 0.000
Epoch 6/20:
Train Loss: 0.0335, Train Accuracy: 98.91%
Validation Loss: 1.1991, Validation Accuracy: 71.00%
[Epoch 7, Batch     2] loss: 0.000
Epoch 7/20:
Train Loss: 0.0365, Train Accuracy: 98.99%
Validation Loss: 1.2254, Validation Accuracy: 69.77%
[Epoch 8, Batch     2] loss: 0.001
Epoch 8/20:
Train Loss: 0.0311, Train Accuracy: 99.08%
Validation Loss: 1.0173, Validation Accuracy: 71.21%
[Epoch 9, Batch     2] loss: 0.000
Epoch 9/20:
Train Loss: 0.0368, Train Accuracy: 98.84%
Validation Loss: 1.2600, Validation Accuracy: 65.93%
[Epoch 10, Batch     2] loss: 0.000
Epoch 10/20:
Train Loss: 0.0216, Train Accuracy: 99.38%
Validation Loss: 1.2870, Validation Accuracy: 63.08%
[Epoch 11, Batch     2] loss: 0.001
Epoch 11/20:
Train Loss: 0.0123, Train Accuracy: 99.58%
Validation Loss: 0.7030, Validation Accuracy: 78.82%
[Epoch 12, Batch     2] loss: 0.000
Epoch 12/20:
Train Loss: 0.0123, Train Accuracy: 99.43%
Validation Loss: 1.1294, Validation Accuracy: 68.76%
[Epoch 13, Batch     2] loss: 0.000
Epoch 13/20:
Train Loss: 0.0195, Train Accuracy: 99.28%
Validation Loss: 1.0868, Validation Accuracy: 72.17%
[Epoch 14, Batch     2] loss: 0.001
Epoch 14/20:
Train Loss: 0.0209, Train Accuracy: 99.36%
Validation Loss: 0.8408, Validation Accuracy: 76.39%
[Epoch 15, Batch     2] loss: 0.000
Epoch 15/20:
Train Loss: 0.0122, Train Accuracy: 99.68%
Validation Loss: 1.1351, Validation Accuracy: 71.27%
[Epoch 16, Batch     2] loss: 0.000
Epoch 16/20:
Train Loss: 0.0073, Train Accuracy: 99.82%
Validation Loss: 0.9912, Validation Accuracy: 76.03%
[Epoch 17, Batch     2] loss: 0.000
Epoch 17/20:
Train Loss: 0.0032, Train Accuracy: 99.90%
Validation Loss: 0.8366, Validation Accuracy: 79.35%
[Epoch 18, Batch     2] loss: 0.000
Epoch 18/20:
Train Loss: 0.0089, Train Accuracy: 99.71%
Validation Loss: 0.9252, Validation Accuracy: 76.61%
[Epoch 19, Batch     2] loss: 0.000
Epoch 19/20:
Train Loss: 0.0033, Train Accuracy: 99.90%
Validation Loss: 0.6780, Validation Accuracy: 81.65%
[Epoch 20, Batch     2] loss: 0.000
Epoch 20/20:
Train Loss: 0.0173, Train Accuracy: 99.53%
Validation Loss: 1.4971, Validation Accuracy: 66.28%
Model saved to models/resnet18-MNIST-EVIDENCE-median-0.9-1
Modified conv1: updated in_channels to 1.
Modified fc layer: updated out_features to 10.
Initialized untrained model.
resnet18-MNIST-EVIDENCE-median-0.95-1
[Epoch 1, Batch     2] loss: 0.033
Epoch 1/20:
Train Loss: 0.1960, Train Accuracy: 93.14%
Validation Loss: 2.5804, Validation Accuracy: 39.08%
[Epoch 2, Batch     2] loss: 0.004
Epoch 2/20:
Train Loss: 0.0953, Train Accuracy: 97.21%
Validation Loss: 2.5955, Validation Accuracy: 41.94%
[Epoch 3, Batch     2] loss: 0.003
Epoch 3/20:
Train Loss: 0.0663, Train Accuracy: 98.06%
Validation Loss: 1.9494, Validation Accuracy: 51.60%
[Epoch 4, Batch     2] loss: 0.001
Epoch 4/20:
Train Loss: 0.0645, Train Accuracy: 98.00%
Validation Loss: 1.7657, Validation Accuracy: 47.36%
[Epoch 5, Batch     2] loss: 0.001
Epoch 5/20:
Train Loss: 0.0476, Train Accuracy: 98.57%
Validation Loss: 1.2317, Validation Accuracy: 64.83%
[Epoch 6, Batch     2] loss: 0.000
Epoch 6/20:
Train Loss: 0.0289, Train Accuracy: 99.12%
Validation Loss: 1.2841, Validation Accuracy: 66.00%
[Epoch 7, Batch     2] loss: 0.002
Epoch 7/20:
Train Loss: 0.0221, Train Accuracy: 99.22%
Validation Loss: 1.0672, Validation Accuracy: 71.99%
[Epoch 8, Batch     2] loss: 0.000
Epoch 8/20:
Train Loss: 0.0191, Train Accuracy: 99.39%
Validation Loss: 1.6596, Validation Accuracy: 63.93%
[Epoch 9, Batch     2] loss: 0.001
Epoch 9/20:
Train Loss: 0.0306, Train Accuracy: 99.05%
Validation Loss: 1.7159, Validation Accuracy: 63.40%
[Epoch 10, Batch     2] loss: 0.001
Epoch 10/20:
Train Loss: 0.0309, Train Accuracy: 99.08%
Validation Loss: 1.4795, Validation Accuracy: 59.67%
[Epoch 11, Batch     2] loss: 0.001
Epoch 11/20:
Train Loss: 0.0091, Train Accuracy: 99.73%
Validation Loss: 0.9883, Validation Accuracy: 71.99%
[Epoch 12, Batch     2] loss: 0.000
Epoch 12/20:
Train Loss: 0.0110, Train Accuracy: 99.59%
Validation Loss: 1.0421, Validation Accuracy: 73.00%
[Epoch 13, Batch     2] loss: 0.000
Epoch 13/20:
Train Loss: 0.0043, Train Accuracy: 99.86%
Validation Loss: 1.1589, Validation Accuracy: 69.30%
[Epoch 14, Batch     2] loss: 0.000
Epoch 14/20:
Train Loss: 0.0188, Train Accuracy: 99.49%
Validation Loss: 2.3537, Validation Accuracy: 57.64%
[Epoch 15, Batch     2] loss: 0.000
Epoch 15/20:
Train Loss: 0.0276, Train Accuracy: 99.05%
Validation Loss: 1.5759, Validation Accuracy: 60.56%
[Epoch 16, Batch     2] loss: 0.000
Epoch 16/20:
Train Loss: 0.0349, Train Accuracy: 99.22%
Validation Loss: 1.0721, Validation Accuracy: 72.54%
[Epoch 17, Batch     2] loss: 0.000
Epoch 17/20:
Train Loss: 0.0153, Train Accuracy: 99.49%
Validation Loss: 1.1421, Validation Accuracy: 71.53%
[Epoch 18, Batch     2] loss: 0.000
Epoch 18/20:
Train Loss: 0.0174, Train Accuracy: 99.42%
Validation Loss: 1.1595, Validation Accuracy: 70.00%
[Epoch 19, Batch     2] loss: 0.000
Epoch 19/20:
Train Loss: 0.0060, Train Accuracy: 99.86%
Validation Loss: 1.2856, Validation Accuracy: 68.02%
[Epoch 20, Batch     2] loss: 0.000
Epoch 20/20:
Train Loss: 0.0014, Train Accuracy: 99.97%
Validation Loss: 0.9107, Validation Accuracy: 75.58%
Model saved to models/resnet18-MNIST-EVIDENCE-median-0.95-1
Modified conv1: updated in_channels to 1.
Modified fc layer: updated out_features to 10.
Loaded weights from file: models/resnet18_MNIST_E1_1
Modified conv1: updated in_channels to 1.
Modified fc layer: updated out_features to 10.
Initialized untrained model.
resnet18-MNIST-EVIDENCE-balanced_by_score1-0.3-1
[Epoch 1, Batch     2] loss: 0.044
[Epoch 1, Batch   102] loss: 0.330
[Epoch 1, Batch   202] loss: 0.172
[Epoch 1, Batch   302] loss: 0.163
[Epoch 1, Batch   402] loss: 0.105
[Epoch 1, Batch   502] loss: 0.114
[Epoch 1, Batch   602] loss: 0.092
Epoch 1/20:
Train Loss: 0.0088, Train Accuracy: 94.98%
Validation Loss: 0.0787, Validation Accuracy: 97.45%
[Epoch 2, Batch     2] loss: 0.002
[Epoch 2, Batch   102] loss: 0.065
[Epoch 2, Batch   202] loss: 0.090
[Epoch 2, Batch   302] loss: 0.069
[Epoch 2, Batch   402] loss: 0.080
[Epoch 2, Batch   502] loss: 0.086
[Epoch 2, Batch   602] loss: 0.068
Epoch 2/20:
Train Loss: 0.0079, Train Accuracy: 97.63%
Validation Loss: 0.1190, Validation Accuracy: 96.14%
[Epoch 3, Batch     2] loss: 0.001
[Epoch 3, Batch   102] loss: 0.055
[Epoch 3, Batch   202] loss: 0.057
[Epoch 3, Batch   302] loss: 0.058
[Epoch 3, Batch   402] loss: 0.059
[Epoch 3, Batch   502] loss: 0.056
[Epoch 3, Batch   602] loss: 0.062
Epoch 3/20:
Train Loss: 0.0055, Train Accuracy: 98.25%
Validation Loss: 0.0569, Validation Accuracy: 98.23%
[Epoch 4, Batch     2] loss: 0.002
[Epoch 4, Batch   102] loss: 0.048
[Epoch 4, Batch   202] loss: 0.041
[Epoch 4, Batch   302] loss: 0.051
[Epoch 4, Batch   402] loss: 0.059
[Epoch 4, Batch   502] loss: 0.048
[Epoch 4, Batch   602] loss: 0.055
Epoch 4/20:
Train Loss: 0.0051, Train Accuracy: 98.43%
Validation Loss: 0.0431, Validation Accuracy: 98.74%
[Epoch 5, Batch     2] loss: 0.001
[Epoch 5, Batch   102] loss: 0.046
[Epoch 5, Batch   202] loss: 0.041
[Epoch 5, Batch   302] loss: 0.046
[Epoch 5, Batch   402] loss: 0.043
[Epoch 5, Batch   502] loss: 0.044
[Epoch 5, Batch   602] loss: 0.047
Epoch 5/20:
Train Loss: 0.0049, Train Accuracy: 98.61%
Validation Loss: 0.0492, Validation Accuracy: 98.45%
[Epoch 6, Batch     2] loss: 0.001
[Epoch 6, Batch   102] loss: 0.024
[Epoch 6, Batch   202] loss: 0.036
[Epoch 6, Batch   302] loss: 0.048
[Epoch 6, Batch   402] loss: 0.045
[Epoch 6, Batch   502] loss: 0.047
[Epoch 6, Batch   602] loss: 0.041
Epoch 6/20:
Train Loss: 0.0024, Train Accuracy: 98.81%
Validation Loss: 0.0468, Validation Accuracy: 98.60%
[Epoch 7, Batch     2] loss: 0.000
[Epoch 7, Batch   102] loss: 0.029
[Epoch 7, Batch   202] loss: 0.042
[Epoch 7, Batch   302] loss: 0.045
[Epoch 7, Batch   402] loss: 0.040
[Epoch 7, Batch   502] loss: 0.036
[Epoch 7, Batch   602] loss: 0.039
Epoch 7/20:
Train Loss: 0.0046, Train Accuracy: 98.77%
Validation Loss: 0.0490, Validation Accuracy: 98.57%
[Epoch 8, Batch     2] loss: 0.000
[Epoch 8, Batch   102] loss: 0.030
[Epoch 8, Batch   202] loss: 0.028
[Epoch 8, Batch   302] loss: 0.036
[Epoch 8, Batch   402] loss: 0.034
[Epoch 8, Batch   502] loss: 0.035
[Epoch 8, Batch   602] loss: 0.029
Epoch 8/20:
Train Loss: 0.0031, Train Accuracy: 99.04%
Validation Loss: 0.0393, Validation Accuracy: 98.84%
[Epoch 9, Batch     2] loss: 0.001
[Epoch 9, Batch   102] loss: 0.027
[Epoch 9, Batch   202] loss: 0.032
[Epoch 9, Batch   302] loss: 0.029
[Epoch 9, Batch   402] loss: 0.040
[Epoch 9, Batch   502] loss: 0.036
[Epoch 9, Batch   602] loss: 0.042
Epoch 9/20:
Train Loss: 0.0030, Train Accuracy: 99.00%
Validation Loss: 0.0355, Validation Accuracy: 98.90%
[Epoch 10, Batch     2] loss: 0.000
[Epoch 10, Batch   102] loss: 0.033
[Epoch 10, Batch   202] loss: 0.036
[Epoch 10, Batch   302] loss: 0.030
[Epoch 10, Batch   402] loss: 0.035
[Epoch 10, Batch   502] loss: 0.028
[Epoch 10, Batch   602] loss: 0.024
Epoch 10/20:
Train Loss: 0.0027, Train Accuracy: 99.07%
Validation Loss: 0.0390, Validation Accuracy: 98.87%
[Epoch 11, Batch     2] loss: 0.000
[Epoch 11, Batch   102] loss: 0.029
[Epoch 11, Batch   202] loss: 0.026
[Epoch 11, Batch   302] loss: 0.043
[Epoch 11, Batch   402] loss: 0.028
[Epoch 11, Batch   502] loss: 0.030
[Epoch 11, Batch   602] loss: 0.033
Epoch 11/20:
Train Loss: 0.0022, Train Accuracy: 99.04%
Validation Loss: 0.0458, Validation Accuracy: 98.66%
[Epoch 12, Batch     2] loss: 0.000
[Epoch 12, Batch   102] loss: 0.024
[Epoch 12, Batch   202] loss: 0.028
[Epoch 12, Batch   302] loss: 0.023
[Epoch 12, Batch   402] loss: 0.037
[Epoch 12, Batch   502] loss: 0.021
[Epoch 12, Batch   602] loss: 0.029
Epoch 12/20:
Train Loss: 0.0019, Train Accuracy: 99.11%
Validation Loss: 0.0421, Validation Accuracy: 98.70%
[Epoch 13, Batch     2] loss: 0.001
[Epoch 13, Batch   102] loss: 0.024
[Epoch 13, Batch   202] loss: 0.018
[Epoch 13, Batch   302] loss: 0.026
[Epoch 13, Batch   402] loss: 0.025
[Epoch 13, Batch   502] loss: 0.020
[Epoch 13, Batch   602] loss: 0.025
Epoch 13/20:
Train Loss: 0.0027, Train Accuracy: 99.25%
Validation Loss: 0.0382, Validation Accuracy: 98.92%
[Epoch 14, Batch     2] loss: 0.000
[Epoch 14, Batch   102] loss: 0.022
[Epoch 14, Batch   202] loss: 0.021
[Epoch 14, Batch   302] loss: 0.034
[Epoch 14, Batch   402] loss: 0.020
[Epoch 14, Batch   502] loss: 0.022
[Epoch 14, Batch   602] loss: 0.029
Epoch 14/20:
Train Loss: 0.0020, Train Accuracy: 99.23%
Validation Loss: 0.0420, Validation Accuracy: 98.83%
[Epoch 15, Batch     2] loss: 0.000
[Epoch 15, Batch   102] loss: 0.010
[Epoch 15, Batch   202] loss: 0.021
[Epoch 15, Batch   302] loss: 0.015
[Epoch 15, Batch   402] loss: 0.022
[Epoch 15, Batch   502] loss: 0.022
[Epoch 15, Batch   602] loss: 0.021
Epoch 15/20:
Train Loss: 0.0020, Train Accuracy: 99.41%
Validation Loss: 0.0444, Validation Accuracy: 98.73%
[Epoch 16, Batch     2] loss: 0.000
[Epoch 16, Batch   102] loss: 0.030
[Epoch 16, Batch   202] loss: 0.026
[Epoch 16, Batch   302] loss: 0.016
[Epoch 16, Batch   402] loss: 0.021
[Epoch 16, Batch   502] loss: 0.021
[Epoch 16, Batch   602] loss: 0.023
Epoch 16/20:
Train Loss: 0.0022, Train Accuracy: 99.28%
Validation Loss: 0.0454, Validation Accuracy: 98.66%
[Epoch 17, Batch     2] loss: 0.001
[Epoch 17, Batch   102] loss: 0.019
[Epoch 17, Batch   202] loss: 0.015
[Epoch 17, Batch   302] loss: 0.018
[Epoch 17, Batch   402] loss: 0.019
[Epoch 17, Batch   502] loss: 0.017
[Epoch 17, Batch   602] loss: 0.019
Epoch 17/20:
Train Loss: 0.0019, Train Accuracy: 99.46%
Validation Loss: 0.0337, Validation Accuracy: 99.11%
[Epoch 18, Batch     2] loss: 0.000
[Epoch 18, Batch   102] loss: 0.014
[Epoch 18, Batch   202] loss: 0.021
[Epoch 18, Batch   302] loss: 0.022
[Epoch 18, Batch   402] loss: 0.030
[Epoch 18, Batch   502] loss: 0.012
[Epoch 18, Batch   602] loss: 0.017
Epoch 18/20:
Train Loss: 0.0026, Train Accuracy: 99.34%
Validation Loss: 0.0558, Validation Accuracy: 98.51%
[Epoch 19, Batch     2] loss: 0.001
[Epoch 19, Batch   102] loss: 0.016
[Epoch 19, Batch   202] loss: 0.018
[Epoch 19, Batch   302] loss: 0.022
[Epoch 19, Batch   402] loss: 0.019
[Epoch 19, Batch   502] loss: 0.021
[Epoch 19, Batch   602] loss: 0.014
Epoch 19/20:
Train Loss: 0.0013, Train Accuracy: 99.43%
Validation Loss: 0.0244, Validation Accuracy: 99.31%
[Epoch 20, Batch     2] loss: 0.000
[Epoch 20, Batch   102] loss: 0.008
[Epoch 20, Batch   202] loss: 0.009
[Epoch 20, Batch   302] loss: 0.021
[Epoch 20, Batch   402] loss: 0.025
[Epoch 20, Batch   502] loss: 0.018
[Epoch 20, Batch   602] loss: 0.021
Epoch 20/20:
Train Loss: 0.0014, Train Accuracy: 99.49%
Validation Loss: 0.0513, Validation Accuracy: 98.68%
Model saved to models/resnet18-MNIST-EVIDENCE-balanced_by_score1-0.3-1
Modified conv1: updated in_channels to 1.
Modified fc layer: updated out_features to 10.
Initialized untrained model.
resnet18-MNIST-EVIDENCE-balanced_by_score1-0.5-1
[Epoch 1, Batch     2] loss: 0.041
[Epoch 1, Batch   102] loss: 0.347
[Epoch 1, Batch   202] loss: 0.177
[Epoch 1, Batch   302] loss: 0.159
[Epoch 1, Batch   402] loss: 0.135
Epoch 1/20:
Train Loss: 0.0165, Train Accuracy: 93.83%
Validation Loss: 0.0643, Validation Accuracy: 97.96%
[Epoch 2, Batch     2] loss: 0.001
[Epoch 2, Batch   102] loss: 0.085
[Epoch 2, Batch   202] loss: 0.095
[Epoch 2, Batch   302] loss: 0.083
[Epoch 2, Batch   402] loss: 0.075
Epoch 2/20:
Train Loss: 0.0113, Train Accuracy: 97.44%
Validation Loss: 0.0670, Validation Accuracy: 97.98%
[Epoch 3, Batch     2] loss: 0.000
[Epoch 3, Batch   102] loss: 0.062
[Epoch 3, Batch   202] loss: 0.061
[Epoch 3, Batch   302] loss: 0.076
[Epoch 3, Batch   402] loss: 0.056
Epoch 3/20:
Train Loss: 0.0092, Train Accuracy: 98.00%
Validation Loss: 0.0436, Validation Accuracy: 98.61%
[Epoch 4, Batch     2] loss: 0.001
[Epoch 4, Batch   102] loss: 0.048
[Epoch 4, Batch   202] loss: 0.047
[Epoch 4, Batch   302] loss: 0.066
[Epoch 4, Batch   402] loss: 0.051
Epoch 4/20:
Train Loss: 0.0090, Train Accuracy: 98.33%
Validation Loss: 0.0632, Validation Accuracy: 98.00%
[Epoch 5, Batch     2] loss: 0.001
[Epoch 5, Batch   102] loss: 0.038
[Epoch 5, Batch   202] loss: 0.060
[Epoch 5, Batch   302] loss: 0.042
[Epoch 5, Batch   402] loss: 0.047
Epoch 5/20:
Train Loss: 0.0065, Train Accuracy: 98.52%
Validation Loss: 0.0600, Validation Accuracy: 98.11%
[Epoch 6, Batch     2] loss: 0.003
[Epoch 6, Batch   102] loss: 0.036
[Epoch 6, Batch   202] loss: 0.034
[Epoch 6, Batch   302] loss: 0.035
[Epoch 6, Batch   402] loss: 0.046
Epoch 6/20:
Train Loss: 0.0066, Train Accuracy: 98.81%
Validation Loss: 0.0370, Validation Accuracy: 98.89%
[Epoch 7, Batch     2] loss: 0.001
[Epoch 7, Batch   102] loss: 0.032
[Epoch 7, Batch   202] loss: 0.050
[Epoch 7, Batch   302] loss: 0.037
[Epoch 7, Batch   402] loss: 0.032
Epoch 7/20:
Train Loss: 0.0071, Train Accuracy: 98.80%
Validation Loss: 0.0517, Validation Accuracy: 98.25%
[Epoch 8, Batch     2] loss: 0.000
[Epoch 8, Batch   102] loss: 0.032
[Epoch 8, Batch   202] loss: 0.029
[Epoch 8, Batch   302] loss: 0.042
[Epoch 8, Batch   402] loss: 0.038
Epoch 8/20:
Train Loss: 0.0039, Train Accuracy: 98.92%
Validation Loss: 0.0507, Validation Accuracy: 98.62%
[Epoch 9, Batch     2] loss: 0.001
[Epoch 9, Batch   102] loss: 0.023
[Epoch 9, Batch   202] loss: 0.024
[Epoch 9, Batch   302] loss: 0.035
[Epoch 9, Batch   402] loss: 0.039
Epoch 9/20:
Train Loss: 0.0063, Train Accuracy: 99.04%
Validation Loss: 0.0472, Validation Accuracy: 98.75%
[Epoch 10, Batch     2] loss: 0.000
[Epoch 10, Batch   102] loss: 0.025
[Epoch 10, Batch   202] loss: 0.033
[Epoch 10, Batch   302] loss: 0.046
[Epoch 10, Batch   402] loss: 0.033
Epoch 10/20:
Train Loss: 0.0032, Train Accuracy: 98.94%
Validation Loss: 0.0559, Validation Accuracy: 98.31%
[Epoch 11, Batch     2] loss: 0.000
[Epoch 11, Batch   102] loss: 0.021
[Epoch 11, Batch   202] loss: 0.036
[Epoch 11, Batch   302] loss: 0.026
[Epoch 11, Batch   402] loss: 0.037
Epoch 11/20:
Train Loss: 0.0049, Train Accuracy: 99.01%
Validation Loss: 0.0456, Validation Accuracy: 98.74%
[Epoch 12, Batch     2] loss: 0.001
[Epoch 12, Batch   102] loss: 0.017
[Epoch 12, Batch   202] loss: 0.028
[Epoch 12, Batch   302] loss: 0.024
[Epoch 12, Batch   402] loss: 0.031
Epoch 12/20:
Train Loss: 0.0052, Train Accuracy: 99.15%
Validation Loss: 0.0620, Validation Accuracy: 98.22%
[Epoch 13, Batch     2] loss: 0.001
[Epoch 13, Batch   102] loss: 0.019
[Epoch 13, Batch   202] loss: 0.025
[Epoch 13, Batch   302] loss: 0.026
[Epoch 13, Batch   402] loss: 0.027
Epoch 13/20:
Train Loss: 0.0038, Train Accuracy: 99.30%
Validation Loss: 0.0307, Validation Accuracy: 99.09%
[Epoch 14, Batch     2] loss: 0.000
[Epoch 14, Batch   102] loss: 0.019
[Epoch 14, Batch   202] loss: 0.016
[Epoch 14, Batch   302] loss: 0.022
[Epoch 14, Batch   402] loss: 0.032
Epoch 14/20:
Train Loss: 0.0035, Train Accuracy: 99.31%
Validation Loss: 0.0471, Validation Accuracy: 98.73%
[Epoch 15, Batch     2] loss: 0.000
[Epoch 15, Batch   102] loss: 0.022
[Epoch 15, Batch   202] loss: 0.019
[Epoch 15, Batch   302] loss: 0.020
[Epoch 15, Batch   402] loss: 0.028
Epoch 15/20:
Train Loss: 0.0042, Train Accuracy: 99.30%
Validation Loss: 0.0424, Validation Accuracy: 98.81%
[Epoch 16, Batch     2] loss: 0.000
[Epoch 16, Batch   102] loss: 0.023
[Epoch 16, Batch   202] loss: 0.015
[Epoch 16, Batch   302] loss: 0.026
[Epoch 16, Batch   402] loss: 0.023
Epoch 16/20:
Train Loss: 0.0039, Train Accuracy: 99.31%
Validation Loss: 0.0504, Validation Accuracy: 98.55%
[Epoch 17, Batch     2] loss: 0.000
[Epoch 17, Batch   102] loss: 0.020
[Epoch 17, Batch   202] loss: 0.016
[Epoch 17, Batch   302] loss: 0.014
[Epoch 17, Batch   402] loss: 0.023
Epoch 17/20:
Train Loss: 0.0037, Train Accuracy: 99.39%
Validation Loss: 0.0454, Validation Accuracy: 98.74%
[Epoch 18, Batch     2] loss: 0.000
[Epoch 18, Batch   102] loss: 0.020
[Epoch 18, Batch   202] loss: 0.025
[Epoch 18, Batch   302] loss: 0.019
[Epoch 18, Batch   402] loss: 0.019
Epoch 18/20:
Train Loss: 0.0040, Train Accuracy: 99.32%
Validation Loss: 0.0373, Validation Accuracy: 98.83%
[Epoch 19, Batch     2] loss: 0.000
[Epoch 19, Batch   102] loss: 0.012
[Epoch 19, Batch   202] loss: 0.024
[Epoch 19, Batch   302] loss: 0.018
[Epoch 19, Batch   402] loss: 0.009
Epoch 19/20:
Train Loss: 0.0019, Train Accuracy: 99.53%
Validation Loss: 0.0513, Validation Accuracy: 98.47%
[Epoch 20, Batch     2] loss: 0.000
[Epoch 20, Batch   102] loss: 0.020
[Epoch 20, Batch   202] loss: 0.017
[Epoch 20, Batch   302] loss: 0.013
[Epoch 20, Batch   402] loss: 0.014
Epoch 20/20:
Train Loss: 0.0032, Train Accuracy: 99.49%
Validation Loss: 0.0419, Validation Accuracy: 98.86%
Model saved to models/resnet18-MNIST-EVIDENCE-balanced_by_score1-0.5-1
Modified conv1: updated in_channels to 1.
Modified fc layer: updated out_features to 10.
Initialized untrained model.
resnet18-MNIST-EVIDENCE-balanced_by_score1-0.7-1
[Epoch 1, Batch     2] loss: 0.042
[Epoch 1, Batch   102] loss: 0.359
[Epoch 1, Batch   202] loss: 0.181
Epoch 1/20:
Train Loss: 0.0446, Train Accuracy: 92.33%
Validation Loss: 0.1269, Validation Accuracy: 96.24%
[Epoch 2, Batch     2] loss: 0.003
[Epoch 2, Batch   102] loss: 0.109
[Epoch 2, Batch   202] loss: 0.095
Epoch 2/20:
Train Loss: 0.0301, Train Accuracy: 96.72%
Validation Loss: 0.0722, Validation Accuracy: 97.68%
[Epoch 3, Batch     2] loss: 0.001
[Epoch 3, Batch   102] loss: 0.073
[Epoch 3, Batch   202] loss: 0.081
Epoch 3/20:
Train Loss: 0.0223, Train Accuracy: 97.64%
Validation Loss: 0.0822, Validation Accuracy: 97.51%
[Epoch 4, Batch     2] loss: 0.001
[Epoch 4, Batch   102] loss: 0.058
[Epoch 4, Batch   202] loss: 0.068
Epoch 4/20:
Train Loss: 0.0174, Train Accuracy: 98.03%
Validation Loss: 0.0647, Validation Accuracy: 97.92%
[Epoch 5, Batch     2] loss: 0.002
[Epoch 5, Batch   102] loss: 0.051
[Epoch 5, Batch   202] loss: 0.054
Epoch 5/20:
Train Loss: 0.0143, Train Accuracy: 98.46%
Validation Loss: 0.0873, Validation Accuracy: 97.29%
[Epoch 6, Batch     2] loss: 0.001
[Epoch 6, Batch   102] loss: 0.052
[Epoch 6, Batch   202] loss: 0.035
Epoch 6/20:
Train Loss: 0.0095, Train Accuracy: 98.78%
Validation Loss: 0.0714, Validation Accuracy: 97.96%
[Epoch 7, Batch     2] loss: 0.000
[Epoch 7, Batch   102] loss: 0.029
[Epoch 7, Batch   202] loss: 0.048
Epoch 7/20:
Train Loss: 0.0108, Train Accuracy: 98.82%
Validation Loss: 0.0835, Validation Accuracy: 97.78%
[Epoch 8, Batch     2] loss: 0.000
[Epoch 8, Batch   102] loss: 0.044
[Epoch 8, Batch   202] loss: 0.047
Epoch 8/20:
Train Loss: 0.0094, Train Accuracy: 98.64%
Validation Loss: 0.0477, Validation Accuracy: 98.59%
[Epoch 9, Batch     2] loss: 0.000
[Epoch 9, Batch   102] loss: 0.047
[Epoch 9, Batch   202] loss: 0.040
Epoch 9/20:
Train Loss: 0.0065, Train Accuracy: 98.80%
Validation Loss: 0.0676, Validation Accuracy: 97.95%
[Epoch 10, Batch     2] loss: 0.001
[Epoch 10, Batch   102] loss: 0.025
[Epoch 10, Batch   202] loss: 0.026
Epoch 10/20:
Train Loss: 0.0134, Train Accuracy: 99.07%
Validation Loss: 0.0713, Validation Accuracy: 98.02%
[Epoch 11, Batch     2] loss: 0.001
[Epoch 11, Batch   102] loss: 0.031
[Epoch 11, Batch   202] loss: 0.025
Epoch 11/20:
Train Loss: 0.0107, Train Accuracy: 99.03%
Validation Loss: 0.0492, Validation Accuracy: 98.62%
[Epoch 12, Batch     2] loss: 0.000
[Epoch 12, Batch   102] loss: 0.020
[Epoch 12, Batch   202] loss: 0.023
Epoch 12/20:
Train Loss: 0.0092, Train Accuracy: 99.18%
Validation Loss: 0.0462, Validation Accuracy: 98.70%
[Epoch 13, Batch     2] loss: 0.001
[Epoch 13, Batch   102] loss: 0.023
[Epoch 13, Batch   202] loss: 0.036
Epoch 13/20:
Train Loss: 0.0103, Train Accuracy: 99.06%
Validation Loss: 0.0617, Validation Accuracy: 98.24%
[Epoch 14, Batch     2] loss: 0.001
[Epoch 14, Batch   102] loss: 0.022
[Epoch 14, Batch   202] loss: 0.025
Epoch 14/20:
Train Loss: 0.0083, Train Accuracy: 99.32%
Validation Loss: 0.0481, Validation Accuracy: 98.58%
[Epoch 15, Batch     2] loss: 0.000
[Epoch 15, Batch   102] loss: 0.021
[Epoch 15, Batch   202] loss: 0.031
Epoch 15/20:
Train Loss: 0.0061, Train Accuracy: 99.26%
Validation Loss: 0.0564, Validation Accuracy: 98.33%
[Epoch 16, Batch     2] loss: 0.000
[Epoch 16, Batch   102] loss: 0.023
[Epoch 16, Batch   202] loss: 0.032
Epoch 16/20:
Train Loss: 0.0097, Train Accuracy: 99.04%
Validation Loss: 0.0607, Validation Accuracy: 98.27%
[Epoch 17, Batch     2] loss: 0.001
[Epoch 17, Batch   102] loss: 0.019
[Epoch 17, Batch   202] loss: 0.018
Epoch 17/20:
Train Loss: 0.0083, Train Accuracy: 99.33%
Validation Loss: 0.0543, Validation Accuracy: 98.43%
[Epoch 18, Batch     2] loss: 0.000
[Epoch 18, Batch   102] loss: 0.026
[Epoch 18, Batch   202] loss: 0.023
Epoch 18/20:
Train Loss: 0.0055, Train Accuracy: 99.24%
Validation Loss: 0.0726, Validation Accuracy: 98.05%
[Epoch 19, Batch     2] loss: 0.001
[Epoch 19, Batch   102] loss: 0.024
[Epoch 19, Batch   202] loss: 0.021
Epoch 19/20:
Train Loss: 0.0040, Train Accuracy: 99.35%
Validation Loss: 0.0405, Validation Accuracy: 98.90%
[Epoch 20, Batch     2] loss: 0.000
[Epoch 20, Batch   102] loss: 0.015
[Epoch 20, Batch   202] loss: 0.016
Epoch 20/20:
Train Loss: 0.0069, Train Accuracy: 99.42%
Validation Loss: 0.0429, Validation Accuracy: 98.83%
Model saved to models/resnet18-MNIST-EVIDENCE-balanced_by_score1-0.7-1
Modified conv1: updated in_channels to 1.
Modified fc layer: updated out_features to 10.
Initialized untrained model.
resnet18-MNIST-EVIDENCE-balanced_by_score1-0.8-1
[Epoch 1, Batch     2] loss: 0.043
[Epoch 1, Batch   102] loss: 0.330
Epoch 1/20:
Train Loss: 0.0814, Train Accuracy: 91.30%
Validation Loss: 0.1355, Validation Accuracy: 95.92%
[Epoch 2, Batch     2] loss: 0.001
[Epoch 2, Batch   102] loss: 0.106
Epoch 2/20:
Train Loss: 0.0574, Train Accuracy: 96.30%
Validation Loss: 0.1087, Validation Accuracy: 96.57%
[Epoch 3, Batch     2] loss: 0.004
[Epoch 3, Batch   102] loss: 0.086
Epoch 3/20:
Train Loss: 0.0408, Train Accuracy: 97.24%
Validation Loss: 0.0775, Validation Accuracy: 97.71%
[Epoch 4, Batch     2] loss: 0.002
[Epoch 4, Batch   102] loss: 0.060
Epoch 4/20:
Train Loss: 0.0348, Train Accuracy: 97.96%
Validation Loss: 0.0777, Validation Accuracy: 97.57%
[Epoch 5, Batch     2] loss: 0.001
[Epoch 5, Batch   102] loss: 0.053
Epoch 5/20:
Train Loss: 0.0324, Train Accuracy: 98.10%
Validation Loss: 0.0806, Validation Accuracy: 97.50%
[Epoch 6, Batch     2] loss: 0.000
[Epoch 6, Batch   102] loss: 0.050
Epoch 6/20:
Train Loss: 0.0270, Train Accuracy: 98.23%
Validation Loss: 0.0718, Validation Accuracy: 98.10%
[Epoch 7, Batch     2] loss: 0.001
[Epoch 7, Batch   102] loss: 0.036
Epoch 7/20:
Train Loss: 0.0201, Train Accuracy: 98.72%
Validation Loss: 0.0588, Validation Accuracy: 98.21%
[Epoch 8, Batch     2] loss: 0.001
[Epoch 8, Batch   102] loss: 0.032
Epoch 8/20:
Train Loss: 0.0184, Train Accuracy: 98.83%
Validation Loss: 0.1072, Validation Accuracy: 96.79%
[Epoch 9, Batch     2] loss: 0.002
[Epoch 9, Batch   102] loss: 0.030
Epoch 9/20:
Train Loss: 0.0185, Train Accuracy: 98.84%
Validation Loss: 0.0626, Validation Accuracy: 98.00%
[Epoch 10, Batch     2] loss: 0.001
[Epoch 10, Batch   102] loss: 0.035
Epoch 10/20:
Train Loss: 0.0147, Train Accuracy: 98.89%
Validation Loss: 0.0723, Validation Accuracy: 97.99%
[Epoch 11, Batch     2] loss: 0.000
[Epoch 11, Batch   102] loss: 0.029
Epoch 11/20:
Train Loss: 0.0198, Train Accuracy: 98.96%
Validation Loss: 0.0584, Validation Accuracy: 98.40%
[Epoch 12, Batch     2] loss: 0.001
[Epoch 12, Batch   102] loss: 0.021
Epoch 12/20:
Train Loss: 0.0213, Train Accuracy: 98.94%
Validation Loss: 0.0711, Validation Accuracy: 97.94%
[Epoch 13, Batch     2] loss: 0.001
[Epoch 13, Batch   102] loss: 0.027
Epoch 13/20:
Train Loss: 0.0140, Train Accuracy: 99.04%
Validation Loss: 0.0987, Validation Accuracy: 97.28%
[Epoch 14, Batch     2] loss: 0.000
[Epoch 14, Batch   102] loss: 0.020
Epoch 14/20:
Train Loss: 0.0177, Train Accuracy: 99.10%
Validation Loss: 0.0732, Validation Accuracy: 98.01%
[Epoch 15, Batch     2] loss: 0.001
[Epoch 15, Batch   102] loss: 0.018
Epoch 15/20:
Train Loss: 0.0084, Train Accuracy: 99.41%
Validation Loss: 0.0669, Validation Accuracy: 97.91%
[Epoch 16, Batch     2] loss: 0.000
[Epoch 16, Batch   102] loss: 0.013
Epoch 16/20:
Train Loss: 0.0145, Train Accuracy: 99.32%
Validation Loss: 0.0580, Validation Accuracy: 98.25%
[Epoch 17, Batch     2] loss: 0.001
[Epoch 17, Batch   102] loss: 0.025
Epoch 17/20:
Train Loss: 0.0123, Train Accuracy: 99.20%
Validation Loss: 0.0565, Validation Accuracy: 98.35%
[Epoch 18, Batch     2] loss: 0.000
[Epoch 18, Batch   102] loss: 0.013
Epoch 18/20:
Train Loss: 0.0101, Train Accuracy: 99.59%
Validation Loss: 0.0677, Validation Accuracy: 98.04%
[Epoch 19, Batch     2] loss: 0.001
[Epoch 19, Batch   102] loss: 0.024
Epoch 19/20:
Train Loss: 0.0192, Train Accuracy: 98.93%
Validation Loss: 0.0654, Validation Accuracy: 98.13%
[Epoch 20, Batch     2] loss: 0.000
[Epoch 20, Batch   102] loss: 0.026
Epoch 20/20:
Train Loss: 0.0084, Train Accuracy: 99.27%
Validation Loss: 0.0985, Validation Accuracy: 97.46%
Model saved to models/resnet18-MNIST-EVIDENCE-balanced_by_score1-0.8-1
Modified conv1: updated in_channels to 1.
Modified fc layer: updated out_features to 10.
Initialized untrained model.
resnet18-MNIST-EVIDENCE-balanced_by_score1-0.9-1
[Epoch 1, Batch     2] loss: 0.041
Epoch 1/20:
Train Loss: 0.3565, Train Accuracy: 87.28%
Validation Loss: 0.1849, Validation Accuracy: 93.71%
[Epoch 2, Batch     2] loss: 0.004
Epoch 2/20:
Train Loss: 0.1523, Train Accuracy: 94.82%
Validation Loss: 0.1750, Validation Accuracy: 94.65%
[Epoch 3, Batch     2] loss: 0.002
Epoch 3/20:
Train Loss: 0.1265, Train Accuracy: 95.86%
Validation Loss: 0.1484, Validation Accuracy: 95.50%
[Epoch 4, Batch     2] loss: 0.001
Epoch 4/20:
Train Loss: 0.0794, Train Accuracy: 97.45%
Validation Loss: 0.2107, Validation Accuracy: 93.87%
[Epoch 5, Batch     2] loss: 0.002
Epoch 5/20:
Train Loss: 0.0679, Train Accuracy: 97.81%
Validation Loss: 0.2418, Validation Accuracy: 93.79%
[Epoch 6, Batch     2] loss: 0.002
Epoch 6/20:
Train Loss: 0.0804, Train Accuracy: 97.33%
Validation Loss: 0.0934, Validation Accuracy: 97.10%
[Epoch 7, Batch     2] loss: 0.001
Epoch 7/20:
Train Loss: 0.0524, Train Accuracy: 98.18%
Validation Loss: 0.0802, Validation Accuracy: 97.57%
[Epoch 8, Batch     2] loss: 0.000
Epoch 8/20:
Train Loss: 0.0498, Train Accuracy: 98.35%
Validation Loss: 0.0896, Validation Accuracy: 97.35%
[Epoch 9, Batch     2] loss: 0.001
Epoch 9/20:
Train Loss: 0.0389, Train Accuracy: 98.68%
Validation Loss: 0.0903, Validation Accuracy: 97.38%
[Epoch 10, Batch     2] loss: 0.000
Epoch 10/20:
Train Loss: 0.0441, Train Accuracy: 98.52%
Validation Loss: 0.1586, Validation Accuracy: 95.66%
[Epoch 11, Batch     2] loss: 0.001
Epoch 11/20:
Train Loss: 0.0361, Train Accuracy: 98.73%
Validation Loss: 0.1240, Validation Accuracy: 96.52%
[Epoch 12, Batch     2] loss: 0.001
Epoch 12/20:
Train Loss: 0.0489, Train Accuracy: 98.45%
Validation Loss: 0.1876, Validation Accuracy: 94.78%
[Epoch 13, Batch     2] loss: 0.001
Epoch 13/20:
Train Loss: 0.0382, Train Accuracy: 98.66%
Validation Loss: 0.0795, Validation Accuracy: 97.48%
[Epoch 14, Batch     2] loss: 0.002
Epoch 14/20:
Train Loss: 0.0241, Train Accuracy: 99.15%
Validation Loss: 0.0645, Validation Accuracy: 98.35%
[Epoch 15, Batch     2] loss: 0.001
Epoch 15/20:
Train Loss: 0.0088, Train Accuracy: 99.69%
Validation Loss: 0.0638, Validation Accuracy: 98.15%
[Epoch 16, Batch     2] loss: 0.000
Epoch 16/20:
Train Loss: 0.0176, Train Accuracy: 99.49%
Validation Loss: 0.2995, Validation Accuracy: 93.62%
[Epoch 17, Batch     2] loss: 0.000
Epoch 17/20:
Train Loss: 0.0393, Train Accuracy: 98.69%
Validation Loss: 0.1153, Validation Accuracy: 96.51%
[Epoch 18, Batch     2] loss: 0.000
Epoch 18/20:
Train Loss: 0.0259, Train Accuracy: 99.20%
Validation Loss: 0.1260, Validation Accuracy: 96.78%
[Epoch 19, Batch     2] loss: 0.000
Epoch 19/20:
Train Loss: 0.0266, Train Accuracy: 99.13%
Validation Loss: 0.1283, Validation Accuracy: 96.58%
[Epoch 20, Batch     2] loss: 0.000
Epoch 20/20:
Train Loss: 0.0222, Train Accuracy: 99.29%
Validation Loss: 0.0718, Validation Accuracy: 97.91%
Model saved to models/resnet18-MNIST-EVIDENCE-balanced_by_score1-0.9-1
Modified conv1: updated in_channels to 1.
Modified fc layer: updated out_features to 10.
Initialized untrained model.
resnet18-MNIST-EVIDENCE-balanced_by_score1-0.95-1
[Epoch 1, Batch     2] loss: 0.040
Epoch 1/20:
Train Loss: 0.4539, Train Accuracy: 83.32%
Validation Loss: 0.3732, Validation Accuracy: 88.05%
[Epoch 2, Batch     2] loss: 0.004
Epoch 2/20:
Train Loss: 0.1811, Train Accuracy: 94.09%
Validation Loss: 0.2818, Validation Accuracy: 91.28%
[Epoch 3, Batch     2] loss: 0.003
Epoch 3/20:
Train Loss: 0.1197, Train Accuracy: 95.96%
Validation Loss: 0.4602, Validation Accuracy: 87.72%
[Epoch 4, Batch     2] loss: 0.002
Epoch 4/20:
Train Loss: 0.0784, Train Accuracy: 97.25%
Validation Loss: 0.1887, Validation Accuracy: 94.58%
[Epoch 5, Batch     2] loss: 0.000
Epoch 5/20:
Train Loss: 0.0593, Train Accuracy: 98.10%
Validation Loss: 0.3139, Validation Accuracy: 90.89%
[Epoch 6, Batch     2] loss: 0.001
Epoch 6/20:
Train Loss: 0.0638, Train Accuracy: 98.06%
Validation Loss: 0.2014, Validation Accuracy: 94.39%
[Epoch 7, Batch     2] loss: 0.001
Epoch 7/20:
Train Loss: 0.0574, Train Accuracy: 98.13%
Validation Loss: 0.3041, Validation Accuracy: 92.03%
[Epoch 8, Batch     2] loss: 0.001
Epoch 8/20:
Train Loss: 0.0427, Train Accuracy: 98.37%
Validation Loss: 0.2736, Validation Accuracy: 92.50%
[Epoch 9, Batch     2] loss: 0.001
Epoch 9/20:
Train Loss: 0.0573, Train Accuracy: 97.89%
Validation Loss: 0.2146, Validation Accuracy: 94.22%
[Epoch 10, Batch     2] loss: 0.001
Epoch 10/20:
Train Loss: 0.0450, Train Accuracy: 98.51%
Validation Loss: 0.2460, Validation Accuracy: 93.29%
[Epoch 11, Batch     2] loss: 0.000
Epoch 11/20:
Train Loss: 0.0432, Train Accuracy: 98.57%
Validation Loss: 0.1474, Validation Accuracy: 95.88%
[Epoch 12, Batch     2] loss: 0.001
Epoch 12/20:
Train Loss: 0.0394, Train Accuracy: 98.54%
Validation Loss: 0.1803, Validation Accuracy: 94.94%
[Epoch 13, Batch     2] loss: 0.000
Epoch 13/20:
Train Loss: 0.0135, Train Accuracy: 99.63%
Validation Loss: 0.1400, Validation Accuracy: 96.06%
[Epoch 14, Batch     2] loss: 0.000
Epoch 14/20:
Train Loss: 0.0145, Train Accuracy: 99.52%
Validation Loss: 0.1675, Validation Accuracy: 95.76%
[Epoch 15, Batch     2] loss: 0.000
Epoch 15/20:
Train Loss: 0.0168, Train Accuracy: 99.42%
Validation Loss: 0.1938, Validation Accuracy: 95.01%
[Epoch 16, Batch     2] loss: 0.000
Epoch 16/20:
Train Loss: 0.0301, Train Accuracy: 99.05%
Validation Loss: 0.1370, Validation Accuracy: 96.42%
[Epoch 17, Batch     2] loss: 0.000
Epoch 17/20:
Train Loss: 0.0400, Train Accuracy: 98.95%
Validation Loss: 0.2349, Validation Accuracy: 94.12%
[Epoch 18, Batch     2] loss: 0.001
Epoch 18/20:
Train Loss: 0.0325, Train Accuracy: 98.91%
Validation Loss: 0.1850, Validation Accuracy: 95.33%
[Epoch 19, Batch     2] loss: 0.000
Epoch 19/20:
Train Loss: 0.0190, Train Accuracy: 99.25%
Validation Loss: 0.1188, Validation Accuracy: 96.72%
[Epoch 20, Batch     2] loss: 0.000
Epoch 20/20:
Train Loss: 0.0221, Train Accuracy: 99.22%
Validation Loss: 0.1995, Validation Accuracy: 95.12%
Model saved to models/resnet18-MNIST-EVIDENCE-balanced_by_score1-0.95-1
Modified conv1: updated in_channels to 1.
Modified fc layer: updated out_features to 10.
Loaded weights from file: models/resnet18_MNIST_E1_1
Modified conv1: updated in_channels to 1.
Modified fc layer: updated out_features to 10.
Initialized untrained model.
resnet18-MNIST-BELIEF-balanced_by_score-0.3-1
[Epoch 1, Batch     2] loss: 0.041
[Epoch 1, Batch   102] loss: 0.341
[Epoch 1, Batch   202] loss: 0.182
[Epoch 1, Batch   302] loss: 0.153
[Epoch 1, Batch   402] loss: 0.127
[Epoch 1, Batch   502] loss: 0.102
[Epoch 1, Batch   602] loss: 0.112
Epoch 1/20:
Train Loss: 0.0083, Train Accuracy: 94.84%
Validation Loss: 0.3021, Validation Accuracy: 90.21%
[Epoch 2, Batch     2] loss: 0.002
[Epoch 2, Batch   102] loss: 0.086
[Epoch 2, Batch   202] loss: 0.078
[Epoch 2, Batch   302] loss: 0.074
[Epoch 2, Batch   402] loss: 0.090
[Epoch 2, Batch   502] loss: 0.065
[Epoch 2, Batch   602] loss: 0.065
Epoch 2/20:
Train Loss: 0.0060, Train Accuracy: 97.74%
Validation Loss: 0.0691, Validation Accuracy: 97.86%
[Epoch 3, Batch     2] loss: 0.000
[Epoch 3, Batch   102] loss: 0.056
[Epoch 3, Batch   202] loss: 0.059
[Epoch 3, Batch   302] loss: 0.062
[Epoch 3, Batch   402] loss: 0.064
[Epoch 3, Batch   502] loss: 0.049
[Epoch 3, Batch   602] loss: 0.061
Epoch 3/20:
Train Loss: 0.0050, Train Accuracy: 98.30%
Validation Loss: 0.0442, Validation Accuracy: 98.65%
[Epoch 4, Batch     2] loss: 0.000
[Epoch 4, Batch   102] loss: 0.047
[Epoch 4, Batch   202] loss: 0.050
[Epoch 4, Batch   302] loss: 0.045
[Epoch 4, Batch   402] loss: 0.044
[Epoch 4, Batch   502] loss: 0.053
[Epoch 4, Batch   602] loss: 0.056
Epoch 4/20:
Train Loss: 0.0047, Train Accuracy: 98.49%
Validation Loss: 0.0460, Validation Accuracy: 98.60%
[Epoch 5, Batch     2] loss: 0.000
[Epoch 5, Batch   102] loss: 0.037
[Epoch 5, Batch   202] loss: 0.038
[Epoch 5, Batch   302] loss: 0.050
[Epoch 5, Batch   402] loss: 0.041
[Epoch 5, Batch   502] loss: 0.044
[Epoch 5, Batch   602] loss: 0.053
Epoch 5/20:
Train Loss: 0.0044, Train Accuracy: 98.61%
Validation Loss: 0.0459, Validation Accuracy: 98.64%
[Epoch 6, Batch     2] loss: 0.001
[Epoch 6, Batch   102] loss: 0.041
[Epoch 6, Batch   202] loss: 0.040
[Epoch 6, Batch   302] loss: 0.030
[Epoch 6, Batch   402] loss: 0.040
[Epoch 6, Batch   502] loss: 0.040
[Epoch 6, Batch   602] loss: 0.048
Epoch 6/20:
Train Loss: 0.0033, Train Accuracy: 98.77%
Validation Loss: 0.0422, Validation Accuracy: 98.65%
[Epoch 7, Batch     2] loss: 0.000
[Epoch 7, Batch   102] loss: 0.034
[Epoch 7, Batch   202] loss: 0.029
[Epoch 7, Batch   302] loss: 0.033
[Epoch 7, Batch   402] loss: 0.041
[Epoch 7, Batch   502] loss: 0.037
[Epoch 7, Batch   602] loss: 0.052
Epoch 7/20:
Train Loss: 0.0039, Train Accuracy: 98.86%
Validation Loss: 0.0532, Validation Accuracy: 98.38%
[Epoch 8, Batch     2] loss: 0.001
[Epoch 8, Batch   102] loss: 0.025
[Epoch 8, Batch   202] loss: 0.028
[Epoch 8, Batch   302] loss: 0.030
[Epoch 8, Batch   402] loss: 0.040
[Epoch 8, Batch   502] loss: 0.040
[Epoch 8, Batch   602] loss: 0.034
Epoch 8/20:
Train Loss: 0.0028, Train Accuracy: 98.96%
Validation Loss: 0.0396, Validation Accuracy: 98.91%
[Epoch 9, Batch     2] loss: 0.000
[Epoch 9, Batch   102] loss: 0.023
[Epoch 9, Batch   202] loss: 0.035
[Epoch 9, Batch   302] loss: 0.039
[Epoch 9, Batch   402] loss: 0.031
[Epoch 9, Batch   502] loss: 0.027
[Epoch 9, Batch   602] loss: 0.040
Epoch 9/20:
Train Loss: 0.0032, Train Accuracy: 99.02%
Validation Loss: 0.0424, Validation Accuracy: 98.74%
[Epoch 10, Batch     2] loss: 0.001
[Epoch 10, Batch   102] loss: 0.028
[Epoch 10, Batch   202] loss: 0.033
[Epoch 10, Batch   302] loss: 0.021
[Epoch 10, Batch   402] loss: 0.040
[Epoch 10, Batch   502] loss: 0.033
[Epoch 10, Batch   602] loss: 0.028
Epoch 10/20:
Train Loss: 0.0024, Train Accuracy: 99.09%
Validation Loss: 0.0472, Validation Accuracy: 98.65%
[Epoch 11, Batch     2] loss: 0.001
[Epoch 11, Batch   102] loss: 0.025
[Epoch 11, Batch   202] loss: 0.034
[Epoch 11, Batch   302] loss: 0.026
[Epoch 11, Batch   402] loss: 0.027
[Epoch 11, Batch   502] loss: 0.025
[Epoch 11, Batch   602] loss: 0.036
Epoch 11/20:
Train Loss: 0.0031, Train Accuracy: 99.06%
Validation Loss: 0.0373, Validation Accuracy: 98.86%
[Epoch 12, Batch     2] loss: 0.001
[Epoch 12, Batch   102] loss: 0.018
[Epoch 12, Batch   202] loss: 0.021
[Epoch 12, Batch   302] loss: 0.021
[Epoch 12, Batch   402] loss: 0.029
[Epoch 12, Batch   502] loss: 0.038
[Epoch 12, Batch   602] loss: 0.026
Epoch 12/20:
Train Loss: 0.0022, Train Accuracy: 99.19%
Validation Loss: 0.0529, Validation Accuracy: 98.42%
[Epoch 13, Batch     2] loss: 0.000
[Epoch 13, Batch   102] loss: 0.022
[Epoch 13, Batch   202] loss: 0.024
[Epoch 13, Batch   302] loss: 0.021
[Epoch 13, Batch   402] loss: 0.028
[Epoch 13, Batch   502] loss: 0.024
[Epoch 13, Batch   602] loss: 0.025
Epoch 13/20:
Train Loss: 0.0021, Train Accuracy: 99.30%
Validation Loss: 0.0371, Validation Accuracy: 98.97%
[Epoch 14, Batch     2] loss: 0.000
[Epoch 14, Batch   102] loss: 0.021
[Epoch 14, Batch   202] loss: 0.026
[Epoch 14, Batch   302] loss: 0.023
[Epoch 14, Batch   402] loss: 0.027
[Epoch 14, Batch   502] loss: 0.021
[Epoch 14, Batch   602] loss: 0.026
Epoch 14/20:
Train Loss: 0.0028, Train Accuracy: 99.23%
Validation Loss: 0.1045, Validation Accuracy: 96.92%
[Epoch 15, Batch     2] loss: 0.001
[Epoch 15, Batch   102] loss: 0.015
[Epoch 15, Batch   202] loss: 0.022
[Epoch 15, Batch   302] loss: 0.025
[Epoch 15, Batch   402] loss: 0.030
[Epoch 15, Batch   502] loss: 0.026
[Epoch 15, Batch   602] loss: 0.032
Epoch 15/20:
Train Loss: 0.0017, Train Accuracy: 99.24%
Validation Loss: 0.0340, Validation Accuracy: 98.92%
[Epoch 16, Batch     2] loss: 0.001
[Epoch 16, Batch   102] loss: 0.014
[Epoch 16, Batch   202] loss: 0.018
[Epoch 16, Batch   302] loss: 0.019
[Epoch 16, Batch   402] loss: 0.023
[Epoch 16, Batch   502] loss: 0.021
[Epoch 16, Batch   602] loss: 0.018
Epoch 16/20:
Train Loss: 0.0021, Train Accuracy: 99.43%
Validation Loss: 0.0354, Validation Accuracy: 98.90%
[Epoch 17, Batch     2] loss: 0.000
[Epoch 17, Batch   102] loss: 0.016
[Epoch 17, Batch   202] loss: 0.012
[Epoch 17, Batch   302] loss: 0.019
[Epoch 17, Batch   402] loss: 0.019
[Epoch 17, Batch   502] loss: 0.021
[Epoch 17, Batch   602] loss: 0.020
Epoch 17/20:
Train Loss: 0.0025, Train Accuracy: 99.41%
Validation Loss: 0.0378, Validation Accuracy: 98.86%
[Epoch 18, Batch     2] loss: 0.000
[Epoch 18, Batch   102] loss: 0.021
[Epoch 18, Batch   202] loss: 0.012
[Epoch 18, Batch   302] loss: 0.017
[Epoch 18, Batch   402] loss: 0.024
[Epoch 18, Batch   502] loss: 0.022
[Epoch 18, Batch   602] loss: 0.018
Epoch 18/20:
Train Loss: 0.0020, Train Accuracy: 99.37%
Validation Loss: 0.0357, Validation Accuracy: 98.89%
[Epoch 19, Batch     2] loss: 0.000
[Epoch 19, Batch   102] loss: 0.018
[Epoch 19, Batch   202] loss: 0.014
[Epoch 19, Batch   302] loss: 0.014
[Epoch 19, Batch   402] loss: 0.015
[Epoch 19, Batch   502] loss: 0.018
[Epoch 19, Batch   602] loss: 0.028
Epoch 19/20:
Train Loss: 0.0019, Train Accuracy: 99.43%
Validation Loss: 0.0546, Validation Accuracy: 98.52%
[Epoch 20, Batch     2] loss: 0.000
[Epoch 20, Batch   102] loss: 0.017
[Epoch 20, Batch   202] loss: 0.013
[Epoch 20, Batch   302] loss: 0.013
[Epoch 20, Batch   402] loss: 0.017
[Epoch 20, Batch   502] loss: 0.009
[Epoch 20, Batch   602] loss: 0.014
Epoch 20/20:
Train Loss: 0.0020, Train Accuracy: 99.58%
Validation Loss: 0.0443, Validation Accuracy: 98.95%
Model saved to models/resnet18-MNIST-BELIEF-balanced_by_score-0.3-1
Modified conv1: updated in_channels to 1.
Modified fc layer: updated out_features to 10.
Initialized untrained model.
resnet18-MNIST-BELIEF-balanced_by_score-0.5-1
[Epoch 1, Batch     2] loss: 0.042
[Epoch 1, Batch   102] loss: 0.319
[Epoch 1, Batch   202] loss: 0.189
[Epoch 1, Batch   302] loss: 0.150
[Epoch 1, Batch   402] loss: 0.114
Epoch 1/20:
Train Loss: 0.0158, Train Accuracy: 94.28%
Validation Loss: 0.0792, Validation Accuracy: 97.52%
[Epoch 2, Batch     2] loss: 0.001
[Epoch 2, Batch   102] loss: 0.090
[Epoch 2, Batch   202] loss: 0.077
[Epoch 2, Batch   302] loss: 0.090
[Epoch 2, Batch   402] loss: 0.074
Epoch 2/20:
Train Loss: 0.0121, Train Accuracy: 97.52%
Validation Loss: 0.0573, Validation Accuracy: 98.31%
[Epoch 3, Batch     2] loss: 0.001
[Epoch 3, Batch   102] loss: 0.057
[Epoch 3, Batch   202] loss: 0.066
[Epoch 3, Batch   302] loss: 0.060
[Epoch 3, Batch   402] loss: 0.071
Epoch 3/20:
Train Loss: 0.0095, Train Accuracy: 98.05%
Validation Loss: 0.0636, Validation Accuracy: 97.76%
[Epoch 4, Batch     2] loss: 0.002
[Epoch 4, Batch   102] loss: 0.053
[Epoch 4, Batch   202] loss: 0.050
[Epoch 4, Batch   302] loss: 0.055
[Epoch 4, Batch   402] loss: 0.039
Epoch 4/20:
Train Loss: 0.0063, Train Accuracy: 98.47%
Validation Loss: 0.0595, Validation Accuracy: 98.05%
[Epoch 5, Batch     2] loss: 0.001
[Epoch 5, Batch   102] loss: 0.038
[Epoch 5, Batch   202] loss: 0.050
[Epoch 5, Batch   302] loss: 0.035
[Epoch 5, Batch   402] loss: 0.047
Epoch 5/20:
Train Loss: 0.0071, Train Accuracy: 98.69%
Validation Loss: 0.0517, Validation Accuracy: 98.44%
[Epoch 6, Batch     2] loss: 0.000
[Epoch 6, Batch   102] loss: 0.039
[Epoch 6, Batch   202] loss: 0.041
[Epoch 6, Batch   302] loss: 0.035
[Epoch 6, Batch   402] loss: 0.047
Epoch 6/20:
Train Loss: 0.0061, Train Accuracy: 98.75%
Validation Loss: 0.0369, Validation Accuracy: 98.81%
[Epoch 7, Batch     2] loss: 0.001
[Epoch 7, Batch   102] loss: 0.029
[Epoch 7, Batch   202] loss: 0.032
[Epoch 7, Batch   302] loss: 0.047
[Epoch 7, Batch   402] loss: 0.045
Epoch 7/20:
Train Loss: 0.0051, Train Accuracy: 98.84%
Validation Loss: 0.0509, Validation Accuracy: 98.43%
[Epoch 8, Batch     2] loss: 0.001
[Epoch 8, Batch   102] loss: 0.028
[Epoch 8, Batch   202] loss: 0.034
[Epoch 8, Batch   302] loss: 0.031
[Epoch 8, Batch   402] loss: 0.033
Epoch 8/20:
Train Loss: 0.0057, Train Accuracy: 98.99%
Validation Loss: 0.0467, Validation Accuracy: 98.57%
[Epoch 9, Batch     2] loss: 0.000
[Epoch 9, Batch   102] loss: 0.027
[Epoch 9, Batch   202] loss: 0.037
[Epoch 9, Batch   302] loss: 0.041
[Epoch 9, Batch   402] loss: 0.032
Epoch 9/20:
Train Loss: 0.0050, Train Accuracy: 99.00%
Validation Loss: 0.0441, Validation Accuracy: 98.65%
[Epoch 10, Batch     2] loss: 0.001
[Epoch 10, Batch   102] loss: 0.023
[Epoch 10, Batch   202] loss: 0.035
[Epoch 10, Batch   302] loss: 0.024
[Epoch 10, Batch   402] loss: 0.025
Epoch 10/20:
Train Loss: 0.0035, Train Accuracy: 99.25%
Validation Loss: 0.0376, Validation Accuracy: 99.01%
[Epoch 11, Batch     2] loss: 0.001
[Epoch 11, Batch   102] loss: 0.029
[Epoch 11, Batch   202] loss: 0.027
[Epoch 11, Batch   302] loss: 0.029
[Epoch 11, Batch   402] loss: 0.034
Epoch 11/20:
Train Loss: 0.0033, Train Accuracy: 99.09%
Validation Loss: 0.0591, Validation Accuracy: 98.36%
[Epoch 12, Batch     2] loss: 0.000
[Epoch 12, Batch   102] loss: 0.026
[Epoch 12, Batch   202] loss: 0.026
[Epoch 12, Batch   302] loss: 0.033
[Epoch 12, Batch   402] loss: 0.030
Epoch 12/20:
Train Loss: 0.0026, Train Accuracy: 99.16%
Validation Loss: 0.1557, Validation Accuracy: 95.88%
[Epoch 13, Batch     2] loss: 0.000
[Epoch 13, Batch   102] loss: 0.025
[Epoch 13, Batch   202] loss: 0.029
[Epoch 13, Batch   302] loss: 0.027
[Epoch 13, Batch   402] loss: 0.030
Epoch 13/20:
Train Loss: 0.0045, Train Accuracy: 99.08%
Validation Loss: 0.0543, Validation Accuracy: 98.37%
[Epoch 14, Batch     2] loss: 0.000
[Epoch 14, Batch   102] loss: 0.021
[Epoch 14, Batch   202] loss: 0.020
[Epoch 14, Batch   302] loss: 0.030
[Epoch 14, Batch   402] loss: 0.036
Epoch 14/20:
Train Loss: 0.0037, Train Accuracy: 99.17%
Validation Loss: 0.0456, Validation Accuracy: 98.70%
[Epoch 15, Batch     2] loss: 0.000
[Epoch 15, Batch   102] loss: 0.015
[Epoch 15, Batch   202] loss: 0.029
[Epoch 15, Batch   302] loss: 0.023
[Epoch 15, Batch   402] loss: 0.026
Epoch 15/20:
Train Loss: 0.0048, Train Accuracy: 99.26%
Validation Loss: 0.0463, Validation Accuracy: 98.78%
[Epoch 16, Batch     2] loss: 0.000
[Epoch 16, Batch   102] loss: 0.020
[Epoch 16, Batch   202] loss: 0.020
[Epoch 16, Batch   302] loss: 0.022
[Epoch 16, Batch   402] loss: 0.023
Epoch 16/20:
Train Loss: 0.0043, Train Accuracy: 99.37%
Validation Loss: 0.0522, Validation Accuracy: 98.50%
[Epoch 17, Batch     2] loss: 0.001
[Epoch 17, Batch   102] loss: 0.014
[Epoch 17, Batch   202] loss: 0.020
[Epoch 17, Batch   302] loss: 0.022
[Epoch 17, Batch   402] loss: 0.030
Epoch 17/20:
Train Loss: 0.0029, Train Accuracy: 99.33%
Validation Loss: 0.0373, Validation Accuracy: 99.02%
[Epoch 18, Batch     2] loss: 0.000
[Epoch 18, Batch   102] loss: 0.012
[Epoch 18, Batch   202] loss: 0.018
[Epoch 18, Batch   302] loss: 0.013
[Epoch 18, Batch   402] loss: 0.024
Epoch 18/20:
Train Loss: 0.0028, Train Accuracy: 99.46%
Validation Loss: 0.0554, Validation Accuracy: 98.54%
[Epoch 19, Batch     2] loss: 0.000
[Epoch 19, Batch   102] loss: 0.018
[Epoch 19, Batch   202] loss: 0.019
[Epoch 19, Batch   302] loss: 0.023
[Epoch 19, Batch   402] loss: 0.018
Epoch 19/20:
Train Loss: 0.0051, Train Accuracy: 99.38%
Validation Loss: 0.0375, Validation Accuracy: 98.97%
[Epoch 20, Batch     2] loss: 0.002
[Epoch 20, Batch   102] loss: 0.013
[Epoch 20, Batch   202] loss: 0.011
[Epoch 20, Batch   302] loss: 0.019
[Epoch 20, Batch   402] loss: 0.017
Epoch 20/20:
Train Loss: 0.0021, Train Accuracy: 99.52%
Validation Loss: 0.0546, Validation Accuracy: 98.50%
Model saved to models/resnet18-MNIST-BELIEF-balanced_by_score-0.5-1
Modified conv1: updated in_channels to 1.
Modified fc layer: updated out_features to 10.
Initialized untrained model.
resnet18-MNIST-BELIEF-balanced_by_score-0.7-1
[Epoch 1, Batch     2] loss: 0.044
[Epoch 1, Batch   102] loss: 0.334
[Epoch 1, Batch   202] loss: 0.157
Epoch 1/20:
Train Loss: 0.0413, Train Accuracy: 92.77%
Validation Loss: 0.1347, Validation Accuracy: 95.54%
[Epoch 2, Batch     2] loss: 0.001
[Epoch 2, Batch   102] loss: 0.098
[Epoch 2, Batch   202] loss: 0.094
Epoch 2/20:
Train Loss: 0.0259, Train Accuracy: 97.04%
Validation Loss: 0.1459, Validation Accuracy: 95.50%
[Epoch 3, Batch     2] loss: 0.001
[Epoch 3, Batch   102] loss: 0.067
[Epoch 3, Batch   202] loss: 0.070
Epoch 3/20:
Train Loss: 0.0194, Train Accuracy: 97.95%
Validation Loss: 0.1416, Validation Accuracy: 95.85%
[Epoch 4, Batch     2] loss: 0.001
[Epoch 4, Batch   102] loss: 0.059
[Epoch 4, Batch   202] loss: 0.059
Epoch 4/20:
Train Loss: 0.0163, Train Accuracy: 98.13%
Validation Loss: 0.1079, Validation Accuracy: 96.94%
[Epoch 5, Batch     2] loss: 0.001
[Epoch 5, Batch   102] loss: 0.041
[Epoch 5, Batch   202] loss: 0.066
Epoch 5/20:
Train Loss: 0.0140, Train Accuracy: 98.44%
Validation Loss: 0.0568, Validation Accuracy: 98.29%
[Epoch 6, Batch     2] loss: 0.000
[Epoch 6, Batch   102] loss: 0.033
[Epoch 6, Batch   202] loss: 0.038
Epoch 6/20:
Train Loss: 0.0126, Train Accuracy: 98.82%
Validation Loss: 0.1385, Validation Accuracy: 96.14%
[Epoch 7, Batch     2] loss: 0.000
[Epoch 7, Batch   102] loss: 0.038
[Epoch 7, Batch   202] loss: 0.046
Epoch 7/20:
Train Loss: 0.0129, Train Accuracy: 98.67%
Validation Loss: 0.0555, Validation Accuracy: 98.33%
[Epoch 8, Batch     2] loss: 0.001
[Epoch 8, Batch   102] loss: 0.024
[Epoch 8, Batch   202] loss: 0.027
Epoch 8/20:
Train Loss: 0.0094, Train Accuracy: 99.13%
Validation Loss: 0.1222, Validation Accuracy: 96.60%
[Epoch 9, Batch     2] loss: 0.001
[Epoch 9, Batch   102] loss: 0.028
[Epoch 9, Batch   202] loss: 0.028
Epoch 9/20:
Train Loss: 0.0098, Train Accuracy: 98.98%
Validation Loss: 0.1149, Validation Accuracy: 96.86%
[Epoch 10, Batch     2] loss: 0.001
[Epoch 10, Batch   102] loss: 0.035
[Epoch 10, Batch   202] loss: 0.038
Epoch 10/20:
Train Loss: 0.0082, Train Accuracy: 98.89%
Validation Loss: 0.0581, Validation Accuracy: 98.47%
[Epoch 11, Batch     2] loss: 0.000
[Epoch 11, Batch   102] loss: 0.020
[Epoch 11, Batch   202] loss: 0.036
Epoch 11/20:
Train Loss: 0.0124, Train Accuracy: 99.03%
Validation Loss: 0.0777, Validation Accuracy: 97.78%
[Epoch 12, Batch     2] loss: 0.001
[Epoch 12, Batch   102] loss: 0.021
[Epoch 12, Batch   202] loss: 0.026
Epoch 12/20:
Train Loss: 0.0066, Train Accuracy: 99.24%
Validation Loss: 0.0775, Validation Accuracy: 97.67%
[Epoch 13, Batch     2] loss: 0.000
[Epoch 13, Batch   102] loss: 0.027
[Epoch 13, Batch   202] loss: 0.028
Epoch 13/20:
Train Loss: 0.0101, Train Accuracy: 99.14%
Validation Loss: 0.0522, Validation Accuracy: 98.52%
[Epoch 14, Batch     2] loss: 0.001
[Epoch 14, Batch   102] loss: 0.016
[Epoch 14, Batch   202] loss: 0.013
Epoch 14/20:
Train Loss: 0.0088, Train Accuracy: 99.43%
Validation Loss: 0.0923, Validation Accuracy: 97.40%
[Epoch 15, Batch     2] loss: 0.000
[Epoch 15, Batch   102] loss: 0.024
[Epoch 15, Batch   202] loss: 0.015
Epoch 15/20:
Train Loss: 0.0072, Train Accuracy: 99.35%
Validation Loss: 0.0818, Validation Accuracy: 98.00%
[Epoch 16, Batch     2] loss: 0.000
[Epoch 16, Batch   102] loss: 0.020
[Epoch 16, Batch   202] loss: 0.022
Epoch 16/20:
Train Loss: 0.0108, Train Accuracy: 99.19%
Validation Loss: 0.0618, Validation Accuracy: 98.19%
[Epoch 17, Batch     2] loss: 0.001
[Epoch 17, Batch   102] loss: 0.020
[Epoch 17, Batch   202] loss: 0.021
Epoch 17/20:
Train Loss: 0.0073, Train Accuracy: 99.28%
Validation Loss: 0.0740, Validation Accuracy: 98.07%
[Epoch 18, Batch     2] loss: 0.000
[Epoch 18, Batch   102] loss: 0.016
[Epoch 18, Batch   202] loss: 0.025
Epoch 18/20:
Train Loss: 0.0089, Train Accuracy: 99.24%
Validation Loss: 0.0628, Validation Accuracy: 98.34%
[Epoch 19, Batch     2] loss: 0.000
[Epoch 19, Batch   102] loss: 0.018
[Epoch 19, Batch   202] loss: 0.018
Epoch 19/20:
Train Loss: 0.0042, Train Accuracy: 99.53%
Validation Loss: 0.0518, Validation Accuracy: 98.56%
[Epoch 20, Batch     2] loss: 0.001
[Epoch 20, Batch   102] loss: 0.012
[Epoch 20, Batch   202] loss: 0.024
Epoch 20/20:
Train Loss: 0.0056, Train Accuracy: 99.41%
Validation Loss: 0.0561, Validation Accuracy: 98.54%
Model saved to models/resnet18-MNIST-BELIEF-balanced_by_score-0.7-1
Modified conv1: updated in_channels to 1.
Modified fc layer: updated out_features to 10.
Initialized untrained model.
resnet18-MNIST-BELIEF-balanced_by_score-0.8-1
[Epoch 1, Batch     2] loss: 0.045
[Epoch 1, Batch   102] loss: 0.333
Epoch 1/20:
Train Loss: 0.0818, Train Accuracy: 90.88%
Validation Loss: 0.2373, Validation Accuracy: 92.39%
[Epoch 2, Batch     2] loss: 0.001
[Epoch 2, Batch   102] loss: 0.133
Epoch 2/20:
Train Loss: 0.0489, Train Accuracy: 96.23%
Validation Loss: 0.0742, Validation Accuracy: 97.61%
[Epoch 3, Batch     2] loss: 0.002
[Epoch 3, Batch   102] loss: 0.076
Epoch 3/20:
Train Loss: 0.0423, Train Accuracy: 97.48%
Validation Loss: 0.1599, Validation Accuracy: 95.19%
[Epoch 4, Batch     2] loss: 0.001
[Epoch 4, Batch   102] loss: 0.053
Epoch 4/20:
Train Loss: 0.0283, Train Accuracy: 98.03%
Validation Loss: 0.1119, Validation Accuracy: 96.71%
[Epoch 5, Batch     2] loss: 0.000
[Epoch 5, Batch   102] loss: 0.059
Epoch 5/20:
Train Loss: 0.0291, Train Accuracy: 98.06%
Validation Loss: 0.1878, Validation Accuracy: 94.32%
[Epoch 6, Batch     2] loss: 0.000
[Epoch 6, Batch   102] loss: 0.059
Epoch 6/20:
Train Loss: 0.0231, Train Accuracy: 98.26%
Validation Loss: 0.0625, Validation Accuracy: 98.00%
[Epoch 7, Batch     2] loss: 0.000
[Epoch 7, Batch   102] loss: 0.050
Epoch 7/20:
Train Loss: 0.0152, Train Accuracy: 98.61%
Validation Loss: 0.1200, Validation Accuracy: 96.41%
[Epoch 8, Batch     2] loss: 0.001
[Epoch 8, Batch   102] loss: 0.032
Epoch 8/20:
Train Loss: 0.0181, Train Accuracy: 98.78%
Validation Loss: 0.1370, Validation Accuracy: 96.09%
[Epoch 9, Batch     2] loss: 0.000
[Epoch 9, Batch   102] loss: 0.029
Epoch 9/20:
Train Loss: 0.0161, Train Accuracy: 99.07%
Validation Loss: 0.0592, Validation Accuracy: 98.22%
[Epoch 10, Batch     2] loss: 0.000
[Epoch 10, Batch   102] loss: 0.028
Epoch 10/20:
Train Loss: 0.0122, Train Accuracy: 99.10%
Validation Loss: 0.0636, Validation Accuracy: 98.04%
[Epoch 11, Batch     2] loss: 0.001
[Epoch 11, Batch   102] loss: 0.033
Epoch 11/20:
Train Loss: 0.0129, Train Accuracy: 99.07%
Validation Loss: 0.0860, Validation Accuracy: 97.58%
[Epoch 12, Batch     2] loss: 0.001
[Epoch 12, Batch   102] loss: 0.021
Epoch 12/20:
Train Loss: 0.0159, Train Accuracy: 99.13%
Validation Loss: 0.0656, Validation Accuracy: 97.97%
[Epoch 13, Batch     2] loss: 0.000
[Epoch 13, Batch   102] loss: 0.026
Epoch 13/20:
Train Loss: 0.0132, Train Accuracy: 99.21%
Validation Loss: 0.0690, Validation Accuracy: 97.97%
[Epoch 14, Batch     2] loss: 0.001
[Epoch 14, Batch   102] loss: 0.035
Epoch 14/20:
Train Loss: 0.0091, Train Accuracy: 99.10%
Validation Loss: 0.0910, Validation Accuracy: 97.54%
[Epoch 15, Batch     2] loss: 0.000
[Epoch 15, Batch   102] loss: 0.019
Epoch 15/20:
Train Loss: 0.0107, Train Accuracy: 99.32%
Validation Loss: 0.0773, Validation Accuracy: 97.93%
[Epoch 16, Batch     2] loss: 0.000
[Epoch 16, Batch   102] loss: 0.027
Epoch 16/20:
Train Loss: 0.0130, Train Accuracy: 99.21%
Validation Loss: 0.0757, Validation Accuracy: 97.78%
[Epoch 17, Batch     2] loss: 0.001
[Epoch 17, Batch   102] loss: 0.025
Epoch 17/20:
Train Loss: 0.0069, Train Accuracy: 99.38%
Validation Loss: 0.0457, Validation Accuracy: 98.61%
[Epoch 18, Batch     2] loss: 0.000
[Epoch 18, Batch   102] loss: 0.018
Epoch 18/20:
Train Loss: 0.0097, Train Accuracy: 99.38%
Validation Loss: 0.0967, Validation Accuracy: 97.50%
[Epoch 19, Batch     2] loss: 0.000
[Epoch 19, Batch   102] loss: 0.024
Epoch 19/20:
Train Loss: 0.0156, Train Accuracy: 99.10%
Validation Loss: 0.1069, Validation Accuracy: 96.95%
[Epoch 20, Batch     2] loss: 0.000
[Epoch 20, Batch   102] loss: 0.030
Epoch 20/20:
Train Loss: 0.0055, Train Accuracy: 99.34%
Validation Loss: 0.0781, Validation Accuracy: 97.99%
Model saved to models/resnet18-MNIST-BELIEF-balanced_by_score-0.8-1
Modified conv1: updated in_channels to 1.
Modified fc layer: updated out_features to 10.
Initialized untrained model.
resnet18-MNIST-BELIEF-balanced_by_score-0.9-1
[Epoch 1, Batch     2] loss: 0.040
Epoch 1/20:
Train Loss: 0.3557, Train Accuracy: 87.69%
Validation Loss: 0.3023, Validation Accuracy: 91.39%
[Epoch 2, Batch     2] loss: 0.005
Epoch 2/20:
Train Loss: 0.1507, Train Accuracy: 95.26%
Validation Loss: 0.1455, Validation Accuracy: 95.53%
[Epoch 3, Batch     2] loss: 0.002
Epoch 3/20:
Train Loss: 0.1147, Train Accuracy: 96.45%
Validation Loss: 0.3142, Validation Accuracy: 92.01%
[Epoch 4, Batch     2] loss: 0.002
Epoch 4/20:
Train Loss: 0.0834, Train Accuracy: 97.13%
Validation Loss: 0.1433, Validation Accuracy: 95.74%
[Epoch 5, Batch     2] loss: 0.001
Epoch 5/20:
Train Loss: 0.0672, Train Accuracy: 97.96%
Validation Loss: 0.3468, Validation Accuracy: 89.61%
[Epoch 6, Batch     2] loss: 0.000
Epoch 6/20:
Train Loss: 0.0464, Train Accuracy: 98.56%
Validation Loss: 0.1332, Validation Accuracy: 96.18%
[Epoch 7, Batch     2] loss: 0.002
Epoch 7/20:
Train Loss: 0.0550, Train Accuracy: 98.13%
Validation Loss: 0.2517, Validation Accuracy: 93.22%
[Epoch 8, Batch     2] loss: 0.000
Epoch 8/20:
Train Loss: 0.0603, Train Accuracy: 98.08%
Validation Loss: 0.1313, Validation Accuracy: 96.22%
[Epoch 9, Batch     2] loss: 0.001
Epoch 9/20:
Train Loss: 0.0384, Train Accuracy: 98.69%
Validation Loss: 0.1443, Validation Accuracy: 96.14%
[Epoch 10, Batch     2] loss: 0.001
Epoch 10/20:
Train Loss: 0.0400, Train Accuracy: 98.68%
Validation Loss: 0.0780, Validation Accuracy: 97.74%
[Epoch 11, Batch     2] loss: 0.001
Epoch 11/20:
Train Loss: 0.0270, Train Accuracy: 99.25%
Validation Loss: 0.1023, Validation Accuracy: 97.28%
[Epoch 12, Batch     2] loss: 0.001
Epoch 12/20:
Train Loss: 0.0318, Train Accuracy: 99.08%
Validation Loss: 0.0830, Validation Accuracy: 97.54%
[Epoch 13, Batch     2] loss: 0.000
Epoch 13/20:
Train Loss: 0.0196, Train Accuracy: 99.32%
Validation Loss: 0.0675, Validation Accuracy: 98.06%
[Epoch 14, Batch     2] loss: 0.000
Epoch 14/20:
Train Loss: 0.0265, Train Accuracy: 99.15%
Validation Loss: 0.1528, Validation Accuracy: 96.35%
[Epoch 15, Batch     2] loss: 0.000
Epoch 15/20:
Train Loss: 0.0227, Train Accuracy: 99.24%
Validation Loss: 0.2094, Validation Accuracy: 95.15%
[Epoch 16, Batch     2] loss: 0.000
Epoch 16/20:
Train Loss: 0.0245, Train Accuracy: 99.17%
Validation Loss: 0.1693, Validation Accuracy: 96.04%
[Epoch 17, Batch     2] loss: 0.001
Epoch 17/20:
Train Loss: 0.0339, Train Accuracy: 98.73%
Validation Loss: 0.1772, Validation Accuracy: 94.86%
[Epoch 18, Batch     2] loss: 0.001
Epoch 18/20:
Train Loss: 0.0258, Train Accuracy: 99.07%
Validation Loss: 0.0904, Validation Accuracy: 97.47%
[Epoch 19, Batch     2] loss: 0.000
Epoch 19/20:
Train Loss: 0.0229, Train Accuracy: 99.25%
Validation Loss: 0.0737, Validation Accuracy: 97.91%
[Epoch 20, Batch     2] loss: 0.000
Epoch 20/20:
Train Loss: 0.0152, Train Accuracy: 99.47%
Validation Loss: 0.0757, Validation Accuracy: 97.75%
Model saved to models/resnet18-MNIST-BELIEF-balanced_by_score-0.9-1
Modified conv1: updated in_channels to 1.
Modified fc layer: updated out_features to 10.
Initialized untrained model.
resnet18-MNIST-BELIEF-balanced_by_score-0.95-1
[Epoch 1, Batch     2] loss: 0.040
Epoch 1/20:
Train Loss: 0.4284, Train Accuracy: 83.87%
Validation Loss: 0.6156, Validation Accuracy: 83.06%
[Epoch 2, Batch     2] loss: 0.005
Epoch 2/20:
Train Loss: 0.1634, Train Accuracy: 94.80%
Validation Loss: 0.2845, Validation Accuracy: 91.57%
[Epoch 3, Batch     2] loss: 0.002
Epoch 3/20:
Train Loss: 0.1292, Train Accuracy: 95.96%
Validation Loss: 0.1547, Validation Accuracy: 95.59%
[Epoch 4, Batch     2] loss: 0.002
Epoch 4/20:
Train Loss: 0.0980, Train Accuracy: 96.64%
Validation Loss: 0.1868, Validation Accuracy: 94.53%
[Epoch 5, Batch     2] loss: 0.001
Epoch 5/20:
Train Loss: 0.0492, Train Accuracy: 98.47%
Validation Loss: 0.1313, Validation Accuracy: 96.24%
[Epoch 6, Batch     2] loss: 0.001
Epoch 6/20:
Train Loss: 0.0554, Train Accuracy: 98.06%
Validation Loss: 0.2371, Validation Accuracy: 93.61%
[Epoch 7, Batch     2] loss: 0.001
Epoch 7/20:
Train Loss: 0.0643, Train Accuracy: 98.00%
Validation Loss: 0.2789, Validation Accuracy: 92.70%
[Epoch 8, Batch     2] loss: 0.003
Epoch 8/20:
Train Loss: 0.0491, Train Accuracy: 98.44%
Validation Loss: 0.2214, Validation Accuracy: 93.25%
[Epoch 9, Batch     2] loss: 0.000
Epoch 9/20:
Train Loss: 0.0423, Train Accuracy: 98.51%
Validation Loss: 0.1785, Validation Accuracy: 95.33%
[Epoch 10, Batch     2] loss: 0.000
Epoch 10/20:
Train Loss: 0.0292, Train Accuracy: 99.05%
Validation Loss: 0.3159, Validation Accuracy: 92.97%
[Epoch 11, Batch     2] loss: 0.002
Epoch 11/20:
Train Loss: 0.0477, Train Accuracy: 98.47%
Validation Loss: 0.3748, Validation Accuracy: 91.39%
[Epoch 12, Batch     2] loss: 0.001
Epoch 12/20:
Train Loss: 0.0417, Train Accuracy: 98.40%
Validation Loss: 0.1603, Validation Accuracy: 95.72%
[Epoch 13, Batch     2] loss: 0.001
Epoch 13/20:
Train Loss: 0.0278, Train Accuracy: 98.98%
Validation Loss: 0.1406, Validation Accuracy: 96.39%
[Epoch 14, Batch     2] loss: 0.000
Epoch 14/20:
Train Loss: 0.0260, Train Accuracy: 99.08%
Validation Loss: 0.1718, Validation Accuracy: 95.26%
[Epoch 15, Batch     2] loss: 0.001
Epoch 15/20:
Train Loss: 0.0358, Train Accuracy: 98.85%
Validation Loss: 0.1411, Validation Accuracy: 96.18%
[Epoch 16, Batch     2] loss: 0.000
Epoch 16/20:
Train Loss: 0.0262, Train Accuracy: 99.29%
Validation Loss: 0.3313, Validation Accuracy: 92.71%
[Epoch 17, Batch     2] loss: 0.001
Epoch 17/20:
Train Loss: 0.0395, Train Accuracy: 98.54%
Validation Loss: 0.1331, Validation Accuracy: 96.54%
[Epoch 18, Batch     2] loss: 0.000
Epoch 18/20:
Train Loss: 0.0545, Train Accuracy: 98.51%
Validation Loss: 0.1930, Validation Accuracy: 94.46%
[Epoch 19, Batch     2] loss: 0.000
Epoch 19/20:
Train Loss: 0.0107, Train Accuracy: 99.63%
Validation Loss: 0.0922, Validation Accuracy: 97.56%
[Epoch 20, Batch     2] loss: 0.000
Epoch 20/20:
Train Loss: 0.0247, Train Accuracy: 99.29%
Validation Loss: 0.2208, Validation Accuracy: 94.75%
Model saved to models/resnet18-MNIST-BELIEF-balanced_by_score-0.95-1
Modified conv1: updated in_channels to 1.
Modified fc layer: updated out_features to 10.
Loaded weights from file: models/resnet18_MNIST_E1_1
Modified conv1: updated in_channels to 1.
Modified fc layer: updated out_features to 10.
Initialized untrained model.
resnet18-MNIST-BELIEF-median-0.3-1
[Epoch 1, Batch     2] loss: 0.038
[Epoch 1, Batch   102] loss: 0.226
[Epoch 1, Batch   202] loss: 0.101
[Epoch 1, Batch   302] loss: 0.094
[Epoch 1, Batch   402] loss: 0.068
[Epoch 1, Batch   502] loss: 0.060
[Epoch 1, Batch   602] loss: 0.066
Epoch 1/20:
Train Loss: 0.0049, Train Accuracy: 96.98%
Validation Loss: 0.7462, Validation Accuracy: 82.64%
[Epoch 2, Batch     2] loss: 0.001
[Epoch 2, Batch   102] loss: 0.045
[Epoch 2, Batch   202] loss: 0.059
[Epoch 2, Batch   302] loss: 0.033
[Epoch 2, Batch   402] loss: 0.050
[Epoch 2, Batch   502] loss: 0.041
[Epoch 2, Batch   602] loss: 0.039
Epoch 2/20:
Train Loss: 0.0040, Train Accuracy: 98.80%
Validation Loss: 0.5096, Validation Accuracy: 86.37%
[Epoch 3, Batch     2] loss: 0.001
[Epoch 3, Batch   102] loss: 0.031
[Epoch 3, Batch   202] loss: 0.034
[Epoch 3, Batch   302] loss: 0.033
[Epoch 3, Batch   402] loss: 0.042
[Epoch 3, Batch   502] loss: 0.029
[Epoch 3, Batch   602] loss: 0.034
Epoch 3/20:
Train Loss: 0.0027, Train Accuracy: 99.10%
Validation Loss: 0.6609, Validation Accuracy: 87.00%
[Epoch 4, Batch     2] loss: 0.000
[Epoch 4, Batch   102] loss: 0.029
[Epoch 4, Batch   202] loss: 0.026
[Epoch 4, Batch   302] loss: 0.043
[Epoch 4, Batch   402] loss: 0.038
[Epoch 4, Batch   502] loss: 0.028
[Epoch 4, Batch   602] loss: 0.032
Epoch 4/20:
Train Loss: 0.0035, Train Accuracy: 99.14%
Validation Loss: 0.4688, Validation Accuracy: 88.07%
[Epoch 5, Batch     2] loss: 0.001
[Epoch 5, Batch   102] loss: 0.032
[Epoch 5, Batch   202] loss: 0.031
[Epoch 5, Batch   302] loss: 0.017
[Epoch 5, Batch   402] loss: 0.035
[Epoch 5, Batch   502] loss: 0.026
[Epoch 5, Batch   602] loss: 0.023
Epoch 5/20:
Train Loss: 0.0020, Train Accuracy: 99.26%
Validation Loss: 0.4410, Validation Accuracy: 88.83%
[Epoch 6, Batch     2] loss: 0.000
[Epoch 6, Batch   102] loss: 0.033
[Epoch 6, Batch   202] loss: 0.020
[Epoch 6, Batch   302] loss: 0.034
[Epoch 6, Batch   402] loss: 0.028
[Epoch 6, Batch   502] loss: 0.027
[Epoch 6, Batch   602] loss: 0.028
Epoch 6/20:
Train Loss: 0.0030, Train Accuracy: 99.19%
Validation Loss: 0.5544, Validation Accuracy: 85.34%
[Epoch 7, Batch     2] loss: 0.000
[Epoch 7, Batch   102] loss: 0.028
[Epoch 7, Batch   202] loss: 0.023
[Epoch 7, Batch   302] loss: 0.018
[Epoch 7, Batch   402] loss: 0.020
[Epoch 7, Batch   502] loss: 0.027
[Epoch 7, Batch   602] loss: 0.026
Epoch 7/20:
Train Loss: 0.0020, Train Accuracy: 99.36%
Validation Loss: 0.5524, Validation Accuracy: 88.36%
[Epoch 8, Batch     2] loss: 0.000
[Epoch 8, Batch   102] loss: 0.015
[Epoch 8, Batch   202] loss: 0.024
[Epoch 8, Batch   302] loss: 0.016
[Epoch 8, Batch   402] loss: 0.033
[Epoch 8, Batch   502] loss: 0.020
[Epoch 8, Batch   602] loss: 0.021
Epoch 8/20:
Train Loss: 0.0020, Train Accuracy: 99.40%
Validation Loss: 0.4753, Validation Accuracy: 88.80%
[Epoch 9, Batch     2] loss: 0.000
[Epoch 9, Batch   102] loss: 0.030
[Epoch 9, Batch   202] loss: 0.014
[Epoch 9, Batch   302] loss: 0.027
[Epoch 9, Batch   402] loss: 0.022
[Epoch 9, Batch   502] loss: 0.024
[Epoch 9, Batch   602] loss: 0.018
Epoch 9/20:
Train Loss: 0.0023, Train Accuracy: 99.34%
Validation Loss: 0.5333, Validation Accuracy: 89.10%
[Epoch 10, Batch     2] loss: 0.000
[Epoch 10, Batch   102] loss: 0.013
[Epoch 10, Batch   202] loss: 0.017
[Epoch 10, Batch   302] loss: 0.019
[Epoch 10, Batch   402] loss: 0.023
[Epoch 10, Batch   502] loss: 0.021
[Epoch 10, Batch   602] loss: 0.026
Epoch 10/20:
Train Loss: 0.0018, Train Accuracy: 99.48%
Validation Loss: 0.3818, Validation Accuracy: 89.07%
[Epoch 11, Batch     2] loss: 0.001
[Epoch 11, Batch   102] loss: 0.013
[Epoch 11, Batch   202] loss: 0.024
[Epoch 11, Batch   302] loss: 0.018
[Epoch 11, Batch   402] loss: 0.024
[Epoch 11, Batch   502] loss: 0.023
[Epoch 11, Batch   602] loss: 0.022
Epoch 11/20:
Train Loss: 0.0019, Train Accuracy: 99.43%
Validation Loss: 0.5218, Validation Accuracy: 89.10%
[Epoch 12, Batch     2] loss: 0.000
[Epoch 12, Batch   102] loss: 0.016
[Epoch 12, Batch   202] loss: 0.008
[Epoch 12, Batch   302] loss: 0.019
[Epoch 12, Batch   402] loss: 0.021
[Epoch 12, Batch   502] loss: 0.018
[Epoch 12, Batch   602] loss: 0.014
Epoch 12/20:
Train Loss: 0.0016, Train Accuracy: 99.56%
Validation Loss: 0.3927, Validation Accuracy: 88.74%
[Epoch 13, Batch     2] loss: 0.000
[Epoch 13, Batch   102] loss: 0.013
[Epoch 13, Batch   202] loss: 0.017
[Epoch 13, Batch   302] loss: 0.019
[Epoch 13, Batch   402] loss: 0.018
[Epoch 13, Batch   502] loss: 0.017
[Epoch 13, Batch   602] loss: 0.023
Epoch 13/20:
Train Loss: 0.0018, Train Accuracy: 99.50%
Validation Loss: 0.5517, Validation Accuracy: 87.90%
[Epoch 14, Batch     2] loss: 0.001
[Epoch 14, Batch   102] loss: 0.013
[Epoch 14, Batch   202] loss: 0.009
[Epoch 14, Batch   302] loss: 0.017
[Epoch 14, Batch   402] loss: 0.010
[Epoch 14, Batch   502] loss: 0.016
[Epoch 14, Batch   602] loss: 0.014
Epoch 14/20:
Train Loss: 0.0017, Train Accuracy: 99.58%
Validation Loss: 0.4482, Validation Accuracy: 89.00%
[Epoch 15, Batch     2] loss: 0.000
[Epoch 15, Batch   102] loss: 0.017
[Epoch 15, Batch   202] loss: 0.015
[Epoch 15, Batch   302] loss: 0.015
[Epoch 15, Batch   402] loss: 0.010
[Epoch 15, Batch   502] loss: 0.019
[Epoch 15, Batch   602] loss: 0.008
Epoch 15/20:
Train Loss: 0.0011, Train Accuracy: 99.61%
Validation Loss: 0.5930, Validation Accuracy: 84.25%
[Epoch 16, Batch     2] loss: 0.000
[Epoch 16, Batch   102] loss: 0.020
[Epoch 16, Batch   202] loss: 0.012
[Epoch 16, Batch   302] loss: 0.014
[Epoch 16, Batch   402] loss: 0.011
[Epoch 16, Batch   502] loss: 0.014
[Epoch 16, Batch   602] loss: 0.016
Epoch 16/20:
Train Loss: 0.0021, Train Accuracy: 99.57%
Validation Loss: 0.4103, Validation Accuracy: 89.21%
[Epoch 17, Batch     2] loss: 0.000
[Epoch 17, Batch   102] loss: 0.012
[Epoch 17, Batch   202] loss: 0.017
[Epoch 17, Batch   302] loss: 0.009
[Epoch 17, Batch   402] loss: 0.012
[Epoch 17, Batch   502] loss: 0.008
[Epoch 17, Batch   602] loss: 0.012
Epoch 17/20:
Train Loss: 0.0014, Train Accuracy: 99.70%
Validation Loss: 0.4831, Validation Accuracy: 88.71%
[Epoch 18, Batch     2] loss: 0.000
[Epoch 18, Batch   102] loss: 0.013
[Epoch 18, Batch   202] loss: 0.010
[Epoch 18, Batch   302] loss: 0.014
[Epoch 18, Batch   402] loss: 0.015
[Epoch 18, Batch   502] loss: 0.013
[Epoch 18, Batch   602] loss: 0.013
Epoch 18/20:
Train Loss: 0.0019, Train Accuracy: 99.63%
Validation Loss: 0.4450, Validation Accuracy: 88.77%
[Epoch 19, Batch     2] loss: 0.000
[Epoch 19, Batch   102] loss: 0.016
[Epoch 19, Batch   202] loss: 0.011
[Epoch 19, Batch   302] loss: 0.009
[Epoch 19, Batch   402] loss: 0.009
[Epoch 19, Batch   502] loss: 0.016
[Epoch 19, Batch   602] loss: 0.013
Epoch 19/20:
Train Loss: 0.0011, Train Accuracy: 99.69%
Validation Loss: 0.4696, Validation Accuracy: 88.27%
[Epoch 20, Batch     2] loss: 0.000
[Epoch 20, Batch   102] loss: 0.011
[Epoch 20, Batch   202] loss: 0.006
[Epoch 20, Batch   302] loss: 0.012
[Epoch 20, Batch   402] loss: 0.017
[Epoch 20, Batch   502] loss: 0.018
[Epoch 20, Batch   602] loss: 0.007
Epoch 20/20:
Train Loss: 0.0011, Train Accuracy: 99.70%
Validation Loss: 0.4871, Validation Accuracy: 89.13%
Model saved to models/resnet18-MNIST-BELIEF-median-0.3-1
Modified conv1: updated in_channels to 1.
Modified fc layer: updated out_features to 10.
Initialized untrained model.
resnet18-MNIST-BELIEF-median-0.5-1
[Epoch 1, Batch     2] loss: 0.043
[Epoch 1, Batch   102] loss: 0.230
[Epoch 1, Batch   202] loss: 0.114
[Epoch 1, Batch   302] loss: 0.095
[Epoch 1, Batch   402] loss: 0.090
Epoch 1/20:
Train Loss: 0.0087, Train Accuracy: 96.26%
Validation Loss: 0.6624, Validation Accuracy: 83.58%
[Epoch 2, Batch     2] loss: 0.001
[Epoch 2, Batch   102] loss: 0.057
[Epoch 2, Batch   202] loss: 0.055
[Epoch 2, Batch   302] loss: 0.051
[Epoch 2, Batch   402] loss: 0.053
Epoch 2/20:
Train Loss: 0.0064, Train Accuracy: 98.57%
Validation Loss: 0.5034, Validation Accuracy: 87.35%
[Epoch 3, Batch     2] loss: 0.000
[Epoch 3, Batch   102] loss: 0.043
[Epoch 3, Batch   202] loss: 0.035
[Epoch 3, Batch   302] loss: 0.036
[Epoch 3, Batch   402] loss: 0.049
Epoch 3/20:
Train Loss: 0.0049, Train Accuracy: 98.86%
Validation Loss: 0.4775, Validation Accuracy: 87.93%
[Epoch 4, Batch     2] loss: 0.000
[Epoch 4, Batch   102] loss: 0.039
[Epoch 4, Batch   202] loss: 0.027
[Epoch 4, Batch   302] loss: 0.028
[Epoch 4, Batch   402] loss: 0.027
Epoch 4/20:
Train Loss: 0.0055, Train Accuracy: 99.14%
Validation Loss: 0.6560, Validation Accuracy: 83.96%
[Epoch 5, Batch     2] loss: 0.001
[Epoch 5, Batch   102] loss: 0.038
[Epoch 5, Batch   202] loss: 0.026
[Epoch 5, Batch   302] loss: 0.033
[Epoch 5, Batch   402] loss: 0.038
Epoch 5/20:
Train Loss: 0.0040, Train Accuracy: 99.08%
Validation Loss: 0.4681, Validation Accuracy: 88.46%
[Epoch 6, Batch     2] loss: 0.001
[Epoch 6, Batch   102] loss: 0.023
[Epoch 6, Batch   202] loss: 0.026
[Epoch 6, Batch   302] loss: 0.023
[Epoch 6, Batch   402] loss: 0.030
Epoch 6/20:
Train Loss: 0.0041, Train Accuracy: 99.26%
Validation Loss: 0.4574, Validation Accuracy: 88.36%
[Epoch 7, Batch     2] loss: 0.000
[Epoch 7, Batch   102] loss: 0.026
[Epoch 7, Batch   202] loss: 0.026
[Epoch 7, Batch   302] loss: 0.032
[Epoch 7, Batch   402] loss: 0.033
Epoch 7/20:
Train Loss: 0.0045, Train Accuracy: 99.25%
Validation Loss: 0.4442, Validation Accuracy: 88.50%
[Epoch 8, Batch     2] loss: 0.000
[Epoch 8, Batch   102] loss: 0.023
[Epoch 8, Batch   202] loss: 0.020
[Epoch 8, Batch   302] loss: 0.022
[Epoch 8, Batch   402] loss: 0.024
Epoch 8/20:
Train Loss: 0.0034, Train Accuracy: 99.43%
Validation Loss: 0.5124, Validation Accuracy: 88.00%
[Epoch 9, Batch     2] loss: 0.000
[Epoch 9, Batch   102] loss: 0.025
[Epoch 9, Batch   202] loss: 0.021
[Epoch 9, Batch   302] loss: 0.024
[Epoch 9, Batch   402] loss: 0.017
Epoch 9/20:
Train Loss: 0.0045, Train Accuracy: 99.44%
Validation Loss: 0.4802, Validation Accuracy: 88.20%
[Epoch 10, Batch     2] loss: 0.002
[Epoch 10, Batch   102] loss: 0.016
[Epoch 10, Batch   202] loss: 0.019
[Epoch 10, Batch   302] loss: 0.025
[Epoch 10, Batch   402] loss: 0.029
Epoch 10/20:
Train Loss: 0.0021, Train Accuracy: 99.48%
Validation Loss: 0.5187, Validation Accuracy: 88.36%
[Epoch 11, Batch     2] loss: 0.000
[Epoch 11, Batch   102] loss: 0.025
[Epoch 11, Batch   202] loss: 0.022
[Epoch 11, Batch   302] loss: 0.021
[Epoch 11, Batch   402] loss: 0.027
Epoch 11/20:
Train Loss: 0.0041, Train Accuracy: 99.33%
Validation Loss: 0.5621, Validation Accuracy: 88.28%
[Epoch 12, Batch     2] loss: 0.001
[Epoch 12, Batch   102] loss: 0.026
[Epoch 12, Batch   202] loss: 0.017
[Epoch 12, Batch   302] loss: 0.018
[Epoch 12, Batch   402] loss: 0.024
Epoch 12/20:
Train Loss: 0.0031, Train Accuracy: 99.39%
Validation Loss: 0.6131, Validation Accuracy: 87.42%
[Epoch 13, Batch     2] loss: 0.001
[Epoch 13, Batch   102] loss: 0.015
[Epoch 13, Batch   202] loss: 0.011
[Epoch 13, Batch   302] loss: 0.016
[Epoch 13, Batch   402] loss: 0.020
Epoch 13/20:
Train Loss: 0.0034, Train Accuracy: 99.59%
Validation Loss: 0.5129, Validation Accuracy: 84.91%
[Epoch 14, Batch     2] loss: 0.000
[Epoch 14, Batch   102] loss: 0.014
[Epoch 14, Batch   202] loss: 0.028
[Epoch 14, Batch   302] loss: 0.023
[Epoch 14, Batch   402] loss: 0.017
Epoch 14/20:
Train Loss: 0.0026, Train Accuracy: 99.45%
Validation Loss: 0.4796, Validation Accuracy: 88.95%
[Epoch 15, Batch     2] loss: 0.000
[Epoch 15, Batch   102] loss: 0.013
[Epoch 15, Batch   202] loss: 0.024
[Epoch 15, Batch   302] loss: 0.019
[Epoch 15, Batch   402] loss: 0.014
Epoch 15/20:
Train Loss: 0.0035, Train Accuracy: 99.51%
Validation Loss: 0.4295, Validation Accuracy: 88.76%
[Epoch 16, Batch     2] loss: 0.000
[Epoch 16, Batch   102] loss: 0.012
[Epoch 16, Batch   202] loss: 0.013
[Epoch 16, Batch   302] loss: 0.018
[Epoch 16, Batch   402] loss: 0.017
Epoch 16/20:
Train Loss: 0.0023, Train Accuracy: 99.58%
Validation Loss: 0.4245, Validation Accuracy: 88.60%
[Epoch 17, Batch     2] loss: 0.001
[Epoch 17, Batch   102] loss: 0.017
[Epoch 17, Batch   202] loss: 0.013
[Epoch 17, Batch   302] loss: 0.014
[Epoch 17, Batch   402] loss: 0.012
Epoch 17/20:
Train Loss: 0.0027, Train Accuracy: 99.61%
Validation Loss: 0.5418, Validation Accuracy: 83.88%
[Epoch 18, Batch     2] loss: 0.001
[Epoch 18, Batch   102] loss: 0.019
[Epoch 18, Batch   202] loss: 0.020
[Epoch 18, Batch   302] loss: 0.018
[Epoch 18, Batch   402] loss: 0.016
Epoch 18/20:
Train Loss: 0.0018, Train Accuracy: 99.50%
Validation Loss: 0.4043, Validation Accuracy: 88.52%
[Epoch 19, Batch     2] loss: 0.000
[Epoch 19, Batch   102] loss: 0.010
[Epoch 19, Batch   202] loss: 0.016
[Epoch 19, Batch   302] loss: 0.011
[Epoch 19, Batch   402] loss: 0.017
Epoch 19/20:
Train Loss: 0.0024, Train Accuracy: 99.58%
Validation Loss: 0.3258, Validation Accuracy: 89.67%
[Epoch 20, Batch     2] loss: 0.000
[Epoch 20, Batch   102] loss: 0.008
[Epoch 20, Batch   202] loss: 0.014
[Epoch 20, Batch   302] loss: 0.015
[Epoch 20, Batch   402] loss: 0.014
Epoch 20/20:
Train Loss: 0.0020, Train Accuracy: 99.63%
Validation Loss: 0.4431, Validation Accuracy: 88.81%
Model saved to models/resnet18-MNIST-BELIEF-median-0.5-1
Modified conv1: updated in_channels to 1.
Modified fc layer: updated out_features to 10.
Initialized untrained model.
resnet18-MNIST-BELIEF-median-0.7-1
[Epoch 1, Batch     2] loss: 0.039
[Epoch 1, Batch   102] loss: 0.219
[Epoch 1, Batch   202] loss: 0.098
Epoch 1/20:
Train Loss: 0.0293, Train Accuracy: 95.44%
Validation Loss: 1.2392, Validation Accuracy: 69.26%
[Epoch 2, Batch     2] loss: 0.001
[Epoch 2, Batch   102] loss: 0.065
[Epoch 2, Batch   202] loss: 0.057
Epoch 2/20:
Train Loss: 0.0158, Train Accuracy: 98.44%
Validation Loss: 1.2049, Validation Accuracy: 73.70%
[Epoch 3, Batch     2] loss: 0.000
[Epoch 3, Batch   102] loss: 0.049
[Epoch 3, Batch   202] loss: 0.042
Epoch 3/20:
Train Loss: 0.0118, Train Accuracy: 98.82%
Validation Loss: 1.5958, Validation Accuracy: 66.82%
[Epoch 4, Batch     2] loss: 0.000
[Epoch 4, Batch   102] loss: 0.040
[Epoch 4, Batch   202] loss: 0.032
Epoch 4/20:
Train Loss: 0.0138, Train Accuracy: 98.86%
Validation Loss: 1.0788, Validation Accuracy: 70.91%
[Epoch 5, Batch     2] loss: 0.000
[Epoch 5, Batch   102] loss: 0.030
[Epoch 5, Batch   202] loss: 0.026
Epoch 5/20:
Train Loss: 0.0101, Train Accuracy: 99.15%
Validation Loss: 1.2111, Validation Accuracy: 73.84%
[Epoch 6, Batch     2] loss: 0.000
[Epoch 6, Batch   102] loss: 0.035
[Epoch 6, Batch   202] loss: 0.027
Epoch 6/20:
Train Loss: 0.0090, Train Accuracy: 99.18%
Validation Loss: 1.1374, Validation Accuracy: 74.67%
[Epoch 7, Batch     2] loss: 0.000
[Epoch 7, Batch   102] loss: 0.023
[Epoch 7, Batch   202] loss: 0.034
Epoch 7/20:
Train Loss: 0.0078, Train Accuracy: 99.23%
Validation Loss: 1.0440, Validation Accuracy: 75.47%
[Epoch 8, Batch     2] loss: 0.000
[Epoch 8, Batch   102] loss: 0.035
[Epoch 8, Batch   202] loss: 0.023
Epoch 8/20:
Train Loss: 0.0059, Train Accuracy: 99.23%
Validation Loss: 1.3186, Validation Accuracy: 73.20%
[Epoch 9, Batch     2] loss: 0.000
[Epoch 9, Batch   102] loss: 0.019
[Epoch 9, Batch   202] loss: 0.023
Epoch 9/20:
Train Loss: 0.0078, Train Accuracy: 99.38%
Validation Loss: 1.0631, Validation Accuracy: 72.97%
[Epoch 10, Batch     2] loss: 0.000
[Epoch 10, Batch   102] loss: 0.020
[Epoch 10, Batch   202] loss: 0.018
Epoch 10/20:
Train Loss: 0.0074, Train Accuracy: 99.37%
Validation Loss: 0.9371, Validation Accuracy: 75.92%
[Epoch 11, Batch     2] loss: 0.000
[Epoch 11, Batch   102] loss: 0.022
[Epoch 11, Batch   202] loss: 0.019
Epoch 11/20:
Train Loss: 0.0070, Train Accuracy: 99.43%
Validation Loss: 0.8268, Validation Accuracy: 75.22%
[Epoch 12, Batch     2] loss: 0.000
[Epoch 12, Batch   102] loss: 0.013
[Epoch 12, Batch   202] loss: 0.025
Epoch 12/20:
Train Loss: 0.0060, Train Accuracy: 99.48%
Validation Loss: 1.0344, Validation Accuracy: 74.41%
[Epoch 13, Batch     2] loss: 0.001
[Epoch 13, Batch   102] loss: 0.016
[Epoch 13, Batch   202] loss: 0.021
Epoch 13/20:
Train Loss: 0.0060, Train Accuracy: 99.49%
Validation Loss: 0.7580, Validation Accuracy: 76.22%
[Epoch 14, Batch     2] loss: 0.000
[Epoch 14, Batch   102] loss: 0.026
[Epoch 14, Batch   202] loss: 0.018
Epoch 14/20:
Train Loss: 0.0063, Train Accuracy: 99.39%
Validation Loss: 1.2556, Validation Accuracy: 71.27%
[Epoch 15, Batch     2] loss: 0.000
[Epoch 15, Batch   102] loss: 0.017
[Epoch 15, Batch   202] loss: 0.015
Epoch 15/20:
Train Loss: 0.0058, Train Accuracy: 99.50%
Validation Loss: 1.0452, Validation Accuracy: 74.17%
[Epoch 16, Batch     2] loss: 0.000
[Epoch 16, Batch   102] loss: 0.024
[Epoch 16, Batch   202] loss: 0.013
Epoch 16/20:
Train Loss: 0.0054, Train Accuracy: 99.45%
Validation Loss: 1.1493, Validation Accuracy: 73.55%
[Epoch 17, Batch     2] loss: 0.000
[Epoch 17, Batch   102] loss: 0.017
[Epoch 17, Batch   202] loss: 0.016
Epoch 17/20:
Train Loss: 0.0044, Train Accuracy: 99.57%
Validation Loss: 0.8343, Validation Accuracy: 76.91%
[Epoch 18, Batch     2] loss: 0.001
[Epoch 18, Batch   102] loss: 0.011
[Epoch 18, Batch   202] loss: 0.023
Epoch 18/20:
Train Loss: 0.0051, Train Accuracy: 99.49%
Validation Loss: 0.8750, Validation Accuracy: 77.33%
[Epoch 19, Batch     2] loss: 0.000
[Epoch 19, Batch   102] loss: 0.019
[Epoch 19, Batch   202] loss: 0.010
Epoch 19/20:
Train Loss: 0.0046, Train Accuracy: 99.63%
Validation Loss: 0.8892, Validation Accuracy: 77.07%
[Epoch 20, Batch     2] loss: 0.000
[Epoch 20, Batch   102] loss: 0.018
[Epoch 20, Batch   202] loss: 0.019
Epoch 20/20:
Train Loss: 0.0041, Train Accuracy: 99.51%
Validation Loss: 1.0426, Validation Accuracy: 75.98%
Model saved to models/resnet18-MNIST-BELIEF-median-0.7-1
Modified conv1: updated in_channels to 1.
Modified fc layer: updated out_features to 10.
Initialized untrained model.
resnet18-MNIST-BELIEF-median-0.8-1
[Epoch 1, Batch     2] loss: 0.041
[Epoch 1, Batch   102] loss: 0.209
Epoch 1/20:
Train Loss: 0.0552, Train Accuracy: 94.70%
Validation Loss: 1.6041, Validation Accuracy: 64.41%
[Epoch 2, Batch     2] loss: 0.001
[Epoch 2, Batch   102] loss: 0.073
Epoch 2/20:
Train Loss: 0.0391, Train Accuracy: 97.83%
Validation Loss: 1.6737, Validation Accuracy: 63.80%
[Epoch 3, Batch     2] loss: 0.001
[Epoch 3, Batch   102] loss: 0.047
Epoch 3/20:
Train Loss: 0.0256, Train Accuracy: 98.54%
Validation Loss: 1.3390, Validation Accuracy: 74.38%
[Epoch 4, Batch     2] loss: 0.001
[Epoch 4, Batch   102] loss: 0.043
Epoch 4/20:
Train Loss: 0.0204, Train Accuracy: 98.69%
Validation Loss: 1.2647, Validation Accuracy: 73.60%
[Epoch 5, Batch     2] loss: 0.000
[Epoch 5, Batch   102] loss: 0.035
Epoch 5/20:
Train Loss: 0.0201, Train Accuracy: 98.92%
Validation Loss: 1.3833, Validation Accuracy: 71.23%
[Epoch 6, Batch     2] loss: 0.000
[Epoch 6, Batch   102] loss: 0.024
Epoch 6/20:
Train Loss: 0.0186, Train Accuracy: 99.09%
Validation Loss: 1.3299, Validation Accuracy: 72.36%
[Epoch 7, Batch     2] loss: 0.000
[Epoch 7, Batch   102] loss: 0.017
Epoch 7/20:
Train Loss: 0.0133, Train Accuracy: 99.34%
Validation Loss: 1.6627, Validation Accuracy: 68.46%
[Epoch 8, Batch     2] loss: 0.000
[Epoch 8, Batch   102] loss: 0.028
Epoch 8/20:
Train Loss: 0.0155, Train Accuracy: 99.11%
Validation Loss: 1.2626, Validation Accuracy: 74.53%
[Epoch 9, Batch     2] loss: 0.000
[Epoch 9, Batch   102] loss: 0.021
Epoch 9/20:
Train Loss: 0.0130, Train Accuracy: 99.27%
Validation Loss: 1.0417, Validation Accuracy: 75.58%
[Epoch 10, Batch     2] loss: 0.000
[Epoch 10, Batch   102] loss: 0.018
Epoch 10/20:
Train Loss: 0.0100, Train Accuracy: 99.44%
Validation Loss: 1.1747, Validation Accuracy: 75.93%
[Epoch 11, Batch     2] loss: 0.000
[Epoch 11, Batch   102] loss: 0.023
Epoch 11/20:
Train Loss: 0.0105, Train Accuracy: 99.42%
Validation Loss: 1.3458, Validation Accuracy: 73.58%
[Epoch 12, Batch     2] loss: 0.000
[Epoch 12, Batch   102] loss: 0.023
Epoch 12/20:
Train Loss: 0.0113, Train Accuracy: 99.41%
Validation Loss: 1.0471, Validation Accuracy: 74.71%
[Epoch 13, Batch     2] loss: 0.002
[Epoch 13, Batch   102] loss: 0.016
Epoch 13/20:
Train Loss: 0.0101, Train Accuracy: 99.40%
Validation Loss: 1.3705, Validation Accuracy: 75.76%
[Epoch 14, Batch     2] loss: 0.000
[Epoch 14, Batch   102] loss: 0.014
Epoch 14/20:
Train Loss: 0.0083, Train Accuracy: 99.54%
Validation Loss: 1.1014, Validation Accuracy: 75.39%
[Epoch 15, Batch     2] loss: 0.000
[Epoch 15, Batch   102] loss: 0.014
Epoch 15/20:
Train Loss: 0.0105, Train Accuracy: 99.52%
Validation Loss: 1.2241, Validation Accuracy: 73.60%
[Epoch 16, Batch     2] loss: 0.000
[Epoch 16, Batch   102] loss: 0.014
Epoch 16/20:
Train Loss: 0.0071, Train Accuracy: 99.63%
Validation Loss: 1.3069, Validation Accuracy: 71.67%
[Epoch 17, Batch     2] loss: 0.000
[Epoch 17, Batch   102] loss: 0.015
Epoch 17/20:
Train Loss: 0.0092, Train Accuracy: 99.47%
Validation Loss: 1.2291, Validation Accuracy: 72.98%
[Epoch 18, Batch     2] loss: 0.000
[Epoch 18, Batch   102] loss: 0.018
Epoch 18/20:
Train Loss: 0.0098, Train Accuracy: 99.47%
Validation Loss: 1.0426, Validation Accuracy: 74.92%
[Epoch 19, Batch     2] loss: 0.000
[Epoch 19, Batch   102] loss: 0.006
Epoch 19/20:
Train Loss: 0.0049, Train Accuracy: 99.76%
Validation Loss: 0.9888, Validation Accuracy: 74.84%
[Epoch 20, Batch     2] loss: 0.000
[Epoch 20, Batch   102] loss: 0.024
Epoch 20/20:
Train Loss: 0.0073, Train Accuracy: 99.47%
Validation Loss: 1.3316, Validation Accuracy: 75.74%
Model saved to models/resnet18-MNIST-BELIEF-median-0.8-1
Modified conv1: updated in_channels to 1.
Modified fc layer: updated out_features to 10.
Initialized untrained model.
resnet18-MNIST-BELIEF-median-0.9-1
[Epoch 1, Batch     2] loss: 0.038
Epoch 1/20:
Train Loss: 0.1965, Train Accuracy: 93.63%
Validation Loss: 4.0957, Validation Accuracy: 34.84%
[Epoch 2, Batch     2] loss: 0.001
Epoch 2/20:
Train Loss: 0.0866, Train Accuracy: 97.68%
Validation Loss: 2.8116, Validation Accuracy: 41.45%
[Epoch 3, Batch     2] loss: 0.001
Epoch 3/20:
Train Loss: 0.0573, Train Accuracy: 98.15%
Validation Loss: 2.7575, Validation Accuracy: 51.30%
[Epoch 4, Batch     2] loss: 0.001
Epoch 4/20:
Train Loss: 0.0428, Train Accuracy: 98.74%
Validation Loss: 2.8553, Validation Accuracy: 48.90%
[Epoch 5, Batch     2] loss: 0.000
Epoch 5/20:
Train Loss: 0.0383, Train Accuracy: 98.96%
Validation Loss: 2.8114, Validation Accuracy: 50.71%
[Epoch 6, Batch     2] loss: 0.002
Epoch 6/20:
Train Loss: 0.0326, Train Accuracy: 99.13%
Validation Loss: 2.8349, Validation Accuracy: 56.66%
[Epoch 7, Batch     2] loss: 0.000
Epoch 7/20:
Train Loss: 0.0218, Train Accuracy: 99.33%
Validation Loss: 2.7591, Validation Accuracy: 52.65%
[Epoch 8, Batch     2] loss: 0.000
Epoch 8/20:
Train Loss: 0.0359, Train Accuracy: 98.94%
Validation Loss: 2.1959, Validation Accuracy: 56.69%
[Epoch 9, Batch     2] loss: 0.000
Epoch 9/20:
Train Loss: 0.0217, Train Accuracy: 99.31%
Validation Loss: 2.8148, Validation Accuracy: 62.22%
[Epoch 10, Batch     2] loss: 0.000
Epoch 10/20:
Train Loss: 0.0152, Train Accuracy: 99.58%
Validation Loss: 2.5217, Validation Accuracy: 55.96%
[Epoch 11, Batch     2] loss: 0.000
Epoch 11/20:
Train Loss: 0.0071, Train Accuracy: 99.83%
Validation Loss: 2.7828, Validation Accuracy: 59.55%
[Epoch 12, Batch     2] loss: 0.000
Epoch 12/20:
Train Loss: 0.0185, Train Accuracy: 99.51%
Validation Loss: 2.4417, Validation Accuracy: 56.68%
[Epoch 13, Batch     2] loss: 0.001
Epoch 13/20:
Train Loss: 0.0231, Train Accuracy: 99.29%
Validation Loss: 2.8008, Validation Accuracy: 58.70%
[Epoch 14, Batch     2] loss: 0.000
Epoch 14/20:
Train Loss: 0.0216, Train Accuracy: 99.34%
Validation Loss: 2.5828, Validation Accuracy: 61.15%
[Epoch 15, Batch     2] loss: 0.000
Epoch 15/20:
Train Loss: 0.0237, Train Accuracy: 99.24%
Validation Loss: 2.4169, Validation Accuracy: 59.93%
[Epoch 16, Batch     2] loss: 0.001
Epoch 16/20:
Train Loss: 0.0181, Train Accuracy: 99.40%
Validation Loss: 2.4010, Validation Accuracy: 60.45%
[Epoch 17, Batch     2] loss: 0.000
Epoch 17/20:
Train Loss: 0.0032, Train Accuracy: 99.92%
Validation Loss: 2.3914, Validation Accuracy: 62.26%
[Epoch 18, Batch     2] loss: 0.000
Epoch 18/20:
Train Loss: 0.0043, Train Accuracy: 99.83%
Validation Loss: 2.8319, Validation Accuracy: 59.96%
[Epoch 19, Batch     2] loss: 0.000
Epoch 19/20:
Train Loss: 0.0259, Train Accuracy: 99.29%
Validation Loss: 2.7593, Validation Accuracy: 56.51%
[Epoch 20, Batch     2] loss: 0.000
Epoch 20/20:
Train Loss: 0.0119, Train Accuracy: 99.60%
Validation Loss: 2.6301, Validation Accuracy: 59.52%
Model saved to models/resnet18-MNIST-BELIEF-median-0.9-1
Modified conv1: updated in_channels to 1.
Modified fc layer: updated out_features to 10.
Initialized untrained model.
resnet18-MNIST-BELIEF-median-0.95-1
[Epoch 1, Batch     2] loss: 0.025
Epoch 1/20:
Train Loss: 0.2025, Train Accuracy: 94.12%
Validation Loss: 4.1115, Validation Accuracy: 23.89%
[Epoch 2, Batch     2] loss: 0.002
Epoch 2/20:
Train Loss: 0.0722, Train Accuracy: 98.03%
Validation Loss: 3.8577, Validation Accuracy: 38.30%
[Epoch 3, Batch     2] loss: 0.001
Epoch 3/20:
Train Loss: 0.0445, Train Accuracy: 98.74%
Validation Loss: 4.2914, Validation Accuracy: 33.28%
[Epoch 4, Batch     2] loss: 0.000
Epoch 4/20:
Train Loss: 0.0584, Train Accuracy: 98.27%
Validation Loss: 3.7473, Validation Accuracy: 31.90%
[Epoch 5, Batch     2] loss: 0.000
Epoch 5/20:
Train Loss: 0.0256, Train Accuracy: 99.25%
Validation Loss: 4.0273, Validation Accuracy: 36.24%
[Epoch 6, Batch     2] loss: 0.000
Epoch 6/20:
Train Loss: 0.0227, Train Accuracy: 99.29%
Validation Loss: 3.5447, Validation Accuracy: 45.63%
[Epoch 7, Batch     2] loss: 0.000
Epoch 7/20:
Train Loss: 0.0150, Train Accuracy: 99.39%
Validation Loss: 3.5810, Validation Accuracy: 46.29%
[Epoch 8, Batch     2] loss: 0.000
Epoch 8/20:
Train Loss: 0.0150, Train Accuracy: 99.46%
Validation Loss: 3.8281, Validation Accuracy: 43.84%
[Epoch 9, Batch     2] loss: 0.001
Epoch 9/20:
Train Loss: 0.0235, Train Accuracy: 99.25%
Validation Loss: 3.5011, Validation Accuracy: 43.10%
[Epoch 10, Batch     2] loss: 0.002
Epoch 10/20:
Train Loss: 0.0214, Train Accuracy: 99.32%
Validation Loss: 3.8161, Validation Accuracy: 43.83%
[Epoch 11, Batch     2] loss: 0.000
Epoch 11/20:
Train Loss: 0.0171, Train Accuracy: 99.39%
Validation Loss: 4.4968, Validation Accuracy: 45.99%
[Epoch 12, Batch     2] loss: 0.000
Epoch 12/20:
Train Loss: 0.0275, Train Accuracy: 99.22%
Validation Loss: 4.5868, Validation Accuracy: 37.15%
[Epoch 13, Batch     2] loss: 0.000
Epoch 13/20:
Train Loss: 0.0087, Train Accuracy: 99.80%
Validation Loss: 3.6077, Validation Accuracy: 43.67%
[Epoch 14, Batch     2] loss: 0.000
Epoch 14/20:
Train Loss: 0.0025, Train Accuracy: 99.93%
Validation Loss: 3.9597, Validation Accuracy: 45.12%
[Epoch 15, Batch     2] loss: 0.001
Epoch 15/20:
Train Loss: 0.0021, Train Accuracy: 99.90%
Validation Loss: 3.5210, Validation Accuracy: 47.45%
[Epoch 16, Batch     2] loss: 0.000
Epoch 16/20:
Train Loss: 0.0014, Train Accuracy: 99.90%
Validation Loss: 3.8026, Validation Accuracy: 49.25%
[Epoch 17, Batch     2] loss: 0.000
Epoch 17/20:
Train Loss: 0.0004, Train Accuracy: 100.00%
Validation Loss: 3.7730, Validation Accuracy: 48.72%
[Epoch 18, Batch     2] loss: 0.000
Epoch 18/20:
Train Loss: 0.0003, Train Accuracy: 100.00%
Validation Loss: 3.7503, Validation Accuracy: 49.96%
[Epoch 19, Batch     2] loss: 0.000
Epoch 19/20:
Train Loss: 0.0002, Train Accuracy: 100.00%
Validation Loss: 3.6717, Validation Accuracy: 49.17%
[Epoch 20, Batch     2] loss: 0.000
Epoch 20/20:
Train Loss: 0.0004, Train Accuracy: 100.00%
Validation Loss: 3.7998, Validation Accuracy: 50.20%
Model saved to models/resnet18-MNIST-BELIEF-median-0.95-1
Modified conv1: updated in_channels to 1.
Modified fc layer: updated out_features to 10.
Loaded weights from file: models/resnet18_MNIST_E1_1
Modified conv1: updated in_channels to 1.
Modified fc layer: updated out_features to 10.
Initialized untrained model.
resnet18-MNIST-BELIEF-balanced_by_score1-0.3-1
[Epoch 1, Batch     2] loss: 0.041
[Epoch 1, Batch   102] loss: 0.322
[Epoch 1, Batch   202] loss: 0.189
[Epoch 1, Batch   302] loss: 0.141
[Epoch 1, Batch   402] loss: 0.126
[Epoch 1, Batch   502] loss: 0.112
[Epoch 1, Batch   602] loss: 0.103
Epoch 1/20:
Train Loss: 0.0093, Train Accuracy: 94.81%
Validation Loss: 0.0708, Validation Accuracy: 97.81%
[Epoch 2, Batch     2] loss: 0.002
[Epoch 2, Batch   102] loss: 0.078
[Epoch 2, Batch   202] loss: 0.077
[Epoch 2, Batch   302] loss: 0.074
[Epoch 2, Batch   402] loss: 0.077
[Epoch 2, Batch   502] loss: 0.077
[Epoch 2, Batch   602] loss: 0.071
Epoch 2/20:
Train Loss: 0.0060, Train Accuracy: 97.74%
Validation Loss: 0.0601, Validation Accuracy: 98.12%
[Epoch 3, Batch     2] loss: 0.000
[Epoch 3, Batch   102] loss: 0.061
[Epoch 3, Batch   202] loss: 0.060
[Epoch 3, Batch   302] loss: 0.052
[Epoch 3, Batch   402] loss: 0.064
[Epoch 3, Batch   502] loss: 0.073
[Epoch 3, Batch   602] loss: 0.060
Epoch 3/20:
Train Loss: 0.0044, Train Accuracy: 98.20%
Validation Loss: 0.0464, Validation Accuracy: 98.69%
[Epoch 4, Batch     2] loss: 0.000
[Epoch 4, Batch   102] loss: 0.042
[Epoch 4, Batch   202] loss: 0.049
[Epoch 4, Batch   302] loss: 0.044
[Epoch 4, Batch   402] loss: 0.048
[Epoch 4, Batch   502] loss: 0.054
[Epoch 4, Batch   602] loss: 0.059
Epoch 4/20:
Train Loss: 0.0036, Train Accuracy: 98.57%
Validation Loss: 0.0378, Validation Accuracy: 98.86%
[Epoch 5, Batch     2] loss: 0.001
[Epoch 5, Batch   102] loss: 0.040
[Epoch 5, Batch   202] loss: 0.047
[Epoch 5, Batch   302] loss: 0.053
[Epoch 5, Batch   402] loss: 0.046
[Epoch 5, Batch   502] loss: 0.038
[Epoch 5, Batch   602] loss: 0.047
Epoch 5/20:
Train Loss: 0.0038, Train Accuracy: 98.67%
Validation Loss: 0.0542, Validation Accuracy: 98.31%
[Epoch 6, Batch     2] loss: 0.000
[Epoch 6, Batch   102] loss: 0.044
[Epoch 6, Batch   202] loss: 0.038
[Epoch 6, Batch   302] loss: 0.037
[Epoch 6, Batch   402] loss: 0.039
[Epoch 6, Batch   502] loss: 0.045
[Epoch 6, Batch   602] loss: 0.042
Epoch 6/20:
Train Loss: 0.0046, Train Accuracy: 98.72%
Validation Loss: 0.0369, Validation Accuracy: 98.93%
[Epoch 7, Batch     2] loss: 0.001
[Epoch 7, Batch   102] loss: 0.032
[Epoch 7, Batch   202] loss: 0.040
[Epoch 7, Batch   302] loss: 0.034
[Epoch 7, Batch   402] loss: 0.042
[Epoch 7, Batch   502] loss: 0.036
[Epoch 7, Batch   602] loss: 0.055
Epoch 7/20:
Train Loss: 0.0033, Train Accuracy: 98.77%
Validation Loss: 0.0406, Validation Accuracy: 98.71%
[Epoch 8, Batch     2] loss: 0.000
[Epoch 8, Batch   102] loss: 0.030
[Epoch 8, Batch   202] loss: 0.028
[Epoch 8, Batch   302] loss: 0.031
[Epoch 8, Batch   402] loss: 0.033
[Epoch 8, Batch   502] loss: 0.039
[Epoch 8, Batch   602] loss: 0.041
Epoch 8/20:
Train Loss: 0.0046, Train Accuracy: 98.92%
Validation Loss: 0.1306, Validation Accuracy: 96.04%
[Epoch 9, Batch     2] loss: 0.001
[Epoch 9, Batch   102] loss: 0.028
[Epoch 9, Batch   202] loss: 0.039
[Epoch 9, Batch   302] loss: 0.023
[Epoch 9, Batch   402] loss: 0.024
[Epoch 9, Batch   502] loss: 0.041
[Epoch 9, Batch   602] loss: 0.046
Epoch 9/20:
Train Loss: 0.0032, Train Accuracy: 98.96%
Validation Loss: 0.0430, Validation Accuracy: 98.66%
[Epoch 10, Batch     2] loss: 0.001
[Epoch 10, Batch   102] loss: 0.030
[Epoch 10, Batch   202] loss: 0.027
[Epoch 10, Batch   302] loss: 0.031
[Epoch 10, Batch   402] loss: 0.045
[Epoch 10, Batch   502] loss: 0.035
[Epoch 10, Batch   602] loss: 0.026
Epoch 10/20:
Train Loss: 0.0028, Train Accuracy: 99.00%
Validation Loss: 0.0478, Validation Accuracy: 98.69%
[Epoch 11, Batch     2] loss: 0.001
[Epoch 11, Batch   102] loss: 0.022
[Epoch 11, Batch   202] loss: 0.022
[Epoch 11, Batch   302] loss: 0.034
[Epoch 11, Batch   402] loss: 0.023
[Epoch 11, Batch   502] loss: 0.028
[Epoch 11, Batch   602] loss: 0.027
Epoch 11/20:
Train Loss: 0.0033, Train Accuracy: 99.18%
Validation Loss: 0.0362, Validation Accuracy: 98.99%
[Epoch 12, Batch     2] loss: 0.000
[Epoch 12, Batch   102] loss: 0.021
[Epoch 12, Batch   202] loss: 0.025
[Epoch 12, Batch   302] loss: 0.027
[Epoch 12, Batch   402] loss: 0.026
[Epoch 12, Batch   502] loss: 0.029
[Epoch 12, Batch   602] loss: 0.030
Epoch 12/20:
Train Loss: 0.0023, Train Accuracy: 99.19%
Validation Loss: 0.0424, Validation Accuracy: 98.82%
[Epoch 13, Batch     2] loss: 0.001
[Epoch 13, Batch   102] loss: 0.020
[Epoch 13, Batch   202] loss: 0.015
[Epoch 13, Batch   302] loss: 0.031
[Epoch 13, Batch   402] loss: 0.024
[Epoch 13, Batch   502] loss: 0.026
[Epoch 13, Batch   602] loss: 0.030
Epoch 13/20:
Train Loss: 0.0029, Train Accuracy: 99.23%
Validation Loss: 0.0609, Validation Accuracy: 98.28%
[Epoch 14, Batch     2] loss: 0.000
[Epoch 14, Batch   102] loss: 0.024
[Epoch 14, Batch   202] loss: 0.020
[Epoch 14, Batch   302] loss: 0.021
[Epoch 14, Batch   402] loss: 0.026
[Epoch 14, Batch   502] loss: 0.015
[Epoch 14, Batch   602] loss: 0.024
Epoch 14/20:
Train Loss: 0.0019, Train Accuracy: 99.34%
Validation Loss: 0.0522, Validation Accuracy: 98.53%
[Epoch 15, Batch     2] loss: 0.001
[Epoch 15, Batch   102] loss: 0.021
[Epoch 15, Batch   202] loss: 0.024
[Epoch 15, Batch   302] loss: 0.015
[Epoch 15, Batch   402] loss: 0.025
[Epoch 15, Batch   502] loss: 0.026
[Epoch 15, Batch   602] loss: 0.024
Epoch 15/20:
Train Loss: 0.0019, Train Accuracy: 99.31%
Validation Loss: 0.0476, Validation Accuracy: 98.70%
[Epoch 16, Batch     2] loss: 0.000
[Epoch 16, Batch   102] loss: 0.021
[Epoch 16, Batch   202] loss: 0.022
[Epoch 16, Batch   302] loss: 0.019
[Epoch 16, Batch   402] loss: 0.015
[Epoch 16, Batch   502] loss: 0.022
[Epoch 16, Batch   602] loss: 0.020
Epoch 16/20:
Train Loss: 0.0021, Train Accuracy: 99.37%
Validation Loss: 0.0355, Validation Accuracy: 98.97%
[Epoch 17, Batch     2] loss: 0.000
[Epoch 17, Batch   102] loss: 0.016
[Epoch 17, Batch   202] loss: 0.014
[Epoch 17, Batch   302] loss: 0.014
[Epoch 17, Batch   402] loss: 0.017
[Epoch 17, Batch   502] loss: 0.029
[Epoch 17, Batch   602] loss: 0.022
Epoch 17/20:
Train Loss: 0.0021, Train Accuracy: 99.43%
Validation Loss: 0.0404, Validation Accuracy: 98.81%
[Epoch 18, Batch     2] loss: 0.000
[Epoch 18, Batch   102] loss: 0.019
[Epoch 18, Batch   202] loss: 0.015
[Epoch 18, Batch   302] loss: 0.023
[Epoch 18, Batch   402] loss: 0.022
[Epoch 18, Batch   502] loss: 0.014
[Epoch 18, Batch   602] loss: 0.018
Epoch 18/20:
Train Loss: 0.0019, Train Accuracy: 99.42%
Validation Loss: 0.0390, Validation Accuracy: 98.90%
[Epoch 19, Batch     2] loss: 0.000
[Epoch 19, Batch   102] loss: 0.012
[Epoch 19, Batch   202] loss: 0.014
[Epoch 19, Batch   302] loss: 0.008
[Epoch 19, Batch   402] loss: 0.019
[Epoch 19, Batch   502] loss: 0.028
[Epoch 19, Batch   602] loss: 0.022
Epoch 19/20:
Train Loss: 0.0017, Train Accuracy: 99.44%
Validation Loss: 0.0427, Validation Accuracy: 98.91%
[Epoch 20, Batch     2] loss: 0.000
[Epoch 20, Batch   102] loss: 0.010
[Epoch 20, Batch   202] loss: 0.010
[Epoch 20, Batch   302] loss: 0.011
[Epoch 20, Batch   402] loss: 0.020
[Epoch 20, Batch   502] loss: 0.024
[Epoch 20, Batch   602] loss: 0.016
Epoch 20/20:
Train Loss: 0.0013, Train Accuracy: 99.55%
Validation Loss: 0.0417, Validation Accuracy: 98.83%
Model saved to models/resnet18-MNIST-BELIEF-balanced_by_score1-0.3-1
Modified conv1: updated in_channels to 1.
Modified fc layer: updated out_features to 10.
Initialized untrained model.
resnet18-MNIST-BELIEF-balanced_by_score1-0.5-1
[Epoch 1, Batch     2] loss: 0.040
[Epoch 1, Batch   102] loss: 0.322
[Epoch 1, Batch   202] loss: 0.170
[Epoch 1, Batch   302] loss: 0.166
[Epoch 1, Batch   402] loss: 0.114
Epoch 1/20:
Train Loss: 0.0148, Train Accuracy: 94.15%
Validation Loss: 0.1635, Validation Accuracy: 95.37%
[Epoch 2, Batch     2] loss: 0.002
[Epoch 2, Batch   102] loss: 0.080
[Epoch 2, Batch   202] loss: 0.088
[Epoch 2, Batch   302] loss: 0.080
[Epoch 2, Batch   402] loss: 0.081
Epoch 2/20:
Train Loss: 0.0136, Train Accuracy: 97.32%
Validation Loss: 0.0780, Validation Accuracy: 97.63%
[Epoch 3, Batch     2] loss: 0.001
[Epoch 3, Batch   102] loss: 0.064
[Epoch 3, Batch   202] loss: 0.061
[Epoch 3, Batch   302] loss: 0.071
[Epoch 3, Batch   402] loss: 0.072
Epoch 3/20:
Train Loss: 0.0091, Train Accuracy: 97.94%
Validation Loss: 0.0775, Validation Accuracy: 97.74%
[Epoch 4, Batch     2] loss: 0.001
[Epoch 4, Batch   102] loss: 0.045
[Epoch 4, Batch   202] loss: 0.044
[Epoch 4, Batch   302] loss: 0.057
[Epoch 4, Batch   402] loss: 0.064
Epoch 4/20:
Train Loss: 0.0072, Train Accuracy: 98.37%
Validation Loss: 0.0493, Validation Accuracy: 98.49%
[Epoch 5, Batch     2] loss: 0.001
[Epoch 5, Batch   102] loss: 0.038
[Epoch 5, Batch   202] loss: 0.050
[Epoch 5, Batch   302] loss: 0.042
[Epoch 5, Batch   402] loss: 0.050
Epoch 5/20:
Train Loss: 0.0069, Train Accuracy: 98.60%
Validation Loss: 0.0735, Validation Accuracy: 97.89%
[Epoch 6, Batch     2] loss: 0.000
[Epoch 6, Batch   102] loss: 0.039
[Epoch 6, Batch   202] loss: 0.035
[Epoch 6, Batch   302] loss: 0.054
[Epoch 6, Batch   402] loss: 0.042
Epoch 6/20:
Train Loss: 0.0057, Train Accuracy: 98.69%
Validation Loss: 0.0494, Validation Accuracy: 98.49%
[Epoch 7, Batch     2] loss: 0.000
[Epoch 7, Batch   102] loss: 0.028
[Epoch 7, Batch   202] loss: 0.035
[Epoch 7, Batch   302] loss: 0.045
[Epoch 7, Batch   402] loss: 0.048
Epoch 7/20:
Train Loss: 0.0048, Train Accuracy: 98.82%
Validation Loss: 0.0517, Validation Accuracy: 98.43%
[Epoch 8, Batch     2] loss: 0.001
[Epoch 8, Batch   102] loss: 0.024
[Epoch 8, Batch   202] loss: 0.035
[Epoch 8, Batch   302] loss: 0.040
[Epoch 8, Batch   402] loss: 0.043
Epoch 8/20:
Train Loss: 0.0053, Train Accuracy: 98.87%
Validation Loss: 0.0437, Validation Accuracy: 98.67%
[Epoch 9, Batch     2] loss: 0.000
[Epoch 9, Batch   102] loss: 0.027
[Epoch 9, Batch   202] loss: 0.031
[Epoch 9, Batch   302] loss: 0.035
[Epoch 9, Batch   402] loss: 0.029
Epoch 9/20:
Train Loss: 0.0059, Train Accuracy: 99.01%
Validation Loss: 0.0468, Validation Accuracy: 98.60%
[Epoch 10, Batch     2] loss: 0.001
[Epoch 10, Batch   102] loss: 0.018
[Epoch 10, Batch   202] loss: 0.036
[Epoch 10, Batch   302] loss: 0.038
[Epoch 10, Batch   402] loss: 0.028
Epoch 10/20:
Train Loss: 0.0061, Train Accuracy: 99.01%
Validation Loss: 0.0410, Validation Accuracy: 98.83%
[Epoch 11, Batch     2] loss: 0.000
[Epoch 11, Batch   102] loss: 0.024
[Epoch 11, Batch   202] loss: 0.035
[Epoch 11, Batch   302] loss: 0.032
[Epoch 11, Batch   402] loss: 0.024
Epoch 11/20:
Train Loss: 0.0049, Train Accuracy: 99.13%
Validation Loss: 0.0526, Validation Accuracy: 98.53%
[Epoch 12, Batch     2] loss: 0.001
[Epoch 12, Batch   102] loss: 0.024
[Epoch 12, Batch   202] loss: 0.021
[Epoch 12, Batch   302] loss: 0.029
[Epoch 12, Batch   402] loss: 0.029
Epoch 12/20:
Train Loss: 0.0047, Train Accuracy: 99.17%
Validation Loss: 0.0354, Validation Accuracy: 98.97%
[Epoch 13, Batch     2] loss: 0.000
[Epoch 13, Batch   102] loss: 0.022
[Epoch 13, Batch   202] loss: 0.017
[Epoch 13, Batch   302] loss: 0.031
[Epoch 13, Batch   402] loss: 0.028
Epoch 13/20:
Train Loss: 0.0040, Train Accuracy: 99.23%
Validation Loss: 0.0614, Validation Accuracy: 98.26%
[Epoch 14, Batch     2] loss: 0.001
[Epoch 14, Batch   102] loss: 0.030
[Epoch 14, Batch   202] loss: 0.029
[Epoch 14, Batch   302] loss: 0.025
[Epoch 14, Batch   402] loss: 0.024
Epoch 14/20:
Train Loss: 0.0028, Train Accuracy: 99.20%
Validation Loss: 0.0463, Validation Accuracy: 98.67%
[Epoch 15, Batch     2] loss: 0.000
[Epoch 15, Batch   102] loss: 0.011
[Epoch 15, Batch   202] loss: 0.021
[Epoch 15, Batch   302] loss: 0.020
[Epoch 15, Batch   402] loss: 0.026
Epoch 15/20:
Train Loss: 0.0031, Train Accuracy: 99.40%
Validation Loss: 0.0879, Validation Accuracy: 97.53%
[Epoch 16, Batch     2] loss: 0.001
[Epoch 16, Batch   102] loss: 0.017
[Epoch 16, Batch   202] loss: 0.021
[Epoch 16, Batch   302] loss: 0.023
[Epoch 16, Batch   402] loss: 0.033
Epoch 16/20:
Train Loss: 0.0033, Train Accuracy: 99.30%
Validation Loss: 0.0478, Validation Accuracy: 98.52%
[Epoch 17, Batch     2] loss: 0.000
[Epoch 17, Batch   102] loss: 0.014
[Epoch 17, Batch   202] loss: 0.016
[Epoch 17, Batch   302] loss: 0.033
[Epoch 17, Batch   402] loss: 0.020
Epoch 17/20:
Train Loss: 0.0039, Train Accuracy: 99.38%
Validation Loss: 0.0504, Validation Accuracy: 98.46%
[Epoch 18, Batch     2] loss: 0.000
[Epoch 18, Batch   102] loss: 0.018
[Epoch 18, Batch   202] loss: 0.012
[Epoch 18, Batch   302] loss: 0.020
[Epoch 18, Batch   402] loss: 0.022
Epoch 18/20:
Train Loss: 0.0050, Train Accuracy: 99.41%
Validation Loss: 0.0449, Validation Accuracy: 98.63%
[Epoch 19, Batch     2] loss: 0.000
[Epoch 19, Batch   102] loss: 0.009
[Epoch 19, Batch   202] loss: 0.021
[Epoch 19, Batch   302] loss: 0.017
[Epoch 19, Batch   402] loss: 0.016
Epoch 19/20:
Train Loss: 0.0027, Train Accuracy: 99.47%
Validation Loss: 0.0507, Validation Accuracy: 98.60%
[Epoch 20, Batch     2] loss: 0.000
[Epoch 20, Batch   102] loss: 0.013
[Epoch 20, Batch   202] loss: 0.020
[Epoch 20, Batch   302] loss: 0.017
[Epoch 20, Batch   402] loss: 0.017
Epoch 20/20:
Train Loss: 0.0024, Train Accuracy: 99.49%
Validation Loss: 0.0649, Validation Accuracy: 98.11%
Model saved to models/resnet18-MNIST-BELIEF-balanced_by_score1-0.5-1
Modified conv1: updated in_channels to 1.
Modified fc layer: updated out_features to 10.
Initialized untrained model.
resnet18-MNIST-BELIEF-balanced_by_score1-0.7-1
[Epoch 1, Batch     2] loss: 0.041
[Epoch 1, Batch   102] loss: 0.337
[Epoch 1, Batch   202] loss: 0.166
Epoch 1/20:
Train Loss: 0.0405, Train Accuracy: 92.97%
Validation Loss: 0.0927, Validation Accuracy: 97.07%
[Epoch 2, Batch     2] loss: 0.001
[Epoch 2, Batch   102] loss: 0.102
[Epoch 2, Batch   202] loss: 0.087
Epoch 2/20:
Train Loss: 0.0264, Train Accuracy: 97.11%
Validation Loss: 0.1005, Validation Accuracy: 96.72%
[Epoch 3, Batch     2] loss: 0.001
[Epoch 3, Batch   102] loss: 0.084
[Epoch 3, Batch   202] loss: 0.079
Epoch 3/20:
Train Loss: 0.0165, Train Accuracy: 97.74%
Validation Loss: 0.0596, Validation Accuracy: 98.03%
[Epoch 4, Batch     2] loss: 0.002
[Epoch 4, Batch   102] loss: 0.055
[Epoch 4, Batch   202] loss: 0.074
Epoch 4/20:
Train Loss: 0.0167, Train Accuracy: 98.09%
Validation Loss: 0.0732, Validation Accuracy: 97.67%
[Epoch 5, Batch     2] loss: 0.001
[Epoch 5, Batch   102] loss: 0.048
[Epoch 5, Batch   202] loss: 0.058
Epoch 5/20:
Train Loss: 0.0173, Train Accuracy: 98.35%
Validation Loss: 0.0602, Validation Accuracy: 98.19%
[Epoch 6, Batch     2] loss: 0.000
[Epoch 6, Batch   102] loss: 0.038
[Epoch 6, Batch   202] loss: 0.038
Epoch 6/20:
Train Loss: 0.0141, Train Accuracy: 98.72%
Validation Loss: 0.0730, Validation Accuracy: 97.76%
[Epoch 7, Batch     2] loss: 0.000
[Epoch 7, Batch   102] loss: 0.026
[Epoch 7, Batch   202] loss: 0.042
Epoch 7/20:
Train Loss: 0.0139, Train Accuracy: 98.82%
Validation Loss: 0.0760, Validation Accuracy: 97.88%
[Epoch 8, Batch     2] loss: 0.000
[Epoch 8, Batch   102] loss: 0.031
[Epoch 8, Batch   202] loss: 0.032
Epoch 8/20:
Train Loss: 0.0115, Train Accuracy: 99.00%
Validation Loss: 0.0540, Validation Accuracy: 98.20%
[Epoch 9, Batch     2] loss: 0.001
[Epoch 9, Batch   102] loss: 0.029
[Epoch 9, Batch   202] loss: 0.034
Epoch 9/20:
Train Loss: 0.0079, Train Accuracy: 99.09%
Validation Loss: 0.0712, Validation Accuracy: 97.99%
[Epoch 10, Batch     2] loss: 0.000
[Epoch 10, Batch   102] loss: 0.033
[Epoch 10, Batch   202] loss: 0.043
Epoch 10/20:
Train Loss: 0.0083, Train Accuracy: 98.98%
Validation Loss: 0.0623, Validation Accuracy: 98.24%
[Epoch 11, Batch     2] loss: 0.001
[Epoch 11, Batch   102] loss: 0.026
[Epoch 11, Batch   202] loss: 0.037
Epoch 11/20:
Train Loss: 0.0145, Train Accuracy: 98.80%
Validation Loss: 0.0704, Validation Accuracy: 98.00%
[Epoch 12, Batch     2] loss: 0.000
[Epoch 12, Batch   102] loss: 0.027
[Epoch 12, Batch   202] loss: 0.021
Epoch 12/20:
Train Loss: 0.0102, Train Accuracy: 99.14%
Validation Loss: 0.0521, Validation Accuracy: 98.44%
[Epoch 13, Batch     2] loss: 0.000
[Epoch 13, Batch   102] loss: 0.018
[Epoch 13, Batch   202] loss: 0.048
Epoch 13/20:
Train Loss: 0.0083, Train Accuracy: 99.12%
Validation Loss: 0.0484, Validation Accuracy: 98.63%
[Epoch 14, Batch     2] loss: 0.001
[Epoch 14, Batch   102] loss: 0.020
[Epoch 14, Batch   202] loss: 0.023
Epoch 14/20:
Train Loss: 0.0092, Train Accuracy: 99.24%
Validation Loss: 0.1342, Validation Accuracy: 96.93%
[Epoch 15, Batch     2] loss: 0.002
[Epoch 15, Batch   102] loss: 0.027
[Epoch 15, Batch   202] loss: 0.041
Epoch 15/20:
Train Loss: 0.0066, Train Accuracy: 98.94%
Validation Loss: 0.0635, Validation Accuracy: 98.21%
[Epoch 16, Batch     2] loss: 0.002
[Epoch 16, Batch   102] loss: 0.021
[Epoch 16, Batch   202] loss: 0.011
Epoch 16/20:
Train Loss: 0.0093, Train Accuracy: 99.42%
Validation Loss: 0.0907, Validation Accuracy: 97.53%
[Epoch 17, Batch     2] loss: 0.000
[Epoch 17, Batch   102] loss: 0.024
[Epoch 17, Batch   202] loss: 0.027
Epoch 17/20:
Train Loss: 0.0063, Train Accuracy: 99.17%
Validation Loss: 0.0414, Validation Accuracy: 98.73%
[Epoch 18, Batch     2] loss: 0.000
[Epoch 18, Batch   102] loss: 0.020
[Epoch 18, Batch   202] loss: 0.013
Epoch 18/20:
Train Loss: 0.0067, Train Accuracy: 99.47%
Validation Loss: 0.0530, Validation Accuracy: 98.64%
[Epoch 19, Batch     2] loss: 0.000
[Epoch 19, Batch   102] loss: 0.015
[Epoch 19, Batch   202] loss: 0.022
Epoch 19/20:
Train Loss: 0.0067, Train Accuracy: 99.38%
Validation Loss: 0.0748, Validation Accuracy: 98.11%
[Epoch 20, Batch     2] loss: 0.001
[Epoch 20, Batch   102] loss: 0.022
[Epoch 20, Batch   202] loss: 0.028
Epoch 20/20:
Train Loss: 0.0097, Train Accuracy: 99.13%
Validation Loss: 0.1009, Validation Accuracy: 97.38%
Model saved to models/resnet18-MNIST-BELIEF-balanced_by_score1-0.7-1
Modified conv1: updated in_channels to 1.
Modified fc layer: updated out_features to 10.
Initialized untrained model.
resnet18-MNIST-BELIEF-balanced_by_score1-0.8-1
[Epoch 1, Batch     2] loss: 0.044
[Epoch 1, Batch   102] loss: 0.323
Epoch 1/20:
Train Loss: 0.0825, Train Accuracy: 91.22%
Validation Loss: 0.1450, Validation Accuracy: 95.49%
[Epoch 2, Batch     2] loss: 0.005
[Epoch 2, Batch   102] loss: 0.107
Epoch 2/20:
Train Loss: 0.0510, Train Accuracy: 96.46%
Validation Loss: 0.1605, Validation Accuracy: 94.93%
[Epoch 3, Batch     2] loss: 0.002
[Epoch 3, Batch   102] loss: 0.082
Epoch 3/20:
Train Loss: 0.0363, Train Accuracy: 97.48%
Validation Loss: 0.2565, Validation Accuracy: 91.54%
[Epoch 4, Batch     2] loss: 0.001
[Epoch 4, Batch   102] loss: 0.066
Epoch 4/20:
Train Loss: 0.0355, Train Accuracy: 97.77%
Validation Loss: 0.1103, Validation Accuracy: 96.79%
[Epoch 5, Batch     2] loss: 0.002
[Epoch 5, Batch   102] loss: 0.052
Epoch 5/20:
Train Loss: 0.0257, Train Accuracy: 98.32%
Validation Loss: 0.0646, Validation Accuracy: 98.05%
[Epoch 6, Batch     2] loss: 0.001
[Epoch 6, Batch   102] loss: 0.059
Epoch 6/20:
Train Loss: 0.0210, Train Accuracy: 98.44%
Validation Loss: 0.0992, Validation Accuracy: 96.73%
[Epoch 7, Batch     2] loss: 0.001
[Epoch 7, Batch   102] loss: 0.047
Epoch 7/20:
Train Loss: 0.0189, Train Accuracy: 98.45%
Validation Loss: 0.0723, Validation Accuracy: 97.78%
[Epoch 8, Batch     2] loss: 0.001
[Epoch 8, Batch   102] loss: 0.038
Epoch 8/20:
Train Loss: 0.0120, Train Accuracy: 99.05%
Validation Loss: 0.0903, Validation Accuracy: 97.48%
[Epoch 9, Batch     2] loss: 0.001
[Epoch 9, Batch   102] loss: 0.033
Epoch 9/20:
Train Loss: 0.0158, Train Accuracy: 98.89%
Validation Loss: 0.0675, Validation Accuracy: 97.95%
[Epoch 10, Batch     2] loss: 0.001
[Epoch 10, Batch   102] loss: 0.031
Epoch 10/20:
Train Loss: 0.0173, Train Accuracy: 98.94%
Validation Loss: 0.1180, Validation Accuracy: 96.64%
[Epoch 11, Batch     2] loss: 0.001
[Epoch 11, Batch   102] loss: 0.040
Epoch 11/20:
Train Loss: 0.0117, Train Accuracy: 98.91%
Validation Loss: 0.0677, Validation Accuracy: 98.14%
[Epoch 12, Batch     2] loss: 0.001
[Epoch 12, Batch   102] loss: 0.039
Epoch 12/20:
Train Loss: 0.0164, Train Accuracy: 98.84%
Validation Loss: 0.0615, Validation Accuracy: 98.17%
[Epoch 13, Batch     2] loss: 0.000
[Epoch 13, Batch   102] loss: 0.019
Epoch 13/20:
Train Loss: 0.0073, Train Accuracy: 99.41%
Validation Loss: 0.0535, Validation Accuracy: 98.35%
[Epoch 14, Batch     2] loss: 0.000
[Epoch 14, Batch   102] loss: 0.026
Epoch 14/20:
Train Loss: 0.0119, Train Accuracy: 99.14%
Validation Loss: 0.0629, Validation Accuracy: 98.21%
[Epoch 15, Batch     2] loss: 0.001
[Epoch 15, Batch   102] loss: 0.019
Epoch 15/20:
Train Loss: 0.0125, Train Accuracy: 99.33%
Validation Loss: 0.1239, Validation Accuracy: 96.47%
[Epoch 16, Batch     2] loss: 0.000
[Epoch 16, Batch   102] loss: 0.026
Epoch 16/20:
Train Loss: 0.0107, Train Accuracy: 99.27%
Validation Loss: 0.0690, Validation Accuracy: 97.92%
[Epoch 17, Batch     2] loss: 0.001
[Epoch 17, Batch   102] loss: 0.016
Epoch 17/20:
Train Loss: 0.0116, Train Accuracy: 99.39%
Validation Loss: 0.0524, Validation Accuracy: 98.60%
[Epoch 18, Batch     2] loss: 0.000
[Epoch 18, Batch   102] loss: 0.019
Epoch 18/20:
Train Loss: 0.0107, Train Accuracy: 99.41%
Validation Loss: 0.1279, Validation Accuracy: 96.63%
[Epoch 19, Batch     2] loss: 0.000
[Epoch 19, Batch   102] loss: 0.017
Epoch 19/20:
Train Loss: 0.0086, Train Accuracy: 99.47%
Validation Loss: 0.0634, Validation Accuracy: 98.15%
[Epoch 20, Batch     2] loss: 0.000
[Epoch 20, Batch   102] loss: 0.019
Epoch 20/20:
Train Loss: 0.0121, Train Accuracy: 99.40%
Validation Loss: 0.0540, Validation Accuracy: 98.45%
Model saved to models/resnet18-MNIST-BELIEF-balanced_by_score1-0.8-1
Modified conv1: updated in_channels to 1.
Modified fc layer: updated out_features to 10.
Initialized untrained model.
resnet18-MNIST-BELIEF-balanced_by_score1-0.9-1
[Epoch 1, Batch     2] loss: 0.044
Epoch 1/20:
Train Loss: 0.3436, Train Accuracy: 87.53%
Validation Loss: 0.3485, Validation Accuracy: 89.80%
[Epoch 2, Batch     2] loss: 0.004
Epoch 2/20:
Train Loss: 0.1399, Train Accuracy: 95.50%
Validation Loss: 0.1478, Validation Accuracy: 95.45%
[Epoch 3, Batch     2] loss: 0.002
Epoch 3/20:
Train Loss: 0.1086, Train Accuracy: 96.47%
Validation Loss: 0.1375, Validation Accuracy: 95.76%
[Epoch 4, Batch     2] loss: 0.005
Epoch 4/20:
Train Loss: 0.0885, Train Accuracy: 96.82%
Validation Loss: 0.1098, Validation Accuracy: 96.64%
[Epoch 5, Batch     2] loss: 0.001
Epoch 5/20:
Train Loss: 0.0738, Train Accuracy: 97.67%
Validation Loss: 0.1740, Validation Accuracy: 94.76%
[Epoch 6, Batch     2] loss: 0.001
Epoch 6/20:
Train Loss: 0.0644, Train Accuracy: 97.98%
Validation Loss: 0.2009, Validation Accuracy: 94.30%
[Epoch 7, Batch     2] loss: 0.000
Epoch 7/20:
Train Loss: 0.0648, Train Accuracy: 98.15%
Validation Loss: 0.0710, Validation Accuracy: 97.71%
[Epoch 8, Batch     2] loss: 0.000
Epoch 8/20:
Train Loss: 0.0397, Train Accuracy: 98.64%
Validation Loss: 0.1197, Validation Accuracy: 96.53%
[Epoch 9, Batch     2] loss: 0.001
Epoch 9/20:
Train Loss: 0.0411, Train Accuracy: 98.69%
Validation Loss: 0.1463, Validation Accuracy: 96.05%
[Epoch 10, Batch     2] loss: 0.001
Epoch 10/20:
Train Loss: 0.0418, Train Accuracy: 98.91%
Validation Loss: 0.0809, Validation Accuracy: 97.52%
[Epoch 11, Batch     2] loss: 0.000
Epoch 11/20:
Train Loss: 0.0200, Train Accuracy: 99.34%
Validation Loss: 0.0677, Validation Accuracy: 98.01%
[Epoch 12, Batch     2] loss: 0.000
Epoch 12/20:
Train Loss: 0.0163, Train Accuracy: 99.56%
Validation Loss: 0.0617, Validation Accuracy: 98.36%
[Epoch 13, Batch     2] loss: 0.000
Epoch 13/20:
Train Loss: 0.0262, Train Accuracy: 99.17%
Validation Loss: 0.1281, Validation Accuracy: 96.13%
[Epoch 14, Batch     2] loss: 0.000
Epoch 14/20:
Train Loss: 0.0343, Train Accuracy: 99.01%
Validation Loss: 0.0888, Validation Accuracy: 97.47%
[Epoch 15, Batch     2] loss: 0.000
Epoch 15/20:
Train Loss: 0.0277, Train Accuracy: 99.05%
Validation Loss: 0.0814, Validation Accuracy: 97.64%
[Epoch 16, Batch     2] loss: 0.002
Epoch 16/20:
Train Loss: 0.0272, Train Accuracy: 99.12%
Validation Loss: 0.0872, Validation Accuracy: 97.47%
[Epoch 17, Batch     2] loss: 0.000
Epoch 17/20:
Train Loss: 0.0201, Train Accuracy: 99.42%
Validation Loss: 0.1341, Validation Accuracy: 96.35%
[Epoch 18, Batch     2] loss: 0.000
Epoch 18/20:
Train Loss: 0.0107, Train Accuracy: 99.71%
Validation Loss: 0.0810, Validation Accuracy: 97.75%
[Epoch 19, Batch     2] loss: 0.000
Epoch 19/20:
Train Loss: 0.0165, Train Accuracy: 99.51%
Validation Loss: 0.1086, Validation Accuracy: 97.15%
[Epoch 20, Batch     2] loss: 0.001
Epoch 20/20:
Train Loss: 0.0201, Train Accuracy: 99.44%
Validation Loss: 0.0993, Validation Accuracy: 97.43%
Model saved to models/resnet18-MNIST-BELIEF-balanced_by_score1-0.9-1
Modified conv1: updated in_channels to 1.
Modified fc layer: updated out_features to 10.
Initialized untrained model.
resnet18-MNIST-BELIEF-balanced_by_score1-0.95-1
[Epoch 1, Batch     2] loss: 0.046
Epoch 1/20:
Train Loss: 0.4699, Train Accuracy: 82.47%
Validation Loss: 1.1944, Validation Accuracy: 69.92%
[Epoch 2, Batch     2] loss: 0.003
Epoch 2/20:
Train Loss: 0.1889, Train Accuracy: 94.36%
Validation Loss: 0.2456, Validation Accuracy: 92.47%
[Epoch 3, Batch     2] loss: 0.005
Epoch 3/20:
Train Loss: 0.1039, Train Accuracy: 96.37%
Validation Loss: 0.2425, Validation Accuracy: 92.78%
[Epoch 4, Batch     2] loss: 0.001
Epoch 4/20:
Train Loss: 0.0706, Train Accuracy: 97.49%
Validation Loss: 0.2366, Validation Accuracy: 92.73%
[Epoch 5, Batch     2] loss: 0.002
Epoch 5/20:
Train Loss: 0.0814, Train Accuracy: 97.28%
Validation Loss: 0.5563, Validation Accuracy: 85.73%
[Epoch 6, Batch     2] loss: 0.001
Epoch 6/20:
Train Loss: 0.0677, Train Accuracy: 97.66%
Validation Loss: 0.1959, Validation Accuracy: 94.43%
[Epoch 7, Batch     2] loss: 0.000
Epoch 7/20:
Train Loss: 0.0858, Train Accuracy: 97.25%
Validation Loss: 0.1395, Validation Accuracy: 96.01%
[Epoch 8, Batch     2] loss: 0.001
Epoch 8/20:
Train Loss: 0.0466, Train Accuracy: 98.23%
Validation Loss: 0.3606, Validation Accuracy: 91.18%
[Epoch 9, Batch     2] loss: 0.001
Epoch 9/20:
Train Loss: 0.0410, Train Accuracy: 98.78%
Validation Loss: 0.1887, Validation Accuracy: 94.87%
[Epoch 10, Batch     2] loss: 0.000
Epoch 10/20:
Train Loss: 0.0458, Train Accuracy: 98.44%
Validation Loss: 0.1631, Validation Accuracy: 95.71%
[Epoch 11, Batch     2] loss: 0.000
Epoch 11/20:
Train Loss: 0.0386, Train Accuracy: 98.47%
Validation Loss: 0.1303, Validation Accuracy: 96.42%
[Epoch 12, Batch     2] loss: 0.000
Epoch 12/20:
Train Loss: 0.0487, Train Accuracy: 98.51%
Validation Loss: 0.1558, Validation Accuracy: 95.89%
[Epoch 13, Batch     2] loss: 0.001
Epoch 13/20:
Train Loss: 0.0262, Train Accuracy: 99.05%
Validation Loss: 0.1333, Validation Accuracy: 96.45%
[Epoch 14, Batch     2] loss: 0.000
Epoch 14/20:
Train Loss: 0.0180, Train Accuracy: 99.42%
Validation Loss: 0.1713, Validation Accuracy: 95.65%
[Epoch 15, Batch     2] loss: 0.000
Epoch 15/20:
Train Loss: 0.0209, Train Accuracy: 99.32%
Validation Loss: 0.1880, Validation Accuracy: 95.31%
[Epoch 16, Batch     2] loss: 0.001
Epoch 16/20:
Train Loss: 0.0194, Train Accuracy: 99.32%
Validation Loss: 0.1937, Validation Accuracy: 95.10%
[Epoch 17, Batch     2] loss: 0.000
Epoch 17/20:
Train Loss: 0.0172, Train Accuracy: 99.46%
Validation Loss: 0.1151, Validation Accuracy: 97.09%
[Epoch 18, Batch     2] loss: 0.000
Epoch 18/20:
Train Loss: 0.0159, Train Accuracy: 99.46%
Validation Loss: 0.1995, Validation Accuracy: 94.84%
[Epoch 19, Batch     2] loss: 0.000
Epoch 19/20:
Train Loss: 0.0247, Train Accuracy: 99.25%
Validation Loss: 0.1831, Validation Accuracy: 95.54%
[Epoch 20, Batch     2] loss: 0.000
Epoch 20/20:
Train Loss: 0.0142, Train Accuracy: 99.56%
Validation Loss: 0.1710, Validation Accuracy: 95.71%
Model saved to models/resnet18-MNIST-BELIEF-balanced_by_score1-0.95-1
Modified conv1: updated in_channels to 1.
Modified fc layer: updated out_features to 10.
Initialized untrained model.
[Epoch 1, Batch   100] loss: 0.280
[Epoch 1, Batch   200] loss: 0.131
[Epoch 1, Batch   300] loss: 0.106
[Epoch 1, Batch   400] loss: 0.089
[Epoch 1, Batch   500] loss: 0.079
[Epoch 1, Batch   600] loss: 0.066
[Epoch 1, Batch   700] loss: 0.070
[Epoch 1, Batch   800] loss: 0.066
[Epoch 1, Batch   900] loss: 0.056
Epoch 1/20:
Train Loss: 0.0026, Train Accuracy: 95.68%
Validation Loss: 0.0493, Validation Accuracy: 98.15%
[Epoch 2, Batch   100] loss: 0.907
[Epoch 2, Batch   200] loss: 0.735
[Epoch 2, Batch   300] loss: 0.734
[Epoch 2, Batch   400] loss: 0.734
[Epoch 2, Batch   500] loss: 0.734
[Epoch 2, Batch   600] loss: 0.735
[Epoch 2, Batch   700] loss: 0.736
[Epoch 2, Batch   800] loss: 0.735
[Epoch 2, Batch   900] loss: 0.734
Epoch 2/20:
Train Loss: 0.0291, Train Accuracy: 98.41%
Validation Loss: 0.4507, Validation Accuracy: 98.80%
[Epoch 3, Batch   100] loss: 0.902
[Epoch 3, Batch   200] loss: 0.896
[Epoch 3, Batch   300] loss: 0.892
[Epoch 3, Batch   400] loss: 0.886
[Epoch 3, Batch   500] loss: 0.886
[Epoch 3, Batch   600] loss: 0.886
[Epoch 3, Batch   700] loss: 0.887
[Epoch 3, Batch   800] loss: 0.886
[Epoch 3, Batch   900] loss: 0.887
Epoch 3/20:
Train Loss: 0.0350, Train Accuracy: 96.42%
Validation Loss: 0.7332, Validation Accuracy: 98.78%
[Epoch 4, Batch   100] loss: 0.931
[Epoch 4, Batch   200] loss: 0.929
[Epoch 4, Batch   300] loss: 0.929
[Epoch 4, Batch   400] loss: 0.929
[Epoch 4, Batch   500] loss: 0.929
[Epoch 4, Batch   600] loss: 0.929
[Epoch 4, Batch   700] loss: 0.929
[Epoch 4, Batch   800] loss: 0.929
[Epoch 4, Batch   900] loss: 0.930
Epoch 4/20:
Train Loss: 0.0367, Train Accuracy: 99.02%
Validation Loss: 0.8516, Validation Accuracy: 98.30%
[Epoch 5, Batch   100] loss: 0.946
[Epoch 5, Batch   200] loss: 0.946
[Epoch 5, Batch   300] loss: 0.946
[Epoch 5, Batch   400] loss: 0.946
[Epoch 5, Batch   500] loss: 0.946
[Epoch 5, Batch   600] loss: 0.946
[Epoch 5, Batch   700] loss: 0.946
[Epoch 5, Batch   800] loss: 0.946
[Epoch 5, Batch   900] loss: 0.946
Epoch 5/20:
Train Loss: 0.0374, Train Accuracy: 98.88%
Validation Loss: 0.9016, Validation Accuracy: 98.88%
[Epoch 6, Batch   100] loss: 0.955
[Epoch 6, Batch   200] loss: 0.955
[Epoch 6, Batch   300] loss: 0.955
[Epoch 6, Batch   400] loss: 0.955
[Epoch 6, Batch   500] loss: 0.955
[Epoch 6, Batch   600] loss: 0.955
[Epoch 6, Batch   700] loss: 0.955
[Epoch 6, Batch   800] loss: 0.955
[Epoch 6, Batch   900] loss: 0.955
Epoch 6/20:
Train Loss: 0.0377, Train Accuracy: 98.59%
Validation Loss: 0.9212, Validation Accuracy: 98.55%
[Epoch 7, Batch   100] loss: 0.960
[Epoch 7, Batch   200] loss: 0.960
[Epoch 7, Batch   300] loss: 0.960
[Epoch 7, Batch   400] loss: 0.960
[Epoch 7, Batch   500] loss: 0.960
[Epoch 7, Batch   600] loss: 0.960
[Epoch 7, Batch   700] loss: 0.960
[Epoch 7, Batch   800] loss: 0.960
[Epoch 7, Batch   900] loss: 0.960
Epoch 7/20:
Train Loss: 0.0379, Train Accuracy: 98.36%
Validation Loss: 0.9343, Validation Accuracy: 97.93%
[Epoch 8, Batch   100] loss: 0.964
[Epoch 8, Batch   200] loss: 0.964
[Epoch 8, Batch   300] loss: 0.964
[Epoch 8, Batch   400] loss: 0.964
[Epoch 8, Batch   500] loss: 0.964
[Epoch 8, Batch   600] loss: 0.964
[Epoch 8, Batch   700] loss: 0.964
[Epoch 8, Batch   800] loss: 0.964
[Epoch 8, Batch   900] loss: 0.964
Epoch 8/20:
Train Loss: 0.0381, Train Accuracy: 98.21%
Validation Loss: 0.9439, Validation Accuracy: 96.90%
[Epoch 9, Batch   100] loss: 0.966
[Epoch 9, Batch   200] loss: 0.966
[Epoch 9, Batch   300] loss: 0.967
[Epoch 9, Batch   400] loss: 0.966
[Epoch 9, Batch   500] loss: 0.967
[Epoch 9, Batch   600] loss: 0.967
[Epoch 9, Batch   700] loss: 0.967
[Epoch 9, Batch   800] loss: 0.967
[Epoch 9, Batch   900] loss: 0.967
Epoch 9/20:
Train Loss: 0.0382, Train Accuracy: 98.14%
Validation Loss: 0.9491, Validation Accuracy: 98.20%
[Epoch 10, Batch   100] loss: 0.968
[Epoch 10, Batch   200] loss: 0.968
[Epoch 10, Batch   300] loss: 0.968
[Epoch 10, Batch   400] loss: 0.968
[Epoch 10, Batch   500] loss: 0.968
[Epoch 10, Batch   600] loss: 0.968
[Epoch 10, Batch   700] loss: 0.969
[Epoch 10, Batch   800] loss: 0.968
[Epoch 10, Batch   900] loss: 0.968
Epoch 10/20:
Train Loss: 0.0382, Train Accuracy: 98.13%
Validation Loss: 0.9520, Validation Accuracy: 98.06%
[Epoch 11, Batch   100] loss: 0.970
[Epoch 11, Batch   200] loss: 0.970
[Epoch 11, Batch   300] loss: 0.970
[Epoch 11, Batch   400] loss: 0.970
[Epoch 11, Batch   500] loss: 0.970
[Epoch 11, Batch   600] loss: 0.970
[Epoch 11, Batch   700] loss: 0.970
[Epoch 11, Batch   800] loss: 0.970
[Epoch 11, Batch   900] loss: 0.970
Epoch 11/20:
Train Loss: 0.0383, Train Accuracy: 98.20%
Validation Loss: 0.9563, Validation Accuracy: 98.19%
[Epoch 12, Batch   100] loss: 0.970
[Epoch 12, Batch   200] loss: 0.970
[Epoch 12, Batch   300] loss: 0.970
[Epoch 12, Batch   400] loss: 0.970
[Epoch 12, Batch   500] loss: 0.970
[Epoch 12, Batch   600] loss: 0.970
[Epoch 12, Batch   700] loss: 0.970
[Epoch 12, Batch   800] loss: 0.970
[Epoch 12, Batch   900] loss: 0.970
Epoch 12/20:
Train Loss: 0.0383, Train Accuracy: 98.18%
Validation Loss: 0.9565, Validation Accuracy: 98.59%
[Epoch 13, Batch   100] loss: 0.970
[Epoch 13, Batch   200] loss: 0.970
[Epoch 13, Batch   300] loss: 0.970
[Epoch 13, Batch   400] loss: 0.970
[Epoch 13, Batch   500] loss: 0.970
[Epoch 13, Batch   600] loss: 0.970
[Epoch 13, Batch   700] loss: 0.970
[Epoch 13, Batch   800] loss: 0.970
[Epoch 13, Batch   900] loss: 0.970
Epoch 13/20:
Train Loss: 0.0383, Train Accuracy: 98.26%
Validation Loss: 0.9564, Validation Accuracy: 98.36%
[Epoch 14, Batch   100] loss: 0.970
[Epoch 14, Batch   200] loss: 0.970
[Epoch 14, Batch   300] loss: 0.970
[Epoch 14, Batch   400] loss: 0.970
[Epoch 14, Batch   500] loss: 0.970
[Epoch 14, Batch   600] loss: 0.970
[Epoch 14, Batch   700] loss: 0.970
[Epoch 14, Batch   800] loss: 0.970
[Epoch 14, Batch   900] loss: 0.970
Epoch 14/20:
Train Loss: 0.0383, Train Accuracy: 98.32%
Validation Loss: 0.9560, Validation Accuracy: 98.06%
[Epoch 15, Batch   100] loss: 0.970
[Epoch 15, Batch   200] loss: 0.970
[Epoch 15, Batch   300] loss: 0.970
[Epoch 15, Batch   400] loss: 0.970
[Epoch 15, Batch   500] loss: 0.970
[Epoch 15, Batch   600] loss: 0.970
[Epoch 15, Batch   700] loss: 0.970
[Epoch 15, Batch   800] loss: 0.970
[Epoch 15, Batch   900] loss: 0.970
Epoch 15/20:
Train Loss: 0.0383, Train Accuracy: 98.33%
Validation Loss: 0.9566, Validation Accuracy: 97.31%
[Epoch 16, Batch   100] loss: 0.970
[Epoch 16, Batch   200] loss: 0.970
[Epoch 16, Batch   300] loss: 0.970
[Epoch 16, Batch   400] loss: 0.970
[Epoch 16, Batch   500] loss: 0.970
[Epoch 16, Batch   600] loss: 0.970
[Epoch 16, Batch   700] loss: 0.970
[Epoch 16, Batch   800] loss: 0.970
[Epoch 16, Batch   900] loss: 0.970
Epoch 16/20:
Train Loss: 0.0383, Train Accuracy: 98.41%
Validation Loss: 0.9572, Validation Accuracy: 96.76%
[Epoch 17, Batch   100] loss: 0.970
[Epoch 17, Batch   200] loss: 0.970
[Epoch 17, Batch   300] loss: 0.970
[Epoch 17, Batch   400] loss: 0.970
[Epoch 17, Batch   500] loss: 0.970
[Epoch 17, Batch   600] loss: 0.970
[Epoch 17, Batch   700] loss: 0.970
[Epoch 17, Batch   800] loss: 0.970
[Epoch 17, Batch   900] loss: 0.970
Epoch 17/20:
Train Loss: 0.0383, Train Accuracy: 98.46%
Validation Loss: 0.9562, Validation Accuracy: 98.24%
[Epoch 18, Batch   100] loss: 0.970
[Epoch 18, Batch   200] loss: 0.970
[Epoch 18, Batch   300] loss: 0.970
[Epoch 18, Batch   400] loss: 0.970
[Epoch 18, Batch   500] loss: 0.970
[Epoch 18, Batch   600] loss: 0.970
[Epoch 18, Batch   700] loss: 0.970
[Epoch 18, Batch   800] loss: 0.970
[Epoch 18, Batch   900] loss: 0.970
Epoch 18/20:
Train Loss: 0.0383, Train Accuracy: 98.43%
Validation Loss: 0.9560, Validation Accuracy: 98.67%
[Epoch 19, Batch   100] loss: 0.970
[Epoch 19, Batch   200] loss: 0.970
[Epoch 19, Batch   300] loss: 0.970
[Epoch 19, Batch   400] loss: 0.970
[Epoch 19, Batch   500] loss: 0.970
[Epoch 19, Batch   600] loss: 0.970
[Epoch 19, Batch   700] loss: 0.970
[Epoch 19, Batch   800] loss: 0.970
[Epoch 19, Batch   900] loss: 0.970
Epoch 19/20:
Train Loss: 0.0383, Train Accuracy: 98.45%
Validation Loss: 0.9567, Validation Accuracy: 98.23%
[Epoch 20, Batch   100] loss: 0.970
[Epoch 20, Batch   200] loss: 0.970
[Epoch 20, Batch   300] loss: 0.970
[Epoch 20, Batch   400] loss: 0.970
[Epoch 20, Batch   500] loss: 0.970
[Epoch 20, Batch   600] loss: 0.970
[Epoch 20, Batch   700] loss: 0.970
[Epoch 20, Batch   800] loss: 0.970
[Epoch 20, Batch   900] loss: 0.970
Epoch 20/20:
Train Loss: 0.0383, Train Accuracy: 98.58%
Validation Loss: 0.9560, Validation Accuracy: 98.29%
Model saved to models/resnet18_MNIST_E1_2
Modified conv1: updated in_channels to 1.
Modified fc layer: updated out_features to 10.
Loaded weights from file: models/resnet18_MNIST_E1_2
Modified conv1: updated in_channels to 1.
Modified fc layer: updated out_features to 10.
Initialized untrained model.
resnet18-MNIST-random-0.3-2
[Epoch 1, Batch     2] loss: 0.046
[Epoch 1, Batch   102] loss: 0.326
[Epoch 1, Batch   202] loss: 0.194
[Epoch 1, Batch   302] loss: 0.137
[Epoch 1, Batch   402] loss: 0.123
[Epoch 1, Batch   502] loss: 0.104
[Epoch 1, Batch   602] loss: 0.115
Epoch 1/20:
Train Loss: 0.0074, Train Accuracy: 94.85%
Validation Loss: 0.0743, Validation Accuracy: 97.70%
[Epoch 2, Batch     2] loss: 0.000
[Epoch 2, Batch   102] loss: 0.075
[Epoch 2, Batch   202] loss: 0.065
[Epoch 2, Batch   302] loss: 0.090
[Epoch 2, Batch   402] loss: 0.068
[Epoch 2, Batch   502] loss: 0.073
[Epoch 2, Batch   602] loss: 0.082
Epoch 2/20:
Train Loss: 0.0059, Train Accuracy: 97.79%
Validation Loss: 0.0480, Validation Accuracy: 98.58%
[Epoch 3, Batch     2] loss: 0.001
[Epoch 3, Batch   102] loss: 0.055
[Epoch 3, Batch   202] loss: 0.062
[Epoch 3, Batch   302] loss: 0.060
[Epoch 3, Batch   402] loss: 0.063
[Epoch 3, Batch   502] loss: 0.052
[Epoch 3, Batch   602] loss: 0.057
Epoch 3/20:
Train Loss: 0.0054, Train Accuracy: 98.16%
Validation Loss: 0.0465, Validation Accuracy: 98.56%
[Epoch 4, Batch     2] loss: 0.002
[Epoch 4, Batch   102] loss: 0.034
[Epoch 4, Batch   202] loss: 0.049
[Epoch 4, Batch   302] loss: 0.059
[Epoch 4, Batch   402] loss: 0.061
[Epoch 4, Batch   502] loss: 0.050
[Epoch 4, Batch   602] loss: 0.043
Epoch 4/20:
Train Loss: 0.0038, Train Accuracy: 98.56%
Validation Loss: 0.0542, Validation Accuracy: 98.37%
[Epoch 5, Batch     2] loss: 0.000
[Epoch 5, Batch   102] loss: 0.032
[Epoch 5, Batch   202] loss: 0.057
[Epoch 5, Batch   302] loss: 0.039
[Epoch 5, Batch   402] loss: 0.060
[Epoch 5, Batch   502] loss: 0.054
[Epoch 5, Batch   602] loss: 0.049
Epoch 5/20:
Train Loss: 0.0041, Train Accuracy: 98.56%
Validation Loss: 0.0608, Validation Accuracy: 98.18%
[Epoch 6, Batch     2] loss: 0.001
[Epoch 6, Batch   102] loss: 0.033
[Epoch 6, Batch   202] loss: 0.031
[Epoch 6, Batch   302] loss: 0.034
[Epoch 6, Batch   402] loss: 0.053
[Epoch 6, Batch   502] loss: 0.033
[Epoch 6, Batch   602] loss: 0.043
Epoch 6/20:
Train Loss: 0.0028, Train Accuracy: 98.89%
Validation Loss: 0.0591, Validation Accuracy: 98.17%
[Epoch 7, Batch     2] loss: 0.001
[Epoch 7, Batch   102] loss: 0.034
[Epoch 7, Batch   202] loss: 0.036
[Epoch 7, Batch   302] loss: 0.033
[Epoch 7, Batch   402] loss: 0.050
[Epoch 7, Batch   502] loss: 0.042
[Epoch 7, Batch   602] loss: 0.047
Epoch 7/20:
Train Loss: 0.0021, Train Accuracy: 98.84%
Validation Loss: 0.0397, Validation Accuracy: 98.91%
[Epoch 8, Batch     2] loss: 0.002
[Epoch 8, Batch   102] loss: 0.033
[Epoch 8, Batch   202] loss: 0.028
[Epoch 8, Batch   302] loss: 0.032
[Epoch 8, Batch   402] loss: 0.034
[Epoch 8, Batch   502] loss: 0.031
[Epoch 8, Batch   602] loss: 0.039
Epoch 8/20:
Train Loss: 0.0030, Train Accuracy: 98.99%
Validation Loss: 0.0340, Validation Accuracy: 98.99%
[Epoch 9, Batch     2] loss: 0.000
[Epoch 9, Batch   102] loss: 0.028
[Epoch 9, Batch   202] loss: 0.037
[Epoch 9, Batch   302] loss: 0.025
[Epoch 9, Batch   402] loss: 0.033
[Epoch 9, Batch   502] loss: 0.030
[Epoch 9, Batch   602] loss: 0.044
Epoch 9/20:
Train Loss: 0.0036, Train Accuracy: 99.00%
Validation Loss: 0.0666, Validation Accuracy: 98.08%
[Epoch 10, Batch     2] loss: 0.000
[Epoch 10, Batch   102] loss: 0.032
[Epoch 10, Batch   202] loss: 0.028
[Epoch 10, Batch   302] loss: 0.028
[Epoch 10, Batch   402] loss: 0.030
[Epoch 10, Batch   502] loss: 0.032
[Epoch 10, Batch   602] loss: 0.038
Epoch 10/20:
Train Loss: 0.0033, Train Accuracy: 99.06%
Validation Loss: 0.0378, Validation Accuracy: 98.97%
[Epoch 11, Batch     2] loss: 0.001
[Epoch 11, Batch   102] loss: 0.015
[Epoch 11, Batch   202] loss: 0.031
[Epoch 11, Batch   302] loss: 0.034
[Epoch 11, Batch   402] loss: 0.035
[Epoch 11, Batch   502] loss: 0.030
[Epoch 11, Batch   602] loss: 0.038
Epoch 11/20:
Train Loss: 0.0021, Train Accuracy: 99.07%
Validation Loss: 0.0341, Validation Accuracy: 98.96%
[Epoch 12, Batch     2] loss: 0.000
[Epoch 12, Batch   102] loss: 0.024
[Epoch 12, Batch   202] loss: 0.017
[Epoch 12, Batch   302] loss: 0.027
[Epoch 12, Batch   402] loss: 0.033
[Epoch 12, Batch   502] loss: 0.027
[Epoch 12, Batch   602] loss: 0.025
Epoch 12/20:
Train Loss: 0.0018, Train Accuracy: 99.25%
Validation Loss: 0.0307, Validation Accuracy: 99.05%
[Epoch 13, Batch     2] loss: 0.000
[Epoch 13, Batch   102] loss: 0.020
[Epoch 13, Batch   202] loss: 0.031
[Epoch 13, Batch   302] loss: 0.029
[Epoch 13, Batch   402] loss: 0.024
[Epoch 13, Batch   502] loss: 0.033
[Epoch 13, Batch   602] loss: 0.023
Epoch 13/20:
Train Loss: 0.0021, Train Accuracy: 99.19%
Validation Loss: 0.0403, Validation Accuracy: 98.79%
[Epoch 14, Batch     2] loss: 0.000
[Epoch 14, Batch   102] loss: 0.021
[Epoch 14, Batch   202] loss: 0.024
[Epoch 14, Batch   302] loss: 0.027
[Epoch 14, Batch   402] loss: 0.017
[Epoch 14, Batch   502] loss: 0.017
[Epoch 14, Batch   602] loss: 0.022
Epoch 14/20:
Train Loss: 0.0026, Train Accuracy: 99.33%
Validation Loss: 0.0385, Validation Accuracy: 98.85%
[Epoch 15, Batch     2] loss: 0.000
[Epoch 15, Batch   102] loss: 0.019
[Epoch 15, Batch   202] loss: 0.017
[Epoch 15, Batch   302] loss: 0.022
[Epoch 15, Batch   402] loss: 0.015
[Epoch 15, Batch   502] loss: 0.023
[Epoch 15, Batch   602] loss: 0.022
Epoch 15/20:
Train Loss: 0.0019, Train Accuracy: 99.37%
Validation Loss: 0.0410, Validation Accuracy: 98.86%
[Epoch 16, Batch     2] loss: 0.000
[Epoch 16, Batch   102] loss: 0.020
[Epoch 16, Batch   202] loss: 0.026
[Epoch 16, Batch   302] loss: 0.026
[Epoch 16, Batch   402] loss: 0.015
[Epoch 16, Batch   502] loss: 0.018
[Epoch 16, Batch   602] loss: 0.025
Epoch 16/20:
Train Loss: 0.0025, Train Accuracy: 99.33%
Validation Loss: 0.0330, Validation Accuracy: 98.90%
[Epoch 17, Batch     2] loss: 0.000
[Epoch 17, Batch   102] loss: 0.013
[Epoch 17, Batch   202] loss: 0.023
[Epoch 17, Batch   302] loss: 0.020
[Epoch 17, Batch   402] loss: 0.031
[Epoch 17, Batch   502] loss: 0.019
[Epoch 17, Batch   602] loss: 0.024
Epoch 17/20:
Train Loss: 0.0017, Train Accuracy: 99.37%
Validation Loss: 0.0377, Validation Accuracy: 98.97%
[Epoch 18, Batch     2] loss: 0.000
[Epoch 18, Batch   102] loss: 0.013
[Epoch 18, Batch   202] loss: 0.019
[Epoch 18, Batch   302] loss: 0.021
[Epoch 18, Batch   402] loss: 0.021
[Epoch 18, Batch   502] loss: 0.017
[Epoch 18, Batch   602] loss: 0.021
Epoch 18/20:
Train Loss: 0.0027, Train Accuracy: 99.38%
Validation Loss: 0.0481, Validation Accuracy: 98.66%
[Epoch 19, Batch     2] loss: 0.000
[Epoch 19, Batch   102] loss: 0.019
[Epoch 19, Batch   202] loss: 0.016
[Epoch 19, Batch   302] loss: 0.019
[Epoch 19, Batch   402] loss: 0.016
[Epoch 19, Batch   502] loss: 0.018
[Epoch 19, Batch   602] loss: 0.018
Epoch 19/20:
Train Loss: 0.0019, Train Accuracy: 99.42%
Validation Loss: 0.0292, Validation Accuracy: 99.18%
[Epoch 20, Batch     2] loss: 0.000
[Epoch 20, Batch   102] loss: 0.008
[Epoch 20, Batch   202] loss: 0.019
[Epoch 20, Batch   302] loss: 0.013
[Epoch 20, Batch   402] loss: 0.020
[Epoch 20, Batch   502] loss: 0.016
[Epoch 20, Batch   602] loss: 0.018
Epoch 20/20:
Train Loss: 0.0015, Train Accuracy: 99.53%
Validation Loss: 0.0346, Validation Accuracy: 99.06%
Model saved to models/resnet18-MNIST-random-0.3-2
Modified conv1: updated in_channels to 1.
Modified fc layer: updated out_features to 10.
Initialized untrained model.
resnet18-MNIST-random-0.5-2
[Epoch 1, Batch     2] loss: 0.041
[Epoch 1, Batch   102] loss: 0.345
[Epoch 1, Batch   202] loss: 0.175
[Epoch 1, Batch   302] loss: 0.150
[Epoch 1, Batch   402] loss: 0.123
Epoch 1/20:
Train Loss: 0.0177, Train Accuracy: 93.91%
Validation Loss: 0.1127, Validation Accuracy: 96.44%
[Epoch 2, Batch     2] loss: 0.006
[Epoch 2, Batch   102] loss: 0.113
[Epoch 2, Batch   202] loss: 0.091
[Epoch 2, Batch   302] loss: 0.087
[Epoch 2, Batch   402] loss: 0.083
Epoch 2/20:
Train Loss: 0.0118, Train Accuracy: 97.24%
Validation Loss: 0.0776, Validation Accuracy: 97.45%
[Epoch 3, Batch     2] loss: 0.001
[Epoch 3, Batch   102] loss: 0.055
[Epoch 3, Batch   202] loss: 0.060
[Epoch 3, Batch   302] loss: 0.069
[Epoch 3, Batch   402] loss: 0.073
Epoch 3/20:
Train Loss: 0.0110, Train Accuracy: 98.06%
Validation Loss: 0.0535, Validation Accuracy: 98.32%
[Epoch 4, Batch     2] loss: 0.001
[Epoch 4, Batch   102] loss: 0.045
[Epoch 4, Batch   202] loss: 0.058
[Epoch 4, Batch   302] loss: 0.059
[Epoch 4, Batch   402] loss: 0.065
Epoch 4/20:
Train Loss: 0.0095, Train Accuracy: 98.32%
Validation Loss: 0.0502, Validation Accuracy: 98.49%
[Epoch 5, Batch     2] loss: 0.001
[Epoch 5, Batch   102] loss: 0.047
[Epoch 5, Batch   202] loss: 0.044
[Epoch 5, Batch   302] loss: 0.048
[Epoch 5, Batch   402] loss: 0.048
Epoch 5/20:
Train Loss: 0.0077, Train Accuracy: 98.51%
Validation Loss: 0.0454, Validation Accuracy: 98.62%
[Epoch 6, Batch     2] loss: 0.000
[Epoch 6, Batch   102] loss: 0.035
[Epoch 6, Batch   202] loss: 0.037
[Epoch 6, Batch   302] loss: 0.036
[Epoch 6, Batch   402] loss: 0.049
Epoch 6/20:
Train Loss: 0.0063, Train Accuracy: 98.78%
Validation Loss: 0.0466, Validation Accuracy: 98.63%
[Epoch 7, Batch     2] loss: 0.001
[Epoch 7, Batch   102] loss: 0.037
[Epoch 7, Batch   202] loss: 0.038
[Epoch 7, Batch   302] loss: 0.047
[Epoch 7, Batch   402] loss: 0.036
Epoch 7/20:
Train Loss: 0.0057, Train Accuracy: 98.81%
Validation Loss: 0.0737, Validation Accuracy: 97.74%
[Epoch 8, Batch     2] loss: 0.000
[Epoch 8, Batch   102] loss: 0.042
[Epoch 8, Batch   202] loss: 0.035
[Epoch 8, Batch   302] loss: 0.030
[Epoch 8, Batch   402] loss: 0.048
Epoch 8/20:
Train Loss: 0.0050, Train Accuracy: 98.86%
Validation Loss: 0.0526, Validation Accuracy: 98.41%
[Epoch 9, Batch     2] loss: 0.001
[Epoch 9, Batch   102] loss: 0.028
[Epoch 9, Batch   202] loss: 0.029
[Epoch 9, Batch   302] loss: 0.034
[Epoch 9, Batch   402] loss: 0.046
Epoch 9/20:
Train Loss: 0.0045, Train Accuracy: 98.96%
Validation Loss: 0.0412, Validation Accuracy: 98.77%
[Epoch 10, Batch     2] loss: 0.000
[Epoch 10, Batch   102] loss: 0.035
[Epoch 10, Batch   202] loss: 0.029
[Epoch 10, Batch   302] loss: 0.036
[Epoch 10, Batch   402] loss: 0.026
Epoch 10/20:
Train Loss: 0.0038, Train Accuracy: 99.03%
Validation Loss: 0.0478, Validation Accuracy: 98.61%
[Epoch 11, Batch     2] loss: 0.000
[Epoch 11, Batch   102] loss: 0.035
[Epoch 11, Batch   202] loss: 0.028
[Epoch 11, Batch   302] loss: 0.025
[Epoch 11, Batch   402] loss: 0.033
Epoch 11/20:
Train Loss: 0.0056, Train Accuracy: 99.06%
Validation Loss: 0.0439, Validation Accuracy: 98.86%
[Epoch 12, Batch     2] loss: 0.000
[Epoch 12, Batch   102] loss: 0.015
[Epoch 12, Batch   202] loss: 0.036
[Epoch 12, Batch   302] loss: 0.035
[Epoch 12, Batch   402] loss: 0.037
Epoch 12/20:
Train Loss: 0.0056, Train Accuracy: 99.04%
Validation Loss: 0.0456, Validation Accuracy: 98.69%
[Epoch 13, Batch     2] loss: 0.000
[Epoch 13, Batch   102] loss: 0.017
[Epoch 13, Batch   202] loss: 0.026
[Epoch 13, Batch   302] loss: 0.025
[Epoch 13, Batch   402] loss: 0.032
Epoch 13/20:
Train Loss: 0.0048, Train Accuracy: 99.23%
Validation Loss: 0.0670, Validation Accuracy: 98.18%
[Epoch 14, Batch     2] loss: 0.000
[Epoch 14, Batch   102] loss: 0.014
[Epoch 14, Batch   202] loss: 0.032
[Epoch 14, Batch   302] loss: 0.032
[Epoch 14, Batch   402] loss: 0.035
Epoch 14/20:
Train Loss: 0.0022, Train Accuracy: 99.22%
Validation Loss: 0.0408, Validation Accuracy: 98.76%
[Epoch 15, Batch     2] loss: 0.000
[Epoch 15, Batch   102] loss: 0.019
[Epoch 15, Batch   202] loss: 0.033
[Epoch 15, Batch   302] loss: 0.028
[Epoch 15, Batch   402] loss: 0.019
Epoch 15/20:
Train Loss: 0.0027, Train Accuracy: 99.28%
Validation Loss: 0.0512, Validation Accuracy: 98.57%
[Epoch 16, Batch     2] loss: 0.000
[Epoch 16, Batch   102] loss: 0.024
[Epoch 16, Batch   202] loss: 0.020
[Epoch 16, Batch   302] loss: 0.022
[Epoch 16, Batch   402] loss: 0.030
Epoch 16/20:
Train Loss: 0.0018, Train Accuracy: 99.28%
Validation Loss: 0.0355, Validation Accuracy: 98.95%
[Epoch 17, Batch     2] loss: 0.000
[Epoch 17, Batch   102] loss: 0.016
[Epoch 17, Batch   202] loss: 0.022
[Epoch 17, Batch   302] loss: 0.025
[Epoch 17, Batch   402] loss: 0.029
Epoch 17/20:
Train Loss: 0.0026, Train Accuracy: 99.31%
Validation Loss: 0.0506, Validation Accuracy: 98.62%
[Epoch 18, Batch     2] loss: 0.001
[Epoch 18, Batch   102] loss: 0.016
[Epoch 18, Batch   202] loss: 0.027
[Epoch 18, Batch   302] loss: 0.018
[Epoch 18, Batch   402] loss: 0.013
Epoch 18/20:
Train Loss: 0.0033, Train Accuracy: 99.47%
Validation Loss: 0.0360, Validation Accuracy: 98.86%
[Epoch 19, Batch     2] loss: 0.000
[Epoch 19, Batch   102] loss: 0.014
[Epoch 19, Batch   202] loss: 0.019
[Epoch 19, Batch   302] loss: 0.024
[Epoch 19, Batch   402] loss: 0.029
Epoch 19/20:
Train Loss: 0.0040, Train Accuracy: 99.29%
Validation Loss: 0.0466, Validation Accuracy: 98.78%
[Epoch 20, Batch     2] loss: 0.000
[Epoch 20, Batch   102] loss: 0.012
[Epoch 20, Batch   202] loss: 0.014
[Epoch 20, Batch   302] loss: 0.025
[Epoch 20, Batch   402] loss: 0.017
Epoch 20/20:
Train Loss: 0.0017, Train Accuracy: 99.52%
Validation Loss: 0.0616, Validation Accuracy: 98.23%
Model saved to models/resnet18-MNIST-random-0.5-2
Modified conv1: updated in_channels to 1.
Modified fc layer: updated out_features to 10.
Initialized untrained model.
resnet18-MNIST-random-0.7-2
[Epoch 1, Batch     2] loss: 0.041
[Epoch 1, Batch   102] loss: 0.333
[Epoch 1, Batch   202] loss: 0.181
Epoch 1/20:
Train Loss: 0.0393, Train Accuracy: 92.65%
Validation Loss: 0.0968, Validation Accuracy: 97.00%
[Epoch 2, Batch     2] loss: 0.001
[Epoch 2, Batch   102] loss: 0.097
[Epoch 2, Batch   202] loss: 0.101
Epoch 2/20:
Train Loss: 0.0299, Train Accuracy: 96.99%
Validation Loss: 0.0627, Validation Accuracy: 98.06%
[Epoch 3, Batch     2] loss: 0.001
[Epoch 3, Batch   102] loss: 0.061
[Epoch 3, Batch   202] loss: 0.076
Epoch 3/20:
Train Loss: 0.0247, Train Accuracy: 97.74%
Validation Loss: 0.0895, Validation Accuracy: 97.20%
[Epoch 4, Batch     2] loss: 0.003
[Epoch 4, Batch   102] loss: 0.061
[Epoch 4, Batch   202] loss: 0.065
Epoch 4/20:
Train Loss: 0.0190, Train Accuracy: 97.96%
Validation Loss: 0.0658, Validation Accuracy: 97.81%
[Epoch 5, Batch     2] loss: 0.001
[Epoch 5, Batch   102] loss: 0.050
[Epoch 5, Batch   202] loss: 0.046
Epoch 5/20:
Train Loss: 0.0159, Train Accuracy: 98.55%
Validation Loss: 0.0648, Validation Accuracy: 97.84%
[Epoch 6, Batch     2] loss: 0.000
[Epoch 6, Batch   102] loss: 0.065
[Epoch 6, Batch   202] loss: 0.045
Epoch 6/20:
Train Loss: 0.0105, Train Accuracy: 98.46%
Validation Loss: 0.0759, Validation Accuracy: 97.64%
[Epoch 7, Batch     2] loss: 0.001
[Epoch 7, Batch   102] loss: 0.031
[Epoch 7, Batch   202] loss: 0.033
Epoch 7/20:
Train Loss: 0.0159, Train Accuracy: 98.76%
Validation Loss: 0.0539, Validation Accuracy: 98.35%
[Epoch 8, Batch     2] loss: 0.001
[Epoch 8, Batch   102] loss: 0.036
[Epoch 8, Batch   202] loss: 0.032
Epoch 8/20:
Train Loss: 0.0109, Train Accuracy: 98.85%
Validation Loss: 0.0569, Validation Accuracy: 98.22%
[Epoch 9, Batch     2] loss: 0.001
[Epoch 9, Batch   102] loss: 0.030
[Epoch 9, Batch   202] loss: 0.034
Epoch 9/20:
Train Loss: 0.0088, Train Accuracy: 99.00%
Validation Loss: 0.1122, Validation Accuracy: 96.79%
[Epoch 10, Batch     2] loss: 0.001
[Epoch 10, Batch   102] loss: 0.043
[Epoch 10, Batch   202] loss: 0.032
Epoch 10/20:
Train Loss: 0.0109, Train Accuracy: 98.90%
Validation Loss: 0.0542, Validation Accuracy: 98.37%
[Epoch 11, Batch     2] loss: 0.001
[Epoch 11, Batch   102] loss: 0.023
[Epoch 11, Batch   202] loss: 0.028
Epoch 11/20:
Train Loss: 0.0084, Train Accuracy: 99.20%
Validation Loss: 0.0553, Validation Accuracy: 98.28%
[Epoch 12, Batch     2] loss: 0.000
[Epoch 12, Batch   102] loss: 0.018
[Epoch 12, Batch   202] loss: 0.035
Epoch 12/20:
Train Loss: 0.0080, Train Accuracy: 99.23%
Validation Loss: 0.0473, Validation Accuracy: 98.61%
[Epoch 13, Batch     2] loss: 0.000
[Epoch 13, Batch   102] loss: 0.022
[Epoch 13, Batch   202] loss: 0.027
Epoch 13/20:
Train Loss: 0.0103, Train Accuracy: 99.17%
Validation Loss: 0.0581, Validation Accuracy: 98.38%
[Epoch 14, Batch     2] loss: 0.001
[Epoch 14, Batch   102] loss: 0.021
[Epoch 14, Batch   202] loss: 0.046
Epoch 14/20:
Train Loss: 0.0088, Train Accuracy: 99.03%
Validation Loss: 0.0417, Validation Accuracy: 98.78%
[Epoch 15, Batch     2] loss: 0.000
[Epoch 15, Batch   102] loss: 0.024
[Epoch 15, Batch   202] loss: 0.030
Epoch 15/20:
Train Loss: 0.0090, Train Accuracy: 99.17%
Validation Loss: 0.0523, Validation Accuracy: 98.46%
[Epoch 16, Batch     2] loss: 0.000
[Epoch 16, Batch   102] loss: 0.013
[Epoch 16, Batch   202] loss: 0.031
Epoch 16/20:
Train Loss: 0.0082, Train Accuracy: 99.29%
Validation Loss: 0.0622, Validation Accuracy: 98.10%
[Epoch 17, Batch     2] loss: 0.001
[Epoch 17, Batch   102] loss: 0.022
[Epoch 17, Batch   202] loss: 0.025
Epoch 17/20:
Train Loss: 0.0068, Train Accuracy: 99.22%
Validation Loss: 0.0401, Validation Accuracy: 98.82%
[Epoch 18, Batch     2] loss: 0.000
[Epoch 18, Batch   102] loss: 0.015
[Epoch 18, Batch   202] loss: 0.020
Epoch 18/20:
Train Loss: 0.0064, Train Accuracy: 99.39%
Validation Loss: 0.0776, Validation Accuracy: 97.79%
[Epoch 19, Batch     2] loss: 0.002
[Epoch 19, Batch   102] loss: 0.025
[Epoch 19, Batch   202] loss: 0.029
Epoch 19/20:
Train Loss: 0.0082, Train Accuracy: 99.20%
Validation Loss: 0.0568, Validation Accuracy: 98.45%
[Epoch 20, Batch     2] loss: 0.001
[Epoch 20, Batch   102] loss: 0.019
[Epoch 20, Batch   202] loss: 0.019
Epoch 20/20:
Train Loss: 0.0054, Train Accuracy: 99.42%
Validation Loss: 0.0462, Validation Accuracy: 98.62%
Model saved to models/resnet18-MNIST-random-0.7-2
Modified conv1: updated in_channels to 1.
Modified fc layer: updated out_features to 10.
Initialized untrained model.
resnet18-MNIST-random-0.8-2
[Epoch 1, Batch     2] loss: 0.042
[Epoch 1, Batch   102] loss: 0.349
Epoch 1/20:
Train Loss: 0.0803, Train Accuracy: 90.77%
Validation Loss: 0.1411, Validation Accuracy: 95.73%
[Epoch 2, Batch     2] loss: 0.003
[Epoch 2, Batch   102] loss: 0.120
Epoch 2/20:
Train Loss: 0.0569, Train Accuracy: 96.00%
Validation Loss: 0.0815, Validation Accuracy: 97.35%
[Epoch 3, Batch     2] loss: 0.001
[Epoch 3, Batch   102] loss: 0.081
Epoch 3/20:
Train Loss: 0.0384, Train Accuracy: 97.56%
Validation Loss: 0.1132, Validation Accuracy: 96.55%
[Epoch 4, Batch     2] loss: 0.002
[Epoch 4, Batch   102] loss: 0.083
Epoch 4/20:
Train Loss: 0.0287, Train Accuracy: 97.70%
Validation Loss: 0.1317, Validation Accuracy: 96.30%
[Epoch 5, Batch     2] loss: 0.000
[Epoch 5, Batch   102] loss: 0.046
Epoch 5/20:
Train Loss: 0.0244, Train Accuracy: 98.49%
Validation Loss: 0.1421, Validation Accuracy: 95.51%
[Epoch 6, Batch     2] loss: 0.000
[Epoch 6, Batch   102] loss: 0.051
Epoch 6/20:
Train Loss: 0.0222, Train Accuracy: 98.48%
Validation Loss: 0.0906, Validation Accuracy: 97.32%
[Epoch 7, Batch     2] loss: 0.001
[Epoch 7, Batch   102] loss: 0.051
Epoch 7/20:
Train Loss: 0.0200, Train Accuracy: 98.40%
Validation Loss: 0.0705, Validation Accuracy: 97.81%
[Epoch 8, Batch     2] loss: 0.000
[Epoch 8, Batch   102] loss: 0.030
Epoch 8/20:
Train Loss: 0.0198, Train Accuracy: 98.91%
Validation Loss: 0.1251, Validation Accuracy: 96.49%
[Epoch 9, Batch     2] loss: 0.000
[Epoch 9, Batch   102] loss: 0.038
Epoch 9/20:
Train Loss: 0.0159, Train Accuracy: 98.76%
Validation Loss: 0.0785, Validation Accuracy: 97.63%
[Epoch 10, Batch     2] loss: 0.001
[Epoch 10, Batch   102] loss: 0.027
Epoch 10/20:
Train Loss: 0.0189, Train Accuracy: 98.91%
Validation Loss: 0.0783, Validation Accuracy: 97.65%
[Epoch 11, Batch     2] loss: 0.001
[Epoch 11, Batch   102] loss: 0.029
Epoch 11/20:
Train Loss: 0.0108, Train Accuracy: 99.11%
Validation Loss: 0.0596, Validation Accuracy: 98.23%
[Epoch 12, Batch     2] loss: 0.000
[Epoch 12, Batch   102] loss: 0.029
Epoch 12/20:
Train Loss: 0.0121, Train Accuracy: 99.11%
Validation Loss: 0.0573, Validation Accuracy: 98.45%
[Epoch 13, Batch     2] loss: 0.000
[Epoch 13, Batch   102] loss: 0.039
Epoch 13/20:
Train Loss: 0.0106, Train Accuracy: 99.02%
Validation Loss: 0.0599, Validation Accuracy: 98.18%
[Epoch 14, Batch     2] loss: 0.000
[Epoch 14, Batch   102] loss: 0.024
Epoch 14/20:
Train Loss: 0.0071, Train Accuracy: 99.37%
Validation Loss: 0.0630, Validation Accuracy: 98.07%
[Epoch 15, Batch     2] loss: 0.001
[Epoch 15, Batch   102] loss: 0.015
Epoch 15/20:
Train Loss: 0.0091, Train Accuracy: 99.45%
Validation Loss: 0.0543, Validation Accuracy: 98.39%
[Epoch 16, Batch     2] loss: 0.001
[Epoch 16, Batch   102] loss: 0.020
Epoch 16/20:
Train Loss: 0.0115, Train Accuracy: 99.30%
Validation Loss: 0.1187, Validation Accuracy: 96.54%
[Epoch 17, Batch     2] loss: 0.001
[Epoch 17, Batch   102] loss: 0.017
Epoch 17/20:
Train Loss: 0.0105, Train Accuracy: 99.36%
Validation Loss: 0.0730, Validation Accuracy: 97.95%
[Epoch 18, Batch     2] loss: 0.000
[Epoch 18, Batch   102] loss: 0.015
Epoch 18/20:
Train Loss: 0.0089, Train Accuracy: 99.48%
Validation Loss: 0.0546, Validation Accuracy: 98.58%
[Epoch 19, Batch     2] loss: 0.000
[Epoch 19, Batch   102] loss: 0.024
Epoch 19/20:
Train Loss: 0.0149, Train Accuracy: 99.08%
Validation Loss: 0.0619, Validation Accuracy: 98.31%
[Epoch 20, Batch     2] loss: 0.002
[Epoch 20, Batch   102] loss: 0.022
Epoch 20/20:
Train Loss: 0.0058, Train Accuracy: 99.54%
Validation Loss: 0.0697, Validation Accuracy: 98.26%
Model saved to models/resnet18-MNIST-random-0.8-2
Modified conv1: updated in_channels to 1.
Modified fc layer: updated out_features to 10.
Initialized untrained model.
resnet18-MNIST-random-0.9-2
[Epoch 1, Batch     2] loss: 0.041
Epoch 1/20:
Train Loss: 0.3264, Train Accuracy: 88.07%
Validation Loss: 0.3417, Validation Accuracy: 89.01%
[Epoch 2, Batch     2] loss: 0.002
Epoch 2/20:
Train Loss: 0.1283, Train Accuracy: 96.00%
Validation Loss: 0.1450, Validation Accuracy: 95.40%
[Epoch 3, Batch     2] loss: 0.002
Epoch 3/20:
Train Loss: 0.1016, Train Accuracy: 96.74%
Validation Loss: 0.1001, Validation Accuracy: 96.89%
[Epoch 4, Batch     2] loss: 0.001
Epoch 4/20:
Train Loss: 0.0729, Train Accuracy: 97.70%
Validation Loss: 0.2145, Validation Accuracy: 94.05%
[Epoch 5, Batch     2] loss: 0.001
Epoch 5/20:
Train Loss: 0.0721, Train Accuracy: 97.85%
Validation Loss: 0.3452, Validation Accuracy: 90.60%
[Epoch 6, Batch     2] loss: 0.003
Epoch 6/20:
Train Loss: 0.0591, Train Accuracy: 98.08%
Validation Loss: 0.0972, Validation Accuracy: 97.02%
[Epoch 7, Batch     2] loss: 0.000
Epoch 7/20:
Train Loss: 0.0444, Train Accuracy: 98.57%
Validation Loss: 0.1155, Validation Accuracy: 96.83%
[Epoch 8, Batch     2] loss: 0.001
Epoch 8/20:
Train Loss: 0.0386, Train Accuracy: 98.77%
Validation Loss: 0.1346, Validation Accuracy: 96.13%
[Epoch 9, Batch     2] loss: 0.001
Epoch 9/20:
Train Loss: 0.0247, Train Accuracy: 99.11%
Validation Loss: 0.1250, Validation Accuracy: 96.62%
[Epoch 10, Batch     2] loss: 0.000
Epoch 10/20:
Train Loss: 0.0425, Train Accuracy: 98.49%
Validation Loss: 0.1506, Validation Accuracy: 95.74%
[Epoch 11, Batch     2] loss: 0.000
Epoch 11/20:
Train Loss: 0.0456, Train Accuracy: 98.64%
Validation Loss: 0.2329, Validation Accuracy: 94.11%
[Epoch 12, Batch     2] loss: 0.001
Epoch 12/20:
Train Loss: 0.0270, Train Accuracy: 99.16%
Validation Loss: 0.0850, Validation Accuracy: 97.72%
[Epoch 13, Batch     2] loss: 0.001
Epoch 13/20:
Train Loss: 0.0144, Train Accuracy: 99.55%
Validation Loss: 0.0826, Validation Accuracy: 97.79%
[Epoch 14, Batch     2] loss: 0.000
Epoch 14/20:
Train Loss: 0.0275, Train Accuracy: 99.19%
Validation Loss: 0.1382, Validation Accuracy: 96.22%
[Epoch 15, Batch     2] loss: 0.001
Epoch 15/20:
Train Loss: 0.0308, Train Accuracy: 98.91%
Validation Loss: 0.1003, Validation Accuracy: 97.40%
[Epoch 16, Batch     2] loss: 0.001
Epoch 16/20:
Train Loss: 0.0189, Train Accuracy: 99.36%
Validation Loss: 0.0850, Validation Accuracy: 97.91%
[Epoch 17, Batch     2] loss: 0.000
Epoch 17/20:
Train Loss: 0.0124, Train Accuracy: 99.71%
Validation Loss: 0.1107, Validation Accuracy: 97.19%
[Epoch 18, Batch     2] loss: 0.000
Epoch 18/20:
Train Loss: 0.0096, Train Accuracy: 99.85%
Validation Loss: 0.0848, Validation Accuracy: 97.78%
[Epoch 19, Batch     2] loss: 0.001
Epoch 19/20:
Train Loss: 0.0348, Train Accuracy: 99.03%
Validation Loss: 0.1017, Validation Accuracy: 97.15%
[Epoch 20, Batch     2] loss: 0.000
Epoch 20/20:
Train Loss: 0.0227, Train Accuracy: 99.34%
Validation Loss: 0.1305, Validation Accuracy: 96.39%
Model saved to models/resnet18-MNIST-random-0.9-2
Modified conv1: updated in_channels to 1.
Modified fc layer: updated out_features to 10.
Initialized untrained model.
resnet18-MNIST-random-0.95-2
[Epoch 1, Batch     2] loss: 0.044
Epoch 1/20:
Train Loss: 0.4238, Train Accuracy: 82.95%
Validation Loss: 0.4511, Validation Accuracy: 87.71%
[Epoch 2, Batch     2] loss: 0.003
Epoch 2/20:
Train Loss: 0.1670, Train Accuracy: 94.26%
Validation Loss: 0.3975, Validation Accuracy: 88.61%
[Epoch 3, Batch     2] loss: 0.002
Epoch 3/20:
Train Loss: 0.1215, Train Accuracy: 95.96%
Validation Loss: 0.2205, Validation Accuracy: 93.35%
[Epoch 4, Batch     2] loss: 0.002
Epoch 4/20:
Train Loss: 0.0891, Train Accuracy: 96.81%
Validation Loss: 0.1689, Validation Accuracy: 94.62%
[Epoch 5, Batch     2] loss: 0.001
Epoch 5/20:
Train Loss: 0.0667, Train Accuracy: 97.83%
Validation Loss: 0.2268, Validation Accuracy: 93.49%
[Epoch 6, Batch     2] loss: 0.002
Epoch 6/20:
Train Loss: 0.0617, Train Accuracy: 97.89%
Validation Loss: 0.3742, Validation Accuracy: 89.85%
[Epoch 7, Batch     2] loss: 0.001
Epoch 7/20:
Train Loss: 0.0673, Train Accuracy: 97.86%
Validation Loss: 0.2471, Validation Accuracy: 93.06%
[Epoch 8, Batch     2] loss: 0.000
Epoch 8/20:
Train Loss: 0.0468, Train Accuracy: 98.57%
Validation Loss: 0.2365, Validation Accuracy: 93.65%
[Epoch 9, Batch     2] loss: 0.001
Epoch 9/20:
Train Loss: 0.0523, Train Accuracy: 98.34%
Validation Loss: 0.2427, Validation Accuracy: 93.84%
[Epoch 10, Batch     2] loss: 0.001
Epoch 10/20:
Train Loss: 0.0382, Train Accuracy: 98.68%
Validation Loss: 0.1194, Validation Accuracy: 96.74%
[Epoch 11, Batch     2] loss: 0.000
Epoch 11/20:
Train Loss: 0.0393, Train Accuracy: 98.74%
Validation Loss: 0.2220, Validation Accuracy: 94.38%
[Epoch 12, Batch     2] loss: 0.000
Epoch 12/20:
Train Loss: 0.0502, Train Accuracy: 98.37%
Validation Loss: 0.1657, Validation Accuracy: 95.30%
[Epoch 13, Batch     2] loss: 0.000
Epoch 13/20:
Train Loss: 0.0269, Train Accuracy: 99.05%
Validation Loss: 0.1391, Validation Accuracy: 96.09%
[Epoch 14, Batch     2] loss: 0.000
Epoch 14/20:
Train Loss: 0.0577, Train Accuracy: 98.20%
Validation Loss: 0.2007, Validation Accuracy: 95.05%
[Epoch 15, Batch     2] loss: 0.001
Epoch 15/20:
Train Loss: 0.0190, Train Accuracy: 99.46%
Validation Loss: 0.1157, Validation Accuracy: 96.88%
[Epoch 16, Batch     2] loss: 0.000
Epoch 16/20:
Train Loss: 0.0219, Train Accuracy: 99.29%
Validation Loss: 0.1129, Validation Accuracy: 96.80%
[Epoch 17, Batch     2] loss: 0.000
Epoch 17/20:
Train Loss: 0.0267, Train Accuracy: 99.15%
Validation Loss: 0.1535, Validation Accuracy: 96.10%
[Epoch 18, Batch     2] loss: 0.000
Epoch 18/20:
Train Loss: 0.0202, Train Accuracy: 99.46%
Validation Loss: 0.1365, Validation Accuracy: 96.07%
[Epoch 19, Batch     2] loss: 0.000
Epoch 19/20:
Train Loss: 0.0073, Train Accuracy: 99.86%
Validation Loss: 0.1195, Validation Accuracy: 96.75%
[Epoch 20, Batch     2] loss: 0.000
Epoch 20/20:
Train Loss: 0.0294, Train Accuracy: 99.08%
Validation Loss: 0.2288, Validation Accuracy: 94.64%
Model saved to models/resnet18-MNIST-random-0.95-2
Modified conv1: updated in_channels to 1.
Modified fc layer: updated out_features to 10.
Loaded weights from file: models/resnet18_MNIST_E1_2
Modified conv1: updated in_channels to 1.
Modified fc layer: updated out_features to 10.
Initialized untrained model.
resnet18-MNIST-EVIDENCE-balanced_by_score-0.3-2
[Epoch 1, Batch     2] loss: 0.044
[Epoch 1, Batch   102] loss: 0.342
[Epoch 1, Batch   202] loss: 0.167
[Epoch 1, Batch   302] loss: 0.146
[Epoch 1, Batch   402] loss: 0.132
[Epoch 1, Batch   502] loss: 0.113
[Epoch 1, Batch   602] loss: 0.092
Epoch 1/20:
Train Loss: 0.0082, Train Accuracy: 94.97%
Validation Loss: 0.0601, Validation Accuracy: 98.26%
[Epoch 2, Batch     2] loss: 0.002
[Epoch 2, Batch   102] loss: 0.094
[Epoch 2, Batch   202] loss: 0.079
[Epoch 2, Batch   302] loss: 0.078
[Epoch 2, Batch   402] loss: 0.078
[Epoch 2, Batch   502] loss: 0.078
[Epoch 2, Batch   602] loss: 0.070
Epoch 2/20:
Train Loss: 0.0059, Train Accuracy: 97.69%
Validation Loss: 0.1006, Validation Accuracy: 96.97%
[Epoch 3, Batch     2] loss: 0.002
[Epoch 3, Batch   102] loss: 0.064
[Epoch 3, Batch   202] loss: 0.065
[Epoch 3, Batch   302] loss: 0.066
[Epoch 3, Batch   402] loss: 0.046
[Epoch 3, Batch   502] loss: 0.047
[Epoch 3, Batch   602] loss: 0.063
Epoch 3/20:
Train Loss: 0.0055, Train Accuracy: 98.26%
Validation Loss: 0.0482, Validation Accuracy: 98.56%
[Epoch 4, Batch     2] loss: 0.001
[Epoch 4, Batch   102] loss: 0.044
[Epoch 4, Batch   202] loss: 0.064
[Epoch 4, Batch   302] loss: 0.053
[Epoch 4, Batch   402] loss: 0.055
[Epoch 4, Batch   502] loss: 0.048
[Epoch 4, Batch   602] loss: 0.043
Epoch 4/20:
Train Loss: 0.0053, Train Accuracy: 98.36%
Validation Loss: 0.0566, Validation Accuracy: 98.27%
[Epoch 5, Batch     2] loss: 0.001
[Epoch 5, Batch   102] loss: 0.041
[Epoch 5, Batch   202] loss: 0.041
[Epoch 5, Batch   302] loss: 0.058
[Epoch 5, Batch   402] loss: 0.037
[Epoch 5, Batch   502] loss: 0.047
[Epoch 5, Batch   602] loss: 0.043
Epoch 5/20:
Train Loss: 0.0036, Train Accuracy: 98.72%
Validation Loss: 0.0578, Validation Accuracy: 98.20%
[Epoch 6, Batch     2] loss: 0.000
[Epoch 6, Batch   102] loss: 0.042
[Epoch 6, Batch   202] loss: 0.042
[Epoch 6, Batch   302] loss: 0.046
[Epoch 6, Batch   402] loss: 0.045
[Epoch 6, Batch   502] loss: 0.043
[Epoch 6, Batch   602] loss: 0.046
Epoch 6/20:
Train Loss: 0.0030, Train Accuracy: 98.77%
Validation Loss: 0.0498, Validation Accuracy: 98.43%
[Epoch 7, Batch     2] loss: 0.001
[Epoch 7, Batch   102] loss: 0.034
[Epoch 7, Batch   202] loss: 0.036
[Epoch 7, Batch   302] loss: 0.040
[Epoch 7, Batch   402] loss: 0.045
[Epoch 7, Batch   502] loss: 0.036
[Epoch 7, Batch   602] loss: 0.049
Epoch 7/20:
Train Loss: 0.0031, Train Accuracy: 98.77%
Validation Loss: 0.0428, Validation Accuracy: 98.75%
[Epoch 8, Batch     2] loss: 0.001
[Epoch 8, Batch   102] loss: 0.023
[Epoch 8, Batch   202] loss: 0.035
[Epoch 8, Batch   302] loss: 0.026
[Epoch 8, Batch   402] loss: 0.039
[Epoch 8, Batch   502] loss: 0.035
[Epoch 8, Batch   602] loss: 0.040
Epoch 8/20:
Train Loss: 0.0032, Train Accuracy: 98.97%
Validation Loss: 0.0525, Validation Accuracy: 98.56%
[Epoch 9, Batch     2] loss: 0.000
[Epoch 9, Batch   102] loss: 0.033
[Epoch 9, Batch   202] loss: 0.039
[Epoch 9, Batch   302] loss: 0.029
[Epoch 9, Batch   402] loss: 0.031
[Epoch 9, Batch   502] loss: 0.032
[Epoch 9, Batch   602] loss: 0.040
Epoch 9/20:
Train Loss: 0.0033, Train Accuracy: 98.92%
Validation Loss: 0.0476, Validation Accuracy: 98.54%
[Epoch 10, Batch     2] loss: 0.000
[Epoch 10, Batch   102] loss: 0.029
[Epoch 10, Batch   202] loss: 0.022
[Epoch 10, Batch   302] loss: 0.036
[Epoch 10, Batch   402] loss: 0.032
[Epoch 10, Batch   502] loss: 0.035
[Epoch 10, Batch   602] loss: 0.034
Epoch 10/20:
Train Loss: 0.0021, Train Accuracy: 99.10%
Validation Loss: 0.0452, Validation Accuracy: 98.67%
[Epoch 11, Batch     2] loss: 0.001
[Epoch 11, Batch   102] loss: 0.034
[Epoch 11, Batch   202] loss: 0.020
[Epoch 11, Batch   302] loss: 0.030
[Epoch 11, Batch   402] loss: 0.032
[Epoch 11, Batch   502] loss: 0.030
[Epoch 11, Batch   602] loss: 0.028
Epoch 11/20:
Train Loss: 0.0015, Train Accuracy: 99.16%
Validation Loss: 0.0456, Validation Accuracy: 98.73%
[Epoch 12, Batch     2] loss: 0.000
[Epoch 12, Batch   102] loss: 0.020
[Epoch 12, Batch   202] loss: 0.023
[Epoch 12, Batch   302] loss: 0.035
[Epoch 12, Batch   402] loss: 0.025
[Epoch 12, Batch   502] loss: 0.026
[Epoch 12, Batch   602] loss: 0.032
Epoch 12/20:
Train Loss: 0.0023, Train Accuracy: 99.21%
Validation Loss: 0.0353, Validation Accuracy: 98.90%
[Epoch 13, Batch     2] loss: 0.000
[Epoch 13, Batch   102] loss: 0.022
[Epoch 13, Batch   202] loss: 0.027
[Epoch 13, Batch   302] loss: 0.030
[Epoch 13, Batch   402] loss: 0.025
[Epoch 13, Batch   502] loss: 0.022
[Epoch 13, Batch   602] loss: 0.028
Epoch 13/20:
Train Loss: 0.0024, Train Accuracy: 99.16%
Validation Loss: 0.0378, Validation Accuracy: 98.93%
[Epoch 14, Batch     2] loss: 0.000
[Epoch 14, Batch   102] loss: 0.017
[Epoch 14, Batch   202] loss: 0.022
[Epoch 14, Batch   302] loss: 0.021
[Epoch 14, Batch   402] loss: 0.018
[Epoch 14, Batch   502] loss: 0.018
[Epoch 14, Batch   602] loss: 0.026
Epoch 14/20:
Train Loss: 0.0026, Train Accuracy: 99.37%
Validation Loss: 0.0408, Validation Accuracy: 98.85%
[Epoch 15, Batch     2] loss: 0.000
[Epoch 15, Batch   102] loss: 0.019
[Epoch 15, Batch   202] loss: 0.022
[Epoch 15, Batch   302] loss: 0.029
[Epoch 15, Batch   402] loss: 0.016
[Epoch 15, Batch   502] loss: 0.024
[Epoch 15, Batch   602] loss: 0.021
Epoch 15/20:
Train Loss: 0.0028, Train Accuracy: 99.27%
Validation Loss: 0.0554, Validation Accuracy: 98.28%
[Epoch 16, Batch     2] loss: 0.001
[Epoch 16, Batch   102] loss: 0.025
[Epoch 16, Batch   202] loss: 0.014
[Epoch 16, Batch   302] loss: 0.020
[Epoch 16, Batch   402] loss: 0.022
[Epoch 16, Batch   502] loss: 0.020
[Epoch 16, Batch   602] loss: 0.014
Epoch 16/20:
Train Loss: 0.0015, Train Accuracy: 99.40%
Validation Loss: 0.0431, Validation Accuracy: 98.75%
[Epoch 17, Batch     2] loss: 0.000
[Epoch 17, Batch   102] loss: 0.016
[Epoch 17, Batch   202] loss: 0.019
[Epoch 17, Batch   302] loss: 0.027
[Epoch 17, Batch   402] loss: 0.018
[Epoch 17, Batch   502] loss: 0.023
[Epoch 17, Batch   602] loss: 0.023
Epoch 17/20:
Train Loss: 0.0016, Train Accuracy: 99.38%
Validation Loss: 0.0411, Validation Accuracy: 98.79%
[Epoch 18, Batch     2] loss: 0.000
[Epoch 18, Batch   102] loss: 0.015
[Epoch 18, Batch   202] loss: 0.016
[Epoch 18, Batch   302] loss: 0.025
[Epoch 18, Batch   402] loss: 0.020
[Epoch 18, Batch   502] loss: 0.018
[Epoch 18, Batch   602] loss: 0.020
Epoch 18/20:
Train Loss: 0.0013, Train Accuracy: 99.39%
Validation Loss: 0.0503, Validation Accuracy: 98.70%
[Epoch 19, Batch     2] loss: 0.000
[Epoch 19, Batch   102] loss: 0.014
[Epoch 19, Batch   202] loss: 0.013
[Epoch 19, Batch   302] loss: 0.012
[Epoch 19, Batch   402] loss: 0.017
[Epoch 19, Batch   502] loss: 0.020
[Epoch 19, Batch   602] loss: 0.021
Epoch 19/20:
Train Loss: 0.0022, Train Accuracy: 99.45%
Validation Loss: 0.0474, Validation Accuracy: 98.63%
[Epoch 20, Batch     2] loss: 0.000
[Epoch 20, Batch   102] loss: 0.018
[Epoch 20, Batch   202] loss: 0.013
[Epoch 20, Batch   302] loss: 0.009
[Epoch 20, Batch   402] loss: 0.014
[Epoch 20, Batch   502] loss: 0.015
[Epoch 20, Batch   602] loss: 0.016
Epoch 20/20:
Train Loss: 0.0023, Train Accuracy: 99.55%
Validation Loss: 0.0479, Validation Accuracy: 98.61%
Model saved to models/resnet18-MNIST-EVIDENCE-balanced_by_score-0.3-2
Modified conv1: updated in_channels to 1.
Modified fc layer: updated out_features to 10.
Initialized untrained model.
resnet18-MNIST-EVIDENCE-balanced_by_score-0.5-2
[Epoch 1, Batch     2] loss: 0.040
[Epoch 1, Batch   102] loss: 0.331
[Epoch 1, Batch   202] loss: 0.169
[Epoch 1, Batch   302] loss: 0.151
[Epoch 1, Batch   402] loss: 0.122
Epoch 1/20:
Train Loss: 0.0146, Train Accuracy: 94.18%
Validation Loss: 0.0944, Validation Accuracy: 97.12%
[Epoch 2, Batch     2] loss: 0.001
[Epoch 2, Batch   102] loss: 0.084
[Epoch 2, Batch   202] loss: 0.092
[Epoch 2, Batch   302] loss: 0.082
[Epoch 2, Batch   402] loss: 0.087
Epoch 2/20:
Train Loss: 0.0117, Train Accuracy: 97.45%
Validation Loss: 0.0836, Validation Accuracy: 97.32%
[Epoch 3, Batch     2] loss: 0.002
[Epoch 3, Batch   102] loss: 0.059
[Epoch 3, Batch   202] loss: 0.064
[Epoch 3, Batch   302] loss: 0.069
[Epoch 3, Batch   402] loss: 0.070
Epoch 3/20:
Train Loss: 0.0090, Train Accuracy: 98.10%
Validation Loss: 0.0621, Validation Accuracy: 98.12%
[Epoch 4, Batch     2] loss: 0.002
[Epoch 4, Batch   102] loss: 0.052
[Epoch 4, Batch   202] loss: 0.049
[Epoch 4, Batch   302] loss: 0.049
[Epoch 4, Batch   402] loss: 0.056
Epoch 4/20:
Train Loss: 0.0076, Train Accuracy: 98.48%
Validation Loss: 0.0372, Validation Accuracy: 98.81%
[Epoch 5, Batch     2] loss: 0.000
[Epoch 5, Batch   102] loss: 0.044
[Epoch 5, Batch   202] loss: 0.053
[Epoch 5, Batch   302] loss: 0.041
[Epoch 5, Batch   402] loss: 0.042
Epoch 5/20:
Train Loss: 0.0067, Train Accuracy: 98.63%
Validation Loss: 0.0522, Validation Accuracy: 98.38%
[Epoch 6, Batch     2] loss: 0.000
[Epoch 6, Batch   102] loss: 0.042
[Epoch 6, Batch   202] loss: 0.052
[Epoch 6, Batch   302] loss: 0.044
[Epoch 6, Batch   402] loss: 0.038
Epoch 6/20:
Train Loss: 0.0059, Train Accuracy: 98.69%
Validation Loss: 0.0476, Validation Accuracy: 98.51%
[Epoch 7, Batch     2] loss: 0.000
[Epoch 7, Batch   102] loss: 0.030
[Epoch 7, Batch   202] loss: 0.036
[Epoch 7, Batch   302] loss: 0.040
[Epoch 7, Batch   402] loss: 0.046
Epoch 7/20:
Train Loss: 0.0044, Train Accuracy: 98.87%
Validation Loss: 0.0475, Validation Accuracy: 98.53%
[Epoch 8, Batch     2] loss: 0.001
[Epoch 8, Batch   102] loss: 0.038
[Epoch 8, Batch   202] loss: 0.042
[Epoch 8, Batch   302] loss: 0.044
[Epoch 8, Batch   402] loss: 0.039
Epoch 8/20:
Train Loss: 0.0041, Train Accuracy: 98.81%
Validation Loss: 0.1058, Validation Accuracy: 97.01%
[Epoch 9, Batch     2] loss: 0.000
[Epoch 9, Batch   102] loss: 0.033
[Epoch 9, Batch   202] loss: 0.029
[Epoch 9, Batch   302] loss: 0.027
[Epoch 9, Batch   402] loss: 0.042
Epoch 9/20:
Train Loss: 0.0052, Train Accuracy: 98.92%
Validation Loss: 0.0476, Validation Accuracy: 98.52%
[Epoch 10, Batch     2] loss: 0.000
[Epoch 10, Batch   102] loss: 0.027
[Epoch 10, Batch   202] loss: 0.027
[Epoch 10, Batch   302] loss: 0.028
[Epoch 10, Batch   402] loss: 0.039
Epoch 10/20:
Train Loss: 0.0067, Train Accuracy: 98.96%
Validation Loss: 0.0422, Validation Accuracy: 98.74%
[Epoch 11, Batch     2] loss: 0.001
[Epoch 11, Batch   102] loss: 0.023
[Epoch 11, Batch   202] loss: 0.032
[Epoch 11, Batch   302] loss: 0.039
[Epoch 11, Batch   402] loss: 0.024
Epoch 11/20:
Train Loss: 0.0042, Train Accuracy: 99.04%
Validation Loss: 0.0397, Validation Accuracy: 98.89%
[Epoch 12, Batch     2] loss: 0.001
[Epoch 12, Batch   102] loss: 0.019
[Epoch 12, Batch   202] loss: 0.025
[Epoch 12, Batch   302] loss: 0.029
[Epoch 12, Batch   402] loss: 0.030
Epoch 12/20:
Train Loss: 0.0042, Train Accuracy: 99.25%
Validation Loss: 0.0408, Validation Accuracy: 98.86%
[Epoch 13, Batch     2] loss: 0.000
[Epoch 13, Batch   102] loss: 0.022
[Epoch 13, Batch   202] loss: 0.028
[Epoch 13, Batch   302] loss: 0.024
[Epoch 13, Batch   402] loss: 0.031
Epoch 13/20:
Train Loss: 0.0043, Train Accuracy: 99.16%
Validation Loss: 0.0651, Validation Accuracy: 98.09%
[Epoch 14, Batch     2] loss: 0.001
[Epoch 14, Batch   102] loss: 0.029
[Epoch 14, Batch   202] loss: 0.021
[Epoch 14, Batch   302] loss: 0.033
[Epoch 14, Batch   402] loss: 0.027
Epoch 14/20:
Train Loss: 0.0032, Train Accuracy: 99.17%
Validation Loss: 0.0401, Validation Accuracy: 98.85%
[Epoch 15, Batch     2] loss: 0.000
[Epoch 15, Batch   102] loss: 0.024
[Epoch 15, Batch   202] loss: 0.019
[Epoch 15, Batch   302] loss: 0.030
[Epoch 15, Batch   402] loss: 0.027
Epoch 15/20:
Train Loss: 0.0039, Train Accuracy: 99.28%
Validation Loss: 0.0484, Validation Accuracy: 98.55%
[Epoch 16, Batch     2] loss: 0.000
[Epoch 16, Batch   102] loss: 0.015
[Epoch 16, Batch   202] loss: 0.026
[Epoch 16, Batch   302] loss: 0.022
[Epoch 16, Batch   402] loss: 0.020
Epoch 16/20:
Train Loss: 0.0039, Train Accuracy: 99.35%
Validation Loss: 0.0436, Validation Accuracy: 98.79%
[Epoch 17, Batch     2] loss: 0.001
[Epoch 17, Batch   102] loss: 0.020
[Epoch 17, Batch   202] loss: 0.018
[Epoch 17, Batch   302] loss: 0.020
[Epoch 17, Batch   402] loss: 0.028
Epoch 17/20:
Train Loss: 0.0034, Train Accuracy: 99.32%
Validation Loss: 0.0485, Validation Accuracy: 98.58%
[Epoch 18, Batch     2] loss: 0.001
[Epoch 18, Batch   102] loss: 0.021
[Epoch 18, Batch   202] loss: 0.023
[Epoch 18, Batch   302] loss: 0.018
[Epoch 18, Batch   402] loss: 0.022
Epoch 18/20:
Train Loss: 0.0032, Train Accuracy: 99.40%
Validation Loss: 0.0315, Validation Accuracy: 99.08%
[Epoch 19, Batch     2] loss: 0.001
[Epoch 19, Batch   102] loss: 0.013
[Epoch 19, Batch   202] loss: 0.023
[Epoch 19, Batch   302] loss: 0.015
[Epoch 19, Batch   402] loss: 0.021
Epoch 19/20:
Train Loss: 0.0035, Train Accuracy: 99.41%
Validation Loss: 0.0445, Validation Accuracy: 98.68%
[Epoch 20, Batch     2] loss: 0.001
[Epoch 20, Batch   102] loss: 0.016
[Epoch 20, Batch   202] loss: 0.015
[Epoch 20, Batch   302] loss: 0.012
[Epoch 20, Batch   402] loss: 0.030
Epoch 20/20:
Train Loss: 0.0024, Train Accuracy: 99.45%
Validation Loss: 0.0344, Validation Accuracy: 99.02%
Model saved to models/resnet18-MNIST-EVIDENCE-balanced_by_score-0.5-2
Modified conv1: updated in_channels to 1.
Modified fc layer: updated out_features to 10.
Initialized untrained model.
resnet18-MNIST-EVIDENCE-balanced_by_score-0.7-2
[Epoch 1, Batch     2] loss: 0.041
[Epoch 1, Batch   102] loss: 0.343
[Epoch 1, Batch   202] loss: 0.175
Epoch 1/20:
Train Loss: 0.0418, Train Accuracy: 92.68%
Validation Loss: 0.1303, Validation Accuracy: 96.17%
[Epoch 2, Batch     2] loss: 0.001
[Epoch 2, Batch   102] loss: 0.093
[Epoch 2, Batch   202] loss: 0.127
Epoch 2/20:
Train Loss: 0.0332, Train Accuracy: 96.64%
Validation Loss: 0.0830, Validation Accuracy: 97.71%
[Epoch 3, Batch     2] loss: 0.001
[Epoch 3, Batch   102] loss: 0.084
[Epoch 3, Batch   202] loss: 0.076
Epoch 3/20:
Train Loss: 0.0217, Train Accuracy: 97.59%
Validation Loss: 0.0947, Validation Accuracy: 97.05%
[Epoch 4, Batch     2] loss: 0.001
[Epoch 4, Batch   102] loss: 0.061
[Epoch 4, Batch   202] loss: 0.067
Epoch 4/20:
Train Loss: 0.0194, Train Accuracy: 97.98%
Validation Loss: 0.0752, Validation Accuracy: 97.53%
[Epoch 5, Batch     2] loss: 0.001
[Epoch 5, Batch   102] loss: 0.038
[Epoch 5, Batch   202] loss: 0.057
Epoch 5/20:
Train Loss: 0.0167, Train Accuracy: 98.51%
Validation Loss: 0.0515, Validation Accuracy: 98.31%
[Epoch 6, Batch     2] loss: 0.001
[Epoch 6, Batch   102] loss: 0.046
[Epoch 6, Batch   202] loss: 0.053
Epoch 6/20:
Train Loss: 0.0141, Train Accuracy: 98.43%
Validation Loss: 0.0746, Validation Accuracy: 97.72%
[Epoch 7, Batch     2] loss: 0.001
[Epoch 7, Batch   102] loss: 0.044
[Epoch 7, Batch   202] loss: 0.039
Epoch 7/20:
Train Loss: 0.0096, Train Accuracy: 98.73%
Validation Loss: 0.0709, Validation Accuracy: 97.93%
[Epoch 8, Batch     2] loss: 0.000
[Epoch 8, Batch   102] loss: 0.034
[Epoch 8, Batch   202] loss: 0.038
Epoch 8/20:
Train Loss: 0.0087, Train Accuracy: 98.93%
Validation Loss: 0.0489, Validation Accuracy: 98.58%
[Epoch 9, Batch     2] loss: 0.000
[Epoch 9, Batch   102] loss: 0.034
[Epoch 9, Batch   202] loss: 0.041
Epoch 9/20:
Train Loss: 0.0102, Train Accuracy: 98.85%
Validation Loss: 0.0882, Validation Accuracy: 97.31%
[Epoch 10, Batch     2] loss: 0.002
[Epoch 10, Batch   102] loss: 0.030
[Epoch 10, Batch   202] loss: 0.045
Epoch 10/20:
Train Loss: 0.0107, Train Accuracy: 98.78%
Validation Loss: 0.0518, Validation Accuracy: 98.45%
[Epoch 11, Batch     2] loss: 0.001
[Epoch 11, Batch   102] loss: 0.030
[Epoch 11, Batch   202] loss: 0.036
Epoch 11/20:
Train Loss: 0.0128, Train Accuracy: 98.80%
Validation Loss: 0.0937, Validation Accuracy: 97.29%
[Epoch 12, Batch     2] loss: 0.000
[Epoch 12, Batch   102] loss: 0.028
[Epoch 12, Batch   202] loss: 0.029
Epoch 12/20:
Train Loss: 0.0071, Train Accuracy: 99.11%
Validation Loss: 0.0457, Validation Accuracy: 98.63%
[Epoch 13, Batch     2] loss: 0.001
[Epoch 13, Batch   102] loss: 0.025
[Epoch 13, Batch   202] loss: 0.024
Epoch 13/20:
Train Loss: 0.0052, Train Accuracy: 99.29%
Validation Loss: 0.0398, Validation Accuracy: 98.82%
[Epoch 14, Batch     2] loss: 0.000
[Epoch 14, Batch   102] loss: 0.018
[Epoch 14, Batch   202] loss: 0.034
Epoch 14/20:
Train Loss: 0.0109, Train Accuracy: 99.11%
Validation Loss: 0.0547, Validation Accuracy: 98.35%
[Epoch 15, Batch     2] loss: 0.000
[Epoch 15, Batch   102] loss: 0.024
[Epoch 15, Batch   202] loss: 0.023
Epoch 15/20:
Train Loss: 0.0086, Train Accuracy: 99.16%
Validation Loss: 0.0959, Validation Accuracy: 97.33%
[Epoch 16, Batch     2] loss: 0.002
[Epoch 16, Batch   102] loss: 0.028
[Epoch 16, Batch   202] loss: 0.016
Epoch 16/20:
Train Loss: 0.0065, Train Accuracy: 99.30%
Validation Loss: 0.0440, Validation Accuracy: 98.57%
[Epoch 17, Batch     2] loss: 0.000
[Epoch 17, Batch   102] loss: 0.013
[Epoch 17, Batch   202] loss: 0.024
Epoch 17/20:
Train Loss: 0.0060, Train Accuracy: 99.47%
Validation Loss: 0.0589, Validation Accuracy: 98.41%
[Epoch 18, Batch     2] loss: 0.000
[Epoch 18, Batch   102] loss: 0.014
[Epoch 18, Batch   202] loss: 0.021
Epoch 18/20:
Train Loss: 0.0075, Train Accuracy: 99.39%
Validation Loss: 0.0565, Validation Accuracy: 98.35%
[Epoch 19, Batch     2] loss: 0.000
[Epoch 19, Batch   102] loss: 0.021
[Epoch 19, Batch   202] loss: 0.015
Epoch 19/20:
Train Loss: 0.0053, Train Accuracy: 99.51%
Validation Loss: 0.0719, Validation Accuracy: 98.08%
[Epoch 20, Batch     2] loss: 0.001
[Epoch 20, Batch   102] loss: 0.032
[Epoch 20, Batch   202] loss: 0.026
Epoch 20/20:
Train Loss: 0.0095, Train Accuracy: 99.09%
Validation Loss: 0.0841, Validation Accuracy: 97.86%
Model saved to models/resnet18-MNIST-EVIDENCE-balanced_by_score-0.7-2
Modified conv1: updated in_channels to 1.
Modified fc layer: updated out_features to 10.
Initialized untrained model.
resnet18-MNIST-EVIDENCE-balanced_by_score-0.8-2
[Epoch 1, Batch     2] loss: 0.045
[Epoch 1, Batch   102] loss: 0.364
Epoch 1/20:
Train Loss: 0.0877, Train Accuracy: 90.22%
Validation Loss: 0.1424, Validation Accuracy: 95.55%
[Epoch 2, Batch     2] loss: 0.002
[Epoch 2, Batch   102] loss: 0.141
Epoch 2/20:
Train Loss: 0.0555, Train Accuracy: 96.01%
Validation Loss: 0.1243, Validation Accuracy: 96.05%
[Epoch 3, Batch     2] loss: 0.001
[Epoch 3, Batch   102] loss: 0.090
Epoch 3/20:
Train Loss: 0.0378, Train Accuracy: 97.31%
Validation Loss: 0.1364, Validation Accuracy: 96.04%
[Epoch 4, Batch     2] loss: 0.002
[Epoch 4, Batch   102] loss: 0.071
Epoch 4/20:
Train Loss: 0.0335, Train Accuracy: 97.74%
Validation Loss: 0.0756, Validation Accuracy: 97.61%
[Epoch 5, Batch     2] loss: 0.001
[Epoch 5, Batch   102] loss: 0.056
Epoch 5/20:
Train Loss: 0.0322, Train Accuracy: 97.90%
Validation Loss: 0.0723, Validation Accuracy: 97.79%
[Epoch 6, Batch     2] loss: 0.001
[Epoch 6, Batch   102] loss: 0.043
Epoch 6/20:
Train Loss: 0.0260, Train Accuracy: 98.28%
Validation Loss: 0.0984, Validation Accuracy: 97.34%
[Epoch 7, Batch     2] loss: 0.001
[Epoch 7, Batch   102] loss: 0.048
Epoch 7/20:
Train Loss: 0.0174, Train Accuracy: 98.64%
Validation Loss: 0.0978, Validation Accuracy: 96.99%
[Epoch 8, Batch     2] loss: 0.001
[Epoch 8, Batch   102] loss: 0.029
Epoch 8/20:
Train Loss: 0.0238, Train Accuracy: 98.75%
Validation Loss: 0.0791, Validation Accuracy: 97.55%
[Epoch 9, Batch     2] loss: 0.001
[Epoch 9, Batch   102] loss: 0.029
Epoch 9/20:
Train Loss: 0.0185, Train Accuracy: 98.83%
Validation Loss: 0.0920, Validation Accuracy: 97.42%
[Epoch 10, Batch     2] loss: 0.001
[Epoch 10, Batch   102] loss: 0.032
Epoch 10/20:
Train Loss: 0.0136, Train Accuracy: 99.09%
Validation Loss: 0.0645, Validation Accuracy: 98.05%
[Epoch 11, Batch     2] loss: 0.000
[Epoch 11, Batch   102] loss: 0.021
Epoch 11/20:
Train Loss: 0.0179, Train Accuracy: 99.11%
Validation Loss: 0.0665, Validation Accuracy: 98.16%
[Epoch 12, Batch     2] loss: 0.000
[Epoch 12, Batch   102] loss: 0.033
Epoch 12/20:
Train Loss: 0.0129, Train Accuracy: 98.94%
Validation Loss: 0.0849, Validation Accuracy: 97.68%
[Epoch 13, Batch     2] loss: 0.000
[Epoch 13, Batch   102] loss: 0.031
Epoch 13/20:
Train Loss: 0.0118, Train Accuracy: 99.08%
Validation Loss: 0.0738, Validation Accuracy: 97.92%
[Epoch 14, Batch     2] loss: 0.000
[Epoch 14, Batch   102] loss: 0.029
Epoch 14/20:
Train Loss: 0.0141, Train Accuracy: 99.10%
Validation Loss: 0.0696, Validation Accuracy: 97.90%
[Epoch 15, Batch     2] loss: 0.000
[Epoch 15, Batch   102] loss: 0.029
Epoch 15/20:
Train Loss: 0.0146, Train Accuracy: 99.05%
Validation Loss: 0.1317, Validation Accuracy: 96.36%
[Epoch 16, Batch     2] loss: 0.000
[Epoch 16, Batch   102] loss: 0.022
Epoch 16/20:
Train Loss: 0.0148, Train Accuracy: 99.22%
Validation Loss: 0.0613, Validation Accuracy: 98.14%
[Epoch 17, Batch     2] loss: 0.000
[Epoch 17, Batch   102] loss: 0.021
Epoch 17/20:
Train Loss: 0.0151, Train Accuracy: 99.20%
Validation Loss: 0.0589, Validation Accuracy: 98.40%
[Epoch 18, Batch     2] loss: 0.000
[Epoch 18, Batch   102] loss: 0.014
Epoch 18/20:
Train Loss: 0.0047, Train Accuracy: 99.65%
Validation Loss: 0.0536, Validation Accuracy: 98.66%
[Epoch 19, Batch     2] loss: 0.000
[Epoch 19, Batch   102] loss: 0.019
Epoch 19/20:
Train Loss: 0.0096, Train Accuracy: 99.47%
Validation Loss: 0.0680, Validation Accuracy: 98.07%
[Epoch 20, Batch     2] loss: 0.001
[Epoch 20, Batch   102] loss: 0.033
Epoch 20/20:
Train Loss: 0.0151, Train Accuracy: 99.05%
Validation Loss: 0.0816, Validation Accuracy: 97.66%
Model saved to models/resnet18-MNIST-EVIDENCE-balanced_by_score-0.8-2
Modified conv1: updated in_channels to 1.
Modified fc layer: updated out_features to 10.
Initialized untrained model.
resnet18-MNIST-EVIDENCE-balanced_by_score-0.9-2
[Epoch 1, Batch     2] loss: 0.042
Epoch 1/20:
Train Loss: 0.3432, Train Accuracy: 87.87%
Validation Loss: 0.3142, Validation Accuracy: 90.37%
[Epoch 2, Batch     2] loss: 0.005
Epoch 2/20:
Train Loss: 0.1437, Train Accuracy: 95.58%
Validation Loss: 0.1703, Validation Accuracy: 94.70%
[Epoch 3, Batch     2] loss: 0.002
Epoch 3/20:
Train Loss: 0.0984, Train Accuracy: 96.84%
Validation Loss: 0.0912, Validation Accuracy: 97.13%
[Epoch 4, Batch     2] loss: 0.000
Epoch 4/20:
Train Loss: 0.0627, Train Accuracy: 97.93%
Validation Loss: 0.1734, Validation Accuracy: 94.87%
[Epoch 5, Batch     2] loss: 0.001
Epoch 5/20:
Train Loss: 0.0606, Train Accuracy: 97.96%
Validation Loss: 0.1453, Validation Accuracy: 95.67%
[Epoch 6, Batch     2] loss: 0.001
Epoch 6/20:
Train Loss: 0.0750, Train Accuracy: 97.55%
Validation Loss: 0.5775, Validation Accuracy: 84.87%
[Epoch 7, Batch     2] loss: 0.002
Epoch 7/20:
Train Loss: 0.0580, Train Accuracy: 98.11%
Validation Loss: 0.1178, Validation Accuracy: 96.59%
[Epoch 8, Batch     2] loss: 0.000
Epoch 8/20:
Train Loss: 0.0408, Train Accuracy: 98.69%
Validation Loss: 0.1256, Validation Accuracy: 96.55%
[Epoch 9, Batch     2] loss: 0.000
Epoch 9/20:
Train Loss: 0.0272, Train Accuracy: 99.22%
Validation Loss: 0.1094, Validation Accuracy: 96.73%
[Epoch 10, Batch     2] loss: 0.000
Epoch 10/20:
Train Loss: 0.0337, Train Accuracy: 98.93%
Validation Loss: 0.1412, Validation Accuracy: 96.05%
[Epoch 11, Batch     2] loss: 0.000
Epoch 11/20:
Train Loss: 0.0289, Train Accuracy: 99.15%
Validation Loss: 0.1642, Validation Accuracy: 95.34%
[Epoch 12, Batch     2] loss: 0.000
Epoch 12/20:
Train Loss: 0.0260, Train Accuracy: 99.08%
Validation Loss: 0.1109, Validation Accuracy: 97.04%
[Epoch 13, Batch     2] loss: 0.000
Epoch 13/20:
Train Loss: 0.0256, Train Accuracy: 99.13%
Validation Loss: 0.1271, Validation Accuracy: 96.67%
[Epoch 14, Batch     2] loss: 0.000
Epoch 14/20:
Train Loss: 0.0274, Train Accuracy: 99.01%
Validation Loss: 0.1375, Validation Accuracy: 96.31%
[Epoch 15, Batch     2] loss: 0.000
Epoch 15/20:
Train Loss: 0.0508, Train Accuracy: 98.51%
Validation Loss: 0.1741, Validation Accuracy: 95.00%
[Epoch 16, Batch     2] loss: 0.001
Epoch 16/20:
Train Loss: 0.0243, Train Accuracy: 99.20%
Validation Loss: 0.1344, Validation Accuracy: 96.30%
[Epoch 17, Batch     2] loss: 0.000
Epoch 17/20:
Train Loss: 0.0210, Train Accuracy: 99.25%
Validation Loss: 0.0992, Validation Accuracy: 97.19%
[Epoch 18, Batch     2] loss: 0.000
Epoch 18/20:
Train Loss: 0.0149, Train Accuracy: 99.49%
Validation Loss: 0.1160, Validation Accuracy: 97.19%
[Epoch 19, Batch     2] loss: 0.000
Epoch 19/20:
Train Loss: 0.0211, Train Accuracy: 99.35%
Validation Loss: 0.1116, Validation Accuracy: 96.98%
[Epoch 20, Batch     2] loss: 0.000
Epoch 20/20:
Train Loss: 0.0127, Train Accuracy: 99.66%
Validation Loss: 0.0799, Validation Accuracy: 97.84%
Model saved to models/resnet18-MNIST-EVIDENCE-balanced_by_score-0.9-2
Modified conv1: updated in_channels to 1.
Modified fc layer: updated out_features to 10.
Initialized untrained model.
resnet18-MNIST-EVIDENCE-balanced_by_score-0.95-2
[Epoch 1, Batch     2] loss: 0.042
Epoch 1/20:
Train Loss: 0.4681, Train Accuracy: 82.44%
Validation Loss: 0.5268, Validation Accuracy: 81.94%
[Epoch 2, Batch     2] loss: 0.004
Epoch 2/20:
Train Loss: 0.1834, Train Accuracy: 94.23%
Validation Loss: 0.3826, Validation Accuracy: 87.97%
[Epoch 3, Batch     2] loss: 0.002
Epoch 3/20:
Train Loss: 0.1231, Train Accuracy: 96.09%
Validation Loss: 0.5091, Validation Accuracy: 86.82%
[Epoch 4, Batch     2] loss: 0.001
Epoch 4/20:
Train Loss: 0.0897, Train Accuracy: 97.35%
Validation Loss: 0.1553, Validation Accuracy: 95.54%
[Epoch 5, Batch     2] loss: 0.001
Epoch 5/20:
Train Loss: 0.0755, Train Accuracy: 97.08%
Validation Loss: 0.3691, Validation Accuracy: 90.36%
[Epoch 6, Batch     2] loss: 0.001
Epoch 6/20:
Train Loss: 0.0773, Train Accuracy: 97.42%
Validation Loss: 0.2030, Validation Accuracy: 94.15%
[Epoch 7, Batch     2] loss: 0.001
Epoch 7/20:
Train Loss: 0.0690, Train Accuracy: 97.42%
Validation Loss: 0.2478, Validation Accuracy: 93.32%
[Epoch 8, Batch     2] loss: 0.000
Epoch 8/20:
Train Loss: 0.0507, Train Accuracy: 98.23%
Validation Loss: 0.2040, Validation Accuracy: 94.39%
[Epoch 9, Batch     2] loss: 0.001
Epoch 9/20:
Train Loss: 0.0458, Train Accuracy: 98.44%
Validation Loss: 0.2833, Validation Accuracy: 93.11%
[Epoch 10, Batch     2] loss: 0.000
Epoch 10/20:
Train Loss: 0.0398, Train Accuracy: 98.78%
Validation Loss: 0.1373, Validation Accuracy: 96.21%
[Epoch 11, Batch     2] loss: 0.000
Epoch 11/20:
Train Loss: 0.0408, Train Accuracy: 98.64%
Validation Loss: 0.5525, Validation Accuracy: 87.38%
[Epoch 12, Batch     2] loss: 0.001
Epoch 12/20:
Train Loss: 0.0658, Train Accuracy: 97.89%
Validation Loss: 0.2963, Validation Accuracy: 91.95%
[Epoch 13, Batch     2] loss: 0.001
Epoch 13/20:
Train Loss: 0.0295, Train Accuracy: 99.01%
Validation Loss: 0.1336, Validation Accuracy: 96.07%
[Epoch 14, Batch     2] loss: 0.000
Epoch 14/20:
Train Loss: 0.0118, Train Accuracy: 99.69%
Validation Loss: 0.1239, Validation Accuracy: 96.72%
[Epoch 15, Batch     2] loss: 0.001
Epoch 15/20:
Train Loss: 0.0115, Train Accuracy: 99.66%
Validation Loss: 0.1075, Validation Accuracy: 97.27%
[Epoch 16, Batch     2] loss: 0.000
Epoch 16/20:
Train Loss: 0.0082, Train Accuracy: 99.73%
Validation Loss: 0.1201, Validation Accuracy: 96.76%
[Epoch 17, Batch     2] loss: 0.000
Epoch 17/20:
Train Loss: 0.0141, Train Accuracy: 99.73%
Validation Loss: 0.1431, Validation Accuracy: 95.82%
[Epoch 18, Batch     2] loss: 0.000
Epoch 18/20:
Train Loss: 0.0130, Train Accuracy: 99.42%
Validation Loss: 0.2973, Validation Accuracy: 92.39%
[Epoch 19, Batch     2] loss: 0.001
Epoch 19/20:
Train Loss: 0.0445, Train Accuracy: 98.64%
Validation Loss: 0.1718, Validation Accuracy: 95.47%
[Epoch 20, Batch     2] loss: 0.001
Epoch 20/20:
Train Loss: 0.0170, Train Accuracy: 99.42%
Validation Loss: 0.1040, Validation Accuracy: 97.09%
Model saved to models/resnet18-MNIST-EVIDENCE-balanced_by_score-0.95-2
Modified conv1: updated in_channels to 1.
Modified fc layer: updated out_features to 10.
Loaded weights from file: models/resnet18_MNIST_E1_2
Modified conv1: updated in_channels to 1.
Modified fc layer: updated out_features to 10.
Initialized untrained model.
resnet18-MNIST-EVIDENCE-median-0.3-2
[Epoch 1, Batch     2] loss: 0.040
[Epoch 1, Batch   102] loss: 0.277
[Epoch 1, Batch   202] loss: 0.141
[Epoch 1, Batch   302] loss: 0.110
[Epoch 1, Batch   402] loss: 0.105
[Epoch 1, Batch   502] loss: 0.101
[Epoch 1, Batch   602] loss: 0.067
Epoch 1/20:
Train Loss: 0.0061, Train Accuracy: 95.94%
Validation Loss: 0.1831, Validation Accuracy: 94.64%
[Epoch 2, Batch     2] loss: 0.001
[Epoch 2, Batch   102] loss: 0.057
[Epoch 2, Batch   202] loss: 0.063
[Epoch 2, Batch   302] loss: 0.067
[Epoch 2, Batch   402] loss: 0.053
[Epoch 2, Batch   502] loss: 0.053
[Epoch 2, Batch   602] loss: 0.058
Epoch 2/20:
Train Loss: 0.0052, Train Accuracy: 98.26%
Validation Loss: 0.2956, Validation Accuracy: 92.66%
[Epoch 3, Batch     2] loss: 0.001
[Epoch 3, Batch   102] loss: 0.047
[Epoch 3, Batch   202] loss: 0.045
[Epoch 3, Batch   302] loss: 0.045
[Epoch 3, Batch   402] loss: 0.039
[Epoch 3, Batch   502] loss: 0.049
[Epoch 3, Batch   602] loss: 0.037
Epoch 3/20:
Train Loss: 0.0035, Train Accuracy: 98.80%
Validation Loss: 0.0878, Validation Accuracy: 97.32%
[Epoch 4, Batch     2] loss: 0.001
[Epoch 4, Batch   102] loss: 0.030
[Epoch 4, Batch   202] loss: 0.044
[Epoch 4, Batch   302] loss: 0.041
[Epoch 4, Batch   402] loss: 0.029
[Epoch 4, Batch   502] loss: 0.046
[Epoch 4, Batch   602] loss: 0.037
Epoch 4/20:
Train Loss: 0.0035, Train Accuracy: 98.90%
Validation Loss: 0.0631, Validation Accuracy: 98.03%
[Epoch 5, Batch     2] loss: 0.001
[Epoch 5, Batch   102] loss: 0.029
[Epoch 5, Batch   202] loss: 0.032
[Epoch 5, Batch   302] loss: 0.025
[Epoch 5, Batch   402] loss: 0.038
[Epoch 5, Batch   502] loss: 0.034
[Epoch 5, Batch   602] loss: 0.034
Epoch 5/20:
Train Loss: 0.0030, Train Accuracy: 99.06%
Validation Loss: 0.1790, Validation Accuracy: 94.42%
[Epoch 6, Batch     2] loss: 0.000
[Epoch 6, Batch   102] loss: 0.027
[Epoch 6, Batch   202] loss: 0.030
[Epoch 6, Batch   302] loss: 0.030
[Epoch 6, Batch   402] loss: 0.024
[Epoch 6, Batch   502] loss: 0.032
[Epoch 6, Batch   602] loss: 0.029
Epoch 6/20:
Train Loss: 0.0036, Train Accuracy: 99.13%
Validation Loss: 0.0725, Validation Accuracy: 97.86%
[Epoch 7, Batch     2] loss: 0.000
[Epoch 7, Batch   102] loss: 0.025
[Epoch 7, Batch   202] loss: 0.026
[Epoch 7, Batch   302] loss: 0.028
[Epoch 7, Batch   402] loss: 0.022
[Epoch 7, Batch   502] loss: 0.031
[Epoch 7, Batch   602] loss: 0.027
Epoch 7/20:
Train Loss: 0.0040, Train Accuracy: 99.19%
Validation Loss: 0.0735, Validation Accuracy: 97.78%
[Epoch 8, Batch     2] loss: 0.002
[Epoch 8, Batch   102] loss: 0.029
[Epoch 8, Batch   202] loss: 0.028
[Epoch 8, Batch   302] loss: 0.031
[Epoch 8, Batch   402] loss: 0.022
[Epoch 8, Batch   502] loss: 0.034
[Epoch 8, Batch   602] loss: 0.027
Epoch 8/20:
Train Loss: 0.0020, Train Accuracy: 99.15%
Validation Loss: 0.0518, Validation Accuracy: 98.49%
[Epoch 9, Batch     2] loss: 0.000
[Epoch 9, Batch   102] loss: 0.017
[Epoch 9, Batch   202] loss: 0.021
[Epoch 9, Batch   302] loss: 0.026
[Epoch 9, Batch   402] loss: 0.024
[Epoch 9, Batch   502] loss: 0.025
[Epoch 9, Batch   602] loss: 0.023
Epoch 9/20:
Train Loss: 0.0027, Train Accuracy: 99.28%
Validation Loss: 0.0555, Validation Accuracy: 98.34%
[Epoch 10, Batch     2] loss: 0.000
[Epoch 10, Batch   102] loss: 0.019
[Epoch 10, Batch   202] loss: 0.027
[Epoch 10, Batch   302] loss: 0.022
[Epoch 10, Batch   402] loss: 0.024
[Epoch 10, Batch   502] loss: 0.025
[Epoch 10, Batch   602] loss: 0.023
Epoch 10/20:
Train Loss: 0.0022, Train Accuracy: 99.32%
Validation Loss: 0.0884, Validation Accuracy: 97.49%
[Epoch 11, Batch     2] loss: 0.000
[Epoch 11, Batch   102] loss: 0.015
[Epoch 11, Batch   202] loss: 0.025
[Epoch 11, Batch   302] loss: 0.020
[Epoch 11, Batch   402] loss: 0.013
[Epoch 11, Batch   502] loss: 0.025
[Epoch 11, Batch   602] loss: 0.028
Epoch 11/20:
Train Loss: 0.0025, Train Accuracy: 99.36%
Validation Loss: 0.0677, Validation Accuracy: 97.92%
[Epoch 12, Batch     2] loss: 0.001
[Epoch 12, Batch   102] loss: 0.017
[Epoch 12, Batch   202] loss: 0.020
[Epoch 12, Batch   302] loss: 0.014
[Epoch 12, Batch   402] loss: 0.024
[Epoch 12, Batch   502] loss: 0.023
[Epoch 12, Batch   602] loss: 0.023
Epoch 12/20:
Train Loss: 0.0027, Train Accuracy: 99.37%
Validation Loss: 0.0766, Validation Accuracy: 97.88%
[Epoch 13, Batch     2] loss: 0.000
[Epoch 13, Batch   102] loss: 0.020
[Epoch 13, Batch   202] loss: 0.021
[Epoch 13, Batch   302] loss: 0.014
[Epoch 13, Batch   402] loss: 0.021
[Epoch 13, Batch   502] loss: 0.013
[Epoch 13, Batch   602] loss: 0.017
Epoch 13/20:
Train Loss: 0.0016, Train Accuracy: 99.49%
Validation Loss: 0.0530, Validation Accuracy: 98.54%
[Epoch 14, Batch     2] loss: 0.000
[Epoch 14, Batch   102] loss: 0.023
[Epoch 14, Batch   202] loss: 0.014
[Epoch 14, Batch   302] loss: 0.020
[Epoch 14, Batch   402] loss: 0.009
[Epoch 14, Batch   502] loss: 0.013
[Epoch 14, Batch   602] loss: 0.019
Epoch 14/20:
Train Loss: 0.0023, Train Accuracy: 99.52%
Validation Loss: 0.0747, Validation Accuracy: 97.73%
[Epoch 15, Batch     2] loss: 0.000
[Epoch 15, Batch   102] loss: 0.009
[Epoch 15, Batch   202] loss: 0.019
[Epoch 15, Batch   302] loss: 0.018
[Epoch 15, Batch   402] loss: 0.018
[Epoch 15, Batch   502] loss: 0.018
[Epoch 15, Batch   602] loss: 0.024
Epoch 15/20:
Train Loss: 0.0013, Train Accuracy: 99.47%
Validation Loss: 0.0701, Validation Accuracy: 97.85%
[Epoch 16, Batch     2] loss: 0.001
[Epoch 16, Batch   102] loss: 0.015
[Epoch 16, Batch   202] loss: 0.010
[Epoch 16, Batch   302] loss: 0.009
[Epoch 16, Batch   402] loss: 0.014
[Epoch 16, Batch   502] loss: 0.018
[Epoch 16, Batch   602] loss: 0.018
Epoch 16/20:
Train Loss: 0.0014, Train Accuracy: 99.59%
Validation Loss: 0.0517, Validation Accuracy: 98.58%
[Epoch 17, Batch     2] loss: 0.000
[Epoch 17, Batch   102] loss: 0.010
[Epoch 17, Batch   202] loss: 0.012
[Epoch 17, Batch   302] loss: 0.011
[Epoch 17, Batch   402] loss: 0.015
[Epoch 17, Batch   502] loss: 0.019
[Epoch 17, Batch   602] loss: 0.018
Epoch 17/20:
Train Loss: 0.0023, Train Accuracy: 99.55%
Validation Loss: 0.0572, Validation Accuracy: 98.33%
[Epoch 18, Batch     2] loss: 0.000
[Epoch 18, Batch   102] loss: 0.011
[Epoch 18, Batch   202] loss: 0.012
[Epoch 18, Batch   302] loss: 0.010
[Epoch 18, Batch   402] loss: 0.015
[Epoch 18, Batch   502] loss: 0.013
[Epoch 18, Batch   602] loss: 0.013
Epoch 18/20:
Train Loss: 0.0010, Train Accuracy: 99.60%
Validation Loss: 0.0418, Validation Accuracy: 98.77%
[Epoch 19, Batch     2] loss: 0.000
[Epoch 19, Batch   102] loss: 0.009
[Epoch 19, Batch   202] loss: 0.010
[Epoch 19, Batch   302] loss: 0.013
[Epoch 19, Batch   402] loss: 0.011
[Epoch 19, Batch   502] loss: 0.015
[Epoch 19, Batch   602] loss: 0.012
Epoch 19/20:
Train Loss: 0.0013, Train Accuracy: 99.64%
Validation Loss: 0.0761, Validation Accuracy: 97.93%
[Epoch 20, Batch     2] loss: 0.000
[Epoch 20, Batch   102] loss: 0.011
[Epoch 20, Batch   202] loss: 0.004
[Epoch 20, Batch   302] loss: 0.009
[Epoch 20, Batch   402] loss: 0.016
[Epoch 20, Batch   502] loss: 0.016
[Epoch 20, Batch   602] loss: 0.012
Epoch 20/20:
Train Loss: 0.0008, Train Accuracy: 99.70%
Validation Loss: 0.0609, Validation Accuracy: 98.45%
Model saved to models/resnet18-MNIST-EVIDENCE-median-0.3-2
Modified conv1: updated in_channels to 1.
Modified fc layer: updated out_features to 10.
Initialized untrained model.
resnet18-MNIST-EVIDENCE-median-0.5-2
[Epoch 1, Batch     2] loss: 0.037
[Epoch 1, Batch   102] loss: 0.267
[Epoch 1, Batch   202] loss: 0.134
[Epoch 1, Batch   302] loss: 0.095
[Epoch 1, Batch   402] loss: 0.087
Epoch 1/20:
Train Loss: 0.0105, Train Accuracy: 95.89%
Validation Loss: 0.3491, Validation Accuracy: 88.07%
[Epoch 2, Batch     2] loss: 0.001
[Epoch 2, Batch   102] loss: 0.068
[Epoch 2, Batch   202] loss: 0.069
[Epoch 2, Batch   302] loss: 0.071
[Epoch 2, Batch   402] loss: 0.052
Epoch 2/20:
Train Loss: 0.0090, Train Accuracy: 98.23%
Validation Loss: 0.2923, Validation Accuracy: 91.19%
[Epoch 3, Batch     2] loss: 0.001
[Epoch 3, Batch   102] loss: 0.042
[Epoch 3, Batch   202] loss: 0.039
[Epoch 3, Batch   302] loss: 0.046
[Epoch 3, Batch   402] loss: 0.042
Epoch 3/20:
Train Loss: 0.0071, Train Accuracy: 98.74%
Validation Loss: 0.1293, Validation Accuracy: 96.46%
[Epoch 4, Batch     2] loss: 0.001
[Epoch 4, Batch   102] loss: 0.028
[Epoch 4, Batch   202] loss: 0.042
[Epoch 4, Batch   302] loss: 0.050
[Epoch 4, Batch   402] loss: 0.046
Epoch 4/20:
Train Loss: 0.0047, Train Accuracy: 98.84%
Validation Loss: 0.2372, Validation Accuracy: 91.65%
[Epoch 5, Batch     2] loss: 0.001
[Epoch 5, Batch   102] loss: 0.021
[Epoch 5, Batch   202] loss: 0.036
[Epoch 5, Batch   302] loss: 0.038
[Epoch 5, Batch   402] loss: 0.039
Epoch 5/20:
Train Loss: 0.0043, Train Accuracy: 99.06%
Validation Loss: 0.1753, Validation Accuracy: 94.85%
[Epoch 6, Batch     2] loss: 0.000
[Epoch 6, Batch   102] loss: 0.021
[Epoch 6, Batch   202] loss: 0.037
[Epoch 6, Batch   302] loss: 0.033
[Epoch 6, Batch   402] loss: 0.028
Epoch 6/20:
Train Loss: 0.0053, Train Accuracy: 99.10%
Validation Loss: 0.1601, Validation Accuracy: 95.31%
[Epoch 7, Batch     2] loss: 0.001
[Epoch 7, Batch   102] loss: 0.024
[Epoch 7, Batch   202] loss: 0.030
[Epoch 7, Batch   302] loss: 0.027
[Epoch 7, Batch   402] loss: 0.037
Epoch 7/20:
Train Loss: 0.0053, Train Accuracy: 99.06%
Validation Loss: 0.1588, Validation Accuracy: 94.33%
[Epoch 8, Batch     2] loss: 0.000
[Epoch 8, Batch   102] loss: 0.025
[Epoch 8, Batch   202] loss: 0.034
[Epoch 8, Batch   302] loss: 0.022
[Epoch 8, Batch   402] loss: 0.023
Epoch 8/20:
Train Loss: 0.0037, Train Accuracy: 99.24%
Validation Loss: 0.2916, Validation Accuracy: 92.12%
[Epoch 9, Batch     2] loss: 0.001
[Epoch 9, Batch   102] loss: 0.015
[Epoch 9, Batch   202] loss: 0.024
[Epoch 9, Batch   302] loss: 0.016
[Epoch 9, Batch   402] loss: 0.028
Epoch 9/20:
Train Loss: 0.0035, Train Accuracy: 99.41%
Validation Loss: 0.2129, Validation Accuracy: 94.18%
[Epoch 10, Batch     2] loss: 0.000
[Epoch 10, Batch   102] loss: 0.023
[Epoch 10, Batch   202] loss: 0.025
[Epoch 10, Batch   302] loss: 0.025
[Epoch 10, Batch   402] loss: 0.026
Epoch 10/20:
Train Loss: 0.0028, Train Accuracy: 99.28%
Validation Loss: 0.1391, Validation Accuracy: 95.99%
[Epoch 11, Batch     2] loss: 0.001
[Epoch 11, Batch   102] loss: 0.023
[Epoch 11, Batch   202] loss: 0.020
[Epoch 11, Batch   302] loss: 0.029
[Epoch 11, Batch   402] loss: 0.020
Epoch 11/20:
Train Loss: 0.0045, Train Accuracy: 99.32%
Validation Loss: 0.2074, Validation Accuracy: 93.22%
[Epoch 12, Batch     2] loss: 0.000
[Epoch 12, Batch   102] loss: 0.015
[Epoch 12, Batch   202] loss: 0.016
[Epoch 12, Batch   302] loss: 0.024
[Epoch 12, Batch   402] loss: 0.025
Epoch 12/20:
Train Loss: 0.0022, Train Accuracy: 99.42%
Validation Loss: 0.0913, Validation Accuracy: 97.19%
[Epoch 13, Batch     2] loss: 0.000
[Epoch 13, Batch   102] loss: 0.008
[Epoch 13, Batch   202] loss: 0.027
[Epoch 13, Batch   302] loss: 0.023
[Epoch 13, Batch   402] loss: 0.019
Epoch 13/20:
Train Loss: 0.0040, Train Accuracy: 99.37%
Validation Loss: 0.1711, Validation Accuracy: 94.34%
[Epoch 14, Batch     2] loss: 0.000
[Epoch 14, Batch   102] loss: 0.019
[Epoch 14, Batch   202] loss: 0.020
[Epoch 14, Batch   302] loss: 0.023
[Epoch 14, Batch   402] loss: 0.018
Epoch 14/20:
Train Loss: 0.0033, Train Accuracy: 99.38%
Validation Loss: 0.1344, Validation Accuracy: 95.57%
[Epoch 15, Batch     2] loss: 0.000
[Epoch 15, Batch   102] loss: 0.015
[Epoch 15, Batch   202] loss: 0.009
[Epoch 15, Batch   302] loss: 0.019
[Epoch 15, Batch   402] loss: 0.024
Epoch 15/20:
Train Loss: 0.0018, Train Accuracy: 99.49%
Validation Loss: 0.0868, Validation Accuracy: 97.54%
[Epoch 16, Batch     2] loss: 0.000
[Epoch 16, Batch   102] loss: 0.014
[Epoch 16, Batch   202] loss: 0.020
[Epoch 16, Batch   302] loss: 0.014
[Epoch 16, Batch   402] loss: 0.015
Epoch 16/20:
Train Loss: 0.0026, Train Accuracy: 99.52%
Validation Loss: 0.0836, Validation Accuracy: 97.60%
[Epoch 17, Batch     2] loss: 0.000
[Epoch 17, Batch   102] loss: 0.021
[Epoch 17, Batch   202] loss: 0.017
[Epoch 17, Batch   302] loss: 0.021
[Epoch 17, Batch   402] loss: 0.010
Epoch 17/20:
Train Loss: 0.0020, Train Accuracy: 99.50%
Validation Loss: 0.2187, Validation Accuracy: 93.50%
[Epoch 18, Batch     2] loss: 0.000
[Epoch 18, Batch   102] loss: 0.013
[Epoch 18, Batch   202] loss: 0.013
[Epoch 18, Batch   302] loss: 0.011
[Epoch 18, Batch   402] loss: 0.010
Epoch 18/20:
Train Loss: 0.0023, Train Accuracy: 99.62%
Validation Loss: 0.1393, Validation Accuracy: 96.20%
[Epoch 19, Batch     2] loss: 0.001
[Epoch 19, Batch   102] loss: 0.015
[Epoch 19, Batch   202] loss: 0.013
[Epoch 19, Batch   302] loss: 0.013
[Epoch 19, Batch   402] loss: 0.010
Epoch 19/20:
Train Loss: 0.0025, Train Accuracy: 99.61%
Validation Loss: 0.0840, Validation Accuracy: 97.48%
[Epoch 20, Batch     2] loss: 0.001
[Epoch 20, Batch   102] loss: 0.010
[Epoch 20, Batch   202] loss: 0.011
[Epoch 20, Batch   302] loss: 0.016
[Epoch 20, Batch   402] loss: 0.017
Epoch 20/20:
Train Loss: 0.0026, Train Accuracy: 99.58%
Validation Loss: 0.1416, Validation Accuracy: 95.96%
Model saved to models/resnet18-MNIST-EVIDENCE-median-0.5-2
Modified conv1: updated in_channels to 1.
Modified fc layer: updated out_features to 10.
Initialized untrained model.
resnet18-MNIST-EVIDENCE-median-0.7-2
[Epoch 1, Batch     2] loss: 0.038
[Epoch 1, Batch   102] loss: 0.189
[Epoch 1, Batch   202] loss: 0.114
Epoch 1/20:
Train Loss: 0.0302, Train Accuracy: 95.74%
Validation Loss: 0.8651, Validation Accuracy: 71.07%
[Epoch 2, Batch     2] loss: 0.001
[Epoch 2, Batch   102] loss: 0.064
[Epoch 2, Batch   202] loss: 0.074
Epoch 2/20:
Train Loss: 0.0180, Train Accuracy: 98.19%
Validation Loss: 0.8508, Validation Accuracy: 75.24%
[Epoch 3, Batch     2] loss: 0.000
[Epoch 3, Batch   102] loss: 0.061
[Epoch 3, Batch   202] loss: 0.056
Epoch 3/20:
Train Loss: 0.0136, Train Accuracy: 98.30%
Validation Loss: 0.6353, Validation Accuracy: 82.34%
[Epoch 4, Batch     2] loss: 0.001
[Epoch 4, Batch   102] loss: 0.037
[Epoch 4, Batch   202] loss: 0.036
Epoch 4/20:
Train Loss: 0.0119, Train Accuracy: 98.94%
Validation Loss: 0.5010, Validation Accuracy: 83.93%
[Epoch 5, Batch     2] loss: 0.001
[Epoch 5, Batch   102] loss: 0.030
[Epoch 5, Batch   202] loss: 0.034
Epoch 5/20:
Train Loss: 0.0112, Train Accuracy: 99.02%
Validation Loss: 0.4379, Validation Accuracy: 86.04%
[Epoch 6, Batch     2] loss: 0.000
[Epoch 6, Batch   102] loss: 0.027
[Epoch 6, Batch   202] loss: 0.025
Epoch 6/20:
Train Loss: 0.0105, Train Accuracy: 99.22%
Validation Loss: 0.3404, Validation Accuracy: 88.96%
[Epoch 7, Batch     2] loss: 0.000
[Epoch 7, Batch   102] loss: 0.028
[Epoch 7, Batch   202] loss: 0.026
Epoch 7/20:
Train Loss: 0.0069, Train Accuracy: 99.18%
Validation Loss: 0.4774, Validation Accuracy: 84.21%
[Epoch 8, Batch     2] loss: 0.000
[Epoch 8, Batch   102] loss: 0.027
[Epoch 8, Batch   202] loss: 0.024
Epoch 8/20:
Train Loss: 0.0093, Train Accuracy: 99.17%
Validation Loss: 0.4910, Validation Accuracy: 87.60%
[Epoch 9, Batch     2] loss: 0.000
[Epoch 9, Batch   102] loss: 0.021
[Epoch 9, Batch   202] loss: 0.025
Epoch 9/20:
Train Loss: 0.0098, Train Accuracy: 99.25%
Validation Loss: 0.2936, Validation Accuracy: 91.06%
[Epoch 10, Batch     2] loss: 0.000
[Epoch 10, Batch   102] loss: 0.024
[Epoch 10, Batch   202] loss: 0.020
Epoch 10/20:
Train Loss: 0.0066, Train Accuracy: 99.30%
Validation Loss: 0.4329, Validation Accuracy: 87.38%
[Epoch 11, Batch     2] loss: 0.000
[Epoch 11, Batch   102] loss: 0.017
[Epoch 11, Batch   202] loss: 0.027
Epoch 11/20:
Train Loss: 0.0092, Train Accuracy: 99.32%
Validation Loss: 0.3204, Validation Accuracy: 90.43%
[Epoch 12, Batch     2] loss: 0.000
[Epoch 12, Batch   102] loss: 0.013
[Epoch 12, Batch   202] loss: 0.015
Epoch 12/20:
Train Loss: 0.0057, Train Accuracy: 99.59%
Validation Loss: 0.3939, Validation Accuracy: 89.18%
[Epoch 13, Batch     2] loss: 0.001
[Epoch 13, Batch   102] loss: 0.017
[Epoch 13, Batch   202] loss: 0.018
Epoch 13/20:
Train Loss: 0.0071, Train Accuracy: 99.40%
Validation Loss: 0.3646, Validation Accuracy: 89.61%
[Epoch 14, Batch     2] loss: 0.000
[Epoch 14, Batch   102] loss: 0.015
[Epoch 14, Batch   202] loss: 0.021
Epoch 14/20:
Train Loss: 0.0056, Train Accuracy: 99.48%
Validation Loss: 0.6834, Validation Accuracy: 79.71%
[Epoch 15, Batch     2] loss: 0.001
[Epoch 15, Batch   102] loss: 0.027
[Epoch 15, Batch   202] loss: 0.016
Epoch 15/20:
Train Loss: 0.0057, Train Accuracy: 99.39%
Validation Loss: 0.1302, Validation Accuracy: 96.22%
[Epoch 16, Batch     2] loss: 0.000
[Epoch 16, Batch   102] loss: 0.011
[Epoch 16, Batch   202] loss: 0.015
Epoch 16/20:
Train Loss: 0.0041, Train Accuracy: 99.59%
Validation Loss: 0.2975, Validation Accuracy: 91.62%
[Epoch 17, Batch     2] loss: 0.000
[Epoch 17, Batch   102] loss: 0.016
[Epoch 17, Batch   202] loss: 0.008
Epoch 17/20:
Train Loss: 0.0029, Train Accuracy: 99.63%
Validation Loss: 0.2750, Validation Accuracy: 92.48%
[Epoch 18, Batch     2] loss: 0.000
[Epoch 18, Batch   102] loss: 0.015
[Epoch 18, Batch   202] loss: 0.012
Epoch 18/20:
Train Loss: 0.0062, Train Accuracy: 99.54%
Validation Loss: 0.4523, Validation Accuracy: 87.56%
[Epoch 19, Batch     2] loss: 0.001
[Epoch 19, Batch   102] loss: 0.012
[Epoch 19, Batch   202] loss: 0.014
Epoch 19/20:
Train Loss: 0.0048, Train Accuracy: 99.55%
Validation Loss: 0.3550, Validation Accuracy: 89.93%
[Epoch 20, Batch     2] loss: 0.000
[Epoch 20, Batch   102] loss: 0.015
[Epoch 20, Batch   202] loss: 0.016
Epoch 20/20:
Train Loss: 0.0021, Train Accuracy: 99.64%
Validation Loss: 0.2609, Validation Accuracy: 91.68%
Model saved to models/resnet18-MNIST-EVIDENCE-median-0.7-2
Modified conv1: updated in_channels to 1.
Modified fc layer: updated out_features to 10.
Initialized untrained model.
resnet18-MNIST-EVIDENCE-median-0.8-2
[Epoch 1, Batch     2] loss: 0.031
[Epoch 1, Batch   102] loss: 0.155
Epoch 1/20:
Train Loss: 0.0513, Train Accuracy: 95.70%
Validation Loss: 1.2688, Validation Accuracy: 64.19%
[Epoch 2, Batch     2] loss: 0.001
[Epoch 2, Batch   102] loss: 0.074
Epoch 2/20:
Train Loss: 0.0296, Train Accuracy: 97.98%
Validation Loss: 1.1422, Validation Accuracy: 67.42%
[Epoch 3, Batch     2] loss: 0.001
[Epoch 3, Batch   102] loss: 0.043
Epoch 3/20:
Train Loss: 0.0271, Train Accuracy: 98.47%
Validation Loss: 0.9563, Validation Accuracy: 74.53%
[Epoch 4, Batch     2] loss: 0.000
[Epoch 4, Batch   102] loss: 0.035
Epoch 4/20:
Train Loss: 0.0199, Train Accuracy: 98.79%
Validation Loss: 0.8374, Validation Accuracy: 74.55%
[Epoch 5, Batch     2] loss: 0.001
[Epoch 5, Batch   102] loss: 0.032
Epoch 5/20:
Train Loss: 0.0196, Train Accuracy: 98.90%
Validation Loss: 1.0213, Validation Accuracy: 76.05%
[Epoch 6, Batch     2] loss: 0.000
[Epoch 6, Batch   102] loss: 0.031
Epoch 6/20:
Train Loss: 0.0122, Train Accuracy: 99.14%
Validation Loss: 0.5317, Validation Accuracy: 84.84%
[Epoch 7, Batch     2] loss: 0.000
[Epoch 7, Batch   102] loss: 0.024
Epoch 7/20:
Train Loss: 0.0126, Train Accuracy: 99.23%
Validation Loss: 1.0588, Validation Accuracy: 76.67%
[Epoch 8, Batch     2] loss: 0.001
[Epoch 8, Batch   102] loss: 0.028
Epoch 8/20:
Train Loss: 0.0107, Train Accuracy: 99.31%
Validation Loss: 0.8488, Validation Accuracy: 78.12%
[Epoch 9, Batch     2] loss: 0.000
[Epoch 9, Batch   102] loss: 0.022
Epoch 9/20:
Train Loss: 0.0115, Train Accuracy: 99.30%
Validation Loss: 1.2320, Validation Accuracy: 74.07%
[Epoch 10, Batch     2] loss: 0.000
[Epoch 10, Batch   102] loss: 0.020
Epoch 10/20:
Train Loss: 0.0089, Train Accuracy: 99.36%
Validation Loss: 0.6285, Validation Accuracy: 81.51%
[Epoch 11, Batch     2] loss: 0.000
[Epoch 11, Batch   102] loss: 0.013
Epoch 11/20:
Train Loss: 0.0111, Train Accuracy: 99.47%
Validation Loss: 0.5144, Validation Accuracy: 83.61%
[Epoch 12, Batch     2] loss: 0.000
[Epoch 12, Batch   102] loss: 0.017
Epoch 12/20:
Train Loss: 0.0064, Train Accuracy: 99.56%
Validation Loss: 1.0713, Validation Accuracy: 77.57%
[Epoch 13, Batch     2] loss: 0.000
[Epoch 13, Batch   102] loss: 0.008
Epoch 13/20:
Train Loss: 0.0069, Train Accuracy: 99.65%
Validation Loss: 0.4272, Validation Accuracy: 86.48%
[Epoch 14, Batch     2] loss: 0.000
[Epoch 14, Batch   102] loss: 0.014
Epoch 14/20:
Train Loss: 0.0064, Train Accuracy: 99.52%
Validation Loss: 0.8073, Validation Accuracy: 84.64%
[Epoch 15, Batch     2] loss: 0.000
[Epoch 15, Batch   102] loss: 0.032
Epoch 15/20:
Train Loss: 0.0035, Train Accuracy: 99.43%
Validation Loss: 0.7378, Validation Accuracy: 81.46%
[Epoch 16, Batch     2] loss: 0.000
[Epoch 16, Batch   102] loss: 0.013
Epoch 16/20:
Train Loss: 0.0107, Train Accuracy: 99.42%
Validation Loss: 0.8095, Validation Accuracy: 80.82%
[Epoch 17, Batch     2] loss: 0.002
[Epoch 17, Batch   102] loss: 0.017
Epoch 17/20:
Train Loss: 0.0059, Train Accuracy: 99.56%
Validation Loss: 0.7220, Validation Accuracy: 84.76%
[Epoch 18, Batch     2] loss: 0.000
[Epoch 18, Batch   102] loss: 0.007
Epoch 18/20:
Train Loss: 0.0081, Train Accuracy: 99.60%
Validation Loss: 0.7809, Validation Accuracy: 81.41%
[Epoch 19, Batch     2] loss: 0.000
[Epoch 19, Batch   102] loss: 0.011
Epoch 19/20:
Train Loss: 0.0081, Train Accuracy: 99.65%
Validation Loss: 0.6367, Validation Accuracy: 81.64%
[Epoch 20, Batch     2] loss: 0.001
[Epoch 20, Batch   102] loss: 0.013
Epoch 20/20:
Train Loss: 0.0099, Train Accuracy: 99.52%
Validation Loss: 0.6368, Validation Accuracy: 81.24%
Model saved to models/resnet18-MNIST-EVIDENCE-median-0.8-2
Modified conv1: updated in_channels to 1.
Modified fc layer: updated out_features to 10.
Initialized untrained model.
resnet18-MNIST-EVIDENCE-median-0.9-2
[Epoch 1, Batch     2] loss: 0.033
Epoch 1/20:
Train Loss: 0.1406, Train Accuracy: 94.99%
Validation Loss: 2.1608, Validation Accuracy: 54.09%
[Epoch 2, Batch     2] loss: 0.004
Epoch 2/20:
Train Loss: 0.0711, Train Accuracy: 97.82%
Validation Loss: 2.0066, Validation Accuracy: 58.59%
[Epoch 3, Batch     2] loss: 0.001
Epoch 3/20:
Train Loss: 0.0631, Train Accuracy: 98.07%
Validation Loss: 1.3178, Validation Accuracy: 64.93%
[Epoch 4, Batch     2] loss: 0.001
Epoch 4/20:
Train Loss: 0.0455, Train Accuracy: 98.69%
Validation Loss: 1.7347, Validation Accuracy: 65.62%
[Epoch 5, Batch     2] loss: 0.003
Epoch 5/20:
Train Loss: 0.0426, Train Accuracy: 98.77%
Validation Loss: 1.1441, Validation Accuracy: 76.15%
[Epoch 6, Batch     2] loss: 0.001
Epoch 6/20:
Train Loss: 0.0226, Train Accuracy: 99.36%
Validation Loss: 1.2407, Validation Accuracy: 70.20%
[Epoch 7, Batch     2] loss: 0.001
Epoch 7/20:
Train Loss: 0.0254, Train Accuracy: 99.19%
Validation Loss: 1.4686, Validation Accuracy: 65.26%
[Epoch 8, Batch     2] loss: 0.000
Epoch 8/20:
Train Loss: 0.0394, Train Accuracy: 98.87%
Validation Loss: 1.2520, Validation Accuracy: 78.15%
[Epoch 9, Batch     2] loss: 0.000
Epoch 9/20:
Train Loss: 0.0236, Train Accuracy: 99.28%
Validation Loss: 1.4757, Validation Accuracy: 73.55%
[Epoch 10, Batch     2] loss: 0.001
Epoch 10/20:
Train Loss: 0.0201, Train Accuracy: 99.33%
Validation Loss: 1.6066, Validation Accuracy: 70.94%
[Epoch 11, Batch     2] loss: 0.001
Epoch 11/20:
Train Loss: 0.0151, Train Accuracy: 99.51%
Validation Loss: 1.5057, Validation Accuracy: 74.18%
[Epoch 12, Batch     2] loss: 0.000
Epoch 12/20:
Train Loss: 0.0033, Train Accuracy: 99.93%
Validation Loss: 1.7242, Validation Accuracy: 75.10%
[Epoch 13, Batch     2] loss: 0.000
Epoch 13/20:
Train Loss: 0.0098, Train Accuracy: 99.66%
Validation Loss: 1.5109, Validation Accuracy: 71.59%
[Epoch 14, Batch     2] loss: 0.000
Epoch 14/20:
Train Loss: 0.0341, Train Accuracy: 99.09%
Validation Loss: 1.6823, Validation Accuracy: 75.02%
[Epoch 15, Batch     2] loss: 0.001
Epoch 15/20:
Train Loss: 0.0276, Train Accuracy: 99.31%
Validation Loss: 1.2190, Validation Accuracy: 76.68%
[Epoch 16, Batch     2] loss: 0.000
Epoch 16/20:
Train Loss: 0.0082, Train Accuracy: 99.82%
Validation Loss: 1.0131, Validation Accuracy: 81.94%
[Epoch 17, Batch     2] loss: 0.000
Epoch 17/20:
Train Loss: 0.0105, Train Accuracy: 99.61%
Validation Loss: 1.0910, Validation Accuracy: 74.79%
[Epoch 18, Batch     2] loss: 0.000
Epoch 18/20:
Train Loss: 0.0122, Train Accuracy: 99.71%
Validation Loss: 1.0693, Validation Accuracy: 78.39%
[Epoch 19, Batch     2] loss: 0.000
Epoch 19/20:
Train Loss: 0.0080, Train Accuracy: 99.78%
Validation Loss: 1.0915, Validation Accuracy: 77.86%
[Epoch 20, Batch     2] loss: 0.000
Epoch 20/20:
Train Loss: 0.0130, Train Accuracy: 99.61%
Validation Loss: 1.0213, Validation Accuracy: 80.87%
Model saved to models/resnet18-MNIST-EVIDENCE-median-0.9-2
Modified conv1: updated in_channels to 1.
Modified fc layer: updated out_features to 10.
Initialized untrained model.
resnet18-MNIST-EVIDENCE-median-0.95-2
[Epoch 1, Batch     2] loss: 0.033
Epoch 1/20:
Train Loss: 0.1688, Train Accuracy: 92.66%
Validation Loss: 2.9901, Validation Accuracy: 45.61%
[Epoch 2, Batch     2] loss: 0.001
Epoch 2/20:
Train Loss: 0.0869, Train Accuracy: 97.35%
Validation Loss: 2.5195, Validation Accuracy: 56.46%
[Epoch 3, Batch     2] loss: 0.002
Epoch 3/20:
Train Loss: 0.0398, Train Accuracy: 98.64%
Validation Loss: 2.0628, Validation Accuracy: 56.19%
[Epoch 4, Batch     2] loss: 0.001
Epoch 4/20:
Train Loss: 0.0475, Train Accuracy: 98.61%
Validation Loss: 1.6999, Validation Accuracy: 61.85%
[Epoch 5, Batch     2] loss: 0.001
Epoch 5/20:
Train Loss: 0.0342, Train Accuracy: 98.88%
Validation Loss: 1.9627, Validation Accuracy: 61.59%
[Epoch 6, Batch     2] loss: 0.000
Epoch 6/20:
Train Loss: 0.0404, Train Accuracy: 98.68%
Validation Loss: 3.2383, Validation Accuracy: 53.15%
[Epoch 7, Batch     2] loss: 0.001
Epoch 7/20:
Train Loss: 0.0357, Train Accuracy: 98.95%
Validation Loss: 1.6606, Validation Accuracy: 62.54%
[Epoch 8, Batch     2] loss: 0.001
Epoch 8/20:
Train Loss: 0.0238, Train Accuracy: 99.05%
Validation Loss: 1.2823, Validation Accuracy: 63.43%
[Epoch 9, Batch     2] loss: 0.000
Epoch 9/20:
Train Loss: 0.0150, Train Accuracy: 99.49%
Validation Loss: 1.6673, Validation Accuracy: 62.91%
[Epoch 10, Batch     2] loss: 0.000
Epoch 10/20:
Train Loss: 0.0123, Train Accuracy: 99.63%
Validation Loss: 2.0708, Validation Accuracy: 64.91%
[Epoch 11, Batch     2] loss: 0.000
Epoch 11/20:
Train Loss: 0.0198, Train Accuracy: 99.46%
Validation Loss: 1.5538, Validation Accuracy: 65.34%
[Epoch 12, Batch     2] loss: 0.001
Epoch 12/20:
Train Loss: 0.0169, Train Accuracy: 99.46%
Validation Loss: 2.1780, Validation Accuracy: 63.59%
[Epoch 13, Batch     2] loss: 0.000
Epoch 13/20:
Train Loss: 0.0109, Train Accuracy: 99.69%
Validation Loss: 1.8119, Validation Accuracy: 64.83%
[Epoch 14, Batch     2] loss: 0.000
Epoch 14/20:
Train Loss: 0.0154, Train Accuracy: 99.56%
Validation Loss: 1.6725, Validation Accuracy: 65.73%
[Epoch 15, Batch     2] loss: 0.001
Epoch 15/20:
Train Loss: 0.0122, Train Accuracy: 99.56%
Validation Loss: 1.5206, Validation Accuracy: 69.04%
[Epoch 16, Batch     2] loss: 0.000
Epoch 16/20:
Train Loss: 0.0053, Train Accuracy: 99.83%
Validation Loss: 1.7773, Validation Accuracy: 65.03%
[Epoch 17, Batch     2] loss: 0.000
Epoch 17/20:
Train Loss: 0.0108, Train Accuracy: 99.69%
Validation Loss: 1.2739, Validation Accuracy: 73.15%
[Epoch 18, Batch     2] loss: 0.000
Epoch 18/20:
Train Loss: 0.0141, Train Accuracy: 99.69%
Validation Loss: 2.0334, Validation Accuracy: 70.74%
[Epoch 19, Batch     2] loss: 0.000
Epoch 19/20:
Train Loss: 0.0050, Train Accuracy: 99.83%
Validation Loss: 2.3123, Validation Accuracy: 68.01%
[Epoch 20, Batch     2] loss: 0.000
Epoch 20/20:
Train Loss: 0.0216, Train Accuracy: 99.39%
Validation Loss: 3.0319, Validation Accuracy: 59.18%
Model saved to models/resnet18-MNIST-EVIDENCE-median-0.95-2
Modified conv1: updated in_channels to 1.
Modified fc layer: updated out_features to 10.
Loaded weights from file: models/resnet18_MNIST_E1_2
Modified conv1: updated in_channels to 1.
Modified fc layer: updated out_features to 10.
Initialized untrained model.
resnet18-MNIST-EVIDENCE-balanced_by_score1-0.3-2
[Epoch 1, Batch     2] loss: 0.039
[Epoch 1, Batch   102] loss: 0.311
[Epoch 1, Batch   202] loss: 0.178
[Epoch 1, Batch   302] loss: 0.155
[Epoch 1, Batch   402] loss: 0.127
[Epoch 1, Batch   502] loss: 0.092
[Epoch 1, Batch   602] loss: 0.117
Epoch 1/20:
Train Loss: 0.0092, Train Accuracy: 94.99%
Validation Loss: 0.0976, Validation Accuracy: 97.13%
[Epoch 2, Batch     2] loss: 0.001
[Epoch 2, Batch   102] loss: 0.089
[Epoch 2, Batch   202] loss: 0.066
[Epoch 2, Batch   302] loss: 0.073
[Epoch 2, Batch   402] loss: 0.079
[Epoch 2, Batch   502] loss: 0.064
[Epoch 2, Batch   602] loss: 0.086
Epoch 2/20:
Train Loss: 0.0060, Train Accuracy: 97.73%
Validation Loss: 0.0410, Validation Accuracy: 98.69%
[Epoch 3, Batch     2] loss: 0.001
[Epoch 3, Batch   102] loss: 0.051
[Epoch 3, Batch   202] loss: 0.062
[Epoch 3, Batch   302] loss: 0.072
[Epoch 3, Batch   402] loss: 0.064
[Epoch 3, Batch   502] loss: 0.053
[Epoch 3, Batch   602] loss: 0.063
Epoch 3/20:
Train Loss: 0.0076, Train Accuracy: 98.00%
Validation Loss: 0.0705, Validation Accuracy: 97.98%
[Epoch 4, Batch     2] loss: 0.001
[Epoch 4, Batch   102] loss: 0.037
[Epoch 4, Batch   202] loss: 0.052
[Epoch 4, Batch   302] loss: 0.052
[Epoch 4, Batch   402] loss: 0.048
[Epoch 4, Batch   502] loss: 0.048
[Epoch 4, Batch   602] loss: 0.054
Epoch 4/20:
Train Loss: 0.0041, Train Accuracy: 98.54%
Validation Loss: 0.0896, Validation Accuracy: 97.29%
[Epoch 5, Batch     2] loss: 0.001
[Epoch 5, Batch   102] loss: 0.047
[Epoch 5, Batch   202] loss: 0.048
[Epoch 5, Batch   302] loss: 0.040
[Epoch 5, Batch   402] loss: 0.047
[Epoch 5, Batch   502] loss: 0.048
[Epoch 5, Batch   602] loss: 0.046
Epoch 5/20:
Train Loss: 0.0039, Train Accuracy: 98.61%
Validation Loss: 0.0581, Validation Accuracy: 98.25%
[Epoch 6, Batch     2] loss: 0.000
[Epoch 6, Batch   102] loss: 0.039
[Epoch 6, Batch   202] loss: 0.043
[Epoch 6, Batch   302] loss: 0.037
[Epoch 6, Batch   402] loss: 0.036
[Epoch 6, Batch   502] loss: 0.040
[Epoch 6, Batch   602] loss: 0.041
Epoch 6/20:
Train Loss: 0.0039, Train Accuracy: 98.79%
Validation Loss: 0.0702, Validation Accuracy: 97.75%
[Epoch 7, Batch     2] loss: 0.001
[Epoch 7, Batch   102] loss: 0.033
[Epoch 7, Batch   202] loss: 0.038
[Epoch 7, Batch   302] loss: 0.040
[Epoch 7, Batch   402] loss: 0.046
[Epoch 7, Batch   502] loss: 0.042
[Epoch 7, Batch   602] loss: 0.035
Epoch 7/20:
Train Loss: 0.0022, Train Accuracy: 98.87%
Validation Loss: 0.0425, Validation Accuracy: 98.71%
[Epoch 8, Batch     2] loss: 0.000
[Epoch 8, Batch   102] loss: 0.031
[Epoch 8, Batch   202] loss: 0.037
[Epoch 8, Batch   302] loss: 0.028
[Epoch 8, Batch   402] loss: 0.040
[Epoch 8, Batch   502] loss: 0.039
[Epoch 8, Batch   602] loss: 0.043
Epoch 8/20:
Train Loss: 0.0027, Train Accuracy: 98.95%
Validation Loss: 0.0381, Validation Accuracy: 98.80%
[Epoch 9, Batch     2] loss: 0.000
[Epoch 9, Batch   102] loss: 0.028
[Epoch 9, Batch   202] loss: 0.027
[Epoch 9, Batch   302] loss: 0.034
[Epoch 9, Batch   402] loss: 0.037
[Epoch 9, Batch   502] loss: 0.041
[Epoch 9, Batch   602] loss: 0.043
Epoch 9/20:
Train Loss: 0.0026, Train Accuracy: 98.97%
Validation Loss: 0.0402, Validation Accuracy: 98.77%
[Epoch 10, Batch     2] loss: 0.001
[Epoch 10, Batch   102] loss: 0.028
[Epoch 10, Batch   202] loss: 0.036
[Epoch 10, Batch   302] loss: 0.039
[Epoch 10, Batch   402] loss: 0.026
[Epoch 10, Batch   502] loss: 0.022
[Epoch 10, Batch   602] loss: 0.028
Epoch 10/20:
Train Loss: 0.0032, Train Accuracy: 99.12%
Validation Loss: 0.0426, Validation Accuracy: 98.68%
[Epoch 11, Batch     2] loss: 0.001
[Epoch 11, Batch   102] loss: 0.026
[Epoch 11, Batch   202] loss: 0.027
[Epoch 11, Batch   302] loss: 0.032
[Epoch 11, Batch   402] loss: 0.028
[Epoch 11, Batch   502] loss: 0.039
[Epoch 11, Batch   602] loss: 0.031
Epoch 11/20:
Train Loss: 0.0025, Train Accuracy: 99.05%
Validation Loss: 0.0489, Validation Accuracy: 98.52%
[Epoch 12, Batch     2] loss: 0.000
[Epoch 12, Batch   102] loss: 0.027
[Epoch 12, Batch   202] loss: 0.021
[Epoch 12, Batch   302] loss: 0.029
[Epoch 12, Batch   402] loss: 0.026
[Epoch 12, Batch   502] loss: 0.027
[Epoch 12, Batch   602] loss: 0.031
Epoch 12/20:
Train Loss: 0.0029, Train Accuracy: 99.16%
Validation Loss: 0.0622, Validation Accuracy: 98.12%
[Epoch 13, Batch     2] loss: 0.001
[Epoch 13, Batch   102] loss: 0.025
[Epoch 13, Batch   202] loss: 0.024
[Epoch 13, Batch   302] loss: 0.021
[Epoch 13, Batch   402] loss: 0.023
[Epoch 13, Batch   502] loss: 0.026
[Epoch 13, Batch   602] loss: 0.030
Epoch 13/20:
Train Loss: 0.0027, Train Accuracy: 99.21%
Validation Loss: 0.0610, Validation Accuracy: 98.26%
[Epoch 14, Batch     2] loss: 0.000
[Epoch 14, Batch   102] loss: 0.025
[Epoch 14, Batch   202] loss: 0.020
[Epoch 14, Batch   302] loss: 0.019
[Epoch 14, Batch   402] loss: 0.024
[Epoch 14, Batch   502] loss: 0.022
[Epoch 14, Batch   602] loss: 0.020
Epoch 14/20:
Train Loss: 0.0023, Train Accuracy: 99.33%
Validation Loss: 0.0434, Validation Accuracy: 98.64%
[Epoch 15, Batch     2] loss: 0.001
[Epoch 15, Batch   102] loss: 0.024
[Epoch 15, Batch   202] loss: 0.016
[Epoch 15, Batch   302] loss: 0.020
[Epoch 15, Batch   402] loss: 0.027
[Epoch 15, Batch   502] loss: 0.027
[Epoch 15, Batch   602] loss: 0.029
Epoch 15/20:
Train Loss: 0.0015, Train Accuracy: 99.28%
Validation Loss: 0.0370, Validation Accuracy: 98.99%
[Epoch 16, Batch     2] loss: 0.001
[Epoch 16, Batch   102] loss: 0.021
[Epoch 16, Batch   202] loss: 0.015
[Epoch 16, Batch   302] loss: 0.020
[Epoch 16, Batch   402] loss: 0.019
[Epoch 16, Batch   502] loss: 0.036
[Epoch 16, Batch   602] loss: 0.027
Epoch 16/20:
Train Loss: 0.0013, Train Accuracy: 99.34%
Validation Loss: 0.0464, Validation Accuracy: 98.61%
[Epoch 17, Batch     2] loss: 0.000
[Epoch 17, Batch   102] loss: 0.016
[Epoch 17, Batch   202] loss: 0.012
[Epoch 17, Batch   302] loss: 0.015
[Epoch 17, Batch   402] loss: 0.015
[Epoch 17, Batch   502] loss: 0.029
[Epoch 17, Batch   602] loss: 0.020
Epoch 17/20:
Train Loss: 0.0011, Train Accuracy: 99.53%
Validation Loss: 0.0369, Validation Accuracy: 98.95%
[Epoch 18, Batch     2] loss: 0.000
[Epoch 18, Batch   102] loss: 0.015
[Epoch 18, Batch   202] loss: 0.015
[Epoch 18, Batch   302] loss: 0.020
[Epoch 18, Batch   402] loss: 0.017
[Epoch 18, Batch   502] loss: 0.018
[Epoch 18, Batch   602] loss: 0.019
Epoch 18/20:
Train Loss: 0.0030, Train Accuracy: 99.40%
Validation Loss: 0.0662, Validation Accuracy: 98.17%
[Epoch 19, Batch     2] loss: 0.000
[Epoch 19, Batch   102] loss: 0.018
[Epoch 19, Batch   202] loss: 0.019
[Epoch 19, Batch   302] loss: 0.018
[Epoch 19, Batch   402] loss: 0.018
[Epoch 19, Batch   502] loss: 0.019
[Epoch 19, Batch   602] loss: 0.020
Epoch 19/20:
Train Loss: 0.0010, Train Accuracy: 99.44%
Validation Loss: 0.0351, Validation Accuracy: 99.05%
[Epoch 20, Batch     2] loss: 0.000
[Epoch 20, Batch   102] loss: 0.015
[Epoch 20, Batch   202] loss: 0.014
[Epoch 20, Batch   302] loss: 0.015
[Epoch 20, Batch   402] loss: 0.024
[Epoch 20, Batch   502] loss: 0.020
[Epoch 20, Batch   602] loss: 0.018
Epoch 20/20:
Train Loss: 0.0013, Train Accuracy: 99.49%
Validation Loss: 0.0403, Validation Accuracy: 98.83%
Model saved to models/resnet18-MNIST-EVIDENCE-balanced_by_score1-0.3-2
Modified conv1: updated in_channels to 1.
Modified fc layer: updated out_features to 10.
Initialized untrained model.
resnet18-MNIST-EVIDENCE-balanced_by_score1-0.5-2
[Epoch 1, Batch     2] loss: 0.044
[Epoch 1, Batch   102] loss: 0.336
[Epoch 1, Batch   202] loss: 0.164
[Epoch 1, Batch   302] loss: 0.149
[Epoch 1, Batch   402] loss: 0.120
Epoch 1/20:
Train Loss: 0.0173, Train Accuracy: 93.98%
Validation Loss: 0.0975, Validation Accuracy: 97.09%
[Epoch 2, Batch     2] loss: 0.001
[Epoch 2, Batch   102] loss: 0.092
[Epoch 2, Batch   202] loss: 0.077
[Epoch 2, Batch   302] loss: 0.095
[Epoch 2, Batch   402] loss: 0.069
Epoch 2/20:
Train Loss: 0.0108, Train Accuracy: 97.47%
Validation Loss: 0.1082, Validation Accuracy: 96.48%
[Epoch 3, Batch     2] loss: 0.003
[Epoch 3, Batch   102] loss: 0.050
[Epoch 3, Batch   202] loss: 0.061
[Epoch 3, Batch   302] loss: 0.070
[Epoch 3, Batch   402] loss: 0.056
Epoch 3/20:
Train Loss: 0.0105, Train Accuracy: 98.06%
Validation Loss: 0.1568, Validation Accuracy: 94.73%
[Epoch 4, Batch     2] loss: 0.000
[Epoch 4, Batch   102] loss: 0.066
[Epoch 4, Batch   202] loss: 0.051
[Epoch 4, Batch   302] loss: 0.052
[Epoch 4, Batch   402] loss: 0.055
Epoch 4/20:
Train Loss: 0.0078, Train Accuracy: 98.26%
Validation Loss: 0.0553, Validation Accuracy: 98.40%
[Epoch 5, Batch     2] loss: 0.001
[Epoch 5, Batch   102] loss: 0.048
[Epoch 5, Batch   202] loss: 0.038
[Epoch 5, Batch   302] loss: 0.051
[Epoch 5, Batch   402] loss: 0.049
Epoch 5/20:
Train Loss: 0.0070, Train Accuracy: 98.48%
Validation Loss: 0.0589, Validation Accuracy: 98.24%
[Epoch 6, Batch     2] loss: 0.002
[Epoch 6, Batch   102] loss: 0.041
[Epoch 6, Batch   202] loss: 0.045
[Epoch 6, Batch   302] loss: 0.037
[Epoch 6, Batch   402] loss: 0.050
Epoch 6/20:
Train Loss: 0.0057, Train Accuracy: 98.67%
Validation Loss: 0.0403, Validation Accuracy: 98.80%
[Epoch 7, Batch     2] loss: 0.000
[Epoch 7, Batch   102] loss: 0.029
[Epoch 7, Batch   202] loss: 0.037
[Epoch 7, Batch   302] loss: 0.037
[Epoch 7, Batch   402] loss: 0.036
Epoch 7/20:
Train Loss: 0.0059, Train Accuracy: 98.91%
Validation Loss: 0.0483, Validation Accuracy: 98.70%
[Epoch 8, Batch     2] loss: 0.001
[Epoch 8, Batch   102] loss: 0.027
[Epoch 8, Batch   202] loss: 0.038
[Epoch 8, Batch   302] loss: 0.032
[Epoch 8, Batch   402] loss: 0.045
Epoch 8/20:
Train Loss: 0.0053, Train Accuracy: 98.89%
Validation Loss: 0.0562, Validation Accuracy: 98.33%
[Epoch 9, Batch     2] loss: 0.000
[Epoch 9, Batch   102] loss: 0.030
[Epoch 9, Batch   202] loss: 0.033
[Epoch 9, Batch   302] loss: 0.037
[Epoch 9, Batch   402] loss: 0.033
Epoch 9/20:
Train Loss: 0.0032, Train Accuracy: 99.03%
Validation Loss: 0.0545, Validation Accuracy: 98.38%
[Epoch 10, Batch     2] loss: 0.001
[Epoch 10, Batch   102] loss: 0.034
[Epoch 10, Batch   202] loss: 0.022
[Epoch 10, Batch   302] loss: 0.028
[Epoch 10, Batch   402] loss: 0.032
Epoch 10/20:
Train Loss: 0.0052, Train Accuracy: 99.05%
Validation Loss: 0.0445, Validation Accuracy: 98.71%
[Epoch 11, Batch     2] loss: 0.000
[Epoch 11, Batch   102] loss: 0.022
[Epoch 11, Batch   202] loss: 0.027
[Epoch 11, Batch   302] loss: 0.027
[Epoch 11, Batch   402] loss: 0.032
Epoch 11/20:
Train Loss: 0.0034, Train Accuracy: 99.19%
Validation Loss: 0.0487, Validation Accuracy: 98.60%
[Epoch 12, Batch     2] loss: 0.000
[Epoch 12, Batch   102] loss: 0.028
[Epoch 12, Batch   202] loss: 0.025
[Epoch 12, Batch   302] loss: 0.026
[Epoch 12, Batch   402] loss: 0.028
Epoch 12/20:
Train Loss: 0.0037, Train Accuracy: 99.17%
Validation Loss: 0.0461, Validation Accuracy: 98.65%
[Epoch 13, Batch     2] loss: 0.000
[Epoch 13, Batch   102] loss: 0.031
[Epoch 13, Batch   202] loss: 0.038
[Epoch 13, Batch   302] loss: 0.026
[Epoch 13, Batch   402] loss: 0.028
Epoch 13/20:
Train Loss: 0.0030, Train Accuracy: 99.06%
Validation Loss: 0.0512, Validation Accuracy: 98.54%
[Epoch 14, Batch     2] loss: 0.001
[Epoch 14, Batch   102] loss: 0.016
[Epoch 14, Batch   202] loss: 0.022
[Epoch 14, Batch   302] loss: 0.030
[Epoch 14, Batch   402] loss: 0.033
Epoch 14/20:
Train Loss: 0.0042, Train Accuracy: 99.18%
Validation Loss: 0.0441, Validation Accuracy: 98.70%
[Epoch 15, Batch     2] loss: 0.000
[Epoch 15, Batch   102] loss: 0.020
[Epoch 15, Batch   202] loss: 0.015
[Epoch 15, Batch   302] loss: 0.027
[Epoch 15, Batch   402] loss: 0.020
Epoch 15/20:
Train Loss: 0.0031, Train Accuracy: 99.37%
Validation Loss: 0.0387, Validation Accuracy: 98.90%
[Epoch 16, Batch     2] loss: 0.001
[Epoch 16, Batch   102] loss: 0.015
[Epoch 16, Batch   202] loss: 0.028
[Epoch 16, Batch   302] loss: 0.026
[Epoch 16, Batch   402] loss: 0.019
Epoch 16/20:
Train Loss: 0.0034, Train Accuracy: 99.34%
Validation Loss: 0.0528, Validation Accuracy: 98.43%
[Epoch 17, Batch     2] loss: 0.001
[Epoch 17, Batch   102] loss: 0.015
[Epoch 17, Batch   202] loss: 0.017
[Epoch 17, Batch   302] loss: 0.028
[Epoch 17, Batch   402] loss: 0.025
Epoch 17/20:
Train Loss: 0.0032, Train Accuracy: 99.32%
Validation Loss: 0.0346, Validation Accuracy: 98.98%
[Epoch 18, Batch     2] loss: 0.000
[Epoch 18, Batch   102] loss: 0.011
[Epoch 18, Batch   202] loss: 0.018
[Epoch 18, Batch   302] loss: 0.028
[Epoch 18, Batch   402] loss: 0.017
Epoch 18/20:
Train Loss: 0.0031, Train Accuracy: 99.43%
Validation Loss: 0.0393, Validation Accuracy: 98.85%
[Epoch 19, Batch     2] loss: 0.001
[Epoch 19, Batch   102] loss: 0.015
[Epoch 19, Batch   202] loss: 0.023
[Epoch 19, Batch   302] loss: 0.012
[Epoch 19, Batch   402] loss: 0.017
Epoch 19/20:
Train Loss: 0.0026, Train Accuracy: 99.49%
Validation Loss: 0.0389, Validation Accuracy: 98.93%
[Epoch 20, Batch     2] loss: 0.000
[Epoch 20, Batch   102] loss: 0.021
[Epoch 20, Batch   202] loss: 0.015
[Epoch 20, Batch   302] loss: 0.011
[Epoch 20, Batch   402] loss: 0.014
Epoch 20/20:
Train Loss: 0.0030, Train Accuracy: 99.52%
Validation Loss: 0.0471, Validation Accuracy: 98.74%
Model saved to models/resnet18-MNIST-EVIDENCE-balanced_by_score1-0.5-2
Modified conv1: updated in_channels to 1.
Modified fc layer: updated out_features to 10.
Initialized untrained model.
resnet18-MNIST-EVIDENCE-balanced_by_score1-0.7-2
[Epoch 1, Batch     2] loss: 0.043
[Epoch 1, Batch   102] loss: 0.345
[Epoch 1, Batch   202] loss: 0.185
Epoch 1/20:
Train Loss: 0.0382, Train Accuracy: 92.30%
Validation Loss: 0.1376, Validation Accuracy: 95.65%
[Epoch 2, Batch     2] loss: 0.001
[Epoch 2, Batch   102] loss: 0.101
[Epoch 2, Batch   202] loss: 0.100
Epoch 2/20:
Train Loss: 0.0231, Train Accuracy: 97.09%
Validation Loss: 0.2793, Validation Accuracy: 91.81%
[Epoch 3, Batch     2] loss: 0.000
[Epoch 3, Batch   102] loss: 0.078
[Epoch 3, Batch   202] loss: 0.072
Epoch 3/20:
Train Loss: 0.0163, Train Accuracy: 97.86%
Validation Loss: 0.1125, Validation Accuracy: 96.81%
[Epoch 4, Batch     2] loss: 0.001
[Epoch 4, Batch   102] loss: 0.070
[Epoch 4, Batch   202] loss: 0.059
Epoch 4/20:
Train Loss: 0.0163, Train Accuracy: 98.09%
Validation Loss: 0.1516, Validation Accuracy: 95.57%
[Epoch 5, Batch     2] loss: 0.001
[Epoch 5, Batch   102] loss: 0.035
[Epoch 5, Batch   202] loss: 0.058
Epoch 5/20:
Train Loss: 0.0182, Train Accuracy: 98.32%
Validation Loss: 0.0582, Validation Accuracy: 98.19%
[Epoch 6, Batch     2] loss: 0.000
[Epoch 6, Batch   102] loss: 0.045
[Epoch 6, Batch   202] loss: 0.047
Epoch 6/20:
Train Loss: 0.0086, Train Accuracy: 98.70%
Validation Loss: 0.0518, Validation Accuracy: 98.39%
[Epoch 7, Batch     2] loss: 0.000
[Epoch 7, Batch   102] loss: 0.031
[Epoch 7, Batch   202] loss: 0.038
Epoch 7/20:
Train Loss: 0.0129, Train Accuracy: 98.79%
Validation Loss: 0.0681, Validation Accuracy: 97.94%
[Epoch 8, Batch     2] loss: 0.000
[Epoch 8, Batch   102] loss: 0.031
[Epoch 8, Batch   202] loss: 0.030
Epoch 8/20:
Train Loss: 0.0120, Train Accuracy: 98.93%
Validation Loss: 0.0876, Validation Accuracy: 97.45%
[Epoch 9, Batch     2] loss: 0.000
[Epoch 9, Batch   102] loss: 0.026
[Epoch 9, Batch   202] loss: 0.037
Epoch 9/20:
Train Loss: 0.0105, Train Accuracy: 98.98%
Validation Loss: 0.1676, Validation Accuracy: 95.27%
[Epoch 10, Batch     2] loss: 0.003
[Epoch 10, Batch   102] loss: 0.021
[Epoch 10, Batch   202] loss: 0.019
Epoch 10/20:
Train Loss: 0.0100, Train Accuracy: 99.23%
Validation Loss: 0.0844, Validation Accuracy: 97.60%
[Epoch 11, Batch     2] loss: 0.001
[Epoch 11, Batch   102] loss: 0.027
[Epoch 11, Batch   202] loss: 0.027
Epoch 11/20:
Train Loss: 0.0069, Train Accuracy: 99.12%
Validation Loss: 0.0503, Validation Accuracy: 98.43%
[Epoch 12, Batch     2] loss: 0.000
[Epoch 12, Batch   102] loss: 0.020
[Epoch 12, Batch   202] loss: 0.029
Epoch 12/20:
Train Loss: 0.0083, Train Accuracy: 99.21%
Validation Loss: 0.0426, Validation Accuracy: 98.71%
[Epoch 13, Batch     2] loss: 0.002
[Epoch 13, Batch   102] loss: 0.025
[Epoch 13, Batch   202] loss: 0.031
Epoch 13/20:
Train Loss: 0.0098, Train Accuracy: 99.06%
Validation Loss: 0.0677, Validation Accuracy: 97.95%
[Epoch 14, Batch     2] loss: 0.000
[Epoch 14, Batch   102] loss: 0.020
[Epoch 14, Batch   202] loss: 0.030
Epoch 14/20:
Train Loss: 0.0114, Train Accuracy: 99.05%
Validation Loss: 0.0545, Validation Accuracy: 98.41%
[Epoch 15, Batch     2] loss: 0.000
[Epoch 15, Batch   102] loss: 0.016
[Epoch 15, Batch   202] loss: 0.014
Epoch 15/20:
Train Loss: 0.0054, Train Accuracy: 99.54%
Validation Loss: 0.0455, Validation Accuracy: 98.80%
[Epoch 16, Batch     2] loss: 0.000
[Epoch 16, Batch   102] loss: 0.015
[Epoch 16, Batch   202] loss: 0.025
Epoch 16/20:
Train Loss: 0.0097, Train Accuracy: 99.25%
Validation Loss: 0.0714, Validation Accuracy: 98.09%
[Epoch 17, Batch     2] loss: 0.000
[Epoch 17, Batch   102] loss: 0.023
[Epoch 17, Batch   202] loss: 0.031
Epoch 17/20:
Train Loss: 0.0046, Train Accuracy: 99.22%
Validation Loss: 0.0420, Validation Accuracy: 98.75%
[Epoch 18, Batch     2] loss: 0.000
[Epoch 18, Batch   102] loss: 0.015
[Epoch 18, Batch   202] loss: 0.020
Epoch 18/20:
Train Loss: 0.0053, Train Accuracy: 99.42%
Validation Loss: 0.0632, Validation Accuracy: 98.25%
[Epoch 19, Batch     2] loss: 0.000
[Epoch 19, Batch   102] loss: 0.015
[Epoch 19, Batch   202] loss: 0.015
Epoch 19/20:
Train Loss: 0.0052, Train Accuracy: 99.51%
Validation Loss: 0.0828, Validation Accuracy: 97.95%
[Epoch 20, Batch     2] loss: 0.000
[Epoch 20, Batch   102] loss: 0.016
[Epoch 20, Batch   202] loss: 0.020
Epoch 20/20:
Train Loss: 0.0059, Train Accuracy: 99.43%
Validation Loss: 0.0491, Validation Accuracy: 98.66%
Model saved to models/resnet18-MNIST-EVIDENCE-balanced_by_score1-0.7-2
Modified conv1: updated in_channels to 1.
Modified fc layer: updated out_features to 10.
Initialized untrained model.
resnet18-MNIST-EVIDENCE-balanced_by_score1-0.8-2
[Epoch 1, Batch     2] loss: 0.043
[Epoch 1, Batch   102] loss: 0.336
Epoch 1/20:
Train Loss: 0.0685, Train Accuracy: 91.39%
Validation Loss: 0.1328, Validation Accuracy: 96.03%
[Epoch 2, Batch     2] loss: 0.002
[Epoch 2, Batch   102] loss: 0.112
Epoch 2/20:
Train Loss: 0.0594, Train Accuracy: 96.37%
Validation Loss: 0.1107, Validation Accuracy: 96.62%
[Epoch 3, Batch     2] loss: 0.003
[Epoch 3, Batch   102] loss: 0.088
Epoch 3/20:
Train Loss: 0.0396, Train Accuracy: 97.30%
Validation Loss: 0.0827, Validation Accuracy: 97.50%
[Epoch 4, Batch     2] loss: 0.001
[Epoch 4, Batch   102] loss: 0.061
Epoch 4/20:
Train Loss: 0.0355, Train Accuracy: 97.74%
Validation Loss: 0.2205, Validation Accuracy: 93.93%
[Epoch 5, Batch     2] loss: 0.002
[Epoch 5, Batch   102] loss: 0.062
Epoch 5/20:
Train Loss: 0.0286, Train Accuracy: 97.98%
Validation Loss: 0.0723, Validation Accuracy: 97.85%
[Epoch 6, Batch     2] loss: 0.000
[Epoch 6, Batch   102] loss: 0.039
Epoch 6/20:
Train Loss: 0.0242, Train Accuracy: 98.63%
Validation Loss: 0.0925, Validation Accuracy: 97.10%
[Epoch 7, Batch     2] loss: 0.000
[Epoch 7, Batch   102] loss: 0.041
Epoch 7/20:
Train Loss: 0.0175, Train Accuracy: 98.73%
Validation Loss: 0.1022, Validation Accuracy: 97.20%
[Epoch 8, Batch     2] loss: 0.001
[Epoch 8, Batch   102] loss: 0.050
Epoch 8/20:
Train Loss: 0.0191, Train Accuracy: 98.56%
Validation Loss: 0.0877, Validation Accuracy: 97.28%
[Epoch 9, Batch     2] loss: 0.001
[Epoch 9, Batch   102] loss: 0.031
Epoch 9/20:
Train Loss: 0.0167, Train Accuracy: 99.00%
Validation Loss: 0.1241, Validation Accuracy: 96.44%
[Epoch 10, Batch     2] loss: 0.000
[Epoch 10, Batch   102] loss: 0.029
Epoch 10/20:
Train Loss: 0.0123, Train Accuracy: 99.20%
Validation Loss: 0.0701, Validation Accuracy: 97.96%
[Epoch 11, Batch     2] loss: 0.000
[Epoch 11, Batch   102] loss: 0.034
Epoch 11/20:
Train Loss: 0.0135, Train Accuracy: 98.94%
Validation Loss: 0.0573, Validation Accuracy: 98.44%
[Epoch 12, Batch     2] loss: 0.000
[Epoch 12, Batch   102] loss: 0.023
Epoch 12/20:
Train Loss: 0.0154, Train Accuracy: 99.19%
Validation Loss: 0.0876, Validation Accuracy: 97.66%
[Epoch 13, Batch     2] loss: 0.000
[Epoch 13, Batch   102] loss: 0.033
Epoch 13/20:
Train Loss: 0.0150, Train Accuracy: 98.94%
Validation Loss: 0.0790, Validation Accuracy: 98.00%
[Epoch 14, Batch     2] loss: 0.001
[Epoch 14, Batch   102] loss: 0.030
Epoch 14/20:
Train Loss: 0.0103, Train Accuracy: 99.16%
Validation Loss: 0.0459, Validation Accuracy: 98.52%
[Epoch 15, Batch     2] loss: 0.000
[Epoch 15, Batch   102] loss: 0.027
Epoch 15/20:
Train Loss: 0.0124, Train Accuracy: 99.08%
Validation Loss: 0.0537, Validation Accuracy: 98.48%
[Epoch 16, Batch     2] loss: 0.000
[Epoch 16, Batch   102] loss: 0.016
Epoch 16/20:
Train Loss: 0.0078, Train Accuracy: 99.54%
Validation Loss: 0.0632, Validation Accuracy: 98.20%
[Epoch 17, Batch     2] loss: 0.000
[Epoch 17, Batch   102] loss: 0.015
Epoch 17/20:
Train Loss: 0.0107, Train Accuracy: 99.43%
Validation Loss: 0.0687, Validation Accuracy: 98.23%
[Epoch 18, Batch     2] loss: 0.001
[Epoch 18, Batch   102] loss: 0.020
Epoch 18/20:
Train Loss: 0.0110, Train Accuracy: 99.29%
Validation Loss: 0.0941, Validation Accuracy: 97.63%
[Epoch 19, Batch     2] loss: 0.002
[Epoch 19, Batch   102] loss: 0.026
Epoch 19/20:
Train Loss: 0.0092, Train Accuracy: 99.27%
Validation Loss: 0.0651, Validation Accuracy: 98.20%
[Epoch 20, Batch     2] loss: 0.000
[Epoch 20, Batch   102] loss: 0.009
Epoch 20/20:
Train Loss: 0.0084, Train Accuracy: 99.56%
Validation Loss: 0.0635, Validation Accuracy: 98.30%
Model saved to models/resnet18-MNIST-EVIDENCE-balanced_by_score1-0.8-2
Modified conv1: updated in_channels to 1.
Modified fc layer: updated out_features to 10.
Initialized untrained model.
resnet18-MNIST-EVIDENCE-balanced_by_score1-0.9-2
[Epoch 1, Batch     2] loss: 0.047
Epoch 1/20:
Train Loss: 0.3416, Train Accuracy: 87.86%
Validation Loss: 0.2865, Validation Accuracy: 90.81%
[Epoch 2, Batch     2] loss: 0.002
Epoch 2/20:
Train Loss: 0.1381, Train Accuracy: 95.67%
Validation Loss: 0.1914, Validation Accuracy: 94.20%
[Epoch 3, Batch     2] loss: 0.002
Epoch 3/20:
Train Loss: 0.1076, Train Accuracy: 96.25%
Validation Loss: 0.1408, Validation Accuracy: 95.77%
[Epoch 4, Batch     2] loss: 0.001
Epoch 4/20:
Train Loss: 0.0855, Train Accuracy: 97.08%
Validation Loss: 0.1396, Validation Accuracy: 95.96%
[Epoch 5, Batch     2] loss: 0.001
Epoch 5/20:
Train Loss: 0.0622, Train Accuracy: 98.05%
Validation Loss: 0.2182, Validation Accuracy: 93.83%
[Epoch 6, Batch     2] loss: 0.003
Epoch 6/20:
Train Loss: 0.0690, Train Accuracy: 97.81%
Validation Loss: 0.1330, Validation Accuracy: 96.03%
[Epoch 7, Batch     2] loss: 0.001
Epoch 7/20:
Train Loss: 0.0371, Train Accuracy: 98.79%
Validation Loss: 0.1214, Validation Accuracy: 96.57%
[Epoch 8, Batch     2] loss: 0.000
Epoch 8/20:
Train Loss: 0.0279, Train Accuracy: 99.05%
Validation Loss: 0.0715, Validation Accuracy: 97.83%
[Epoch 9, Batch     2] loss: 0.001
Epoch 9/20:
Train Loss: 0.0411, Train Accuracy: 98.62%
Validation Loss: 0.1076, Validation Accuracy: 97.02%
[Epoch 10, Batch     2] loss: 0.001
Epoch 10/20:
Train Loss: 0.0448, Train Accuracy: 98.44%
Validation Loss: 0.1272, Validation Accuracy: 96.44%
[Epoch 11, Batch     2] loss: 0.002
Epoch 11/20:
Train Loss: 0.0341, Train Accuracy: 98.78%
Validation Loss: 0.1110, Validation Accuracy: 96.99%
[Epoch 12, Batch     2] loss: 0.000
Epoch 12/20:
Train Loss: 0.0237, Train Accuracy: 99.37%
Validation Loss: 0.0940, Validation Accuracy: 97.33%
[Epoch 13, Batch     2] loss: 0.000
Epoch 13/20:
Train Loss: 0.0245, Train Accuracy: 99.25%
Validation Loss: 0.2048, Validation Accuracy: 94.83%
[Epoch 14, Batch     2] loss: 0.001
Epoch 14/20:
Train Loss: 0.0403, Train Accuracy: 98.79%
Validation Loss: 0.1793, Validation Accuracy: 95.20%
[Epoch 15, Batch     2] loss: 0.002
Epoch 15/20:
Train Loss: 0.0258, Train Accuracy: 99.08%
Validation Loss: 0.0662, Validation Accuracy: 98.13%
[Epoch 16, Batch     2] loss: 0.000
Epoch 16/20:
Train Loss: 0.0245, Train Accuracy: 99.22%
Validation Loss: 0.0947, Validation Accuracy: 97.35%
[Epoch 17, Batch     2] loss: 0.000
Epoch 17/20:
Train Loss: 0.0311, Train Accuracy: 98.96%
Validation Loss: 0.0801, Validation Accuracy: 97.64%
[Epoch 18, Batch     2] loss: 0.000
Epoch 18/20:
Train Loss: 0.0256, Train Accuracy: 99.20%
Validation Loss: 0.0690, Validation Accuracy: 97.94%
[Epoch 19, Batch     2] loss: 0.000
Epoch 19/20:
Train Loss: 0.0174, Train Accuracy: 99.51%
Validation Loss: 0.0817, Validation Accuracy: 97.68%
[Epoch 20, Batch     2] loss: 0.000
Epoch 20/20:
Train Loss: 0.0130, Train Accuracy: 99.61%
Validation Loss: 0.0964, Validation Accuracy: 97.29%
Model saved to models/resnet18-MNIST-EVIDENCE-balanced_by_score1-0.9-2
Modified conv1: updated in_channels to 1.
Modified fc layer: updated out_features to 10.
Initialized untrained model.
resnet18-MNIST-EVIDENCE-balanced_by_score1-0.95-2
[Epoch 1, Batch     2] loss: 0.042
Epoch 1/20:
Train Loss: 0.4391, Train Accuracy: 83.05%
Validation Loss: 0.6441, Validation Accuracy: 81.32%
[Epoch 2, Batch     2] loss: 0.006
Epoch 2/20:
Train Loss: 0.1746, Train Accuracy: 94.16%
Validation Loss: 0.3529, Validation Accuracy: 89.79%
[Epoch 3, Batch     2] loss: 0.002
Epoch 3/20:
Train Loss: 0.1160, Train Accuracy: 96.30%
Validation Loss: 0.1754, Validation Accuracy: 94.76%
[Epoch 4, Batch     2] loss: 0.001
Epoch 4/20:
Train Loss: 0.0752, Train Accuracy: 97.52%
Validation Loss: 0.2088, Validation Accuracy: 94.13%
[Epoch 5, Batch     2] loss: 0.002
Epoch 5/20:
Train Loss: 0.0967, Train Accuracy: 96.84%
Validation Loss: 0.2012, Validation Accuracy: 93.68%
[Epoch 6, Batch     2] loss: 0.001
Epoch 6/20:
Train Loss: 0.0763, Train Accuracy: 97.72%
Validation Loss: 0.1718, Validation Accuracy: 95.12%
[Epoch 7, Batch     2] loss: 0.001
Epoch 7/20:
Train Loss: 0.0729, Train Accuracy: 97.83%
Validation Loss: 0.1400, Validation Accuracy: 95.73%
[Epoch 8, Batch     2] loss: 0.001
Epoch 8/20:
Train Loss: 0.0424, Train Accuracy: 98.54%
Validation Loss: 0.1088, Validation Accuracy: 96.62%
[Epoch 9, Batch     2] loss: 0.000
Epoch 9/20:
Train Loss: 0.0149, Train Accuracy: 99.52%
Validation Loss: 0.1704, Validation Accuracy: 95.45%
[Epoch 10, Batch     2] loss: 0.002
Epoch 10/20:
Train Loss: 0.0335, Train Accuracy: 98.81%
Validation Loss: 0.1274, Validation Accuracy: 96.67%
[Epoch 11, Batch     2] loss: 0.000
Epoch 11/20:
Train Loss: 0.0179, Train Accuracy: 99.42%
Validation Loss: 0.1467, Validation Accuracy: 95.94%
[Epoch 12, Batch     2] loss: 0.000
Epoch 12/20:
Train Loss: 0.0168, Train Accuracy: 99.52%
Validation Loss: 0.1302, Validation Accuracy: 96.57%
[Epoch 13, Batch     2] loss: 0.000
Epoch 13/20:
Train Loss: 0.0440, Train Accuracy: 98.68%
Validation Loss: 0.3576, Validation Accuracy: 90.52%
[Epoch 14, Batch     2] loss: 0.001
Epoch 14/20:
Train Loss: 0.0484, Train Accuracy: 98.37%
Validation Loss: 0.1438, Validation Accuracy: 95.89%
[Epoch 15, Batch     2] loss: 0.001
Epoch 15/20:
Train Loss: 0.0152, Train Accuracy: 99.52%
Validation Loss: 0.1664, Validation Accuracy: 95.38%
[Epoch 16, Batch     2] loss: 0.000
Epoch 16/20:
Train Loss: 0.0253, Train Accuracy: 99.22%
Validation Loss: 0.1605, Validation Accuracy: 96.09%
[Epoch 17, Batch     2] loss: 0.001
Epoch 17/20:
Train Loss: 0.0292, Train Accuracy: 98.98%
Validation Loss: 0.2014, Validation Accuracy: 94.75%
[Epoch 18, Batch     2] loss: 0.001
Epoch 18/20:
Train Loss: 0.0292, Train Accuracy: 99.01%
Validation Loss: 0.2604, Validation Accuracy: 92.88%
[Epoch 19, Batch     2] loss: 0.001
Epoch 19/20:
Train Loss: 0.0183, Train Accuracy: 99.35%
Validation Loss: 0.1512, Validation Accuracy: 95.85%
[Epoch 20, Batch     2] loss: 0.000
Epoch 20/20:
Train Loss: 0.0217, Train Accuracy: 99.22%
Validation Loss: 0.1173, Validation Accuracy: 96.67%
Model saved to models/resnet18-MNIST-EVIDENCE-balanced_by_score1-0.95-2
Modified conv1: updated in_channels to 1.
Modified fc layer: updated out_features to 10.
Loaded weights from file: models/resnet18_MNIST_E1_2
Modified conv1: updated in_channels to 1.
Modified fc layer: updated out_features to 10.
Initialized untrained model.
resnet18-MNIST-BELIEF-balanced_by_score-0.3-2
[Epoch 1, Batch     2] loss: 0.044
[Epoch 1, Batch   102] loss: 0.349
[Epoch 1, Batch   202] loss: 0.154
[Epoch 1, Batch   302] loss: 0.138
[Epoch 1, Batch   402] loss: 0.126
[Epoch 1, Batch   502] loss: 0.109
[Epoch 1, Batch   602] loss: 0.110
Epoch 1/20:
Train Loss: 0.0077, Train Accuracy: 94.86%
Validation Loss: 0.0999, Validation Accuracy: 96.84%
[Epoch 2, Batch     2] loss: 0.003
[Epoch 2, Batch   102] loss: 0.075
[Epoch 2, Batch   202] loss: 0.077
[Epoch 2, Batch   302] loss: 0.080
[Epoch 2, Batch   402] loss: 0.084
[Epoch 2, Batch   502] loss: 0.071
[Epoch 2, Batch   602] loss: 0.078
Epoch 2/20:
Train Loss: 0.0068, Train Accuracy: 97.65%
Validation Loss: 0.0751, Validation Accuracy: 97.55%
[Epoch 3, Batch     2] loss: 0.002
[Epoch 3, Batch   102] loss: 0.054
[Epoch 3, Batch   202] loss: 0.057
[Epoch 3, Batch   302] loss: 0.059
[Epoch 3, Batch   402] loss: 0.060
[Epoch 3, Batch   502] loss: 0.054
[Epoch 3, Batch   602] loss: 0.055
Epoch 3/20:
Train Loss: 0.0046, Train Accuracy: 98.21%
Validation Loss: 0.0736, Validation Accuracy: 97.81%
[Epoch 4, Batch     2] loss: 0.001
[Epoch 4, Batch   102] loss: 0.055
[Epoch 4, Batch   202] loss: 0.050
[Epoch 4, Batch   302] loss: 0.061
[Epoch 4, Batch   402] loss: 0.047
[Epoch 4, Batch   502] loss: 0.057
[Epoch 4, Batch   602] loss: 0.049
Epoch 4/20:
Train Loss: 0.0035, Train Accuracy: 98.44%
Validation Loss: 0.0569, Validation Accuracy: 98.32%
[Epoch 5, Batch     2] loss: 0.000
[Epoch 5, Batch   102] loss: 0.038
[Epoch 5, Batch   202] loss: 0.038
[Epoch 5, Batch   302] loss: 0.043
[Epoch 5, Batch   402] loss: 0.040
[Epoch 5, Batch   502] loss: 0.045
[Epoch 5, Batch   602] loss: 0.044
Epoch 5/20:
Train Loss: 0.0040, Train Accuracy: 98.70%
Validation Loss: 0.0413, Validation Accuracy: 98.72%
[Epoch 6, Batch     2] loss: 0.000
[Epoch 6, Batch   102] loss: 0.026
[Epoch 6, Batch   202] loss: 0.044
[Epoch 6, Batch   302] loss: 0.035
[Epoch 6, Batch   402] loss: 0.053
[Epoch 6, Batch   502] loss: 0.045
[Epoch 6, Batch   602] loss: 0.040
Epoch 6/20:
Train Loss: 0.0031, Train Accuracy: 98.75%
Validation Loss: 0.0374, Validation Accuracy: 98.92%
[Epoch 7, Batch     2] loss: 0.000
[Epoch 7, Batch   102] loss: 0.032
[Epoch 7, Batch   202] loss: 0.029
[Epoch 7, Batch   302] loss: 0.046
[Epoch 7, Batch   402] loss: 0.034
[Epoch 7, Batch   502] loss: 0.046
[Epoch 7, Batch   602] loss: 0.040
Epoch 7/20:
Train Loss: 0.0039, Train Accuracy: 98.85%
Validation Loss: 0.0408, Validation Accuracy: 98.82%
[Epoch 8, Batch     2] loss: 0.001
[Epoch 8, Batch   102] loss: 0.026
[Epoch 8, Batch   202] loss: 0.033
[Epoch 8, Batch   302] loss: 0.040
[Epoch 8, Batch   402] loss: 0.025
[Epoch 8, Batch   502] loss: 0.045
[Epoch 8, Batch   602] loss: 0.038
Epoch 8/20:
Train Loss: 0.0035, Train Accuracy: 98.97%
Validation Loss: 0.0422, Validation Accuracy: 98.62%
[Epoch 9, Batch     2] loss: 0.000
[Epoch 9, Batch   102] loss: 0.027
[Epoch 9, Batch   202] loss: 0.044
[Epoch 9, Batch   302] loss: 0.026
[Epoch 9, Batch   402] loss: 0.032
[Epoch 9, Batch   502] loss: 0.040
[Epoch 9, Batch   602] loss: 0.036
Epoch 9/20:
Train Loss: 0.0024, Train Accuracy: 98.96%
Validation Loss: 0.0436, Validation Accuracy: 98.69%
[Epoch 10, Batch     2] loss: 0.002
[Epoch 10, Batch   102] loss: 0.026
[Epoch 10, Batch   202] loss: 0.026
[Epoch 10, Batch   302] loss: 0.031
[Epoch 10, Batch   402] loss: 0.032
[Epoch 10, Batch   502] loss: 0.030
[Epoch 10, Batch   602] loss: 0.033
Epoch 10/20:
Train Loss: 0.0033, Train Accuracy: 99.07%
Validation Loss: 0.0341, Validation Accuracy: 98.95%
[Epoch 11, Batch     2] loss: 0.001
[Epoch 11, Batch   102] loss: 0.028
[Epoch 11, Batch   202] loss: 0.027
[Epoch 11, Batch   302] loss: 0.029
[Epoch 11, Batch   402] loss: 0.033
[Epoch 11, Batch   502] loss: 0.030
[Epoch 11, Batch   602] loss: 0.024
Epoch 11/20:
Train Loss: 0.0024, Train Accuracy: 99.12%
Validation Loss: 0.0383, Validation Accuracy: 98.85%
[Epoch 12, Batch     2] loss: 0.000
[Epoch 12, Batch   102] loss: 0.023
[Epoch 12, Batch   202] loss: 0.021
[Epoch 12, Batch   302] loss: 0.031
[Epoch 12, Batch   402] loss: 0.028
[Epoch 12, Batch   502] loss: 0.019
[Epoch 12, Batch   602] loss: 0.026
Epoch 12/20:
Train Loss: 0.0025, Train Accuracy: 99.21%
Validation Loss: 0.0576, Validation Accuracy: 98.37%
[Epoch 13, Batch     2] loss: 0.001
[Epoch 13, Batch   102] loss: 0.018
[Epoch 13, Batch   202] loss: 0.033
[Epoch 13, Batch   302] loss: 0.025
[Epoch 13, Batch   402] loss: 0.031
[Epoch 13, Batch   502] loss: 0.028
[Epoch 13, Batch   602] loss: 0.028
Epoch 13/20:
Train Loss: 0.0019, Train Accuracy: 99.21%
Validation Loss: 0.0320, Validation Accuracy: 99.06%
[Epoch 14, Batch     2] loss: 0.000
[Epoch 14, Batch   102] loss: 0.020
[Epoch 14, Batch   202] loss: 0.015
[Epoch 14, Batch   302] loss: 0.019
[Epoch 14, Batch   402] loss: 0.021
[Epoch 14, Batch   502] loss: 0.032
[Epoch 14, Batch   602] loss: 0.026
Epoch 14/20:
Train Loss: 0.0018, Train Accuracy: 99.30%
Validation Loss: 0.0356, Validation Accuracy: 98.94%
[Epoch 15, Batch     2] loss: 0.000
[Epoch 15, Batch   102] loss: 0.014
[Epoch 15, Batch   202] loss: 0.013
[Epoch 15, Batch   302] loss: 0.016
[Epoch 15, Batch   402] loss: 0.019
[Epoch 15, Batch   502] loss: 0.024
[Epoch 15, Batch   602] loss: 0.027
Epoch 15/20:
Train Loss: 0.0027, Train Accuracy: 99.43%
Validation Loss: 0.0749, Validation Accuracy: 98.21%
[Epoch 16, Batch     2] loss: 0.001
[Epoch 16, Batch   102] loss: 0.031
[Epoch 16, Batch   202] loss: 0.018
[Epoch 16, Batch   302] loss: 0.019
[Epoch 16, Batch   402] loss: 0.018
[Epoch 16, Batch   502] loss: 0.019
[Epoch 16, Batch   602] loss: 0.030
Epoch 16/20:
Train Loss: 0.0019, Train Accuracy: 99.33%
Validation Loss: 0.0357, Validation Accuracy: 98.94%
[Epoch 17, Batch     2] loss: 0.000
[Epoch 17, Batch   102] loss: 0.016
[Epoch 17, Batch   202] loss: 0.016
[Epoch 17, Batch   302] loss: 0.015
[Epoch 17, Batch   402] loss: 0.026
[Epoch 17, Batch   502] loss: 0.022
[Epoch 17, Batch   602] loss: 0.020
Epoch 17/20:
Train Loss: 0.0011, Train Accuracy: 99.49%
Validation Loss: 0.0380, Validation Accuracy: 99.01%
[Epoch 18, Batch     2] loss: 0.000
[Epoch 18, Batch   102] loss: 0.013
[Epoch 18, Batch   202] loss: 0.012
[Epoch 18, Batch   302] loss: 0.019
[Epoch 18, Batch   402] loss: 0.018
[Epoch 18, Batch   502] loss: 0.020
[Epoch 18, Batch   602] loss: 0.031
Epoch 18/20:
Train Loss: 0.0033, Train Accuracy: 99.36%
Validation Loss: 0.0453, Validation Accuracy: 98.72%
[Epoch 19, Batch     2] loss: 0.000
[Epoch 19, Batch   102] loss: 0.018
[Epoch 19, Batch   202] loss: 0.011
[Epoch 19, Batch   302] loss: 0.011
[Epoch 19, Batch   402] loss: 0.019
[Epoch 19, Batch   502] loss: 0.016
[Epoch 19, Batch   602] loss: 0.016
Epoch 19/20:
Train Loss: 0.0021, Train Accuracy: 99.49%
Validation Loss: 0.0500, Validation Accuracy: 98.62%
[Epoch 20, Batch     2] loss: 0.000
[Epoch 20, Batch   102] loss: 0.017
[Epoch 20, Batch   202] loss: 0.016
[Epoch 20, Batch   302] loss: 0.020
[Epoch 20, Batch   402] loss: 0.019
[Epoch 20, Batch   502] loss: 0.017
[Epoch 20, Batch   602] loss: 0.015
Epoch 20/20:
Train Loss: 0.0021, Train Accuracy: 99.46%
Validation Loss: 0.0337, Validation Accuracy: 99.06%
Model saved to models/resnet18-MNIST-BELIEF-balanced_by_score-0.3-2
Modified conv1: updated in_channels to 1.
Modified fc layer: updated out_features to 10.
Initialized untrained model.
resnet18-MNIST-BELIEF-balanced_by_score-0.5-2
[Epoch 1, Batch     2] loss: 0.040
[Epoch 1, Batch   102] loss: 0.317
[Epoch 1, Batch   202] loss: 0.166
[Epoch 1, Batch   302] loss: 0.143
[Epoch 1, Batch   402] loss: 0.141
Epoch 1/20:
Train Loss: 0.0216, Train Accuracy: 94.13%
Validation Loss: 0.1043, Validation Accuracy: 96.70%
[Epoch 2, Batch     2] loss: 0.003
[Epoch 2, Batch   102] loss: 0.078
[Epoch 2, Batch   202] loss: 0.080
[Epoch 2, Batch   302] loss: 0.081
[Epoch 2, Batch   402] loss: 0.089
Epoch 2/20:
Train Loss: 0.0108, Train Accuracy: 97.46%
Validation Loss: 0.0616, Validation Accuracy: 97.94%
[Epoch 3, Batch     2] loss: 0.002
[Epoch 3, Batch   102] loss: 0.062
[Epoch 3, Batch   202] loss: 0.052
[Epoch 3, Batch   302] loss: 0.069
[Epoch 3, Batch   402] loss: 0.062
Epoch 3/20:
Train Loss: 0.0085, Train Accuracy: 98.09%
Validation Loss: 0.0675, Validation Accuracy: 97.90%
[Epoch 4, Batch     2] loss: 0.000
[Epoch 4, Batch   102] loss: 0.051
[Epoch 4, Batch   202] loss: 0.050
[Epoch 4, Batch   302] loss: 0.059
[Epoch 4, Batch   402] loss: 0.044
Epoch 4/20:
Train Loss: 0.0091, Train Accuracy: 98.44%
Validation Loss: 0.0621, Validation Accuracy: 98.21%
[Epoch 5, Batch     2] loss: 0.002
[Epoch 5, Batch   102] loss: 0.043
[Epoch 5, Batch   202] loss: 0.045
[Epoch 5, Batch   302] loss: 0.052
[Epoch 5, Batch   402] loss: 0.050
Epoch 5/20:
Train Loss: 0.0057, Train Accuracy: 98.59%
Validation Loss: 0.0803, Validation Accuracy: 97.53%
[Epoch 6, Batch     2] loss: 0.002
[Epoch 6, Batch   102] loss: 0.040
[Epoch 6, Batch   202] loss: 0.043
[Epoch 6, Batch   302] loss: 0.040
[Epoch 6, Batch   402] loss: 0.051
Epoch 6/20:
Train Loss: 0.0063, Train Accuracy: 98.66%
Validation Loss: 0.0707, Validation Accuracy: 97.82%
[Epoch 7, Batch     2] loss: 0.002
[Epoch 7, Batch   102] loss: 0.039
[Epoch 7, Batch   202] loss: 0.031
[Epoch 7, Batch   302] loss: 0.034
[Epoch 7, Batch   402] loss: 0.053
Epoch 7/20:
Train Loss: 0.0062, Train Accuracy: 98.80%
Validation Loss: 0.0370, Validation Accuracy: 98.87%
[Epoch 8, Batch     2] loss: 0.000
[Epoch 8, Batch   102] loss: 0.034
[Epoch 8, Batch   202] loss: 0.023
[Epoch 8, Batch   302] loss: 0.047
[Epoch 8, Batch   402] loss: 0.047
Epoch 8/20:
Train Loss: 0.0047, Train Accuracy: 98.86%
Validation Loss: 0.0670, Validation Accuracy: 98.12%
[Epoch 9, Batch     2] loss: 0.000
[Epoch 9, Batch   102] loss: 0.027
[Epoch 9, Batch   202] loss: 0.033
[Epoch 9, Batch   302] loss: 0.029
[Epoch 9, Batch   402] loss: 0.037
Epoch 9/20:
Train Loss: 0.0039, Train Accuracy: 99.05%
Validation Loss: 0.0628, Validation Accuracy: 98.30%
[Epoch 10, Batch     2] loss: 0.001
[Epoch 10, Batch   102] loss: 0.036
[Epoch 10, Batch   202] loss: 0.033
[Epoch 10, Batch   302] loss: 0.044
[Epoch 10, Batch   402] loss: 0.032
Epoch 10/20:
Train Loss: 0.0035, Train Accuracy: 98.97%
Validation Loss: 0.0443, Validation Accuracy: 98.70%
[Epoch 11, Batch     2] loss: 0.000
[Epoch 11, Batch   102] loss: 0.025
[Epoch 11, Batch   202] loss: 0.030
[Epoch 11, Batch   302] loss: 0.036
[Epoch 11, Batch   402] loss: 0.028
Epoch 11/20:
Train Loss: 0.0041, Train Accuracy: 99.10%
Validation Loss: 0.0468, Validation Accuracy: 98.66%
[Epoch 12, Batch     2] loss: 0.000
[Epoch 12, Batch   102] loss: 0.020
[Epoch 12, Batch   202] loss: 0.029
[Epoch 12, Batch   302] loss: 0.032
[Epoch 12, Batch   402] loss: 0.043
Epoch 12/20:
Train Loss: 0.0054, Train Accuracy: 98.99%
Validation Loss: 0.0389, Validation Accuracy: 98.79%
[Epoch 13, Batch     2] loss: 0.000
[Epoch 13, Batch   102] loss: 0.026
[Epoch 13, Batch   202] loss: 0.027
[Epoch 13, Batch   302] loss: 0.032
[Epoch 13, Batch   402] loss: 0.030
Epoch 13/20:
Train Loss: 0.0030, Train Accuracy: 99.18%
Validation Loss: 0.0424, Validation Accuracy: 98.79%
[Epoch 14, Batch     2] loss: 0.001
[Epoch 14, Batch   102] loss: 0.020
[Epoch 14, Batch   202] loss: 0.018
[Epoch 14, Batch   302] loss: 0.029
[Epoch 14, Batch   402] loss: 0.023
Epoch 14/20:
Train Loss: 0.0041, Train Accuracy: 99.23%
Validation Loss: 0.0459, Validation Accuracy: 98.65%
[Epoch 15, Batch     2] loss: 0.000
[Epoch 15, Batch   102] loss: 0.023
[Epoch 15, Batch   202] loss: 0.024
[Epoch 15, Batch   302] loss: 0.021
[Epoch 15, Batch   402] loss: 0.025
Epoch 15/20:
Train Loss: 0.0033, Train Accuracy: 99.30%
Validation Loss: 0.0540, Validation Accuracy: 98.36%
[Epoch 16, Batch     2] loss: 0.000
[Epoch 16, Batch   102] loss: 0.014
[Epoch 16, Batch   202] loss: 0.026
[Epoch 16, Batch   302] loss: 0.030
[Epoch 16, Batch   402] loss: 0.017
Epoch 16/20:
Train Loss: 0.0029, Train Accuracy: 99.35%
Validation Loss: 0.0432, Validation Accuracy: 98.81%
[Epoch 17, Batch     2] loss: 0.000
[Epoch 17, Batch   102] loss: 0.015
[Epoch 17, Batch   202] loss: 0.030
[Epoch 17, Batch   302] loss: 0.023
[Epoch 17, Batch   402] loss: 0.029
Epoch 17/20:
Train Loss: 0.0037, Train Accuracy: 99.24%
Validation Loss: 0.0398, Validation Accuracy: 98.93%
[Epoch 18, Batch     2] loss: 0.000
[Epoch 18, Batch   102] loss: 0.008
[Epoch 18, Batch   202] loss: 0.013
[Epoch 18, Batch   302] loss: 0.021
[Epoch 18, Batch   402] loss: 0.022
Epoch 18/20:
Train Loss: 0.0036, Train Accuracy: 99.47%
Validation Loss: 0.0374, Validation Accuracy: 98.90%
[Epoch 19, Batch     2] loss: 0.000
[Epoch 19, Batch   102] loss: 0.019
[Epoch 19, Batch   202] loss: 0.023
[Epoch 19, Batch   302] loss: 0.015
[Epoch 19, Batch   402] loss: 0.016
Epoch 19/20:
Train Loss: 0.0025, Train Accuracy: 99.41%
Validation Loss: 0.0448, Validation Accuracy: 98.71%
[Epoch 20, Batch     2] loss: 0.001
[Epoch 20, Batch   102] loss: 0.011
[Epoch 20, Batch   202] loss: 0.014
[Epoch 20, Batch   302] loss: 0.025
[Epoch 20, Batch   402] loss: 0.029
Epoch 20/20:
Train Loss: 0.0025, Train Accuracy: 99.43%
Validation Loss: 0.0479, Validation Accuracy: 98.66%
Model saved to models/resnet18-MNIST-BELIEF-balanced_by_score-0.5-2
Modified conv1: updated in_channels to 1.
Modified fc layer: updated out_features to 10.
Initialized untrained model.
resnet18-MNIST-BELIEF-balanced_by_score-0.7-2
[Epoch 1, Batch     2] loss: 0.041
[Epoch 1, Batch   102] loss: 0.362
[Epoch 1, Batch   202] loss: 0.193
Epoch 1/20:
Train Loss: 0.0408, Train Accuracy: 92.25%
Validation Loss: 0.1113, Validation Accuracy: 96.49%
[Epoch 2, Batch     2] loss: 0.002
[Epoch 2, Batch   102] loss: 0.110
[Epoch 2, Batch   202] loss: 0.111
Epoch 2/20:
Train Loss: 0.0316, Train Accuracy: 96.60%
Validation Loss: 0.1089, Validation Accuracy: 96.64%
[Epoch 3, Batch     2] loss: 0.001
[Epoch 3, Batch   102] loss: 0.084
[Epoch 3, Batch   202] loss: 0.066
Epoch 3/20:
Train Loss: 0.0239, Train Accuracy: 97.49%
Validation Loss: 0.0976, Validation Accuracy: 96.92%
[Epoch 4, Batch     2] loss: 0.000
[Epoch 4, Batch   102] loss: 0.060
[Epoch 4, Batch   202] loss: 0.061
Epoch 4/20:
Train Loss: 0.0191, Train Accuracy: 97.98%
Validation Loss: 0.0573, Validation Accuracy: 98.18%
[Epoch 5, Batch     2] loss: 0.000
[Epoch 5, Batch   102] loss: 0.045
[Epoch 5, Batch   202] loss: 0.056
Epoch 5/20:
Train Loss: 0.0122, Train Accuracy: 98.49%
Validation Loss: 0.0550, Validation Accuracy: 98.34%
[Epoch 6, Batch     2] loss: 0.000
[Epoch 6, Batch   102] loss: 0.035
[Epoch 6, Batch   202] loss: 0.050
Epoch 6/20:
Train Loss: 0.0124, Train Accuracy: 98.68%
Validation Loss: 0.0806, Validation Accuracy: 97.65%
[Epoch 7, Batch     2] loss: 0.001
[Epoch 7, Batch   102] loss: 0.042
[Epoch 7, Batch   202] loss: 0.049
Epoch 7/20:
Train Loss: 0.0126, Train Accuracy: 98.61%
Validation Loss: 0.0715, Validation Accuracy: 97.80%
[Epoch 8, Batch     2] loss: 0.001
[Epoch 8, Batch   102] loss: 0.025
[Epoch 8, Batch   202] loss: 0.028
Epoch 8/20:
Train Loss: 0.0097, Train Accuracy: 99.12%
Validation Loss: 0.0579, Validation Accuracy: 98.23%
[Epoch 9, Batch     2] loss: 0.000
[Epoch 9, Batch   102] loss: 0.032
[Epoch 9, Batch   202] loss: 0.031
Epoch 9/20:
Train Loss: 0.0109, Train Accuracy: 98.99%
Validation Loss: 0.0914, Validation Accuracy: 97.56%
[Epoch 10, Batch     2] loss: 0.000
[Epoch 10, Batch   102] loss: 0.026
[Epoch 10, Batch   202] loss: 0.030
Epoch 10/20:
Train Loss: 0.0117, Train Accuracy: 99.02%
Validation Loss: 0.0733, Validation Accuracy: 97.87%
[Epoch 11, Batch     2] loss: 0.001
[Epoch 11, Batch   102] loss: 0.042
[Epoch 11, Batch   202] loss: 0.028
Epoch 11/20:
Train Loss: 0.0102, Train Accuracy: 98.88%
Validation Loss: 0.0481, Validation Accuracy: 98.56%
[Epoch 12, Batch     2] loss: 0.000
[Epoch 12, Batch   102] loss: 0.020
[Epoch 12, Batch   202] loss: 0.029
Epoch 12/20:
Train Loss: 0.0092, Train Accuracy: 99.18%
Validation Loss: 0.0605, Validation Accuracy: 98.20%
[Epoch 13, Batch     2] loss: 0.000
[Epoch 13, Batch   102] loss: 0.013
[Epoch 13, Batch   202] loss: 0.021
Epoch 13/20:
Train Loss: 0.0091, Train Accuracy: 99.33%
Validation Loss: 0.0617, Validation Accuracy: 98.37%
[Epoch 14, Batch     2] loss: 0.001
[Epoch 14, Batch   102] loss: 0.028
[Epoch 14, Batch   202] loss: 0.032
Epoch 14/20:
Train Loss: 0.0067, Train Accuracy: 99.17%
Validation Loss: 0.0603, Validation Accuracy: 98.29%
[Epoch 15, Batch     2] loss: 0.000
[Epoch 15, Batch   102] loss: 0.014
[Epoch 15, Batch   202] loss: 0.028
Epoch 15/20:
Train Loss: 0.0096, Train Accuracy: 99.24%
Validation Loss: 0.0682, Validation Accuracy: 98.16%
[Epoch 16, Batch     2] loss: 0.000
[Epoch 16, Batch   102] loss: 0.032
[Epoch 16, Batch   202] loss: 0.023
Epoch 16/20:
Train Loss: 0.0069, Train Accuracy: 99.09%
Validation Loss: 0.0589, Validation Accuracy: 98.32%
[Epoch 17, Batch     2] loss: 0.000
[Epoch 17, Batch   102] loss: 0.026
[Epoch 17, Batch   202] loss: 0.013
Epoch 17/20:
Train Loss: 0.0049, Train Accuracy: 99.42%
Validation Loss: 0.0648, Validation Accuracy: 98.34%
[Epoch 18, Batch     2] loss: 0.001
[Epoch 18, Batch   102] loss: 0.023
[Epoch 18, Batch   202] loss: 0.036
Epoch 18/20:
Train Loss: 0.0063, Train Accuracy: 99.22%
Validation Loss: 0.0702, Validation Accuracy: 97.91%
[Epoch 19, Batch     2] loss: 0.001
[Epoch 19, Batch   102] loss: 0.018
[Epoch 19, Batch   202] loss: 0.016
Epoch 19/20:
Train Loss: 0.0044, Train Accuracy: 99.48%
Validation Loss: 0.0477, Validation Accuracy: 98.78%
[Epoch 20, Batch     2] loss: 0.000
[Epoch 20, Batch   102] loss: 0.026
[Epoch 20, Batch   202] loss: 0.034
Epoch 20/20:
Train Loss: 0.0074, Train Accuracy: 99.14%
Validation Loss: 0.0432, Validation Accuracy: 98.71%
Model saved to models/resnet18-MNIST-BELIEF-balanced_by_score-0.7-2
Modified conv1: updated in_channels to 1.
Modified fc layer: updated out_features to 10.
Initialized untrained model.
resnet18-MNIST-BELIEF-balanced_by_score-0.8-2
[Epoch 1, Batch     2] loss: 0.041
[Epoch 1, Batch   102] loss: 0.325
Epoch 1/20:
Train Loss: 0.0842, Train Accuracy: 91.10%
Validation Loss: 0.2483, Validation Accuracy: 92.04%
[Epoch 2, Batch     2] loss: 0.004
[Epoch 2, Batch   102] loss: 0.127
Epoch 2/20:
Train Loss: 0.0510, Train Accuracy: 96.38%
Validation Loss: 0.3674, Validation Accuracy: 90.28%
[Epoch 3, Batch     2] loss: 0.002
[Epoch 3, Batch   102] loss: 0.099
Epoch 3/20:
Train Loss: 0.0395, Train Accuracy: 97.15%
Validation Loss: 0.1053, Validation Accuracy: 96.92%
[Epoch 4, Batch     2] loss: 0.001
[Epoch 4, Batch   102] loss: 0.054
Epoch 4/20:
Train Loss: 0.0321, Train Accuracy: 98.13%
Validation Loss: 0.1099, Validation Accuracy: 96.40%
[Epoch 5, Batch     2] loss: 0.003
[Epoch 5, Batch   102] loss: 0.058
Epoch 5/20:
Train Loss: 0.0274, Train Accuracy: 97.96%
Validation Loss: 0.1342, Validation Accuracy: 96.06%
[Epoch 6, Batch     2] loss: 0.001
[Epoch 6, Batch   102] loss: 0.049
Epoch 6/20:
Train Loss: 0.0254, Train Accuracy: 98.33%
Validation Loss: 0.1662, Validation Accuracy: 94.83%
[Epoch 7, Batch     2] loss: 0.001
[Epoch 7, Batch   102] loss: 0.036
Epoch 7/20:
Train Loss: 0.0198, Train Accuracy: 98.69%
Validation Loss: 0.3283, Validation Accuracy: 91.60%
[Epoch 8, Batch     2] loss: 0.001
[Epoch 8, Batch   102] loss: 0.039
Epoch 8/20:
Train Loss: 0.0239, Train Accuracy: 98.70%
Validation Loss: 0.1253, Validation Accuracy: 96.26%
[Epoch 9, Batch     2] loss: 0.002
[Epoch 9, Batch   102] loss: 0.030
Epoch 9/20:
Train Loss: 0.0173, Train Accuracy: 98.87%
Validation Loss: 0.2807, Validation Accuracy: 93.19%
[Epoch 10, Batch     2] loss: 0.002
[Epoch 10, Batch   102] loss: 0.045
Epoch 10/20:
Train Loss: 0.0183, Train Accuracy: 98.57%
Validation Loss: 0.0720, Validation Accuracy: 97.79%
[Epoch 11, Batch     2] loss: 0.001
[Epoch 11, Batch   102] loss: 0.030
Epoch 11/20:
Train Loss: 0.0132, Train Accuracy: 99.16%
Validation Loss: 0.0563, Validation Accuracy: 98.24%
[Epoch 12, Batch     2] loss: 0.000
[Epoch 12, Batch   102] loss: 0.026
Epoch 12/20:
Train Loss: 0.0143, Train Accuracy: 99.11%
Validation Loss: 0.0647, Validation Accuracy: 97.88%
[Epoch 13, Batch     2] loss: 0.001
[Epoch 13, Batch   102] loss: 0.024
Epoch 13/20:
Train Loss: 0.0187, Train Accuracy: 98.99%
Validation Loss: 0.0763, Validation Accuracy: 97.73%
[Epoch 14, Batch     2] loss: 0.000
[Epoch 14, Batch   102] loss: 0.030
Epoch 14/20:
Train Loss: 0.0128, Train Accuracy: 98.96%
Validation Loss: 0.0658, Validation Accuracy: 98.04%
[Epoch 15, Batch     2] loss: 0.001
[Epoch 15, Batch   102] loss: 0.025
Epoch 15/20:
Train Loss: 0.0094, Train Accuracy: 99.25%
Validation Loss: 0.0627, Validation Accuracy: 98.19%
[Epoch 16, Batch     2] loss: 0.001
[Epoch 16, Batch   102] loss: 0.020
Epoch 16/20:
Train Loss: 0.0110, Train Accuracy: 99.29%
Validation Loss: 0.0808, Validation Accuracy: 97.84%
[Epoch 17, Batch     2] loss: 0.001
[Epoch 17, Batch   102] loss: 0.025
Epoch 17/20:
Train Loss: 0.0063, Train Accuracy: 99.34%
Validation Loss: 0.0599, Validation Accuracy: 98.30%
[Epoch 18, Batch     2] loss: 0.000
[Epoch 18, Batch   102] loss: 0.021
Epoch 18/20:
Train Loss: 0.0130, Train Accuracy: 99.25%
Validation Loss: 0.0496, Validation Accuracy: 98.48%
[Epoch 19, Batch     2] loss: 0.000
[Epoch 19, Batch   102] loss: 0.012
Epoch 19/20:
Train Loss: 0.0131, Train Accuracy: 99.44%
Validation Loss: 0.0652, Validation Accuracy: 98.12%
[Epoch 20, Batch     2] loss: 0.000
[Epoch 20, Batch   102] loss: 0.028
Epoch 20/20:
Train Loss: 0.0131, Train Accuracy: 99.04%
Validation Loss: 0.0669, Validation Accuracy: 98.02%
Model saved to models/resnet18-MNIST-BELIEF-balanced_by_score-0.8-2
Modified conv1: updated in_channels to 1.
Modified fc layer: updated out_features to 10.
Initialized untrained model.
resnet18-MNIST-BELIEF-balanced_by_score-0.9-2
[Epoch 1, Batch     2] loss: 0.042
Epoch 1/20:
Train Loss: 0.3414, Train Accuracy: 87.45%
Validation Loss: 0.1767, Validation Accuracy: 94.62%
[Epoch 2, Batch     2] loss: 0.002
Epoch 2/20:
Train Loss: 0.1586, Train Accuracy: 95.07%
Validation Loss: 0.4469, Validation Accuracy: 89.21%
[Epoch 3, Batch     2] loss: 0.003
Epoch 3/20:
Train Loss: 0.1079, Train Accuracy: 96.52%
Validation Loss: 0.1837, Validation Accuracy: 94.23%
[Epoch 4, Batch     2] loss: 0.000
Epoch 4/20:
Train Loss: 0.0803, Train Accuracy: 97.50%
Validation Loss: 0.1435, Validation Accuracy: 95.82%
[Epoch 5, Batch     2] loss: 0.002
Epoch 5/20:
Train Loss: 0.0788, Train Accuracy: 97.54%
Validation Loss: 0.2690, Validation Accuracy: 92.03%
[Epoch 6, Batch     2] loss: 0.001
Epoch 6/20:
Train Loss: 0.0531, Train Accuracy: 98.13%
Validation Loss: 0.1246, Validation Accuracy: 96.55%
[Epoch 7, Batch     2] loss: 0.001
Epoch 7/20:
Train Loss: 0.0547, Train Accuracy: 98.17%
Validation Loss: 0.2398, Validation Accuracy: 93.46%
[Epoch 8, Batch     2] loss: 0.000
Epoch 8/20:
Train Loss: 0.0501, Train Accuracy: 98.56%
Validation Loss: 0.3173, Validation Accuracy: 91.78%
[Epoch 9, Batch     2] loss: 0.001
Epoch 9/20:
Train Loss: 0.0414, Train Accuracy: 98.61%
Validation Loss: 0.0938, Validation Accuracy: 97.21%
[Epoch 10, Batch     2] loss: 0.000
Epoch 10/20:
Train Loss: 0.0350, Train Accuracy: 98.95%
Validation Loss: 0.0806, Validation Accuracy: 97.68%
[Epoch 11, Batch     2] loss: 0.001
Epoch 11/20:
Train Loss: 0.0212, Train Accuracy: 99.25%
Validation Loss: 0.2147, Validation Accuracy: 94.70%
[Epoch 12, Batch     2] loss: 0.000
Epoch 12/20:
Train Loss: 0.0332, Train Accuracy: 99.00%
Validation Loss: 0.2190, Validation Accuracy: 94.56%
[Epoch 13, Batch     2] loss: 0.001
Epoch 13/20:
Train Loss: 0.0402, Train Accuracy: 98.59%
Validation Loss: 0.1546, Validation Accuracy: 95.76%
[Epoch 14, Batch     2] loss: 0.000
Epoch 14/20:
Train Loss: 0.0342, Train Accuracy: 98.71%
Validation Loss: 0.0895, Validation Accuracy: 97.44%
[Epoch 15, Batch     2] loss: 0.000
Epoch 15/20:
Train Loss: 0.0401, Train Accuracy: 98.71%
Validation Loss: 0.1269, Validation Accuracy: 96.55%
[Epoch 16, Batch     2] loss: 0.000
Epoch 16/20:
Train Loss: 0.0169, Train Accuracy: 99.49%
Validation Loss: 0.0702, Validation Accuracy: 98.12%
[Epoch 17, Batch     2] loss: 0.000
Epoch 17/20:
Train Loss: 0.0161, Train Accuracy: 99.59%
Validation Loss: 0.0594, Validation Accuracy: 98.34%
[Epoch 18, Batch     2] loss: 0.000
Epoch 18/20:
Train Loss: 0.0070, Train Accuracy: 99.81%
Validation Loss: 0.0632, Validation Accuracy: 98.16%
[Epoch 19, Batch     2] loss: 0.000
Epoch 19/20:
Train Loss: 0.0056, Train Accuracy: 99.85%
Validation Loss: 0.0618, Validation Accuracy: 98.33%
[Epoch 20, Batch     2] loss: 0.000
Epoch 20/20:
Train Loss: 0.0168, Train Accuracy: 99.61%
Validation Loss: 0.0972, Validation Accuracy: 97.37%
Model saved to models/resnet18-MNIST-BELIEF-balanced_by_score-0.9-2
Modified conv1: updated in_channels to 1.
Modified fc layer: updated out_features to 10.
Initialized untrained model.
resnet18-MNIST-BELIEF-balanced_by_score-0.95-2
[Epoch 1, Batch     2] loss: 0.041
Epoch 1/20:
Train Loss: 0.4634, Train Accuracy: 81.73%
Validation Loss: 0.4773, Validation Accuracy: 84.81%
[Epoch 2, Batch     2] loss: 0.006
Epoch 2/20:
Train Loss: 0.1422, Train Accuracy: 94.77%
Validation Loss: 0.3725, Validation Accuracy: 89.52%
[Epoch 3, Batch     2] loss: 0.003
Epoch 3/20:
Train Loss: 0.1045, Train Accuracy: 96.03%
Validation Loss: 0.1872, Validation Accuracy: 94.19%
[Epoch 4, Batch     2] loss: 0.001
Epoch 4/20:
Train Loss: 0.0785, Train Accuracy: 97.66%
Validation Loss: 0.1992, Validation Accuracy: 94.31%
[Epoch 5, Batch     2] loss: 0.000
Epoch 5/20:
Train Loss: 0.0678, Train Accuracy: 98.06%
Validation Loss: 0.2484, Validation Accuracy: 93.10%
[Epoch 6, Batch     2] loss: 0.001
Epoch 6/20:
Train Loss: 0.0401, Train Accuracy: 98.34%
Validation Loss: 0.1654, Validation Accuracy: 95.57%
[Epoch 7, Batch     2] loss: 0.000
Epoch 7/20:
Train Loss: 0.0769, Train Accuracy: 97.62%
Validation Loss: 0.1629, Validation Accuracy: 95.67%
[Epoch 8, Batch     2] loss: 0.000
Epoch 8/20:
Train Loss: 0.0546, Train Accuracy: 98.30%
Validation Loss: 0.2036, Validation Accuracy: 94.55%
[Epoch 9, Batch     2] loss: 0.001
Epoch 9/20:
Train Loss: 0.0560, Train Accuracy: 98.37%
Validation Loss: 0.2344, Validation Accuracy: 93.66%
[Epoch 10, Batch     2] loss: 0.001
Epoch 10/20:
Train Loss: 0.0270, Train Accuracy: 99.15%
Validation Loss: 0.1383, Validation Accuracy: 96.55%
[Epoch 11, Batch     2] loss: 0.000
Epoch 11/20:
Train Loss: 0.0185, Train Accuracy: 99.39%
Validation Loss: 0.1707, Validation Accuracy: 95.35%
[Epoch 12, Batch     2] loss: 0.000
Epoch 12/20:
Train Loss: 0.0125, Train Accuracy: 99.49%
Validation Loss: 0.1583, Validation Accuracy: 95.83%
[Epoch 13, Batch     2] loss: 0.000
Epoch 13/20:
Train Loss: 0.0180, Train Accuracy: 99.35%
Validation Loss: 0.1431, Validation Accuracy: 96.33%
[Epoch 14, Batch     2] loss: 0.001
Epoch 14/20:
Train Loss: 0.0208, Train Accuracy: 99.15%
Validation Loss: 0.1520, Validation Accuracy: 95.83%
[Epoch 15, Batch     2] loss: 0.000
Epoch 15/20:
Train Loss: 0.0316, Train Accuracy: 99.18%
Validation Loss: 0.1793, Validation Accuracy: 95.36%
[Epoch 16, Batch     2] loss: 0.001
Epoch 16/20:
Train Loss: 0.0334, Train Accuracy: 99.01%
Validation Loss: 0.1625, Validation Accuracy: 95.88%
[Epoch 17, Batch     2] loss: 0.000
Epoch 17/20:
Train Loss: 0.0325, Train Accuracy: 98.98%
Validation Loss: 0.3819, Validation Accuracy: 91.26%
[Epoch 18, Batch     2] loss: 0.000
Epoch 18/20:
Train Loss: 0.0699, Train Accuracy: 97.93%
Validation Loss: 0.1867, Validation Accuracy: 95.16%
[Epoch 19, Batch     2] loss: 0.001
Epoch 19/20:
Train Loss: 0.0338, Train Accuracy: 98.78%
Validation Loss: 0.2654, Validation Accuracy: 93.49%
[Epoch 20, Batch     2] loss: 0.000
Epoch 20/20:
Train Loss: 0.0372, Train Accuracy: 99.01%
Validation Loss: 0.6125, Validation Accuracy: 85.89%
Model saved to models/resnet18-MNIST-BELIEF-balanced_by_score-0.95-2
Modified conv1: updated in_channels to 1.
Modified fc layer: updated out_features to 10.
Loaded weights from file: models/resnet18_MNIST_E1_2
Modified conv1: updated in_channels to 1.
Modified fc layer: updated out_features to 10.
Initialized untrained model.
resnet18-MNIST-BELIEF-median-0.3-2
[Epoch 1, Batch     2] loss: 0.037
[Epoch 1, Batch   102] loss: 0.266
[Epoch 1, Batch   202] loss: 0.123
[Epoch 1, Batch   302] loss: 0.089
[Epoch 1, Batch   402] loss: 0.092
[Epoch 1, Batch   502] loss: 0.075
[Epoch 1, Batch   602] loss: 0.056
Epoch 1/20:
Train Loss: 0.0037, Train Accuracy: 96.47%
Validation Loss: 0.8505, Validation Accuracy: 87.50%
[Epoch 2, Batch     2] loss: 0.001
[Epoch 2, Batch   102] loss: 0.047
[Epoch 2, Batch   202] loss: 0.046
[Epoch 2, Batch   302] loss: 0.039
[Epoch 2, Batch   402] loss: 0.063
[Epoch 2, Batch   502] loss: 0.046
[Epoch 2, Batch   602] loss: 0.030
Epoch 2/20:
Train Loss: 0.0039, Train Accuracy: 98.71%
Validation Loss: 0.9299, Validation Accuracy: 82.11%
[Epoch 3, Batch     2] loss: 0.000
[Epoch 3, Batch   102] loss: 0.041
[Epoch 3, Batch   202] loss: 0.040
[Epoch 3, Batch   302] loss: 0.045
[Epoch 3, Batch   402] loss: 0.031
[Epoch 3, Batch   502] loss: 0.025
[Epoch 3, Batch   602] loss: 0.031
Epoch 3/20:
Train Loss: 0.0027, Train Accuracy: 98.94%
Validation Loss: 0.5537, Validation Accuracy: 87.86%
[Epoch 4, Batch     2] loss: 0.000
[Epoch 4, Batch   102] loss: 0.027
[Epoch 4, Batch   202] loss: 0.031
[Epoch 4, Batch   302] loss: 0.025
[Epoch 4, Batch   402] loss: 0.034
[Epoch 4, Batch   502] loss: 0.030
[Epoch 4, Batch   602] loss: 0.029
Epoch 4/20:
Train Loss: 0.0030, Train Accuracy: 99.19%
Validation Loss: 0.4927, Validation Accuracy: 88.28%
[Epoch 5, Batch     2] loss: 0.000
[Epoch 5, Batch   102] loss: 0.027
[Epoch 5, Batch   202] loss: 0.026
[Epoch 5, Batch   302] loss: 0.032
[Epoch 5, Batch   402] loss: 0.022
[Epoch 5, Batch   502] loss: 0.024
[Epoch 5, Batch   602] loss: 0.029
Epoch 5/20:
Train Loss: 0.0023, Train Accuracy: 99.22%
Validation Loss: 0.5474, Validation Accuracy: 88.01%
[Epoch 6, Batch     2] loss: 0.000
[Epoch 6, Batch   102] loss: 0.023
[Epoch 6, Batch   202] loss: 0.031
[Epoch 6, Batch   302] loss: 0.029
[Epoch 6, Batch   402] loss: 0.024
[Epoch 6, Batch   502] loss: 0.025
[Epoch 6, Batch   602] loss: 0.025
Epoch 6/20:
Train Loss: 0.0018, Train Accuracy: 99.31%
Validation Loss: 0.5848, Validation Accuracy: 88.25%
[Epoch 7, Batch     2] loss: 0.000
[Epoch 7, Batch   102] loss: 0.015
[Epoch 7, Batch   202] loss: 0.029
[Epoch 7, Batch   302] loss: 0.019
[Epoch 7, Batch   402] loss: 0.022
[Epoch 7, Batch   502] loss: 0.015
[Epoch 7, Batch   602] loss: 0.033
Epoch 7/20:
Train Loss: 0.0031, Train Accuracy: 99.35%
Validation Loss: 0.6087, Validation Accuracy: 87.80%
[Epoch 8, Batch     2] loss: 0.000
[Epoch 8, Batch   102] loss: 0.012
[Epoch 8, Batch   202] loss: 0.018
[Epoch 8, Batch   302] loss: 0.032
[Epoch 8, Batch   402] loss: 0.018
[Epoch 8, Batch   502] loss: 0.028
[Epoch 8, Batch   602] loss: 0.025
Epoch 8/20:
Train Loss: 0.0013, Train Accuracy: 99.39%
Validation Loss: 0.5652, Validation Accuracy: 88.27%
[Epoch 9, Batch     2] loss: 0.000
[Epoch 9, Batch   102] loss: 0.019
[Epoch 9, Batch   202] loss: 0.019
[Epoch 9, Batch   302] loss: 0.021
[Epoch 9, Batch   402] loss: 0.020
[Epoch 9, Batch   502] loss: 0.024
[Epoch 9, Batch   602] loss: 0.033
Epoch 9/20:
Train Loss: 0.0011, Train Accuracy: 99.37%
Validation Loss: 0.4898, Validation Accuracy: 88.65%
[Epoch 10, Batch     2] loss: 0.000
[Epoch 10, Batch   102] loss: 0.011
[Epoch 10, Batch   202] loss: 0.017
[Epoch 10, Batch   302] loss: 0.021
[Epoch 10, Batch   402] loss: 0.026
[Epoch 10, Batch   502] loss: 0.014
[Epoch 10, Batch   602] loss: 0.011
Epoch 10/20:
Train Loss: 0.0020, Train Accuracy: 99.50%
Validation Loss: 0.5346, Validation Accuracy: 88.20%
[Epoch 11, Batch     2] loss: 0.000
[Epoch 11, Batch   102] loss: 0.013
[Epoch 11, Batch   202] loss: 0.015
[Epoch 11, Batch   302] loss: 0.013
[Epoch 11, Batch   402] loss: 0.018
[Epoch 11, Batch   502] loss: 0.024
[Epoch 11, Batch   602] loss: 0.023
Epoch 11/20:
Train Loss: 0.0012, Train Accuracy: 99.50%
Validation Loss: 0.4922, Validation Accuracy: 88.70%
[Epoch 12, Batch     2] loss: 0.000
[Epoch 12, Batch   102] loss: 0.010
[Epoch 12, Batch   202] loss: 0.013
[Epoch 12, Batch   302] loss: 0.012
[Epoch 12, Batch   402] loss: 0.024
[Epoch 12, Batch   502] loss: 0.023
[Epoch 12, Batch   602] loss: 0.015
Epoch 12/20:
Train Loss: 0.0015, Train Accuracy: 99.53%
Validation Loss: 0.4573, Validation Accuracy: 88.32%
[Epoch 13, Batch     2] loss: 0.000
[Epoch 13, Batch   102] loss: 0.017
[Epoch 13, Batch   202] loss: 0.015
[Epoch 13, Batch   302] loss: 0.010
[Epoch 13, Batch   402] loss: 0.009
[Epoch 13, Batch   502] loss: 0.020
[Epoch 13, Batch   602] loss: 0.018
Epoch 13/20:
Train Loss: 0.0018, Train Accuracy: 99.55%
Validation Loss: 0.5016, Validation Accuracy: 87.70%
[Epoch 14, Batch     2] loss: 0.000
[Epoch 14, Batch   102] loss: 0.006
[Epoch 14, Batch   202] loss: 0.009
[Epoch 14, Batch   302] loss: 0.014
[Epoch 14, Batch   402] loss: 0.011
[Epoch 14, Batch   502] loss: 0.024
[Epoch 14, Batch   602] loss: 0.011
Epoch 14/20:
Train Loss: 0.0019, Train Accuracy: 99.64%
Validation Loss: 0.5335, Validation Accuracy: 88.69%
[Epoch 15, Batch     2] loss: 0.000
[Epoch 15, Batch   102] loss: 0.015
[Epoch 15, Batch   202] loss: 0.006
[Epoch 15, Batch   302] loss: 0.013
[Epoch 15, Batch   402] loss: 0.024
[Epoch 15, Batch   502] loss: 0.015
[Epoch 15, Batch   602] loss: 0.017
Epoch 15/20:
Train Loss: 0.0011, Train Accuracy: 99.60%
Validation Loss: 0.5021, Validation Accuracy: 88.74%
[Epoch 16, Batch     2] loss: 0.000
[Epoch 16, Batch   102] loss: 0.013
[Epoch 16, Batch   202] loss: 0.012
[Epoch 16, Batch   302] loss: 0.013
[Epoch 16, Batch   402] loss: 0.012
[Epoch 16, Batch   502] loss: 0.010
[Epoch 16, Batch   602] loss: 0.014
Epoch 16/20:
Train Loss: 0.0013, Train Accuracy: 99.65%
Validation Loss: 0.5458, Validation Accuracy: 88.71%
[Epoch 17, Batch     2] loss: 0.000
[Epoch 17, Batch   102] loss: 0.013
[Epoch 17, Batch   202] loss: 0.015
[Epoch 17, Batch   302] loss: 0.008
[Epoch 17, Batch   402] loss: 0.015
[Epoch 17, Batch   502] loss: 0.015
[Epoch 17, Batch   602] loss: 0.011
Epoch 17/20:
Train Loss: 0.0007, Train Accuracy: 99.65%
Validation Loss: 0.5695, Validation Accuracy: 88.64%
[Epoch 18, Batch     2] loss: 0.000
[Epoch 18, Batch   102] loss: 0.011
[Epoch 18, Batch   202] loss: 0.010
[Epoch 18, Batch   302] loss: 0.013
[Epoch 18, Batch   402] loss: 0.008
[Epoch 18, Batch   502] loss: 0.021
[Epoch 18, Batch   602] loss: 0.017
Epoch 18/20:
Train Loss: 0.0005, Train Accuracy: 99.66%
Validation Loss: 0.4924, Validation Accuracy: 88.96%
[Epoch 19, Batch     2] loss: 0.000
[Epoch 19, Batch   102] loss: 0.008
[Epoch 19, Batch   202] loss: 0.015
[Epoch 19, Batch   302] loss: 0.014
[Epoch 19, Batch   402] loss: 0.008
[Epoch 19, Batch   502] loss: 0.005
[Epoch 19, Batch   602] loss: 0.011
Epoch 19/20:
Train Loss: 0.0011, Train Accuracy: 99.70%
Validation Loss: 0.4439, Validation Accuracy: 88.75%
[Epoch 20, Batch     2] loss: 0.000
[Epoch 20, Batch   102] loss: 0.008
[Epoch 20, Batch   202] loss: 0.012
[Epoch 20, Batch   302] loss: 0.016
[Epoch 20, Batch   402] loss: 0.010
[Epoch 20, Batch   502] loss: 0.011
[Epoch 20, Batch   602] loss: 0.007
Epoch 20/20:
Train Loss: 0.0008, Train Accuracy: 99.72%
Validation Loss: 0.4322, Validation Accuracy: 88.20%
Model saved to models/resnet18-MNIST-BELIEF-median-0.3-2
Modified conv1: updated in_channels to 1.
Modified fc layer: updated out_features to 10.
Initialized untrained model.
resnet18-MNIST-BELIEF-median-0.5-2
[Epoch 1, Batch     2] loss: 0.040
[Epoch 1, Batch   102] loss: 0.176
[Epoch 1, Batch   202] loss: 0.093
[Epoch 1, Batch   302] loss: 0.079
[Epoch 1, Batch   402] loss: 0.042
Epoch 1/20:
Train Loss: 0.0096, Train Accuracy: 96.88%
Validation Loss: 1.7301, Validation Accuracy: 74.76%
[Epoch 2, Batch     2] loss: 0.000
[Epoch 2, Batch   102] loss: 0.050
[Epoch 2, Batch   202] loss: 0.045
[Epoch 2, Batch   302] loss: 0.036
[Epoch 2, Batch   402] loss: 0.043
Epoch 2/20:
Train Loss: 0.0050, Train Accuracy: 98.86%
Validation Loss: 1.3732, Validation Accuracy: 73.86%
[Epoch 3, Batch     2] loss: 0.001
[Epoch 3, Batch   102] loss: 0.041
[Epoch 3, Batch   202] loss: 0.030
[Epoch 3, Batch   302] loss: 0.029
[Epoch 3, Batch   402] loss: 0.033
Epoch 3/20:
Train Loss: 0.0037, Train Accuracy: 99.06%
Validation Loss: 1.3166, Validation Accuracy: 76.87%
[Epoch 4, Batch     2] loss: 0.001
[Epoch 4, Batch   102] loss: 0.019
[Epoch 4, Batch   202] loss: 0.020
[Epoch 4, Batch   302] loss: 0.028
[Epoch 4, Batch   402] loss: 0.030
Epoch 4/20:
Train Loss: 0.0047, Train Accuracy: 99.30%
Validation Loss: 1.3505, Validation Accuracy: 77.86%
[Epoch 5, Batch     2] loss: 0.000
[Epoch 5, Batch   102] loss: 0.019
[Epoch 5, Batch   202] loss: 0.015
[Epoch 5, Batch   302] loss: 0.025
[Epoch 5, Batch   402] loss: 0.032
Epoch 5/20:
Train Loss: 0.0027, Train Accuracy: 99.39%
Validation Loss: 1.2538, Validation Accuracy: 75.00%
[Epoch 6, Batch     2] loss: 0.000
[Epoch 6, Batch   102] loss: 0.021
[Epoch 6, Batch   202] loss: 0.020
[Epoch 6, Batch   302] loss: 0.019
[Epoch 6, Batch   402] loss: 0.019
Epoch 6/20:
Train Loss: 0.0035, Train Accuracy: 99.42%
Validation Loss: 1.0996, Validation Accuracy: 77.71%
[Epoch 7, Batch     2] loss: 0.000
[Epoch 7, Batch   102] loss: 0.030
[Epoch 7, Batch   202] loss: 0.016
[Epoch 7, Batch   302] loss: 0.016
[Epoch 7, Batch   402] loss: 0.022
Epoch 7/20:
Train Loss: 0.0038, Train Accuracy: 99.40%
Validation Loss: 1.3378, Validation Accuracy: 78.78%
[Epoch 8, Batch     2] loss: 0.001
[Epoch 8, Batch   102] loss: 0.014
[Epoch 8, Batch   202] loss: 0.021
[Epoch 8, Batch   302] loss: 0.019
[Epoch 8, Batch   402] loss: 0.018
Epoch 8/20:
Train Loss: 0.0028, Train Accuracy: 99.52%
Validation Loss: 1.0428, Validation Accuracy: 78.82%
[Epoch 9, Batch     2] loss: 0.000
[Epoch 9, Batch   102] loss: 0.019
[Epoch 9, Batch   202] loss: 0.022
[Epoch 9, Batch   302] loss: 0.013
[Epoch 9, Batch   402] loss: 0.015
Epoch 9/20:
Train Loss: 0.0045, Train Accuracy: 99.45%
Validation Loss: 1.1528, Validation Accuracy: 78.40%
[Epoch 10, Batch     2] loss: 0.001
[Epoch 10, Batch   102] loss: 0.011
[Epoch 10, Batch   202] loss: 0.017
[Epoch 10, Batch   302] loss: 0.019
[Epoch 10, Batch   402] loss: 0.020
Epoch 10/20:
Train Loss: 0.0043, Train Accuracy: 99.49%
Validation Loss: 1.0520, Validation Accuracy: 78.85%
[Epoch 11, Batch     2] loss: 0.000
[Epoch 11, Batch   102] loss: 0.011
[Epoch 11, Batch   202] loss: 0.017
[Epoch 11, Batch   302] loss: 0.013
[Epoch 11, Batch   402] loss: 0.020
Epoch 11/20:
Train Loss: 0.0027, Train Accuracy: 99.56%
Validation Loss: 1.0949, Validation Accuracy: 78.52%
[Epoch 12, Batch     2] loss: 0.000
[Epoch 12, Batch   102] loss: 0.016
[Epoch 12, Batch   202] loss: 0.020
[Epoch 12, Batch   302] loss: 0.023
[Epoch 12, Batch   402] loss: 0.015
Epoch 12/20:
Train Loss: 0.0026, Train Accuracy: 99.50%
Validation Loss: 1.1566, Validation Accuracy: 78.29%
[Epoch 13, Batch     2] loss: 0.000
[Epoch 13, Batch   102] loss: 0.016
[Epoch 13, Batch   202] loss: 0.014
[Epoch 13, Batch   302] loss: 0.010
[Epoch 13, Batch   402] loss: 0.018
Epoch 13/20:
Train Loss: 0.0026, Train Accuracy: 99.61%
Validation Loss: 1.2006, Validation Accuracy: 78.87%
[Epoch 14, Batch     2] loss: 0.000
[Epoch 14, Batch   102] loss: 0.010
[Epoch 14, Batch   202] loss: 0.016
[Epoch 14, Batch   302] loss: 0.016
[Epoch 14, Batch   402] loss: 0.014
Epoch 14/20:
Train Loss: 0.0020, Train Accuracy: 99.64%
Validation Loss: 1.1125, Validation Accuracy: 78.43%
[Epoch 15, Batch     2] loss: 0.000
[Epoch 15, Batch   102] loss: 0.017
[Epoch 15, Batch   202] loss: 0.010
[Epoch 15, Batch   302] loss: 0.015
[Epoch 15, Batch   402] loss: 0.011
Epoch 15/20:
Train Loss: 0.0012, Train Accuracy: 99.72%
Validation Loss: 1.1258, Validation Accuracy: 78.61%
[Epoch 16, Batch     2] loss: 0.000
[Epoch 16, Batch   102] loss: 0.013
[Epoch 16, Batch   202] loss: 0.013
[Epoch 16, Batch   302] loss: 0.021
[Epoch 16, Batch   402] loss: 0.014
Epoch 16/20:
Train Loss: 0.0041, Train Accuracy: 99.56%
Validation Loss: 1.6492, Validation Accuracy: 78.49%
[Epoch 17, Batch     2] loss: 0.001
[Epoch 17, Batch   102] loss: 0.009
[Epoch 17, Batch   202] loss: 0.017
[Epoch 17, Batch   302] loss: 0.008
[Epoch 17, Batch   402] loss: 0.012
Epoch 17/20:
Train Loss: 0.0015, Train Accuracy: 99.69%
Validation Loss: 1.1772, Validation Accuracy: 78.68%
[Epoch 18, Batch     2] loss: 0.000
[Epoch 18, Batch   102] loss: 0.008
[Epoch 18, Batch   202] loss: 0.015
[Epoch 18, Batch   302] loss: 0.017
[Epoch 18, Batch   402] loss: 0.021
Epoch 18/20:
Train Loss: 0.0021, Train Accuracy: 99.59%
Validation Loss: 1.0128, Validation Accuracy: 79.00%
[Epoch 19, Batch     2] loss: 0.000
[Epoch 19, Batch   102] loss: 0.006
[Epoch 19, Batch   202] loss: 0.010
[Epoch 19, Batch   302] loss: 0.008
[Epoch 19, Batch   402] loss: 0.008
Epoch 19/20:
Train Loss: 0.0010, Train Accuracy: 99.80%
Validation Loss: 1.1773, Validation Accuracy: 78.87%
[Epoch 20, Batch     2] loss: 0.000
[Epoch 20, Batch   102] loss: 0.009
[Epoch 20, Batch   202] loss: 0.006
[Epoch 20, Batch   302] loss: 0.019
[Epoch 20, Batch   402] loss: 0.013
Epoch 20/20:
Train Loss: 0.0018, Train Accuracy: 99.69%
Validation Loss: 1.3777, Validation Accuracy: 77.85%
Model saved to models/resnet18-MNIST-BELIEF-median-0.5-2
Modified conv1: updated in_channels to 1.
Modified fc layer: updated out_features to 10.
Initialized untrained model.
resnet18-MNIST-BELIEF-median-0.7-2
[Epoch 1, Batch     2] loss: 0.035
[Epoch 1, Batch   102] loss: 0.171
[Epoch 1, Batch   202] loss: 0.082
Epoch 1/20:
Train Loss: 0.0210, Train Accuracy: 96.66%
Validation Loss: 1.7879, Validation Accuracy: 68.19%
[Epoch 2, Batch     2] loss: 0.002
[Epoch 2, Batch   102] loss: 0.045
[Epoch 2, Batch   202] loss: 0.046
Epoch 2/20:
Train Loss: 0.0186, Train Accuracy: 98.55%
Validation Loss: 1.6956, Validation Accuracy: 72.29%
[Epoch 3, Batch     2] loss: 0.000
[Epoch 3, Batch   102] loss: 0.033
[Epoch 3, Batch   202] loss: 0.035
Epoch 3/20:
Train Loss: 0.0123, Train Accuracy: 98.99%
Validation Loss: 1.4522, Validation Accuracy: 73.34%
[Epoch 4, Batch     2] loss: 0.001
[Epoch 4, Batch   102] loss: 0.032
[Epoch 4, Batch   202] loss: 0.029
Epoch 4/20:
Train Loss: 0.0071, Train Accuracy: 99.14%
Validation Loss: 1.6040, Validation Accuracy: 75.07%
[Epoch 5, Batch     2] loss: 0.002
[Epoch 5, Batch   102] loss: 0.025
[Epoch 5, Batch   202] loss: 0.025
Epoch 5/20:
Train Loss: 0.0100, Train Accuracy: 99.17%
Validation Loss: 1.5094, Validation Accuracy: 75.41%
[Epoch 6, Batch     2] loss: 0.000
[Epoch 6, Batch   102] loss: 0.023
[Epoch 6, Batch   202] loss: 0.027
Epoch 6/20:
Train Loss: 0.0073, Train Accuracy: 99.35%
Validation Loss: 1.4744, Validation Accuracy: 76.88%
[Epoch 7, Batch     2] loss: 0.000
[Epoch 7, Batch   102] loss: 0.019
[Epoch 7, Batch   202] loss: 0.015
Epoch 7/20:
Train Loss: 0.0077, Train Accuracy: 99.53%
Validation Loss: 1.5218, Validation Accuracy: 75.63%
[Epoch 8, Batch     2] loss: 0.000
[Epoch 8, Batch   102] loss: 0.017
[Epoch 8, Batch   202] loss: 0.013
Epoch 8/20:
Train Loss: 0.0058, Train Accuracy: 99.59%
Validation Loss: 1.3056, Validation Accuracy: 77.19%
[Epoch 9, Batch     2] loss: 0.001
[Epoch 9, Batch   102] loss: 0.023
[Epoch 9, Batch   202] loss: 0.030
Epoch 9/20:
Train Loss: 0.0061, Train Accuracy: 99.28%
Validation Loss: 1.3700, Validation Accuracy: 76.31%
[Epoch 10, Batch     2] loss: 0.000
[Epoch 10, Batch   102] loss: 0.008
[Epoch 10, Batch   202] loss: 0.023
Epoch 10/20:
Train Loss: 0.0072, Train Accuracy: 99.48%
Validation Loss: 1.3829, Validation Accuracy: 77.08%
[Epoch 11, Batch     2] loss: 0.000
[Epoch 11, Batch   102] loss: 0.027
[Epoch 11, Batch   202] loss: 0.019
Epoch 11/20:
Train Loss: 0.0056, Train Accuracy: 99.42%
Validation Loss: 1.3375, Validation Accuracy: 77.90%
[Epoch 12, Batch     2] loss: 0.000
[Epoch 12, Batch   102] loss: 0.016
[Epoch 12, Batch   202] loss: 0.022
Epoch 12/20:
Train Loss: 0.0049, Train Accuracy: 99.50%
Validation Loss: 1.4751, Validation Accuracy: 72.59%
[Epoch 13, Batch     2] loss: 0.000
[Epoch 13, Batch   102] loss: 0.010
[Epoch 13, Batch   202] loss: 0.015
Epoch 13/20:
Train Loss: 0.0062, Train Accuracy: 99.57%
Validation Loss: 1.9887, Validation Accuracy: 71.18%
[Epoch 14, Batch     2] loss: 0.001
[Epoch 14, Batch   102] loss: 0.018
[Epoch 14, Batch   202] loss: 0.018
Epoch 14/20:
Train Loss: 0.0061, Train Accuracy: 99.49%
Validation Loss: 1.3521, Validation Accuracy: 74.72%
[Epoch 15, Batch     2] loss: 0.000
[Epoch 15, Batch   102] loss: 0.014
[Epoch 15, Batch   202] loss: 0.018
Epoch 15/20:
Train Loss: 0.0068, Train Accuracy: 99.46%
Validation Loss: 1.3402, Validation Accuracy: 71.73%
[Epoch 16, Batch     2] loss: 0.001
[Epoch 16, Batch   102] loss: 0.011
[Epoch 16, Batch   202] loss: 0.013
Epoch 16/20:
Train Loss: 0.0060, Train Accuracy: 99.61%
Validation Loss: 1.2072, Validation Accuracy: 78.29%
[Epoch 17, Batch     2] loss: 0.000
[Epoch 17, Batch   102] loss: 0.013
[Epoch 17, Batch   202] loss: 0.013
Epoch 17/20:
Train Loss: 0.0046, Train Accuracy: 99.61%
Validation Loss: 1.2050, Validation Accuracy: 76.18%
[Epoch 18, Batch     2] loss: 0.000
[Epoch 18, Batch   102] loss: 0.018
[Epoch 18, Batch   202] loss: 0.019
Epoch 18/20:
Train Loss: 0.0061, Train Accuracy: 99.47%
Validation Loss: 1.3295, Validation Accuracy: 78.07%
[Epoch 19, Batch     2] loss: 0.000
[Epoch 19, Batch   102] loss: 0.013
[Epoch 19, Batch   202] loss: 0.012
Epoch 19/20:
Train Loss: 0.0044, Train Accuracy: 99.63%
Validation Loss: 1.2872, Validation Accuracy: 76.15%
[Epoch 20, Batch     2] loss: 0.000
[Epoch 20, Batch   102] loss: 0.012
[Epoch 20, Batch   202] loss: 0.015
Epoch 20/20:
Train Loss: 0.0067, Train Accuracy: 99.53%
Validation Loss: 0.9968, Validation Accuracy: 77.30%
Model saved to models/resnet18-MNIST-BELIEF-median-0.7-2
Modified conv1: updated in_channels to 1.
Modified fc layer: updated out_features to 10.
Initialized untrained model.
resnet18-MNIST-BELIEF-median-0.8-2
[Epoch 1, Batch     2] loss: 0.043
[Epoch 1, Batch   102] loss: 0.167
Epoch 1/20:
Train Loss: 0.0394, Train Accuracy: 95.64%
Validation Loss: 2.8940, Validation Accuracy: 55.57%
[Epoch 2, Batch     2] loss: 0.001
[Epoch 2, Batch   102] loss: 0.065
Epoch 2/20:
Train Loss: 0.0310, Train Accuracy: 98.13%
Validation Loss: 2.0487, Validation Accuracy: 61.33%
[Epoch 3, Batch     2] loss: 0.002
[Epoch 3, Batch   102] loss: 0.051
Epoch 3/20:
Train Loss: 0.0160, Train Accuracy: 98.72%
Validation Loss: 2.4689, Validation Accuracy: 62.16%
[Epoch 4, Batch     2] loss: 0.001
[Epoch 4, Batch   102] loss: 0.031
Epoch 4/20:
Train Loss: 0.0140, Train Accuracy: 99.11%
Validation Loss: 1.8940, Validation Accuracy: 72.51%
[Epoch 5, Batch     2] loss: 0.001
[Epoch 5, Batch   102] loss: 0.045
Epoch 5/20:
Train Loss: 0.0182, Train Accuracy: 98.81%
Validation Loss: 1.5254, Validation Accuracy: 73.41%
[Epoch 6, Batch     2] loss: 0.001
[Epoch 6, Batch   102] loss: 0.024
Epoch 6/20:
Train Loss: 0.0119, Train Accuracy: 99.34%
Validation Loss: 1.6755, Validation Accuracy: 70.40%
[Epoch 7, Batch     2] loss: 0.001
[Epoch 7, Batch   102] loss: 0.029
Epoch 7/20:
Train Loss: 0.0134, Train Accuracy: 99.07%
Validation Loss: 2.0621, Validation Accuracy: 69.14%
[Epoch 8, Batch     2] loss: 0.000
[Epoch 8, Batch   102] loss: 0.027
Epoch 8/20:
Train Loss: 0.0086, Train Accuracy: 99.42%
Validation Loss: 1.8844, Validation Accuracy: 69.69%
[Epoch 9, Batch     2] loss: 0.000
[Epoch 9, Batch   102] loss: 0.016
Epoch 9/20:
Train Loss: 0.0104, Train Accuracy: 99.42%
Validation Loss: 1.2642, Validation Accuracy: 72.99%
[Epoch 10, Batch     2] loss: 0.000
[Epoch 10, Batch   102] loss: 0.023
Epoch 10/20:
Train Loss: 0.0074, Train Accuracy: 99.42%
Validation Loss: 1.5143, Validation Accuracy: 76.10%
[Epoch 11, Batch     2] loss: 0.000
[Epoch 11, Batch   102] loss: 0.011
Epoch 11/20:
Train Loss: 0.0121, Train Accuracy: 99.45%
Validation Loss: 1.4380, Validation Accuracy: 69.65%
[Epoch 12, Batch     2] loss: 0.000
[Epoch 12, Batch   102] loss: 0.022
Epoch 12/20:
Train Loss: 0.0105, Train Accuracy: 99.36%
Validation Loss: 1.7178, Validation Accuracy: 66.43%
[Epoch 13, Batch     2] loss: 0.000
[Epoch 13, Batch   102] loss: 0.020
Epoch 13/20:
Train Loss: 0.0096, Train Accuracy: 99.44%
Validation Loss: 1.8647, Validation Accuracy: 70.55%
[Epoch 14, Batch     2] loss: 0.000
[Epoch 14, Batch   102] loss: 0.014
Epoch 14/20:
Train Loss: 0.0087, Train Accuracy: 99.56%
Validation Loss: 1.3541, Validation Accuracy: 76.44%
[Epoch 15, Batch     2] loss: 0.000
[Epoch 15, Batch   102] loss: 0.012
Epoch 15/20:
Train Loss: 0.0077, Train Accuracy: 99.66%
Validation Loss: 1.7085, Validation Accuracy: 72.35%
[Epoch 16, Batch     2] loss: 0.000
[Epoch 16, Batch   102] loss: 0.034
Epoch 16/20:
Train Loss: 0.0112, Train Accuracy: 99.29%
Validation Loss: 1.7166, Validation Accuracy: 67.27%
[Epoch 17, Batch     2] loss: 0.000
[Epoch 17, Batch   102] loss: 0.020
Epoch 17/20:
Train Loss: 0.0084, Train Accuracy: 99.50%
Validation Loss: 1.6938, Validation Accuracy: 73.34%
[Epoch 18, Batch     2] loss: 0.001
[Epoch 18, Batch   102] loss: 0.014
Epoch 18/20:
Train Loss: 0.0066, Train Accuracy: 99.62%
Validation Loss: 1.8244, Validation Accuracy: 67.56%
[Epoch 19, Batch     2] loss: 0.001
[Epoch 19, Batch   102] loss: 0.020
Epoch 19/20:
Train Loss: 0.0050, Train Accuracy: 99.56%
Validation Loss: 1.5005, Validation Accuracy: 71.69%
[Epoch 20, Batch     2] loss: 0.000
[Epoch 20, Batch   102] loss: 0.014
Epoch 20/20:
Train Loss: 0.0051, Train Accuracy: 99.62%
Validation Loss: 1.6094, Validation Accuracy: 76.40%
Model saved to models/resnet18-MNIST-BELIEF-median-0.8-2
Modified conv1: updated in_channels to 1.
Modified fc layer: updated out_features to 10.
Initialized untrained model.
resnet18-MNIST-BELIEF-median-0.9-2
[Epoch 1, Batch     2] loss: 0.055
Epoch 1/20:
Train Loss: 0.1914, Train Accuracy: 92.96%
Validation Loss: 2.3067, Validation Accuracy: 51.66%
[Epoch 2, Batch     2] loss: 0.001
Epoch 2/20:
Train Loss: 0.0715, Train Accuracy: 98.10%
Validation Loss: 2.9408, Validation Accuracy: 55.41%
[Epoch 3, Batch     2] loss: 0.000
Epoch 3/20:
Train Loss: 0.0651, Train Accuracy: 98.10%
Validation Loss: 2.6188, Validation Accuracy: 54.64%
[Epoch 4, Batch     2] loss: 0.004
Epoch 4/20:
Train Loss: 0.0524, Train Accuracy: 98.19%
Validation Loss: 2.3573, Validation Accuracy: 63.56%
[Epoch 5, Batch     2] loss: 0.001
Epoch 5/20:
Train Loss: 0.0296, Train Accuracy: 99.14%
Validation Loss: 2.3907, Validation Accuracy: 61.92%
[Epoch 6, Batch     2] loss: 0.001
Epoch 6/20:
Train Loss: 0.0430, Train Accuracy: 98.79%
Validation Loss: 2.3353, Validation Accuracy: 58.27%
[Epoch 7, Batch     2] loss: 0.001
Epoch 7/20:
Train Loss: 0.0244, Train Accuracy: 99.23%
Validation Loss: 2.1729, Validation Accuracy: 59.59%
[Epoch 8, Batch     2] loss: 0.000
Epoch 8/20:
Train Loss: 0.0279, Train Accuracy: 99.26%
Validation Loss: 2.1969, Validation Accuracy: 61.27%
[Epoch 9, Batch     2] loss: 0.001
Epoch 9/20:
Train Loss: 0.0221, Train Accuracy: 99.33%
Validation Loss: 2.2640, Validation Accuracy: 67.92%
[Epoch 10, Batch     2] loss: 0.001
Epoch 10/20:
Train Loss: 0.0251, Train Accuracy: 99.33%
Validation Loss: 3.0033, Validation Accuracy: 64.38%
[Epoch 11, Batch     2] loss: 0.001
Epoch 11/20:
Train Loss: 0.0184, Train Accuracy: 99.38%
Validation Loss: 1.7504, Validation Accuracy: 68.58%
[Epoch 12, Batch     2] loss: 0.001
Epoch 12/20:
Train Loss: 0.0183, Train Accuracy: 99.43%
Validation Loss: 2.1126, Validation Accuracy: 67.02%
[Epoch 13, Batch     2] loss: 0.000
Epoch 13/20:
Train Loss: 0.0148, Train Accuracy: 99.58%
Validation Loss: 2.6078, Validation Accuracy: 60.63%
[Epoch 14, Batch     2] loss: 0.000
Epoch 14/20:
Train Loss: 0.0156, Train Accuracy: 99.51%
Validation Loss: 2.1481, Validation Accuracy: 66.83%
[Epoch 15, Batch     2] loss: 0.000
Epoch 15/20:
Train Loss: 0.0160, Train Accuracy: 99.43%
Validation Loss: 2.1662, Validation Accuracy: 67.36%
[Epoch 16, Batch     2] loss: 0.000
Epoch 16/20:
Train Loss: 0.0087, Train Accuracy: 99.78%
Validation Loss: 1.9211, Validation Accuracy: 68.62%
[Epoch 17, Batch     2] loss: 0.000
Epoch 17/20:
Train Loss: 0.0136, Train Accuracy: 99.56%
Validation Loss: 2.6014, Validation Accuracy: 62.51%
[Epoch 18, Batch     2] loss: 0.000
Epoch 18/20:
Train Loss: 0.0117, Train Accuracy: 99.60%
Validation Loss: 2.3097, Validation Accuracy: 65.39%
[Epoch 19, Batch     2] loss: 0.000
Epoch 19/20:
Train Loss: 0.0075, Train Accuracy: 99.68%
Validation Loss: 1.9041, Validation Accuracy: 69.06%
[Epoch 20, Batch     2] loss: 0.000
Epoch 20/20:
Train Loss: 0.0058, Train Accuracy: 99.83%
Validation Loss: 1.9650, Validation Accuracy: 72.54%
Model saved to models/resnet18-MNIST-BELIEF-median-0.9-2
Modified conv1: updated in_channels to 1.
Modified fc layer: updated out_features to 10.
Initialized untrained model.
resnet18-MNIST-BELIEF-median-0.95-2
[Epoch 1, Batch     2] loss: 0.043
Epoch 1/20:
Train Loss: 0.2367, Train Accuracy: 91.13%
Validation Loss: 4.6067, Validation Accuracy: 30.75%
[Epoch 2, Batch     2] loss: 0.005
Epoch 2/20:
Train Loss: 0.0690, Train Accuracy: 97.72%
Validation Loss: 4.0305, Validation Accuracy: 43.41%
[Epoch 3, Batch     2] loss: 0.001
Epoch 3/20:
Train Loss: 0.0450, Train Accuracy: 98.71%
Validation Loss: 4.1381, Validation Accuracy: 39.86%
[Epoch 4, Batch     2] loss: 0.000
Epoch 4/20:
Train Loss: 0.0463, Train Accuracy: 98.47%
Validation Loss: 2.9490, Validation Accuracy: 42.80%
[Epoch 5, Batch     2] loss: 0.001
Epoch 5/20:
Train Loss: 0.0329, Train Accuracy: 98.95%
Validation Loss: 3.0503, Validation Accuracy: 52.29%
[Epoch 6, Batch     2] loss: 0.000
Epoch 6/20:
Train Loss: 0.0395, Train Accuracy: 98.81%
Validation Loss: 3.8260, Validation Accuracy: 48.84%
[Epoch 7, Batch     2] loss: 0.000
Epoch 7/20:
Train Loss: 0.0228, Train Accuracy: 99.42%
Validation Loss: 2.3695, Validation Accuracy: 51.78%
[Epoch 8, Batch     2] loss: 0.000
Epoch 8/20:
Train Loss: 0.0277, Train Accuracy: 99.08%
Validation Loss: 3.6492, Validation Accuracy: 48.29%
[Epoch 9, Batch     2] loss: 0.000
Epoch 9/20:
Train Loss: 0.0215, Train Accuracy: 99.29%
Validation Loss: 4.0836, Validation Accuracy: 44.52%
[Epoch 10, Batch     2] loss: 0.000
Epoch 10/20:
Train Loss: 0.0295, Train Accuracy: 99.15%
Validation Loss: 3.0172, Validation Accuracy: 49.34%
[Epoch 11, Batch     2] loss: 0.000
Epoch 11/20:
Train Loss: 0.0174, Train Accuracy: 99.56%
Validation Loss: 2.8374, Validation Accuracy: 58.99%
[Epoch 12, Batch     2] loss: 0.000
Epoch 12/20:
Train Loss: 0.0109, Train Accuracy: 99.56%
Validation Loss: 3.2048, Validation Accuracy: 55.65%
[Epoch 13, Batch     2] loss: 0.000
Epoch 13/20:
Train Loss: 0.0081, Train Accuracy: 99.73%
Validation Loss: 4.4717, Validation Accuracy: 53.64%
[Epoch 14, Batch     2] loss: 0.000
Epoch 14/20:
Train Loss: 0.0246, Train Accuracy: 99.25%
Validation Loss: 3.4518, Validation Accuracy: 53.47%
[Epoch 15, Batch     2] loss: 0.000
Epoch 15/20:
Train Loss: 0.0243, Train Accuracy: 99.39%
Validation Loss: 2.8398, Validation Accuracy: 55.84%
[Epoch 16, Batch     2] loss: 0.000
Epoch 16/20:
Train Loss: 0.0110, Train Accuracy: 99.73%
Validation Loss: 3.8245, Validation Accuracy: 55.50%
[Epoch 17, Batch     2] loss: 0.000
Epoch 17/20:
Train Loss: 0.0061, Train Accuracy: 99.73%
Validation Loss: 2.8969, Validation Accuracy: 59.82%
[Epoch 18, Batch     2] loss: 0.000
Epoch 18/20:
Train Loss: 0.0240, Train Accuracy: 99.46%
Validation Loss: 2.8118, Validation Accuracy: 58.65%
[Epoch 19, Batch     2] loss: 0.000
Epoch 19/20:
Train Loss: 0.0129, Train Accuracy: 99.63%
Validation Loss: 2.6740, Validation Accuracy: 61.31%
[Epoch 20, Batch     2] loss: 0.000
Epoch 20/20:
Train Loss: 0.0164, Train Accuracy: 99.49%
Validation Loss: 3.5851, Validation Accuracy: 53.48%
Model saved to models/resnet18-MNIST-BELIEF-median-0.95-2
Modified conv1: updated in_channels to 1.
Modified fc layer: updated out_features to 10.
Loaded weights from file: models/resnet18_MNIST_E1_2
Modified conv1: updated in_channels to 1.
Modified fc layer: updated out_features to 10.
Initialized untrained model.
resnet18-MNIST-BELIEF-balanced_by_score1-0.3-2
[Epoch 1, Batch     2] loss: 0.045
[Epoch 1, Batch   102] loss: 0.350
[Epoch 1, Batch   202] loss: 0.161
[Epoch 1, Batch   302] loss: 0.126
[Epoch 1, Batch   402] loss: 0.135
[Epoch 1, Batch   502] loss: 0.112
[Epoch 1, Batch   602] loss: 0.089
Epoch 1/20:
Train Loss: 0.0095, Train Accuracy: 94.85%
Validation Loss: 0.0739, Validation Accuracy: 97.71%
[Epoch 2, Batch     2] loss: 0.002
[Epoch 2, Batch   102] loss: 0.074
[Epoch 2, Batch   202] loss: 0.068
[Epoch 2, Batch   302] loss: 0.073
[Epoch 2, Batch   402] loss: 0.075
[Epoch 2, Batch   502] loss: 0.084
[Epoch 2, Batch   602] loss: 0.074
Epoch 2/20:
Train Loss: 0.0077, Train Accuracy: 97.68%
Validation Loss: 0.2162, Validation Accuracy: 93.41%
[Epoch 3, Batch     2] loss: 0.003
[Epoch 3, Batch   102] loss: 0.060
[Epoch 3, Batch   202] loss: 0.068
[Epoch 3, Batch   302] loss: 0.047
[Epoch 3, Batch   402] loss: 0.049
[Epoch 3, Batch   502] loss: 0.058
[Epoch 3, Batch   602] loss: 0.049
Epoch 3/20:
Train Loss: 0.0056, Train Accuracy: 98.35%
Validation Loss: 0.0803, Validation Accuracy: 97.49%
[Epoch 4, Batch     2] loss: 0.001
[Epoch 4, Batch   102] loss: 0.049
[Epoch 4, Batch   202] loss: 0.045
[Epoch 4, Batch   302] loss: 0.050
[Epoch 4, Batch   402] loss: 0.055
[Epoch 4, Batch   502] loss: 0.048
[Epoch 4, Batch   602] loss: 0.056
Epoch 4/20:
Train Loss: 0.0056, Train Accuracy: 98.44%
Validation Loss: 0.0458, Validation Accuracy: 98.53%
[Epoch 5, Batch     2] loss: 0.000
[Epoch 5, Batch   102] loss: 0.050
[Epoch 5, Batch   202] loss: 0.039
[Epoch 5, Batch   302] loss: 0.046
[Epoch 5, Batch   402] loss: 0.046
[Epoch 5, Batch   502] loss: 0.036
[Epoch 5, Batch   602] loss: 0.050
Epoch 5/20:
Train Loss: 0.0043, Train Accuracy: 98.64%
Validation Loss: 0.0695, Validation Accuracy: 97.78%
[Epoch 6, Batch     2] loss: 0.000
[Epoch 6, Batch   102] loss: 0.037
[Epoch 6, Batch   202] loss: 0.047
[Epoch 6, Batch   302] loss: 0.046
[Epoch 6, Batch   402] loss: 0.044
[Epoch 6, Batch   502] loss: 0.035
[Epoch 6, Batch   602] loss: 0.039
Epoch 6/20:
Train Loss: 0.0028, Train Accuracy: 98.79%
Validation Loss: 0.0400, Validation Accuracy: 98.77%
[Epoch 7, Batch     2] loss: 0.000
[Epoch 7, Batch   102] loss: 0.037
[Epoch 7, Batch   202] loss: 0.045
[Epoch 7, Batch   302] loss: 0.036
[Epoch 7, Batch   402] loss: 0.031
[Epoch 7, Batch   502] loss: 0.046
[Epoch 7, Batch   602] loss: 0.042
Epoch 7/20:
Train Loss: 0.0031, Train Accuracy: 98.81%
Validation Loss: 0.0546, Validation Accuracy: 98.41%
[Epoch 8, Batch     2] loss: 0.000
[Epoch 8, Batch   102] loss: 0.031
[Epoch 8, Batch   202] loss: 0.035
[Epoch 8, Batch   302] loss: 0.034
[Epoch 8, Batch   402] loss: 0.042
[Epoch 8, Batch   502] loss: 0.049
[Epoch 8, Batch   602] loss: 0.041
Epoch 8/20:
Train Loss: 0.0040, Train Accuracy: 98.82%
Validation Loss: 0.0574, Validation Accuracy: 98.35%
[Epoch 9, Batch     2] loss: 0.000
[Epoch 9, Batch   102] loss: 0.030
[Epoch 9, Batch   202] loss: 0.027
[Epoch 9, Batch   302] loss: 0.034
[Epoch 9, Batch   402] loss: 0.032
[Epoch 9, Batch   502] loss: 0.040
[Epoch 9, Batch   602] loss: 0.033
Epoch 9/20:
Train Loss: 0.0028, Train Accuracy: 99.01%
Validation Loss: 0.0421, Validation Accuracy: 98.67%
[Epoch 10, Batch     2] loss: 0.000
[Epoch 10, Batch   102] loss: 0.030
[Epoch 10, Batch   202] loss: 0.023
[Epoch 10, Batch   302] loss: 0.029
[Epoch 10, Batch   402] loss: 0.029
[Epoch 10, Batch   502] loss: 0.038
[Epoch 10, Batch   602] loss: 0.031
Epoch 10/20:
Train Loss: 0.0027, Train Accuracy: 99.04%
Validation Loss: 0.0409, Validation Accuracy: 98.91%
[Epoch 11, Batch     2] loss: 0.001
[Epoch 11, Batch   102] loss: 0.025
[Epoch 11, Batch   202] loss: 0.021
[Epoch 11, Batch   302] loss: 0.030
[Epoch 11, Batch   402] loss: 0.041
[Epoch 11, Batch   502] loss: 0.029
[Epoch 11, Batch   602] loss: 0.039
Epoch 11/20:
Train Loss: 0.0024, Train Accuracy: 99.12%
Validation Loss: 0.0389, Validation Accuracy: 98.82%
[Epoch 12, Batch     2] loss: 0.001
[Epoch 12, Batch   102] loss: 0.017
[Epoch 12, Batch   202] loss: 0.030
[Epoch 12, Batch   302] loss: 0.023
[Epoch 12, Batch   402] loss: 0.031
[Epoch 12, Batch   502] loss: 0.029
[Epoch 12, Batch   602] loss: 0.030
Epoch 12/20:
Train Loss: 0.0022, Train Accuracy: 99.21%
Validation Loss: 0.0327, Validation Accuracy: 99.01%
[Epoch 13, Batch     2] loss: 0.000
[Epoch 13, Batch   102] loss: 0.019
[Epoch 13, Batch   202] loss: 0.021
[Epoch 13, Batch   302] loss: 0.024
[Epoch 13, Batch   402] loss: 0.029
[Epoch 13, Batch   502] loss: 0.034
[Epoch 13, Batch   602] loss: 0.024
Epoch 13/20:
Train Loss: 0.0032, Train Accuracy: 99.20%
Validation Loss: 0.0454, Validation Accuracy: 98.67%
[Epoch 14, Batch     2] loss: 0.000
[Epoch 14, Batch   102] loss: 0.017
[Epoch 14, Batch   202] loss: 0.022
[Epoch 14, Batch   302] loss: 0.024
[Epoch 14, Batch   402] loss: 0.021
[Epoch 14, Batch   502] loss: 0.026
[Epoch 14, Batch   602] loss: 0.025
Epoch 14/20:
Train Loss: 0.0033, Train Accuracy: 99.25%
Validation Loss: 0.0374, Validation Accuracy: 98.87%
[Epoch 15, Batch     2] loss: 0.001
[Epoch 15, Batch   102] loss: 0.022
[Epoch 15, Batch   202] loss: 0.020
[Epoch 15, Batch   302] loss: 0.022
[Epoch 15, Batch   402] loss: 0.016
[Epoch 15, Batch   502] loss: 0.032
[Epoch 15, Batch   602] loss: 0.021
Epoch 15/20:
Train Loss: 0.0016, Train Accuracy: 99.35%
Validation Loss: 0.0325, Validation Accuracy: 99.00%
[Epoch 16, Batch     2] loss: 0.000
[Epoch 16, Batch   102] loss: 0.018
[Epoch 16, Batch   202] loss: 0.020
[Epoch 16, Batch   302] loss: 0.018
[Epoch 16, Batch   402] loss: 0.017
[Epoch 16, Batch   502] loss: 0.018
[Epoch 16, Batch   602] loss: 0.024
Epoch 16/20:
Train Loss: 0.0017, Train Accuracy: 99.39%
Validation Loss: 0.0328, Validation Accuracy: 99.12%
[Epoch 17, Batch     2] loss: 0.000
[Epoch 17, Batch   102] loss: 0.013
[Epoch 17, Batch   202] loss: 0.016
[Epoch 17, Batch   302] loss: 0.025
[Epoch 17, Batch   402] loss: 0.018
[Epoch 17, Batch   502] loss: 0.025
[Epoch 17, Batch   602] loss: 0.025
Epoch 17/20:
Train Loss: 0.0020, Train Accuracy: 99.35%
Validation Loss: 0.0457, Validation Accuracy: 98.60%
[Epoch 18, Batch     2] loss: 0.000
[Epoch 18, Batch   102] loss: 0.018
[Epoch 18, Batch   202] loss: 0.013
[Epoch 18, Batch   302] loss: 0.020
[Epoch 18, Batch   402] loss: 0.019
[Epoch 18, Batch   502] loss: 0.024
[Epoch 18, Batch   602] loss: 0.024
Epoch 18/20:
Train Loss: 0.0013, Train Accuracy: 99.39%
Validation Loss: 0.0386, Validation Accuracy: 98.88%
[Epoch 19, Batch     2] loss: 0.000
[Epoch 19, Batch   102] loss: 0.015
[Epoch 19, Batch   202] loss: 0.014
[Epoch 19, Batch   302] loss: 0.018
[Epoch 19, Batch   402] loss: 0.019
[Epoch 19, Batch   502] loss: 0.014
[Epoch 19, Batch   602] loss: 0.027
Epoch 19/20:
Train Loss: 0.0011, Train Accuracy: 99.50%
Validation Loss: 0.0348, Validation Accuracy: 98.97%
[Epoch 20, Batch     2] loss: 0.001
[Epoch 20, Batch   102] loss: 0.013
[Epoch 20, Batch   202] loss: 0.016
[Epoch 20, Batch   302] loss: 0.014
[Epoch 20, Batch   402] loss: 0.016
[Epoch 20, Batch   502] loss: 0.017
[Epoch 20, Batch   602] loss: 0.017
Epoch 20/20:
Train Loss: 0.0013, Train Accuracy: 99.54%
Validation Loss: 0.0418, Validation Accuracy: 98.87%
Model saved to models/resnet18-MNIST-BELIEF-balanced_by_score1-0.3-2
Modified conv1: updated in_channels to 1.
Modified fc layer: updated out_features to 10.
Initialized untrained model.
resnet18-MNIST-BELIEF-balanced_by_score1-0.5-2
[Epoch 1, Batch     2] loss: 0.040
[Epoch 1, Batch   102] loss: 0.325
[Epoch 1, Batch   202] loss: 0.177
[Epoch 1, Batch   302] loss: 0.149
[Epoch 1, Batch   402] loss: 0.126
Epoch 1/20:
Train Loss: 0.0178, Train Accuracy: 94.09%
Validation Loss: 0.0953, Validation Accuracy: 97.23%
[Epoch 2, Batch     2] loss: 0.001
[Epoch 2, Batch   102] loss: 0.064
[Epoch 2, Batch   202] loss: 0.104
[Epoch 2, Batch   302] loss: 0.072
[Epoch 2, Batch   402] loss: 0.089
Epoch 2/20:
Train Loss: 0.0114, Train Accuracy: 97.57%
Validation Loss: 0.0800, Validation Accuracy: 97.60%
[Epoch 3, Batch     2] loss: 0.001
[Epoch 3, Batch   102] loss: 0.064
[Epoch 3, Batch   202] loss: 0.070
[Epoch 3, Batch   302] loss: 0.072
[Epoch 3, Batch   402] loss: 0.064
Epoch 3/20:
Train Loss: 0.0100, Train Accuracy: 98.00%
Validation Loss: 0.0508, Validation Accuracy: 98.42%
[Epoch 4, Batch     2] loss: 0.000
[Epoch 4, Batch   102] loss: 0.044
[Epoch 4, Batch   202] loss: 0.057
[Epoch 4, Batch   302] loss: 0.057
[Epoch 4, Batch   402] loss: 0.060
Epoch 4/20:
Train Loss: 0.0085, Train Accuracy: 98.38%
Validation Loss: 0.0595, Validation Accuracy: 98.20%
[Epoch 5, Batch     2] loss: 0.001
[Epoch 5, Batch   102] loss: 0.040
[Epoch 5, Batch   202] loss: 0.045
[Epoch 5, Batch   302] loss: 0.042
[Epoch 5, Batch   402] loss: 0.063
Epoch 5/20:
Train Loss: 0.0070, Train Accuracy: 98.55%
Validation Loss: 0.0462, Validation Accuracy: 98.73%
[Epoch 6, Batch     2] loss: 0.000
[Epoch 6, Batch   102] loss: 0.039
[Epoch 6, Batch   202] loss: 0.040
[Epoch 6, Batch   302] loss: 0.052
[Epoch 6, Batch   402] loss: 0.044
Epoch 6/20:
Train Loss: 0.0057, Train Accuracy: 98.67%
Validation Loss: 0.0559, Validation Accuracy: 98.29%
[Epoch 7, Batch     2] loss: 0.000
[Epoch 7, Batch   102] loss: 0.036
[Epoch 7, Batch   202] loss: 0.036
[Epoch 7, Batch   302] loss: 0.049
[Epoch 7, Batch   402] loss: 0.047
Epoch 7/20:
Train Loss: 0.0066, Train Accuracy: 98.79%
Validation Loss: 0.0519, Validation Accuracy: 98.38%
[Epoch 8, Batch     2] loss: 0.000
[Epoch 8, Batch   102] loss: 0.026
[Epoch 8, Batch   202] loss: 0.038
[Epoch 8, Batch   302] loss: 0.043
[Epoch 8, Batch   402] loss: 0.039
Epoch 8/20:
Train Loss: 0.0052, Train Accuracy: 98.88%
Validation Loss: 0.0506, Validation Accuracy: 98.41%
[Epoch 9, Batch     2] loss: 0.001
[Epoch 9, Batch   102] loss: 0.029
[Epoch 9, Batch   202] loss: 0.050
[Epoch 9, Batch   302] loss: 0.042
[Epoch 9, Batch   402] loss: 0.034
Epoch 9/20:
Train Loss: 0.0052, Train Accuracy: 98.91%
Validation Loss: 0.0464, Validation Accuracy: 98.70%
[Epoch 10, Batch     2] loss: 0.000
[Epoch 10, Batch   102] loss: 0.029
[Epoch 10, Batch   202] loss: 0.031
[Epoch 10, Batch   302] loss: 0.031
[Epoch 10, Batch   402] loss: 0.037
Epoch 10/20:
Train Loss: 0.0054, Train Accuracy: 98.99%
Validation Loss: 0.0577, Validation Accuracy: 98.43%
[Epoch 11, Batch     2] loss: 0.000
[Epoch 11, Batch   102] loss: 0.023
[Epoch 11, Batch   202] loss: 0.032
[Epoch 11, Batch   302] loss: 0.031
[Epoch 11, Batch   402] loss: 0.037
Epoch 11/20:
Train Loss: 0.0039, Train Accuracy: 99.13%
Validation Loss: 0.0516, Validation Accuracy: 98.45%
[Epoch 12, Batch     2] loss: 0.000
[Epoch 12, Batch   102] loss: 0.024
[Epoch 12, Batch   202] loss: 0.032
[Epoch 12, Batch   302] loss: 0.033
[Epoch 12, Batch   402] loss: 0.031
Epoch 12/20:
Train Loss: 0.0069, Train Accuracy: 99.02%
Validation Loss: 0.0552, Validation Accuracy: 98.25%
[Epoch 13, Batch     2] loss: 0.000
[Epoch 13, Batch   102] loss: 0.019
[Epoch 13, Batch   202] loss: 0.019
[Epoch 13, Batch   302] loss: 0.025
[Epoch 13, Batch   402] loss: 0.029
Epoch 13/20:
Train Loss: 0.0043, Train Accuracy: 99.25%
Validation Loss: 0.0515, Validation Accuracy: 98.56%
[Epoch 14, Batch     2] loss: 0.000
[Epoch 14, Batch   102] loss: 0.013
[Epoch 14, Batch   202] loss: 0.026
[Epoch 14, Batch   302] loss: 0.031
[Epoch 14, Batch   402] loss: 0.028
Epoch 14/20:
Train Loss: 0.0045, Train Accuracy: 99.25%
Validation Loss: 0.0555, Validation Accuracy: 98.37%
[Epoch 15, Batch     2] loss: 0.001
[Epoch 15, Batch   102] loss: 0.027
[Epoch 15, Batch   202] loss: 0.018
[Epoch 15, Batch   302] loss: 0.019
[Epoch 15, Batch   402] loss: 0.031
Epoch 15/20:
Train Loss: 0.0050, Train Accuracy: 99.24%
Validation Loss: 0.0428, Validation Accuracy: 98.76%
[Epoch 16, Batch     2] loss: 0.001
[Epoch 16, Batch   102] loss: 0.015
[Epoch 16, Batch   202] loss: 0.020
[Epoch 16, Batch   302] loss: 0.025
[Epoch 16, Batch   402] loss: 0.030
Epoch 16/20:
Train Loss: 0.0058, Train Accuracy: 99.28%
Validation Loss: 0.0372, Validation Accuracy: 98.89%
[Epoch 17, Batch     2] loss: 0.000
[Epoch 17, Batch   102] loss: 0.014
[Epoch 17, Batch   202] loss: 0.020
[Epoch 17, Batch   302] loss: 0.020
[Epoch 17, Batch   402] loss: 0.022
Epoch 17/20:
Train Loss: 0.0048, Train Accuracy: 99.35%
Validation Loss: 0.0548, Validation Accuracy: 98.45%
[Epoch 18, Batch     2] loss: 0.001
[Epoch 18, Batch   102] loss: 0.021
[Epoch 18, Batch   202] loss: 0.019
[Epoch 18, Batch   302] loss: 0.024
[Epoch 18, Batch   402] loss: 0.022
Epoch 18/20:
Train Loss: 0.0055, Train Accuracy: 99.25%
Validation Loss: 0.0488, Validation Accuracy: 98.54%
[Epoch 19, Batch     2] loss: 0.000
[Epoch 19, Batch   102] loss: 0.016
[Epoch 19, Batch   202] loss: 0.027
[Epoch 19, Batch   302] loss: 0.012
[Epoch 19, Batch   402] loss: 0.025
Epoch 19/20:
Train Loss: 0.0025, Train Accuracy: 99.44%
Validation Loss: 0.0438, Validation Accuracy: 98.82%
[Epoch 20, Batch     2] loss: 0.000
[Epoch 20, Batch   102] loss: 0.022
[Epoch 20, Batch   202] loss: 0.010
[Epoch 20, Batch   302] loss: 0.013
[Epoch 20, Batch   402] loss: 0.016
Epoch 20/20:
Train Loss: 0.0040, Train Accuracy: 99.45%
Validation Loss: 0.0548, Validation Accuracy: 98.51%
Model saved to models/resnet18-MNIST-BELIEF-balanced_by_score1-0.5-2
Modified conv1: updated in_channels to 1.
Modified fc layer: updated out_features to 10.
Initialized untrained model.
resnet18-MNIST-BELIEF-balanced_by_score1-0.7-2
[Epoch 1, Batch     2] loss: 0.042
[Epoch 1, Batch   102] loss: 0.332
[Epoch 1, Batch   202] loss: 0.196
Epoch 1/20:
Train Loss: 0.0397, Train Accuracy: 92.43%
Validation Loss: 0.1032, Validation Accuracy: 96.89%
[Epoch 2, Batch     2] loss: 0.002
[Epoch 2, Batch   102] loss: 0.104
[Epoch 2, Batch   202] loss: 0.098
Epoch 2/20:
Train Loss: 0.0324, Train Accuracy: 96.79%
Validation Loss: 0.1255, Validation Accuracy: 96.28%
[Epoch 3, Batch     2] loss: 0.000
[Epoch 3, Batch   102] loss: 0.069
[Epoch 3, Batch   202] loss: 0.082
Epoch 3/20:
Train Loss: 0.0216, Train Accuracy: 97.58%
Validation Loss: 0.0952, Validation Accuracy: 96.95%
[Epoch 4, Batch     2] loss: 0.001
[Epoch 4, Batch   102] loss: 0.065
[Epoch 4, Batch   202] loss: 0.068
Epoch 4/20:
Train Loss: 0.0163, Train Accuracy: 98.16%
Validation Loss: 0.0492, Validation Accuracy: 98.56%
[Epoch 5, Batch     2] loss: 0.001
[Epoch 5, Batch   102] loss: 0.046
[Epoch 5, Batch   202] loss: 0.039
Epoch 5/20:
Train Loss: 0.0211, Train Accuracy: 98.42%
Validation Loss: 0.0813, Validation Accuracy: 97.43%
[Epoch 6, Batch     2] loss: 0.004
[Epoch 6, Batch   102] loss: 0.050
[Epoch 6, Batch   202] loss: 0.046
Epoch 6/20:
Train Loss: 0.0148, Train Accuracy: 98.48%
Validation Loss: 0.0861, Validation Accuracy: 97.46%
[Epoch 7, Batch     2] loss: 0.001
[Epoch 7, Batch   102] loss: 0.052
[Epoch 7, Batch   202] loss: 0.032
Epoch 7/20:
Train Loss: 0.0107, Train Accuracy: 98.75%
Validation Loss: 0.1454, Validation Accuracy: 96.18%
[Epoch 8, Batch     2] loss: 0.001
[Epoch 8, Batch   102] loss: 0.035
[Epoch 8, Batch   202] loss: 0.040
Epoch 8/20:
Train Loss: 0.0105, Train Accuracy: 98.84%
Validation Loss: 0.0604, Validation Accuracy: 98.07%
[Epoch 9, Batch     2] loss: 0.001
[Epoch 9, Batch   102] loss: 0.027
[Epoch 9, Batch   202] loss: 0.036
Epoch 9/20:
Train Loss: 0.0117, Train Accuracy: 98.94%
Validation Loss: 0.0813, Validation Accuracy: 97.54%
[Epoch 10, Batch     2] loss: 0.001
[Epoch 10, Batch   102] loss: 0.036
[Epoch 10, Batch   202] loss: 0.038
Epoch 10/20:
Train Loss: 0.0102, Train Accuracy: 98.92%
Validation Loss: 0.0419, Validation Accuracy: 98.67%
[Epoch 11, Batch     2] loss: 0.000
[Epoch 11, Batch   102] loss: 0.020
[Epoch 11, Batch   202] loss: 0.044
Epoch 11/20:
Train Loss: 0.0077, Train Accuracy: 99.10%
Validation Loss: 0.0599, Validation Accuracy: 98.31%
[Epoch 12, Batch     2] loss: 0.000
[Epoch 12, Batch   102] loss: 0.035
[Epoch 12, Batch   202] loss: 0.027
Epoch 12/20:
Train Loss: 0.0120, Train Accuracy: 99.01%
Validation Loss: 0.0387, Validation Accuracy: 98.83%
[Epoch 13, Batch     2] loss: 0.001
[Epoch 13, Batch   102] loss: 0.018
[Epoch 13, Batch   202] loss: 0.027
Epoch 13/20:
Train Loss: 0.0103, Train Accuracy: 99.15%
Validation Loss: 0.0655, Validation Accuracy: 97.89%
[Epoch 14, Batch     2] loss: 0.001
[Epoch 14, Batch   102] loss: 0.029
[Epoch 14, Batch   202] loss: 0.025
Epoch 14/20:
Train Loss: 0.0101, Train Accuracy: 99.04%
Validation Loss: 0.0658, Validation Accuracy: 97.93%
[Epoch 15, Batch     2] loss: 0.000
[Epoch 15, Batch   102] loss: 0.023
[Epoch 15, Batch   202] loss: 0.026
Epoch 15/20:
Train Loss: 0.0070, Train Accuracy: 99.26%
Validation Loss: 0.0584, Validation Accuracy: 98.19%
[Epoch 16, Batch     2] loss: 0.000
[Epoch 16, Batch   102] loss: 0.024
[Epoch 16, Batch   202] loss: 0.028
Epoch 16/20:
Train Loss: 0.0078, Train Accuracy: 99.30%
Validation Loss: 0.0645, Validation Accuracy: 98.09%
[Epoch 17, Batch     2] loss: 0.001
[Epoch 17, Batch   102] loss: 0.026
[Epoch 17, Batch   202] loss: 0.028
Epoch 17/20:
Train Loss: 0.0087, Train Accuracy: 99.15%
Validation Loss: 0.0652, Validation Accuracy: 98.17%
[Epoch 18, Batch     2] loss: 0.000
[Epoch 18, Batch   102] loss: 0.016
[Epoch 18, Batch   202] loss: 0.020
Epoch 18/20:
Train Loss: 0.0073, Train Accuracy: 99.39%
Validation Loss: 0.0657, Validation Accuracy: 98.19%
[Epoch 19, Batch     2] loss: 0.001
[Epoch 19, Batch   102] loss: 0.018
[Epoch 19, Batch   202] loss: 0.034
Epoch 19/20:
Train Loss: 0.0048, Train Accuracy: 99.33%
Validation Loss: 0.0473, Validation Accuracy: 98.56%
[Epoch 20, Batch     2] loss: 0.000
[Epoch 20, Batch   102] loss: 0.023
[Epoch 20, Batch   202] loss: 0.023
Epoch 20/20:
Train Loss: 0.0062, Train Accuracy: 99.34%
Validation Loss: 0.0876, Validation Accuracy: 97.54%
Model saved to models/resnet18-MNIST-BELIEF-balanced_by_score1-0.7-2
Modified conv1: updated in_channels to 1.
Modified fc layer: updated out_features to 10.
Initialized untrained model.
resnet18-MNIST-BELIEF-balanced_by_score1-0.8-2
[Epoch 1, Batch     2] loss: 0.044
[Epoch 1, Batch   102] loss: 0.341
Epoch 1/20:
Train Loss: 0.0740, Train Accuracy: 91.18%
Validation Loss: 0.1087, Validation Accuracy: 96.32%
[Epoch 2, Batch     2] loss: 0.001
[Epoch 2, Batch   102] loss: 0.117
Epoch 2/20:
Train Loss: 0.0560, Train Accuracy: 96.17%
Validation Loss: 0.1336, Validation Accuracy: 96.07%
[Epoch 3, Batch     2] loss: 0.003
[Epoch 3, Batch   102] loss: 0.089
Epoch 3/20:
Train Loss: 0.0363, Train Accuracy: 97.30%
Validation Loss: 0.2226, Validation Accuracy: 93.79%
[Epoch 4, Batch     2] loss: 0.002
[Epoch 4, Batch   102] loss: 0.058
Epoch 4/20:
Train Loss: 0.0324, Train Accuracy: 98.06%
Validation Loss: 0.0780, Validation Accuracy: 97.45%
[Epoch 5, Batch     2] loss: 0.002
[Epoch 5, Batch   102] loss: 0.054
Epoch 5/20:
Train Loss: 0.0221, Train Accuracy: 98.29%
Validation Loss: 0.1228, Validation Accuracy: 96.51%
[Epoch 6, Batch     2] loss: 0.000
[Epoch 6, Batch   102] loss: 0.044
Epoch 6/20:
Train Loss: 0.0238, Train Accuracy: 98.46%
Validation Loss: 0.1122, Validation Accuracy: 96.83%
[Epoch 7, Batch     2] loss: 0.000
[Epoch 7, Batch   102] loss: 0.052
Epoch 7/20:
Train Loss: 0.0201, Train Accuracy: 98.56%
Validation Loss: 0.0713, Validation Accuracy: 97.82%
[Epoch 8, Batch     2] loss: 0.002
[Epoch 8, Batch   102] loss: 0.037
Epoch 8/20:
Train Loss: 0.0143, Train Accuracy: 98.83%
Validation Loss: 0.0822, Validation Accuracy: 97.67%
[Epoch 9, Batch     2] loss: 0.000
[Epoch 9, Batch   102] loss: 0.030
Epoch 9/20:
Train Loss: 0.0178, Train Accuracy: 98.97%
Validation Loss: 0.0811, Validation Accuracy: 97.69%
[Epoch 10, Batch     2] loss: 0.001
[Epoch 10, Batch   102] loss: 0.033
Epoch 10/20:
Train Loss: 0.0164, Train Accuracy: 98.94%
Validation Loss: 0.0693, Validation Accuracy: 97.90%
[Epoch 11, Batch     2] loss: 0.001
[Epoch 11, Batch   102] loss: 0.033
Epoch 11/20:
Train Loss: 0.0119, Train Accuracy: 99.05%
Validation Loss: 0.0663, Validation Accuracy: 98.12%
[Epoch 12, Batch     2] loss: 0.001
[Epoch 12, Batch   102] loss: 0.023
Epoch 12/20:
Train Loss: 0.0119, Train Accuracy: 99.14%
Validation Loss: 0.0943, Validation Accuracy: 97.62%
[Epoch 13, Batch     2] loss: 0.001
[Epoch 13, Batch   102] loss: 0.028
Epoch 13/20:
Train Loss: 0.0160, Train Accuracy: 99.01%
Validation Loss: 0.0601, Validation Accuracy: 98.19%
[Epoch 14, Batch     2] loss: 0.000
[Epoch 14, Batch   102] loss: 0.029
Epoch 14/20:
Train Loss: 0.0150, Train Accuracy: 98.96%
Validation Loss: 0.0623, Validation Accuracy: 98.13%
[Epoch 15, Batch     2] loss: 0.000
[Epoch 15, Batch   102] loss: 0.014
Epoch 15/20:
Train Loss: 0.0100, Train Accuracy: 99.42%
Validation Loss: 0.0560, Validation Accuracy: 98.45%
[Epoch 16, Batch     2] loss: 0.000
[Epoch 16, Batch   102] loss: 0.010
Epoch 16/20:
Train Loss: 0.0173, Train Accuracy: 99.30%
Validation Loss: 0.0694, Validation Accuracy: 98.00%
[Epoch 17, Batch     2] loss: 0.000
[Epoch 17, Batch   102] loss: 0.028
Epoch 17/20:
Train Loss: 0.0073, Train Accuracy: 99.24%
Validation Loss: 0.0722, Validation Accuracy: 98.04%
[Epoch 18, Batch     2] loss: 0.000
[Epoch 18, Batch   102] loss: 0.018
Epoch 18/20:
Train Loss: 0.0070, Train Accuracy: 99.39%
Validation Loss: 0.0792, Validation Accuracy: 97.86%
[Epoch 19, Batch     2] loss: 0.000
[Epoch 19, Batch   102] loss: 0.019
Epoch 19/20:
Train Loss: 0.0097, Train Accuracy: 99.39%
Validation Loss: 0.0571, Validation Accuracy: 98.57%
[Epoch 20, Batch     2] loss: 0.000
[Epoch 20, Batch   102] loss: 0.015
Epoch 20/20:
Train Loss: 0.0146, Train Accuracy: 99.30%
Validation Loss: 0.1002, Validation Accuracy: 97.28%
Model saved to models/resnet18-MNIST-BELIEF-balanced_by_score1-0.8-2
Modified conv1: updated in_channels to 1.
Modified fc layer: updated out_features to 10.
Initialized untrained model.
resnet18-MNIST-BELIEF-balanced_by_score1-0.9-2
[Epoch 1, Batch     2] loss: 0.042
Epoch 1/20:
Train Loss: 0.3494, Train Accuracy: 87.58%
Validation Loss: 0.2474, Validation Accuracy: 92.06%
[Epoch 2, Batch     2] loss: 0.001
Epoch 2/20:
Train Loss: 0.1302, Train Accuracy: 95.74%
Validation Loss: 0.1829, Validation Accuracy: 94.33%
[Epoch 3, Batch     2] loss: 0.002
Epoch 3/20:
Train Loss: 0.1073, Train Accuracy: 96.62%
Validation Loss: 0.1620, Validation Accuracy: 95.07%
[Epoch 4, Batch     2] loss: 0.002
Epoch 4/20:
Train Loss: 0.0922, Train Accuracy: 97.20%
Validation Loss: 0.1282, Validation Accuracy: 96.08%
[Epoch 5, Batch     2] loss: 0.002
Epoch 5/20:
Train Loss: 0.0496, Train Accuracy: 98.37%
Validation Loss: 0.3649, Validation Accuracy: 89.24%
[Epoch 6, Batch     2] loss: 0.001
Epoch 6/20:
Train Loss: 0.0543, Train Accuracy: 98.06%
Validation Loss: 0.1257, Validation Accuracy: 96.63%
[Epoch 7, Batch     2] loss: 0.002
Epoch 7/20:
Train Loss: 0.0359, Train Accuracy: 98.79%
Validation Loss: 0.1087, Validation Accuracy: 97.00%
[Epoch 8, Batch     2] loss: 0.001
Epoch 8/20:
Train Loss: 0.0510, Train Accuracy: 98.25%
Validation Loss: 0.2023, Validation Accuracy: 94.50%
[Epoch 9, Batch     2] loss: 0.000
Epoch 9/20:
Train Loss: 0.0453, Train Accuracy: 98.56%
Validation Loss: 0.1225, Validation Accuracy: 96.37%
[Epoch 10, Batch     2] loss: 0.001
Epoch 10/20:
Train Loss: 0.0386, Train Accuracy: 98.76%
Validation Loss: 0.2704, Validation Accuracy: 92.91%
[Epoch 11, Batch     2] loss: 0.000
Epoch 11/20:
Train Loss: 0.0310, Train Accuracy: 98.93%
Validation Loss: 0.1880, Validation Accuracy: 95.32%
[Epoch 12, Batch     2] loss: 0.000
Epoch 12/20:
Train Loss: 0.0174, Train Accuracy: 99.39%
Validation Loss: 0.0923, Validation Accuracy: 97.31%
[Epoch 13, Batch     2] loss: 0.000
Epoch 13/20:
Train Loss: 0.0313, Train Accuracy: 99.08%
Validation Loss: 0.1167, Validation Accuracy: 96.98%
[Epoch 14, Batch     2] loss: 0.000
Epoch 14/20:
Train Loss: 0.0230, Train Accuracy: 99.35%
Validation Loss: 0.1703, Validation Accuracy: 95.88%
[Epoch 15, Batch     2] loss: 0.000
Epoch 15/20:
Train Loss: 0.0417, Train Accuracy: 98.76%
Validation Loss: 0.0968, Validation Accuracy: 97.39%
[Epoch 16, Batch     2] loss: 0.000
Epoch 16/20:
Train Loss: 0.0200, Train Accuracy: 99.32%
Validation Loss: 0.1390, Validation Accuracy: 96.24%
[Epoch 17, Batch     2] loss: 0.000
Epoch 17/20:
Train Loss: 0.0198, Train Accuracy: 99.32%
Validation Loss: 0.1978, Validation Accuracy: 94.95%
[Epoch 18, Batch     2] loss: 0.000
Epoch 18/20:
Train Loss: 0.0216, Train Accuracy: 99.34%
Validation Loss: 0.0842, Validation Accuracy: 97.73%
[Epoch 19, Batch     2] loss: 0.001
Epoch 19/20:
Train Loss: 0.0283, Train Accuracy: 99.00%
Validation Loss: 0.1133, Validation Accuracy: 97.03%
[Epoch 20, Batch     2] loss: 0.000
Epoch 20/20:
Train Loss: 0.0161, Train Accuracy: 99.49%
Validation Loss: 0.0795, Validation Accuracy: 97.96%
Model saved to models/resnet18-MNIST-BELIEF-balanced_by_score1-0.9-2
Modified conv1: updated in_channels to 1.
Modified fc layer: updated out_features to 10.
Initialized untrained model.
resnet18-MNIST-BELIEF-balanced_by_score1-0.95-2
[Epoch 1, Batch     2] loss: 0.041
Epoch 1/20:
Train Loss: 0.4641, Train Accuracy: 82.40%
Validation Loss: 0.2914, Validation Accuracy: 91.12%
[Epoch 2, Batch     2] loss: 0.002
Epoch 2/20:
Train Loss: 0.1629, Train Accuracy: 94.90%
Validation Loss: 0.2663, Validation Accuracy: 92.11%
[Epoch 3, Batch     2] loss: 0.002
Epoch 3/20:
Train Loss: 0.1334, Train Accuracy: 95.21%
Validation Loss: 0.3126, Validation Accuracy: 91.14%
[Epoch 4, Batch     2] loss: 0.002
Epoch 4/20:
Train Loss: 0.0774, Train Accuracy: 97.28%
Validation Loss: 0.2002, Validation Accuracy: 94.10%
[Epoch 5, Batch     2] loss: 0.001
Epoch 5/20:
Train Loss: 0.0448, Train Accuracy: 98.71%
Validation Loss: 0.1899, Validation Accuracy: 94.77%
[Epoch 6, Batch     2] loss: 0.002
Epoch 6/20:
Train Loss: 0.0823, Train Accuracy: 97.25%
Validation Loss: 0.2532, Validation Accuracy: 92.73%
[Epoch 7, Batch     2] loss: 0.002
Epoch 7/20:
Train Loss: 0.0824, Train Accuracy: 97.52%
Validation Loss: 0.1641, Validation Accuracy: 95.28%
[Epoch 8, Batch     2] loss: 0.001
Epoch 8/20:
Train Loss: 0.0382, Train Accuracy: 98.81%
Validation Loss: 0.1625, Validation Accuracy: 95.30%
[Epoch 9, Batch     2] loss: 0.000
Epoch 9/20:
Train Loss: 0.0190, Train Accuracy: 99.35%
Validation Loss: 0.1007, Validation Accuracy: 97.06%
[Epoch 10, Batch     2] loss: 0.000
Epoch 10/20:
Train Loss: 0.0179, Train Accuracy: 99.39%
Validation Loss: 0.1776, Validation Accuracy: 95.25%
[Epoch 11, Batch     2] loss: 0.000
Epoch 11/20:
Train Loss: 0.0362, Train Accuracy: 98.85%
Validation Loss: 0.2576, Validation Accuracy: 94.28%
[Epoch 12, Batch     2] loss: 0.001
Epoch 12/20:
Train Loss: 0.0720, Train Accuracy: 97.89%
Validation Loss: 0.2026, Validation Accuracy: 94.64%
[Epoch 13, Batch     2] loss: 0.001
Epoch 13/20:
Train Loss: 0.0766, Train Accuracy: 97.59%
Validation Loss: 0.1397, Validation Accuracy: 96.22%
[Epoch 14, Batch     2] loss: 0.000
Epoch 14/20:
Train Loss: 0.0553, Train Accuracy: 98.34%
Validation Loss: 0.1781, Validation Accuracy: 95.18%
[Epoch 15, Batch     2] loss: 0.003
Epoch 15/20:
Train Loss: 0.0345, Train Accuracy: 98.71%
Validation Loss: 0.1122, Validation Accuracy: 96.77%
[Epoch 16, Batch     2] loss: 0.000
Epoch 16/20:
Train Loss: 0.0161, Train Accuracy: 99.49%
Validation Loss: 0.1206, Validation Accuracy: 96.70%
[Epoch 17, Batch     2] loss: 0.000
Epoch 17/20:
Train Loss: 0.0065, Train Accuracy: 99.86%
Validation Loss: 0.0792, Validation Accuracy: 97.65%
[Epoch 18, Batch     2] loss: 0.000
Epoch 18/20:
Train Loss: 0.0103, Train Accuracy: 99.66%
Validation Loss: 0.1410, Validation Accuracy: 96.54%
[Epoch 19, Batch     2] loss: 0.000
Epoch 19/20:
Train Loss: 0.0153, Train Accuracy: 99.46%
Validation Loss: 0.1251, Validation Accuracy: 96.61%
[Epoch 20, Batch     2] loss: 0.000
Epoch 20/20:
Train Loss: 0.0143, Train Accuracy: 99.69%
Validation Loss: 0.1064, Validation Accuracy: 96.91%
Model saved to models/resnet18-MNIST-BELIEF-balanced_by_score1-0.95-2
Modified conv1: updated in_channels to 1.
Modified fc layer: updated out_features to 10.
Initialized untrained model.
[Epoch 1, Batch   100] loss: 0.281
[Epoch 1, Batch   200] loss: 0.123
[Epoch 1, Batch   300] loss: 0.097
[Epoch 1, Batch   400] loss: 0.084
[Epoch 1, Batch   500] loss: 0.075
[Epoch 1, Batch   600] loss: 0.065
[Epoch 1, Batch   700] loss: 0.068
[Epoch 1, Batch   800] loss: 0.071
[Epoch 1, Batch   900] loss: 0.058
Epoch 1/20:
Train Loss: 0.0023, Train Accuracy: 95.81%
Validation Loss: 0.0495, Validation Accuracy: 98.04%
[Epoch 2, Batch   100] loss: 0.899
[Epoch 2, Batch   200] loss: 0.735
[Epoch 2, Batch   300] loss: 0.734
[Epoch 2, Batch   400] loss: 0.735
[Epoch 2, Batch   500] loss: 0.735
[Epoch 2, Batch   600] loss: 0.736
[Epoch 2, Batch   700] loss: 0.734
[Epoch 2, Batch   800] loss: 0.735
[Epoch 2, Batch   900] loss: 0.735
Epoch 2/20:
Train Loss: 0.0289, Train Accuracy: 98.44%
Validation Loss: 0.4482, Validation Accuracy: 98.56%
[Epoch 3, Batch   100] loss: 0.901
[Epoch 3, Batch   200] loss: 0.891
[Epoch 3, Batch   300] loss: 0.886
[Epoch 3, Batch   400] loss: 0.886
[Epoch 3, Batch   500] loss: 0.886
[Epoch 3, Batch   600] loss: 0.886
[Epoch 3, Batch   700] loss: 0.886
[Epoch 3, Batch   800] loss: 0.887
[Epoch 3, Batch   900] loss: 0.886
Epoch 3/20:
Train Loss: 0.0350, Train Accuracy: 97.70%
Validation Loss: 0.7290, Validation Accuracy: 99.06%
[Epoch 4, Batch   100] loss: 0.930
[Epoch 4, Batch   200] loss: 0.929
[Epoch 4, Batch   300] loss: 0.929
[Epoch 4, Batch   400] loss: 0.929
[Epoch 4, Batch   500] loss: 0.929
[Epoch 4, Batch   600] loss: 0.929
[Epoch 4, Batch   700] loss: 0.929
[Epoch 4, Batch   800] loss: 0.929
[Epoch 4, Batch   900] loss: 0.929
Epoch 4/20:
Train Loss: 0.0367, Train Accuracy: 99.08%
Validation Loss: 0.8555, Validation Accuracy: 98.86%
[Epoch 5, Batch   100] loss: 0.946
[Epoch 5, Batch   200] loss: 0.946
[Epoch 5, Batch   300] loss: 0.946
[Epoch 5, Batch   400] loss: 0.946
[Epoch 5, Batch   500] loss: 0.946
[Epoch 5, Batch   600] loss: 0.946
[Epoch 5, Batch   700] loss: 0.946
[Epoch 5, Batch   800] loss: 0.946
[Epoch 5, Batch   900] loss: 0.946
Epoch 5/20:
Train Loss: 0.0374, Train Accuracy: 98.97%
Validation Loss: 0.9001, Validation Accuracy: 98.79%
[Epoch 6, Batch   100] loss: 0.955
[Epoch 6, Batch   200] loss: 0.955
[Epoch 6, Batch   300] loss: 0.955
[Epoch 6, Batch   400] loss: 0.955
[Epoch 6, Batch   500] loss: 0.955
[Epoch 6, Batch   600] loss: 0.955
[Epoch 6, Batch   700] loss: 0.955
[Epoch 6, Batch   800] loss: 0.955
[Epoch 6, Batch   900] loss: 0.955
Epoch 6/20:
Train Loss: 0.0377, Train Accuracy: 98.73%
Validation Loss: 0.9195, Validation Accuracy: 98.51%
[Epoch 7, Batch   100] loss: 0.960
[Epoch 7, Batch   200] loss: 0.960
[Epoch 7, Batch   300] loss: 0.960
[Epoch 7, Batch   400] loss: 0.960
[Epoch 7, Batch   500] loss: 0.960
[Epoch 7, Batch   600] loss: 0.960
[Epoch 7, Batch   700] loss: 0.960
[Epoch 7, Batch   800] loss: 0.960
[Epoch 7, Batch   900] loss: 0.960
Epoch 7/20:
Train Loss: 0.0379, Train Accuracy: 98.37%
Validation Loss: 0.9344, Validation Accuracy: 97.83%
[Epoch 8, Batch   100] loss: 0.964
[Epoch 8, Batch   200] loss: 0.964
[Epoch 8, Batch   300] loss: 0.964
[Epoch 8, Batch   400] loss: 0.964
[Epoch 8, Batch   500] loss: 0.964
[Epoch 8, Batch   600] loss: 0.964
[Epoch 8, Batch   700] loss: 0.964
[Epoch 8, Batch   800] loss: 0.964
[Epoch 8, Batch   900] loss: 0.964
Epoch 8/20:
Train Loss: 0.0381, Train Accuracy: 98.15%
Validation Loss: 0.9449, Validation Accuracy: 96.53%
[Epoch 9, Batch   100] loss: 0.966
[Epoch 9, Batch   200] loss: 0.966
[Epoch 9, Batch   300] loss: 0.966
[Epoch 9, Batch   400] loss: 0.967
[Epoch 9, Batch   500] loss: 0.966
[Epoch 9, Batch   600] loss: 0.967
[Epoch 9, Batch   700] loss: 0.967
[Epoch 9, Batch   800] loss: 0.967
[Epoch 9, Batch   900] loss: 0.967
Epoch 9/20:
Train Loss: 0.0382, Train Accuracy: 98.10%
Validation Loss: 0.9492, Validation Accuracy: 96.90%
[Epoch 10, Batch   100] loss: 0.968
[Epoch 10, Batch   200] loss: 0.968
[Epoch 10, Batch   300] loss: 0.968
[Epoch 10, Batch   400] loss: 0.968
[Epoch 10, Batch   500] loss: 0.968
[Epoch 10, Batch   600] loss: 0.968
[Epoch 10, Batch   700] loss: 0.968
[Epoch 10, Batch   800] loss: 0.968
[Epoch 10, Batch   900] loss: 0.968
Epoch 10/20:
Train Loss: 0.0382, Train Accuracy: 98.06%
Validation Loss: 0.9531, Validation Accuracy: 98.14%
[Epoch 11, Batch   100] loss: 0.970
[Epoch 11, Batch   200] loss: 0.970
[Epoch 11, Batch   300] loss: 0.970
[Epoch 11, Batch   400] loss: 0.970
[Epoch 11, Batch   500] loss: 0.970
[Epoch 11, Batch   600] loss: 0.970
[Epoch 11, Batch   700] loss: 0.970
[Epoch 11, Batch   800] loss: 0.970
[Epoch 11, Batch   900] loss: 0.970
Epoch 11/20:
Train Loss: 0.0383, Train Accuracy: 98.13%
Validation Loss: 0.9567, Validation Accuracy: 98.45%
[Epoch 12, Batch   100] loss: 0.970
[Epoch 12, Batch   200] loss: 0.970
[Epoch 12, Batch   300] loss: 0.970
[Epoch 12, Batch   400] loss: 0.970
[Epoch 12, Batch   500] loss: 0.970
[Epoch 12, Batch   600] loss: 0.970
[Epoch 12, Batch   700] loss: 0.970
[Epoch 12, Batch   800] loss: 0.970
[Epoch 12, Batch   900] loss: 0.970
Epoch 12/20:
Train Loss: 0.0383, Train Accuracy: 98.17%
Validation Loss: 0.9562, Validation Accuracy: 97.91%
[Epoch 13, Batch   100] loss: 0.970
[Epoch 13, Batch   200] loss: 0.970
[Epoch 13, Batch   300] loss: 0.970
[Epoch 13, Batch   400] loss: 0.970
[Epoch 13, Batch   500] loss: 0.970
[Epoch 13, Batch   600] loss: 0.970
[Epoch 13, Batch   700] loss: 0.970
[Epoch 13, Batch   800] loss: 0.970
[Epoch 13, Batch   900] loss: 0.970
Epoch 13/20:
Train Loss: 0.0383, Train Accuracy: 98.34%
Validation Loss: 0.9562, Validation Accuracy: 98.58%
[Epoch 14, Batch   100] loss: 0.970
[Epoch 14, Batch   200] loss: 0.970
[Epoch 14, Batch   300] loss: 0.970
[Epoch 14, Batch   400] loss: 0.970
[Epoch 14, Batch   500] loss: 0.970
[Epoch 14, Batch   600] loss: 0.970
[Epoch 14, Batch   700] loss: 0.970
[Epoch 14, Batch   800] loss: 0.970
[Epoch 14, Batch   900] loss: 0.970
Epoch 14/20:
Train Loss: 0.0383, Train Accuracy: 98.31%
Validation Loss: 0.9561, Validation Accuracy: 98.63%
[Epoch 15, Batch   100] loss: 0.970
[Epoch 15, Batch   200] loss: 0.970
[Epoch 15, Batch   300] loss: 0.970
[Epoch 15, Batch   400] loss: 0.970
[Epoch 15, Batch   500] loss: 0.970
[Epoch 15, Batch   600] loss: 0.970
[Epoch 15, Batch   700] loss: 0.970
[Epoch 15, Batch   800] loss: 0.970
[Epoch 15, Batch   900] loss: 0.970
Epoch 15/20:
Train Loss: 0.0383, Train Accuracy: 98.37%
Validation Loss: 0.9561, Validation Accuracy: 98.49%
[Epoch 16, Batch   100] loss: 0.970
[Epoch 16, Batch   200] loss: 0.970
[Epoch 16, Batch   300] loss: 0.970
[Epoch 16, Batch   400] loss: 0.970
[Epoch 16, Batch   500] loss: 0.970
[Epoch 16, Batch   600] loss: 0.970
[Epoch 16, Batch   700] loss: 0.970
[Epoch 16, Batch   800] loss: 0.970
[Epoch 16, Batch   900] loss: 0.970
Epoch 16/20:
Train Loss: 0.0383, Train Accuracy: 98.45%
Validation Loss: 0.9565, Validation Accuracy: 97.98%
[Epoch 17, Batch   100] loss: 0.970
[Epoch 17, Batch   200] loss: 0.970
[Epoch 17, Batch   300] loss: 0.970
[Epoch 17, Batch   400] loss: 0.970
[Epoch 17, Batch   500] loss: 0.970
[Epoch 17, Batch   600] loss: 0.970
[Epoch 17, Batch   700] loss: 0.970
[Epoch 17, Batch   800] loss: 0.970
[Epoch 17, Batch   900] loss: 0.970
Epoch 17/20:
Train Loss: 0.0383, Train Accuracy: 98.43%
Validation Loss: 0.9562, Validation Accuracy: 98.27%
[Epoch 18, Batch   100] loss: 0.970
[Epoch 18, Batch   200] loss: 0.970
[Epoch 18, Batch   300] loss: 0.970
[Epoch 18, Batch   400] loss: 0.970
[Epoch 18, Batch   500] loss: 0.970
[Epoch 18, Batch   600] loss: 0.970
[Epoch 18, Batch   700] loss: 0.970
[Epoch 18, Batch   800] loss: 0.970
[Epoch 18, Batch   900] loss: 0.970
Epoch 18/20:
Train Loss: 0.0383, Train Accuracy: 98.51%
Validation Loss: 0.9555, Validation Accuracy: 98.75%
[Epoch 19, Batch   100] loss: 0.970
[Epoch 19, Batch   200] loss: 0.970
[Epoch 19, Batch   300] loss: 0.970
[Epoch 19, Batch   400] loss: 0.970
[Epoch 19, Batch   500] loss: 0.970
[Epoch 19, Batch   600] loss: 0.970
[Epoch 19, Batch   700] loss: 0.970
[Epoch 19, Batch   800] loss: 0.970
[Epoch 19, Batch   900] loss: 0.970
Epoch 19/20:
Train Loss: 0.0383, Train Accuracy: 98.54%
Validation Loss: 0.9562, Validation Accuracy: 98.45%
[Epoch 20, Batch   100] loss: 0.970
[Epoch 20, Batch   200] loss: 0.970
[Epoch 20, Batch   300] loss: 0.970
[Epoch 20, Batch   400] loss: 0.970
[Epoch 20, Batch   500] loss: 0.970
[Epoch 20, Batch   600] loss: 0.970
[Epoch 20, Batch   700] loss: 0.970
[Epoch 20, Batch   800] loss: 0.970
[Epoch 20, Batch   900] loss: 0.970
Epoch 20/20:
Train Loss: 0.0383, Train Accuracy: 98.52%
Validation Loss: 0.9560, Validation Accuracy: 98.65%
Model saved to models/resnet18_MNIST_E1_3
Modified conv1: updated in_channels to 1.
Modified fc layer: updated out_features to 10.
Loaded weights from file: models/resnet18_MNIST_E1_3
Modified conv1: updated in_channels to 1.
Modified fc layer: updated out_features to 10.
Initialized untrained model.
resnet18-MNIST-random-0.3-3
[Epoch 1, Batch     2] loss: 0.045
[Epoch 1, Batch   102] loss: 0.352
[Epoch 1, Batch   202] loss: 0.165
[Epoch 1, Batch   302] loss: 0.129
[Epoch 1, Batch   402] loss: 0.140
[Epoch 1, Batch   502] loss: 0.114
[Epoch 1, Batch   602] loss: 0.099
Epoch 1/20:
Train Loss: 0.0085, Train Accuracy: 94.85%
Validation Loss: 0.0837, Validation Accuracy: 97.43%
[Epoch 2, Batch     2] loss: 0.000
[Epoch 2, Batch   102] loss: 0.070
[Epoch 2, Batch   202] loss: 0.072
[Epoch 2, Batch   302] loss: 0.076
[Epoch 2, Batch   402] loss: 0.083
[Epoch 2, Batch   502] loss: 0.067
[Epoch 2, Batch   602] loss: 0.071
Epoch 2/20:
Train Loss: 0.0079, Train Accuracy: 97.76%
Validation Loss: 0.1100, Validation Accuracy: 96.77%
[Epoch 3, Batch     2] loss: 0.001
[Epoch 3, Batch   102] loss: 0.057
[Epoch 3, Batch   202] loss: 0.056
[Epoch 3, Batch   302] loss: 0.051
[Epoch 3, Batch   402] loss: 0.060
[Epoch 3, Batch   502] loss: 0.051
[Epoch 3, Batch   602] loss: 0.065
Epoch 3/20:
Train Loss: 0.0041, Train Accuracy: 98.31%
Validation Loss: 0.0577, Validation Accuracy: 98.22%
[Epoch 4, Batch     2] loss: 0.000
[Epoch 4, Batch   102] loss: 0.038
[Epoch 4, Batch   202] loss: 0.045
[Epoch 4, Batch   302] loss: 0.052
[Epoch 4, Batch   402] loss: 0.044
[Epoch 4, Batch   502] loss: 0.060
[Epoch 4, Batch   602] loss: 0.047
Epoch 4/20:
Train Loss: 0.0045, Train Accuracy: 98.55%
Validation Loss: 0.0479, Validation Accuracy: 98.55%
[Epoch 5, Batch     2] loss: 0.000
[Epoch 5, Batch   102] loss: 0.034
[Epoch 5, Batch   202] loss: 0.057
[Epoch 5, Batch   302] loss: 0.053
[Epoch 5, Batch   402] loss: 0.044
[Epoch 5, Batch   502] loss: 0.045
[Epoch 5, Batch   602] loss: 0.044
Epoch 5/20:
Train Loss: 0.0038, Train Accuracy: 98.57%
Validation Loss: 0.0527, Validation Accuracy: 98.47%
[Epoch 6, Batch     2] loss: 0.002
[Epoch 6, Batch   102] loss: 0.031
[Epoch 6, Batch   202] loss: 0.043
[Epoch 6, Batch   302] loss: 0.040
[Epoch 6, Batch   402] loss: 0.044
[Epoch 6, Batch   502] loss: 0.044
[Epoch 6, Batch   602] loss: 0.043
Epoch 6/20:
Train Loss: 0.0043, Train Accuracy: 98.71%
Validation Loss: 0.0506, Validation Accuracy: 98.49%
[Epoch 7, Batch     2] loss: 0.001
[Epoch 7, Batch   102] loss: 0.036
[Epoch 7, Batch   202] loss: 0.031
[Epoch 7, Batch   302] loss: 0.036
[Epoch 7, Batch   402] loss: 0.043
[Epoch 7, Batch   502] loss: 0.037
[Epoch 7, Batch   602] loss: 0.043
Epoch 7/20:
Train Loss: 0.0027, Train Accuracy: 98.87%
Validation Loss: 0.0544, Validation Accuracy: 98.34%
[Epoch 8, Batch     2] loss: 0.000
[Epoch 8, Batch   102] loss: 0.036
[Epoch 8, Batch   202] loss: 0.040
[Epoch 8, Batch   302] loss: 0.035
[Epoch 8, Batch   402] loss: 0.034
[Epoch 8, Batch   502] loss: 0.039
[Epoch 8, Batch   602] loss: 0.038
Epoch 8/20:
Train Loss: 0.0033, Train Accuracy: 98.85%
Validation Loss: 0.0430, Validation Accuracy: 98.91%
[Epoch 9, Batch     2] loss: 0.002
[Epoch 9, Batch   102] loss: 0.024
[Epoch 9, Batch   202] loss: 0.040
[Epoch 9, Batch   302] loss: 0.030
[Epoch 9, Batch   402] loss: 0.035
[Epoch 9, Batch   502] loss: 0.037
[Epoch 9, Batch   602] loss: 0.040
Epoch 9/20:
Train Loss: 0.0020, Train Accuracy: 98.97%
Validation Loss: 0.0359, Validation Accuracy: 99.02%
[Epoch 10, Batch     2] loss: 0.000
[Epoch 10, Batch   102] loss: 0.028
[Epoch 10, Batch   202] loss: 0.029
[Epoch 10, Batch   302] loss: 0.027
[Epoch 10, Batch   402] loss: 0.022
[Epoch 10, Batch   502] loss: 0.026
[Epoch 10, Batch   602] loss: 0.040
Epoch 10/20:
Train Loss: 0.0030, Train Accuracy: 99.06%
Validation Loss: 0.0390, Validation Accuracy: 98.80%
[Epoch 11, Batch     2] loss: 0.000
[Epoch 11, Batch   102] loss: 0.022
[Epoch 11, Batch   202] loss: 0.028
[Epoch 11, Batch   302] loss: 0.028
[Epoch 11, Batch   402] loss: 0.029
[Epoch 11, Batch   502] loss: 0.029
[Epoch 11, Batch   602] loss: 0.036
Epoch 11/20:
Train Loss: 0.0027, Train Accuracy: 99.09%
Validation Loss: 0.0318, Validation Accuracy: 99.07%
[Epoch 12, Batch     2] loss: 0.000
[Epoch 12, Batch   102] loss: 0.023
[Epoch 12, Batch   202] loss: 0.026
[Epoch 12, Batch   302] loss: 0.029
[Epoch 12, Batch   402] loss: 0.025
[Epoch 12, Batch   502] loss: 0.026
[Epoch 12, Batch   602] loss: 0.033
Epoch 12/20:
Train Loss: 0.0018, Train Accuracy: 99.21%
Validation Loss: 0.0374, Validation Accuracy: 98.88%
[Epoch 13, Batch     2] loss: 0.000
[Epoch 13, Batch   102] loss: 0.018
[Epoch 13, Batch   202] loss: 0.026
[Epoch 13, Batch   302] loss: 0.024
[Epoch 13, Batch   402] loss: 0.027
[Epoch 13, Batch   502] loss: 0.037
[Epoch 13, Batch   602] loss: 0.020
Epoch 13/20:
Train Loss: 0.0022, Train Accuracy: 99.26%
Validation Loss: 0.0512, Validation Accuracy: 98.44%
[Epoch 14, Batch     2] loss: 0.000
[Epoch 14, Batch   102] loss: 0.016
[Epoch 14, Batch   202] loss: 0.026
[Epoch 14, Batch   302] loss: 0.022
[Epoch 14, Batch   402] loss: 0.019
[Epoch 14, Batch   502] loss: 0.034
[Epoch 14, Batch   602] loss: 0.027
Epoch 14/20:
Train Loss: 0.0023, Train Accuracy: 99.25%
Validation Loss: 0.0684, Validation Accuracy: 98.21%
[Epoch 15, Batch     2] loss: 0.002
[Epoch 15, Batch   102] loss: 0.023
[Epoch 15, Batch   202] loss: 0.020
[Epoch 15, Batch   302] loss: 0.019
[Epoch 15, Batch   402] loss: 0.018
[Epoch 15, Batch   502] loss: 0.025
[Epoch 15, Batch   602] loss: 0.020
Epoch 15/20:
Train Loss: 0.0020, Train Accuracy: 99.35%
Validation Loss: 0.0521, Validation Accuracy: 98.35%
[Epoch 16, Batch     2] loss: 0.001
[Epoch 16, Batch   102] loss: 0.021
[Epoch 16, Batch   202] loss: 0.016
[Epoch 16, Batch   302] loss: 0.021
[Epoch 16, Batch   402] loss: 0.019
[Epoch 16, Batch   502] loss: 0.020
[Epoch 16, Batch   602] loss: 0.034
Epoch 16/20:
Train Loss: 0.0019, Train Accuracy: 99.32%
Validation Loss: 0.0383, Validation Accuracy: 98.90%
[Epoch 17, Batch     2] loss: 0.000
[Epoch 17, Batch   102] loss: 0.012
[Epoch 17, Batch   202] loss: 0.020
[Epoch 17, Batch   302] loss: 0.018
[Epoch 17, Batch   402] loss: 0.017
[Epoch 17, Batch   502] loss: 0.027
[Epoch 17, Batch   602] loss: 0.014
Epoch 17/20:
Train Loss: 0.0013, Train Accuracy: 99.50%
Validation Loss: 0.0458, Validation Accuracy: 98.70%
[Epoch 18, Batch     2] loss: 0.000
[Epoch 18, Batch   102] loss: 0.017
[Epoch 18, Batch   202] loss: 0.020
[Epoch 18, Batch   302] loss: 0.016
[Epoch 18, Batch   402] loss: 0.019
[Epoch 18, Batch   502] loss: 0.021
[Epoch 18, Batch   602] loss: 0.022
Epoch 18/20:
Train Loss: 0.0023, Train Accuracy: 99.38%
Validation Loss: 0.0378, Validation Accuracy: 98.91%
[Epoch 19, Batch     2] loss: 0.001
[Epoch 19, Batch   102] loss: 0.018
[Epoch 19, Batch   202] loss: 0.015
[Epoch 19, Batch   302] loss: 0.018
[Epoch 19, Batch   402] loss: 0.021
[Epoch 19, Batch   502] loss: 0.018
[Epoch 19, Batch   602] loss: 0.015
Epoch 19/20:
Train Loss: 0.0015, Train Accuracy: 99.43%
Validation Loss: 0.0308, Validation Accuracy: 99.10%
[Epoch 20, Batch     2] loss: 0.000
[Epoch 20, Batch   102] loss: 0.007
[Epoch 20, Batch   202] loss: 0.011
[Epoch 20, Batch   302] loss: 0.012
[Epoch 20, Batch   402] loss: 0.022
[Epoch 20, Batch   502] loss: 0.016
[Epoch 20, Batch   602] loss: 0.019
Epoch 20/20:
Train Loss: 0.0012, Train Accuracy: 99.55%
Validation Loss: 0.0467, Validation Accuracy: 98.62%
Model saved to models/resnet18-MNIST-random-0.3-3
Modified conv1: updated in_channels to 1.
Modified fc layer: updated out_features to 10.
Initialized untrained model.
resnet18-MNIST-random-0.5-3
[Epoch 1, Batch     2] loss: 0.040
[Epoch 1, Batch   102] loss: 0.356
[Epoch 1, Batch   202] loss: 0.159
[Epoch 1, Batch   302] loss: 0.145
[Epoch 1, Batch   402] loss: 0.124
Epoch 1/20:
Train Loss: 0.0172, Train Accuracy: 94.01%
Validation Loss: 0.1042, Validation Accuracy: 96.82%
[Epoch 2, Batch     2] loss: 0.003
[Epoch 2, Batch   102] loss: 0.097
[Epoch 2, Batch   202] loss: 0.097
[Epoch 2, Batch   302] loss: 0.077
[Epoch 2, Batch   402] loss: 0.078
Epoch 2/20:
Train Loss: 0.0140, Train Accuracy: 97.31%
Validation Loss: 0.0598, Validation Accuracy: 98.14%
[Epoch 3, Batch     2] loss: 0.001
[Epoch 3, Batch   102] loss: 0.052
[Epoch 3, Batch   202] loss: 0.074
[Epoch 3, Batch   302] loss: 0.072
[Epoch 3, Batch   402] loss: 0.064
Epoch 3/20:
Train Loss: 0.0098, Train Accuracy: 98.03%
Validation Loss: 0.0559, Validation Accuracy: 98.36%
[Epoch 4, Batch     2] loss: 0.002
[Epoch 4, Batch   102] loss: 0.047
[Epoch 4, Batch   202] loss: 0.047
[Epoch 4, Batch   302] loss: 0.052
[Epoch 4, Batch   402] loss: 0.055
Epoch 4/20:
Train Loss: 0.0082, Train Accuracy: 98.49%
Validation Loss: 0.0497, Validation Accuracy: 98.50%
[Epoch 5, Batch     2] loss: 0.001
[Epoch 5, Batch   102] loss: 0.030
[Epoch 5, Batch   202] loss: 0.042
[Epoch 5, Batch   302] loss: 0.049
[Epoch 5, Batch   402] loss: 0.061
Epoch 5/20:
Train Loss: 0.0084, Train Accuracy: 98.46%
Validation Loss: 0.1069, Validation Accuracy: 96.90%
[Epoch 6, Batch     2] loss: 0.001
[Epoch 6, Batch   102] loss: 0.036
[Epoch 6, Batch   202] loss: 0.042
[Epoch 6, Batch   302] loss: 0.040
[Epoch 6, Batch   402] loss: 0.041
Epoch 6/20:
Train Loss: 0.0045, Train Accuracy: 98.81%
Validation Loss: 0.0414, Validation Accuracy: 98.77%
[Epoch 7, Batch     2] loss: 0.000
[Epoch 7, Batch   102] loss: 0.029
[Epoch 7, Batch   202] loss: 0.040
[Epoch 7, Batch   302] loss: 0.039
[Epoch 7, Batch   402] loss: 0.036
Epoch 7/20:
Train Loss: 0.0068, Train Accuracy: 98.87%
Validation Loss: 0.1038, Validation Accuracy: 96.92%
[Epoch 8, Batch     2] loss: 0.001
[Epoch 8, Batch   102] loss: 0.038
[Epoch 8, Batch   202] loss: 0.034
[Epoch 8, Batch   302] loss: 0.041
[Epoch 8, Batch   402] loss: 0.042
Epoch 8/20:
Train Loss: 0.0066, Train Accuracy: 98.78%
Validation Loss: 0.1010, Validation Accuracy: 96.86%
[Epoch 9, Batch     2] loss: 0.001
[Epoch 9, Batch   102] loss: 0.029
[Epoch 9, Batch   202] loss: 0.034
[Epoch 9, Batch   302] loss: 0.027
[Epoch 9, Batch   402] loss: 0.038
Epoch 9/20:
Train Loss: 0.0068, Train Accuracy: 98.92%
Validation Loss: 0.0453, Validation Accuracy: 98.52%
[Epoch 10, Batch     2] loss: 0.001
[Epoch 10, Batch   102] loss: 0.028
[Epoch 10, Batch   202] loss: 0.036
[Epoch 10, Batch   302] loss: 0.035
[Epoch 10, Batch   402] loss: 0.024
Epoch 10/20:
Train Loss: 0.0047, Train Accuracy: 99.09%
Validation Loss: 0.0494, Validation Accuracy: 98.51%
[Epoch 11, Batch     2] loss: 0.000
[Epoch 11, Batch   102] loss: 0.022
[Epoch 11, Batch   202] loss: 0.037
[Epoch 11, Batch   302] loss: 0.024
[Epoch 11, Batch   402] loss: 0.044
Epoch 11/20:
Train Loss: 0.0045, Train Accuracy: 99.00%
Validation Loss: 0.0411, Validation Accuracy: 98.76%
[Epoch 12, Batch     2] loss: 0.000
[Epoch 12, Batch   102] loss: 0.017
[Epoch 12, Batch   202] loss: 0.022
[Epoch 12, Batch   302] loss: 0.023
[Epoch 12, Batch   402] loss: 0.033
Epoch 12/20:
Train Loss: 0.0030, Train Accuracy: 99.31%
Validation Loss: 0.0524, Validation Accuracy: 98.46%
[Epoch 13, Batch     2] loss: 0.000
[Epoch 13, Batch   102] loss: 0.033
[Epoch 13, Batch   202] loss: 0.024
[Epoch 13, Batch   302] loss: 0.025
[Epoch 13, Batch   402] loss: 0.028
Epoch 13/20:
Train Loss: 0.0032, Train Accuracy: 99.15%
Validation Loss: 0.0353, Validation Accuracy: 98.89%
[Epoch 14, Batch     2] loss: 0.001
[Epoch 14, Batch   102] loss: 0.024
[Epoch 14, Batch   202] loss: 0.024
[Epoch 14, Batch   302] loss: 0.027
[Epoch 14, Batch   402] loss: 0.026
Epoch 14/20:
Train Loss: 0.0032, Train Accuracy: 99.21%
Validation Loss: 0.0447, Validation Accuracy: 98.69%
[Epoch 15, Batch     2] loss: 0.000
[Epoch 15, Batch   102] loss: 0.022
[Epoch 15, Batch   202] loss: 0.025
[Epoch 15, Batch   302] loss: 0.023
[Epoch 15, Batch   402] loss: 0.021
Epoch 15/20:
Train Loss: 0.0029, Train Accuracy: 99.36%
Validation Loss: 0.0394, Validation Accuracy: 98.96%
[Epoch 16, Batch     2] loss: 0.000
[Epoch 16, Batch   102] loss: 0.017
[Epoch 16, Batch   202] loss: 0.025
[Epoch 16, Batch   302] loss: 0.026
[Epoch 16, Batch   402] loss: 0.031
Epoch 16/20:
Train Loss: 0.0033, Train Accuracy: 99.27%
Validation Loss: 0.0411, Validation Accuracy: 98.82%
[Epoch 17, Batch     2] loss: 0.001
[Epoch 17, Batch   102] loss: 0.013
[Epoch 17, Batch   202] loss: 0.025
[Epoch 17, Batch   302] loss: 0.017
[Epoch 17, Batch   402] loss: 0.027
Epoch 17/20:
Train Loss: 0.0034, Train Accuracy: 99.33%
Validation Loss: 0.0531, Validation Accuracy: 98.52%
[Epoch 18, Batch     2] loss: 0.000
[Epoch 18, Batch   102] loss: 0.015
[Epoch 18, Batch   202] loss: 0.031
[Epoch 18, Batch   302] loss: 0.019
[Epoch 18, Batch   402] loss: 0.024
Epoch 18/20:
Train Loss: 0.0034, Train Accuracy: 99.32%
Validation Loss: 0.1042, Validation Accuracy: 97.46%
[Epoch 19, Batch     2] loss: 0.001
[Epoch 19, Batch   102] loss: 0.018
[Epoch 19, Batch   202] loss: 0.020
[Epoch 19, Batch   302] loss: 0.018
[Epoch 19, Batch   402] loss: 0.024
Epoch 19/20:
Train Loss: 0.0027, Train Accuracy: 99.35%
Validation Loss: 0.0391, Validation Accuracy: 98.79%
[Epoch 20, Batch     2] loss: 0.000
[Epoch 20, Batch   102] loss: 0.012
[Epoch 20, Batch   202] loss: 0.013
[Epoch 20, Batch   302] loss: 0.021
[Epoch 20, Batch   402] loss: 0.024
Epoch 20/20:
Train Loss: 0.0035, Train Accuracy: 99.42%
Validation Loss: 0.0470, Validation Accuracy: 98.55%
Model saved to models/resnet18-MNIST-random-0.5-3
Modified conv1: updated in_channels to 1.
Modified fc layer: updated out_features to 10.
Initialized untrained model.
resnet18-MNIST-random-0.7-3
[Epoch 1, Batch     2] loss: 0.041
[Epoch 1, Batch   102] loss: 0.345
[Epoch 1, Batch   202] loss: 0.170
Epoch 1/20:
Train Loss: 0.0413, Train Accuracy: 92.47%
Validation Loss: 0.1660, Validation Accuracy: 94.98%
[Epoch 2, Batch     2] loss: 0.003
[Epoch 2, Batch   102] loss: 0.113
[Epoch 2, Batch   202] loss: 0.109
Epoch 2/20:
Train Loss: 0.0269, Train Accuracy: 96.80%
Validation Loss: 0.1194, Validation Accuracy: 96.17%
[Epoch 3, Batch     2] loss: 0.001
[Epoch 3, Batch   102] loss: 0.071
[Epoch 3, Batch   202] loss: 0.076
Epoch 3/20:
Train Loss: 0.0223, Train Accuracy: 97.70%
Validation Loss: 0.1651, Validation Accuracy: 94.92%
[Epoch 4, Batch     2] loss: 0.002
[Epoch 4, Batch   102] loss: 0.068
[Epoch 4, Batch   202] loss: 0.053
Epoch 4/20:
Train Loss: 0.0180, Train Accuracy: 98.00%
Validation Loss: 0.2242, Validation Accuracy: 94.04%
[Epoch 5, Batch     2] loss: 0.001
[Epoch 5, Batch   102] loss: 0.053
[Epoch 5, Batch   202] loss: 0.048
Epoch 5/20:
Train Loss: 0.0136, Train Accuracy: 98.44%
Validation Loss: 0.0652, Validation Accuracy: 97.88%
[Epoch 6, Batch     2] loss: 0.001
[Epoch 6, Batch   102] loss: 0.039
[Epoch 6, Batch   202] loss: 0.046
Epoch 6/20:
Train Loss: 0.0121, Train Accuracy: 98.70%
Validation Loss: 0.0910, Validation Accuracy: 97.40%
[Epoch 7, Batch     2] loss: 0.001
[Epoch 7, Batch   102] loss: 0.028
[Epoch 7, Batch   202] loss: 0.036
Epoch 7/20:
Train Loss: 0.0117, Train Accuracy: 98.84%
Validation Loss: 0.0452, Validation Accuracy: 98.56%
[Epoch 8, Batch     2] loss: 0.000
[Epoch 8, Batch   102] loss: 0.032
[Epoch 8, Batch   202] loss: 0.034
Epoch 8/20:
Train Loss: 0.0140, Train Accuracy: 98.86%
Validation Loss: 0.0541, Validation Accuracy: 98.32%
[Epoch 9, Batch     2] loss: 0.000
[Epoch 9, Batch   102] loss: 0.033
[Epoch 9, Batch   202] loss: 0.040
Epoch 9/20:
Train Loss: 0.0098, Train Accuracy: 98.86%
Validation Loss: 0.0877, Validation Accuracy: 97.40%
[Epoch 10, Batch     2] loss: 0.001
[Epoch 10, Batch   102] loss: 0.022
[Epoch 10, Batch   202] loss: 0.044
Epoch 10/20:
Train Loss: 0.0104, Train Accuracy: 99.00%
Validation Loss: 0.0605, Validation Accuracy: 98.25%
[Epoch 11, Batch     2] loss: 0.001
[Epoch 11, Batch   102] loss: 0.028
[Epoch 11, Batch   202] loss: 0.030
Epoch 11/20:
Train Loss: 0.0096, Train Accuracy: 99.04%
Validation Loss: 0.0435, Validation Accuracy: 98.71%
[Epoch 12, Batch     2] loss: 0.000
[Epoch 12, Batch   102] loss: 0.026
[Epoch 12, Batch   202] loss: 0.028
Epoch 12/20:
Train Loss: 0.0084, Train Accuracy: 99.20%
Validation Loss: 0.0891, Validation Accuracy: 97.48%
[Epoch 13, Batch     2] loss: 0.001
[Epoch 13, Batch   102] loss: 0.030
[Epoch 13, Batch   202] loss: 0.024
Epoch 13/20:
Train Loss: 0.0117, Train Accuracy: 99.09%
Validation Loss: 0.0871, Validation Accuracy: 97.38%
[Epoch 14, Batch     2] loss: 0.001
[Epoch 14, Batch   102] loss: 0.019
[Epoch 14, Batch   202] loss: 0.018
Epoch 14/20:
Train Loss: 0.0057, Train Accuracy: 99.47%
Validation Loss: 0.0709, Validation Accuracy: 98.17%
[Epoch 15, Batch     2] loss: 0.000
[Epoch 15, Batch   102] loss: 0.024
[Epoch 15, Batch   202] loss: 0.026
Epoch 15/20:
Train Loss: 0.0085, Train Accuracy: 99.21%
Validation Loss: 0.0569, Validation Accuracy: 98.32%
[Epoch 16, Batch     2] loss: 0.000
[Epoch 16, Batch   102] loss: 0.030
[Epoch 16, Batch   202] loss: 0.027
Epoch 16/20:
Train Loss: 0.0088, Train Accuracy: 99.10%
Validation Loss: 0.0621, Validation Accuracy: 98.28%
[Epoch 17, Batch     2] loss: 0.000
[Epoch 17, Batch   102] loss: 0.027
[Epoch 17, Batch   202] loss: 0.022
Epoch 17/20:
Train Loss: 0.0063, Train Accuracy: 99.28%
Validation Loss: 0.0572, Validation Accuracy: 98.33%
[Epoch 18, Batch     2] loss: 0.000
[Epoch 18, Batch   102] loss: 0.011
[Epoch 18, Batch   202] loss: 0.020
Epoch 18/20:
Train Loss: 0.0085, Train Accuracy: 99.38%
Validation Loss: 0.0532, Validation Accuracy: 98.47%
[Epoch 19, Batch     2] loss: 0.000
[Epoch 19, Batch   102] loss: 0.018
[Epoch 19, Batch   202] loss: 0.020
Epoch 19/20:
Train Loss: 0.0053, Train Accuracy: 99.40%
Validation Loss: 0.1030, Validation Accuracy: 97.32%
[Epoch 20, Batch     2] loss: 0.000
[Epoch 20, Batch   102] loss: 0.016
[Epoch 20, Batch   202] loss: 0.023
Epoch 20/20:
Train Loss: 0.0080, Train Accuracy: 99.32%
Validation Loss: 0.0574, Validation Accuracy: 98.25%
Model saved to models/resnet18-MNIST-random-0.7-3
Modified conv1: updated in_channels to 1.
Modified fc layer: updated out_features to 10.
Initialized untrained model.
resnet18-MNIST-random-0.8-3
[Epoch 1, Batch     2] loss: 0.042
[Epoch 1, Batch   102] loss: 0.358
Epoch 1/20:
Train Loss: 0.0716, Train Accuracy: 91.39%
Validation Loss: 0.1734, Validation Accuracy: 94.50%
[Epoch 2, Batch     2] loss: 0.003
[Epoch 2, Batch   102] loss: 0.117
Epoch 2/20:
Train Loss: 0.0535, Train Accuracy: 96.50%
Validation Loss: 0.0924, Validation Accuracy: 97.18%
[Epoch 3, Batch     2] loss: 0.001
[Epoch 3, Batch   102] loss: 0.085
Epoch 3/20:
Train Loss: 0.0360, Train Accuracy: 97.64%
Validation Loss: 0.1657, Validation Accuracy: 94.61%
[Epoch 4, Batch     2] loss: 0.002
[Epoch 4, Batch   102] loss: 0.070
Epoch 4/20:
Train Loss: 0.0362, Train Accuracy: 97.88%
Validation Loss: 0.1085, Validation Accuracy: 96.61%
[Epoch 5, Batch     2] loss: 0.000
[Epoch 5, Batch   102] loss: 0.059
Epoch 5/20:
Train Loss: 0.0279, Train Accuracy: 98.02%
Validation Loss: 0.0781, Validation Accuracy: 97.71%
[Epoch 6, Batch     2] loss: 0.002
[Epoch 6, Batch   102] loss: 0.051
Epoch 6/20:
Train Loss: 0.0231, Train Accuracy: 98.44%
Validation Loss: 0.0676, Validation Accuracy: 98.18%
[Epoch 7, Batch     2] loss: 0.000
[Epoch 7, Batch   102] loss: 0.040
Epoch 7/20:
Train Loss: 0.0194, Train Accuracy: 98.72%
Validation Loss: 0.0798, Validation Accuracy: 97.67%
[Epoch 8, Batch     2] loss: 0.000
[Epoch 8, Batch   102] loss: 0.034
Epoch 8/20:
Train Loss: 0.0227, Train Accuracy: 98.67%
Validation Loss: 0.0728, Validation Accuracy: 97.83%
[Epoch 9, Batch     2] loss: 0.001
[Epoch 9, Batch   102] loss: 0.028
Epoch 9/20:
Train Loss: 0.0169, Train Accuracy: 99.07%
Validation Loss: 0.0939, Validation Accuracy: 97.26%
[Epoch 10, Batch     2] loss: 0.000
[Epoch 10, Batch   102] loss: 0.027
Epoch 10/20:
Train Loss: 0.0151, Train Accuracy: 98.97%
Validation Loss: 0.1043, Validation Accuracy: 97.05%
[Epoch 11, Batch     2] loss: 0.001
[Epoch 11, Batch   102] loss: 0.031
Epoch 11/20:
Train Loss: 0.0117, Train Accuracy: 99.00%
Validation Loss: 0.0769, Validation Accuracy: 97.64%
[Epoch 12, Batch     2] loss: 0.000
[Epoch 12, Batch   102] loss: 0.030
Epoch 12/20:
Train Loss: 0.0181, Train Accuracy: 98.91%
Validation Loss: 0.0952, Validation Accuracy: 97.41%
[Epoch 13, Batch     2] loss: 0.000
[Epoch 13, Batch   102] loss: 0.035
Epoch 13/20:
Train Loss: 0.0119, Train Accuracy: 99.16%
Validation Loss: 0.0597, Validation Accuracy: 98.32%
[Epoch 14, Batch     2] loss: 0.000
[Epoch 14, Batch   102] loss: 0.024
Epoch 14/20:
Train Loss: 0.0082, Train Accuracy: 99.40%
Validation Loss: 0.0566, Validation Accuracy: 98.37%
[Epoch 15, Batch     2] loss: 0.000
[Epoch 15, Batch   102] loss: 0.027
Epoch 15/20:
Train Loss: 0.0084, Train Accuracy: 99.32%
Validation Loss: 0.0715, Validation Accuracy: 98.12%
[Epoch 16, Batch     2] loss: 0.001
[Epoch 16, Batch   102] loss: 0.019
Epoch 16/20:
Train Loss: 0.0172, Train Accuracy: 99.11%
Validation Loss: 0.0575, Validation Accuracy: 98.31%
[Epoch 17, Batch     2] loss: 0.000
[Epoch 17, Batch   102] loss: 0.018
Epoch 17/20:
Train Loss: 0.0132, Train Accuracy: 99.38%
Validation Loss: 0.0616, Validation Accuracy: 98.17%
[Epoch 18, Batch     2] loss: 0.001
[Epoch 18, Batch   102] loss: 0.022
Epoch 18/20:
Train Loss: 0.0131, Train Accuracy: 99.17%
Validation Loss: 0.0674, Validation Accuracy: 98.00%
[Epoch 19, Batch     2] loss: 0.000
[Epoch 19, Batch   102] loss: 0.023
Epoch 19/20:
Train Loss: 0.0072, Train Accuracy: 99.48%
Validation Loss: 0.0662, Validation Accuracy: 98.19%
[Epoch 20, Batch     2] loss: 0.000
[Epoch 20, Batch   102] loss: 0.019
Epoch 20/20:
Train Loss: 0.0067, Train Accuracy: 99.52%
Validation Loss: 0.0666, Validation Accuracy: 98.16%
Model saved to models/resnet18-MNIST-random-0.8-3
Modified conv1: updated in_channels to 1.
Modified fc layer: updated out_features to 10.
Initialized untrained model.
resnet18-MNIST-random-0.9-3
[Epoch 1, Batch     2] loss: 0.044
Epoch 1/20:
Train Loss: 0.3574, Train Accuracy: 87.08%
Validation Loss: 0.2260, Validation Accuracy: 93.03%
[Epoch 2, Batch     2] loss: 0.003
Epoch 2/20:
Train Loss: 0.1357, Train Accuracy: 95.68%
Validation Loss: 0.2128, Validation Accuracy: 93.71%
[Epoch 3, Batch     2] loss: 0.001
Epoch 3/20:
Train Loss: 0.1252, Train Accuracy: 96.24%
Validation Loss: 0.1529, Validation Accuracy: 95.18%
[Epoch 4, Batch     2] loss: 0.001
Epoch 4/20:
Train Loss: 0.0828, Train Accuracy: 97.30%
Validation Loss: 0.1161, Validation Accuracy: 96.60%
[Epoch 5, Batch     2] loss: 0.001
Epoch 5/20:
Train Loss: 0.0722, Train Accuracy: 97.85%
Validation Loss: 0.1423, Validation Accuracy: 95.55%
[Epoch 6, Batch     2] loss: 0.000
Epoch 6/20:
Train Loss: 0.0586, Train Accuracy: 98.24%
Validation Loss: 0.1820, Validation Accuracy: 94.96%
[Epoch 7, Batch     2] loss: 0.002
Epoch 7/20:
Train Loss: 0.0574, Train Accuracy: 98.12%
Validation Loss: 0.0858, Validation Accuracy: 97.71%
[Epoch 8, Batch     2] loss: 0.001
Epoch 8/20:
Train Loss: 0.0443, Train Accuracy: 98.44%
Validation Loss: 0.2375, Validation Accuracy: 93.14%
[Epoch 9, Batch     2] loss: 0.001
Epoch 9/20:
Train Loss: 0.0398, Train Accuracy: 98.79%
Validation Loss: 0.1381, Validation Accuracy: 96.17%
[Epoch 10, Batch     2] loss: 0.000
Epoch 10/20:
Train Loss: 0.0492, Train Accuracy: 98.45%
Validation Loss: 0.1066, Validation Accuracy: 97.12%
[Epoch 11, Batch     2] loss: 0.000
Epoch 11/20:
Train Loss: 0.0426, Train Accuracy: 98.50%
Validation Loss: 0.0744, Validation Accuracy: 97.81%
[Epoch 12, Batch     2] loss: 0.000
Epoch 12/20:
Train Loss: 0.0199, Train Accuracy: 99.36%
Validation Loss: 0.0987, Validation Accuracy: 97.26%
[Epoch 13, Batch     2] loss: 0.000
Epoch 13/20:
Train Loss: 0.0295, Train Accuracy: 99.16%
Validation Loss: 0.1138, Validation Accuracy: 96.90%
[Epoch 14, Batch     2] loss: 0.000
Epoch 14/20:
Train Loss: 0.0314, Train Accuracy: 98.94%
Validation Loss: 0.0846, Validation Accuracy: 97.69%
[Epoch 15, Batch     2] loss: 0.000
Epoch 15/20:
Train Loss: 0.0155, Train Accuracy: 99.63%
Validation Loss: 0.0860, Validation Accuracy: 97.60%
[Epoch 16, Batch     2] loss: 0.000
Epoch 16/20:
Train Loss: 0.0124, Train Accuracy: 99.60%
Validation Loss: 0.0612, Validation Accuracy: 98.40%
[Epoch 17, Batch     2] loss: 0.000
Epoch 17/20:
Train Loss: 0.0112, Train Accuracy: 99.61%
Validation Loss: 0.0762, Validation Accuracy: 98.07%
[Epoch 18, Batch     2] loss: 0.000
Epoch 18/20:
Train Loss: 0.0460, Train Accuracy: 98.52%
Validation Loss: 0.3282, Validation Accuracy: 92.28%
[Epoch 19, Batch     2] loss: 0.002
Epoch 19/20:
Train Loss: 0.0472, Train Accuracy: 98.67%
Validation Loss: 0.1523, Validation Accuracy: 96.27%
[Epoch 20, Batch     2] loss: 0.000
Epoch 20/20:
Train Loss: 0.0340, Train Accuracy: 98.82%
Validation Loss: 0.0734, Validation Accuracy: 98.06%
Model saved to models/resnet18-MNIST-random-0.9-3
Modified conv1: updated in_channels to 1.
Modified fc layer: updated out_features to 10.
Initialized untrained model.
resnet18-MNIST-random-0.95-3
[Epoch 1, Batch     2] loss: 0.046
Epoch 1/20:
Train Loss: 0.4496, Train Accuracy: 82.07%
Validation Loss: 0.4134, Validation Accuracy: 87.13%
[Epoch 2, Batch     2] loss: 0.003
Epoch 2/20:
Train Loss: 0.1395, Train Accuracy: 95.48%
Validation Loss: 0.2892, Validation Accuracy: 91.28%
[Epoch 3, Batch     2] loss: 0.003
Epoch 3/20:
Train Loss: 0.1253, Train Accuracy: 95.79%
Validation Loss: 0.5535, Validation Accuracy: 84.42%
[Epoch 4, Batch     2] loss: 0.002
Epoch 4/20:
Train Loss: 0.0968, Train Accuracy: 96.98%
Validation Loss: 0.1445, Validation Accuracy: 95.62%
[Epoch 5, Batch     2] loss: 0.000
Epoch 5/20:
Train Loss: 0.0624, Train Accuracy: 97.89%
Validation Loss: 0.2187, Validation Accuracy: 93.67%
[Epoch 6, Batch     2] loss: 0.001
Epoch 6/20:
Train Loss: 0.0552, Train Accuracy: 98.27%
Validation Loss: 0.2692, Validation Accuracy: 92.75%
[Epoch 7, Batch     2] loss: 0.000
Epoch 7/20:
Train Loss: 0.0445, Train Accuracy: 98.34%
Validation Loss: 0.2557, Validation Accuracy: 93.33%
[Epoch 8, Batch     2] loss: 0.001
Epoch 8/20:
Train Loss: 0.0414, Train Accuracy: 98.78%
Validation Loss: 0.2065, Validation Accuracy: 94.18%
[Epoch 9, Batch     2] loss: 0.000
Epoch 9/20:
Train Loss: 0.0572, Train Accuracy: 98.10%
Validation Loss: 0.1600, Validation Accuracy: 95.36%
[Epoch 10, Batch     2] loss: 0.001
Epoch 10/20:
Train Loss: 0.0676, Train Accuracy: 97.69%
Validation Loss: 0.1929, Validation Accuracy: 94.86%
[Epoch 11, Batch     2] loss: 0.000
Epoch 11/20:
Train Loss: 0.0534, Train Accuracy: 98.37%
Validation Loss: 0.1842, Validation Accuracy: 94.81%
[Epoch 12, Batch     2] loss: 0.000
Epoch 12/20:
Train Loss: 0.0263, Train Accuracy: 99.18%
Validation Loss: 0.1592, Validation Accuracy: 95.87%
[Epoch 13, Batch     2] loss: 0.000
Epoch 13/20:
Train Loss: 0.0232, Train Accuracy: 99.39%
Validation Loss: 0.1519, Validation Accuracy: 96.00%
[Epoch 14, Batch     2] loss: 0.000
Epoch 14/20:
Train Loss: 0.0243, Train Accuracy: 99.25%
Validation Loss: 0.1513, Validation Accuracy: 96.05%
[Epoch 15, Batch     2] loss: 0.001
Epoch 15/20:
Train Loss: 0.0225, Train Accuracy: 98.98%
Validation Loss: 0.1960, Validation Accuracy: 94.83%
[Epoch 16, Batch     2] loss: 0.000
Epoch 16/20:
Train Loss: 0.0156, Train Accuracy: 99.49%
Validation Loss: 0.1293, Validation Accuracy: 96.79%
[Epoch 17, Batch     2] loss: 0.001
Epoch 17/20:
Train Loss: 0.0111, Train Accuracy: 99.52%
Validation Loss: 0.1452, Validation Accuracy: 96.28%
[Epoch 18, Batch     2] loss: 0.000
Epoch 18/20:
Train Loss: 0.0094, Train Accuracy: 99.73%
Validation Loss: 0.2187, Validation Accuracy: 95.06%
[Epoch 19, Batch     2] loss: 0.000
Epoch 19/20:
Train Loss: 0.0263, Train Accuracy: 99.25%
Validation Loss: 0.2795, Validation Accuracy: 93.29%
[Epoch 20, Batch     2] loss: 0.001
Epoch 20/20:
Train Loss: 0.0321, Train Accuracy: 99.08%
Validation Loss: 0.2748, Validation Accuracy: 92.65%
Model saved to models/resnet18-MNIST-random-0.95-3
Modified conv1: updated in_channels to 1.
Modified fc layer: updated out_features to 10.
Loaded weights from file: models/resnet18_MNIST_E1_3
Modified conv1: updated in_channels to 1.
Modified fc layer: updated out_features to 10.
Initialized untrained model.
resnet18-MNIST-EVIDENCE-balanced_by_score-0.3-3
[Epoch 1, Batch     2] loss: 0.044
[Epoch 1, Batch   102] loss: 0.347
[Epoch 1, Batch   202] loss: 0.169
[Epoch 1, Batch   302] loss: 0.153
[Epoch 1, Batch   402] loss: 0.133
[Epoch 1, Batch   502] loss: 0.115
[Epoch 1, Batch   602] loss: 0.103
Epoch 1/20:
Train Loss: 0.0095, Train Accuracy: 94.75%
Validation Loss: 0.0827, Validation Accuracy: 97.44%
[Epoch 2, Batch     2] loss: 0.002
[Epoch 2, Batch   102] loss: 0.076
[Epoch 2, Batch   202] loss: 0.080
[Epoch 2, Batch   302] loss: 0.089
[Epoch 2, Batch   402] loss: 0.072
[Epoch 2, Batch   502] loss: 0.068
[Epoch 2, Batch   602] loss: 0.072
Epoch 2/20:
Train Loss: 0.0043, Train Accuracy: 97.70%
Validation Loss: 0.0429, Validation Accuracy: 98.65%
[Epoch 3, Batch     2] loss: 0.001
[Epoch 3, Batch   102] loss: 0.065
[Epoch 3, Batch   202] loss: 0.047
[Epoch 3, Batch   302] loss: 0.061
[Epoch 3, Batch   402] loss: 0.054
[Epoch 3, Batch   502] loss: 0.056
[Epoch 3, Batch   602] loss: 0.056
Epoch 3/20:
Train Loss: 0.0061, Train Accuracy: 98.27%
Validation Loss: 0.0546, Validation Accuracy: 98.30%
[Epoch 4, Batch     2] loss: 0.000
[Epoch 4, Batch   102] loss: 0.043
[Epoch 4, Batch   202] loss: 0.045
[Epoch 4, Batch   302] loss: 0.052
[Epoch 4, Batch   402] loss: 0.054
[Epoch 4, Batch   502] loss: 0.055
[Epoch 4, Batch   602] loss: 0.045
Epoch 4/20:
Train Loss: 0.0050, Train Accuracy: 98.50%
Validation Loss: 0.0459, Validation Accuracy: 98.56%
[Epoch 5, Batch     2] loss: 0.000
[Epoch 5, Batch   102] loss: 0.037
[Epoch 5, Batch   202] loss: 0.038
[Epoch 5, Batch   302] loss: 0.045
[Epoch 5, Batch   402] loss: 0.054
[Epoch 5, Batch   502] loss: 0.043
[Epoch 5, Batch   602] loss: 0.050
Epoch 5/20:
Train Loss: 0.0037, Train Accuracy: 98.62%
Validation Loss: 0.0535, Validation Accuracy: 98.33%
[Epoch 6, Batch     2] loss: 0.000
[Epoch 6, Batch   102] loss: 0.039
[Epoch 6, Batch   202] loss: 0.031
[Epoch 6, Batch   302] loss: 0.040
[Epoch 6, Batch   402] loss: 0.044
[Epoch 6, Batch   502] loss: 0.043
[Epoch 6, Batch   602] loss: 0.038
Epoch 6/20:
Train Loss: 0.0024, Train Accuracy: 98.82%
Validation Loss: 0.0584, Validation Accuracy: 98.28%
[Epoch 7, Batch     2] loss: 0.000
[Epoch 7, Batch   102] loss: 0.034
[Epoch 7, Batch   202] loss: 0.030
[Epoch 7, Batch   302] loss: 0.035
[Epoch 7, Batch   402] loss: 0.051
[Epoch 7, Batch   502] loss: 0.042
[Epoch 7, Batch   602] loss: 0.038
Epoch 7/20:
Train Loss: 0.0037, Train Accuracy: 98.84%
Validation Loss: 0.0340, Validation Accuracy: 98.91%
[Epoch 8, Batch     2] loss: 0.000
[Epoch 8, Batch   102] loss: 0.029
[Epoch 8, Batch   202] loss: 0.032
[Epoch 8, Batch   302] loss: 0.037
[Epoch 8, Batch   402] loss: 0.044
[Epoch 8, Batch   502] loss: 0.032
[Epoch 8, Batch   602] loss: 0.039
Epoch 8/20:
Train Loss: 0.0031, Train Accuracy: 98.95%
Validation Loss: 0.0375, Validation Accuracy: 98.84%
[Epoch 9, Batch     2] loss: 0.000
[Epoch 9, Batch   102] loss: 0.028
[Epoch 9, Batch   202] loss: 0.039
[Epoch 9, Batch   302] loss: 0.032
[Epoch 9, Batch   402] loss: 0.037
[Epoch 9, Batch   502] loss: 0.041
[Epoch 9, Batch   602] loss: 0.038
Epoch 9/20:
Train Loss: 0.0025, Train Accuracy: 98.97%
Validation Loss: 0.0356, Validation Accuracy: 98.87%
[Epoch 10, Batch     2] loss: 0.000
[Epoch 10, Batch   102] loss: 0.029
[Epoch 10, Batch   202] loss: 0.028
[Epoch 10, Batch   302] loss: 0.024
[Epoch 10, Batch   402] loss: 0.027
[Epoch 10, Batch   502] loss: 0.040
[Epoch 10, Batch   602] loss: 0.030
Epoch 10/20:
Train Loss: 0.0026, Train Accuracy: 99.12%
Validation Loss: 0.0362, Validation Accuracy: 98.83%
[Epoch 11, Batch     2] loss: 0.000
[Epoch 11, Batch   102] loss: 0.028
[Epoch 11, Batch   202] loss: 0.030
[Epoch 11, Batch   302] loss: 0.023
[Epoch 11, Batch   402] loss: 0.022
[Epoch 11, Batch   502] loss: 0.030
[Epoch 11, Batch   602] loss: 0.034
Epoch 11/20:
Train Loss: 0.0037, Train Accuracy: 99.08%
Validation Loss: 0.0350, Validation Accuracy: 98.95%
[Epoch 12, Batch     2] loss: 0.001
[Epoch 12, Batch   102] loss: 0.023
[Epoch 12, Batch   202] loss: 0.022
[Epoch 12, Batch   302] loss: 0.031
[Epoch 12, Batch   402] loss: 0.024
[Epoch 12, Batch   502] loss: 0.027
[Epoch 12, Batch   602] loss: 0.022
Epoch 12/20:
Train Loss: 0.0025, Train Accuracy: 99.24%
Validation Loss: 0.0533, Validation Accuracy: 98.41%
[Epoch 13, Batch     2] loss: 0.000
[Epoch 13, Batch   102] loss: 0.020
[Epoch 13, Batch   202] loss: 0.026
[Epoch 13, Batch   302] loss: 0.036
[Epoch 13, Batch   402] loss: 0.031
[Epoch 13, Batch   502] loss: 0.020
[Epoch 13, Batch   602] loss: 0.019
Epoch 13/20:
Train Loss: 0.0026, Train Accuracy: 99.29%
Validation Loss: 0.0377, Validation Accuracy: 98.80%
[Epoch 14, Batch     2] loss: 0.000
[Epoch 14, Batch   102] loss: 0.021
[Epoch 14, Batch   202] loss: 0.027
[Epoch 14, Batch   302] loss: 0.024
[Epoch 14, Batch   402] loss: 0.020
[Epoch 14, Batch   502] loss: 0.014
[Epoch 14, Batch   602] loss: 0.029
Epoch 14/20:
Train Loss: 0.0020, Train Accuracy: 99.30%
Validation Loss: 0.0582, Validation Accuracy: 98.48%
[Epoch 15, Batch     2] loss: 0.001
[Epoch 15, Batch   102] loss: 0.023
[Epoch 15, Batch   202] loss: 0.015
[Epoch 15, Batch   302] loss: 0.019
[Epoch 15, Batch   402] loss: 0.038
[Epoch 15, Batch   502] loss: 0.022
[Epoch 15, Batch   602] loss: 0.024
Epoch 15/20:
Train Loss: 0.0019, Train Accuracy: 99.29%
Validation Loss: 0.0362, Validation Accuracy: 98.84%
[Epoch 16, Batch     2] loss: 0.000
[Epoch 16, Batch   102] loss: 0.014
[Epoch 16, Batch   202] loss: 0.013
[Epoch 16, Batch   302] loss: 0.026
[Epoch 16, Batch   402] loss: 0.020
[Epoch 16, Batch   502] loss: 0.021
[Epoch 16, Batch   602] loss: 0.033
Epoch 16/20:
Train Loss: 0.0013, Train Accuracy: 99.37%
Validation Loss: 0.0340, Validation Accuracy: 98.97%
[Epoch 17, Batch     2] loss: 0.001
[Epoch 17, Batch   102] loss: 0.010
[Epoch 17, Batch   202] loss: 0.009
[Epoch 17, Batch   302] loss: 0.021
[Epoch 17, Batch   402] loss: 0.026
[Epoch 17, Batch   502] loss: 0.024
[Epoch 17, Batch   602] loss: 0.023
Epoch 17/20:
Train Loss: 0.0019, Train Accuracy: 99.40%
Validation Loss: 0.0409, Validation Accuracy: 98.80%
[Epoch 18, Batch     2] loss: 0.000
[Epoch 18, Batch   102] loss: 0.020
[Epoch 18, Batch   202] loss: 0.019
[Epoch 18, Batch   302] loss: 0.015
[Epoch 18, Batch   402] loss: 0.024
[Epoch 18, Batch   502] loss: 0.015
[Epoch 18, Batch   602] loss: 0.019
Epoch 18/20:
Train Loss: 0.0021, Train Accuracy: 99.39%
Validation Loss: 0.0377, Validation Accuracy: 98.90%
[Epoch 19, Batch     2] loss: 0.000
[Epoch 19, Batch   102] loss: 0.016
[Epoch 19, Batch   202] loss: 0.012
[Epoch 19, Batch   302] loss: 0.020
[Epoch 19, Batch   402] loss: 0.019
[Epoch 19, Batch   502] loss: 0.018
[Epoch 19, Batch   602] loss: 0.014
Epoch 19/20:
Train Loss: 0.0027, Train Accuracy: 99.49%
Validation Loss: 0.0425, Validation Accuracy: 98.77%
[Epoch 20, Batch     2] loss: 0.000
[Epoch 20, Batch   102] loss: 0.015
[Epoch 20, Batch   202] loss: 0.011
[Epoch 20, Batch   302] loss: 0.011
[Epoch 20, Batch   402] loss: 0.016
[Epoch 20, Batch   502] loss: 0.018
[Epoch 20, Batch   602] loss: 0.016
Epoch 20/20:
Train Loss: 0.0023, Train Accuracy: 99.54%
Validation Loss: 0.0309, Validation Accuracy: 99.13%
Model saved to models/resnet18-MNIST-EVIDENCE-balanced_by_score-0.3-3
Modified conv1: updated in_channels to 1.
Modified fc layer: updated out_features to 10.
Initialized untrained model.
resnet18-MNIST-EVIDENCE-balanced_by_score-0.5-3
[Epoch 1, Batch     2] loss: 0.042
[Epoch 1, Batch   102] loss: 0.329
[Epoch 1, Batch   202] loss: 0.203
[Epoch 1, Batch   302] loss: 0.149
[Epoch 1, Batch   402] loss: 0.124
Epoch 1/20:
Train Loss: 0.0176, Train Accuracy: 93.97%
Validation Loss: 0.0856, Validation Accuracy: 97.40%
[Epoch 2, Batch     2] loss: 0.002
[Epoch 2, Batch   102] loss: 0.087
[Epoch 2, Batch   202] loss: 0.092
[Epoch 2, Batch   302] loss: 0.084
[Epoch 2, Batch   402] loss: 0.082
Epoch 2/20:
Train Loss: 0.0125, Train Accuracy: 97.33%
Validation Loss: 0.0740, Validation Accuracy: 97.75%
[Epoch 3, Batch     2] loss: 0.002
[Epoch 3, Batch   102] loss: 0.070
[Epoch 3, Batch   202] loss: 0.079
[Epoch 3, Batch   302] loss: 0.066
[Epoch 3, Batch   402] loss: 0.062
Epoch 3/20:
Train Loss: 0.0087, Train Accuracy: 97.97%
Validation Loss: 0.0498, Validation Accuracy: 98.40%
[Epoch 4, Batch     2] loss: 0.000
[Epoch 4, Batch   102] loss: 0.052
[Epoch 4, Batch   202] loss: 0.050
[Epoch 4, Batch   302] loss: 0.054
[Epoch 4, Batch   402] loss: 0.056
Epoch 4/20:
Train Loss: 0.0085, Train Accuracy: 98.41%
Validation Loss: 0.0649, Validation Accuracy: 98.04%
[Epoch 5, Batch     2] loss: 0.002
[Epoch 5, Batch   102] loss: 0.037
[Epoch 5, Batch   202] loss: 0.046
[Epoch 5, Batch   302] loss: 0.057
[Epoch 5, Batch   402] loss: 0.053
Epoch 5/20:
Train Loss: 0.0055, Train Accuracy: 98.53%
Validation Loss: 0.0438, Validation Accuracy: 98.75%
[Epoch 6, Batch     2] loss: 0.001
[Epoch 6, Batch   102] loss: 0.041
[Epoch 6, Batch   202] loss: 0.035
[Epoch 6, Batch   302] loss: 0.042
[Epoch 6, Batch   402] loss: 0.037
Epoch 6/20:
Train Loss: 0.0074, Train Accuracy: 98.78%
Validation Loss: 0.0610, Validation Accuracy: 98.14%
[Epoch 7, Batch     2] loss: 0.002
[Epoch 7, Batch   102] loss: 0.036
[Epoch 7, Batch   202] loss: 0.038
[Epoch 7, Batch   302] loss: 0.045
[Epoch 7, Batch   402] loss: 0.036
Epoch 7/20:
Train Loss: 0.0073, Train Accuracy: 98.74%
Validation Loss: 0.0554, Validation Accuracy: 98.41%
[Epoch 8, Batch     2] loss: 0.001
[Epoch 8, Batch   102] loss: 0.025
[Epoch 8, Batch   202] loss: 0.036
[Epoch 8, Batch   302] loss: 0.032
[Epoch 8, Batch   402] loss: 0.046
Epoch 8/20:
Train Loss: 0.0068, Train Accuracy: 98.87%
Validation Loss: 0.0551, Validation Accuracy: 98.42%
[Epoch 9, Batch     2] loss: 0.000
[Epoch 9, Batch   102] loss: 0.033
[Epoch 9, Batch   202] loss: 0.035
[Epoch 9, Batch   302] loss: 0.036
[Epoch 9, Batch   402] loss: 0.034
Epoch 9/20:
Train Loss: 0.0044, Train Accuracy: 98.93%
Validation Loss: 0.1302, Validation Accuracy: 96.15%
[Epoch 10, Batch     2] loss: 0.001
[Epoch 10, Batch   102] loss: 0.031
[Epoch 10, Batch   202] loss: 0.026
[Epoch 10, Batch   302] loss: 0.035
[Epoch 10, Batch   402] loss: 0.031
Epoch 10/20:
Train Loss: 0.0054, Train Accuracy: 99.02%
Validation Loss: 0.0483, Validation Accuracy: 98.55%
[Epoch 11, Batch     2] loss: 0.000
[Epoch 11, Batch   102] loss: 0.024
[Epoch 11, Batch   202] loss: 0.032
[Epoch 11, Batch   302] loss: 0.030
[Epoch 11, Batch   402] loss: 0.028
Epoch 11/20:
Train Loss: 0.0062, Train Accuracy: 99.11%
Validation Loss: 0.0663, Validation Accuracy: 98.16%
[Epoch 12, Batch     2] loss: 0.001
[Epoch 12, Batch   102] loss: 0.026
[Epoch 12, Batch   202] loss: 0.025
[Epoch 12, Batch   302] loss: 0.037
[Epoch 12, Batch   402] loss: 0.031
Epoch 12/20:
Train Loss: 0.0051, Train Accuracy: 99.05%
Validation Loss: 0.0490, Validation Accuracy: 98.43%
[Epoch 13, Batch     2] loss: 0.000
[Epoch 13, Batch   102] loss: 0.021
[Epoch 13, Batch   202] loss: 0.022
[Epoch 13, Batch   302] loss: 0.036
[Epoch 13, Batch   402] loss: 0.023
Epoch 13/20:
Train Loss: 0.0037, Train Accuracy: 99.23%
Validation Loss: 0.0418, Validation Accuracy: 98.96%
[Epoch 14, Batch     2] loss: 0.000
[Epoch 14, Batch   102] loss: 0.027
[Epoch 14, Batch   202] loss: 0.031
[Epoch 14, Batch   302] loss: 0.022
[Epoch 14, Batch   402] loss: 0.034
Epoch 14/20:
Train Loss: 0.0048, Train Accuracy: 99.13%
Validation Loss: 0.0518, Validation Accuracy: 98.67%
[Epoch 15, Batch     2] loss: 0.000
[Epoch 15, Batch   102] loss: 0.020
[Epoch 15, Batch   202] loss: 0.024
[Epoch 15, Batch   302] loss: 0.029
[Epoch 15, Batch   402] loss: 0.024
Epoch 15/20:
Train Loss: 0.0035, Train Accuracy: 99.23%
Validation Loss: 0.0368, Validation Accuracy: 98.87%
[Epoch 16, Batch     2] loss: 0.000
[Epoch 16, Batch   102] loss: 0.020
[Epoch 16, Batch   202] loss: 0.017
[Epoch 16, Batch   302] loss: 0.023
[Epoch 16, Batch   402] loss: 0.027
Epoch 16/20:
Train Loss: 0.0019, Train Accuracy: 99.38%
Validation Loss: 0.0444, Validation Accuracy: 98.77%
[Epoch 17, Batch     2] loss: 0.000
[Epoch 17, Batch   102] loss: 0.019
[Epoch 17, Batch   202] loss: 0.023
[Epoch 17, Batch   302] loss: 0.029
[Epoch 17, Batch   402] loss: 0.028
Epoch 17/20:
Train Loss: 0.0021, Train Accuracy: 99.29%
Validation Loss: 0.0362, Validation Accuracy: 98.96%
[Epoch 18, Batch     2] loss: 0.000
[Epoch 18, Batch   102] loss: 0.012
[Epoch 18, Batch   202] loss: 0.024
[Epoch 18, Batch   302] loss: 0.023
[Epoch 18, Batch   402] loss: 0.024
Epoch 18/20:
Train Loss: 0.0043, Train Accuracy: 99.34%
Validation Loss: 0.0458, Validation Accuracy: 98.68%
[Epoch 19, Batch     2] loss: 0.001
[Epoch 19, Batch   102] loss: 0.020
[Epoch 19, Batch   202] loss: 0.023
[Epoch 19, Batch   302] loss: 0.026
[Epoch 19, Batch   402] loss: 0.017
Epoch 19/20:
Train Loss: 0.0016, Train Accuracy: 99.41%
Validation Loss: 0.0341, Validation Accuracy: 99.00%
[Epoch 20, Batch     2] loss: 0.000
[Epoch 20, Batch   102] loss: 0.013
[Epoch 20, Batch   202] loss: 0.027
[Epoch 20, Batch   302] loss: 0.025
[Epoch 20, Batch   402] loss: 0.024
Epoch 20/20:
Train Loss: 0.0017, Train Accuracy: 99.34%
Validation Loss: 0.0786, Validation Accuracy: 98.00%
Model saved to models/resnet18-MNIST-EVIDENCE-balanced_by_score-0.5-3
Modified conv1: updated in_channels to 1.
Modified fc layer: updated out_features to 10.
Initialized untrained model.
resnet18-MNIST-EVIDENCE-balanced_by_score-0.7-3
[Epoch 1, Batch     2] loss: 0.041
[Epoch 1, Batch   102] loss: 0.336
[Epoch 1, Batch   202] loss: 0.158
Epoch 1/20:
Train Loss: 0.0444, Train Accuracy: 92.84%
Validation Loss: 0.1173, Validation Accuracy: 96.31%
[Epoch 2, Batch     2] loss: 0.003
[Epoch 2, Batch   102] loss: 0.097
[Epoch 2, Batch   202] loss: 0.097
Epoch 2/20:
Train Loss: 0.0300, Train Accuracy: 96.91%
Validation Loss: 0.0891, Validation Accuracy: 97.36%
[Epoch 3, Batch     2] loss: 0.002
[Epoch 3, Batch   102] loss: 0.065
[Epoch 3, Batch   202] loss: 0.084
Epoch 3/20:
Train Loss: 0.0215, Train Accuracy: 97.69%
Validation Loss: 0.1105, Validation Accuracy: 96.67%
[Epoch 4, Batch     2] loss: 0.001
[Epoch 4, Batch   102] loss: 0.060
[Epoch 4, Batch   202] loss: 0.066
Epoch 4/20:
Train Loss: 0.0195, Train Accuracy: 97.88%
Validation Loss: 0.0722, Validation Accuracy: 97.86%
[Epoch 5, Batch     2] loss: 0.001
[Epoch 5, Batch   102] loss: 0.036
[Epoch 5, Batch   202] loss: 0.052
Epoch 5/20:
Train Loss: 0.0150, Train Accuracy: 98.52%
Validation Loss: 0.0674, Validation Accuracy: 97.99%
[Epoch 6, Batch     2] loss: 0.001
[Epoch 6, Batch   102] loss: 0.039
[Epoch 6, Batch   202] loss: 0.048
Epoch 6/20:
Train Loss: 0.0189, Train Accuracy: 98.43%
Validation Loss: 0.0807, Validation Accuracy: 97.69%
[Epoch 7, Batch     2] loss: 0.001
[Epoch 7, Batch   102] loss: 0.044
[Epoch 7, Batch   202] loss: 0.029
Epoch 7/20:
Train Loss: 0.0123, Train Accuracy: 98.84%
Validation Loss: 0.0740, Validation Accuracy: 97.71%
[Epoch 8, Batch     2] loss: 0.001
[Epoch 8, Batch   102] loss: 0.025
[Epoch 8, Batch   202] loss: 0.037
Epoch 8/20:
Train Loss: 0.0111, Train Accuracy: 98.99%
Validation Loss: 0.0846, Validation Accuracy: 97.42%
[Epoch 9, Batch     2] loss: 0.000
[Epoch 9, Batch   102] loss: 0.037
[Epoch 9, Batch   202] loss: 0.044
Epoch 9/20:
Train Loss: 0.0114, Train Accuracy: 98.73%
Validation Loss: 0.0407, Validation Accuracy: 98.81%
[Epoch 10, Batch     2] loss: 0.001
[Epoch 10, Batch   102] loss: 0.034
[Epoch 10, Batch   202] loss: 0.022
Epoch 10/20:
Train Loss: 0.0064, Train Accuracy: 99.18%
Validation Loss: 0.0681, Validation Accuracy: 97.99%
[Epoch 11, Batch     2] loss: 0.001
[Epoch 11, Batch   102] loss: 0.035
[Epoch 11, Batch   202] loss: 0.021
Epoch 11/20:
Train Loss: 0.0085, Train Accuracy: 99.14%
Validation Loss: 0.0637, Validation Accuracy: 98.38%
[Epoch 12, Batch     2] loss: 0.000
[Epoch 12, Batch   102] loss: 0.033
[Epoch 12, Batch   202] loss: 0.028
Epoch 12/20:
Train Loss: 0.0120, Train Accuracy: 98.91%
Validation Loss: 0.0521, Validation Accuracy: 98.32%
[Epoch 13, Batch     2] loss: 0.000
[Epoch 13, Batch   102] loss: 0.018
[Epoch 13, Batch   202] loss: 0.033
Epoch 13/20:
Train Loss: 0.0064, Train Accuracy: 99.20%
Validation Loss: 0.0567, Validation Accuracy: 98.26%
[Epoch 14, Batch     2] loss: 0.000
[Epoch 14, Batch   102] loss: 0.025
[Epoch 14, Batch   202] loss: 0.033
Epoch 14/20:
Train Loss: 0.0095, Train Accuracy: 99.16%
Validation Loss: 0.0712, Validation Accuracy: 97.93%
[Epoch 15, Batch     2] loss: 0.002
[Epoch 15, Batch   102] loss: 0.020
[Epoch 15, Batch   202] loss: 0.023
Epoch 15/20:
Train Loss: 0.0091, Train Accuracy: 99.28%
Validation Loss: 0.0454, Validation Accuracy: 98.64%
[Epoch 16, Batch     2] loss: 0.000
[Epoch 16, Batch   102] loss: 0.020
[Epoch 16, Batch   202] loss: 0.032
Epoch 16/20:
Train Loss: 0.0101, Train Accuracy: 99.14%
Validation Loss: 0.0476, Validation Accuracy: 98.56%
[Epoch 17, Batch     2] loss: 0.000
[Epoch 17, Batch   102] loss: 0.018
[Epoch 17, Batch   202] loss: 0.028
Epoch 17/20:
Train Loss: 0.0075, Train Accuracy: 99.28%
Validation Loss: 0.0459, Validation Accuracy: 98.75%
[Epoch 18, Batch     2] loss: 0.000
[Epoch 18, Batch   102] loss: 0.015
[Epoch 18, Batch   202] loss: 0.025
Epoch 18/20:
Train Loss: 0.0080, Train Accuracy: 99.36%
Validation Loss: 0.0483, Validation Accuracy: 98.63%
[Epoch 19, Batch     2] loss: 0.000
[Epoch 19, Batch   102] loss: 0.014
[Epoch 19, Batch   202] loss: 0.023
Epoch 19/20:
Train Loss: 0.0077, Train Accuracy: 99.41%
Validation Loss: 0.1268, Validation Accuracy: 97.06%
[Epoch 20, Batch     2] loss: 0.001
[Epoch 20, Batch   102] loss: 0.022
[Epoch 20, Batch   202] loss: 0.021
Epoch 20/20:
Train Loss: 0.0059, Train Accuracy: 99.38%
Validation Loss: 0.0602, Validation Accuracy: 98.44%
Model saved to models/resnet18-MNIST-EVIDENCE-balanced_by_score-0.7-3
Modified conv1: updated in_channels to 1.
Modified fc layer: updated out_features to 10.
Initialized untrained model.
resnet18-MNIST-EVIDENCE-balanced_by_score-0.8-3
[Epoch 1, Batch     2] loss: 0.046
[Epoch 1, Batch   102] loss: 0.322
Epoch 1/20:
Train Loss: 0.0824, Train Accuracy: 90.87%
Validation Loss: 0.1164, Validation Accuracy: 96.32%
[Epoch 2, Batch     2] loss: 0.001
[Epoch 2, Batch   102] loss: 0.114
Epoch 2/20:
Train Loss: 0.0539, Train Accuracy: 96.54%
Validation Loss: 0.1283, Validation Accuracy: 96.07%
[Epoch 3, Batch     2] loss: 0.002
[Epoch 3, Batch   102] loss: 0.079
Epoch 3/20:
Train Loss: 0.0396, Train Accuracy: 97.46%
Validation Loss: 0.1239, Validation Accuracy: 96.33%
[Epoch 4, Batch     2] loss: 0.001
[Epoch 4, Batch   102] loss: 0.092
Epoch 4/20:
Train Loss: 0.0362, Train Accuracy: 97.29%
Validation Loss: 0.0863, Validation Accuracy: 97.32%
[Epoch 5, Batch     2] loss: 0.002
[Epoch 5, Batch   102] loss: 0.060
Epoch 5/20:
Train Loss: 0.0271, Train Accuracy: 98.08%
Validation Loss: 0.0912, Validation Accuracy: 97.00%
[Epoch 6, Batch     2] loss: 0.002
[Epoch 6, Batch   102] loss: 0.056
Epoch 6/20:
Train Loss: 0.0238, Train Accuracy: 98.29%
Validation Loss: 0.0895, Validation Accuracy: 97.37%
[Epoch 7, Batch     2] loss: 0.000
[Epoch 7, Batch   102] loss: 0.034
Epoch 7/20:
Train Loss: 0.0170, Train Accuracy: 98.83%
Validation Loss: 0.0826, Validation Accuracy: 97.47%
[Epoch 8, Batch     2] loss: 0.001
[Epoch 8, Batch   102] loss: 0.038
Epoch 8/20:
Train Loss: 0.0227, Train Accuracy: 98.63%
Validation Loss: 0.0775, Validation Accuracy: 97.62%
[Epoch 9, Batch     2] loss: 0.001
[Epoch 9, Batch   102] loss: 0.037
Epoch 9/20:
Train Loss: 0.0219, Train Accuracy: 98.69%
Validation Loss: 0.1229, Validation Accuracy: 96.63%
[Epoch 10, Batch     2] loss: 0.000
[Epoch 10, Batch   102] loss: 0.021
Epoch 10/20:
Train Loss: 0.0164, Train Accuracy: 99.08%
Validation Loss: 0.0889, Validation Accuracy: 97.47%
[Epoch 11, Batch     2] loss: 0.000
[Epoch 11, Batch   102] loss: 0.023
Epoch 11/20:
Train Loss: 0.0115, Train Accuracy: 99.28%
Validation Loss: 0.0887, Validation Accuracy: 97.17%
[Epoch 12, Batch     2] loss: 0.000
[Epoch 12, Batch   102] loss: 0.025
Epoch 12/20:
Train Loss: 0.0154, Train Accuracy: 99.05%
Validation Loss: 0.0852, Validation Accuracy: 97.54%
[Epoch 13, Batch     2] loss: 0.000
[Epoch 13, Batch   102] loss: 0.034
Epoch 13/20:
Train Loss: 0.0163, Train Accuracy: 98.89%
Validation Loss: 0.0922, Validation Accuracy: 97.45%
[Epoch 14, Batch     2] loss: 0.000
[Epoch 14, Batch   102] loss: 0.027
Epoch 14/20:
Train Loss: 0.0128, Train Accuracy: 99.14%
Validation Loss: 0.0591, Validation Accuracy: 98.18%
[Epoch 15, Batch     2] loss: 0.002
[Epoch 15, Batch   102] loss: 0.025
Epoch 15/20:
Train Loss: 0.0109, Train Accuracy: 99.20%
Validation Loss: 0.0718, Validation Accuracy: 98.01%
[Epoch 16, Batch     2] loss: 0.000
[Epoch 16, Batch   102] loss: 0.023
Epoch 16/20:
Train Loss: 0.0050, Train Accuracy: 99.50%
Validation Loss: 0.0647, Validation Accuracy: 98.28%
[Epoch 17, Batch     2] loss: 0.000
[Epoch 17, Batch   102] loss: 0.014
Epoch 17/20:
Train Loss: 0.0084, Train Accuracy: 99.56%
Validation Loss: 0.0995, Validation Accuracy: 97.51%
[Epoch 18, Batch     2] loss: 0.001
[Epoch 18, Batch   102] loss: 0.022
Epoch 18/20:
Train Loss: 0.0108, Train Accuracy: 99.28%
Validation Loss: 0.0646, Validation Accuracy: 98.24%
[Epoch 19, Batch     2] loss: 0.000
[Epoch 19, Batch   102] loss: 0.016
Epoch 19/20:
Train Loss: 0.0129, Train Accuracy: 99.35%
Validation Loss: 0.1080, Validation Accuracy: 97.16%
[Epoch 20, Batch     2] loss: 0.001
[Epoch 20, Batch   102] loss: 0.024
Epoch 20/20:
Train Loss: 0.0153, Train Accuracy: 99.10%
Validation Loss: 0.0713, Validation Accuracy: 98.03%
Model saved to models/resnet18-MNIST-EVIDENCE-balanced_by_score-0.8-3
Modified conv1: updated in_channels to 1.
Modified fc layer: updated out_features to 10.
Initialized untrained model.
resnet18-MNIST-EVIDENCE-balanced_by_score-0.9-3
[Epoch 1, Batch     2] loss: 0.044
Epoch 1/20:
Train Loss: 0.3512, Train Accuracy: 87.40%
Validation Loss: 0.3710, Validation Accuracy: 88.99%
[Epoch 2, Batch     2] loss: 0.003
Epoch 2/20:
Train Loss: 0.1460, Train Accuracy: 95.23%
Validation Loss: 0.4091, Validation Accuracy: 88.02%
[Epoch 3, Batch     2] loss: 0.003
Epoch 3/20:
Train Loss: 0.1118, Train Accuracy: 96.47%
Validation Loss: 0.3413, Validation Accuracy: 90.56%
[Epoch 4, Batch     2] loss: 0.003
Epoch 4/20:
Train Loss: 0.0784, Train Accuracy: 97.54%
Validation Loss: 0.1540, Validation Accuracy: 95.78%
[Epoch 5, Batch     2] loss: 0.001
Epoch 5/20:
Train Loss: 0.0703, Train Accuracy: 97.74%
Validation Loss: 0.1326, Validation Accuracy: 96.10%
[Epoch 6, Batch     2] loss: 0.001
Epoch 6/20:
Train Loss: 0.0558, Train Accuracy: 98.06%
Validation Loss: 0.1500, Validation Accuracy: 95.84%
[Epoch 7, Batch     2] loss: 0.001
Epoch 7/20:
Train Loss: 0.0360, Train Accuracy: 98.64%
Validation Loss: 0.1107, Validation Accuracy: 96.71%
[Epoch 8, Batch     2] loss: 0.000
Epoch 8/20:
Train Loss: 0.0578, Train Accuracy: 98.06%
Validation Loss: 0.1126, Validation Accuracy: 96.64%
[Epoch 9, Batch     2] loss: 0.001
Epoch 9/20:
Train Loss: 0.0511, Train Accuracy: 98.44%
Validation Loss: 0.1999, Validation Accuracy: 94.53%
[Epoch 10, Batch     2] loss: 0.001
Epoch 10/20:
Train Loss: 0.0373, Train Accuracy: 98.81%
Validation Loss: 0.1188, Validation Accuracy: 96.52%
[Epoch 11, Batch     2] loss: 0.000
Epoch 11/20:
Train Loss: 0.0273, Train Accuracy: 99.15%
Validation Loss: 0.1016, Validation Accuracy: 96.98%
[Epoch 12, Batch     2] loss: 0.001
Epoch 12/20:
Train Loss: 0.0234, Train Accuracy: 99.15%
Validation Loss: 0.1264, Validation Accuracy: 96.61%
[Epoch 13, Batch     2] loss: 0.000
Epoch 13/20:
Train Loss: 0.0448, Train Accuracy: 98.61%
Validation Loss: 0.1042, Validation Accuracy: 97.20%
[Epoch 14, Batch     2] loss: 0.001
Epoch 14/20:
Train Loss: 0.0430, Train Accuracy: 98.52%
Validation Loss: 0.0847, Validation Accuracy: 97.50%
[Epoch 15, Batch     2] loss: 0.000
Epoch 15/20:
Train Loss: 0.0244, Train Accuracy: 99.18%
Validation Loss: 0.0936, Validation Accuracy: 97.11%
[Epoch 16, Batch     2] loss: 0.000
Epoch 16/20:
Train Loss: 0.0229, Train Accuracy: 99.27%
Validation Loss: 0.1058, Validation Accuracy: 97.06%
[Epoch 17, Batch     2] loss: 0.000
Epoch 17/20:
Train Loss: 0.0150, Train Accuracy: 99.47%
Validation Loss: 0.1042, Validation Accuracy: 97.31%
[Epoch 18, Batch     2] loss: 0.000
Epoch 18/20:
Train Loss: 0.0252, Train Accuracy: 99.22%
Validation Loss: 0.1098, Validation Accuracy: 97.06%
[Epoch 19, Batch     2] loss: 0.001
Epoch 19/20:
Train Loss: 0.0137, Train Accuracy: 99.46%
Validation Loss: 0.1184, Validation Accuracy: 97.05%
[Epoch 20, Batch     2] loss: 0.000
Epoch 20/20:
Train Loss: 0.0222, Train Accuracy: 99.42%
Validation Loss: 0.1169, Validation Accuracy: 96.91%
Model saved to models/resnet18-MNIST-EVIDENCE-balanced_by_score-0.9-3
Modified conv1: updated in_channels to 1.
Modified fc layer: updated out_features to 10.
Initialized untrained model.
resnet18-MNIST-EVIDENCE-balanced_by_score-0.95-3
[Epoch 1, Batch     2] loss: 0.042
Epoch 1/20:
Train Loss: 0.4666, Train Accuracy: 81.73%
Validation Loss: 0.7456, Validation Accuracy: 78.64%
[Epoch 2, Batch     2] loss: 0.003
Epoch 2/20:
Train Loss: 0.1602, Train Accuracy: 94.77%
Validation Loss: 0.1893, Validation Accuracy: 94.19%
[Epoch 3, Batch     2] loss: 0.001
Epoch 3/20:
Train Loss: 0.1022, Train Accuracy: 96.54%
Validation Loss: 0.2124, Validation Accuracy: 93.71%
[Epoch 4, Batch     2] loss: 0.002
Epoch 4/20:
Train Loss: 0.0904, Train Accuracy: 97.04%
Validation Loss: 0.3259, Validation Accuracy: 91.12%
[Epoch 5, Batch     2] loss: 0.003
Epoch 5/20:
Train Loss: 0.0950, Train Accuracy: 96.43%
Validation Loss: 0.3716, Validation Accuracy: 90.55%
[Epoch 6, Batch     2] loss: 0.002
Epoch 6/20:
Train Loss: 0.0823, Train Accuracy: 97.11%
Validation Loss: 0.1855, Validation Accuracy: 94.31%
[Epoch 7, Batch     2] loss: 0.002
Epoch 7/20:
Train Loss: 0.0622, Train Accuracy: 98.23%
Validation Loss: 0.1106, Validation Accuracy: 96.72%
[Epoch 8, Batch     2] loss: 0.001
Epoch 8/20:
Train Loss: 0.0563, Train Accuracy: 98.34%
Validation Loss: 0.1321, Validation Accuracy: 96.30%
[Epoch 9, Batch     2] loss: 0.001
Epoch 9/20:
Train Loss: 0.0312, Train Accuracy: 98.61%
Validation Loss: 0.1808, Validation Accuracy: 94.95%
[Epoch 10, Batch     2] loss: 0.000
Epoch 10/20:
Train Loss: 0.0477, Train Accuracy: 98.47%
Validation Loss: 0.2981, Validation Accuracy: 93.02%
[Epoch 11, Batch     2] loss: 0.001
Epoch 11/20:
Train Loss: 0.0486, Train Accuracy: 98.64%
Validation Loss: 0.2118, Validation Accuracy: 94.80%
[Epoch 12, Batch     2] loss: 0.001
Epoch 12/20:
Train Loss: 0.0363, Train Accuracy: 98.91%
Validation Loss: 0.1880, Validation Accuracy: 94.96%
[Epoch 13, Batch     2] loss: 0.003
Epoch 13/20:
Train Loss: 0.0352, Train Accuracy: 98.88%
Validation Loss: 0.1256, Validation Accuracy: 96.14%
[Epoch 14, Batch     2] loss: 0.001
Epoch 14/20:
Train Loss: 0.0179, Train Accuracy: 99.12%
Validation Loss: 0.1209, Validation Accuracy: 96.53%
[Epoch 15, Batch     2] loss: 0.000
Epoch 15/20:
Train Loss: 0.0133, Train Accuracy: 99.59%
Validation Loss: 0.1219, Validation Accuracy: 96.68%
[Epoch 16, Batch     2] loss: 0.001
Epoch 16/20:
Train Loss: 0.0077, Train Accuracy: 99.69%
Validation Loss: 0.0927, Validation Accuracy: 97.37%
[Epoch 17, Batch     2] loss: 0.000
Epoch 17/20:
Train Loss: 0.0065, Train Accuracy: 99.76%
Validation Loss: 0.0919, Validation Accuracy: 97.65%
[Epoch 18, Batch     2] loss: 0.000
Epoch 18/20:
Train Loss: 0.0066, Train Accuracy: 99.86%
Validation Loss: 0.0909, Validation Accuracy: 97.54%
[Epoch 19, Batch     2] loss: 0.000
Epoch 19/20:
Train Loss: 0.0021, Train Accuracy: 99.97%
Validation Loss: 0.0826, Validation Accuracy: 97.81%
[Epoch 20, Batch     2] loss: 0.000
Epoch 20/20:
Train Loss: 0.0022, Train Accuracy: 99.90%
Validation Loss: 0.0794, Validation Accuracy: 97.79%
Model saved to models/resnet18-MNIST-EVIDENCE-balanced_by_score-0.95-3
Modified conv1: updated in_channels to 1.
Modified fc layer: updated out_features to 10.
Loaded weights from file: models/resnet18_MNIST_E1_3
Modified conv1: updated in_channels to 1.
Modified fc layer: updated out_features to 10.
Initialized untrained model.
resnet18-MNIST-EVIDENCE-median-0.3-3
[Epoch 1, Batch     2] loss: 0.040
[Epoch 1, Batch   102] loss: 0.269
[Epoch 1, Batch   202] loss: 0.128
[Epoch 1, Batch   302] loss: 0.104
[Epoch 1, Batch   402] loss: 0.084
[Epoch 1, Batch   502] loss: 0.086
[Epoch 1, Batch   602] loss: 0.075
Epoch 1/20:
Train Loss: 0.0044, Train Accuracy: 96.27%
Validation Loss: 0.1117, Validation Accuracy: 96.88%
[Epoch 2, Batch     2] loss: 0.002
[Epoch 2, Batch   102] loss: 0.047
[Epoch 2, Batch   202] loss: 0.049
[Epoch 2, Batch   302] loss: 0.063
[Epoch 2, Batch   402] loss: 0.067
[Epoch 2, Batch   502] loss: 0.051
[Epoch 2, Batch   602] loss: 0.050
Epoch 2/20:
Train Loss: 0.0035, Train Accuracy: 98.50%
Validation Loss: 0.1048, Validation Accuracy: 97.04%
[Epoch 3, Batch     2] loss: 0.001
[Epoch 3, Batch   102] loss: 0.028
[Epoch 3, Batch   202] loss: 0.038
[Epoch 3, Batch   302] loss: 0.039
[Epoch 3, Batch   402] loss: 0.042
[Epoch 3, Batch   502] loss: 0.032
[Epoch 3, Batch   602] loss: 0.048
Epoch 3/20:
Train Loss: 0.0031, Train Accuracy: 98.88%
Validation Loss: 0.0584, Validation Accuracy: 98.25%
[Epoch 4, Batch     2] loss: 0.000
[Epoch 4, Batch   102] loss: 0.027
[Epoch 4, Batch   202] loss: 0.043
[Epoch 4, Batch   302] loss: 0.039
[Epoch 4, Batch   402] loss: 0.032
[Epoch 4, Batch   502] loss: 0.037
[Epoch 4, Batch   602] loss: 0.027
Epoch 4/20:
Train Loss: 0.0021, Train Accuracy: 99.06%
Validation Loss: 0.0580, Validation Accuracy: 98.23%
[Epoch 5, Batch     2] loss: 0.001
[Epoch 5, Batch   102] loss: 0.041
[Epoch 5, Batch   202] loss: 0.032
[Epoch 5, Batch   302] loss: 0.036
[Epoch 5, Batch   402] loss: 0.030
[Epoch 5, Batch   502] loss: 0.030
[Epoch 5, Batch   602] loss: 0.024
Epoch 5/20:
Train Loss: 0.0034, Train Accuracy: 99.02%
Validation Loss: 0.1593, Validation Accuracy: 95.31%
[Epoch 6, Batch     2] loss: 0.001
[Epoch 6, Batch   102] loss: 0.020
[Epoch 6, Batch   202] loss: 0.027
[Epoch 6, Batch   302] loss: 0.034
[Epoch 6, Batch   402] loss: 0.042
[Epoch 6, Batch   502] loss: 0.027
[Epoch 6, Batch   602] loss: 0.036
Epoch 6/20:
Train Loss: 0.0015, Train Accuracy: 99.14%
Validation Loss: 0.0574, Validation Accuracy: 98.43%
[Epoch 7, Batch     2] loss: 0.000
[Epoch 7, Batch   102] loss: 0.034
[Epoch 7, Batch   202] loss: 0.027
[Epoch 7, Batch   302] loss: 0.021
[Epoch 7, Batch   402] loss: 0.035
[Epoch 7, Batch   502] loss: 0.027
[Epoch 7, Batch   602] loss: 0.023
Epoch 7/20:
Train Loss: 0.0022, Train Accuracy: 99.20%
Validation Loss: 0.0511, Validation Accuracy: 98.48%
[Epoch 8, Batch     2] loss: 0.001
[Epoch 8, Batch   102] loss: 0.021
[Epoch 8, Batch   202] loss: 0.020
[Epoch 8, Batch   302] loss: 0.028
[Epoch 8, Batch   402] loss: 0.023
[Epoch 8, Batch   502] loss: 0.023
[Epoch 8, Batch   602] loss: 0.033
Epoch 8/20:
Train Loss: 0.0017, Train Accuracy: 99.35%
Validation Loss: 0.0399, Validation Accuracy: 98.78%
[Epoch 9, Batch     2] loss: 0.000
[Epoch 9, Batch   102] loss: 0.025
[Epoch 9, Batch   202] loss: 0.028
[Epoch 9, Batch   302] loss: 0.024
[Epoch 9, Batch   402] loss: 0.025
[Epoch 9, Batch   502] loss: 0.023
[Epoch 9, Batch   602] loss: 0.022
Epoch 9/20:
Train Loss: 0.0021, Train Accuracy: 99.26%
Validation Loss: 0.0599, Validation Accuracy: 98.37%
[Epoch 10, Batch     2] loss: 0.001
[Epoch 10, Batch   102] loss: 0.021
[Epoch 10, Batch   202] loss: 0.026
[Epoch 10, Batch   302] loss: 0.020
[Epoch 10, Batch   402] loss: 0.020
[Epoch 10, Batch   502] loss: 0.027
[Epoch 10, Batch   602] loss: 0.024
Epoch 10/20:
Train Loss: 0.0008, Train Accuracy: 99.38%
Validation Loss: 0.0450, Validation Accuracy: 98.72%
[Epoch 11, Batch     2] loss: 0.000
[Epoch 11, Batch   102] loss: 0.015
[Epoch 11, Batch   202] loss: 0.015
[Epoch 11, Batch   302] loss: 0.030
[Epoch 11, Batch   402] loss: 0.018
[Epoch 11, Batch   502] loss: 0.027
[Epoch 11, Batch   602] loss: 0.023
Epoch 11/20:
Train Loss: 0.0013, Train Accuracy: 99.42%
Validation Loss: 0.0641, Validation Accuracy: 98.22%
[Epoch 12, Batch     2] loss: 0.000
[Epoch 12, Batch   102] loss: 0.012
[Epoch 12, Batch   202] loss: 0.023
[Epoch 12, Batch   302] loss: 0.020
[Epoch 12, Batch   402] loss: 0.021
[Epoch 12, Batch   502] loss: 0.016
[Epoch 12, Batch   602] loss: 0.015
Epoch 12/20:
Train Loss: 0.0012, Train Accuracy: 99.48%
Validation Loss: 0.0807, Validation Accuracy: 97.75%
[Epoch 13, Batch     2] loss: 0.001
[Epoch 13, Batch   102] loss: 0.014
[Epoch 13, Batch   202] loss: 0.026
[Epoch 13, Batch   302] loss: 0.016
[Epoch 13, Batch   402] loss: 0.015
[Epoch 13, Batch   502] loss: 0.017
[Epoch 13, Batch   602] loss: 0.012
Epoch 13/20:
Train Loss: 0.0019, Train Accuracy: 99.51%
Validation Loss: 0.0716, Validation Accuracy: 98.08%
[Epoch 14, Batch     2] loss: 0.000
[Epoch 14, Batch   102] loss: 0.012
[Epoch 14, Batch   202] loss: 0.018
[Epoch 14, Batch   302] loss: 0.017
[Epoch 14, Batch   402] loss: 0.016
[Epoch 14, Batch   502] loss: 0.011
[Epoch 14, Batch   602] loss: 0.023
Epoch 14/20:
Train Loss: 0.0009, Train Accuracy: 99.53%
Validation Loss: 0.0476, Validation Accuracy: 98.67%
[Epoch 15, Batch     2] loss: 0.000
[Epoch 15, Batch   102] loss: 0.017
[Epoch 15, Batch   202] loss: 0.009
[Epoch 15, Batch   302] loss: 0.016
[Epoch 15, Batch   402] loss: 0.014
[Epoch 15, Batch   502] loss: 0.013
[Epoch 15, Batch   602] loss: 0.020
Epoch 15/20:
Train Loss: 0.0012, Train Accuracy: 99.61%
Validation Loss: 0.0557, Validation Accuracy: 98.52%
[Epoch 16, Batch     2] loss: 0.001
[Epoch 16, Batch   102] loss: 0.019
[Epoch 16, Batch   202] loss: 0.012
[Epoch 16, Batch   302] loss: 0.020
[Epoch 16, Batch   402] loss: 0.011
[Epoch 16, Batch   502] loss: 0.016
[Epoch 16, Batch   602] loss: 0.019
Epoch 16/20:
Train Loss: 0.0023, Train Accuracy: 99.49%
Validation Loss: 0.0460, Validation Accuracy: 98.56%
[Epoch 17, Batch     2] loss: 0.000
[Epoch 17, Batch   102] loss: 0.011
[Epoch 17, Batch   202] loss: 0.009
[Epoch 17, Batch   302] loss: 0.015
[Epoch 17, Batch   402] loss: 0.011
[Epoch 17, Batch   502] loss: 0.023
[Epoch 17, Batch   602] loss: 0.008
Epoch 17/20:
Train Loss: 0.0013, Train Accuracy: 99.60%
Validation Loss: 0.0447, Validation Accuracy: 98.69%
[Epoch 18, Batch     2] loss: 0.000
[Epoch 18, Batch   102] loss: 0.006
[Epoch 18, Batch   202] loss: 0.012
[Epoch 18, Batch   302] loss: 0.021
[Epoch 18, Batch   402] loss: 0.013
[Epoch 18, Batch   502] loss: 0.011
[Epoch 18, Batch   602] loss: 0.025
Epoch 18/20:
Train Loss: 0.0013, Train Accuracy: 99.58%
Validation Loss: 0.0643, Validation Accuracy: 98.34%
[Epoch 19, Batch     2] loss: 0.000
[Epoch 19, Batch   102] loss: 0.013
[Epoch 19, Batch   202] loss: 0.014
[Epoch 19, Batch   302] loss: 0.014
[Epoch 19, Batch   402] loss: 0.010
[Epoch 19, Batch   502] loss: 0.010
[Epoch 19, Batch   602] loss: 0.013
Epoch 19/20:
Train Loss: 0.0010, Train Accuracy: 99.65%
Validation Loss: 0.0547, Validation Accuracy: 98.56%
[Epoch 20, Batch     2] loss: 0.000
[Epoch 20, Batch   102] loss: 0.012
[Epoch 20, Batch   202] loss: 0.011
[Epoch 20, Batch   302] loss: 0.004
[Epoch 20, Batch   402] loss: 0.012
[Epoch 20, Batch   502] loss: 0.014
[Epoch 20, Batch   602] loss: 0.012
Epoch 20/20:
Train Loss: 0.0004, Train Accuracy: 99.72%
Validation Loss: 0.0441, Validation Accuracy: 98.82%
Model saved to models/resnet18-MNIST-EVIDENCE-median-0.3-3
Modified conv1: updated in_channels to 1.
Modified fc layer: updated out_features to 10.
Initialized untrained model.
resnet18-MNIST-EVIDENCE-median-0.5-3
[Epoch 1, Batch     2] loss: 0.039
[Epoch 1, Batch   102] loss: 0.260
[Epoch 1, Batch   202] loss: 0.118
[Epoch 1, Batch   302] loss: 0.098
[Epoch 1, Batch   402] loss: 0.079
Epoch 1/20:
Train Loss: 0.0121, Train Accuracy: 95.94%
Validation Loss: 0.3395, Validation Accuracy: 89.50%
[Epoch 2, Batch     2] loss: 0.001
[Epoch 2, Batch   102] loss: 0.037
[Epoch 2, Batch   202] loss: 0.065
[Epoch 2, Batch   302] loss: 0.057
[Epoch 2, Batch   402] loss: 0.056
Epoch 2/20:
Train Loss: 0.0082, Train Accuracy: 98.41%
Validation Loss: 0.1162, Validation Accuracy: 96.25%
[Epoch 3, Batch     2] loss: 0.001
[Epoch 3, Batch   102] loss: 0.030
[Epoch 3, Batch   202] loss: 0.034
[Epoch 3, Batch   302] loss: 0.041
[Epoch 3, Batch   402] loss: 0.051
Epoch 3/20:
Train Loss: 0.0067, Train Accuracy: 98.87%
Validation Loss: 0.1967, Validation Accuracy: 93.74%
[Epoch 4, Batch     2] loss: 0.000
[Epoch 4, Batch   102] loss: 0.035
[Epoch 4, Batch   202] loss: 0.034
[Epoch 4, Batch   302] loss: 0.030
[Epoch 4, Batch   402] loss: 0.033
Epoch 4/20:
Train Loss: 0.0058, Train Accuracy: 99.10%
Validation Loss: 0.1070, Validation Accuracy: 96.68%
[Epoch 5, Batch     2] loss: 0.000
[Epoch 5, Batch   102] loss: 0.027
[Epoch 5, Batch   202] loss: 0.037
[Epoch 5, Batch   302] loss: 0.036
[Epoch 5, Batch   402] loss: 0.030
Epoch 5/20:
Train Loss: 0.0056, Train Accuracy: 99.03%
Validation Loss: 0.0706, Validation Accuracy: 97.95%
[Epoch 6, Batch     2] loss: 0.000
[Epoch 6, Batch   102] loss: 0.023
[Epoch 6, Batch   202] loss: 0.021
[Epoch 6, Batch   302] loss: 0.032
[Epoch 6, Batch   402] loss: 0.022
Epoch 6/20:
Train Loss: 0.0048, Train Accuracy: 99.26%
Validation Loss: 0.1204, Validation Accuracy: 96.83%
[Epoch 7, Batch     2] loss: 0.002
[Epoch 7, Batch   102] loss: 0.026
[Epoch 7, Batch   202] loss: 0.016
[Epoch 7, Batch   302] loss: 0.022
[Epoch 7, Batch   402] loss: 0.025
Epoch 7/20:
Train Loss: 0.0043, Train Accuracy: 99.33%
Validation Loss: 0.1057, Validation Accuracy: 96.69%
[Epoch 8, Batch     2] loss: 0.000
[Epoch 8, Batch   102] loss: 0.020
[Epoch 8, Batch   202] loss: 0.023
[Epoch 8, Batch   302] loss: 0.024
[Epoch 8, Batch   402] loss: 0.029
Epoch 8/20:
Train Loss: 0.0048, Train Accuracy: 99.27%
Validation Loss: 0.0782, Validation Accuracy: 97.83%
[Epoch 9, Batch     2] loss: 0.000
[Epoch 9, Batch   102] loss: 0.022
[Epoch 9, Batch   202] loss: 0.017
[Epoch 9, Batch   302] loss: 0.017
[Epoch 9, Batch   402] loss: 0.019
Epoch 9/20:
Train Loss: 0.0043, Train Accuracy: 99.41%
Validation Loss: 0.0846, Validation Accuracy: 97.68%
[Epoch 10, Batch     2] loss: 0.000
[Epoch 10, Batch   102] loss: 0.024
[Epoch 10, Batch   202] loss: 0.019
[Epoch 10, Batch   302] loss: 0.023
[Epoch 10, Batch   402] loss: 0.025
Epoch 10/20:
Train Loss: 0.0030, Train Accuracy: 99.33%
Validation Loss: 0.1189, Validation Accuracy: 96.89%
[Epoch 11, Batch     2] loss: 0.000
[Epoch 11, Batch   102] loss: 0.020
[Epoch 11, Batch   202] loss: 0.013
[Epoch 11, Batch   302] loss: 0.021
[Epoch 11, Batch   402] loss: 0.026
Epoch 11/20:
Train Loss: 0.0030, Train Accuracy: 99.48%
Validation Loss: 0.0785, Validation Accuracy: 97.91%
[Epoch 12, Batch     2] loss: 0.000
[Epoch 12, Batch   102] loss: 0.016
[Epoch 12, Batch   202] loss: 0.024
[Epoch 12, Batch   302] loss: 0.017
[Epoch 12, Batch   402] loss: 0.027
Epoch 12/20:
Train Loss: 0.0038, Train Accuracy: 99.34%
Validation Loss: 0.0666, Validation Accuracy: 98.17%
[Epoch 13, Batch     2] loss: 0.000
[Epoch 13, Batch   102] loss: 0.015
[Epoch 13, Batch   202] loss: 0.022
[Epoch 13, Batch   302] loss: 0.025
[Epoch 13, Batch   402] loss: 0.018
Epoch 13/20:
Train Loss: 0.0028, Train Accuracy: 99.44%
Validation Loss: 0.0710, Validation Accuracy: 98.19%
[Epoch 14, Batch     2] loss: 0.000
[Epoch 14, Batch   102] loss: 0.017
[Epoch 14, Batch   202] loss: 0.023
[Epoch 14, Batch   302] loss: 0.009
[Epoch 14, Batch   402] loss: 0.011
Epoch 14/20:
Train Loss: 0.0014, Train Accuracy: 99.63%
Validation Loss: 0.0717, Validation Accuracy: 98.06%
[Epoch 15, Batch     2] loss: 0.000
[Epoch 15, Batch   102] loss: 0.007
[Epoch 15, Batch   202] loss: 0.023
[Epoch 15, Batch   302] loss: 0.012
[Epoch 15, Batch   402] loss: 0.020
Epoch 15/20:
Train Loss: 0.0042, Train Accuracy: 99.54%
Validation Loss: 0.0862, Validation Accuracy: 97.70%
[Epoch 16, Batch     2] loss: 0.000
[Epoch 16, Batch   102] loss: 0.011
[Epoch 16, Batch   202] loss: 0.015
[Epoch 16, Batch   302] loss: 0.015
[Epoch 16, Batch   402] loss: 0.015
Epoch 16/20:
Train Loss: 0.0012, Train Accuracy: 99.57%
Validation Loss: 0.0992, Validation Accuracy: 97.42%
[Epoch 17, Batch     2] loss: 0.000
[Epoch 17, Batch   102] loss: 0.020
[Epoch 17, Batch   202] loss: 0.015
[Epoch 17, Batch   302] loss: 0.014
[Epoch 17, Batch   402] loss: 0.014
Epoch 17/20:
Train Loss: 0.0019, Train Accuracy: 99.59%
Validation Loss: 0.0898, Validation Accuracy: 97.44%
[Epoch 18, Batch     2] loss: 0.000
[Epoch 18, Batch   102] loss: 0.013
[Epoch 18, Batch   202] loss: 0.012
[Epoch 18, Batch   302] loss: 0.014
[Epoch 18, Batch   402] loss: 0.017
Epoch 18/20:
Train Loss: 0.0031, Train Accuracy: 99.57%
Validation Loss: 0.0821, Validation Accuracy: 97.61%
[Epoch 19, Batch     2] loss: 0.000
[Epoch 19, Batch   102] loss: 0.007
[Epoch 19, Batch   202] loss: 0.010
[Epoch 19, Batch   302] loss: 0.009
[Epoch 19, Batch   402] loss: 0.018
Epoch 19/20:
Train Loss: 0.0039, Train Accuracy: 99.64%
Validation Loss: 0.0637, Validation Accuracy: 98.30%
[Epoch 20, Batch     2] loss: 0.000
[Epoch 20, Batch   102] loss: 0.010
[Epoch 20, Batch   202] loss: 0.011
[Epoch 20, Batch   302] loss: 0.019
[Epoch 20, Batch   402] loss: 0.011
Epoch 20/20:
Train Loss: 0.0029, Train Accuracy: 99.62%
Validation Loss: 0.0855, Validation Accuracy: 97.55%
Model saved to models/resnet18-MNIST-EVIDENCE-median-0.5-3
Modified conv1: updated in_channels to 1.
Modified fc layer: updated out_features to 10.
Initialized untrained model.
resnet18-MNIST-EVIDENCE-median-0.7-3
[Epoch 1, Batch     2] loss: 0.041
[Epoch 1, Batch   102] loss: 0.219
[Epoch 1, Batch   202] loss: 0.114
Epoch 1/20:
Train Loss: 0.0253, Train Accuracy: 95.53%
Validation Loss: 0.8167, Validation Accuracy: 77.29%
[Epoch 2, Batch     2] loss: 0.002
[Epoch 2, Batch   102] loss: 0.061
[Epoch 2, Batch   202] loss: 0.065
Epoch 2/20:
Train Loss: 0.0168, Train Accuracy: 98.34%
Validation Loss: 0.3179, Validation Accuracy: 89.73%
[Epoch 3, Batch     2] loss: 0.001
[Epoch 3, Batch   102] loss: 0.052
[Epoch 3, Batch   202] loss: 0.056
Epoch 3/20:
Train Loss: 0.0127, Train Accuracy: 98.59%
Validation Loss: 0.3669, Validation Accuracy: 88.42%
[Epoch 4, Batch     2] loss: 0.001
[Epoch 4, Batch   102] loss: 0.038
[Epoch 4, Batch   202] loss: 0.038
Epoch 4/20:
Train Loss: 0.0106, Train Accuracy: 98.91%
Validation Loss: 0.3559, Validation Accuracy: 89.29%
[Epoch 5, Batch     2] loss: 0.001
[Epoch 5, Batch   102] loss: 0.030
[Epoch 5, Batch   202] loss: 0.031
Epoch 5/20:
Train Loss: 0.0104, Train Accuracy: 99.10%
Validation Loss: 0.2464, Validation Accuracy: 92.42%
[Epoch 6, Batch     2] loss: 0.000
[Epoch 6, Batch   102] loss: 0.026
[Epoch 6, Batch   202] loss: 0.022
Epoch 6/20:
Train Loss: 0.0092, Train Accuracy: 99.20%
Validation Loss: 0.1306, Validation Accuracy: 96.15%
[Epoch 7, Batch     2] loss: 0.000
[Epoch 7, Batch   102] loss: 0.033
[Epoch 7, Batch   202] loss: 0.024
Epoch 7/20:
Train Loss: 0.0056, Train Accuracy: 99.33%
Validation Loss: 0.1893, Validation Accuracy: 94.22%
[Epoch 8, Batch     2] loss: 0.000
[Epoch 8, Batch   102] loss: 0.022
[Epoch 8, Batch   202] loss: 0.029
Epoch 8/20:
Train Loss: 0.0082, Train Accuracy: 99.19%
Validation Loss: 0.2528, Validation Accuracy: 92.64%
[Epoch 9, Batch     2] loss: 0.000
[Epoch 9, Batch   102] loss: 0.021
[Epoch 9, Batch   202] loss: 0.022
Epoch 9/20:
Train Loss: 0.0060, Train Accuracy: 99.30%
Validation Loss: 0.1622, Validation Accuracy: 95.30%
[Epoch 10, Batch     2] loss: 0.000
[Epoch 10, Batch   102] loss: 0.019
[Epoch 10, Batch   202] loss: 0.020
Epoch 10/20:
Train Loss: 0.0051, Train Accuracy: 99.41%
Validation Loss: 0.1522, Validation Accuracy: 95.38%
[Epoch 11, Batch     2] loss: 0.000
[Epoch 11, Batch   102] loss: 0.021
[Epoch 11, Batch   202] loss: 0.019
Epoch 11/20:
Train Loss: 0.0071, Train Accuracy: 99.33%
Validation Loss: 0.2530, Validation Accuracy: 92.64%
[Epoch 12, Batch     2] loss: 0.001
[Epoch 12, Batch   102] loss: 0.016
[Epoch 12, Batch   202] loss: 0.020
Epoch 12/20:
Train Loss: 0.0038, Train Accuracy: 99.51%
Validation Loss: 0.1985, Validation Accuracy: 94.66%
[Epoch 13, Batch     2] loss: 0.000
[Epoch 13, Batch   102] loss: 0.007
[Epoch 13, Batch   202] loss: 0.022
Epoch 13/20:
Train Loss: 0.0082, Train Accuracy: 99.51%
Validation Loss: 0.1995, Validation Accuracy: 93.91%
[Epoch 14, Batch     2] loss: 0.001
[Epoch 14, Batch   102] loss: 0.016
[Epoch 14, Batch   202] loss: 0.016
Epoch 14/20:
Train Loss: 0.0035, Train Accuracy: 99.59%
Validation Loss: 0.1327, Validation Accuracy: 96.10%
[Epoch 15, Batch     2] loss: 0.000
[Epoch 15, Batch   102] loss: 0.013
[Epoch 15, Batch   202] loss: 0.014
Epoch 15/20:
Train Loss: 0.0079, Train Accuracy: 99.49%
Validation Loss: 0.2558, Validation Accuracy: 92.67%
[Epoch 16, Batch     2] loss: 0.001
[Epoch 16, Batch   102] loss: 0.016
[Epoch 16, Batch   202] loss: 0.022
Epoch 16/20:
Train Loss: 0.0042, Train Accuracy: 99.52%
Validation Loss: 0.1457, Validation Accuracy: 96.30%
[Epoch 17, Batch     2] loss: 0.001
[Epoch 17, Batch   102] loss: 0.005
[Epoch 17, Batch   202] loss: 0.022
Epoch 17/20:
Train Loss: 0.0049, Train Accuracy: 99.62%
Validation Loss: 0.1226, Validation Accuracy: 96.38%
[Epoch 18, Batch     2] loss: 0.000
[Epoch 18, Batch   102] loss: 0.009
[Epoch 18, Batch   202] loss: 0.016
Epoch 18/20:
Train Loss: 0.0037, Train Accuracy: 99.61%
Validation Loss: 0.1011, Validation Accuracy: 97.16%
[Epoch 19, Batch     2] loss: 0.000
[Epoch 19, Batch   102] loss: 0.027
[Epoch 19, Batch   202] loss: 0.017
Epoch 19/20:
Train Loss: 0.0024, Train Accuracy: 99.48%
Validation Loss: 0.1196, Validation Accuracy: 96.61%
[Epoch 20, Batch     2] loss: 0.000
[Epoch 20, Batch   102] loss: 0.011
[Epoch 20, Batch   202] loss: 0.020
Epoch 20/20:
Train Loss: 0.0034, Train Accuracy: 99.59%
Validation Loss: 0.1478, Validation Accuracy: 95.54%
Model saved to models/resnet18-MNIST-EVIDENCE-median-0.7-3
Modified conv1: updated in_channels to 1.
Modified fc layer: updated out_features to 10.
Initialized untrained model.
resnet18-MNIST-EVIDENCE-median-0.8-3
[Epoch 1, Batch     2] loss: 0.040
[Epoch 1, Batch   102] loss: 0.211
Epoch 1/20:
Train Loss: 0.0486, Train Accuracy: 94.77%
Validation Loss: 1.0414, Validation Accuracy: 74.85%
[Epoch 2, Batch     2] loss: 0.000
[Epoch 2, Batch   102] loss: 0.068
Epoch 2/20:
Train Loss: 0.0282, Train Accuracy: 98.18%
Validation Loss: 1.0775, Validation Accuracy: 80.01%
[Epoch 3, Batch     2] loss: 0.001
[Epoch 3, Batch   102] loss: 0.052
Epoch 3/20:
Train Loss: 0.0261, Train Accuracy: 98.41%
Validation Loss: 0.9509, Validation Accuracy: 75.39%
[Epoch 4, Batch     2] loss: 0.000
[Epoch 4, Batch   102] loss: 0.033
Epoch 4/20:
Train Loss: 0.0229, Train Accuracy: 98.95%
Validation Loss: 0.9268, Validation Accuracy: 82.29%
[Epoch 5, Batch     2] loss: 0.000
[Epoch 5, Batch   102] loss: 0.028
Epoch 5/20:
Train Loss: 0.0227, Train Accuracy: 98.99%
Validation Loss: 0.3688, Validation Accuracy: 87.66%
[Epoch 6, Batch     2] loss: 0.000
[Epoch 6, Batch   102] loss: 0.033
Epoch 6/20:
Train Loss: 0.0150, Train Accuracy: 99.10%
Validation Loss: 0.9054, Validation Accuracy: 75.43%
[Epoch 7, Batch     2] loss: 0.001
[Epoch 7, Batch   102] loss: 0.023
Epoch 7/20:
Train Loss: 0.0109, Train Accuracy: 99.27%
Validation Loss: 0.7641, Validation Accuracy: 82.84%
[Epoch 8, Batch     2] loss: 0.000
[Epoch 8, Batch   102] loss: 0.031
Epoch 8/20:
Train Loss: 0.0182, Train Accuracy: 99.01%
Validation Loss: 0.2996, Validation Accuracy: 91.40%
[Epoch 9, Batch     2] loss: 0.000
[Epoch 9, Batch   102] loss: 0.015
Epoch 9/20:
Train Loss: 0.0127, Train Accuracy: 99.38%
Validation Loss: 0.3967, Validation Accuracy: 88.48%
[Epoch 10, Batch     2] loss: 0.001
[Epoch 10, Batch   102] loss: 0.014
Epoch 10/20:
Train Loss: 0.0092, Train Accuracy: 99.50%
Validation Loss: 0.4677, Validation Accuracy: 88.87%
[Epoch 11, Batch     2] loss: 0.000
[Epoch 11, Batch   102] loss: 0.011
Epoch 11/20:
Train Loss: 0.0057, Train Accuracy: 99.66%
Validation Loss: 0.2902, Validation Accuracy: 92.44%
[Epoch 12, Batch     2] loss: 0.001
[Epoch 12, Batch   102] loss: 0.022
Epoch 12/20:
Train Loss: 0.0120, Train Accuracy: 99.27%
Validation Loss: 0.5367, Validation Accuracy: 86.63%
[Epoch 13, Batch     2] loss: 0.000
[Epoch 13, Batch   102] loss: 0.025
Epoch 13/20:
Train Loss: 0.0078, Train Accuracy: 99.37%
Validation Loss: 0.3578, Validation Accuracy: 89.55%
[Epoch 14, Batch     2] loss: 0.000
[Epoch 14, Batch   102] loss: 0.007
Epoch 14/20:
Train Loss: 0.0040, Train Accuracy: 99.73%
Validation Loss: 0.2843, Validation Accuracy: 91.69%
[Epoch 15, Batch     2] loss: 0.001
[Epoch 15, Batch   102] loss: 0.028
Epoch 15/20:
Train Loss: 0.0078, Train Accuracy: 99.34%
Validation Loss: 0.2418, Validation Accuracy: 93.06%
[Epoch 16, Batch     2] loss: 0.000
[Epoch 16, Batch   102] loss: 0.018
Epoch 16/20:
Train Loss: 0.0098, Train Accuracy: 99.38%
Validation Loss: 0.4528, Validation Accuracy: 89.55%
[Epoch 17, Batch     2] loss: 0.001
[Epoch 17, Batch   102] loss: 0.016
Epoch 17/20:
Train Loss: 0.0102, Train Accuracy: 99.42%
Validation Loss: 0.2915, Validation Accuracy: 91.04%
[Epoch 18, Batch     2] loss: 0.001
[Epoch 18, Batch   102] loss: 0.016
Epoch 18/20:
Train Loss: 0.0085, Train Accuracy: 99.51%
Validation Loss: 0.3199, Validation Accuracy: 91.31%
[Epoch 19, Batch     2] loss: 0.000
[Epoch 19, Batch   102] loss: 0.007
Epoch 19/20:
Train Loss: 0.0057, Train Accuracy: 99.72%
Validation Loss: 0.1960, Validation Accuracy: 94.37%
[Epoch 20, Batch     2] loss: 0.000
[Epoch 20, Batch   102] loss: 0.012
Epoch 20/20:
Train Loss: 0.0061, Train Accuracy: 99.67%
Validation Loss: 0.5126, Validation Accuracy: 86.65%
Model saved to models/resnet18-MNIST-EVIDENCE-median-0.8-3
Modified conv1: updated in_channels to 1.
Modified fc layer: updated out_features to 10.
Initialized untrained model.
resnet18-MNIST-EVIDENCE-median-0.9-3
[Epoch 1, Batch     2] loss: 0.032
Epoch 1/20:
Train Loss: 0.2129, Train Accuracy: 92.78%
Validation Loss: 1.7636, Validation Accuracy: 64.17%
[Epoch 2, Batch     2] loss: 0.003
Epoch 2/20:
Train Loss: 0.1034, Train Accuracy: 97.09%
Validation Loss: 1.1966, Validation Accuracy: 68.95%
[Epoch 3, Batch     2] loss: 0.001
Epoch 3/20:
Train Loss: 0.0700, Train Accuracy: 98.03%
Validation Loss: 0.9010, Validation Accuracy: 74.28%
[Epoch 4, Batch     2] loss: 0.001
Epoch 4/20:
Train Loss: 0.0565, Train Accuracy: 98.35%
Validation Loss: 1.2619, Validation Accuracy: 73.82%
[Epoch 5, Batch     2] loss: 0.000
Epoch 5/20:
Train Loss: 0.0395, Train Accuracy: 98.72%
Validation Loss: 0.7422, Validation Accuracy: 81.00%
[Epoch 6, Batch     2] loss: 0.000
Epoch 6/20:
Train Loss: 0.0412, Train Accuracy: 98.99%
Validation Loss: 0.7049, Validation Accuracy: 83.59%
[Epoch 7, Batch     2] loss: 0.001
Epoch 7/20:
Train Loss: 0.0313, Train Accuracy: 99.03%
Validation Loss: 1.0354, Validation Accuracy: 74.43%
[Epoch 8, Batch     2] loss: 0.000
Epoch 8/20:
Train Loss: 0.0286, Train Accuracy: 99.08%
Validation Loss: 1.1087, Validation Accuracy: 74.55%
[Epoch 9, Batch     2] loss: 0.000
Epoch 9/20:
Train Loss: 0.0160, Train Accuracy: 99.40%
Validation Loss: 0.6243, Validation Accuracy: 84.84%
[Epoch 10, Batch     2] loss: 0.000
Epoch 10/20:
Train Loss: 0.0330, Train Accuracy: 99.09%
Validation Loss: 0.5417, Validation Accuracy: 85.26%
[Epoch 11, Batch     2] loss: 0.000
Epoch 11/20:
Train Loss: 0.0258, Train Accuracy: 99.11%
Validation Loss: 0.8446, Validation Accuracy: 79.42%
[Epoch 12, Batch     2] loss: 0.000
Epoch 12/20:
Train Loss: 0.0176, Train Accuracy: 99.45%
Validation Loss: 0.8424, Validation Accuracy: 78.97%
[Epoch 13, Batch     2] loss: 0.000
Epoch 13/20:
Train Loss: 0.0253, Train Accuracy: 99.31%
Validation Loss: 0.6193, Validation Accuracy: 83.73%
[Epoch 14, Batch     2] loss: 0.000
Epoch 14/20:
Train Loss: 0.0126, Train Accuracy: 99.68%
Validation Loss: 0.5709, Validation Accuracy: 85.00%
[Epoch 15, Batch     2] loss: 0.001
Epoch 15/20:
Train Loss: 0.0136, Train Accuracy: 99.58%
Validation Loss: 0.3564, Validation Accuracy: 90.06%
[Epoch 16, Batch     2] loss: 0.000
Epoch 16/20:
Train Loss: 0.0183, Train Accuracy: 99.43%
Validation Loss: 0.5511, Validation Accuracy: 85.29%
[Epoch 17, Batch     2] loss: 0.000
Epoch 17/20:
Train Loss: 0.0298, Train Accuracy: 99.04%
Validation Loss: 1.0968, Validation Accuracy: 78.11%
[Epoch 18, Batch     2] loss: 0.000
Epoch 18/20:
Train Loss: 0.0163, Train Accuracy: 99.55%
Validation Loss: 0.4863, Validation Accuracy: 89.67%
[Epoch 19, Batch     2] loss: 0.000
Epoch 19/20:
Train Loss: 0.0073, Train Accuracy: 99.82%
Validation Loss: 0.4068, Validation Accuracy: 89.71%
[Epoch 20, Batch     2] loss: 0.000
Epoch 20/20:
Train Loss: 0.0119, Train Accuracy: 99.66%
Validation Loss: 0.5384, Validation Accuracy: 86.87%
Model saved to models/resnet18-MNIST-EVIDENCE-median-0.9-3
Modified conv1: updated in_channels to 1.
Modified fc layer: updated out_features to 10.
Initialized untrained model.
resnet18-MNIST-EVIDENCE-median-0.95-3
[Epoch 1, Batch     2] loss: 0.040
Epoch 1/20:
Train Loss: 0.3083, Train Accuracy: 88.49%
Validation Loss: 1.7525, Validation Accuracy: 63.88%
[Epoch 2, Batch     2] loss: 0.003
Epoch 2/20:
Train Loss: 0.1120, Train Accuracy: 96.71%
Validation Loss: 1.1674, Validation Accuracy: 65.99%
[Epoch 3, Batch     2] loss: 0.001
Epoch 3/20:
Train Loss: 0.0748, Train Accuracy: 97.69%
Validation Loss: 1.2925, Validation Accuracy: 66.57%
[Epoch 4, Batch     2] loss: 0.000
Epoch 4/20:
Train Loss: 0.0653, Train Accuracy: 98.37%
Validation Loss: 1.2442, Validation Accuracy: 72.00%
[Epoch 5, Batch     2] loss: 0.001
Epoch 5/20:
Train Loss: 0.0584, Train Accuracy: 98.30%
Validation Loss: 1.8116, Validation Accuracy: 59.21%
[Epoch 6, Batch     2] loss: 0.001
Epoch 6/20:
Train Loss: 0.0510, Train Accuracy: 98.40%
Validation Loss: 0.7290, Validation Accuracy: 78.29%
[Epoch 7, Batch     2] loss: 0.000
Epoch 7/20:
Train Loss: 0.0495, Train Accuracy: 98.44%
Validation Loss: 1.6431, Validation Accuracy: 65.46%
[Epoch 8, Batch     2] loss: 0.001
Epoch 8/20:
Train Loss: 0.0337, Train Accuracy: 99.01%
Validation Loss: 1.4080, Validation Accuracy: 66.60%
[Epoch 9, Batch     2] loss: 0.002
Epoch 9/20:
Train Loss: 0.0256, Train Accuracy: 99.01%
Validation Loss: 1.0543, Validation Accuracy: 77.44%
[Epoch 10, Batch     2] loss: 0.000
Epoch 10/20:
Train Loss: 0.0444, Train Accuracy: 98.40%
Validation Loss: 0.8514, Validation Accuracy: 80.12%
[Epoch 11, Batch     2] loss: 0.000
Epoch 11/20:
Train Loss: 0.0287, Train Accuracy: 99.12%
Validation Loss: 0.9988, Validation Accuracy: 76.80%
[Epoch 12, Batch     2] loss: 0.000
Epoch 12/20:
Train Loss: 0.0087, Train Accuracy: 99.69%
Validation Loss: 0.9765, Validation Accuracy: 79.37%
[Epoch 13, Batch     2] loss: 0.000
Epoch 13/20:
Train Loss: 0.0144, Train Accuracy: 99.49%
Validation Loss: 1.3523, Validation Accuracy: 73.70%
[Epoch 14, Batch     2] loss: 0.000
Epoch 14/20:
Train Loss: 0.0104, Train Accuracy: 99.49%
Validation Loss: 0.7809, Validation Accuracy: 80.77%
[Epoch 15, Batch     2] loss: 0.000
Epoch 15/20:
Train Loss: 0.0092, Train Accuracy: 99.73%
Validation Loss: 0.9177, Validation Accuracy: 78.00%
[Epoch 16, Batch     2] loss: 0.001
Epoch 16/20:
Train Loss: 0.0156, Train Accuracy: 99.42%
Validation Loss: 1.1780, Validation Accuracy: 74.18%
[Epoch 17, Batch     2] loss: 0.001
Epoch 17/20:
Train Loss: 0.0215, Train Accuracy: 99.46%
Validation Loss: 0.8951, Validation Accuracy: 80.04%
[Epoch 18, Batch     2] loss: 0.000
Epoch 18/20:
Train Loss: 0.0075, Train Accuracy: 99.80%
Validation Loss: 1.0723, Validation Accuracy: 78.50%
[Epoch 19, Batch     2] loss: 0.000
Epoch 19/20:
Train Loss: 0.0150, Train Accuracy: 99.46%
Validation Loss: 1.6653, Validation Accuracy: 70.61%
[Epoch 20, Batch     2] loss: 0.000
Epoch 20/20:
Train Loss: 0.0148, Train Accuracy: 99.52%
Validation Loss: 0.8604, Validation Accuracy: 79.54%
Model saved to models/resnet18-MNIST-EVIDENCE-median-0.95-3
Modified conv1: updated in_channels to 1.
Modified fc layer: updated out_features to 10.
Loaded weights from file: models/resnet18_MNIST_E1_3
Modified conv1: updated in_channels to 1.
Modified fc layer: updated out_features to 10.
Initialized untrained model.
resnet18-MNIST-EVIDENCE-balanced_by_score1-0.3-3
[Epoch 1, Batch     2] loss: 0.043
[Epoch 1, Batch   102] loss: 0.346
[Epoch 1, Batch   202] loss: 0.167
[Epoch 1, Batch   302] loss: 0.135
[Epoch 1, Batch   402] loss: 0.133
[Epoch 1, Batch   502] loss: 0.113
[Epoch 1, Batch   602] loss: 0.096
Epoch 1/20:
Train Loss: 0.0079, Train Accuracy: 94.97%
Validation Loss: 0.1259, Validation Accuracy: 96.11%
[Epoch 2, Batch     2] loss: 0.001
[Epoch 2, Batch   102] loss: 0.079
[Epoch 2, Batch   202] loss: 0.079
[Epoch 2, Batch   302] loss: 0.084
[Epoch 2, Batch   402] loss: 0.089
[Epoch 2, Batch   502] loss: 0.060
[Epoch 2, Batch   602] loss: 0.064
Epoch 2/20:
Train Loss: 0.0044, Train Accuracy: 97.79%
Validation Loss: 0.0572, Validation Accuracy: 98.32%
[Epoch 3, Batch     2] loss: 0.001
[Epoch 3, Batch   102] loss: 0.070
[Epoch 3, Batch   202] loss: 0.050
[Epoch 3, Batch   302] loss: 0.061
[Epoch 3, Batch   402] loss: 0.062
[Epoch 3, Batch   502] loss: 0.064
[Epoch 3, Batch   602] loss: 0.057
Epoch 3/20:
Train Loss: 0.0051, Train Accuracy: 98.13%
Validation Loss: 0.0503, Validation Accuracy: 98.41%
[Epoch 4, Batch     2] loss: 0.000
[Epoch 4, Batch   102] loss: 0.046
[Epoch 4, Batch   202] loss: 0.045
[Epoch 4, Batch   302] loss: 0.050
[Epoch 4, Batch   402] loss: 0.056
[Epoch 4, Batch   502] loss: 0.044
[Epoch 4, Batch   602] loss: 0.057
Epoch 4/20:
Train Loss: 0.0039, Train Accuracy: 98.49%
Validation Loss: 0.0372, Validation Accuracy: 98.79%
[Epoch 5, Batch     2] loss: 0.001
[Epoch 5, Batch   102] loss: 0.032
[Epoch 5, Batch   202] loss: 0.045
[Epoch 5, Batch   302] loss: 0.037
[Epoch 5, Batch   402] loss: 0.035
[Epoch 5, Batch   502] loss: 0.053
[Epoch 5, Batch   602] loss: 0.044
Epoch 5/20:
Train Loss: 0.0036, Train Accuracy: 98.75%
Validation Loss: 0.0472, Validation Accuracy: 98.57%
[Epoch 6, Batch     2] loss: 0.001
[Epoch 6, Batch   102] loss: 0.041
[Epoch 6, Batch   202] loss: 0.038
[Epoch 6, Batch   302] loss: 0.042
[Epoch 6, Batch   402] loss: 0.043
[Epoch 6, Batch   502] loss: 0.040
[Epoch 6, Batch   602] loss: 0.035
Epoch 6/20:
Train Loss: 0.0041, Train Accuracy: 98.71%
Validation Loss: 0.0403, Validation Accuracy: 98.91%
[Epoch 7, Batch     2] loss: 0.000
[Epoch 7, Batch   102] loss: 0.025
[Epoch 7, Batch   202] loss: 0.040
[Epoch 7, Batch   302] loss: 0.041
[Epoch 7, Batch   402] loss: 0.024
[Epoch 7, Batch   502] loss: 0.040
[Epoch 7, Batch   602] loss: 0.042
Epoch 7/20:
Train Loss: 0.0027, Train Accuracy: 98.93%
Validation Loss: 0.0437, Validation Accuracy: 98.78%
[Epoch 8, Batch     2] loss: 0.001
[Epoch 8, Batch   102] loss: 0.027
[Epoch 8, Batch   202] loss: 0.031
[Epoch 8, Batch   302] loss: 0.033
[Epoch 8, Batch   402] loss: 0.039
[Epoch 8, Batch   502] loss: 0.029
[Epoch 8, Batch   602] loss: 0.042
Epoch 8/20:
Train Loss: 0.0027, Train Accuracy: 99.02%
Validation Loss: 0.0643, Validation Accuracy: 97.92%
[Epoch 9, Batch     2] loss: 0.001
[Epoch 9, Batch   102] loss: 0.038
[Epoch 9, Batch   202] loss: 0.039
[Epoch 9, Batch   302] loss: 0.025
[Epoch 9, Batch   402] loss: 0.041
[Epoch 9, Batch   502] loss: 0.032
[Epoch 9, Batch   602] loss: 0.038
Epoch 9/20:
Train Loss: 0.0028, Train Accuracy: 98.93%
Validation Loss: 0.0335, Validation Accuracy: 99.01%
[Epoch 10, Batch     2] loss: 0.000
[Epoch 10, Batch   102] loss: 0.028
[Epoch 10, Batch   202] loss: 0.030
[Epoch 10, Batch   302] loss: 0.025
[Epoch 10, Batch   402] loss: 0.026
[Epoch 10, Batch   502] loss: 0.036
[Epoch 10, Batch   602] loss: 0.042
Epoch 10/20:
Train Loss: 0.0023, Train Accuracy: 99.04%
Validation Loss: 0.0393, Validation Accuracy: 98.84%
[Epoch 11, Batch     2] loss: 0.000
[Epoch 11, Batch   102] loss: 0.032
[Epoch 11, Batch   202] loss: 0.030
[Epoch 11, Batch   302] loss: 0.031
[Epoch 11, Batch   402] loss: 0.030
[Epoch 11, Batch   502] loss: 0.028
[Epoch 11, Batch   602] loss: 0.024
Epoch 11/20:
Train Loss: 0.0022, Train Accuracy: 99.15%
Validation Loss: 0.0331, Validation Accuracy: 98.93%
[Epoch 12, Batch     2] loss: 0.000
[Epoch 12, Batch   102] loss: 0.024
[Epoch 12, Batch   202] loss: 0.019
[Epoch 12, Batch   302] loss: 0.020
[Epoch 12, Batch   402] loss: 0.036
[Epoch 12, Batch   502] loss: 0.034
[Epoch 12, Batch   602] loss: 0.030
Epoch 12/20:
Train Loss: 0.0020, Train Accuracy: 99.16%
Validation Loss: 0.0367, Validation Accuracy: 98.88%
[Epoch 13, Batch     2] loss: 0.000
[Epoch 13, Batch   102] loss: 0.018
[Epoch 13, Batch   202] loss: 0.017
[Epoch 13, Batch   302] loss: 0.014
[Epoch 13, Batch   402] loss: 0.029
[Epoch 13, Batch   502] loss: 0.029
[Epoch 13, Batch   602] loss: 0.029
Epoch 13/20:
Train Loss: 0.0030, Train Accuracy: 99.28%
Validation Loss: 0.0400, Validation Accuracy: 98.86%
[Epoch 14, Batch     2] loss: 0.000
[Epoch 14, Batch   102] loss: 0.018
[Epoch 14, Batch   202] loss: 0.019
[Epoch 14, Batch   302] loss: 0.029
[Epoch 14, Batch   402] loss: 0.027
[Epoch 14, Batch   502] loss: 0.025
[Epoch 14, Batch   602] loss: 0.024
Epoch 14/20:
Train Loss: 0.0030, Train Accuracy: 99.26%
Validation Loss: 0.0423, Validation Accuracy: 98.69%
[Epoch 15, Batch     2] loss: 0.000
[Epoch 15, Batch   102] loss: 0.017
[Epoch 15, Batch   202] loss: 0.020
[Epoch 15, Batch   302] loss: 0.018
[Epoch 15, Batch   402] loss: 0.020
[Epoch 15, Batch   502] loss: 0.032
[Epoch 15, Batch   602] loss: 0.020
Epoch 15/20:
Train Loss: 0.0015, Train Accuracy: 99.35%
Validation Loss: 0.0444, Validation Accuracy: 98.72%
[Epoch 16, Batch     2] loss: 0.000
[Epoch 16, Batch   102] loss: 0.020
[Epoch 16, Batch   202] loss: 0.024
[Epoch 16, Batch   302] loss: 0.016
[Epoch 16, Batch   402] loss: 0.020
[Epoch 16, Batch   502] loss: 0.021
[Epoch 16, Batch   602] loss: 0.021
Epoch 16/20:
Train Loss: 0.0019, Train Accuracy: 99.37%
Validation Loss: 0.0447, Validation Accuracy: 98.64%
[Epoch 17, Batch     2] loss: 0.000
[Epoch 17, Batch   102] loss: 0.017
[Epoch 17, Batch   202] loss: 0.016
[Epoch 17, Batch   302] loss: 0.021
[Epoch 17, Batch   402] loss: 0.020
[Epoch 17, Batch   502] loss: 0.021
[Epoch 17, Batch   602] loss: 0.026
Epoch 17/20:
Train Loss: 0.0015, Train Accuracy: 99.42%
Validation Loss: 0.0387, Validation Accuracy: 98.81%
[Epoch 18, Batch     2] loss: 0.001
[Epoch 18, Batch   102] loss: 0.011
[Epoch 18, Batch   202] loss: 0.012
[Epoch 18, Batch   302] loss: 0.019
[Epoch 18, Batch   402] loss: 0.021
[Epoch 18, Batch   502] loss: 0.016
[Epoch 18, Batch   602] loss: 0.020
Epoch 18/20:
Train Loss: 0.0017, Train Accuracy: 99.45%
Validation Loss: 0.0470, Validation Accuracy: 98.63%
[Epoch 19, Batch     2] loss: 0.000
[Epoch 19, Batch   102] loss: 0.017
[Epoch 19, Batch   202] loss: 0.015
[Epoch 19, Batch   302] loss: 0.019
[Epoch 19, Batch   402] loss: 0.014
[Epoch 19, Batch   502] loss: 0.019
[Epoch 19, Batch   602] loss: 0.021
Epoch 19/20:
Train Loss: 0.0021, Train Accuracy: 99.45%
Validation Loss: 0.0339, Validation Accuracy: 99.05%
[Epoch 20, Batch     2] loss: 0.000
[Epoch 20, Batch   102] loss: 0.015
[Epoch 20, Batch   202] loss: 0.015
[Epoch 20, Batch   302] loss: 0.014
[Epoch 20, Batch   402] loss: 0.021
[Epoch 20, Batch   502] loss: 0.014
[Epoch 20, Batch   602] loss: 0.015
Epoch 20/20:
Train Loss: 0.0013, Train Accuracy: 99.51%
Validation Loss: 0.0357, Validation Accuracy: 98.99%
Model saved to models/resnet18-MNIST-EVIDENCE-balanced_by_score1-0.3-3
Modified conv1: updated in_channels to 1.
Modified fc layer: updated out_features to 10.
Initialized untrained model.
resnet18-MNIST-EVIDENCE-balanced_by_score1-0.5-3
[Epoch 1, Batch     2] loss: 0.042
[Epoch 1, Batch   102] loss: 0.343
[Epoch 1, Batch   202] loss: 0.167
[Epoch 1, Batch   302] loss: 0.147
[Epoch 1, Batch   402] loss: 0.127
Epoch 1/20:
Train Loss: 0.0175, Train Accuracy: 94.04%
Validation Loss: 0.0916, Validation Accuracy: 97.23%
[Epoch 2, Batch     2] loss: 0.002
[Epoch 2, Batch   102] loss: 0.087
[Epoch 2, Batch   202] loss: 0.087
[Epoch 2, Batch   302] loss: 0.086
[Epoch 2, Batch   402] loss: 0.085
Epoch 2/20:
Train Loss: 0.0118, Train Accuracy: 97.41%
Validation Loss: 0.0818, Validation Accuracy: 97.47%
[Epoch 3, Batch     2] loss: 0.000
[Epoch 3, Batch   102] loss: 0.068
[Epoch 3, Batch   202] loss: 0.064
[Epoch 3, Batch   302] loss: 0.070
[Epoch 3, Batch   402] loss: 0.062
Epoch 3/20:
Train Loss: 0.0083, Train Accuracy: 98.01%
Validation Loss: 0.1023, Validation Accuracy: 96.84%
[Epoch 4, Batch     2] loss: 0.001
[Epoch 4, Batch   102] loss: 0.048
[Epoch 4, Batch   202] loss: 0.055
[Epoch 4, Batch   302] loss: 0.062
[Epoch 4, Batch   402] loss: 0.057
Epoch 4/20:
Train Loss: 0.0079, Train Accuracy: 98.28%
Validation Loss: 0.0878, Validation Accuracy: 97.25%
[Epoch 5, Batch     2] loss: 0.001
[Epoch 5, Batch   102] loss: 0.034
[Epoch 5, Batch   202] loss: 0.069
[Epoch 5, Batch   302] loss: 0.047
[Epoch 5, Batch   402] loss: 0.050
Epoch 5/20:
Train Loss: 0.0058, Train Accuracy: 98.56%
Validation Loss: 0.0357, Validation Accuracy: 98.91%
[Epoch 6, Batch     2] loss: 0.000
[Epoch 6, Batch   102] loss: 0.034
[Epoch 6, Batch   202] loss: 0.036
[Epoch 6, Batch   302] loss: 0.045
[Epoch 6, Batch   402] loss: 0.043
Epoch 6/20:
Train Loss: 0.0064, Train Accuracy: 98.72%
Validation Loss: 0.0496, Validation Accuracy: 98.53%
[Epoch 7, Batch     2] loss: 0.001
[Epoch 7, Batch   102] loss: 0.040
[Epoch 7, Batch   202] loss: 0.030
[Epoch 7, Batch   302] loss: 0.034
[Epoch 7, Batch   402] loss: 0.042
Epoch 7/20:
Train Loss: 0.0067, Train Accuracy: 98.78%
Validation Loss: 0.0541, Validation Accuracy: 98.29%
[Epoch 8, Batch     2] loss: 0.000
[Epoch 8, Batch   102] loss: 0.031
[Epoch 8, Batch   202] loss: 0.028
[Epoch 8, Batch   302] loss: 0.048
[Epoch 8, Batch   402] loss: 0.033
Epoch 8/20:
Train Loss: 0.0048, Train Accuracy: 98.97%
Validation Loss: 0.0435, Validation Accuracy: 98.67%
[Epoch 9, Batch     2] loss: 0.002
[Epoch 9, Batch   102] loss: 0.027
[Epoch 9, Batch   202] loss: 0.027
[Epoch 9, Batch   302] loss: 0.034
[Epoch 9, Batch   402] loss: 0.033
Epoch 9/20:
Train Loss: 0.0048, Train Accuracy: 99.07%
Validation Loss: 0.0447, Validation Accuracy: 98.69%
[Epoch 10, Batch     2] loss: 0.000
[Epoch 10, Batch   102] loss: 0.025
[Epoch 10, Batch   202] loss: 0.035
[Epoch 10, Batch   302] loss: 0.034
[Epoch 10, Batch   402] loss: 0.037
Epoch 10/20:
Train Loss: 0.0041, Train Accuracy: 99.04%
Validation Loss: 0.0392, Validation Accuracy: 98.84%
[Epoch 11, Batch     2] loss: 0.002
[Epoch 11, Batch   102] loss: 0.027
[Epoch 11, Batch   202] loss: 0.023
[Epoch 11, Batch   302] loss: 0.034
[Epoch 11, Batch   402] loss: 0.024
Epoch 11/20:
Train Loss: 0.0046, Train Accuracy: 99.11%
Validation Loss: 0.0443, Validation Accuracy: 98.65%
[Epoch 12, Batch     2] loss: 0.000
[Epoch 12, Batch   102] loss: 0.025
[Epoch 12, Batch   202] loss: 0.032
[Epoch 12, Batch   302] loss: 0.037
[Epoch 12, Batch   402] loss: 0.030
Epoch 12/20:
Train Loss: 0.0055, Train Accuracy: 99.01%
Validation Loss: 0.0609, Validation Accuracy: 98.21%
[Epoch 13, Batch     2] loss: 0.000
[Epoch 13, Batch   102] loss: 0.020
[Epoch 13, Batch   202] loss: 0.025
[Epoch 13, Batch   302] loss: 0.025
[Epoch 13, Batch   402] loss: 0.027
Epoch 13/20:
Train Loss: 0.0037, Train Accuracy: 99.26%
Validation Loss: 0.0776, Validation Accuracy: 97.92%
[Epoch 14, Batch     2] loss: 0.000
[Epoch 14, Batch   102] loss: 0.022
[Epoch 14, Batch   202] loss: 0.019
[Epoch 14, Batch   302] loss: 0.022
[Epoch 14, Batch   402] loss: 0.023
Epoch 14/20:
Train Loss: 0.0058, Train Accuracy: 99.28%
Validation Loss: 0.0499, Validation Accuracy: 98.58%
[Epoch 15, Batch     2] loss: 0.000
[Epoch 15, Batch   102] loss: 0.018
[Epoch 15, Batch   202] loss: 0.028
[Epoch 15, Batch   302] loss: 0.025
[Epoch 15, Batch   402] loss: 0.022
Epoch 15/20:
Train Loss: 0.0053, Train Accuracy: 99.23%
Validation Loss: 0.0559, Validation Accuracy: 98.45%
[Epoch 16, Batch     2] loss: 0.001
[Epoch 16, Batch   102] loss: 0.020
[Epoch 16, Batch   202] loss: 0.025
[Epoch 16, Batch   302] loss: 0.031
[Epoch 16, Batch   402] loss: 0.027
Epoch 16/20:
Train Loss: 0.0028, Train Accuracy: 99.21%
Validation Loss: 0.0412, Validation Accuracy: 98.65%
[Epoch 17, Batch     2] loss: 0.001
[Epoch 17, Batch   102] loss: 0.013
[Epoch 17, Batch   202] loss: 0.019
[Epoch 17, Batch   302] loss: 0.017
[Epoch 17, Batch   402] loss: 0.016
Epoch 17/20:
Train Loss: 0.0030, Train Accuracy: 99.46%
Validation Loss: 0.0395, Validation Accuracy: 98.92%
[Epoch 18, Batch     2] loss: 0.001
[Epoch 18, Batch   102] loss: 0.020
[Epoch 18, Batch   202] loss: 0.023
[Epoch 18, Batch   302] loss: 0.016
[Epoch 18, Batch   402] loss: 0.014
Epoch 18/20:
Train Loss: 0.0029, Train Accuracy: 99.42%
Validation Loss: 0.0460, Validation Accuracy: 98.75%
[Epoch 19, Batch     2] loss: 0.000
[Epoch 19, Batch   102] loss: 0.012
[Epoch 19, Batch   202] loss: 0.012
[Epoch 19, Batch   302] loss: 0.022
[Epoch 19, Batch   402] loss: 0.021
Epoch 19/20:
Train Loss: 0.0025, Train Accuracy: 99.51%
Validation Loss: 0.0486, Validation Accuracy: 98.65%
[Epoch 20, Batch     2] loss: 0.001
[Epoch 20, Batch   102] loss: 0.015
[Epoch 20, Batch   202] loss: 0.016
[Epoch 20, Batch   302] loss: 0.020
[Epoch 20, Batch   402] loss: 0.018
Epoch 20/20:
Train Loss: 0.0019, Train Accuracy: 99.48%
Validation Loss: 0.0447, Validation Accuracy: 98.72%
Model saved to models/resnet18-MNIST-EVIDENCE-balanced_by_score1-0.5-3
Modified conv1: updated in_channels to 1.
Modified fc layer: updated out_features to 10.
Initialized untrained model.
resnet18-MNIST-EVIDENCE-balanced_by_score1-0.7-3
[Epoch 1, Batch     2] loss: 0.044
[Epoch 1, Batch   102] loss: 0.314
[Epoch 1, Batch   202] loss: 0.181
Epoch 1/20:
Train Loss: 0.0413, Train Accuracy: 92.72%
Validation Loss: 0.1995, Validation Accuracy: 93.44%
[Epoch 2, Batch     2] loss: 0.003
[Epoch 2, Batch   102] loss: 0.095
[Epoch 2, Batch   202] loss: 0.103
Epoch 2/20:
Train Loss: 0.0290, Train Accuracy: 96.96%
Validation Loss: 0.0971, Validation Accuracy: 96.97%
[Epoch 3, Batch     2] loss: 0.002
[Epoch 3, Batch   102] loss: 0.075
[Epoch 3, Batch   202] loss: 0.075
Epoch 3/20:
Train Loss: 0.0217, Train Accuracy: 97.62%
Validation Loss: 0.0742, Validation Accuracy: 97.64%
[Epoch 4, Batch     2] loss: 0.002
[Epoch 4, Batch   102] loss: 0.056
[Epoch 4, Batch   202] loss: 0.061
Epoch 4/20:
Train Loss: 0.0195, Train Accuracy: 98.06%
Validation Loss: 0.1013, Validation Accuracy: 96.89%
[Epoch 5, Batch     2] loss: 0.001
[Epoch 5, Batch   102] loss: 0.043
[Epoch 5, Batch   202] loss: 0.052
Epoch 5/20:
Train Loss: 0.0140, Train Accuracy: 98.52%
Validation Loss: 0.1232, Validation Accuracy: 96.38%
[Epoch 6, Batch     2] loss: 0.000
[Epoch 6, Batch   102] loss: 0.051
[Epoch 6, Batch   202] loss: 0.045
Epoch 6/20:
Train Loss: 0.0129, Train Accuracy: 98.57%
Validation Loss: 0.1550, Validation Accuracy: 95.48%
[Epoch 7, Batch     2] loss: 0.000
[Epoch 7, Batch   102] loss: 0.041
[Epoch 7, Batch   202] loss: 0.028
Epoch 7/20:
Train Loss: 0.0116, Train Accuracy: 98.87%
Validation Loss: 0.0469, Validation Accuracy: 98.63%
[Epoch 8, Batch     2] loss: 0.001
[Epoch 8, Batch   102] loss: 0.037
[Epoch 8, Batch   202] loss: 0.055
Epoch 8/20:
Train Loss: 0.0065, Train Accuracy: 98.80%
Validation Loss: 0.0513, Validation Accuracy: 98.48%
[Epoch 9, Batch     2] loss: 0.000
[Epoch 9, Batch   102] loss: 0.038
[Epoch 9, Batch   202] loss: 0.036
Epoch 9/20:
Train Loss: 0.0092, Train Accuracy: 98.87%
Validation Loss: 0.0807, Validation Accuracy: 97.56%
[Epoch 10, Batch     2] loss: 0.000
[Epoch 10, Batch   102] loss: 0.036
[Epoch 10, Batch   202] loss: 0.030
Epoch 10/20:
Train Loss: 0.0120, Train Accuracy: 98.90%
Validation Loss: 0.0692, Validation Accuracy: 97.90%
[Epoch 11, Batch     2] loss: 0.001
[Epoch 11, Batch   102] loss: 0.032
[Epoch 11, Batch   202] loss: 0.036
Epoch 11/20:
Train Loss: 0.0080, Train Accuracy: 98.93%
Validation Loss: 0.0564, Validation Accuracy: 98.37%
[Epoch 12, Batch     2] loss: 0.001
[Epoch 12, Batch   102] loss: 0.027
[Epoch 12, Batch   202] loss: 0.026
Epoch 12/20:
Train Loss: 0.0065, Train Accuracy: 99.23%
Validation Loss: 0.0531, Validation Accuracy: 98.47%
[Epoch 13, Batch     2] loss: 0.000
[Epoch 13, Batch   102] loss: 0.018
[Epoch 13, Batch   202] loss: 0.034
Epoch 13/20:
Train Loss: 0.0083, Train Accuracy: 99.12%
Validation Loss: 0.0607, Validation Accuracy: 98.26%
[Epoch 14, Batch     2] loss: 0.000
[Epoch 14, Batch   102] loss: 0.021
[Epoch 14, Batch   202] loss: 0.034
Epoch 14/20:
Train Loss: 0.0084, Train Accuracy: 99.12%
Validation Loss: 0.0637, Validation Accuracy: 98.29%
[Epoch 15, Batch     2] loss: 0.001
[Epoch 15, Batch   102] loss: 0.015
[Epoch 15, Batch   202] loss: 0.024
Epoch 15/20:
Train Loss: 0.0116, Train Accuracy: 99.19%
Validation Loss: 0.0454, Validation Accuracy: 98.65%
[Epoch 16, Batch     2] loss: 0.001
[Epoch 16, Batch   102] loss: 0.024
[Epoch 16, Batch   202] loss: 0.021
Epoch 16/20:
Train Loss: 0.0075, Train Accuracy: 99.30%
Validation Loss: 0.1151, Validation Accuracy: 96.62%
[Epoch 17, Batch     2] loss: 0.001
[Epoch 17, Batch   102] loss: 0.029
[Epoch 17, Batch   202] loss: 0.015
Epoch 17/20:
Train Loss: 0.0044, Train Accuracy: 99.40%
Validation Loss: 0.0723, Validation Accuracy: 98.02%
[Epoch 18, Batch     2] loss: 0.000
[Epoch 18, Batch   102] loss: 0.026
[Epoch 18, Batch   202] loss: 0.021
Epoch 18/20:
Train Loss: 0.0071, Train Accuracy: 99.27%
Validation Loss: 0.0596, Validation Accuracy: 98.27%
[Epoch 19, Batch     2] loss: 0.001
[Epoch 19, Batch   102] loss: 0.025
[Epoch 19, Batch   202] loss: 0.020
Epoch 19/20:
Train Loss: 0.0093, Train Accuracy: 99.28%
Validation Loss: 0.0585, Validation Accuracy: 98.31%
[Epoch 20, Batch     2] loss: 0.001
[Epoch 20, Batch   102] loss: 0.018
[Epoch 20, Batch   202] loss: 0.026
Epoch 20/20:
Train Loss: 0.0080, Train Accuracy: 99.31%
Validation Loss: 0.0591, Validation Accuracy: 98.34%
Model saved to models/resnet18-MNIST-EVIDENCE-balanced_by_score1-0.7-3
Modified conv1: updated in_channels to 1.
Modified fc layer: updated out_features to 10.
Initialized untrained model.
resnet18-MNIST-EVIDENCE-balanced_by_score1-0.8-3
[Epoch 1, Batch     2] loss: 0.044
[Epoch 1, Batch   102] loss: 0.325
Epoch 1/20:
Train Loss: 0.0861, Train Accuracy: 90.97%
Validation Loss: 0.1138, Validation Accuracy: 96.41%
[Epoch 2, Batch     2] loss: 0.001
[Epoch 2, Batch   102] loss: 0.112
Epoch 2/20:
Train Loss: 0.0576, Train Accuracy: 96.33%
Validation Loss: 0.1717, Validation Accuracy: 94.34%
[Epoch 3, Batch     2] loss: 0.001
[Epoch 3, Batch   102] loss: 0.087
Epoch 3/20:
Train Loss: 0.0432, Train Accuracy: 97.18%
Validation Loss: 0.0618, Validation Accuracy: 97.86%
[Epoch 4, Batch     2] loss: 0.003
[Epoch 4, Batch   102] loss: 0.057
Epoch 4/20:
Train Loss: 0.0355, Train Accuracy: 97.80%
Validation Loss: 0.1235, Validation Accuracy: 96.24%
[Epoch 5, Batch     2] loss: 0.001
[Epoch 5, Batch   102] loss: 0.061
Epoch 5/20:
Train Loss: 0.0262, Train Accuracy: 98.20%
Validation Loss: 0.1153, Validation Accuracy: 96.44%
[Epoch 6, Batch     2] loss: 0.001
[Epoch 6, Batch   102] loss: 0.053
Epoch 6/20:
Train Loss: 0.0210, Train Accuracy: 98.47%
Validation Loss: 0.0494, Validation Accuracy: 98.42%
[Epoch 7, Batch     2] loss: 0.000
[Epoch 7, Batch   102] loss: 0.035
Epoch 7/20:
Train Loss: 0.0277, Train Accuracy: 98.53%
Validation Loss: 0.0848, Validation Accuracy: 97.45%
[Epoch 8, Batch     2] loss: 0.000
[Epoch 8, Batch   102] loss: 0.048
Epoch 8/20:
Train Loss: 0.0165, Train Accuracy: 98.66%
Validation Loss: 0.0611, Validation Accuracy: 98.18%
[Epoch 9, Batch     2] loss: 0.002
[Epoch 9, Batch   102] loss: 0.021
Epoch 9/20:
Train Loss: 0.0177, Train Accuracy: 99.10%
Validation Loss: 0.0613, Validation Accuracy: 98.03%
[Epoch 10, Batch     2] loss: 0.001
[Epoch 10, Batch   102] loss: 0.028
Epoch 10/20:
Train Loss: 0.0211, Train Accuracy: 98.78%
Validation Loss: 0.0536, Validation Accuracy: 98.31%
[Epoch 11, Batch     2] loss: 0.001
[Epoch 11, Batch   102] loss: 0.042
Epoch 11/20:
Train Loss: 0.0117, Train Accuracy: 98.85%
Validation Loss: 0.0686, Validation Accuracy: 97.92%
[Epoch 12, Batch     2] loss: 0.000
[Epoch 12, Batch   102] loss: 0.025
Epoch 12/20:
Train Loss: 0.0128, Train Accuracy: 99.18%
Validation Loss: 0.0658, Validation Accuracy: 98.06%
[Epoch 13, Batch     2] loss: 0.001
[Epoch 13, Batch   102] loss: 0.028
Epoch 13/20:
Train Loss: 0.0145, Train Accuracy: 99.07%
Validation Loss: 0.0809, Validation Accuracy: 97.60%
[Epoch 14, Batch     2] loss: 0.001
[Epoch 14, Batch   102] loss: 0.026
Epoch 14/20:
Train Loss: 0.0129, Train Accuracy: 99.23%
Validation Loss: 0.0830, Validation Accuracy: 97.71%
[Epoch 15, Batch     2] loss: 0.000
[Epoch 15, Batch   102] loss: 0.022
Epoch 15/20:
Train Loss: 0.0110, Train Accuracy: 99.32%
Validation Loss: 0.0733, Validation Accuracy: 97.90%
[Epoch 16, Batch     2] loss: 0.000
[Epoch 16, Batch   102] loss: 0.017
Epoch 16/20:
Train Loss: 0.0151, Train Accuracy: 99.17%
Validation Loss: 0.0903, Validation Accuracy: 97.37%
[Epoch 17, Batch     2] loss: 0.000
[Epoch 17, Batch   102] loss: 0.021
Epoch 17/20:
Train Loss: 0.0109, Train Accuracy: 99.27%
Validation Loss: 0.0775, Validation Accuracy: 97.69%
[Epoch 18, Batch     2] loss: 0.000
[Epoch 18, Batch   102] loss: 0.023
Epoch 18/20:
Train Loss: 0.0096, Train Accuracy: 99.40%
Validation Loss: 0.0510, Validation Accuracy: 98.59%
[Epoch 19, Batch     2] loss: 0.000
[Epoch 19, Batch   102] loss: 0.019
Epoch 19/20:
Train Loss: 0.0103, Train Accuracy: 99.37%
Validation Loss: 0.0831, Validation Accuracy: 97.74%
[Epoch 20, Batch     2] loss: 0.000
[Epoch 20, Batch   102] loss: 0.025
Epoch 20/20:
Train Loss: 0.0120, Train Accuracy: 99.22%
Validation Loss: 0.0776, Validation Accuracy: 97.70%
Model saved to models/resnet18-MNIST-EVIDENCE-balanced_by_score1-0.8-3
Modified conv1: updated in_channels to 1.
Modified fc layer: updated out_features to 10.
Initialized untrained model.
resnet18-MNIST-EVIDENCE-balanced_by_score1-0.9-3
[Epoch 1, Batch     2] loss: 0.042
Epoch 1/20:
Train Loss: 0.3179, Train Accuracy: 87.84%
Validation Loss: 0.2181, Validation Accuracy: 93.26%
[Epoch 2, Batch     2] loss: 0.003
Epoch 2/20:
Train Loss: 0.1434, Train Accuracy: 95.47%
Validation Loss: 0.2093, Validation Accuracy: 93.19%
[Epoch 3, Batch     2] loss: 0.004
Epoch 3/20:
Train Loss: 0.0913, Train Accuracy: 96.74%
Validation Loss: 0.2405, Validation Accuracy: 93.11%
[Epoch 4, Batch     2] loss: 0.000
Epoch 4/20:
Train Loss: 0.0781, Train Accuracy: 97.57%
Validation Loss: 0.3060, Validation Accuracy: 91.81%
[Epoch 5, Batch     2] loss: 0.001
Epoch 5/20:
Train Loss: 0.0714, Train Accuracy: 97.74%
Validation Loss: 0.2362, Validation Accuracy: 93.55%
[Epoch 6, Batch     2] loss: 0.002
Epoch 6/20:
Train Loss: 0.0622, Train Accuracy: 98.06%
Validation Loss: 0.0790, Validation Accuracy: 97.54%
[Epoch 7, Batch     2] loss: 0.000
Epoch 7/20:
Train Loss: 0.0428, Train Accuracy: 98.66%
Validation Loss: 0.1339, Validation Accuracy: 96.43%
[Epoch 8, Batch     2] loss: 0.001
Epoch 8/20:
Train Loss: 0.0496, Train Accuracy: 98.52%
Validation Loss: 0.0972, Validation Accuracy: 96.91%
[Epoch 9, Batch     2] loss: 0.000
Epoch 9/20:
Train Loss: 0.0376, Train Accuracy: 98.73%
Validation Loss: 0.1512, Validation Accuracy: 95.66%
[Epoch 10, Batch     2] loss: 0.001
Epoch 10/20:
Train Loss: 0.0186, Train Accuracy: 99.34%
Validation Loss: 0.0913, Validation Accuracy: 97.34%
[Epoch 11, Batch     2] loss: 0.000
Epoch 11/20:
Train Loss: 0.0443, Train Accuracy: 98.49%
Validation Loss: 0.0995, Validation Accuracy: 97.48%
[Epoch 12, Batch     2] loss: 0.001
Epoch 12/20:
Train Loss: 0.0197, Train Accuracy: 99.41%
Validation Loss: 0.0721, Validation Accuracy: 98.08%
[Epoch 13, Batch     2] loss: 0.000
Epoch 13/20:
Train Loss: 0.0126, Train Accuracy: 99.63%
Validation Loss: 0.3777, Validation Accuracy: 91.88%
[Epoch 14, Batch     2] loss: 0.003
Epoch 14/20:
Train Loss: 0.0428, Train Accuracy: 98.51%
Validation Loss: 0.1502, Validation Accuracy: 96.05%
[Epoch 15, Batch     2] loss: 0.001
Epoch 15/20:
Train Loss: 0.0270, Train Accuracy: 99.12%
Validation Loss: 0.0940, Validation Accuracy: 97.39%
[Epoch 16, Batch     2] loss: 0.000
Epoch 16/20:
Train Loss: 0.0258, Train Accuracy: 99.25%
Validation Loss: 0.0863, Validation Accuracy: 97.73%
[Epoch 17, Batch     2] loss: 0.000
Epoch 17/20:
Train Loss: 0.0227, Train Accuracy: 99.25%
Validation Loss: 0.0819, Validation Accuracy: 97.82%
[Epoch 18, Batch     2] loss: 0.001
Epoch 18/20:
Train Loss: 0.0159, Train Accuracy: 99.61%
Validation Loss: 0.0871, Validation Accuracy: 97.60%
[Epoch 19, Batch     2] loss: 0.000
Epoch 19/20:
Train Loss: 0.0163, Train Accuracy: 99.44%
Validation Loss: 0.1724, Validation Accuracy: 95.75%
[Epoch 20, Batch     2] loss: 0.000
Epoch 20/20:
Train Loss: 0.0277, Train Accuracy: 99.32%
Validation Loss: 0.0822, Validation Accuracy: 97.65%
Model saved to models/resnet18-MNIST-EVIDENCE-balanced_by_score1-0.9-3
Modified conv1: updated in_channels to 1.
Modified fc layer: updated out_features to 10.
Initialized untrained model.
resnet18-MNIST-EVIDENCE-balanced_by_score1-0.95-3
[Epoch 1, Batch     2] loss: 0.044
Epoch 1/20:
Train Loss: 0.4140, Train Accuracy: 83.66%
Validation Loss: 0.3056, Validation Accuracy: 90.15%
[Epoch 2, Batch     2] loss: 0.004
Epoch 2/20:
Train Loss: 0.1708, Train Accuracy: 94.06%
Validation Loss: 0.5245, Validation Accuracy: 85.61%
[Epoch 3, Batch     2] loss: 0.003
Epoch 3/20:
Train Loss: 0.1159, Train Accuracy: 96.47%
Validation Loss: 0.2126, Validation Accuracy: 93.41%
[Epoch 4, Batch     2] loss: 0.001
Epoch 4/20:
Train Loss: 0.0843, Train Accuracy: 97.32%
Validation Loss: 0.1624, Validation Accuracy: 95.08%
[Epoch 5, Batch     2] loss: 0.000
Epoch 5/20:
Train Loss: 0.0900, Train Accuracy: 97.32%
Validation Loss: 0.2747, Validation Accuracy: 92.51%
[Epoch 6, Batch     2] loss: 0.002
Epoch 6/20:
Train Loss: 0.0714, Train Accuracy: 97.25%
Validation Loss: 0.2952, Validation Accuracy: 91.95%
[Epoch 7, Batch     2] loss: 0.002
Epoch 7/20:
Train Loss: 0.0645, Train Accuracy: 97.86%
Validation Loss: 0.2729, Validation Accuracy: 92.79%
[Epoch 8, Batch     2] loss: 0.001
Epoch 8/20:
Train Loss: 0.0543, Train Accuracy: 98.54%
Validation Loss: 0.1704, Validation Accuracy: 95.02%
[Epoch 9, Batch     2] loss: 0.001
Epoch 9/20:
Train Loss: 0.0314, Train Accuracy: 99.01%
Validation Loss: 0.1643, Validation Accuracy: 95.58%
[Epoch 10, Batch     2] loss: 0.001
Epoch 10/20:
Train Loss: 0.0279, Train Accuracy: 99.01%
Validation Loss: 0.1360, Validation Accuracy: 96.19%
[Epoch 11, Batch     2] loss: 0.000
Epoch 11/20:
Train Loss: 0.0302, Train Accuracy: 98.95%
Validation Loss: 0.1389, Validation Accuracy: 96.48%
[Epoch 12, Batch     2] loss: 0.001
Epoch 12/20:
Train Loss: 0.0588, Train Accuracy: 98.13%
Validation Loss: 0.1560, Validation Accuracy: 95.81%
[Epoch 13, Batch     2] loss: 0.002
Epoch 13/20:
Train Loss: 0.0399, Train Accuracy: 98.61%
Validation Loss: 0.1654, Validation Accuracy: 95.68%
[Epoch 14, Batch     2] loss: 0.000
Epoch 14/20:
Train Loss: 0.0255, Train Accuracy: 99.22%
Validation Loss: 0.1109, Validation Accuracy: 97.10%
[Epoch 15, Batch     2] loss: 0.000
Epoch 15/20:
Train Loss: 0.0113, Train Accuracy: 99.66%
Validation Loss: 0.2296, Validation Accuracy: 94.44%
[Epoch 16, Batch     2] loss: 0.001
Epoch 16/20:
Train Loss: 0.0229, Train Accuracy: 99.08%
Validation Loss: 0.1435, Validation Accuracy: 96.22%
[Epoch 17, Batch     2] loss: 0.000
Epoch 17/20:
Train Loss: 0.0241, Train Accuracy: 99.22%
Validation Loss: 0.1687, Validation Accuracy: 95.54%
[Epoch 18, Batch     2] loss: 0.001
Epoch 18/20:
Train Loss: 0.0343, Train Accuracy: 98.95%
Validation Loss: 0.1553, Validation Accuracy: 96.11%
[Epoch 19, Batch     2] loss: 0.001
Epoch 19/20:
Train Loss: 0.0210, Train Accuracy: 99.25%
Validation Loss: 0.1120, Validation Accuracy: 97.15%
[Epoch 20, Batch     2] loss: 0.000
Epoch 20/20:
Train Loss: 0.0106, Train Accuracy: 99.69%
Validation Loss: 0.2478, Validation Accuracy: 94.42%
Model saved to models/resnet18-MNIST-EVIDENCE-balanced_by_score1-0.95-3
Modified conv1: updated in_channels to 1.
Modified fc layer: updated out_features to 10.
Loaded weights from file: models/resnet18_MNIST_E1_3
Modified conv1: updated in_channels to 1.
Modified fc layer: updated out_features to 10.
Initialized untrained model.
resnet18-MNIST-BELIEF-balanced_by_score-0.3-3
[Epoch 1, Batch     2] loss: 0.043
[Epoch 1, Batch   102] loss: 0.334
[Epoch 1, Batch   202] loss: 0.175
[Epoch 1, Batch   302] loss: 0.133
[Epoch 1, Batch   402] loss: 0.140
[Epoch 1, Batch   502] loss: 0.114
[Epoch 1, Batch   602] loss: 0.094
Epoch 1/20:
Train Loss: 0.0091, Train Accuracy: 94.90%
Validation Loss: 0.1167, Validation Accuracy: 96.07%
[Epoch 2, Batch     2] loss: 0.001
[Epoch 2, Batch   102] loss: 0.081
[Epoch 2, Batch   202] loss: 0.084
[Epoch 2, Batch   302] loss: 0.083
[Epoch 2, Batch   402] loss: 0.060
[Epoch 2, Batch   502] loss: 0.075
[Epoch 2, Batch   602] loss: 0.063
Epoch 2/20:
Train Loss: 0.0071, Train Accuracy: 97.73%
Validation Loss: 0.0711, Validation Accuracy: 97.84%
[Epoch 3, Batch     2] loss: 0.002
[Epoch 3, Batch   102] loss: 0.044
[Epoch 3, Batch   202] loss: 0.049
[Epoch 3, Batch   302] loss: 0.063
[Epoch 3, Batch   402] loss: 0.057
[Epoch 3, Batch   502] loss: 0.059
[Epoch 3, Batch   602] loss: 0.053
Epoch 3/20:
Train Loss: 0.0050, Train Accuracy: 98.41%
Validation Loss: 0.0493, Validation Accuracy: 98.50%
[Epoch 4, Batch     2] loss: 0.001
[Epoch 4, Batch   102] loss: 0.040
[Epoch 4, Batch   202] loss: 0.050
[Epoch 4, Batch   302] loss: 0.065
[Epoch 4, Batch   402] loss: 0.044
[Epoch 4, Batch   502] loss: 0.056
[Epoch 4, Batch   602] loss: 0.067
Epoch 4/20:
Train Loss: 0.0045, Train Accuracy: 98.33%
Validation Loss: 0.0651, Validation Accuracy: 97.95%
[Epoch 5, Batch     2] loss: 0.000
[Epoch 5, Batch   102] loss: 0.037
[Epoch 5, Batch   202] loss: 0.046
[Epoch 5, Batch   302] loss: 0.038
[Epoch 5, Batch   402] loss: 0.043
[Epoch 5, Batch   502] loss: 0.050
[Epoch 5, Batch   602] loss: 0.047
Epoch 5/20:
Train Loss: 0.0044, Train Accuracy: 98.67%
Validation Loss: 0.0548, Validation Accuracy: 98.44%
[Epoch 6, Batch     2] loss: 0.002
[Epoch 6, Batch   102] loss: 0.031
[Epoch 6, Batch   202] loss: 0.041
[Epoch 6, Batch   302] loss: 0.052
[Epoch 6, Batch   402] loss: 0.040
[Epoch 6, Batch   502] loss: 0.043
[Epoch 6, Batch   602] loss: 0.041
Epoch 6/20:
Train Loss: 0.0039, Train Accuracy: 98.74%
Validation Loss: 0.0442, Validation Accuracy: 98.70%
[Epoch 7, Batch     2] loss: 0.000
[Epoch 7, Batch   102] loss: 0.028
[Epoch 7, Batch   202] loss: 0.034
[Epoch 7, Batch   302] loss: 0.033
[Epoch 7, Batch   402] loss: 0.033
[Epoch 7, Batch   502] loss: 0.032
[Epoch 7, Batch   602] loss: 0.044
Epoch 7/20:
Train Loss: 0.0045, Train Accuracy: 98.91%
Validation Loss: 0.0345, Validation Accuracy: 98.96%
[Epoch 8, Batch     2] loss: 0.001
[Epoch 8, Batch   102] loss: 0.033
[Epoch 8, Batch   202] loss: 0.031
[Epoch 8, Batch   302] loss: 0.038
[Epoch 8, Batch   402] loss: 0.040
[Epoch 8, Batch   502] loss: 0.051
[Epoch 8, Batch   602] loss: 0.041
Epoch 8/20:
Train Loss: 0.0029, Train Accuracy: 98.84%
Validation Loss: 0.0482, Validation Accuracy: 98.63%
[Epoch 9, Batch     2] loss: 0.001
[Epoch 9, Batch   102] loss: 0.028
[Epoch 9, Batch   202] loss: 0.029
[Epoch 9, Batch   302] loss: 0.030
[Epoch 9, Batch   402] loss: 0.027
[Epoch 9, Batch   502] loss: 0.028
[Epoch 9, Batch   602] loss: 0.047
Epoch 9/20:
Train Loss: 0.0030, Train Accuracy: 99.07%
Validation Loss: 0.0409, Validation Accuracy: 98.74%
[Epoch 10, Batch     2] loss: 0.000
[Epoch 10, Batch   102] loss: 0.038
[Epoch 10, Batch   202] loss: 0.022
[Epoch 10, Batch   302] loss: 0.019
[Epoch 10, Batch   402] loss: 0.035
[Epoch 10, Batch   502] loss: 0.035
[Epoch 10, Batch   602] loss: 0.035
Epoch 10/20:
Train Loss: 0.0042, Train Accuracy: 99.00%
Validation Loss: 0.0344, Validation Accuracy: 98.98%
[Epoch 11, Batch     2] loss: 0.000
[Epoch 11, Batch   102] loss: 0.022
[Epoch 11, Batch   202] loss: 0.025
[Epoch 11, Batch   302] loss: 0.018
[Epoch 11, Batch   402] loss: 0.029
[Epoch 11, Batch   502] loss: 0.033
[Epoch 11, Batch   602] loss: 0.034
Epoch 11/20:
Train Loss: 0.0023, Train Accuracy: 99.20%
Validation Loss: 0.0404, Validation Accuracy: 98.77%
[Epoch 12, Batch     2] loss: 0.002
[Epoch 12, Batch   102] loss: 0.021
[Epoch 12, Batch   202] loss: 0.022
[Epoch 12, Batch   302] loss: 0.027
[Epoch 12, Batch   402] loss: 0.035
[Epoch 12, Batch   502] loss: 0.027
[Epoch 12, Batch   602] loss: 0.032
Epoch 12/20:
Train Loss: 0.0027, Train Accuracy: 99.17%
Validation Loss: 0.0374, Validation Accuracy: 98.90%
[Epoch 13, Batch     2] loss: 0.001
[Epoch 13, Batch   102] loss: 0.020
[Epoch 13, Batch   202] loss: 0.022
[Epoch 13, Batch   302] loss: 0.024
[Epoch 13, Batch   402] loss: 0.027
[Epoch 13, Batch   502] loss: 0.032
[Epoch 13, Batch   602] loss: 0.028
Epoch 13/20:
Train Loss: 0.0019, Train Accuracy: 99.23%
Validation Loss: 0.0373, Validation Accuracy: 98.88%
[Epoch 14, Batch     2] loss: 0.001
[Epoch 14, Batch   102] loss: 0.015
[Epoch 14, Batch   202] loss: 0.014
[Epoch 14, Batch   302] loss: 0.018
[Epoch 14, Batch   402] loss: 0.028
[Epoch 14, Batch   502] loss: 0.033
[Epoch 14, Batch   602] loss: 0.036
Epoch 14/20:
Train Loss: 0.0018, Train Accuracy: 99.30%
Validation Loss: 0.0404, Validation Accuracy: 98.93%
[Epoch 15, Batch     2] loss: 0.000
[Epoch 15, Batch   102] loss: 0.013
[Epoch 15, Batch   202] loss: 0.023
[Epoch 15, Batch   302] loss: 0.017
[Epoch 15, Batch   402] loss: 0.026
[Epoch 15, Batch   502] loss: 0.027
[Epoch 15, Batch   602] loss: 0.025
Epoch 15/20:
Train Loss: 0.0020, Train Accuracy: 99.34%
Validation Loss: 0.0324, Validation Accuracy: 98.97%
[Epoch 16, Batch     2] loss: 0.000
[Epoch 16, Batch   102] loss: 0.010
[Epoch 16, Batch   202] loss: 0.021
[Epoch 16, Batch   302] loss: 0.024
[Epoch 16, Batch   402] loss: 0.021
[Epoch 16, Batch   502] loss: 0.021
[Epoch 16, Batch   602] loss: 0.027
Epoch 16/20:
Train Loss: 0.0021, Train Accuracy: 99.35%
Validation Loss: 0.0536, Validation Accuracy: 98.52%
[Epoch 17, Batch     2] loss: 0.001
[Epoch 17, Batch   102] loss: 0.018
[Epoch 17, Batch   202] loss: 0.015
[Epoch 17, Batch   302] loss: 0.018
[Epoch 17, Batch   402] loss: 0.019
[Epoch 17, Batch   502] loss: 0.017
[Epoch 17, Batch   602] loss: 0.021
Epoch 17/20:
Train Loss: 0.0027, Train Accuracy: 99.41%
Validation Loss: 0.0414, Validation Accuracy: 98.71%
[Epoch 18, Batch     2] loss: 0.000
[Epoch 18, Batch   102] loss: 0.016
[Epoch 18, Batch   202] loss: 0.017
[Epoch 18, Batch   302] loss: 0.016
[Epoch 18, Batch   402] loss: 0.012
[Epoch 18, Batch   502] loss: 0.014
[Epoch 18, Batch   602] loss: 0.027
Epoch 18/20:
Train Loss: 0.0020, Train Accuracy: 99.47%
Validation Loss: 0.0345, Validation Accuracy: 98.99%
[Epoch 19, Batch     2] loss: 0.000
[Epoch 19, Batch   102] loss: 0.020
[Epoch 19, Batch   202] loss: 0.020
[Epoch 19, Batch   302] loss: 0.010
[Epoch 19, Batch   402] loss: 0.014
[Epoch 19, Batch   502] loss: 0.022
[Epoch 19, Batch   602] loss: 0.022
Epoch 19/20:
Train Loss: 0.0017, Train Accuracy: 99.46%
Validation Loss: 0.0304, Validation Accuracy: 99.05%
[Epoch 20, Batch     2] loss: 0.000
[Epoch 20, Batch   102] loss: 0.009
[Epoch 20, Batch   202] loss: 0.017
[Epoch 20, Batch   302] loss: 0.013
[Epoch 20, Batch   402] loss: 0.018
[Epoch 20, Batch   502] loss: 0.028
[Epoch 20, Batch   602] loss: 0.024
Epoch 20/20:
Train Loss: 0.0020, Train Accuracy: 99.46%
Validation Loss: 0.0371, Validation Accuracy: 98.93%
Model saved to models/resnet18-MNIST-BELIEF-balanced_by_score-0.3-3
Modified conv1: updated in_channels to 1.
Modified fc layer: updated out_features to 10.
Initialized untrained model.
resnet18-MNIST-BELIEF-balanced_by_score-0.5-3
[Epoch 1, Batch     2] loss: 0.044
[Epoch 1, Batch   102] loss: 0.365
[Epoch 1, Batch   202] loss: 0.187
[Epoch 1, Batch   302] loss: 0.151
[Epoch 1, Batch   402] loss: 0.115
Epoch 1/20:
Train Loss: 0.0170, Train Accuracy: 93.70%
Validation Loss: 0.1833, Validation Accuracy: 94.60%
[Epoch 2, Batch     2] loss: 0.001
[Epoch 2, Batch   102] loss: 0.085
[Epoch 2, Batch   202] loss: 0.085
[Epoch 2, Batch   302] loss: 0.086
[Epoch 2, Batch   402] loss: 0.093
Epoch 2/20:
Train Loss: 0.0113, Train Accuracy: 97.41%
Validation Loss: 0.0891, Validation Accuracy: 97.05%
[Epoch 3, Batch     2] loss: 0.001
[Epoch 3, Batch   102] loss: 0.068
[Epoch 3, Batch   202] loss: 0.083
[Epoch 3, Batch   302] loss: 0.073
[Epoch 3, Batch   402] loss: 0.064
Epoch 3/20:
Train Loss: 0.0103, Train Accuracy: 97.82%
Validation Loss: 0.0681, Validation Accuracy: 97.93%
[Epoch 4, Batch     2] loss: 0.001
[Epoch 4, Batch   102] loss: 0.039
[Epoch 4, Batch   202] loss: 0.064
[Epoch 4, Batch   302] loss: 0.053
[Epoch 4, Batch   402] loss: 0.052
Epoch 4/20:
Train Loss: 0.0071, Train Accuracy: 98.40%
Validation Loss: 0.0451, Validation Accuracy: 98.65%
[Epoch 5, Batch     2] loss: 0.000
[Epoch 5, Batch   102] loss: 0.043
[Epoch 5, Batch   202] loss: 0.050
[Epoch 5, Batch   302] loss: 0.049
[Epoch 5, Batch   402] loss: 0.048
Epoch 5/20:
Train Loss: 0.0082, Train Accuracy: 98.44%
Validation Loss: 0.0497, Validation Accuracy: 98.37%
[Epoch 6, Batch     2] loss: 0.001
[Epoch 6, Batch   102] loss: 0.036
[Epoch 6, Batch   202] loss: 0.048
[Epoch 6, Batch   302] loss: 0.041
[Epoch 6, Batch   402] loss: 0.052
Epoch 6/20:
Train Loss: 0.0075, Train Accuracy: 98.61%
Validation Loss: 0.0492, Validation Accuracy: 98.65%
[Epoch 7, Batch     2] loss: 0.000
[Epoch 7, Batch   102] loss: 0.033
[Epoch 7, Batch   202] loss: 0.028
[Epoch 7, Batch   302] loss: 0.044
[Epoch 7, Batch   402] loss: 0.042
Epoch 7/20:
Train Loss: 0.0053, Train Accuracy: 98.85%
Validation Loss: 0.0409, Validation Accuracy: 98.78%
[Epoch 8, Batch     2] loss: 0.000
[Epoch 8, Batch   102] loss: 0.036
[Epoch 8, Batch   202] loss: 0.035
[Epoch 8, Batch   302] loss: 0.039
[Epoch 8, Batch   402] loss: 0.043
Epoch 8/20:
Train Loss: 0.0040, Train Accuracy: 98.86%
Validation Loss: 0.0643, Validation Accuracy: 98.15%
[Epoch 9, Batch     2] loss: 0.000
[Epoch 9, Batch   102] loss: 0.029
[Epoch 9, Batch   202] loss: 0.033
[Epoch 9, Batch   302] loss: 0.034
[Epoch 9, Batch   402] loss: 0.032
Epoch 9/20:
Train Loss: 0.0048, Train Accuracy: 99.01%
Validation Loss: 0.0638, Validation Accuracy: 97.99%
[Epoch 10, Batch     2] loss: 0.001
[Epoch 10, Batch   102] loss: 0.027
[Epoch 10, Batch   202] loss: 0.035
[Epoch 10, Batch   302] loss: 0.033
[Epoch 10, Batch   402] loss: 0.042
Epoch 10/20:
Train Loss: 0.0048, Train Accuracy: 98.92%
Validation Loss: 0.0468, Validation Accuracy: 98.64%
[Epoch 11, Batch     2] loss: 0.001
[Epoch 11, Batch   102] loss: 0.021
[Epoch 11, Batch   202] loss: 0.037
[Epoch 11, Batch   302] loss: 0.031
[Epoch 11, Batch   402] loss: 0.033
Epoch 11/20:
Train Loss: 0.0041, Train Accuracy: 99.04%
Validation Loss: 0.0509, Validation Accuracy: 98.56%
[Epoch 12, Batch     2] loss: 0.000
[Epoch 12, Batch   102] loss: 0.020
[Epoch 12, Batch   202] loss: 0.029
[Epoch 12, Batch   302] loss: 0.030
[Epoch 12, Batch   402] loss: 0.033
Epoch 12/20:
Train Loss: 0.0042, Train Accuracy: 99.07%
Validation Loss: 0.0459, Validation Accuracy: 98.70%
[Epoch 13, Batch     2] loss: 0.001
[Epoch 13, Batch   102] loss: 0.027
[Epoch 13, Batch   202] loss: 0.020
[Epoch 13, Batch   302] loss: 0.031
[Epoch 13, Batch   402] loss: 0.033
Epoch 13/20:
Train Loss: 0.0030, Train Accuracy: 99.21%
Validation Loss: 0.0493, Validation Accuracy: 98.59%
[Epoch 14, Batch     2] loss: 0.000
[Epoch 14, Batch   102] loss: 0.016
[Epoch 14, Batch   202] loss: 0.023
[Epoch 14, Batch   302] loss: 0.023
[Epoch 14, Batch   402] loss: 0.036
Epoch 14/20:
Train Loss: 0.0021, Train Accuracy: 99.31%
Validation Loss: 0.0407, Validation Accuracy: 98.88%
[Epoch 15, Batch     2] loss: 0.000
[Epoch 15, Batch   102] loss: 0.018
[Epoch 15, Batch   202] loss: 0.025
[Epoch 15, Batch   302] loss: 0.031
[Epoch 15, Batch   402] loss: 0.035
Epoch 15/20:
Train Loss: 0.0033, Train Accuracy: 99.17%
Validation Loss: 0.0400, Validation Accuracy: 98.82%
[Epoch 16, Batch     2] loss: 0.000
[Epoch 16, Batch   102] loss: 0.024
[Epoch 16, Batch   202] loss: 0.029
[Epoch 16, Batch   302] loss: 0.024
[Epoch 16, Batch   402] loss: 0.018
Epoch 16/20:
Train Loss: 0.0037, Train Accuracy: 99.25%
Validation Loss: 0.0538, Validation Accuracy: 98.65%
[Epoch 17, Batch     2] loss: 0.000
[Epoch 17, Batch   102] loss: 0.016
[Epoch 17, Batch   202] loss: 0.018
[Epoch 17, Batch   302] loss: 0.029
[Epoch 17, Batch   402] loss: 0.021
Epoch 17/20:
Train Loss: 0.0024, Train Accuracy: 99.38%
Validation Loss: 0.0401, Validation Accuracy: 98.88%
[Epoch 18, Batch     2] loss: 0.000
[Epoch 18, Batch   102] loss: 0.018
[Epoch 18, Batch   202] loss: 0.023
[Epoch 18, Batch   302] loss: 0.019
[Epoch 18, Batch   402] loss: 0.017
Epoch 18/20:
Train Loss: 0.0035, Train Accuracy: 99.40%
Validation Loss: 0.0434, Validation Accuracy: 98.76%
[Epoch 19, Batch     2] loss: 0.000
[Epoch 19, Batch   102] loss: 0.010
[Epoch 19, Batch   202] loss: 0.010
[Epoch 19, Batch   302] loss: 0.026
[Epoch 19, Batch   402] loss: 0.020
Epoch 19/20:
Train Loss: 0.0058, Train Accuracy: 99.39%
Validation Loss: 0.0742, Validation Accuracy: 98.07%
[Epoch 20, Batch     2] loss: 0.000
[Epoch 20, Batch   102] loss: 0.015
[Epoch 20, Batch   202] loss: 0.017
[Epoch 20, Batch   302] loss: 0.014
[Epoch 20, Batch   402] loss: 0.015
Epoch 20/20:
Train Loss: 0.0033, Train Accuracy: 99.51%
Validation Loss: 0.0614, Validation Accuracy: 98.50%
Model saved to models/resnet18-MNIST-BELIEF-balanced_by_score-0.5-3
Modified conv1: updated in_channels to 1.
Modified fc layer: updated out_features to 10.
Initialized untrained model.
resnet18-MNIST-BELIEF-balanced_by_score-0.7-3
[Epoch 1, Batch     2] loss: 0.042
[Epoch 1, Batch   102] loss: 0.331
[Epoch 1, Batch   202] loss: 0.158
Epoch 1/20:
Train Loss: 0.0421, Train Accuracy: 92.54%
Validation Loss: 0.1443, Validation Accuracy: 95.70%
[Epoch 2, Batch     2] loss: 0.001
[Epoch 2, Batch   102] loss: 0.109
[Epoch 2, Batch   202] loss: 0.109
Epoch 2/20:
Train Loss: 0.0285, Train Accuracy: 96.75%
Validation Loss: 0.1011, Validation Accuracy: 96.71%
[Epoch 3, Batch     2] loss: 0.002
[Epoch 3, Batch   102] loss: 0.068
[Epoch 3, Batch   202] loss: 0.071
Epoch 3/20:
Train Loss: 0.0237, Train Accuracy: 97.76%
Validation Loss: 0.0794, Validation Accuracy: 97.46%
[Epoch 4, Batch     2] loss: 0.001
[Epoch 4, Batch   102] loss: 0.056
[Epoch 4, Batch   202] loss: 0.065
Epoch 4/20:
Train Loss: 0.0182, Train Accuracy: 98.18%
Validation Loss: 0.0738, Validation Accuracy: 97.79%
[Epoch 5, Batch     2] loss: 0.001
[Epoch 5, Batch   102] loss: 0.045
[Epoch 5, Batch   202] loss: 0.047
Epoch 5/20:
Train Loss: 0.0116, Train Accuracy: 98.61%
Validation Loss: 0.0518, Validation Accuracy: 98.40%
[Epoch 6, Batch     2] loss: 0.000
[Epoch 6, Batch   102] loss: 0.043
[Epoch 6, Batch   202] loss: 0.052
Epoch 6/20:
Train Loss: 0.0138, Train Accuracy: 98.53%
Validation Loss: 0.0574, Validation Accuracy: 98.31%
[Epoch 7, Batch     2] loss: 0.001
[Epoch 7, Batch   102] loss: 0.021
[Epoch 7, Batch   202] loss: 0.041
Epoch 7/20:
Train Loss: 0.0148, Train Accuracy: 98.90%
Validation Loss: 0.0805, Validation Accuracy: 97.69%
[Epoch 8, Batch     2] loss: 0.002
[Epoch 8, Batch   102] loss: 0.035
[Epoch 8, Batch   202] loss: 0.036
Epoch 8/20:
Train Loss: 0.0102, Train Accuracy: 98.84%
Validation Loss: 0.0595, Validation Accuracy: 98.27%
[Epoch 9, Batch     2] loss: 0.000
[Epoch 9, Batch   102] loss: 0.024
[Epoch 9, Batch   202] loss: 0.035
Epoch 9/20:
Train Loss: 0.0135, Train Accuracy: 98.96%
Validation Loss: 0.0542, Validation Accuracy: 98.49%
[Epoch 10, Batch     2] loss: 0.001
[Epoch 10, Batch   102] loss: 0.023
[Epoch 10, Batch   202] loss: 0.033
Epoch 10/20:
Train Loss: 0.0091, Train Accuracy: 99.20%
Validation Loss: 0.0749, Validation Accuracy: 97.95%
[Epoch 11, Batch     2] loss: 0.001
[Epoch 11, Batch   102] loss: 0.028
[Epoch 11, Batch   202] loss: 0.034
Epoch 11/20:
Train Loss: 0.0102, Train Accuracy: 99.08%
Validation Loss: 0.1343, Validation Accuracy: 96.21%
[Epoch 12, Batch     2] loss: 0.001
[Epoch 12, Batch   102] loss: 0.027
[Epoch 12, Batch   202] loss: 0.026
Epoch 12/20:
Train Loss: 0.0095, Train Accuracy: 99.08%
Validation Loss: 0.0652, Validation Accuracy: 98.05%
[Epoch 13, Batch     2] loss: 0.002
[Epoch 13, Batch   102] loss: 0.021
[Epoch 13, Batch   202] loss: 0.026
Epoch 13/20:
Train Loss: 0.0083, Train Accuracy: 99.23%
Validation Loss: 0.0669, Validation Accuracy: 98.08%
[Epoch 14, Batch     2] loss: 0.001
[Epoch 14, Batch   102] loss: 0.029
[Epoch 14, Batch   202] loss: 0.028
Epoch 14/20:
Train Loss: 0.0107, Train Accuracy: 99.08%
Validation Loss: 0.0479, Validation Accuracy: 98.53%
[Epoch 15, Batch     2] loss: 0.000
[Epoch 15, Batch   102] loss: 0.023
[Epoch 15, Batch   202] loss: 0.016
Epoch 15/20:
Train Loss: 0.0063, Train Accuracy: 99.39%
Validation Loss: 0.0533, Validation Accuracy: 98.47%
[Epoch 16, Batch     2] loss: 0.000
[Epoch 16, Batch   102] loss: 0.018
[Epoch 16, Batch   202] loss: 0.016
Epoch 16/20:
Train Loss: 0.0058, Train Accuracy: 99.43%
Validation Loss: 0.0512, Validation Accuracy: 98.67%
[Epoch 17, Batch     2] loss: 0.000
[Epoch 17, Batch   102] loss: 0.015
[Epoch 17, Batch   202] loss: 0.043
Epoch 17/20:
Train Loss: 0.0099, Train Accuracy: 99.07%
Validation Loss: 0.0764, Validation Accuracy: 97.96%
[Epoch 18, Batch     2] loss: 0.000
[Epoch 18, Batch   102] loss: 0.017
[Epoch 18, Batch   202] loss: 0.027
Epoch 18/20:
Train Loss: 0.0055, Train Accuracy: 99.34%
Validation Loss: 0.0461, Validation Accuracy: 98.70%
[Epoch 19, Batch     2] loss: 0.000
[Epoch 19, Batch   102] loss: 0.020
[Epoch 19, Batch   202] loss: 0.016
Epoch 19/20:
Train Loss: 0.0035, Train Accuracy: 99.57%
Validation Loss: 0.0878, Validation Accuracy: 97.75%
[Epoch 20, Batch     2] loss: 0.000
[Epoch 20, Batch   102] loss: 0.027
[Epoch 20, Batch   202] loss: 0.017
Epoch 20/20:
Train Loss: 0.0058, Train Accuracy: 99.36%
Validation Loss: 0.0702, Validation Accuracy: 98.07%
Model saved to models/resnet18-MNIST-BELIEF-balanced_by_score-0.7-3
Modified conv1: updated in_channels to 1.
Modified fc layer: updated out_features to 10.
Initialized untrained model.
resnet18-MNIST-BELIEF-balanced_by_score-0.8-3
[Epoch 1, Batch     2] loss: 0.043
[Epoch 1, Batch   102] loss: 0.336
Epoch 1/20:
Train Loss: 0.0916, Train Accuracy: 90.64%
Validation Loss: 0.2014, Validation Accuracy: 94.16%
[Epoch 2, Batch     2] loss: 0.002
[Epoch 2, Batch   102] loss: 0.108
Epoch 2/20:
Train Loss: 0.0625, Train Accuracy: 96.18%
Validation Loss: 0.1123, Validation Accuracy: 96.60%
[Epoch 3, Batch     2] loss: 0.001
[Epoch 3, Batch   102] loss: 0.076
Epoch 3/20:
Train Loss: 0.0383, Train Accuracy: 97.58%
Validation Loss: 0.1005, Validation Accuracy: 96.96%
[Epoch 4, Batch     2] loss: 0.001
[Epoch 4, Batch   102] loss: 0.066
Epoch 4/20:
Train Loss: 0.0289, Train Accuracy: 98.04%
Validation Loss: 0.1206, Validation Accuracy: 96.54%
[Epoch 5, Batch     2] loss: 0.000
[Epoch 5, Batch   102] loss: 0.064
Epoch 5/20:
Train Loss: 0.0358, Train Accuracy: 97.74%
Validation Loss: 0.0884, Validation Accuracy: 97.24%
[Epoch 6, Batch     2] loss: 0.000
[Epoch 6, Batch   102] loss: 0.044
Epoch 6/20:
Train Loss: 0.0227, Train Accuracy: 98.61%
Validation Loss: 0.0855, Validation Accuracy: 97.41%
[Epoch 7, Batch     2] loss: 0.001
[Epoch 7, Batch   102] loss: 0.041
Epoch 7/20:
Train Loss: 0.0214, Train Accuracy: 98.56%
Validation Loss: 0.1012, Validation Accuracy: 96.97%
[Epoch 8, Batch     2] loss: 0.000
[Epoch 8, Batch   102] loss: 0.043
Epoch 8/20:
Train Loss: 0.0166, Train Accuracy: 98.78%
Validation Loss: 0.0850, Validation Accuracy: 97.69%
[Epoch 9, Batch     2] loss: 0.000
[Epoch 9, Batch   102] loss: 0.043
Epoch 9/20:
Train Loss: 0.0222, Train Accuracy: 98.53%
Validation Loss: 0.0736, Validation Accuracy: 97.86%
[Epoch 10, Batch     2] loss: 0.000
[Epoch 10, Batch   102] loss: 0.026
Epoch 10/20:
Train Loss: 0.0220, Train Accuracy: 98.88%
Validation Loss: 0.0665, Validation Accuracy: 97.77%
[Epoch 11, Batch     2] loss: 0.000
[Epoch 11, Batch   102] loss: 0.017
Epoch 11/20:
Train Loss: 0.0162, Train Accuracy: 99.13%
Validation Loss: 0.0642, Validation Accuracy: 97.99%
[Epoch 12, Batch     2] loss: 0.000
[Epoch 12, Batch   102] loss: 0.023
Epoch 12/20:
Train Loss: 0.0090, Train Accuracy: 99.32%
Validation Loss: 0.0843, Validation Accuracy: 97.68%
[Epoch 13, Batch     2] loss: 0.000
[Epoch 13, Batch   102] loss: 0.028
Epoch 13/20:
Train Loss: 0.0177, Train Accuracy: 98.95%
Validation Loss: 0.0554, Validation Accuracy: 98.39%
[Epoch 14, Batch     2] loss: 0.000
[Epoch 14, Batch   102] loss: 0.022
Epoch 14/20:
Train Loss: 0.0113, Train Accuracy: 99.32%
Validation Loss: 0.0575, Validation Accuracy: 98.19%
[Epoch 15, Batch     2] loss: 0.000
[Epoch 15, Batch   102] loss: 0.022
Epoch 15/20:
Train Loss: 0.0094, Train Accuracy: 99.23%
Validation Loss: 0.0869, Validation Accuracy: 97.61%
[Epoch 16, Batch     2] loss: 0.001
[Epoch 16, Batch   102] loss: 0.031
Epoch 16/20:
Train Loss: 0.0099, Train Accuracy: 99.16%
Validation Loss: 0.0586, Validation Accuracy: 98.42%
[Epoch 17, Batch     2] loss: 0.000
[Epoch 17, Batch   102] loss: 0.024
Epoch 17/20:
Train Loss: 0.0098, Train Accuracy: 99.27%
Validation Loss: 0.0624, Validation Accuracy: 98.25%
[Epoch 18, Batch     2] loss: 0.000
[Epoch 18, Batch   102] loss: 0.015
Epoch 18/20:
Train Loss: 0.0079, Train Accuracy: 99.48%
Validation Loss: 0.0595, Validation Accuracy: 98.31%
[Epoch 19, Batch     2] loss: 0.000
[Epoch 19, Batch   102] loss: 0.029
Epoch 19/20:
Train Loss: 0.0133, Train Accuracy: 99.01%
Validation Loss: 0.0723, Validation Accuracy: 97.90%
[Epoch 20, Batch     2] loss: 0.000
[Epoch 20, Batch   102] loss: 0.022
Epoch 20/20:
Train Loss: 0.0084, Train Accuracy: 99.43%
Validation Loss: 0.0687, Validation Accuracy: 97.96%
Model saved to models/resnet18-MNIST-BELIEF-balanced_by_score-0.8-3
Modified conv1: updated in_channels to 1.
Modified fc layer: updated out_features to 10.
Initialized untrained model.
resnet18-MNIST-BELIEF-balanced_by_score-0.9-3
[Epoch 1, Batch     2] loss: 0.043
Epoch 1/20:
Train Loss: 0.3334, Train Accuracy: 88.37%
Validation Loss: 0.2683, Validation Accuracy: 92.24%
[Epoch 2, Batch     2] loss: 0.004
Epoch 2/20:
Train Loss: 0.1274, Train Accuracy: 95.96%
Validation Loss: 0.3747, Validation Accuracy: 90.77%
[Epoch 3, Batch     2] loss: 0.004
Epoch 3/20:
Train Loss: 0.1008, Train Accuracy: 96.64%
Validation Loss: 0.1982, Validation Accuracy: 94.10%
[Epoch 4, Batch     2] loss: 0.001
Epoch 4/20:
Train Loss: 0.0698, Train Accuracy: 97.81%
Validation Loss: 0.1623, Validation Accuracy: 95.56%
[Epoch 5, Batch     2] loss: 0.000
Epoch 5/20:
Train Loss: 0.0561, Train Accuracy: 98.11%
Validation Loss: 0.3228, Validation Accuracy: 90.79%
[Epoch 6, Batch     2] loss: 0.000
Epoch 6/20:
Train Loss: 0.0609, Train Accuracy: 98.00%
Validation Loss: 0.2980, Validation Accuracy: 92.81%
[Epoch 7, Batch     2] loss: 0.003
Epoch 7/20:
Train Loss: 0.0344, Train Accuracy: 98.88%
Validation Loss: 0.1764, Validation Accuracy: 95.21%
[Epoch 8, Batch     2] loss: 0.000
Epoch 8/20:
Train Loss: 0.0477, Train Accuracy: 98.51%
Validation Loss: 0.1073, Validation Accuracy: 96.81%
[Epoch 9, Batch     2] loss: 0.001
Epoch 9/20:
Train Loss: 0.0284, Train Accuracy: 99.17%
Validation Loss: 0.1073, Validation Accuracy: 96.92%
[Epoch 10, Batch     2] loss: 0.001
Epoch 10/20:
Train Loss: 0.0374, Train Accuracy: 98.68%
Validation Loss: 0.1105, Validation Accuracy: 97.03%
[Epoch 11, Batch     2] loss: 0.000
Epoch 11/20:
Train Loss: 0.0380, Train Accuracy: 98.71%
Validation Loss: 0.1149, Validation Accuracy: 96.94%
[Epoch 12, Batch     2] loss: 0.000
Epoch 12/20:
Train Loss: 0.0392, Train Accuracy: 98.66%
Validation Loss: 0.1190, Validation Accuracy: 96.59%
[Epoch 13, Batch     2] loss: 0.000
Epoch 13/20:
Train Loss: 0.0294, Train Accuracy: 99.08%
Validation Loss: 0.0837, Validation Accuracy: 97.65%
[Epoch 14, Batch     2] loss: 0.000
Epoch 14/20:
Train Loss: 0.0179, Train Accuracy: 99.49%
Validation Loss: 0.0986, Validation Accuracy: 97.37%
[Epoch 15, Batch     2] loss: 0.001
Epoch 15/20:
Train Loss: 0.0291, Train Accuracy: 99.01%
Validation Loss: 0.0850, Validation Accuracy: 97.59%
[Epoch 16, Batch     2] loss: 0.000
Epoch 16/20:
Train Loss: 0.0252, Train Accuracy: 99.29%
Validation Loss: 0.0965, Validation Accuracy: 97.35%
[Epoch 17, Batch     2] loss: 0.000
Epoch 17/20:
Train Loss: 0.0129, Train Accuracy: 99.54%
Validation Loss: 0.0742, Validation Accuracy: 97.82%
[Epoch 18, Batch     2] loss: 0.000
Epoch 18/20:
Train Loss: 0.0096, Train Accuracy: 99.76%
Validation Loss: 0.0871, Validation Accuracy: 97.59%
[Epoch 19, Batch     2] loss: 0.000
Epoch 19/20:
Train Loss: 0.0191, Train Accuracy: 99.39%
Validation Loss: 0.0816, Validation Accuracy: 97.75%
[Epoch 20, Batch     2] loss: 0.001
Epoch 20/20:
Train Loss: 0.0159, Train Accuracy: 99.39%
Validation Loss: 0.2455, Validation Accuracy: 93.67%
Model saved to models/resnet18-MNIST-BELIEF-balanced_by_score-0.9-3
Modified conv1: updated in_channels to 1.
Modified fc layer: updated out_features to 10.
Initialized untrained model.
resnet18-MNIST-BELIEF-balanced_by_score-0.95-3
[Epoch 1, Batch     2] loss: 0.045
Epoch 1/20:
Train Loss: 0.4389, Train Accuracy: 82.71%
Validation Loss: 0.2570, Validation Accuracy: 91.99%
[Epoch 2, Batch     2] loss: 0.006
Epoch 2/20:
Train Loss: 0.1715, Train Accuracy: 93.65%
Validation Loss: 0.3017, Validation Accuracy: 91.22%
[Epoch 3, Batch     2] loss: 0.002
Epoch 3/20:
Train Loss: 0.1174, Train Accuracy: 95.99%
Validation Loss: 0.4041, Validation Accuracy: 88.30%
[Epoch 4, Batch     2] loss: 0.001
Epoch 4/20:
Train Loss: 0.0815, Train Accuracy: 96.94%
Validation Loss: 0.2782, Validation Accuracy: 91.06%
[Epoch 5, Batch     2] loss: 0.002
Epoch 5/20:
Train Loss: 0.0974, Train Accuracy: 96.88%
Validation Loss: 0.2807, Validation Accuracy: 92.21%
[Epoch 6, Batch     2] loss: 0.001
Epoch 6/20:
Train Loss: 0.0635, Train Accuracy: 98.03%
Validation Loss: 0.3945, Validation Accuracy: 90.14%
[Epoch 7, Batch     2] loss: 0.001
Epoch 7/20:
Train Loss: 0.0661, Train Accuracy: 97.69%
Validation Loss: 0.1949, Validation Accuracy: 94.17%
[Epoch 8, Batch     2] loss: 0.001
Epoch 8/20:
Train Loss: 0.0515, Train Accuracy: 98.40%
Validation Loss: 0.2297, Validation Accuracy: 93.67%
[Epoch 9, Batch     2] loss: 0.003
Epoch 9/20:
Train Loss: 0.0700, Train Accuracy: 97.69%
Validation Loss: 0.1623, Validation Accuracy: 95.27%
[Epoch 10, Batch     2] loss: 0.000
Epoch 10/20:
Train Loss: 0.0372, Train Accuracy: 99.01%
Validation Loss: 0.1348, Validation Accuracy: 96.17%
[Epoch 11, Batch     2] loss: 0.000
Epoch 11/20:
Train Loss: 0.0667, Train Accuracy: 98.03%
Validation Loss: 0.1694, Validation Accuracy: 95.47%
[Epoch 12, Batch     2] loss: 0.000
Epoch 12/20:
Train Loss: 0.0324, Train Accuracy: 99.18%
Validation Loss: 0.2426, Validation Accuracy: 93.87%
[Epoch 13, Batch     2] loss: 0.001
Epoch 13/20:
Train Loss: 0.0259, Train Accuracy: 99.22%
Validation Loss: 0.1117, Validation Accuracy: 96.90%
[Epoch 14, Batch     2] loss: 0.000
Epoch 14/20:
Train Loss: 0.0116, Train Accuracy: 99.69%
Validation Loss: 0.1351, Validation Accuracy: 96.63%
[Epoch 15, Batch     2] loss: 0.000
Epoch 15/20:
Train Loss: 0.0076, Train Accuracy: 99.76%
Validation Loss: 0.0945, Validation Accuracy: 97.38%
[Epoch 16, Batch     2] loss: 0.000
Epoch 16/20:
Train Loss: 0.0177, Train Accuracy: 99.49%
Validation Loss: 0.1417, Validation Accuracy: 96.16%
[Epoch 17, Batch     2] loss: 0.000
Epoch 17/20:
Train Loss: 0.0269, Train Accuracy: 98.98%
Validation Loss: 0.2997, Validation Accuracy: 92.96%
[Epoch 18, Batch     2] loss: 0.000
Epoch 18/20:
Train Loss: 0.0417, Train Accuracy: 98.37%
Validation Loss: 0.1415, Validation Accuracy: 96.26%
[Epoch 19, Batch     2] loss: 0.000
Epoch 19/20:
Train Loss: 0.0353, Train Accuracy: 98.85%
Validation Loss: 0.6946, Validation Accuracy: 84.03%
[Epoch 20, Batch     2] loss: 0.003
Epoch 20/20:
Train Loss: 0.0548, Train Accuracy: 97.96%
Validation Loss: 0.3263, Validation Accuracy: 91.16%
Model saved to models/resnet18-MNIST-BELIEF-balanced_by_score-0.95-3
Modified conv1: updated in_channels to 1.
Modified fc layer: updated out_features to 10.
Loaded weights from file: models/resnet18_MNIST_E1_3
Modified conv1: updated in_channels to 1.
Modified fc layer: updated out_features to 10.
Initialized untrained model.
resnet18-MNIST-BELIEF-median-0.3-3
[Epoch 1, Batch     2] loss: 0.040
[Epoch 1, Batch   102] loss: 0.257
[Epoch 1, Batch   202] loss: 0.107
[Epoch 1, Batch   302] loss: 0.092
[Epoch 1, Batch   402] loss: 0.076
[Epoch 1, Batch   502] loss: 0.065
[Epoch 1, Batch   602] loss: 0.077
Epoch 1/20:
Train Loss: 0.0040, Train Accuracy: 96.55%
Validation Loss: 0.3908, Validation Accuracy: 87.90%
[Epoch 2, Batch     2] loss: 0.000
[Epoch 2, Batch   102] loss: 0.046
[Epoch 2, Batch   202] loss: 0.061
[Epoch 2, Batch   302] loss: 0.041
[Epoch 2, Batch   402] loss: 0.058
[Epoch 2, Batch   502] loss: 0.045
[Epoch 2, Batch   602] loss: 0.041
Epoch 2/20:
Train Loss: 0.0030, Train Accuracy: 98.63%
Validation Loss: 0.3018, Validation Accuracy: 89.37%
[Epoch 3, Batch     2] loss: 0.001
[Epoch 3, Batch   102] loss: 0.030
[Epoch 3, Batch   202] loss: 0.032
[Epoch 3, Batch   302] loss: 0.040
[Epoch 3, Batch   402] loss: 0.046
[Epoch 3, Batch   502] loss: 0.033
[Epoch 3, Batch   602] loss: 0.038
Epoch 3/20:
Train Loss: 0.0020, Train Accuracy: 98.94%
Validation Loss: 0.2703, Validation Accuracy: 89.55%
[Epoch 4, Batch     2] loss: 0.000
[Epoch 4, Batch   102] loss: 0.027
[Epoch 4, Batch   202] loss: 0.023
[Epoch 4, Batch   302] loss: 0.035
[Epoch 4, Batch   402] loss: 0.023
[Epoch 4, Batch   502] loss: 0.031
[Epoch 4, Batch   602] loss: 0.026
Epoch 4/20:
Train Loss: 0.0030, Train Accuracy: 99.20%
Validation Loss: 0.1762, Validation Accuracy: 94.52%
[Epoch 5, Batch     2] loss: 0.001
[Epoch 5, Batch   102] loss: 0.026
[Epoch 5, Batch   202] loss: 0.031
[Epoch 5, Batch   302] loss: 0.025
[Epoch 5, Batch   402] loss: 0.029
[Epoch 5, Batch   502] loss: 0.030
[Epoch 5, Batch   602] loss: 0.028
Epoch 5/20:
Train Loss: 0.0020, Train Accuracy: 99.21%
Validation Loss: 0.1659, Validation Accuracy: 94.71%
[Epoch 6, Batch     2] loss: 0.001
[Epoch 6, Batch   102] loss: 0.030
[Epoch 6, Batch   202] loss: 0.031
[Epoch 6, Batch   302] loss: 0.026
[Epoch 6, Batch   402] loss: 0.026
[Epoch 6, Batch   502] loss: 0.034
[Epoch 6, Batch   602] loss: 0.025
Epoch 6/20:
Train Loss: 0.0012, Train Accuracy: 99.25%
Validation Loss: 0.2344, Validation Accuracy: 93.44%
[Epoch 7, Batch     2] loss: 0.000
[Epoch 7, Batch   102] loss: 0.017
[Epoch 7, Batch   202] loss: 0.027
[Epoch 7, Batch   302] loss: 0.018
[Epoch 7, Batch   402] loss: 0.022
[Epoch 7, Batch   502] loss: 0.023
[Epoch 7, Batch   602] loss: 0.022
Epoch 7/20:
Train Loss: 0.0027, Train Accuracy: 99.37%
Validation Loss: 0.1334, Validation Accuracy: 96.39%
[Epoch 8, Batch     2] loss: 0.000
[Epoch 8, Batch   102] loss: 0.020
[Epoch 8, Batch   202] loss: 0.021
[Epoch 8, Batch   302] loss: 0.026
[Epoch 8, Batch   402] loss: 0.018
[Epoch 8, Batch   502] loss: 0.024
[Epoch 8, Batch   602] loss: 0.023
Epoch 8/20:
Train Loss: 0.0019, Train Accuracy: 99.38%
Validation Loss: 0.0946, Validation Accuracy: 97.23%
[Epoch 9, Batch     2] loss: 0.000
[Epoch 9, Batch   102] loss: 0.014
[Epoch 9, Batch   202] loss: 0.013
[Epoch 9, Batch   302] loss: 0.018
[Epoch 9, Batch   402] loss: 0.029
[Epoch 9, Batch   502] loss: 0.022
[Epoch 9, Batch   602] loss: 0.020
Epoch 9/20:
Train Loss: 0.0018, Train Accuracy: 99.42%
Validation Loss: 0.1066, Validation Accuracy: 96.73%
[Epoch 10, Batch     2] loss: 0.000
[Epoch 10, Batch   102] loss: 0.021
[Epoch 10, Batch   202] loss: 0.025
[Epoch 10, Batch   302] loss: 0.013
[Epoch 10, Batch   402] loss: 0.012
[Epoch 10, Batch   502] loss: 0.023
[Epoch 10, Batch   602] loss: 0.019
Epoch 10/20:
Train Loss: 0.0013, Train Accuracy: 99.49%
Validation Loss: 0.1446, Validation Accuracy: 95.72%
[Epoch 11, Batch     2] loss: 0.001
[Epoch 11, Batch   102] loss: 0.025
[Epoch 11, Batch   202] loss: 0.015
[Epoch 11, Batch   302] loss: 0.017
[Epoch 11, Batch   402] loss: 0.018
[Epoch 11, Batch   502] loss: 0.017
[Epoch 11, Batch   602] loss: 0.020
Epoch 11/20:
Train Loss: 0.0020, Train Accuracy: 99.45%
Validation Loss: 0.1121, Validation Accuracy: 96.48%
[Epoch 12, Batch     2] loss: 0.000
[Epoch 12, Batch   102] loss: 0.011
[Epoch 12, Batch   202] loss: 0.012
[Epoch 12, Batch   302] loss: 0.014
[Epoch 12, Batch   402] loss: 0.012
[Epoch 12, Batch   502] loss: 0.029
[Epoch 12, Batch   602] loss: 0.019
Epoch 12/20:
Train Loss: 0.0016, Train Accuracy: 99.55%
Validation Loss: 0.0555, Validation Accuracy: 98.39%
[Epoch 13, Batch     2] loss: 0.000
[Epoch 13, Batch   102] loss: 0.019
[Epoch 13, Batch   202] loss: 0.015
[Epoch 13, Batch   302] loss: 0.021
[Epoch 13, Batch   402] loss: 0.008
[Epoch 13, Batch   502] loss: 0.024
[Epoch 13, Batch   602] loss: 0.017
Epoch 13/20:
Train Loss: 0.0013, Train Accuracy: 99.53%
Validation Loss: 0.1926, Validation Accuracy: 94.04%
[Epoch 14, Batch     2] loss: 0.000
[Epoch 14, Batch   102] loss: 0.015
[Epoch 14, Batch   202] loss: 0.011
[Epoch 14, Batch   302] loss: 0.006
[Epoch 14, Batch   402] loss: 0.016
[Epoch 14, Batch   502] loss: 0.018
[Epoch 14, Batch   602] loss: 0.014
Epoch 14/20:
Train Loss: 0.0015, Train Accuracy: 99.62%
Validation Loss: 0.0887, Validation Accuracy: 97.46%
[Epoch 15, Batch     2] loss: 0.000
[Epoch 15, Batch   102] loss: 0.013
[Epoch 15, Batch   202] loss: 0.012
[Epoch 15, Batch   302] loss: 0.019
[Epoch 15, Batch   402] loss: 0.011
[Epoch 15, Batch   502] loss: 0.017
[Epoch 15, Batch   602] loss: 0.017
Epoch 15/20:
Train Loss: 0.0014, Train Accuracy: 99.61%
Validation Loss: 0.1206, Validation Accuracy: 96.27%
[Epoch 16, Batch     2] loss: 0.000
[Epoch 16, Batch   102] loss: 0.015
[Epoch 16, Batch   202] loss: 0.009
[Epoch 16, Batch   302] loss: 0.012
[Epoch 16, Batch   402] loss: 0.015
[Epoch 16, Batch   502] loss: 0.015
[Epoch 16, Batch   602] loss: 0.019
Epoch 16/20:
Train Loss: 0.0012, Train Accuracy: 99.57%
Validation Loss: 0.0717, Validation Accuracy: 97.80%
[Epoch 17, Batch     2] loss: 0.001
[Epoch 17, Batch   102] loss: 0.008
[Epoch 17, Batch   202] loss: 0.013
[Epoch 17, Batch   302] loss: 0.010
[Epoch 17, Batch   402] loss: 0.011
[Epoch 17, Batch   502] loss: 0.014
[Epoch 17, Batch   602] loss: 0.014
Epoch 17/20:
Train Loss: 0.0013, Train Accuracy: 99.66%
Validation Loss: 0.0871, Validation Accuracy: 97.58%
[Epoch 18, Batch     2] loss: 0.000
[Epoch 18, Batch   102] loss: 0.009
[Epoch 18, Batch   202] loss: 0.008
[Epoch 18, Batch   302] loss: 0.012
[Epoch 18, Batch   402] loss: 0.011
[Epoch 18, Batch   502] loss: 0.013
[Epoch 18, Batch   602] loss: 0.022
Epoch 18/20:
Train Loss: 0.0005, Train Accuracy: 99.67%
Validation Loss: 0.0974, Validation Accuracy: 97.06%
[Epoch 19, Batch     2] loss: 0.000
[Epoch 19, Batch   102] loss: 0.004
[Epoch 19, Batch   202] loss: 0.007
[Epoch 19, Batch   302] loss: 0.006
[Epoch 19, Batch   402] loss: 0.015
[Epoch 19, Batch   502] loss: 0.014
[Epoch 19, Batch   602] loss: 0.014
Epoch 19/20:
Train Loss: 0.0022, Train Accuracy: 99.67%
Validation Loss: 0.1182, Validation Accuracy: 96.65%
[Epoch 20, Batch     2] loss: 0.001
[Epoch 20, Batch   102] loss: 0.010
[Epoch 20, Batch   202] loss: 0.006
[Epoch 20, Batch   302] loss: 0.014
[Epoch 20, Batch   402] loss: 0.014
[Epoch 20, Batch   502] loss: 0.013
[Epoch 20, Batch   602] loss: 0.007
Epoch 20/20:
Train Loss: 0.0015, Train Accuracy: 99.67%
Validation Loss: 0.0752, Validation Accuracy: 98.02%
Model saved to models/resnet18-MNIST-BELIEF-median-0.3-3
Modified conv1: updated in_channels to 1.
Modified fc layer: updated out_features to 10.
Initialized untrained model.
resnet18-MNIST-BELIEF-median-0.5-3
[Epoch 1, Batch     2] loss: 0.039
[Epoch 1, Batch   102] loss: 0.245
[Epoch 1, Batch   202] loss: 0.127
[Epoch 1, Batch   302] loss: 0.066
[Epoch 1, Batch   402] loss: 0.057
Epoch 1/20:
Train Loss: 0.0099, Train Accuracy: 96.31%
Validation Loss: 0.4779, Validation Accuracy: 86.19%
[Epoch 2, Batch     2] loss: 0.001
[Epoch 2, Batch   102] loss: 0.061
[Epoch 2, Batch   202] loss: 0.036
[Epoch 2, Batch   302] loss: 0.048
[Epoch 2, Batch   402] loss: 0.039
Epoch 2/20:
Train Loss: 0.0061, Train Accuracy: 98.62%
Validation Loss: 0.4279, Validation Accuracy: 86.43%
[Epoch 3, Batch     2] loss: 0.001
[Epoch 3, Batch   102] loss: 0.036
[Epoch 3, Batch   202] loss: 0.037
[Epoch 3, Batch   302] loss: 0.045
[Epoch 3, Batch   402] loss: 0.028
Epoch 3/20:
Train Loss: 0.0048, Train Accuracy: 98.99%
Validation Loss: 0.4433, Validation Accuracy: 87.91%
[Epoch 4, Batch     2] loss: 0.000
[Epoch 4, Batch   102] loss: 0.025
[Epoch 4, Batch   202] loss: 0.035
[Epoch 4, Batch   302] loss: 0.030
[Epoch 4, Batch   402] loss: 0.034
Epoch 4/20:
Train Loss: 0.0049, Train Accuracy: 99.06%
Validation Loss: 0.4219, Validation Accuracy: 86.54%
[Epoch 5, Batch     2] loss: 0.001
[Epoch 5, Batch   102] loss: 0.020
[Epoch 5, Batch   202] loss: 0.025
[Epoch 5, Batch   302] loss: 0.019
[Epoch 5, Batch   402] loss: 0.029
Epoch 5/20:
Train Loss: 0.0038, Train Accuracy: 99.31%
Validation Loss: 0.3886, Validation Accuracy: 88.40%
[Epoch 6, Batch     2] loss: 0.000
[Epoch 6, Batch   102] loss: 0.023
[Epoch 6, Batch   202] loss: 0.028
[Epoch 6, Batch   302] loss: 0.020
[Epoch 6, Batch   402] loss: 0.022
Epoch 6/20:
Train Loss: 0.0029, Train Accuracy: 99.35%
Validation Loss: 0.2642, Validation Accuracy: 91.32%
[Epoch 7, Batch     2] loss: 0.000
[Epoch 7, Batch   102] loss: 0.013
[Epoch 7, Batch   202] loss: 0.033
[Epoch 7, Batch   302] loss: 0.015
[Epoch 7, Batch   402] loss: 0.029
Epoch 7/20:
Train Loss: 0.0044, Train Accuracy: 99.32%
Validation Loss: 0.2687, Validation Accuracy: 90.86%
[Epoch 8, Batch     2] loss: 0.000
[Epoch 8, Batch   102] loss: 0.017
[Epoch 8, Batch   202] loss: 0.012
[Epoch 8, Batch   302] loss: 0.020
[Epoch 8, Batch   402] loss: 0.024
Epoch 8/20:
Train Loss: 0.0041, Train Accuracy: 99.42%
Validation Loss: 0.1665, Validation Accuracy: 94.72%
[Epoch 9, Batch     2] loss: 0.000
[Epoch 9, Batch   102] loss: 0.016
[Epoch 9, Batch   202] loss: 0.022
[Epoch 9, Batch   302] loss: 0.027
[Epoch 9, Batch   402] loss: 0.016
Epoch 9/20:
Train Loss: 0.0028, Train Accuracy: 99.43%
Validation Loss: 0.4017, Validation Accuracy: 90.21%
[Epoch 10, Batch     2] loss: 0.001
[Epoch 10, Batch   102] loss: 0.012
[Epoch 10, Batch   202] loss: 0.018
[Epoch 10, Batch   302] loss: 0.016
[Epoch 10, Batch   402] loss: 0.020
Epoch 10/20:
Train Loss: 0.0037, Train Accuracy: 99.51%
Validation Loss: 0.3492, Validation Accuracy: 90.36%
[Epoch 11, Batch     2] loss: 0.000
[Epoch 11, Batch   102] loss: 0.029
[Epoch 11, Batch   202] loss: 0.014
[Epoch 11, Batch   302] loss: 0.010
[Epoch 11, Batch   402] loss: 0.023
Epoch 11/20:
Train Loss: 0.0027, Train Accuracy: 99.47%
Validation Loss: 0.3034, Validation Accuracy: 89.96%
[Epoch 12, Batch     2] loss: 0.003
[Epoch 12, Batch   102] loss: 0.011
[Epoch 12, Batch   202] loss: 0.016
[Epoch 12, Batch   302] loss: 0.018
[Epoch 12, Batch   402] loss: 0.018
Epoch 12/20:
Train Loss: 0.0027, Train Accuracy: 99.51%
Validation Loss: 0.4201, Validation Accuracy: 87.31%
[Epoch 13, Batch     2] loss: 0.000
[Epoch 13, Batch   102] loss: 0.012
[Epoch 13, Batch   202] loss: 0.018
[Epoch 13, Batch   302] loss: 0.025
[Epoch 13, Batch   402] loss: 0.019
Epoch 13/20:
Train Loss: 0.0033, Train Accuracy: 99.43%
Validation Loss: 0.2968, Validation Accuracy: 90.59%
[Epoch 14, Batch     2] loss: 0.001
[Epoch 14, Batch   102] loss: 0.013
[Epoch 14, Batch   202] loss: 0.021
[Epoch 14, Batch   302] loss: 0.013
[Epoch 14, Batch   402] loss: 0.023
Epoch 14/20:
Train Loss: 0.0023, Train Accuracy: 99.49%
Validation Loss: 0.1677, Validation Accuracy: 95.29%
[Epoch 15, Batch     2] loss: 0.000
[Epoch 15, Batch   102] loss: 0.017
[Epoch 15, Batch   202] loss: 0.014
[Epoch 15, Batch   302] loss: 0.006
[Epoch 15, Batch   402] loss: 0.012
Epoch 15/20:
Train Loss: 0.0025, Train Accuracy: 99.62%
Validation Loss: 0.2950, Validation Accuracy: 91.43%
[Epoch 16, Batch     2] loss: 0.000
[Epoch 16, Batch   102] loss: 0.015
[Epoch 16, Batch   202] loss: 0.013
[Epoch 16, Batch   302] loss: 0.018
[Epoch 16, Batch   402] loss: 0.017
Epoch 16/20:
Train Loss: 0.0019, Train Accuracy: 99.56%
Validation Loss: 0.2445, Validation Accuracy: 92.69%
[Epoch 17, Batch     2] loss: 0.000
[Epoch 17, Batch   102] loss: 0.007
[Epoch 17, Batch   202] loss: 0.007
[Epoch 17, Batch   302] loss: 0.017
[Epoch 17, Batch   402] loss: 0.019
Epoch 17/20:
Train Loss: 0.0019, Train Accuracy: 99.62%
Validation Loss: 0.2326, Validation Accuracy: 92.92%
[Epoch 18, Batch     2] loss: 0.000
[Epoch 18, Batch   102] loss: 0.012
[Epoch 18, Batch   202] loss: 0.012
[Epoch 18, Batch   302] loss: 0.014
[Epoch 18, Batch   402] loss: 0.014
Epoch 18/20:
Train Loss: 0.0014, Train Accuracy: 99.65%
Validation Loss: 0.1681, Validation Accuracy: 95.07%
[Epoch 19, Batch     2] loss: 0.000
[Epoch 19, Batch   102] loss: 0.008
[Epoch 19, Batch   202] loss: 0.011
[Epoch 19, Batch   302] loss: 0.008
[Epoch 19, Batch   402] loss: 0.012
Epoch 19/20:
Train Loss: 0.0018, Train Accuracy: 99.73%
Validation Loss: 0.3967, Validation Accuracy: 89.14%
[Epoch 20, Batch     2] loss: 0.000
[Epoch 20, Batch   102] loss: 0.016
[Epoch 20, Batch   202] loss: 0.010
[Epoch 20, Batch   302] loss: 0.011
[Epoch 20, Batch   402] loss: 0.014
Epoch 20/20:
Train Loss: 0.0025, Train Accuracy: 99.63%
Validation Loss: 0.1803, Validation Accuracy: 94.23%
Model saved to models/resnet18-MNIST-BELIEF-median-0.5-3
Modified conv1: updated in_channels to 1.
Modified fc layer: updated out_features to 10.
Initialized untrained model.
resnet18-MNIST-BELIEF-median-0.7-3
[Epoch 1, Batch     2] loss: 0.040
[Epoch 1, Batch   102] loss: 0.200
[Epoch 1, Batch   202] loss: 0.094
Epoch 1/20:
Train Loss: 0.0229, Train Accuracy: 96.00%
Validation Loss: 1.0957, Validation Accuracy: 75.07%
[Epoch 2, Batch     2] loss: 0.001
[Epoch 2, Batch   102] loss: 0.052
[Epoch 2, Batch   202] loss: 0.054
Epoch 2/20:
Train Loss: 0.0127, Train Accuracy: 98.56%
Validation Loss: 0.6352, Validation Accuracy: 81.92%
[Epoch 3, Batch     2] loss: 0.001
[Epoch 3, Batch   102] loss: 0.042
[Epoch 3, Batch   202] loss: 0.040
Epoch 3/20:
Train Loss: 0.0073, Train Accuracy: 98.95%
Validation Loss: 0.8980, Validation Accuracy: 76.63%
[Epoch 4, Batch     2] loss: 0.000
[Epoch 4, Batch   102] loss: 0.025
[Epoch 4, Batch   202] loss: 0.034
Epoch 4/20:
Train Loss: 0.0090, Train Accuracy: 99.12%
Validation Loss: 0.4899, Validation Accuracy: 84.33%
[Epoch 5, Batch     2] loss: 0.000
[Epoch 5, Batch   102] loss: 0.020
[Epoch 5, Batch   202] loss: 0.033
Epoch 5/20:
Train Loss: 0.0102, Train Accuracy: 99.17%
Validation Loss: 0.7026, Validation Accuracy: 79.03%
[Epoch 6, Batch     2] loss: 0.000
[Epoch 6, Batch   102] loss: 0.015
[Epoch 6, Batch   202] loss: 0.023
Epoch 6/20:
Train Loss: 0.0066, Train Accuracy: 99.47%
Validation Loss: 0.5636, Validation Accuracy: 83.41%
[Epoch 7, Batch     2] loss: 0.000
[Epoch 7, Batch   102] loss: 0.009
[Epoch 7, Batch   202] loss: 0.013
Epoch 7/20:
Train Loss: 0.0069, Train Accuracy: 99.61%
Validation Loss: 0.4138, Validation Accuracy: 86.49%
[Epoch 8, Batch     2] loss: 0.000
[Epoch 8, Batch   102] loss: 0.016
[Epoch 8, Batch   202] loss: 0.028
Epoch 8/20:
Train Loss: 0.0084, Train Accuracy: 99.35%
Validation Loss: 0.4580, Validation Accuracy: 84.92%
[Epoch 9, Batch     2] loss: 0.000
[Epoch 9, Batch   102] loss: 0.013
[Epoch 9, Batch   202] loss: 0.016
Epoch 9/20:
Train Loss: 0.0048, Train Accuracy: 99.54%
Validation Loss: 0.4936, Validation Accuracy: 86.07%
[Epoch 10, Batch     2] loss: 0.000
[Epoch 10, Batch   102] loss: 0.007
[Epoch 10, Batch   202] loss: 0.015
Epoch 10/20:
Train Loss: 0.0082, Train Accuracy: 99.56%
Validation Loss: 0.4485, Validation Accuracy: 86.38%
[Epoch 11, Batch     2] loss: 0.000
[Epoch 11, Batch   102] loss: 0.015
[Epoch 11, Batch   202] loss: 0.019
Epoch 11/20:
Train Loss: 0.0073, Train Accuracy: 99.48%
Validation Loss: 0.4289, Validation Accuracy: 84.76%
[Epoch 12, Batch     2] loss: 0.000
[Epoch 12, Batch   102] loss: 0.013
[Epoch 12, Batch   202] loss: 0.013
Epoch 12/20:
Train Loss: 0.0038, Train Accuracy: 99.65%
Validation Loss: 1.0011, Validation Accuracy: 78.37%
[Epoch 13, Batch     2] loss: 0.000
[Epoch 13, Batch   102] loss: 0.021
[Epoch 13, Batch   202] loss: 0.016
Epoch 13/20:
Train Loss: 0.0056, Train Accuracy: 99.49%
Validation Loss: 0.5459, Validation Accuracy: 85.66%
[Epoch 14, Batch     2] loss: 0.000
[Epoch 14, Batch   102] loss: 0.008
[Epoch 14, Batch   202] loss: 0.012
Epoch 14/20:
Train Loss: 0.0054, Train Accuracy: 99.67%
Validation Loss: 0.4269, Validation Accuracy: 87.31%
[Epoch 15, Batch     2] loss: 0.000
[Epoch 15, Batch   102] loss: 0.018
[Epoch 15, Batch   202] loss: 0.019
Epoch 15/20:
Train Loss: 0.0030, Train Accuracy: 99.56%
Validation Loss: 0.4570, Validation Accuracy: 86.58%
[Epoch 16, Batch     2] loss: 0.000
[Epoch 16, Batch   102] loss: 0.007
[Epoch 16, Batch   202] loss: 0.016
Epoch 16/20:
Train Loss: 0.0058, Train Accuracy: 99.59%
Validation Loss: 0.5213, Validation Accuracy: 85.43%
[Epoch 17, Batch     2] loss: 0.000
[Epoch 17, Batch   102] loss: 0.010
[Epoch 17, Batch   202] loss: 0.019
Epoch 17/20:
Train Loss: 0.0048, Train Accuracy: 99.59%
Validation Loss: 0.3738, Validation Accuracy: 87.17%
[Epoch 18, Batch     2] loss: 0.000
[Epoch 18, Batch   102] loss: 0.017
[Epoch 18, Batch   202] loss: 0.011
Epoch 18/20:
Train Loss: 0.0049, Train Accuracy: 99.63%
Validation Loss: 0.6181, Validation Accuracy: 83.30%
[Epoch 19, Batch     2] loss: 0.000
[Epoch 19, Batch   102] loss: 0.014
[Epoch 19, Batch   202] loss: 0.010
Epoch 19/20:
Train Loss: 0.0047, Train Accuracy: 99.67%
Validation Loss: 0.5968, Validation Accuracy: 85.86%
[Epoch 20, Batch     2] loss: 0.000
[Epoch 20, Batch   102] loss: 0.011
[Epoch 20, Batch   202] loss: 0.015
Epoch 20/20:
Train Loss: 0.0029, Train Accuracy: 99.65%
Validation Loss: 0.3415, Validation Accuracy: 89.97%
Model saved to models/resnet18-MNIST-BELIEF-median-0.7-3
Modified conv1: updated in_channels to 1.
Modified fc layer: updated out_features to 10.
Initialized untrained model.
resnet18-MNIST-BELIEF-median-0.8-3
[Epoch 1, Batch     2] loss: 0.038
[Epoch 1, Batch   102] loss: 0.162
Epoch 1/20:
Train Loss: 0.0365, Train Accuracy: 95.91%
Validation Loss: 2.0142, Validation Accuracy: 56.61%
[Epoch 2, Batch     2] loss: 0.001
[Epoch 2, Batch   102] loss: 0.046
Epoch 2/20:
Train Loss: 0.0272, Train Accuracy: 98.58%
Validation Loss: 1.5531, Validation Accuracy: 65.74%
[Epoch 3, Batch     2] loss: 0.000
[Epoch 3, Batch   102] loss: 0.033
Epoch 3/20:
Train Loss: 0.0140, Train Accuracy: 99.22%
Validation Loss: 1.5587, Validation Accuracy: 67.46%
[Epoch 4, Batch     2] loss: 0.002
[Epoch 4, Batch   102] loss: 0.039
Epoch 4/20:
Train Loss: 0.0174, Train Accuracy: 99.01%
Validation Loss: 2.6590, Validation Accuracy: 53.33%
[Epoch 5, Batch     2] loss: 0.000
[Epoch 5, Batch   102] loss: 0.034
Epoch 5/20:
Train Loss: 0.0127, Train Accuracy: 99.24%
Validation Loss: 1.1567, Validation Accuracy: 73.61%
[Epoch 6, Batch     2] loss: 0.000
[Epoch 6, Batch   102] loss: 0.019
Epoch 6/20:
Train Loss: 0.0044, Train Accuracy: 99.62%
Validation Loss: 1.4171, Validation Accuracy: 72.28%
[Epoch 7, Batch     2] loss: 0.000
[Epoch 7, Batch   102] loss: 0.015
Epoch 7/20:
Train Loss: 0.0114, Train Accuracy: 99.49%
Validation Loss: 1.3896, Validation Accuracy: 66.00%
[Epoch 8, Batch     2] loss: 0.000
[Epoch 8, Batch   102] loss: 0.020
Epoch 8/20:
Train Loss: 0.0077, Train Accuracy: 99.50%
Validation Loss: 1.2910, Validation Accuracy: 68.43%
[Epoch 9, Batch     2] loss: 0.000
[Epoch 9, Batch   102] loss: 0.021
Epoch 9/20:
Train Loss: 0.0059, Train Accuracy: 99.56%
Validation Loss: 1.2447, Validation Accuracy: 71.62%
[Epoch 10, Batch     2] loss: 0.000
[Epoch 10, Batch   102] loss: 0.014
Epoch 10/20:
Train Loss: 0.0083, Train Accuracy: 99.59%
Validation Loss: 1.1165, Validation Accuracy: 72.12%
[Epoch 11, Batch     2] loss: 0.000
[Epoch 11, Batch   102] loss: 0.018
Epoch 11/20:
Train Loss: 0.0107, Train Accuracy: 99.36%
Validation Loss: 1.0820, Validation Accuracy: 74.62%
[Epoch 12, Batch     2] loss: 0.001
[Epoch 12, Batch   102] loss: 0.014
Epoch 12/20:
Train Loss: 0.0052, Train Accuracy: 99.68%
Validation Loss: 1.0902, Validation Accuracy: 73.97%
[Epoch 13, Batch     2] loss: 0.000
[Epoch 13, Batch   102] loss: 0.013
Epoch 13/20:
Train Loss: 0.0066, Train Accuracy: 99.64%
Validation Loss: 1.4894, Validation Accuracy: 69.91%
[Epoch 14, Batch     2] loss: 0.000
[Epoch 14, Batch   102] loss: 0.015
Epoch 14/20:
Train Loss: 0.0089, Train Accuracy: 99.47%
Validation Loss: 1.1131, Validation Accuracy: 71.79%
[Epoch 15, Batch     2] loss: 0.000
[Epoch 15, Batch   102] loss: 0.009
Epoch 15/20:
Train Loss: 0.0051, Train Accuracy: 99.78%
Validation Loss: 0.7367, Validation Accuracy: 76.48%
[Epoch 16, Batch     2] loss: 0.001
[Epoch 16, Batch   102] loss: 0.013
Epoch 16/20:
Train Loss: 0.0057, Train Accuracy: 99.63%
Validation Loss: 0.9884, Validation Accuracy: 74.51%
[Epoch 17, Batch     2] loss: 0.000
[Epoch 17, Batch   102] loss: 0.018
Epoch 17/20:
Train Loss: 0.0043, Train Accuracy: 99.63%
Validation Loss: 0.9443, Validation Accuracy: 75.35%
[Epoch 18, Batch     2] loss: 0.000
[Epoch 18, Batch   102] loss: 0.009
Epoch 18/20:
Train Loss: 0.0070, Train Accuracy: 99.69%
Validation Loss: 1.5666, Validation Accuracy: 71.12%
[Epoch 19, Batch     2] loss: 0.001
[Epoch 19, Batch   102] loss: 0.017
Epoch 19/20:
Train Loss: 0.0119, Train Accuracy: 99.47%
Validation Loss: 1.2050, Validation Accuracy: 73.71%
[Epoch 20, Batch     2] loss: 0.000
[Epoch 20, Batch   102] loss: 0.012
Epoch 20/20:
Train Loss: 0.0054, Train Accuracy: 99.70%
Validation Loss: 1.4007, Validation Accuracy: 71.09%
Model saved to models/resnet18-MNIST-BELIEF-median-0.8-3
Modified conv1: updated in_channels to 1.
Modified fc layer: updated out_features to 10.
Initialized untrained model.
resnet18-MNIST-BELIEF-median-0.9-3
[Epoch 1, Batch     2] loss: 0.035
Epoch 1/20:
Train Loss: 0.1448, Train Accuracy: 94.86%
Validation Loss: 3.7753, Validation Accuracy: 50.75%
[Epoch 2, Batch     2] loss: 0.001
Epoch 2/20:
Train Loss: 0.0644, Train Accuracy: 98.20%
Validation Loss: 2.4605, Validation Accuracy: 54.53%
[Epoch 3, Batch     2] loss: 0.002
Epoch 3/20:
Train Loss: 0.0630, Train Accuracy: 98.29%
Validation Loss: 2.4052, Validation Accuracy: 55.24%
[Epoch 4, Batch     2] loss: 0.000
Epoch 4/20:
Train Loss: 0.0366, Train Accuracy: 98.94%
Validation Loss: 1.8308, Validation Accuracy: 61.61%
[Epoch 5, Batch     2] loss: 0.000
Epoch 5/20:
Train Loss: 0.0243, Train Accuracy: 99.29%
Validation Loss: 1.6195, Validation Accuracy: 64.96%
[Epoch 6, Batch     2] loss: 0.000
Epoch 6/20:
Train Loss: 0.0267, Train Accuracy: 99.08%
Validation Loss: 2.2307, Validation Accuracy: 60.52%
[Epoch 7, Batch     2] loss: 0.000
Epoch 7/20:
Train Loss: 0.0147, Train Accuracy: 99.58%
Validation Loss: 3.0799, Validation Accuracy: 54.08%
[Epoch 8, Batch     2] loss: 0.001
Epoch 8/20:
Train Loss: 0.0155, Train Accuracy: 99.51%
Validation Loss: 2.2036, Validation Accuracy: 60.74%
[Epoch 9, Batch     2] loss: 0.001
Epoch 9/20:
Train Loss: 0.0145, Train Accuracy: 99.51%
Validation Loss: 1.9763, Validation Accuracy: 64.30%
[Epoch 10, Batch     2] loss: 0.000
Epoch 10/20:
Train Loss: 0.0120, Train Accuracy: 99.73%
Validation Loss: 1.2136, Validation Accuracy: 71.85%
[Epoch 11, Batch     2] loss: 0.000
Epoch 11/20:
Train Loss: 0.0158, Train Accuracy: 99.51%
Validation Loss: 1.7537, Validation Accuracy: 62.85%
[Epoch 12, Batch     2] loss: 0.000
Epoch 12/20:
Train Loss: 0.0218, Train Accuracy: 99.45%
Validation Loss: 1.8733, Validation Accuracy: 64.36%
[Epoch 13, Batch     2] loss: 0.000
Epoch 13/20:
Train Loss: 0.0166, Train Accuracy: 99.53%
Validation Loss: 1.7616, Validation Accuracy: 68.97%
[Epoch 14, Batch     2] loss: 0.001
Epoch 14/20:
Train Loss: 0.0059, Train Accuracy: 99.73%
Validation Loss: 1.2250, Validation Accuracy: 71.45%
[Epoch 15, Batch     2] loss: 0.000
Epoch 15/20:
Train Loss: 0.0028, Train Accuracy: 99.93%
Validation Loss: 0.9457, Validation Accuracy: 73.82%
[Epoch 16, Batch     2] loss: 0.000
Epoch 16/20:
Train Loss: 0.0028, Train Accuracy: 99.93%
Validation Loss: 1.0526, Validation Accuracy: 73.39%
[Epoch 17, Batch     2] loss: 0.000
Epoch 17/20:
Train Loss: 0.0033, Train Accuracy: 99.90%
Validation Loss: 1.0829, Validation Accuracy: 72.71%
[Epoch 18, Batch     2] loss: 0.000
Epoch 18/20:
Train Loss: 0.0104, Train Accuracy: 99.71%
Validation Loss: 1.6439, Validation Accuracy: 68.23%
[Epoch 19, Batch     2] loss: 0.000
Epoch 19/20:
Train Loss: 0.0211, Train Accuracy: 99.38%
Validation Loss: 1.4774, Validation Accuracy: 70.18%
[Epoch 20, Batch     2] loss: 0.000
Epoch 20/20:
Train Loss: 0.0110, Train Accuracy: 99.61%
Validation Loss: 1.4270, Validation Accuracy: 71.85%
Model saved to models/resnet18-MNIST-BELIEF-median-0.9-3
Modified conv1: updated in_channels to 1.
Modified fc layer: updated out_features to 10.
Initialized untrained model.
resnet18-MNIST-BELIEF-median-0.95-3
[Epoch 1, Batch     2] loss: 0.041
Epoch 1/20:
Train Loss: 0.1799, Train Accuracy: 92.46%
Validation Loss: 5.0368, Validation Accuracy: 45.37%
[Epoch 2, Batch     2] loss: 0.002
Epoch 2/20:
Train Loss: 0.0693, Train Accuracy: 97.93%
Validation Loss: 2.9522, Validation Accuracy: 53.22%
[Epoch 3, Batch     2] loss: 0.001
Epoch 3/20:
Train Loss: 0.0393, Train Accuracy: 98.68%
Validation Loss: 2.8391, Validation Accuracy: 52.57%
[Epoch 4, Batch     2] loss: 0.001
Epoch 4/20:
Train Loss: 0.0298, Train Accuracy: 99.05%
Validation Loss: 3.2127, Validation Accuracy: 54.69%
[Epoch 5, Batch     2] loss: 0.000
Epoch 5/20:
Train Loss: 0.0195, Train Accuracy: 99.39%
Validation Loss: 3.6822, Validation Accuracy: 53.59%
[Epoch 6, Batch     2] loss: 0.000
Epoch 6/20:
Train Loss: 0.0320, Train Accuracy: 98.91%
Validation Loss: 4.1602, Validation Accuracy: 44.61%
[Epoch 7, Batch     2] loss: 0.001
Epoch 7/20:
Train Loss: 0.0283, Train Accuracy: 99.05%
Validation Loss: 3.0274, Validation Accuracy: 52.99%
[Epoch 8, Batch     2] loss: 0.000
Epoch 8/20:
Train Loss: 0.0294, Train Accuracy: 99.22%
Validation Loss: 4.7598, Validation Accuracy: 42.02%
[Epoch 9, Batch     2] loss: 0.001
Epoch 9/20:
Train Loss: 0.0480, Train Accuracy: 98.54%
Validation Loss: 4.3772, Validation Accuracy: 54.27%
[Epoch 10, Batch     2] loss: 0.001
Epoch 10/20:
Train Loss: 0.0366, Train Accuracy: 98.95%
Validation Loss: 1.9979, Validation Accuracy: 66.05%
[Epoch 11, Batch     2] loss: 0.001
Epoch 11/20:
Train Loss: 0.0186, Train Accuracy: 99.42%
Validation Loss: 2.3293, Validation Accuracy: 57.23%
[Epoch 12, Batch     2] loss: 0.000
Epoch 12/20:
Train Loss: 0.0143, Train Accuracy: 99.63%
Validation Loss: 2.1733, Validation Accuracy: 61.74%
[Epoch 13, Batch     2] loss: 0.000
Epoch 13/20:
Train Loss: 0.0132, Train Accuracy: 99.52%
Validation Loss: 1.8229, Validation Accuracy: 66.98%
[Epoch 14, Batch     2] loss: 0.001
Epoch 14/20:
Train Loss: 0.0092, Train Accuracy: 99.76%
Validation Loss: 2.3578, Validation Accuracy: 64.21%
[Epoch 15, Batch     2] loss: 0.000
Epoch 15/20:
Train Loss: 0.0057, Train Accuracy: 99.86%
Validation Loss: 2.1228, Validation Accuracy: 65.29%
[Epoch 16, Batch     2] loss: 0.000
Epoch 16/20:
Train Loss: 0.0080, Train Accuracy: 99.66%
Validation Loss: 2.4265, Validation Accuracy: 60.44%
[Epoch 17, Batch     2] loss: 0.000
Epoch 17/20:
Train Loss: 0.0101, Train Accuracy: 99.69%
Validation Loss: 2.1926, Validation Accuracy: 64.24%
[Epoch 18, Batch     2] loss: 0.000
Epoch 18/20:
Train Loss: 0.0050, Train Accuracy: 99.80%
Validation Loss: 2.4180, Validation Accuracy: 63.27%
[Epoch 19, Batch     2] loss: 0.000
Epoch 19/20:
Train Loss: 0.0031, Train Accuracy: 99.93%
Validation Loss: 2.3038, Validation Accuracy: 65.40%
[Epoch 20, Batch     2] loss: 0.000
Epoch 20/20:
Train Loss: 0.0045, Train Accuracy: 99.90%
Validation Loss: 1.9724, Validation Accuracy: 68.74%
Model saved to models/resnet18-MNIST-BELIEF-median-0.95-3
Modified conv1: updated in_channels to 1.
Modified fc layer: updated out_features to 10.
Loaded weights from file: models/resnet18_MNIST_E1_3
Modified conv1: updated in_channels to 1.
Modified fc layer: updated out_features to 10.
Initialized untrained model.
resnet18-MNIST-BELIEF-balanced_by_score1-0.3-3
[Epoch 1, Batch     2] loss: 0.040
[Epoch 1, Batch   102] loss: 0.352
[Epoch 1, Batch   202] loss: 0.172
[Epoch 1, Batch   302] loss: 0.162
[Epoch 1, Batch   402] loss: 0.119
[Epoch 1, Batch   502] loss: 0.097
[Epoch 1, Batch   602] loss: 0.098
Epoch 1/20:
Train Loss: 0.0087, Train Accuracy: 94.84%
Validation Loss: 0.0857, Validation Accuracy: 97.38%
[Epoch 2, Batch     2] loss: 0.001
[Epoch 2, Batch   102] loss: 0.079
[Epoch 2, Batch   202] loss: 0.077
[Epoch 2, Batch   302] loss: 0.091
[Epoch 2, Batch   402] loss: 0.078
[Epoch 2, Batch   502] loss: 0.065
[Epoch 2, Batch   602] loss: 0.070
Epoch 2/20:
Train Loss: 0.0054, Train Accuracy: 97.75%
Validation Loss: 0.0419, Validation Accuracy: 98.75%
[Epoch 3, Batch     2] loss: 0.001
[Epoch 3, Batch   102] loss: 0.052
[Epoch 3, Batch   202] loss: 0.061
[Epoch 3, Batch   302] loss: 0.053
[Epoch 3, Batch   402] loss: 0.053
[Epoch 3, Batch   502] loss: 0.062
[Epoch 3, Batch   602] loss: 0.055
Epoch 3/20:
Train Loss: 0.0055, Train Accuracy: 98.29%
Validation Loss: 0.0564, Validation Accuracy: 98.33%
[Epoch 4, Batch     2] loss: 0.000
[Epoch 4, Batch   102] loss: 0.045
[Epoch 4, Batch   202] loss: 0.057
[Epoch 4, Batch   302] loss: 0.047
[Epoch 4, Batch   402] loss: 0.050
[Epoch 4, Batch   502] loss: 0.041
[Epoch 4, Batch   602] loss: 0.050
Epoch 4/20:
Train Loss: 0.0047, Train Accuracy: 98.59%
Validation Loss: 0.0505, Validation Accuracy: 98.39%
[Epoch 5, Batch     2] loss: 0.001
[Epoch 5, Batch   102] loss: 0.042
[Epoch 5, Batch   202] loss: 0.044
[Epoch 5, Batch   302] loss: 0.038
[Epoch 5, Batch   402] loss: 0.050
[Epoch 5, Batch   502] loss: 0.046
[Epoch 5, Batch   602] loss: 0.056
Epoch 5/20:
Train Loss: 0.0037, Train Accuracy: 98.67%
Validation Loss: 0.0484, Validation Accuracy: 98.49%
[Epoch 6, Batch     2] loss: 0.001
[Epoch 6, Batch   102] loss: 0.038
[Epoch 6, Batch   202] loss: 0.047
[Epoch 6, Batch   302] loss: 0.039
[Epoch 6, Batch   402] loss: 0.039
[Epoch 6, Batch   502] loss: 0.040
[Epoch 6, Batch   602] loss: 0.039
Epoch 6/20:
Train Loss: 0.0042, Train Accuracy: 98.75%
Validation Loss: 0.0444, Validation Accuracy: 98.65%
[Epoch 7, Batch     2] loss: 0.002
[Epoch 7, Batch   102] loss: 0.031
[Epoch 7, Batch   202] loss: 0.037
[Epoch 7, Batch   302] loss: 0.040
[Epoch 7, Batch   402] loss: 0.044
[Epoch 7, Batch   502] loss: 0.036
[Epoch 7, Batch   602] loss: 0.037
Epoch 7/20:
Train Loss: 0.0039, Train Accuracy: 98.88%
Validation Loss: 0.0887, Validation Accuracy: 97.16%
[Epoch 8, Batch     2] loss: 0.001
[Epoch 8, Batch   102] loss: 0.030
[Epoch 8, Batch   202] loss: 0.031
[Epoch 8, Batch   302] loss: 0.039
[Epoch 8, Batch   402] loss: 0.029
[Epoch 8, Batch   502] loss: 0.042
[Epoch 8, Batch   602] loss: 0.040
Epoch 8/20:
Train Loss: 0.0026, Train Accuracy: 98.91%
Validation Loss: 0.0368, Validation Accuracy: 98.85%
[Epoch 9, Batch     2] loss: 0.001
[Epoch 9, Batch   102] loss: 0.033
[Epoch 9, Batch   202] loss: 0.026
[Epoch 9, Batch   302] loss: 0.036
[Epoch 9, Batch   402] loss: 0.038
[Epoch 9, Batch   502] loss: 0.030
[Epoch 9, Batch   602] loss: 0.034
Epoch 9/20:
Train Loss: 0.0033, Train Accuracy: 98.94%
Validation Loss: 0.0485, Validation Accuracy: 98.43%
[Epoch 10, Batch     2] loss: 0.000
[Epoch 10, Batch   102] loss: 0.029
[Epoch 10, Batch   202] loss: 0.037
[Epoch 10, Batch   302] loss: 0.028
[Epoch 10, Batch   402] loss: 0.049
[Epoch 10, Batch   502] loss: 0.039
[Epoch 10, Batch   602] loss: 0.024
Epoch 10/20:
Train Loss: 0.0034, Train Accuracy: 98.95%
Validation Loss: 0.0445, Validation Accuracy: 98.52%
[Epoch 11, Batch     2] loss: 0.001
[Epoch 11, Batch   102] loss: 0.022
[Epoch 11, Batch   202] loss: 0.023
[Epoch 11, Batch   302] loss: 0.034
[Epoch 11, Batch   402] loss: 0.028
[Epoch 11, Batch   502] loss: 0.034
[Epoch 11, Batch   602] loss: 0.036
Epoch 11/20:
Train Loss: 0.0022, Train Accuracy: 99.09%
Validation Loss: 0.0467, Validation Accuracy: 98.65%
[Epoch 12, Batch     2] loss: 0.001
[Epoch 12, Batch   102] loss: 0.034
[Epoch 12, Batch   202] loss: 0.020
[Epoch 12, Batch   302] loss: 0.032
[Epoch 12, Batch   402] loss: 0.028
[Epoch 12, Batch   502] loss: 0.027
[Epoch 12, Batch   602] loss: 0.020
Epoch 12/20:
Train Loss: 0.0022, Train Accuracy: 99.19%
Validation Loss: 0.0414, Validation Accuracy: 98.77%
[Epoch 13, Batch     2] loss: 0.000
[Epoch 13, Batch   102] loss: 0.024
[Epoch 13, Batch   202] loss: 0.027
[Epoch 13, Batch   302] loss: 0.026
[Epoch 13, Batch   402] loss: 0.030
[Epoch 13, Batch   502] loss: 0.031
[Epoch 13, Batch   602] loss: 0.020
Epoch 13/20:
Train Loss: 0.0023, Train Accuracy: 99.18%
Validation Loss: 0.0352, Validation Accuracy: 98.93%
[Epoch 14, Batch     2] loss: 0.000
[Epoch 14, Batch   102] loss: 0.025
[Epoch 14, Batch   202] loss: 0.020
[Epoch 14, Batch   302] loss: 0.027
[Epoch 14, Batch   402] loss: 0.023
[Epoch 14, Batch   502] loss: 0.032
[Epoch 14, Batch   602] loss: 0.029
Epoch 14/20:
Train Loss: 0.0017, Train Accuracy: 99.24%
Validation Loss: 0.0501, Validation Accuracy: 98.44%
[Epoch 15, Batch     2] loss: 0.000
[Epoch 15, Batch   102] loss: 0.018
[Epoch 15, Batch   202] loss: 0.022
[Epoch 15, Batch   302] loss: 0.031
[Epoch 15, Batch   402] loss: 0.020
[Epoch 15, Batch   502] loss: 0.017
[Epoch 15, Batch   602] loss: 0.020
Epoch 15/20:
Train Loss: 0.0013, Train Accuracy: 99.39%
Validation Loss: 0.0391, Validation Accuracy: 98.84%
[Epoch 16, Batch     2] loss: 0.000
[Epoch 16, Batch   102] loss: 0.019
[Epoch 16, Batch   202] loss: 0.023
[Epoch 16, Batch   302] loss: 0.018
[Epoch 16, Batch   402] loss: 0.025
[Epoch 16, Batch   502] loss: 0.027
[Epoch 16, Batch   602] loss: 0.022
Epoch 16/20:
Train Loss: 0.0026, Train Accuracy: 99.32%
Validation Loss: 0.0340, Validation Accuracy: 98.91%
[Epoch 17, Batch     2] loss: 0.001
[Epoch 17, Batch   102] loss: 0.015
[Epoch 17, Batch   202] loss: 0.016
[Epoch 17, Batch   302] loss: 0.021
[Epoch 17, Batch   402] loss: 0.015
[Epoch 17, Batch   502] loss: 0.025
[Epoch 17, Batch   602] loss: 0.026
Epoch 17/20:
Train Loss: 0.0016, Train Accuracy: 99.40%
Validation Loss: 0.0378, Validation Accuracy: 98.79%
[Epoch 18, Batch     2] loss: 0.000
[Epoch 18, Batch   102] loss: 0.022
[Epoch 18, Batch   202] loss: 0.020
[Epoch 18, Batch   302] loss: 0.022
[Epoch 18, Batch   402] loss: 0.018
[Epoch 18, Batch   502] loss: 0.019
[Epoch 18, Batch   602] loss: 0.021
Epoch 18/20:
Train Loss: 0.0011, Train Accuracy: 99.45%
Validation Loss: 0.0371, Validation Accuracy: 98.87%
[Epoch 19, Batch     2] loss: 0.000
[Epoch 19, Batch   102] loss: 0.009
[Epoch 19, Batch   202] loss: 0.017
[Epoch 19, Batch   302] loss: 0.021
[Epoch 19, Batch   402] loss: 0.014
[Epoch 19, Batch   502] loss: 0.019
[Epoch 19, Batch   602] loss: 0.023
Epoch 19/20:
Train Loss: 0.0024, Train Accuracy: 99.47%
Validation Loss: 0.0462, Validation Accuracy: 98.78%
[Epoch 20, Batch     2] loss: 0.000
[Epoch 20, Batch   102] loss: 0.014
[Epoch 20, Batch   202] loss: 0.016
[Epoch 20, Batch   302] loss: 0.023
[Epoch 20, Batch   402] loss: 0.026
[Epoch 20, Batch   502] loss: 0.016
[Epoch 20, Batch   602] loss: 0.013
Epoch 20/20:
Train Loss: 0.0014, Train Accuracy: 99.45%
Validation Loss: 0.0417, Validation Accuracy: 98.74%
Model saved to models/resnet18-MNIST-BELIEF-balanced_by_score1-0.3-3
Modified conv1: updated in_channels to 1.
Modified fc layer: updated out_features to 10.
Initialized untrained model.
resnet18-MNIST-BELIEF-balanced_by_score1-0.5-3
[Epoch 1, Batch     2] loss: 0.044
[Epoch 1, Batch   102] loss: 0.340
[Epoch 1, Batch   202] loss: 0.175
[Epoch 1, Batch   302] loss: 0.169
[Epoch 1, Batch   402] loss: 0.119
Epoch 1/20:
Train Loss: 0.0145, Train Accuracy: 93.87%
Validation Loss: 0.1036, Validation Accuracy: 96.80%
[Epoch 2, Batch     2] loss: 0.001
[Epoch 2, Batch   102] loss: 0.088
[Epoch 2, Batch   202] loss: 0.081
[Epoch 2, Batch   302] loss: 0.092
[Epoch 2, Batch   402] loss: 0.085
Epoch 2/20:
Train Loss: 0.0104, Train Accuracy: 97.47%
Validation Loss: 0.0674, Validation Accuracy: 97.97%
[Epoch 3, Batch     2] loss: 0.002
[Epoch 3, Batch   102] loss: 0.062
[Epoch 3, Batch   202] loss: 0.068
[Epoch 3, Batch   302] loss: 0.069
[Epoch 3, Batch   402] loss: 0.059
Epoch 3/20:
Train Loss: 0.0089, Train Accuracy: 97.98%
Validation Loss: 0.0584, Validation Accuracy: 98.27%
[Epoch 4, Batch     2] loss: 0.001
[Epoch 4, Batch   102] loss: 0.043
[Epoch 4, Batch   202] loss: 0.057
[Epoch 4, Batch   302] loss: 0.061
[Epoch 4, Batch   402] loss: 0.050
Epoch 4/20:
Train Loss: 0.0055, Train Accuracy: 98.48%
Validation Loss: 0.0445, Validation Accuracy: 98.63%
[Epoch 5, Batch     2] loss: 0.001
[Epoch 5, Batch   102] loss: 0.044
[Epoch 5, Batch   202] loss: 0.050
[Epoch 5, Batch   302] loss: 0.040
[Epoch 5, Batch   402] loss: 0.052
Epoch 5/20:
Train Loss: 0.0074, Train Accuracy: 98.53%
Validation Loss: 0.0637, Validation Accuracy: 97.89%
[Epoch 6, Batch     2] loss: 0.001
[Epoch 6, Batch   102] loss: 0.035
[Epoch 6, Batch   202] loss: 0.047
[Epoch 6, Batch   302] loss: 0.046
[Epoch 6, Batch   402] loss: 0.031
Epoch 6/20:
Train Loss: 0.0049, Train Accuracy: 98.73%
Validation Loss: 0.0573, Validation Accuracy: 98.43%
[Epoch 7, Batch     2] loss: 0.001
[Epoch 7, Batch   102] loss: 0.026
[Epoch 7, Batch   202] loss: 0.035
[Epoch 7, Batch   302] loss: 0.038
[Epoch 7, Batch   402] loss: 0.036
Epoch 7/20:
Train Loss: 0.0060, Train Accuracy: 98.93%
Validation Loss: 0.0498, Validation Accuracy: 98.42%
[Epoch 8, Batch     2] loss: 0.000
[Epoch 8, Batch   102] loss: 0.036
[Epoch 8, Batch   202] loss: 0.044
[Epoch 8, Batch   302] loss: 0.042
[Epoch 8, Batch   402] loss: 0.032
Epoch 8/20:
Train Loss: 0.0051, Train Accuracy: 98.85%
Validation Loss: 0.0723, Validation Accuracy: 97.82%
[Epoch 9, Batch     2] loss: 0.000
[Epoch 9, Batch   102] loss: 0.036
[Epoch 9, Batch   202] loss: 0.042
[Epoch 9, Batch   302] loss: 0.030
[Epoch 9, Batch   402] loss: 0.041
Epoch 9/20:
Train Loss: 0.0055, Train Accuracy: 98.84%
Validation Loss: 0.0460, Validation Accuracy: 98.55%
[Epoch 10, Batch     2] loss: 0.000
[Epoch 10, Batch   102] loss: 0.032
[Epoch 10, Batch   202] loss: 0.026
[Epoch 10, Batch   302] loss: 0.029
[Epoch 10, Batch   402] loss: 0.032
Epoch 10/20:
Train Loss: 0.0048, Train Accuracy: 99.08%
Validation Loss: 0.0415, Validation Accuracy: 98.80%
[Epoch 11, Batch     2] loss: 0.001
[Epoch 11, Batch   102] loss: 0.030
[Epoch 11, Batch   202] loss: 0.030
[Epoch 11, Batch   302] loss: 0.018
[Epoch 11, Batch   402] loss: 0.022
Epoch 11/20:
Train Loss: 0.0039, Train Accuracy: 99.21%
Validation Loss: 0.0693, Validation Accuracy: 97.97%
[Epoch 12, Batch     2] loss: 0.000
[Epoch 12, Batch   102] loss: 0.025
[Epoch 12, Batch   202] loss: 0.027
[Epoch 12, Batch   302] loss: 0.042
[Epoch 12, Batch   402] loss: 0.035
Epoch 12/20:
Train Loss: 0.0052, Train Accuracy: 98.99%
Validation Loss: 0.0351, Validation Accuracy: 98.95%
[Epoch 13, Batch     2] loss: 0.000
[Epoch 13, Batch   102] loss: 0.016
[Epoch 13, Batch   202] loss: 0.022
[Epoch 13, Batch   302] loss: 0.028
[Epoch 13, Batch   402] loss: 0.035
Epoch 13/20:
Train Loss: 0.0039, Train Accuracy: 99.21%
Validation Loss: 0.0383, Validation Accuracy: 98.93%
[Epoch 14, Batch     2] loss: 0.000
[Epoch 14, Batch   102] loss: 0.017
[Epoch 14, Batch   202] loss: 0.020
[Epoch 14, Batch   302] loss: 0.033
[Epoch 14, Batch   402] loss: 0.031
Epoch 14/20:
Train Loss: 0.0045, Train Accuracy: 99.18%
Validation Loss: 0.0485, Validation Accuracy: 98.40%
[Epoch 15, Batch     2] loss: 0.000
[Epoch 15, Batch   102] loss: 0.020
[Epoch 15, Batch   202] loss: 0.023
[Epoch 15, Batch   302] loss: 0.026
[Epoch 15, Batch   402] loss: 0.027
Epoch 15/20:
Train Loss: 0.0032, Train Accuracy: 99.27%
Validation Loss: 0.0857, Validation Accuracy: 97.51%
[Epoch 16, Batch     2] loss: 0.001
[Epoch 16, Batch   102] loss: 0.013
[Epoch 16, Batch   202] loss: 0.019
[Epoch 16, Batch   302] loss: 0.026
[Epoch 16, Batch   402] loss: 0.026
Epoch 16/20:
Train Loss: 0.0039, Train Accuracy: 99.33%
Validation Loss: 0.0455, Validation Accuracy: 98.69%
[Epoch 17, Batch     2] loss: 0.000
[Epoch 17, Batch   102] loss: 0.018
[Epoch 17, Batch   202] loss: 0.028
[Epoch 17, Batch   302] loss: 0.020
[Epoch 17, Batch   402] loss: 0.023
Epoch 17/20:
Train Loss: 0.0031, Train Accuracy: 99.28%
Validation Loss: 0.0596, Validation Accuracy: 98.33%
[Epoch 18, Batch     2] loss: 0.000
[Epoch 18, Batch   102] loss: 0.011
[Epoch 18, Batch   202] loss: 0.013
[Epoch 18, Batch   302] loss: 0.019
[Epoch 18, Batch   402] loss: 0.024
Epoch 18/20:
Train Loss: 0.0034, Train Accuracy: 99.45%
Validation Loss: 0.0636, Validation Accuracy: 98.41%
[Epoch 19, Batch     2] loss: 0.000
[Epoch 19, Batch   102] loss: 0.016
[Epoch 19, Batch   202] loss: 0.018
[Epoch 19, Batch   302] loss: 0.018
[Epoch 19, Batch   402] loss: 0.027
Epoch 19/20:
Train Loss: 0.0045, Train Accuracy: 99.40%
Validation Loss: 0.0424, Validation Accuracy: 98.87%
[Epoch 20, Batch     2] loss: 0.000
[Epoch 20, Batch   102] loss: 0.017
[Epoch 20, Batch   202] loss: 0.019
[Epoch 20, Batch   302] loss: 0.015
[Epoch 20, Batch   402] loss: 0.026
Epoch 20/20:
Train Loss: 0.0025, Train Accuracy: 99.40%
Validation Loss: 0.0499, Validation Accuracy: 98.75%
Model saved to models/resnet18-MNIST-BELIEF-balanced_by_score1-0.5-3
Modified conv1: updated in_channels to 1.
Modified fc layer: updated out_features to 10.
Initialized untrained model.
resnet18-MNIST-BELIEF-balanced_by_score1-0.7-3
[Epoch 1, Batch     2] loss: 0.043
[Epoch 1, Batch   102] loss: 0.334
[Epoch 1, Batch   202] loss: 0.174
Epoch 1/20:
Train Loss: 0.0443, Train Accuracy: 92.56%
Validation Loss: 0.1140, Validation Accuracy: 96.66%
[Epoch 2, Batch     2] loss: 0.001
[Epoch 2, Batch   102] loss: 0.088
[Epoch 2, Batch   202] loss: 0.095
Epoch 2/20:
Train Loss: 0.0281, Train Accuracy: 97.21%
Validation Loss: 0.0952, Validation Accuracy: 97.10%
[Epoch 3, Batch     2] loss: 0.001
[Epoch 3, Batch   102] loss: 0.063
[Epoch 3, Batch   202] loss: 0.088
Epoch 3/20:
Train Loss: 0.0198, Train Accuracy: 97.56%
Validation Loss: 0.1069, Validation Accuracy: 96.93%
[Epoch 4, Batch     2] loss: 0.001
[Epoch 4, Batch   102] loss: 0.056
[Epoch 4, Batch   202] loss: 0.059
Epoch 4/20:
Train Loss: 0.0185, Train Accuracy: 98.23%
Validation Loss: 0.0721, Validation Accuracy: 97.64%
[Epoch 5, Batch     2] loss: 0.001
[Epoch 5, Batch   102] loss: 0.040
[Epoch 5, Batch   202] loss: 0.049
Epoch 5/20:
Train Loss: 0.0179, Train Accuracy: 98.40%
Validation Loss: 0.0936, Validation Accuracy: 97.23%
[Epoch 6, Batch     2] loss: 0.001
[Epoch 6, Batch   102] loss: 0.034
[Epoch 6, Batch   202] loss: 0.049
Epoch 6/20:
Train Loss: 0.0129, Train Accuracy: 98.65%
Validation Loss: 0.0635, Validation Accuracy: 98.11%
[Epoch 7, Batch     2] loss: 0.000
[Epoch 7, Batch   102] loss: 0.029
[Epoch 7, Batch   202] loss: 0.040
Epoch 7/20:
Train Loss: 0.0102, Train Accuracy: 98.94%
Validation Loss: 0.0786, Validation Accuracy: 97.70%
[Epoch 8, Batch     2] loss: 0.000
[Epoch 8, Batch   102] loss: 0.025
[Epoch 8, Batch   202] loss: 0.040
Epoch 8/20:
Train Loss: 0.0117, Train Accuracy: 98.92%
Validation Loss: 0.0507, Validation Accuracy: 98.36%
[Epoch 9, Batch     2] loss: 0.000
[Epoch 9, Batch   102] loss: 0.028
[Epoch 9, Batch   202] loss: 0.025
Epoch 9/20:
Train Loss: 0.0103, Train Accuracy: 99.09%
Validation Loss: 0.0772, Validation Accuracy: 97.51%
[Epoch 10, Batch     2] loss: 0.002
[Epoch 10, Batch   102] loss: 0.028
[Epoch 10, Batch   202] loss: 0.025
Epoch 10/20:
Train Loss: 0.0110, Train Accuracy: 99.09%
Validation Loss: 0.0517, Validation Accuracy: 98.49%
[Epoch 11, Batch     2] loss: 0.000
[Epoch 11, Batch   102] loss: 0.026
[Epoch 11, Batch   202] loss: 0.023
Epoch 11/20:
Train Loss: 0.0096, Train Accuracy: 99.08%
Validation Loss: 0.0493, Validation Accuracy: 98.53%
[Epoch 12, Batch     2] loss: 0.000
[Epoch 12, Batch   102] loss: 0.032
[Epoch 12, Batch   202] loss: 0.027
Epoch 12/20:
Train Loss: 0.0061, Train Accuracy: 99.17%
Validation Loss: 0.0493, Validation Accuracy: 98.54%
[Epoch 13, Batch     2] loss: 0.001
[Epoch 13, Batch   102] loss: 0.018
[Epoch 13, Batch   202] loss: 0.025
Epoch 13/20:
Train Loss: 0.0101, Train Accuracy: 99.18%
Validation Loss: 0.0761, Validation Accuracy: 97.79%
[Epoch 14, Batch     2] loss: 0.000
[Epoch 14, Batch   102] loss: 0.026
[Epoch 14, Batch   202] loss: 0.026
Epoch 14/20:
Train Loss: 0.0063, Train Accuracy: 99.24%
Validation Loss: 0.0480, Validation Accuracy: 98.61%
[Epoch 15, Batch     2] loss: 0.000
[Epoch 15, Batch   102] loss: 0.018
[Epoch 15, Batch   202] loss: 0.033
Epoch 15/20:
Train Loss: 0.0072, Train Accuracy: 99.22%
Validation Loss: 0.0587, Validation Accuracy: 98.34%
[Epoch 16, Batch     2] loss: 0.000
[Epoch 16, Batch   102] loss: 0.016
[Epoch 16, Batch   202] loss: 0.020
Epoch 16/20:
Train Loss: 0.0105, Train Accuracy: 99.21%
Validation Loss: 0.0723, Validation Accuracy: 98.12%
[Epoch 17, Batch     2] loss: 0.000
[Epoch 17, Batch   102] loss: 0.026
[Epoch 17, Batch   202] loss: 0.027
Epoch 17/20:
Train Loss: 0.0057, Train Accuracy: 99.20%
Validation Loss: 0.0763, Validation Accuracy: 97.93%
[Epoch 18, Batch     2] loss: 0.001
[Epoch 18, Batch   102] loss: 0.016
[Epoch 18, Batch   202] loss: 0.025
Epoch 18/20:
Train Loss: 0.0066, Train Accuracy: 99.36%
Validation Loss: 0.0585, Validation Accuracy: 98.35%
[Epoch 19, Batch     2] loss: 0.001
[Epoch 19, Batch   102] loss: 0.019
[Epoch 19, Batch   202] loss: 0.017
Epoch 19/20:
Train Loss: 0.0075, Train Accuracy: 99.39%
Validation Loss: 0.0473, Validation Accuracy: 98.59%
[Epoch 20, Batch     2] loss: 0.000
[Epoch 20, Batch   102] loss: 0.011
[Epoch 20, Batch   202] loss: 0.019
Epoch 20/20:
Train Loss: 0.0065, Train Accuracy: 99.52%
Validation Loss: 0.0573, Validation Accuracy: 98.41%
Model saved to models/resnet18-MNIST-BELIEF-balanced_by_score1-0.7-3
Modified conv1: updated in_channels to 1.
Modified fc layer: updated out_features to 10.
Initialized untrained model.
resnet18-MNIST-BELIEF-balanced_by_score1-0.8-3
[Epoch 1, Batch     2] loss: 0.040
[Epoch 1, Batch   102] loss: 0.333
Epoch 1/20:
Train Loss: 0.0751, Train Accuracy: 91.44%
Validation Loss: 0.1135, Validation Accuracy: 96.55%
[Epoch 2, Batch     2] loss: 0.004
[Epoch 2, Batch   102] loss: 0.116
Epoch 2/20:
Train Loss: 0.0550, Train Accuracy: 96.24%
Validation Loss: 0.0815, Validation Accuracy: 97.52%
[Epoch 3, Batch     2] loss: 0.001
[Epoch 3, Batch   102] loss: 0.070
Epoch 3/20:
Train Loss: 0.0414, Train Accuracy: 97.68%
Validation Loss: 0.0788, Validation Accuracy: 97.44%
[Epoch 4, Batch     2] loss: 0.002
[Epoch 4, Batch   102] loss: 0.065
Epoch 4/20:
Train Loss: 0.0317, Train Accuracy: 97.81%
Validation Loss: 0.0713, Validation Accuracy: 97.73%
[Epoch 5, Batch     2] loss: 0.000
[Epoch 5, Batch   102] loss: 0.050
Epoch 5/20:
Train Loss: 0.0291, Train Accuracy: 98.33%
Validation Loss: 0.0888, Validation Accuracy: 97.42%
[Epoch 6, Batch     2] loss: 0.002
[Epoch 6, Batch   102] loss: 0.047
Epoch 6/20:
Train Loss: 0.0314, Train Accuracy: 98.17%
Validation Loss: 0.1168, Validation Accuracy: 96.48%
[Epoch 7, Batch     2] loss: 0.001
[Epoch 7, Batch   102] loss: 0.050
Epoch 7/20:
Train Loss: 0.0154, Train Accuracy: 98.64%
Validation Loss: 0.0537, Validation Accuracy: 98.41%
[Epoch 8, Batch     2] loss: 0.000
[Epoch 8, Batch   102] loss: 0.027
Epoch 8/20:
Train Loss: 0.0162, Train Accuracy: 98.99%
Validation Loss: 0.0838, Validation Accuracy: 97.64%
[Epoch 9, Batch     2] loss: 0.000
[Epoch 9, Batch   102] loss: 0.025
Epoch 9/20:
Train Loss: 0.0153, Train Accuracy: 99.03%
Validation Loss: 0.0698, Validation Accuracy: 97.92%
[Epoch 10, Batch     2] loss: 0.000
[Epoch 10, Batch   102] loss: 0.025
Epoch 10/20:
Train Loss: 0.0119, Train Accuracy: 99.18%
Validation Loss: 0.0831, Validation Accuracy: 97.71%
[Epoch 11, Batch     2] loss: 0.002
[Epoch 11, Batch   102] loss: 0.034
Epoch 11/20:
Train Loss: 0.0140, Train Accuracy: 98.96%
Validation Loss: 0.0837, Validation Accuracy: 97.68%
[Epoch 12, Batch     2] loss: 0.001
[Epoch 12, Batch   102] loss: 0.029
Epoch 12/20:
Train Loss: 0.0157, Train Accuracy: 98.93%
Validation Loss: 0.0625, Validation Accuracy: 98.23%
[Epoch 13, Batch     2] loss: 0.000
[Epoch 13, Batch   102] loss: 0.029
Epoch 13/20:
Train Loss: 0.0148, Train Accuracy: 99.05%
Validation Loss: 0.0649, Validation Accuracy: 98.03%
[Epoch 14, Batch     2] loss: 0.000
[Epoch 14, Batch   102] loss: 0.023
Epoch 14/20:
Train Loss: 0.0113, Train Accuracy: 99.28%
Validation Loss: 0.0677, Validation Accuracy: 98.18%
[Epoch 15, Batch     2] loss: 0.001
[Epoch 15, Batch   102] loss: 0.023
Epoch 15/20:
Train Loss: 0.0145, Train Accuracy: 99.14%
Validation Loss: 0.0622, Validation Accuracy: 98.23%
[Epoch 16, Batch     2] loss: 0.001
[Epoch 16, Batch   102] loss: 0.024
Epoch 16/20:
Train Loss: 0.0098, Train Accuracy: 99.26%
Validation Loss: 0.0633, Validation Accuracy: 98.30%
[Epoch 17, Batch     2] loss: 0.000
[Epoch 17, Batch   102] loss: 0.014
Epoch 17/20:
Train Loss: 0.0060, Train Accuracy: 99.56%
Validation Loss: 0.1027, Validation Accuracy: 97.21%
[Epoch 18, Batch     2] loss: 0.000
[Epoch 18, Batch   102] loss: 0.031
Epoch 18/20:
Train Loss: 0.0110, Train Accuracy: 99.18%
Validation Loss: 0.0592, Validation Accuracy: 98.28%
[Epoch 19, Batch     2] loss: 0.000
[Epoch 19, Batch   102] loss: 0.013
Epoch 19/20:
Train Loss: 0.0121, Train Accuracy: 99.38%
Validation Loss: 0.2639, Validation Accuracy: 92.80%
[Epoch 20, Batch     2] loss: 0.000
[Epoch 20, Batch   102] loss: 0.023
Epoch 20/20:
Train Loss: 0.0139, Train Accuracy: 99.13%
Validation Loss: 0.0940, Validation Accuracy: 97.52%
Model saved to models/resnet18-MNIST-BELIEF-balanced_by_score1-0.8-3
Modified conv1: updated in_channels to 1.
Modified fc layer: updated out_features to 10.
Initialized untrained model.
resnet18-MNIST-BELIEF-balanced_by_score1-0.9-3
[Epoch 1, Batch     2] loss: 0.038
Epoch 1/20:
Train Loss: 0.3461, Train Accuracy: 87.67%
Validation Loss: 0.3335, Validation Accuracy: 89.35%
[Epoch 2, Batch     2] loss: 0.002
Epoch 2/20:
Train Loss: 0.1412, Train Accuracy: 95.69%
Validation Loss: 0.1944, Validation Accuracy: 93.64%
[Epoch 3, Batch     2] loss: 0.002
Epoch 3/20:
Train Loss: 0.1007, Train Accuracy: 96.71%
Validation Loss: 0.1395, Validation Accuracy: 95.99%
[Epoch 4, Batch     2] loss: 0.001
Epoch 4/20:
Train Loss: 0.0947, Train Accuracy: 97.10%
Validation Loss: 0.5141, Validation Accuracy: 86.08%
[Epoch 5, Batch     2] loss: 0.002
Epoch 5/20:
Train Loss: 0.0574, Train Accuracy: 98.20%
Validation Loss: 0.1677, Validation Accuracy: 95.24%
[Epoch 6, Batch     2] loss: 0.001
Epoch 6/20:
Train Loss: 0.0475, Train Accuracy: 98.56%
Validation Loss: 0.1085, Validation Accuracy: 96.66%
[Epoch 7, Batch     2] loss: 0.002
Epoch 7/20:
Train Loss: 0.0373, Train Accuracy: 98.73%
Validation Loss: 0.1277, Validation Accuracy: 96.17%
[Epoch 8, Batch     2] loss: 0.001
Epoch 8/20:
Train Loss: 0.0544, Train Accuracy: 98.18%
Validation Loss: 0.1570, Validation Accuracy: 95.51%
[Epoch 9, Batch     2] loss: 0.000
Epoch 9/20:
Train Loss: 0.0526, Train Accuracy: 98.34%
Validation Loss: 0.1410, Validation Accuracy: 95.97%
[Epoch 10, Batch     2] loss: 0.000
Epoch 10/20:
Train Loss: 0.0333, Train Accuracy: 98.81%
Validation Loss: 0.1727, Validation Accuracy: 95.19%
[Epoch 11, Batch     2] loss: 0.001
Epoch 11/20:
Train Loss: 0.0372, Train Accuracy: 98.86%
Validation Loss: 0.0896, Validation Accuracy: 97.54%
[Epoch 12, Batch     2] loss: 0.001
Epoch 12/20:
Train Loss: 0.0328, Train Accuracy: 98.95%
Validation Loss: 0.2108, Validation Accuracy: 94.22%
[Epoch 13, Batch     2] loss: 0.001
Epoch 13/20:
Train Loss: 0.0338, Train Accuracy: 98.86%
Validation Loss: 0.1227, Validation Accuracy: 96.84%
[Epoch 14, Batch     2] loss: 0.000
Epoch 14/20:
Train Loss: 0.0222, Train Accuracy: 99.30%
Validation Loss: 0.1050, Validation Accuracy: 97.13%
[Epoch 15, Batch     2] loss: 0.000
Epoch 15/20:
Train Loss: 0.0226, Train Accuracy: 99.25%
Validation Loss: 0.0768, Validation Accuracy: 97.68%
[Epoch 16, Batch     2] loss: 0.000
Epoch 16/20:
Train Loss: 0.0246, Train Accuracy: 99.24%
Validation Loss: 0.1150, Validation Accuracy: 96.67%
[Epoch 17, Batch     2] loss: 0.001
Epoch 17/20:
Train Loss: 0.0360, Train Accuracy: 98.91%
Validation Loss: 0.0731, Validation Accuracy: 97.85%
[Epoch 18, Batch     2] loss: 0.001
Epoch 18/20:
Train Loss: 0.0202, Train Accuracy: 99.32%
Validation Loss: 0.0715, Validation Accuracy: 97.96%
[Epoch 19, Batch     2] loss: 0.000
Epoch 19/20:
Train Loss: 0.0088, Train Accuracy: 99.76%
Validation Loss: 0.0665, Validation Accuracy: 98.23%
[Epoch 20, Batch     2] loss: 0.000
Epoch 20/20:
Train Loss: 0.0134, Train Accuracy: 99.58%
Validation Loss: 0.0672, Validation Accuracy: 98.15%
Model saved to models/resnet18-MNIST-BELIEF-balanced_by_score1-0.9-3
Modified conv1: updated in_channels to 1.
Modified fc layer: updated out_features to 10.
Initialized untrained model.
resnet18-MNIST-BELIEF-balanced_by_score1-0.95-3
[Epoch 1, Batch     2] loss: 0.040
Epoch 1/20:
Train Loss: 0.4738, Train Accuracy: 80.71%
Validation Loss: 0.6039, Validation Accuracy: 80.80%
[Epoch 2, Batch     2] loss: 0.007
Epoch 2/20:
Train Loss: 0.1655, Train Accuracy: 94.26%
Validation Loss: 0.3406, Validation Accuracy: 90.17%
[Epoch 3, Batch     2] loss: 0.002
Epoch 3/20:
Train Loss: 0.0930, Train Accuracy: 96.94%
Validation Loss: 0.8227, Validation Accuracy: 79.94%
[Epoch 4, Batch     2] loss: 0.001
Epoch 4/20:
Train Loss: 0.1106, Train Accuracy: 96.54%
Validation Loss: 0.4066, Validation Accuracy: 88.58%
[Epoch 5, Batch     2] loss: 0.001
Epoch 5/20:
Train Loss: 0.0969, Train Accuracy: 96.94%
Validation Loss: 0.2590, Validation Accuracy: 92.85%
[Epoch 6, Batch     2] loss: 0.000
Epoch 6/20:
Train Loss: 0.0475, Train Accuracy: 98.54%
Validation Loss: 0.2900, Validation Accuracy: 91.85%
[Epoch 7, Batch     2] loss: 0.000
Epoch 7/20:
Train Loss: 0.0509, Train Accuracy: 98.47%
Validation Loss: 0.2412, Validation Accuracy: 92.77%
[Epoch 8, Batch     2] loss: 0.000
Epoch 8/20:
Train Loss: 0.0615, Train Accuracy: 97.96%
Validation Loss: 0.2079, Validation Accuracy: 94.31%
[Epoch 9, Batch     2] loss: 0.000
Epoch 9/20:
Train Loss: 0.0895, Train Accuracy: 97.55%
Validation Loss: 0.2212, Validation Accuracy: 94.07%
[Epoch 10, Batch     2] loss: 0.000
Epoch 10/20:
Train Loss: 0.0448, Train Accuracy: 98.64%
Validation Loss: 0.1665, Validation Accuracy: 95.34%
[Epoch 11, Batch     2] loss: 0.001
Epoch 11/20:
Train Loss: 0.0266, Train Accuracy: 99.05%
Validation Loss: 0.1819, Validation Accuracy: 95.44%
[Epoch 12, Batch     2] loss: 0.000
Epoch 12/20:
Train Loss: 0.0261, Train Accuracy: 99.29%
Validation Loss: 0.1420, Validation Accuracy: 96.20%
[Epoch 13, Batch     2] loss: 0.000
Epoch 13/20:
Train Loss: 0.0163, Train Accuracy: 99.63%
Validation Loss: 0.1557, Validation Accuracy: 96.19%
[Epoch 14, Batch     2] loss: 0.002
Epoch 14/20:
Train Loss: 0.0230, Train Accuracy: 99.25%
Validation Loss: 0.1386, Validation Accuracy: 96.36%
[Epoch 15, Batch     2] loss: 0.000
Epoch 15/20:
Train Loss: 0.0117, Train Accuracy: 99.73%
Validation Loss: 0.2246, Validation Accuracy: 94.90%
[Epoch 16, Batch     2] loss: 0.000
Epoch 16/20:
Train Loss: 0.0080, Train Accuracy: 99.80%
Validation Loss: 0.1114, Validation Accuracy: 97.14%
[Epoch 17, Batch     2] loss: 0.000
Epoch 17/20:
Train Loss: 0.0066, Train Accuracy: 99.76%
Validation Loss: 0.1237, Validation Accuracy: 96.98%
[Epoch 18, Batch     2] loss: 0.000
Epoch 18/20:
Train Loss: 0.0084, Train Accuracy: 99.73%
Validation Loss: 0.1368, Validation Accuracy: 96.85%
[Epoch 19, Batch     2] loss: 0.000
Epoch 19/20:
Train Loss: 0.0246, Train Accuracy: 99.15%
Validation Loss: 0.2740, Validation Accuracy: 93.90%
[Epoch 20, Batch     2] loss: 0.002
Epoch 20/20:
Train Loss: 0.0410, Train Accuracy: 98.68%
Validation Loss: 0.2016, Validation Accuracy: 94.63%
Model saved to models/resnet18-MNIST-BELIEF-balanced_by_score1-0.95-3
