Modified fc layer: updated out_features to 10.
Initialized untrained model.
Files already downloaded and verified
Files already downloaded and verified
[Epoch 1, Batch   100] loss: 0.794
[Epoch 1, Batch   200] loss: 0.701
[Epoch 1, Batch   300] loss: 0.667
[Epoch 1, Batch   400] loss: 0.639
[Epoch 1, Batch   500] loss: 0.611
[Epoch 1, Batch   600] loss: 0.594
[Epoch 1, Batch   700] loss: 0.583
Epoch 1/20:
Train Loss: 0.0591, Train Accuracy: 50.98%
Validation Loss: 0.5858, Validation Accuracy: 56.27%
[Epoch 2, Batch   100] loss: 1.037
[Epoch 2, Batch   200] loss: 0.879
[Epoch 2, Batch   300] loss: 0.875
[Epoch 2, Batch   400] loss: 0.874
[Epoch 2, Batch   500] loss: 0.871
[Epoch 2, Batch   600] loss: 0.875
[Epoch 2, Batch   700] loss: 0.873
Epoch 2/20:
Train Loss: 0.0914, Train Accuracy: 65.11%
Validation Loss: 0.7602, Validation Accuracy: 63.11%
[Epoch 3, Batch   100] loss: 0.937
[Epoch 3, Batch   200] loss: 0.930
[Epoch 3, Batch   300] loss: 0.931
[Epoch 3, Batch   400] loss: 0.932
[Epoch 3, Batch   500] loss: 0.930
[Epoch 3, Batch   600] loss: 0.931
[Epoch 3, Batch   700] loss: 0.931
Epoch 3/20:
Train Loss: 0.0976, Train Accuracy: 72.20%
Validation Loss: 0.8629, Validation Accuracy: 67.99%
[Epoch 4, Batch   100] loss: 0.951
[Epoch 4, Batch   200] loss: 0.949
[Epoch 4, Batch   300] loss: 0.949
[Epoch 4, Batch   400] loss: 0.950
[Epoch 4, Batch   500] loss: 0.951
[Epoch 4, Batch   600] loss: 0.950
[Epoch 4, Batch   700] loss: 0.951
Epoch 4/20:
Train Loss: 0.0997, Train Accuracy: 75.48%
Validation Loss: 0.9151, Validation Accuracy: 67.24%
[Epoch 5, Batch   100] loss: 0.959
[Epoch 5, Batch   200] loss: 0.958
[Epoch 5, Batch   300] loss: 0.959
[Epoch 5, Batch   400] loss: 0.959
[Epoch 5, Batch   500] loss: 0.959
[Epoch 5, Batch   600] loss: 0.960
[Epoch 5, Batch   700] loss: 0.960
Epoch 5/20:
Train Loss: 0.1007, Train Accuracy: 76.98%
Validation Loss: 0.9343, Validation Accuracy: 69.41%
[Epoch 6, Batch   100] loss: 0.963
[Epoch 6, Batch   200] loss: 0.963
[Epoch 6, Batch   300] loss: 0.964
[Epoch 6, Batch   400] loss: 0.965
[Epoch 6, Batch   500] loss: 0.965
[Epoch 6, Batch   600] loss: 0.965
[Epoch 6, Batch   700] loss: 0.965
Epoch 6/20:
Train Loss: 0.1012, Train Accuracy: 77.14%
Validation Loss: 0.9533, Validation Accuracy: 63.22%
[Epoch 7, Batch   100] loss: 0.967
[Epoch 7, Batch   200] loss: 0.968
[Epoch 7, Batch   300] loss: 0.968
[Epoch 7, Batch   400] loss: 0.968
[Epoch 7, Batch   500] loss: 0.968
[Epoch 7, Batch   600] loss: 0.969
[Epoch 7, Batch   700] loss: 0.969
Epoch 7/20:
Train Loss: 0.1016, Train Accuracy: 76.03%
Validation Loss: 0.9580, Validation Accuracy: 65.38%
[Epoch 8, Batch   100] loss: 0.970
[Epoch 8, Batch   200] loss: 0.970
[Epoch 8, Batch   300] loss: 0.970
[Epoch 8, Batch   400] loss: 0.971
[Epoch 8, Batch   500] loss: 0.971
[Epoch 8, Batch   600] loss: 0.971
[Epoch 8, Batch   700] loss: 0.971
Epoch 8/20:
Train Loss: 0.1019, Train Accuracy: 74.97%
Validation Loss: 0.9627, Validation Accuracy: 64.21%
[Epoch 9, Batch   100] loss: 0.972
[Epoch 9, Batch   200] loss: 0.972
[Epoch 9, Batch   300] loss: 0.972
[Epoch 9, Batch   400] loss: 0.973
[Epoch 9, Batch   500] loss: 0.973
[Epoch 9, Batch   600] loss: 0.973
[Epoch 9, Batch   700] loss: 0.973
Epoch 9/20:
Train Loss: 0.1020, Train Accuracy: 73.89%
Validation Loss: 0.9638, Validation Accuracy: 67.63%
[Epoch 10, Batch   100] loss: 0.973
[Epoch 10, Batch   200] loss: 0.974
[Epoch 10, Batch   300] loss: 0.974
[Epoch 10, Batch   400] loss: 0.974
[Epoch 10, Batch   500] loss: 0.974
[Epoch 10, Batch   600] loss: 0.974
[Epoch 10, Batch   700] loss: 0.974
Epoch 10/20:
Train Loss: 0.1021, Train Accuracy: 73.02%
Validation Loss: 0.9670, Validation Accuracy: 67.60%
[Epoch 11, Batch   100] loss: 0.974
[Epoch 11, Batch   200] loss: 0.975
[Epoch 11, Batch   300] loss: 0.975
[Epoch 11, Batch   400] loss: 0.975
[Epoch 11, Batch   500] loss: 0.975
[Epoch 11, Batch   600] loss: 0.975
[Epoch 11, Batch   700] loss: 0.975
Epoch 11/20:
Train Loss: 0.1022, Train Accuracy: 72.53%
Validation Loss: 0.9683, Validation Accuracy: 67.70%
[Epoch 12, Batch   100] loss: 0.975
[Epoch 12, Batch   200] loss: 0.975
[Epoch 12, Batch   300] loss: 0.975
[Epoch 12, Batch   400] loss: 0.975
[Epoch 12, Batch   500] loss: 0.975
[Epoch 12, Batch   600] loss: 0.975
[Epoch 12, Batch   700] loss: 0.975
Epoch 12/20:
Train Loss: 0.1022, Train Accuracy: 71.95%
Validation Loss: 0.9668, Validation Accuracy: 68.08%
[Epoch 13, Batch   100] loss: 0.975
[Epoch 13, Batch   200] loss: 0.975
[Epoch 13, Batch   300] loss: 0.975
[Epoch 13, Batch   400] loss: 0.975
[Epoch 13, Batch   500] loss: 0.975
[Epoch 13, Batch   600] loss: 0.975
[Epoch 13, Batch   700] loss: 0.975
Epoch 13/20:
Train Loss: 0.1022, Train Accuracy: 72.10%
Validation Loss: 0.9677, Validation Accuracy: 66.98%
[Epoch 14, Batch   100] loss: 0.975
[Epoch 14, Batch   200] loss: 0.975
[Epoch 14, Batch   300] loss: 0.975
[Epoch 14, Batch   400] loss: 0.975
[Epoch 14, Batch   500] loss: 0.975
[Epoch 14, Batch   600] loss: 0.975
[Epoch 14, Batch   700] loss: 0.975
Epoch 14/20:
Train Loss: 0.1022, Train Accuracy: 72.66%
Validation Loss: 0.9678, Validation Accuracy: 68.80%
[Epoch 15, Batch   100] loss: 0.974
[Epoch 15, Batch   200] loss: 0.975
[Epoch 15, Batch   300] loss: 0.975
[Epoch 15, Batch   400] loss: 0.975
[Epoch 15, Batch   500] loss: 0.975
[Epoch 15, Batch   600] loss: 0.975
[Epoch 15, Batch   700] loss: 0.975
Epoch 15/20:
Train Loss: 0.1022, Train Accuracy: 73.40%
Validation Loss: 0.9691, Validation Accuracy: 60.93%
[Epoch 16, Batch   100] loss: 0.974
[Epoch 16, Batch   200] loss: 0.974
[Epoch 16, Batch   300] loss: 0.975
[Epoch 16, Batch   400] loss: 0.975
[Epoch 16, Batch   500] loss: 0.975
[Epoch 16, Batch   600] loss: 0.975
[Epoch 16, Batch   700] loss: 0.975
Epoch 16/20:
Train Loss: 0.1022, Train Accuracy: 73.77%
Validation Loss: 0.9693, Validation Accuracy: 61.05%
[Epoch 17, Batch   100] loss: 0.974
[Epoch 17, Batch   200] loss: 0.974
[Epoch 17, Batch   300] loss: 0.974
[Epoch 17, Batch   400] loss: 0.974
[Epoch 17, Batch   500] loss: 0.975
[Epoch 17, Batch   600] loss: 0.975
[Epoch 17, Batch   700] loss: 0.975
Epoch 17/20:
Train Loss: 0.1022, Train Accuracy: 74.20%
Validation Loss: 0.9680, Validation Accuracy: 67.60%
[Epoch 18, Batch   100] loss: 0.974
[Epoch 18, Batch   200] loss: 0.974
[Epoch 18, Batch   300] loss: 0.974
[Epoch 18, Batch   400] loss: 0.974
[Epoch 18, Batch   500] loss: 0.974
[Epoch 18, Batch   600] loss: 0.975
[Epoch 18, Batch   700] loss: 0.975
Epoch 18/20:
Train Loss: 0.1022, Train Accuracy: 74.87%
Validation Loss: 0.9674, Validation Accuracy: 68.42%
[Epoch 19, Batch   100] loss: 0.974
[Epoch 19, Batch   200] loss: 0.974
[Epoch 19, Batch   300] loss: 0.974
[Epoch 19, Batch   400] loss: 0.974
[Epoch 19, Batch   500] loss: 0.974
[Epoch 19, Batch   600] loss: 0.974
[Epoch 19, Batch   700] loss: 0.974
Epoch 19/20:
Train Loss: 0.1022, Train Accuracy: 75.71%
Validation Loss: 0.9675, Validation Accuracy: 68.44%
[Epoch 20, Batch   100] loss: 0.974
[Epoch 20, Batch   200] loss: 0.974
[Epoch 20, Batch   300] loss: 0.974
[Epoch 20, Batch   400] loss: 0.974
[Epoch 20, Batch   500] loss: 0.974
[Epoch 20, Batch   600] loss: 0.974
[Epoch 20, Batch   700] loss: 0.974
Epoch 20/20:
Train Loss: 0.1021, Train Accuracy: 76.08%
Validation Loss: 0.9678, Validation Accuracy: 65.43%
Model saved to models/resnet18_CIFAR10_E1_1
Modified fc layer: updated out_features to 10.
Loaded weights from file: models/resnet18_CIFAR10_E1_1
Files already downloaded and verified
Files already downloaded and verified
Modified fc layer: updated out_features to 10.
Initialized untrained model.
[Epoch 1, Batch   100] loss: 0.789
[Epoch 1, Batch   200] loss: 0.711
[Epoch 1, Batch   300] loss: 0.667
[Epoch 1, Batch   400] loss: 0.638
[Epoch 1, Batch   500] loss: 0.605
Epoch 1/20:
Train Loss: 0.0506, Train Accuracy: 47.78%
Validation Loss: 0.6401, Validation Accuracy: 51.57%
[Epoch 2, Batch   100] loss: 1.025
[Epoch 2, Batch   200] loss: 0.887
[Epoch 2, Batch   300] loss: 0.885
[Epoch 2, Batch   400] loss: 0.880
[Epoch 2, Batch   500] loss: 0.881
Epoch 2/20:
Train Loss: 0.0755, Train Accuracy: 62.62%
Validation Loss: 0.7748, Validation Accuracy: 56.78%
[Epoch 3, Batch   100] loss: 0.942
[Epoch 3, Batch   200] loss: 0.933
[Epoch 3, Batch   300] loss: 0.933
[Epoch 3, Batch   400] loss: 0.933
[Epoch 3, Batch   500] loss: 0.933
Epoch 3/20:
Train Loss: 0.0801, Train Accuracy: 69.91%
Validation Loss: 0.8809, Validation Accuracy: 61.80%
[Epoch 4, Batch   100] loss: 0.951
[Epoch 4, Batch   200] loss: 0.950
[Epoch 4, Batch   300] loss: 0.951
[Epoch 4, Batch   400] loss: 0.951
[Epoch 4, Batch   500] loss: 0.951
Epoch 4/20:
Train Loss: 0.0817, Train Accuracy: 75.06%
Validation Loss: 0.9207, Validation Accuracy: 61.02%
[Epoch 5, Batch   100] loss: 0.958
[Epoch 5, Batch   200] loss: 0.958
[Epoch 5, Batch   300] loss: 0.959
[Epoch 5, Batch   400] loss: 0.959
[Epoch 5, Batch   500] loss: 0.960
Epoch 5/20:
Train Loss: 0.0825, Train Accuracy: 77.33%
Validation Loss: 0.9379, Validation Accuracy: 66.66%
[Epoch 6, Batch   100] loss: 0.963
[Epoch 6, Batch   200] loss: 0.963
[Epoch 6, Batch   300] loss: 0.964
[Epoch 6, Batch   400] loss: 0.964
[Epoch 6, Batch   500] loss: 0.964
Epoch 6/20:
Train Loss: 0.0829, Train Accuracy: 78.75%
Validation Loss: 0.9486, Validation Accuracy: 67.53%
[Epoch 7, Batch   100] loss: 0.966
[Epoch 7, Batch   200] loss: 0.967
[Epoch 7, Batch   300] loss: 0.967
[Epoch 7, Batch   400] loss: 0.968
[Epoch 7, Batch   500] loss: 0.968
Epoch 7/20:
Train Loss: 0.0832, Train Accuracy: 79.19%
Validation Loss: 0.9530, Validation Accuracy: 67.61%
[Epoch 8, Batch   100] loss: 0.969
[Epoch 8, Batch   200] loss: 0.969
[Epoch 8, Batch   300] loss: 0.970
[Epoch 8, Batch   400] loss: 0.970
[Epoch 8, Batch   500] loss: 0.970
Epoch 8/20:
Train Loss: 0.0834, Train Accuracy: 78.97%
Validation Loss: 0.9637, Validation Accuracy: 61.46%
[Epoch 9, Batch   100] loss: 0.971
[Epoch 9, Batch   200] loss: 0.971
[Epoch 9, Batch   300] loss: 0.972
[Epoch 9, Batch   400] loss: 0.972
[Epoch 9, Batch   500] loss: 0.972
Epoch 9/20:
Train Loss: 0.0835, Train Accuracy: 77.84%
Validation Loss: 0.9647, Validation Accuracy: 65.17%
[Epoch 10, Batch   100] loss: 0.972
[Epoch 10, Batch   200] loss: 0.973
[Epoch 10, Batch   300] loss: 0.973
[Epoch 10, Batch   400] loss: 0.973
[Epoch 10, Batch   500] loss: 0.974
Epoch 10/20:
Train Loss: 0.0837, Train Accuracy: 76.89%
Validation Loss: 0.9666, Validation Accuracy: 65.17%
[Epoch 11, Batch   100] loss: 0.974
[Epoch 11, Batch   200] loss: 0.974
[Epoch 11, Batch   300] loss: 0.974
[Epoch 11, Batch   400] loss: 0.974
[Epoch 11, Batch   500] loss: 0.975
Epoch 11/20:
Train Loss: 0.0837, Train Accuracy: 75.83%
Validation Loss: 0.9682, Validation Accuracy: 66.56%
[Epoch 12, Batch   100] loss: 0.974
[Epoch 12, Batch   200] loss: 0.974
[Epoch 12, Batch   300] loss: 0.975
[Epoch 12, Batch   400] loss: 0.975
[Epoch 12, Batch   500] loss: 0.975
Epoch 12/20:
Train Loss: 0.0838, Train Accuracy: 73.71%
Validation Loss: 0.9695, Validation Accuracy: 61.43%
[Epoch 13, Batch   100] loss: 0.974
[Epoch 13, Batch   200] loss: 0.975
[Epoch 13, Batch   300] loss: 0.975
[Epoch 13, Batch   400] loss: 0.975
[Epoch 13, Batch   500] loss: 0.975
Epoch 13/20:
Train Loss: 0.0838, Train Accuracy: 72.20%
Validation Loss: 0.9700, Validation Accuracy: 62.60%
[Epoch 14, Batch   100] loss: 0.974
[Epoch 14, Batch   200] loss: 0.975
[Epoch 14, Batch   300] loss: 0.975
[Epoch 14, Batch   400] loss: 0.975
[Epoch 14, Batch   500] loss: 0.975
Epoch 14/20:
Train Loss: 0.0838, Train Accuracy: 72.17%
Validation Loss: 0.9691, Validation Accuracy: 64.35%
[Epoch 15, Batch   100] loss: 0.975
[Epoch 15, Batch   200] loss: 0.975
[Epoch 15, Batch   300] loss: 0.975
[Epoch 15, Batch   400] loss: 0.975
[Epoch 15, Batch   500] loss: 0.975
Epoch 15/20:
Train Loss: 0.0838, Train Accuracy: 72.31%
Validation Loss: 0.9700, Validation Accuracy: 60.92%
[Epoch 16, Batch   100] loss: 0.975
[Epoch 16, Batch   200] loss: 0.975
[Epoch 16, Batch   300] loss: 0.975
[Epoch 16, Batch   400] loss: 0.975
[Epoch 16, Batch   500] loss: 0.975
Epoch 16/20:
Train Loss: 0.0838, Train Accuracy: 72.47%
Validation Loss: 0.9707, Validation Accuracy: 59.52%
[Epoch 17, Batch   100] loss: 0.974
[Epoch 17, Batch   200] loss: 0.975
[Epoch 17, Batch   300] loss: 0.975
[Epoch 17, Batch   400] loss: 0.975
[Epoch 17, Batch   500] loss: 0.975
Epoch 17/20:
Train Loss: 0.0837, Train Accuracy: 72.91%
Validation Loss: 0.9680, Validation Accuracy: 66.79%
[Epoch 18, Batch   100] loss: 0.974
[Epoch 18, Batch   200] loss: 0.975
[Epoch 18, Batch   300] loss: 0.975
[Epoch 18, Batch   400] loss: 0.975
[Epoch 18, Batch   500] loss: 0.975
Epoch 18/20:
Train Loss: 0.0837, Train Accuracy: 73.42%
Validation Loss: 0.9699, Validation Accuracy: 60.87%
[Epoch 19, Batch   100] loss: 0.974
[Epoch 19, Batch   200] loss: 0.974
[Epoch 19, Batch   300] loss: 0.975
[Epoch 19, Batch   400] loss: 0.975
[Epoch 19, Batch   500] loss: 0.975
Epoch 19/20:
Train Loss: 0.0837, Train Accuracy: 73.81%
Validation Loss: 0.9683, Validation Accuracy: 68.76%
[Epoch 20, Batch   100] loss: 0.974
[Epoch 20, Batch   200] loss: 0.974
[Epoch 20, Batch   300] loss: 0.974
[Epoch 20, Batch   400] loss: 0.974
[Epoch 20, Batch   500] loss: 0.975
Epoch 20/20:
Train Loss: 0.0837, Train Accuracy: 74.48%
Validation Loss: 0.9679, Validation Accuracy: 67.52%
Model saved to models/resnet18-EvidenceLoss-CIFAR10-random-0.3-1
Modified fc layer: updated out_features to 10.
Initialized untrained model.
[Epoch 1, Batch   100] loss: 0.791
[Epoch 1, Batch   200] loss: 0.716
[Epoch 1, Batch   300] loss: 0.657
Epoch 1/20:
Train Loss: 0.1503, Train Accuracy: 45.00%
Validation Loss: 0.6463, Validation Accuracy: 49.76%
[Epoch 2, Batch   100] loss: 1.008
[Epoch 2, Batch   200] loss: 0.901
[Epoch 2, Batch   300] loss: 0.892
Epoch 2/20:
Train Loss: 0.2085, Train Accuracy: 58.33%
Validation Loss: 0.7932, Validation Accuracy: 56.92%
[Epoch 3, Batch   100] loss: 0.945
[Epoch 3, Batch   200] loss: 0.937
[Epoch 3, Batch   300] loss: 0.937
Epoch 3/20:
Train Loss: 0.2181, Train Accuracy: 67.37%
Validation Loss: 0.8714, Validation Accuracy: 61.02%
[Epoch 4, Batch   100] loss: 0.952
[Epoch 4, Batch   200] loss: 0.952
[Epoch 4, Batch   300] loss: 0.952
Epoch 4/20:
Train Loss: 0.2219, Train Accuracy: 72.98%
Validation Loss: 0.9199, Validation Accuracy: 63.99%
[Epoch 5, Batch   100] loss: 0.959
[Epoch 5, Batch   200] loss: 0.959
[Epoch 5, Batch   300] loss: 0.960
Epoch 5/20:
Train Loss: 0.2233, Train Accuracy: 76.58%
Validation Loss: 0.9406, Validation Accuracy: 65.09%
[Epoch 6, Batch   100] loss: 0.963
[Epoch 6, Batch   200] loss: 0.963
[Epoch 6, Batch   300] loss: 0.964
Epoch 6/20:
Train Loss: 0.2244, Train Accuracy: 79.17%
Validation Loss: 0.9523, Validation Accuracy: 64.14%
[Epoch 7, Batch   100] loss: 0.966
[Epoch 7, Batch   200] loss: 0.966
[Epoch 7, Batch   300] loss: 0.967
Epoch 7/20:
Train Loss: 0.2251, Train Accuracy: 80.88%
Validation Loss: 0.9557, Validation Accuracy: 65.61%
[Epoch 8, Batch   100] loss: 0.968
[Epoch 8, Batch   200] loss: 0.968
[Epoch 8, Batch   300] loss: 0.969
Epoch 8/20:
Train Loss: 0.2257, Train Accuracy: 81.68%
Validation Loss: 0.9624, Validation Accuracy: 63.09%
[Epoch 9, Batch   100] loss: 0.970
[Epoch 9, Batch   200] loss: 0.971
[Epoch 9, Batch   300] loss: 0.971
Epoch 9/20:
Train Loss: 0.2261, Train Accuracy: 81.32%
Validation Loss: 0.9647, Validation Accuracy: 61.92%
[Epoch 10, Batch   100] loss: 0.972
[Epoch 10, Batch   200] loss: 0.972
[Epoch 10, Batch   300] loss: 0.972
Epoch 10/20:
Train Loss: 0.2264, Train Accuracy: 81.42%
Validation Loss: 0.9667, Validation Accuracy: 63.11%
[Epoch 11, Batch   100] loss: 0.973
[Epoch 11, Batch   200] loss: 0.973
[Epoch 11, Batch   300] loss: 0.974
Epoch 11/20:
Train Loss: 0.2266, Train Accuracy: 80.72%
Validation Loss: 0.9681, Validation Accuracy: 63.68%
[Epoch 12, Batch   100] loss: 0.973
[Epoch 12, Batch   200] loss: 0.974
[Epoch 12, Batch   300] loss: 0.974
Epoch 12/20:
Train Loss: 0.2267, Train Accuracy: 78.47%
Validation Loss: 0.9687, Validation Accuracy: 62.19%
[Epoch 13, Batch   100] loss: 0.974
[Epoch 13, Batch   200] loss: 0.974
[Epoch 13, Batch   300] loss: 0.974
Epoch 13/20:
Train Loss: 0.2268, Train Accuracy: 77.10%
Validation Loss: 0.9687, Validation Accuracy: 63.18%
[Epoch 14, Batch   100] loss: 0.974
[Epoch 14, Batch   200] loss: 0.974
[Epoch 14, Batch   300] loss: 0.975
Epoch 14/20:
Train Loss: 0.2268, Train Accuracy: 75.46%
Validation Loss: 0.9691, Validation Accuracy: 62.28%
[Epoch 15, Batch   100] loss: 0.974
[Epoch 15, Batch   200] loss: 0.974
[Epoch 15, Batch   300] loss: 0.975
Epoch 15/20:
Train Loss: 0.2269, Train Accuracy: 74.62%
Validation Loss: 0.9698, Validation Accuracy: 59.35%
[Epoch 16, Batch   100] loss: 0.974
[Epoch 16, Batch   200] loss: 0.975
[Epoch 16, Batch   300] loss: 0.975
Epoch 16/20:
Train Loss: 0.2269, Train Accuracy: 73.95%
Validation Loss: 0.9694, Validation Accuracy: 60.71%
[Epoch 17, Batch   100] loss: 0.974
[Epoch 17, Batch   200] loss: 0.975
[Epoch 17, Batch   300] loss: 0.975
Epoch 17/20:
Train Loss: 0.2269, Train Accuracy: 73.10%
Validation Loss: 0.9718, Validation Accuracy: 52.93%
[Epoch 18, Batch   100] loss: 0.974
[Epoch 18, Batch   200] loss: 0.975
[Epoch 18, Batch   300] loss: 0.975
Epoch 18/20:
Train Loss: 0.2269, Train Accuracy: 73.48%
Validation Loss: 0.9684, Validation Accuracy: 65.50%
[Epoch 19, Batch   100] loss: 0.974
[Epoch 19, Batch   200] loss: 0.975
[Epoch 19, Batch   300] loss: 0.975
Epoch 19/20:
Train Loss: 0.2269, Train Accuracy: 73.43%
Validation Loss: 0.9714, Validation Accuracy: 54.78%
[Epoch 20, Batch   100] loss: 0.974
[Epoch 20, Batch   200] loss: 0.975
[Epoch 20, Batch   300] loss: 0.975
Epoch 20/20:
Train Loss: 0.2269, Train Accuracy: 73.55%
Validation Loss: 0.9700, Validation Accuracy: 58.45%
Model saved to models/resnet18-EvidenceLoss-CIFAR10-random-0.5-1
Modified fc layer: updated out_features to 10.
Initialized untrained model.
[Epoch 1, Batch   100] loss: 0.788
[Epoch 1, Batch   200] loss: 0.715
Epoch 1/20:
Train Loss: 0.1000, Train Accuracy: 41.72%
Validation Loss: 0.7141, Validation Accuracy: 44.39%
[Epoch 2, Batch   100] loss: 0.995
[Epoch 2, Batch   200] loss: 0.909
Epoch 2/20:
Train Loss: 0.1339, Train Accuracy: 54.29%
Validation Loss: 0.8143, Validation Accuracy: 53.28%
[Epoch 3, Batch   100] loss: 0.951
[Epoch 3, Batch   200] loss: 0.941
Epoch 3/20:
Train Loss: 0.1404, Train Accuracy: 63.12%
Validation Loss: 0.8991, Validation Accuracy: 56.85%
[Epoch 4, Batch   100] loss: 0.954
[Epoch 4, Batch   200] loss: 0.954
Epoch 4/20:
Train Loss: 0.1422, Train Accuracy: 70.48%
Validation Loss: 0.9272, Validation Accuracy: 59.34%
[Epoch 5, Batch   100] loss: 0.960
[Epoch 5, Batch   200] loss: 0.960
Epoch 5/20:
Train Loss: 0.1431, Train Accuracy: 75.25%
Validation Loss: 0.9423, Validation Accuracy: 59.95%
[Epoch 6, Batch   100] loss: 0.963
[Epoch 6, Batch   200] loss: 0.964
Epoch 6/20:
Train Loss: 0.1437, Train Accuracy: 79.53%
Validation Loss: 0.9528, Validation Accuracy: 59.94%
[Epoch 7, Batch   100] loss: 0.966
[Epoch 7, Batch   200] loss: 0.966
Epoch 7/20:
Train Loss: 0.1440, Train Accuracy: 82.26%
Validation Loss: 0.9577, Validation Accuracy: 60.55%
[Epoch 8, Batch   100] loss: 0.968
[Epoch 8, Batch   200] loss: 0.968
Epoch 8/20:
Train Loss: 0.1443, Train Accuracy: 84.33%
Validation Loss: 0.9622, Validation Accuracy: 59.77%
[Epoch 9, Batch   100] loss: 0.969
[Epoch 9, Batch   200] loss: 0.970
Epoch 9/20:
Train Loss: 0.1445, Train Accuracy: 85.32%
Validation Loss: 0.9659, Validation Accuracy: 58.68%
[Epoch 10, Batch   100] loss: 0.971
[Epoch 10, Batch   200] loss: 0.971
Epoch 10/20:
Train Loss: 0.1447, Train Accuracy: 86.79%
Validation Loss: 0.9674, Validation Accuracy: 57.06%
[Epoch 11, Batch   100] loss: 0.972
[Epoch 11, Batch   200] loss: 0.972
Epoch 11/20:
Train Loss: 0.1448, Train Accuracy: 86.82%
Validation Loss: 0.9689, Validation Accuracy: 59.92%
[Epoch 12, Batch   100] loss: 0.972
[Epoch 12, Batch   200] loss: 0.973
Epoch 12/20:
Train Loss: 0.1449, Train Accuracy: 85.75%
Validation Loss: 0.9691, Validation Accuracy: 59.04%
[Epoch 13, Batch   100] loss: 0.972
[Epoch 13, Batch   200] loss: 0.973
Epoch 13/20:
Train Loss: 0.1450, Train Accuracy: 83.72%
Validation Loss: 0.9681, Validation Accuracy: 59.66%
[Epoch 14, Batch   100] loss: 0.973
[Epoch 14, Batch   200] loss: 0.973
Epoch 14/20:
Train Loss: 0.1450, Train Accuracy: 82.87%
Validation Loss: 0.9700, Validation Accuracy: 54.38%
[Epoch 15, Batch   100] loss: 0.973
[Epoch 15, Batch   200] loss: 0.973
Epoch 15/20:
Train Loss: 0.1450, Train Accuracy: 81.37%
Validation Loss: 0.9699, Validation Accuracy: 56.12%
[Epoch 16, Batch   100] loss: 0.973
[Epoch 16, Batch   200] loss: 0.974
Epoch 16/20:
Train Loss: 0.1451, Train Accuracy: 81.09%
Validation Loss: 0.9694, Validation Accuracy: 57.13%
[Epoch 17, Batch   100] loss: 0.973
[Epoch 17, Batch   200] loss: 0.974
Epoch 17/20:
Train Loss: 0.1451, Train Accuracy: 80.45%
Validation Loss: 0.9708, Validation Accuracy: 53.29%
[Epoch 18, Batch   100] loss: 0.973
[Epoch 18, Batch   200] loss: 0.974
Epoch 18/20:
Train Loss: 0.1450, Train Accuracy: 80.23%
Validation Loss: 0.9689, Validation Accuracy: 57.58%
[Epoch 19, Batch   100] loss: 0.973
[Epoch 19, Batch   200] loss: 0.974
Epoch 19/20:
Train Loss: 0.1451, Train Accuracy: 79.61%
Validation Loss: 0.9703, Validation Accuracy: 55.83%
[Epoch 20, Batch   100] loss: 0.973
[Epoch 20, Batch   200] loss: 0.974
Epoch 20/20:
Train Loss: 0.1451, Train Accuracy: 79.83%
Validation Loss: 0.9691, Validation Accuracy: 58.35%
Model saved to models/resnet18-EvidenceLoss-CIFAR10-random-0.7-1
Modified fc layer: updated out_features to 10.
Initialized untrained model.
[Epoch 1, Batch   100] loss: 0.782
Epoch 1/20:
Train Loss: 0.2547, Train Accuracy: 40.78%
Validation Loss: 0.7754, Validation Accuracy: 38.99%
[Epoch 2, Batch   100] loss: 0.981
Epoch 2/20:
Train Loss: 0.3310, Train Accuracy: 52.95%
Validation Loss: 0.8370, Validation Accuracy: 49.54%
[Epoch 3, Batch   100] loss: 0.949
Epoch 3/20:
Train Loss: 0.3421, Train Accuracy: 62.10%
Validation Loss: 0.9041, Validation Accuracy: 54.67%
[Epoch 4, Batch   100] loss: 0.955
Epoch 4/20:
Train Loss: 0.3466, Train Accuracy: 69.85%
Validation Loss: 0.9359, Validation Accuracy: 57.05%
[Epoch 5, Batch   100] loss: 0.959
Epoch 5/20:
Train Loss: 0.3487, Train Accuracy: 75.82%
Validation Loss: 0.9481, Validation Accuracy: 57.47%
[Epoch 6, Batch   100] loss: 0.963
Epoch 6/20:
Train Loss: 0.3497, Train Accuracy: 80.77%
Validation Loss: 0.9543, Validation Accuracy: 57.57%
[Epoch 7, Batch   100] loss: 0.965
Epoch 7/20:
Train Loss: 0.3505, Train Accuracy: 85.28%
Validation Loss: 0.9596, Validation Accuracy: 56.34%
[Epoch 8, Batch   100] loss: 0.967
Epoch 8/20:
Train Loss: 0.3513, Train Accuracy: 87.74%
Validation Loss: 0.9630, Validation Accuracy: 56.77%
[Epoch 9, Batch   100] loss: 0.969
Epoch 9/20:
Train Loss: 0.3517, Train Accuracy: 89.99%
Validation Loss: 0.9651, Validation Accuracy: 56.59%
[Epoch 10, Batch   100] loss: 0.970
Epoch 10/20:
Train Loss: 0.3523, Train Accuracy: 91.09%
Validation Loss: 0.9666, Validation Accuracy: 56.96%
[Epoch 11, Batch   100] loss: 0.971
Epoch 11/20:
Train Loss: 0.3526, Train Accuracy: 91.95%
Validation Loss: 0.9682, Validation Accuracy: 57.32%
[Epoch 12, Batch   100] loss: 0.971
Epoch 12/20:
Train Loss: 0.3527, Train Accuracy: 91.58%
Validation Loss: 0.9692, Validation Accuracy: 53.71%
[Epoch 13, Batch   100] loss: 0.972
Epoch 13/20:
Train Loss: 0.3529, Train Accuracy: 89.53%
Validation Loss: 0.9684, Validation Accuracy: 54.79%
[Epoch 14, Batch   100] loss: 0.972
Epoch 14/20:
Train Loss: 0.3530, Train Accuracy: 88.79%
Validation Loss: 0.9689, Validation Accuracy: 54.44%
[Epoch 15, Batch   100] loss: 0.972
Epoch 15/20:
Train Loss: 0.3530, Train Accuracy: 88.62%
Validation Loss: 0.9700, Validation Accuracy: 54.29%
[Epoch 16, Batch   100] loss: 0.972
Epoch 16/20:
Train Loss: 0.3530, Train Accuracy: 87.52%
Validation Loss: 0.9707, Validation Accuracy: 52.82%
[Epoch 17, Batch   100] loss: 0.972
Epoch 17/20:
Train Loss: 0.3531, Train Accuracy: 86.82%
Validation Loss: 0.9695, Validation Accuracy: 51.82%
[Epoch 18, Batch   100] loss: 0.972
Epoch 18/20:
Train Loss: 0.3533, Train Accuracy: 85.63%
Validation Loss: 0.9706, Validation Accuracy: 53.36%
[Epoch 19, Batch   100] loss: 0.972
Epoch 19/20:
Train Loss: 0.3532, Train Accuracy: 86.15%
Validation Loss: 0.9712, Validation Accuracy: 48.90%
[Epoch 20, Batch   100] loss: 0.972
Epoch 20/20:
Train Loss: 0.3534, Train Accuracy: 84.34%
Validation Loss: 0.9694, Validation Accuracy: 53.50%
Model saved to models/resnet18-EvidenceLoss-CIFAR10-random-0.8-1
Modified fc layer: updated out_features to 10.
Initialized untrained model.
Epoch 1/20:
Train Loss: 0.8069, Train Accuracy: 35.01%
Validation Loss: 0.7842, Validation Accuracy: 36.96%
Epoch 2/20:
Train Loss: 0.9900, Train Accuracy: 43.79%
Validation Loss: 0.8610, Validation Accuracy: 45.36%
Epoch 3/20:
Train Loss: 0.9565, Train Accuracy: 52.93%
Validation Loss: 0.9238, Validation Accuracy: 46.23%
Epoch 4/20:
Train Loss: 0.9602, Train Accuracy: 64.19%
Validation Loss: 0.9457, Validation Accuracy: 48.80%
Epoch 5/20:
Train Loss: 0.9630, Train Accuracy: 71.59%
Validation Loss: 0.9525, Validation Accuracy: 51.06%
Epoch 6/20:
Train Loss: 0.9645, Train Accuracy: 79.72%
Validation Loss: 0.9598, Validation Accuracy: 50.83%
Epoch 7/20:
Train Loss: 0.9665, Train Accuracy: 83.32%
Validation Loss: 0.9630, Validation Accuracy: 51.15%
Epoch 8/20:
Train Loss: 0.9675, Train Accuracy: 88.26%
Validation Loss: 0.9659, Validation Accuracy: 50.59%
Epoch 9/20:
Train Loss: 0.9687, Train Accuracy: 91.32%
Validation Loss: 0.9686, Validation Accuracy: 49.80%
Epoch 10/20:
Train Loss: 0.9700, Train Accuracy: 93.16%
Validation Loss: 0.9706, Validation Accuracy: 49.02%
Epoch 11/20:
Train Loss: 0.9709, Train Accuracy: 94.68%
Validation Loss: 0.9710, Validation Accuracy: 50.32%
Epoch 12/20:
Train Loss: 0.9706, Train Accuracy: 95.84%
Validation Loss: 0.9707, Validation Accuracy: 49.65%
Epoch 13/20:
Train Loss: 0.9705, Train Accuracy: 96.34%
Validation Loss: 0.9714, Validation Accuracy: 48.93%
Epoch 14/20:
Train Loss: 0.9704, Train Accuracy: 96.70%
Validation Loss: 0.9709, Validation Accuracy: 49.78%
Epoch 15/20:
Train Loss: 0.9705, Train Accuracy: 96.70%
Validation Loss: 0.9701, Validation Accuracy: 47.47%
Epoch 16/20:
Train Loss: 0.9707, Train Accuracy: 95.48%
Validation Loss: 0.9711, Validation Accuracy: 46.98%
Epoch 17/20:
Train Loss: 0.9714, Train Accuracy: 91.94%
Validation Loss: 0.9711, Validation Accuracy: 47.98%
Epoch 18/20:
Train Loss: 0.9714, Train Accuracy: 91.62%
Validation Loss: 0.9715, Validation Accuracy: 45.45%
Epoch 19/20:
Train Loss: 0.9712, Train Accuracy: 92.32%
Validation Loss: 0.9712, Validation Accuracy: 46.23%
Epoch 20/20:
Train Loss: 0.9707, Train Accuracy: 94.98%
Validation Loss: 0.9713, Validation Accuracy: 46.83%
Model saved to models/resnet18-EvidenceLoss-CIFAR10-random-0.9-1
Modified fc layer: updated out_features to 10.
Initialized untrained model.
Epoch 1/20:
Train Loss: 0.8506, Train Accuracy: 28.92%
Validation Loss: 0.9029, Validation Accuracy: 22.37%
Epoch 2/20:
Train Loss: 1.0157, Train Accuracy: 42.16%
Validation Loss: 0.8834, Validation Accuracy: 38.71%
Epoch 3/20:
Train Loss: 0.9577, Train Accuracy: 53.92%
Validation Loss: 0.9366, Validation Accuracy: 40.73%
Epoch 4/20:
Train Loss: 0.9638, Train Accuracy: 58.32%
Validation Loss: 0.9510, Validation Accuracy: 41.15%
Epoch 5/20:
Train Loss: 0.9651, Train Accuracy: 68.88%
Validation Loss: 0.9609, Validation Accuracy: 43.95%
Epoch 6/20:
Train Loss: 0.9659, Train Accuracy: 77.52%
Validation Loss: 0.9647, Validation Accuracy: 43.91%
Epoch 7/20:
Train Loss: 0.9678, Train Accuracy: 82.24%
Validation Loss: 0.9673, Validation Accuracy: 44.14%
Epoch 8/20:
Train Loss: 0.9687, Train Accuracy: 87.16%
Validation Loss: 0.9696, Validation Accuracy: 44.16%
Epoch 9/20:
Train Loss: 0.9701, Train Accuracy: 89.44%
Validation Loss: 0.9710, Validation Accuracy: 43.86%
Epoch 10/20:
Train Loss: 0.9711, Train Accuracy: 92.20%
Validation Loss: 0.9720, Validation Accuracy: 43.81%
Epoch 11/20:
Train Loss: 0.9721, Train Accuracy: 93.12%
Validation Loss: 0.9730, Validation Accuracy: 44.66%
Epoch 12/20:
Train Loss: 0.9722, Train Accuracy: 92.48%
Validation Loss: 0.9732, Validation Accuracy: 43.98%
Epoch 13/20:
Train Loss: 0.9715, Train Accuracy: 95.12%
Validation Loss: 0.9730, Validation Accuracy: 43.94%
Epoch 14/20:
Train Loss: 0.9713, Train Accuracy: 96.00%
Validation Loss: 0.9741, Validation Accuracy: 43.88%
Epoch 15/20:
Train Loss: 0.9711, Train Accuracy: 96.64%
Validation Loss: 0.9734, Validation Accuracy: 44.54%
Epoch 16/20:
Train Loss: 0.9711, Train Accuracy: 96.40%
Validation Loss: 0.9728, Validation Accuracy: 44.29%
Epoch 17/20:
Train Loss: 0.9709, Train Accuracy: 97.52%
Validation Loss: 0.9729, Validation Accuracy: 43.91%
Epoch 18/20:
Train Loss: 0.9708, Train Accuracy: 97.60%
Validation Loss: 0.9730, Validation Accuracy: 43.37%
Epoch 19/20:
Train Loss: 0.9711, Train Accuracy: 96.80%
Validation Loss: 0.9740, Validation Accuracy: 43.54%
Epoch 20/20:
Train Loss: 0.9709, Train Accuracy: 96.64%
Validation Loss: 0.9729, Validation Accuracy: 42.34%
Model saved to models/resnet18-EvidenceLoss-CIFAR10-random-0.95-1
Modified fc layer: updated out_features to 10.
Loaded weights from file: models/resnet18_CIFAR10_E1_1
Files already downloaded and verified
Files already downloaded and verified
Modified fc layer: updated out_features to 10.
Initialized untrained model.
[Epoch 1, Batch   100] loss: 0.790
[Epoch 1, Batch   200] loss: 0.703
[Epoch 1, Batch   300] loss: 0.663
[Epoch 1, Batch   400] loss: 0.624
[Epoch 1, Batch   500] loss: 0.607
Epoch 1/20:
Train Loss: 0.0512, Train Accuracy: 48.50%
Validation Loss: 0.6717, Validation Accuracy: 49.06%
[Epoch 2, Batch   100] loss: 1.016
[Epoch 2, Batch   200] loss: 0.886
[Epoch 2, Batch   300] loss: 0.887
[Epoch 2, Batch   400] loss: 0.879
[Epoch 2, Batch   500] loss: 0.878
Epoch 2/20:
Train Loss: 0.0754, Train Accuracy: 63.36%
Validation Loss: 0.7900, Validation Accuracy: 56.65%
[Epoch 3, Batch   100] loss: 0.939
[Epoch 3, Batch   200] loss: 0.933
[Epoch 3, Batch   300] loss: 0.932
[Epoch 3, Batch   400] loss: 0.933
[Epoch 3, Batch   500] loss: 0.932
Epoch 3/20:
Train Loss: 0.0801, Train Accuracy: 70.70%
Validation Loss: 0.8744, Validation Accuracy: 63.76%
[Epoch 4, Batch   100] loss: 0.951
[Epoch 4, Batch   200] loss: 0.950
[Epoch 4, Batch   300] loss: 0.949
[Epoch 4, Batch   400] loss: 0.951
[Epoch 4, Batch   500] loss: 0.950
Epoch 4/20:
Train Loss: 0.0817, Train Accuracy: 75.27%
Validation Loss: 0.9123, Validation Accuracy: 67.03%
[Epoch 5, Batch   100] loss: 0.958
[Epoch 5, Batch   200] loss: 0.958
[Epoch 5, Batch   300] loss: 0.958
[Epoch 5, Batch   400] loss: 0.959
[Epoch 5, Batch   500] loss: 0.959
Epoch 5/20:
Train Loss: 0.0824, Train Accuracy: 77.80%
Validation Loss: 0.9372, Validation Accuracy: 68.36%
[Epoch 6, Batch   100] loss: 0.963
[Epoch 6, Batch   200] loss: 0.963
[Epoch 6, Batch   300] loss: 0.964
[Epoch 6, Batch   400] loss: 0.964
[Epoch 6, Batch   500] loss: 0.965
Epoch 6/20:
Train Loss: 0.0828, Train Accuracy: 79.25%
Validation Loss: 0.9459, Validation Accuracy: 69.32%
[Epoch 7, Batch   100] loss: 0.966
[Epoch 7, Batch   200] loss: 0.966
[Epoch 7, Batch   300] loss: 0.967
[Epoch 7, Batch   400] loss: 0.967
[Epoch 7, Batch   500] loss: 0.968
Epoch 7/20:
Train Loss: 0.0832, Train Accuracy: 79.67%
Validation Loss: 0.9559, Validation Accuracy: 65.42%
[Epoch 8, Batch   100] loss: 0.969
[Epoch 8, Batch   200] loss: 0.969
[Epoch 8, Batch   300] loss: 0.970
[Epoch 8, Batch   400] loss: 0.970
[Epoch 8, Batch   500] loss: 0.970
Epoch 8/20:
Train Loss: 0.0834, Train Accuracy: 78.89%
Validation Loss: 0.9613, Validation Accuracy: 66.74%
[Epoch 9, Batch   100] loss: 0.971
[Epoch 9, Batch   200] loss: 0.971
[Epoch 9, Batch   300] loss: 0.971
[Epoch 9, Batch   400] loss: 0.972
[Epoch 9, Batch   500] loss: 0.972
Epoch 9/20:
Train Loss: 0.0835, Train Accuracy: 78.28%
Validation Loss: 0.9656, Validation Accuracy: 64.28%
[Epoch 10, Batch   100] loss: 0.972
[Epoch 10, Batch   200] loss: 0.973
[Epoch 10, Batch   300] loss: 0.973
[Epoch 10, Batch   400] loss: 0.973
[Epoch 10, Batch   500] loss: 0.973
Epoch 10/20:
Train Loss: 0.0837, Train Accuracy: 77.03%
Validation Loss: 0.9674, Validation Accuracy: 61.69%
[Epoch 11, Batch   100] loss: 0.974
[Epoch 11, Batch   200] loss: 0.974
[Epoch 11, Batch   300] loss: 0.974
[Epoch 11, Batch   400] loss: 0.974
[Epoch 11, Batch   500] loss: 0.974
Epoch 11/20:
Train Loss: 0.0837, Train Accuracy: 75.90%
Validation Loss: 0.9688, Validation Accuracy: 65.14%
[Epoch 12, Batch   100] loss: 0.974
[Epoch 12, Batch   200] loss: 0.975
[Epoch 12, Batch   300] loss: 0.975
[Epoch 12, Batch   400] loss: 0.975
[Epoch 12, Batch   500] loss: 0.975
Epoch 12/20:
Train Loss: 0.0838, Train Accuracy: 73.91%
Validation Loss: 0.9684, Validation Accuracy: 66.25%
[Epoch 13, Batch   100] loss: 0.974
[Epoch 13, Batch   200] loss: 0.975
[Epoch 13, Batch   300] loss: 0.975
[Epoch 13, Batch   400] loss: 0.975
[Epoch 13, Batch   500] loss: 0.975
Epoch 13/20:
Train Loss: 0.0838, Train Accuracy: 72.82%
Validation Loss: 0.9682, Validation Accuracy: 66.06%
[Epoch 14, Batch   100] loss: 0.975
[Epoch 14, Batch   200] loss: 0.975
[Epoch 14, Batch   300] loss: 0.975
[Epoch 14, Batch   400] loss: 0.975
[Epoch 14, Batch   500] loss: 0.975
Epoch 14/20:
Train Loss: 0.0838, Train Accuracy: 72.20%
Validation Loss: 0.9687, Validation Accuracy: 67.75%
[Epoch 15, Batch   100] loss: 0.975
[Epoch 15, Batch   200] loss: 0.975
[Epoch 15, Batch   300] loss: 0.975
[Epoch 15, Batch   400] loss: 0.975
[Epoch 15, Batch   500] loss: 0.975
Epoch 15/20:
Train Loss: 0.0838, Train Accuracy: 72.00%
Validation Loss: 0.9693, Validation Accuracy: 62.49%
[Epoch 16, Batch   100] loss: 0.974
[Epoch 16, Batch   200] loss: 0.975
[Epoch 16, Batch   300] loss: 0.975
[Epoch 16, Batch   400] loss: 0.975
[Epoch 16, Batch   500] loss: 0.975
Epoch 16/20:
Train Loss: 0.0838, Train Accuracy: 72.15%
Validation Loss: 0.9671, Validation Accuracy: 69.35%
[Epoch 17, Batch   100] loss: 0.974
[Epoch 17, Batch   200] loss: 0.975
[Epoch 17, Batch   300] loss: 0.975
[Epoch 17, Batch   400] loss: 0.975
[Epoch 17, Batch   500] loss: 0.975
Epoch 17/20:
Train Loss: 0.0838, Train Accuracy: 72.69%
Validation Loss: 0.9690, Validation Accuracy: 65.10%
[Epoch 18, Batch   100] loss: 0.975
[Epoch 18, Batch   200] loss: 0.975
[Epoch 18, Batch   300] loss: 0.975
[Epoch 18, Batch   400] loss: 0.975
[Epoch 18, Batch   500] loss: 0.975
Epoch 18/20:
Train Loss: 0.0837, Train Accuracy: 73.43%
Validation Loss: 0.9666, Validation Accuracy: 67.98%
[Epoch 19, Batch   100] loss: 0.974
[Epoch 19, Batch   200] loss: 0.975
[Epoch 19, Batch   300] loss: 0.975
[Epoch 19, Batch   400] loss: 0.975
[Epoch 19, Batch   500] loss: 0.975
Epoch 19/20:
Train Loss: 0.0838, Train Accuracy: 73.68%
Validation Loss: 0.9682, Validation Accuracy: 62.13%
[Epoch 20, Batch   100] loss: 0.974
[Epoch 20, Batch   200] loss: 0.974
[Epoch 20, Batch   300] loss: 0.975
[Epoch 20, Batch   400] loss: 0.975
[Epoch 20, Batch   500] loss: 0.975
Epoch 20/20:
Train Loss: 0.0838, Train Accuracy: 74.47%
Validation Loss: 0.9683, Validation Accuracy: 67.32%
Model saved to models/resnet18-EvidenceLoss-CIFAR10-EVIDENCE-balanced_by_score-0.3-1
Modified fc layer: updated out_features to 10.
Initialized untrained model.
[Epoch 1, Batch   100] loss: 0.786
[Epoch 1, Batch   200] loss: 0.715
[Epoch 1, Batch   300] loss: 0.668
Epoch 1/20:
Train Loss: 0.1482, Train Accuracy: 45.04%
Validation Loss: 0.6665, Validation Accuracy: 49.01%
[Epoch 2, Batch   100] loss: 0.998
[Epoch 2, Batch   200] loss: 0.895
[Epoch 2, Batch   300] loss: 0.894
Epoch 2/20:
Train Loss: 0.2071, Train Accuracy: 59.51%
Validation Loss: 0.7907, Validation Accuracy: 57.78%
[Epoch 3, Batch   100] loss: 0.945
[Epoch 3, Batch   200] loss: 0.936
[Epoch 3, Batch   300] loss: 0.936
Epoch 3/20:
Train Loss: 0.2179, Train Accuracy: 68.22%
Validation Loss: 0.8835, Validation Accuracy: 63.26%
[Epoch 4, Batch   100] loss: 0.952
[Epoch 4, Batch   200] loss: 0.951
[Epoch 4, Batch   300] loss: 0.952
Epoch 4/20:
Train Loss: 0.2217, Train Accuracy: 73.28%
Validation Loss: 0.9218, Validation Accuracy: 64.25%
[Epoch 5, Batch   100] loss: 0.959
[Epoch 5, Batch   200] loss: 0.959
[Epoch 5, Batch   300] loss: 0.959
Epoch 5/20:
Train Loss: 0.2233, Train Accuracy: 77.06%
Validation Loss: 0.9376, Validation Accuracy: 64.22%
[Epoch 6, Batch   100] loss: 0.963
[Epoch 6, Batch   200] loss: 0.963
[Epoch 6, Batch   300] loss: 0.964
Epoch 6/20:
Train Loss: 0.2244, Train Accuracy: 79.52%
Validation Loss: 0.9517, Validation Accuracy: 61.87%
[Epoch 7, Batch   100] loss: 0.966
[Epoch 7, Batch   200] loss: 0.966
[Epoch 7, Batch   300] loss: 0.967
Epoch 7/20:
Train Loss: 0.2251, Train Accuracy: 81.31%
Validation Loss: 0.9588, Validation Accuracy: 62.86%
[Epoch 8, Batch   100] loss: 0.968
[Epoch 8, Batch   200] loss: 0.969
[Epoch 8, Batch   300] loss: 0.969
Epoch 8/20:
Train Loss: 0.2256, Train Accuracy: 81.33%
Validation Loss: 0.9608, Validation Accuracy: 63.93%
[Epoch 9, Batch   100] loss: 0.971
[Epoch 9, Batch   200] loss: 0.971
[Epoch 9, Batch   300] loss: 0.971
Epoch 9/20:
Train Loss: 0.2261, Train Accuracy: 81.15%
Validation Loss: 0.9648, Validation Accuracy: 62.53%
[Epoch 10, Batch   100] loss: 0.972
[Epoch 10, Batch   200] loss: 0.972
[Epoch 10, Batch   300] loss: 0.973
Epoch 10/20:
Train Loss: 0.2264, Train Accuracy: 81.28%
Validation Loss: 0.9671, Validation Accuracy: 63.91%
[Epoch 11, Batch   100] loss: 0.973
[Epoch 11, Batch   200] loss: 0.973
[Epoch 11, Batch   300] loss: 0.974
Epoch 11/20:
Train Loss: 0.2267, Train Accuracy: 80.38%
Validation Loss: 0.9686, Validation Accuracy: 63.20%
[Epoch 12, Batch   100] loss: 0.973
[Epoch 12, Batch   200] loss: 0.974
[Epoch 12, Batch   300] loss: 0.974
Epoch 12/20:
Train Loss: 0.2268, Train Accuracy: 77.79%
Validation Loss: 0.9707, Validation Accuracy: 57.45%
[Epoch 13, Batch   100] loss: 0.974
[Epoch 13, Batch   200] loss: 0.974
[Epoch 13, Batch   300] loss: 0.974
Epoch 13/20:
Train Loss: 0.2268, Train Accuracy: 76.81%
Validation Loss: 0.9685, Validation Accuracy: 62.69%
[Epoch 14, Batch   100] loss: 0.974
[Epoch 14, Batch   200] loss: 0.974
[Epoch 14, Batch   300] loss: 0.975
Epoch 14/20:
Train Loss: 0.2269, Train Accuracy: 75.11%
Validation Loss: 0.9716, Validation Accuracy: 51.69%
[Epoch 15, Batch   100] loss: 0.974
[Epoch 15, Batch   200] loss: 0.975
[Epoch 15, Batch   300] loss: 0.975
Epoch 15/20:
Train Loss: 0.2269, Train Accuracy: 74.03%
Validation Loss: 0.9704, Validation Accuracy: 55.04%
[Epoch 16, Batch   100] loss: 0.974
[Epoch 16, Batch   200] loss: 0.975
[Epoch 16, Batch   300] loss: 0.975
Epoch 16/20:
Train Loss: 0.2269, Train Accuracy: 73.83%
Validation Loss: 0.9699, Validation Accuracy: 60.86%
[Epoch 17, Batch   100] loss: 0.974
[Epoch 17, Batch   200] loss: 0.974
[Epoch 17, Batch   300] loss: 0.975
Epoch 17/20:
Train Loss: 0.2269, Train Accuracy: 73.48%
Validation Loss: 0.9698, Validation Accuracy: 60.59%
[Epoch 18, Batch   100] loss: 0.974
[Epoch 18, Batch   200] loss: 0.975
[Epoch 18, Batch   300] loss: 0.975
Epoch 18/20:
Train Loss: 0.2269, Train Accuracy: 73.52%
Validation Loss: 0.9691, Validation Accuracy: 62.19%
[Epoch 19, Batch   100] loss: 0.974
[Epoch 19, Batch   200] loss: 0.975
[Epoch 19, Batch   300] loss: 0.975
Epoch 19/20:
Train Loss: 0.2269, Train Accuracy: 73.26%
Validation Loss: 0.9694, Validation Accuracy: 56.20%
[Epoch 20, Batch   100] loss: 0.974
[Epoch 20, Batch   200] loss: 0.974
[Epoch 20, Batch   300] loss: 0.975
Epoch 20/20:
Train Loss: 0.2269, Train Accuracy: 74.12%
Validation Loss: 0.9712, Validation Accuracy: 55.43%
Model saved to models/resnet18-EvidenceLoss-CIFAR10-EVIDENCE-balanced_by_score-0.5-1
Modified fc layer: updated out_features to 10.
Initialized untrained model.
[Epoch 1, Batch   100] loss: 0.792
[Epoch 1, Batch   200] loss: 0.712
Epoch 1/20:
Train Loss: 0.1011, Train Accuracy: 41.47%
Validation Loss: 0.7800, Validation Accuracy: 39.11%
[Epoch 2, Batch   100] loss: 0.995
[Epoch 2, Batch   200] loss: 0.911
Epoch 2/20:
Train Loss: 0.1355, Train Accuracy: 54.05%
Validation Loss: 0.8307, Validation Accuracy: 48.04%
[Epoch 3, Batch   100] loss: 0.948
[Epoch 3, Batch   200] loss: 0.943
Epoch 3/20:
Train Loss: 0.1403, Train Accuracy: 63.25%
Validation Loss: 0.8961, Validation Accuracy: 57.30%
[Epoch 4, Batch   100] loss: 0.954
[Epoch 4, Batch   200] loss: 0.954
Epoch 4/20:
Train Loss: 0.1422, Train Accuracy: 70.89%
Validation Loss: 0.9263, Validation Accuracy: 59.41%
[Epoch 5, Batch   100] loss: 0.959
[Epoch 5, Batch   200] loss: 0.960
Epoch 5/20:
Train Loss: 0.1430, Train Accuracy: 76.04%
Validation Loss: 0.9437, Validation Accuracy: 58.52%
[Epoch 6, Batch   100] loss: 0.963
[Epoch 6, Batch   200] loss: 0.963
Epoch 6/20:
Train Loss: 0.1436, Train Accuracy: 80.15%
Validation Loss: 0.9547, Validation Accuracy: 59.27%
[Epoch 7, Batch   100] loss: 0.965
[Epoch 7, Batch   200] loss: 0.966
Epoch 7/20:
Train Loss: 0.1440, Train Accuracy: 83.59%
Validation Loss: 0.9613, Validation Accuracy: 56.19%
[Epoch 8, Batch   100] loss: 0.968
[Epoch 8, Batch   200] loss: 0.968
Epoch 8/20:
Train Loss: 0.1442, Train Accuracy: 84.64%
Validation Loss: 0.9632, Validation Accuracy: 56.69%
[Epoch 9, Batch   100] loss: 0.969
[Epoch 9, Batch   200] loss: 0.970
Epoch 9/20:
Train Loss: 0.1445, Train Accuracy: 86.20%
Validation Loss: 0.9655, Validation Accuracy: 58.38%
[Epoch 10, Batch   100] loss: 0.971
[Epoch 10, Batch   200] loss: 0.971
Epoch 10/20:
Train Loss: 0.1447, Train Accuracy: 86.87%
Validation Loss: 0.9680, Validation Accuracy: 56.95%
[Epoch 11, Batch   100] loss: 0.972
[Epoch 11, Batch   200] loss: 0.972
Epoch 11/20:
Train Loss: 0.1449, Train Accuracy: 87.44%
Validation Loss: 0.9684, Validation Accuracy: 58.52%
[Epoch 12, Batch   100] loss: 0.972
[Epoch 12, Batch   200] loss: 0.973
Epoch 12/20:
Train Loss: 0.1449, Train Accuracy: 85.34%
Validation Loss: 0.9691, Validation Accuracy: 57.75%
[Epoch 13, Batch   100] loss: 0.972
[Epoch 13, Batch   200] loss: 0.973
Epoch 13/20:
Train Loss: 0.1450, Train Accuracy: 84.37%
Validation Loss: 0.9700, Validation Accuracy: 55.58%
[Epoch 14, Batch   100] loss: 0.973
[Epoch 14, Batch   200] loss: 0.973
Epoch 14/20:
Train Loss: 0.1450, Train Accuracy: 82.61%
Validation Loss: 0.9694, Validation Accuracy: 54.69%
[Epoch 15, Batch   100] loss: 0.973
[Epoch 15, Batch   200] loss: 0.973
Epoch 15/20:
Train Loss: 0.1450, Train Accuracy: 81.79%
Validation Loss: 0.9688, Validation Accuracy: 58.01%
[Epoch 16, Batch   100] loss: 0.973
[Epoch 16, Batch   200] loss: 0.973
Epoch 16/20:
Train Loss: 0.1450, Train Accuracy: 81.83%
Validation Loss: 0.9698, Validation Accuracy: 56.48%
[Epoch 17, Batch   100] loss: 0.973
[Epoch 17, Batch   200] loss: 0.974
Epoch 17/20:
Train Loss: 0.1451, Train Accuracy: 80.27%
Validation Loss: 0.9697, Validation Accuracy: 58.55%
[Epoch 18, Batch   100] loss: 0.973
[Epoch 18, Batch   200] loss: 0.974
Epoch 18/20:
Train Loss: 0.1451, Train Accuracy: 80.07%
Validation Loss: 0.9707, Validation Accuracy: 56.35%
[Epoch 19, Batch   100] loss: 0.973
[Epoch 19, Batch   200] loss: 0.974
Epoch 19/20:
Train Loss: 0.1451, Train Accuracy: 79.71%
Validation Loss: 0.9698, Validation Accuracy: 59.01%
[Epoch 20, Batch   100] loss: 0.973
[Epoch 20, Batch   200] loss: 0.974
Epoch 20/20:
Train Loss: 0.1451, Train Accuracy: 79.47%
Validation Loss: 0.9688, Validation Accuracy: 60.98%
Model saved to models/resnet18-EvidenceLoss-CIFAR10-EVIDENCE-balanced_by_score-0.7-1
Modified fc layer: updated out_features to 10.
Initialized untrained model.
[Epoch 1, Batch   100] loss: 0.796
Epoch 1/20:
Train Loss: 0.2577, Train Accuracy: 38.20%
Validation Loss: 0.7726, Validation Accuracy: 39.10%
[Epoch 2, Batch   100] loss: 0.990
Epoch 2/20:
Train Loss: 0.3247, Train Accuracy: 51.03%
Validation Loss: 0.8630, Validation Accuracy: 41.40%
[Epoch 3, Batch   100] loss: 0.949
Epoch 3/20:
Train Loss: 0.3357, Train Accuracy: 60.18%
Validation Loss: 0.9036, Validation Accuracy: 54.54%
[Epoch 4, Batch   100] loss: 0.956
Epoch 4/20:
Train Loss: 0.3390, Train Accuracy: 67.58%
Validation Loss: 0.9352, Validation Accuracy: 55.29%
[Epoch 5, Batch   100] loss: 0.960
Epoch 5/20:
Train Loss: 0.3408, Train Accuracy: 74.30%
Validation Loss: 0.9469, Validation Accuracy: 56.22%
[Epoch 6, Batch   100] loss: 0.963
Epoch 6/20:
Train Loss: 0.3420, Train Accuracy: 79.52%
Validation Loss: 0.9559, Validation Accuracy: 55.89%
[Epoch 7, Batch   100] loss: 0.965
Epoch 7/20:
Train Loss: 0.3428, Train Accuracy: 83.60%
Validation Loss: 0.9594, Validation Accuracy: 56.54%
[Epoch 8, Batch   100] loss: 0.967
Epoch 8/20:
Train Loss: 0.3433, Train Accuracy: 86.96%
Validation Loss: 0.9633, Validation Accuracy: 55.34%
[Epoch 9, Batch   100] loss: 0.969
Epoch 9/20:
Train Loss: 0.3439, Train Accuracy: 89.28%
Validation Loss: 0.9650, Validation Accuracy: 56.53%
[Epoch 10, Batch   100] loss: 0.970
Epoch 10/20:
Train Loss: 0.3443, Train Accuracy: 90.65%
Validation Loss: 0.9677, Validation Accuracy: 55.91%
[Epoch 11, Batch   100] loss: 0.971
Epoch 11/20:
Train Loss: 0.3447, Train Accuracy: 91.61%
Validation Loss: 0.9687, Validation Accuracy: 56.24%
[Epoch 12, Batch   100] loss: 0.971
Epoch 12/20:
Train Loss: 0.3448, Train Accuracy: 91.24%
Validation Loss: 0.9694, Validation Accuracy: 56.31%
[Epoch 13, Batch   100] loss: 0.972
Epoch 13/20:
Train Loss: 0.3450, Train Accuracy: 89.34%
Validation Loss: 0.9699, Validation Accuracy: 52.99%
[Epoch 14, Batch   100] loss: 0.972
Epoch 14/20:
Train Loss: 0.3450, Train Accuracy: 88.00%
Validation Loss: 0.9683, Validation Accuracy: 54.42%
[Epoch 15, Batch   100] loss: 0.972
Epoch 15/20:
Train Loss: 0.3452, Train Accuracy: 86.61%
Validation Loss: 0.9702, Validation Accuracy: 52.54%
[Epoch 16, Batch   100] loss: 0.972
Epoch 16/20:
Train Loss: 0.3451, Train Accuracy: 86.65%
Validation Loss: 0.9699, Validation Accuracy: 49.77%
[Epoch 17, Batch   100] loss: 0.972
Epoch 17/20:
Train Loss: 0.3452, Train Accuracy: 85.93%
Validation Loss: 0.9702, Validation Accuracy: 52.25%
[Epoch 18, Batch   100] loss: 0.972
Epoch 18/20:
Train Loss: 0.3452, Train Accuracy: 86.19%
Validation Loss: 0.9705, Validation Accuracy: 50.63%
[Epoch 19, Batch   100] loss: 0.972
Epoch 19/20:
Train Loss: 0.3453, Train Accuracy: 85.75%
Validation Loss: 0.9708, Validation Accuracy: 50.17%
[Epoch 20, Batch   100] loss: 0.973
Epoch 20/20:
Train Loss: 0.3453, Train Accuracy: 83.94%
Validation Loss: 0.9693, Validation Accuracy: 54.79%
Model saved to models/resnet18-EvidenceLoss-CIFAR10-EVIDENCE-balanced_by_score-0.8-1
Modified fc layer: updated out_features to 10.
Initialized untrained model.
Epoch 1/20:
Train Loss: 0.8104, Train Accuracy: 33.71%
Validation Loss: 0.7505, Validation Accuracy: 40.93%
Epoch 2/20:
Train Loss: 0.9889, Train Accuracy: 45.53%
Validation Loss: 0.8724, Validation Accuracy: 43.37%
Epoch 3/20:
Train Loss: 0.9531, Train Accuracy: 56.61%
Validation Loss: 0.9256, Validation Accuracy: 47.67%
Epoch 4/20:
Train Loss: 0.9577, Train Accuracy: 66.16%
Validation Loss: 0.9411, Validation Accuracy: 49.07%
Epoch 5/20:
Train Loss: 0.9607, Train Accuracy: 75.47%
Validation Loss: 0.9574, Validation Accuracy: 47.88%
Epoch 6/20:
Train Loss: 0.9633, Train Accuracy: 81.29%
Validation Loss: 0.9597, Validation Accuracy: 49.74%
Epoch 7/20:
Train Loss: 0.9653, Train Accuracy: 86.29%
Validation Loss: 0.9630, Validation Accuracy: 50.48%
Epoch 8/20:
Train Loss: 0.9668, Train Accuracy: 90.27%
Validation Loss: 0.9661, Validation Accuracy: 50.37%
Epoch 9/20:
Train Loss: 0.9681, Train Accuracy: 93.00%
Validation Loss: 0.9684, Validation Accuracy: 50.27%
Epoch 10/20:
Train Loss: 0.9694, Train Accuracy: 94.76%
Validation Loss: 0.9698, Validation Accuracy: 49.99%
Epoch 11/20:
Train Loss: 0.9705, Train Accuracy: 96.20%
Validation Loss: 0.9708, Validation Accuracy: 48.90%
Epoch 12/20:
Train Loss: 0.9703, Train Accuracy: 96.84%
Validation Loss: 0.9714, Validation Accuracy: 50.33%
Epoch 13/20:
Train Loss: 0.9701, Train Accuracy: 97.65%
Validation Loss: 0.9708, Validation Accuracy: 47.49%
Epoch 14/20:
Train Loss: 0.9701, Train Accuracy: 97.65%
Validation Loss: 0.9702, Validation Accuracy: 49.95%
Epoch 15/20:
Train Loss: 0.9704, Train Accuracy: 96.12%
Validation Loss: 0.9713, Validation Accuracy: 47.88%
Epoch 16/20:
Train Loss: 0.9705, Train Accuracy: 95.69%
Validation Loss: 0.9711, Validation Accuracy: 47.89%
Epoch 17/20:
Train Loss: 0.9709, Train Accuracy: 93.71%
Validation Loss: 0.9705, Validation Accuracy: 47.22%
Epoch 18/20:
Train Loss: 0.9713, Train Accuracy: 92.27%
Validation Loss: 0.9711, Validation Accuracy: 46.27%
Epoch 19/20:
Train Loss: 0.9715, Train Accuracy: 91.16%
Validation Loss: 0.9710, Validation Accuracy: 47.27%
Epoch 20/20:
Train Loss: 0.9714, Train Accuracy: 91.57%
Validation Loss: 0.9711, Validation Accuracy: 46.44%
Model saved to models/resnet18-EvidenceLoss-CIFAR10-EVIDENCE-balanced_by_score-0.9-1
Modified fc layer: updated out_features to 10.
Initialized untrained model.
Epoch 1/20:
Train Loss: 0.8407, Train Accuracy: 31.20%
Validation Loss: 0.9270, Validation Accuracy: 18.20%
Epoch 2/20:
Train Loss: 1.0187, Train Accuracy: 45.56%
Validation Loss: 0.8974, Validation Accuracy: 39.54%
Epoch 3/20:
Train Loss: 0.9545, Train Accuracy: 57.68%
Validation Loss: 0.9312, Validation Accuracy: 42.03%
Epoch 4/20:
Train Loss: 0.9602, Train Accuracy: 65.44%
Validation Loss: 0.9456, Validation Accuracy: 44.42%
Epoch 5/20:
Train Loss: 0.9621, Train Accuracy: 76.56%
Validation Loss: 0.9584, Validation Accuracy: 45.14%
Epoch 6/20:
Train Loss: 0.9632, Train Accuracy: 84.24%
Validation Loss: 0.9638, Validation Accuracy: 44.82%
Epoch 7/20:
Train Loss: 0.9655, Train Accuracy: 88.56%
Validation Loss: 0.9658, Validation Accuracy: 44.65%
Epoch 8/20:
Train Loss: 0.9679, Train Accuracy: 90.64%
Validation Loss: 0.9695, Validation Accuracy: 44.03%
Epoch 9/20:
Train Loss: 0.9694, Train Accuracy: 92.12%
Validation Loss: 0.9702, Validation Accuracy: 44.87%
Epoch 10/20:
Train Loss: 0.9707, Train Accuracy: 93.24%
Validation Loss: 0.9723, Validation Accuracy: 44.43%
Epoch 11/20:
Train Loss: 0.9717, Train Accuracy: 95.04%
Validation Loss: 0.9730, Validation Accuracy: 44.79%
Epoch 12/20:
Train Loss: 0.9711, Train Accuracy: 95.56%
Validation Loss: 0.9733, Validation Accuracy: 44.01%
Epoch 13/20:
Train Loss: 0.9708, Train Accuracy: 96.76%
Validation Loss: 0.9731, Validation Accuracy: 44.40%
Epoch 14/20:
Train Loss: 0.9708, Train Accuracy: 96.84%
Validation Loss: 0.9729, Validation Accuracy: 44.13%
Epoch 15/20:
Train Loss: 0.9708, Train Accuracy: 97.48%
Validation Loss: 0.9730, Validation Accuracy: 44.85%
Epoch 16/20:
Train Loss: 0.9708, Train Accuracy: 97.84%
Validation Loss: 0.9733, Validation Accuracy: 42.49%
Epoch 17/20:
Train Loss: 0.9707, Train Accuracy: 97.52%
Validation Loss: 0.9728, Validation Accuracy: 43.99%
Epoch 18/20:
Train Loss: 0.9705, Train Accuracy: 98.08%
Validation Loss: 0.9727, Validation Accuracy: 44.19%
Epoch 19/20:
Train Loss: 0.9705, Train Accuracy: 98.16%
Validation Loss: 0.9726, Validation Accuracy: 44.30%
Epoch 20/20:
Train Loss: 0.9702, Train Accuracy: 98.88%
Validation Loss: 0.9731, Validation Accuracy: 43.41%
Model saved to models/resnet18-EvidenceLoss-CIFAR10-EVIDENCE-balanced_by_score-0.95-1
Modified fc layer: updated out_features to 10.
Loaded weights from file: models/resnet18_CIFAR10_E1_1
Files already downloaded and verified
Files already downloaded and verified
Modified fc layer: updated out_features to 10.
Initialized untrained model.
[Epoch 1, Batch   100] loss: 0.795
[Epoch 1, Batch   200] loss: 0.711
[Epoch 1, Batch   300] loss: 0.664
[Epoch 1, Batch   400] loss: 0.630
[Epoch 1, Batch   500] loss: 0.619
Epoch 1/20:
Train Loss: 0.0505, Train Accuracy: 47.94%
Validation Loss: 0.7290, Validation Accuracy: 42.82%
[Epoch 2, Batch   100] loss: 1.027
[Epoch 2, Batch   200] loss: 0.891
[Epoch 2, Batch   300] loss: 0.884
[Epoch 2, Batch   400] loss: 0.882
[Epoch 2, Batch   500] loss: 0.886
Epoch 2/20:
Train Loss: 0.0756, Train Accuracy: 61.67%
Validation Loss: 0.7757, Validation Accuracy: 58.47%
[Epoch 3, Batch   100] loss: 0.940
[Epoch 3, Batch   200] loss: 0.933
[Epoch 3, Batch   300] loss: 0.933
[Epoch 3, Batch   400] loss: 0.935
[Epoch 3, Batch   500] loss: 0.935
Epoch 3/20:
Train Loss: 0.0803, Train Accuracy: 69.76%
Validation Loss: 0.8765, Validation Accuracy: 63.26%
[Epoch 4, Batch   100] loss: 0.952
[Epoch 4, Batch   200] loss: 0.950
[Epoch 4, Batch   300] loss: 0.951
[Epoch 4, Batch   400] loss: 0.951
[Epoch 4, Batch   500] loss: 0.951
Epoch 4/20:
Train Loss: 0.0818, Train Accuracy: 74.20%
Validation Loss: 0.9178, Validation Accuracy: 66.04%
[Epoch 5, Batch   100] loss: 0.958
[Epoch 5, Batch   200] loss: 0.958
[Epoch 5, Batch   300] loss: 0.959
[Epoch 5, Batch   400] loss: 0.959
[Epoch 5, Batch   500] loss: 0.960
Epoch 5/20:
Train Loss: 0.0825, Train Accuracy: 77.15%
Validation Loss: 0.9401, Validation Accuracy: 67.08%
[Epoch 6, Batch   100] loss: 0.963
[Epoch 6, Batch   200] loss: 0.963
[Epoch 6, Batch   300] loss: 0.964
[Epoch 6, Batch   400] loss: 0.964
[Epoch 6, Batch   500] loss: 0.965
Epoch 6/20:
Train Loss: 0.0829, Train Accuracy: 78.87%
Validation Loss: 0.9496, Validation Accuracy: 63.71%
[Epoch 7, Batch   100] loss: 0.966
[Epoch 7, Batch   200] loss: 0.967
[Epoch 7, Batch   300] loss: 0.968
[Epoch 7, Batch   400] loss: 0.968
[Epoch 7, Batch   500] loss: 0.968
Epoch 7/20:
Train Loss: 0.0832, Train Accuracy: 78.87%
Validation Loss: 0.9556, Validation Accuracy: 66.99%
[Epoch 8, Batch   100] loss: 0.969
[Epoch 8, Batch   200] loss: 0.969
[Epoch 8, Batch   300] loss: 0.970
[Epoch 8, Batch   400] loss: 0.970
[Epoch 8, Batch   500] loss: 0.970
Epoch 8/20:
Train Loss: 0.0834, Train Accuracy: 78.63%
Validation Loss: 0.9603, Validation Accuracy: 63.95%
[Epoch 9, Batch   100] loss: 0.971
[Epoch 9, Batch   200] loss: 0.971
[Epoch 9, Batch   300] loss: 0.972
[Epoch 9, Batch   400] loss: 0.972
[Epoch 9, Batch   500] loss: 0.972
Epoch 9/20:
Train Loss: 0.0835, Train Accuracy: 77.79%
Validation Loss: 0.9635, Validation Accuracy: 67.91%
[Epoch 10, Batch   100] loss: 0.972
[Epoch 10, Batch   200] loss: 0.973
[Epoch 10, Batch   300] loss: 0.973
[Epoch 10, Batch   400] loss: 0.973
[Epoch 10, Batch   500] loss: 0.973
Epoch 10/20:
Train Loss: 0.0837, Train Accuracy: 76.80%
Validation Loss: 0.9668, Validation Accuracy: 65.72%
[Epoch 11, Batch   100] loss: 0.974
[Epoch 11, Batch   200] loss: 0.974
[Epoch 11, Batch   300] loss: 0.974
[Epoch 11, Batch   400] loss: 0.974
[Epoch 11, Batch   500] loss: 0.975
Epoch 11/20:
Train Loss: 0.0837, Train Accuracy: 75.35%
Validation Loss: 0.9688, Validation Accuracy: 65.42%
[Epoch 12, Batch   100] loss: 0.974
[Epoch 12, Batch   200] loss: 0.975
[Epoch 12, Batch   300] loss: 0.975
[Epoch 12, Batch   400] loss: 0.975
[Epoch 12, Batch   500] loss: 0.975
Epoch 12/20:
Train Loss: 0.0838, Train Accuracy: 73.45%
Validation Loss: 0.9686, Validation Accuracy: 64.23%
[Epoch 13, Batch   100] loss: 0.974
[Epoch 13, Batch   200] loss: 0.975
[Epoch 13, Batch   300] loss: 0.975
[Epoch 13, Batch   400] loss: 0.975
[Epoch 13, Batch   500] loss: 0.975
Epoch 13/20:
Train Loss: 0.0837, Train Accuracy: 72.34%
Validation Loss: 0.9694, Validation Accuracy: 64.30%
[Epoch 14, Batch   100] loss: 0.975
[Epoch 14, Batch   200] loss: 0.975
[Epoch 14, Batch   300] loss: 0.975
[Epoch 14, Batch   400] loss: 0.975
[Epoch 14, Batch   500] loss: 0.975
Epoch 14/20:
Train Loss: 0.0838, Train Accuracy: 71.54%
Validation Loss: 0.9687, Validation Accuracy: 62.89%
[Epoch 15, Batch   100] loss: 0.975
[Epoch 15, Batch   200] loss: 0.975
[Epoch 15, Batch   300] loss: 0.975
[Epoch 15, Batch   400] loss: 0.975
[Epoch 15, Batch   500] loss: 0.975
Epoch 15/20:
Train Loss: 0.0838, Train Accuracy: 71.59%
Validation Loss: 0.9686, Validation Accuracy: 66.81%
[Epoch 16, Batch   100] loss: 0.975
[Epoch 16, Batch   200] loss: 0.975
[Epoch 16, Batch   300] loss: 0.975
[Epoch 16, Batch   400] loss: 0.975
[Epoch 16, Batch   500] loss: 0.975
Epoch 16/20:
Train Loss: 0.0838, Train Accuracy: 72.09%
Validation Loss: 0.9694, Validation Accuracy: 60.32%
[Epoch 17, Batch   100] loss: 0.975
[Epoch 17, Batch   200] loss: 0.975
[Epoch 17, Batch   300] loss: 0.975
[Epoch 17, Batch   400] loss: 0.975
[Epoch 17, Batch   500] loss: 0.975
Epoch 17/20:
Train Loss: 0.0838, Train Accuracy: 72.68%
Validation Loss: 0.9694, Validation Accuracy: 62.93%
[Epoch 18, Batch   100] loss: 0.974
[Epoch 18, Batch   200] loss: 0.975
[Epoch 18, Batch   300] loss: 0.975
[Epoch 18, Batch   400] loss: 0.975
[Epoch 18, Batch   500] loss: 0.975
Epoch 18/20:
Train Loss: 0.0838, Train Accuracy: 72.82%
Validation Loss: 0.9676, Validation Accuracy: 64.55%
[Epoch 19, Batch   100] loss: 0.974
[Epoch 19, Batch   200] loss: 0.974
[Epoch 19, Batch   300] loss: 0.975
[Epoch 19, Batch   400] loss: 0.975
[Epoch 19, Batch   500] loss: 0.975
Epoch 19/20:
Train Loss: 0.0838, Train Accuracy: 73.75%
Validation Loss: 0.9681, Validation Accuracy: 67.92%
[Epoch 20, Batch   100] loss: 0.974
[Epoch 20, Batch   200] loss: 0.974
[Epoch 20, Batch   300] loss: 0.974
[Epoch 20, Batch   400] loss: 0.975
[Epoch 20, Batch   500] loss: 0.975
Epoch 20/20:
Train Loss: 0.0837, Train Accuracy: 74.74%
Validation Loss: 0.9673, Validation Accuracy: 68.81%
Model saved to models/resnet18-EvidenceLoss-CIFAR10-BELIEF-balanced_by_score-0.3-1
Modified fc layer: updated out_features to 10.
Initialized untrained model.
[Epoch 1, Batch   100] loss: 0.791
[Epoch 1, Batch   200] loss: 0.712
[Epoch 1, Batch   300] loss: 0.668
Epoch 1/20:
Train Loss: 0.1495, Train Accuracy: 45.31%
Validation Loss: 0.6804, Validation Accuracy: 47.72%
[Epoch 2, Batch   100] loss: 1.016
[Epoch 2, Batch   200] loss: 0.895
[Epoch 2, Batch   300] loss: 0.895
Epoch 2/20:
Train Loss: 0.2069, Train Accuracy: 58.38%
Validation Loss: 0.8081, Validation Accuracy: 55.38%
[Epoch 3, Batch   100] loss: 0.941
[Epoch 3, Batch   200] loss: 0.936
[Epoch 3, Batch   300] loss: 0.937
Epoch 3/20:
Train Loss: 0.2184, Train Accuracy: 67.48%
Validation Loss: 0.8818, Validation Accuracy: 63.13%
[Epoch 4, Batch   100] loss: 0.953
[Epoch 4, Batch   200] loss: 0.951
[Epoch 4, Batch   300] loss: 0.952
Epoch 4/20:
Train Loss: 0.2216, Train Accuracy: 73.31%
Validation Loss: 0.9168, Validation Accuracy: 63.55%
[Epoch 5, Batch   100] loss: 0.959
[Epoch 5, Batch   200] loss: 0.958
[Epoch 5, Batch   300] loss: 0.959
Epoch 5/20:
Train Loss: 0.2234, Train Accuracy: 77.03%
Validation Loss: 0.9380, Validation Accuracy: 65.11%
[Epoch 6, Batch   100] loss: 0.963
[Epoch 6, Batch   200] loss: 0.963
[Epoch 6, Batch   300] loss: 0.964
Epoch 6/20:
Train Loss: 0.2243, Train Accuracy: 79.74%
Validation Loss: 0.9505, Validation Accuracy: 64.66%
[Epoch 7, Batch   100] loss: 0.966
[Epoch 7, Batch   200] loss: 0.966
[Epoch 7, Batch   300] loss: 0.967
Epoch 7/20:
Train Loss: 0.2251, Train Accuracy: 81.03%
Validation Loss: 0.9556, Validation Accuracy: 64.17%
[Epoch 8, Batch   100] loss: 0.968
[Epoch 8, Batch   200] loss: 0.969
[Epoch 8, Batch   300] loss: 0.969
Epoch 8/20:
Train Loss: 0.2257, Train Accuracy: 81.97%
Validation Loss: 0.9607, Validation Accuracy: 62.88%
[Epoch 9, Batch   100] loss: 0.970
[Epoch 9, Batch   200] loss: 0.970
[Epoch 9, Batch   300] loss: 0.971
Epoch 9/20:
Train Loss: 0.2261, Train Accuracy: 81.69%
Validation Loss: 0.9651, Validation Accuracy: 62.00%
[Epoch 10, Batch   100] loss: 0.972
[Epoch 10, Batch   200] loss: 0.972
[Epoch 10, Batch   300] loss: 0.972
Epoch 10/20:
Train Loss: 0.2264, Train Accuracy: 81.43%
Validation Loss: 0.9659, Validation Accuracy: 62.15%
[Epoch 11, Batch   100] loss: 0.973
[Epoch 11, Batch   200] loss: 0.973
[Epoch 11, Batch   300] loss: 0.974
Epoch 11/20:
Train Loss: 0.2266, Train Accuracy: 80.59%
Validation Loss: 0.9694, Validation Accuracy: 59.94%
[Epoch 12, Batch   100] loss: 0.973
[Epoch 12, Batch   200] loss: 0.974
[Epoch 12, Batch   300] loss: 0.974
Epoch 12/20:
Train Loss: 0.2267, Train Accuracy: 78.68%
Validation Loss: 0.9691, Validation Accuracy: 62.01%
[Epoch 13, Batch   100] loss: 0.974
[Epoch 13, Batch   200] loss: 0.974
[Epoch 13, Batch   300] loss: 0.974
Epoch 13/20:
Train Loss: 0.2268, Train Accuracy: 76.96%
Validation Loss: 0.9685, Validation Accuracy: 64.70%
[Epoch 14, Batch   100] loss: 0.974
[Epoch 14, Batch   200] loss: 0.974
[Epoch 14, Batch   300] loss: 0.975
Epoch 14/20:
Train Loss: 0.2268, Train Accuracy: 75.57%
Validation Loss: 0.9688, Validation Accuracy: 63.51%
[Epoch 15, Batch   100] loss: 0.974
[Epoch 15, Batch   200] loss: 0.975
[Epoch 15, Batch   300] loss: 0.975
Epoch 15/20:
Train Loss: 0.2269, Train Accuracy: 74.84%
Validation Loss: 0.9702, Validation Accuracy: 59.76%
[Epoch 16, Batch   100] loss: 0.974
[Epoch 16, Batch   200] loss: 0.975
[Epoch 16, Batch   300] loss: 0.975
Epoch 16/20:
Train Loss: 0.2269, Train Accuracy: 73.78%
Validation Loss: 0.9699, Validation Accuracy: 62.58%
[Epoch 17, Batch   100] loss: 0.974
[Epoch 17, Batch   200] loss: 0.975
[Epoch 17, Batch   300] loss: 0.975
Epoch 17/20:
Train Loss: 0.2269, Train Accuracy: 73.33%
Validation Loss: 0.9687, Validation Accuracy: 62.76%
[Epoch 18, Batch   100] loss: 0.974
[Epoch 18, Batch   200] loss: 0.975
[Epoch 18, Batch   300] loss: 0.975
Epoch 18/20:
Train Loss: 0.2269, Train Accuracy: 73.40%
Validation Loss: 0.9695, Validation Accuracy: 62.28%
[Epoch 19, Batch   100] loss: 0.974
[Epoch 19, Batch   200] loss: 0.975
[Epoch 19, Batch   300] loss: 0.975
Epoch 19/20:
Train Loss: 0.2269, Train Accuracy: 73.33%
Validation Loss: 0.9676, Validation Accuracy: 65.37%
[Epoch 20, Batch   100] loss: 0.974
[Epoch 20, Batch   200] loss: 0.975
[Epoch 20, Batch   300] loss: 0.975
Epoch 20/20:
Train Loss: 0.2269, Train Accuracy: 73.84%
Validation Loss: 0.9699, Validation Accuracy: 59.40%
Model saved to models/resnet18-EvidenceLoss-CIFAR10-BELIEF-balanced_by_score-0.5-1
Modified fc layer: updated out_features to 10.
Initialized untrained model.
[Epoch 1, Batch   100] loss: 0.781
[Epoch 1, Batch   200] loss: 0.696
Epoch 1/20:
Train Loss: 0.1010, Train Accuracy: 43.10%
Validation Loss: 0.6677, Validation Accuracy: 48.28%
[Epoch 2, Batch   100] loss: 0.988
[Epoch 2, Batch   200] loss: 0.903
Epoch 2/20:
Train Loss: 0.1350, Train Accuracy: 55.49%
Validation Loss: 0.8394, Validation Accuracy: 51.07%
[Epoch 3, Batch   100] loss: 0.947
[Epoch 3, Batch   200] loss: 0.941
Epoch 3/20:
Train Loss: 0.1401, Train Accuracy: 64.09%
Validation Loss: 0.8937, Validation Accuracy: 59.17%
[Epoch 4, Batch   100] loss: 0.954
[Epoch 4, Batch   200] loss: 0.954
Epoch 4/20:
Train Loss: 0.1420, Train Accuracy: 71.07%
Validation Loss: 0.9274, Validation Accuracy: 58.78%
[Epoch 5, Batch   100] loss: 0.959
[Epoch 5, Batch   200] loss: 0.960
Epoch 5/20:
Train Loss: 0.1430, Train Accuracy: 75.90%
Validation Loss: 0.9455, Validation Accuracy: 58.02%
[Epoch 6, Batch   100] loss: 0.963
[Epoch 6, Batch   200] loss: 0.963
Epoch 6/20:
Train Loss: 0.1435, Train Accuracy: 80.07%
Validation Loss: 0.9509, Validation Accuracy: 60.74%
[Epoch 7, Batch   100] loss: 0.966
[Epoch 7, Batch   200] loss: 0.966
Epoch 7/20:
Train Loss: 0.1439, Train Accuracy: 83.07%
Validation Loss: 0.9562, Validation Accuracy: 60.15%
[Epoch 8, Batch   100] loss: 0.968
[Epoch 8, Batch   200] loss: 0.968
Epoch 8/20:
Train Loss: 0.1442, Train Accuracy: 85.68%
Validation Loss: 0.9615, Validation Accuracy: 59.96%
[Epoch 9, Batch   100] loss: 0.969
[Epoch 9, Batch   200] loss: 0.970
Epoch 9/20:
Train Loss: 0.1445, Train Accuracy: 86.22%
Validation Loss: 0.9642, Validation Accuracy: 59.47%
[Epoch 10, Batch   100] loss: 0.971
[Epoch 10, Batch   200] loss: 0.971
Epoch 10/20:
Train Loss: 0.1447, Train Accuracy: 87.29%
Validation Loss: 0.9676, Validation Accuracy: 58.25%
[Epoch 11, Batch   100] loss: 0.972
[Epoch 11, Batch   200] loss: 0.972
Epoch 11/20:
Train Loss: 0.1448, Train Accuracy: 87.10%
Validation Loss: 0.9689, Validation Accuracy: 59.58%
[Epoch 12, Batch   100] loss: 0.972
[Epoch 12, Batch   200] loss: 0.973
Epoch 12/20:
Train Loss: 0.1449, Train Accuracy: 85.98%
Validation Loss: 0.9681, Validation Accuracy: 56.87%
[Epoch 13, Batch   100] loss: 0.972
[Epoch 13, Batch   200] loss: 0.973
Epoch 13/20:
Train Loss: 0.1449, Train Accuracy: 85.07%
Validation Loss: 0.9690, Validation Accuracy: 56.43%
[Epoch 14, Batch   100] loss: 0.973
[Epoch 14, Batch   200] loss: 0.973
Epoch 14/20:
Train Loss: 0.1449, Train Accuracy: 83.49%
Validation Loss: 0.9682, Validation Accuracy: 58.60%
[Epoch 15, Batch   100] loss: 0.973
[Epoch 15, Batch   200] loss: 0.973
Epoch 15/20:
Train Loss: 0.1450, Train Accuracy: 82.41%
Validation Loss: 0.9699, Validation Accuracy: 58.31%
[Epoch 16, Batch   100] loss: 0.973
[Epoch 16, Batch   200] loss: 0.974
Epoch 16/20:
Train Loss: 0.1450, Train Accuracy: 81.28%
Validation Loss: 0.9694, Validation Accuracy: 58.33%
[Epoch 17, Batch   100] loss: 0.973
[Epoch 17, Batch   200] loss: 0.974
Epoch 17/20:
Train Loss: 0.1451, Train Accuracy: 81.63%
Validation Loss: 0.9712, Validation Accuracy: 54.56%
[Epoch 18, Batch   100] loss: 0.973
[Epoch 18, Batch   200] loss: 0.974
Epoch 18/20:
Train Loss: 0.1451, Train Accuracy: 80.72%
Validation Loss: 0.9692, Validation Accuracy: 58.64%
[Epoch 19, Batch   100] loss: 0.973
[Epoch 19, Batch   200] loss: 0.974
Epoch 19/20:
Train Loss: 0.1451, Train Accuracy: 80.43%
Validation Loss: 0.9713, Validation Accuracy: 52.83%
[Epoch 20, Batch   100] loss: 0.973
[Epoch 20, Batch   200] loss: 0.974
Epoch 20/20:
Train Loss: 0.1451, Train Accuracy: 79.35%
Validation Loss: 0.9700, Validation Accuracy: 55.82%
Model saved to models/resnet18-EvidenceLoss-CIFAR10-BELIEF-balanced_by_score-0.7-1
Modified fc layer: updated out_features to 10.
Initialized untrained model.
[Epoch 1, Batch   100] loss: 0.784
Epoch 1/20:
Train Loss: 0.2584, Train Accuracy: 39.32%
Validation Loss: 0.7728, Validation Accuracy: 37.37%
[Epoch 2, Batch   100] loss: 0.989
Epoch 2/20:
Train Loss: 0.3266, Train Accuracy: 50.60%
Validation Loss: 0.8650, Validation Accuracy: 45.55%
[Epoch 3, Batch   100] loss: 0.951
Epoch 3/20:
Train Loss: 0.3357, Train Accuracy: 60.52%
Validation Loss: 0.9132, Validation Accuracy: 54.67%
[Epoch 4, Batch   100] loss: 0.956
Epoch 4/20:
Train Loss: 0.3392, Train Accuracy: 68.31%
Validation Loss: 0.9336, Validation Accuracy: 56.54%
[Epoch 5, Batch   100] loss: 0.960
Epoch 5/20:
Train Loss: 0.3408, Train Accuracy: 74.36%
Validation Loss: 0.9465, Validation Accuracy: 57.66%
[Epoch 6, Batch   100] loss: 0.963
Epoch 6/20:
Train Loss: 0.3419, Train Accuracy: 79.82%
Validation Loss: 0.9556, Validation Accuracy: 56.54%
[Epoch 7, Batch   100] loss: 0.965
Epoch 7/20:
Train Loss: 0.3427, Train Accuracy: 84.02%
Validation Loss: 0.9586, Validation Accuracy: 55.85%
[Epoch 8, Batch   100] loss: 0.967
Epoch 8/20:
Train Loss: 0.3433, Train Accuracy: 87.08%
Validation Loss: 0.9628, Validation Accuracy: 55.84%
[Epoch 9, Batch   100] loss: 0.969
Epoch 9/20:
Train Loss: 0.3438, Train Accuracy: 89.26%
Validation Loss: 0.9649, Validation Accuracy: 55.70%
[Epoch 10, Batch   100] loss: 0.970
Epoch 10/20:
Train Loss: 0.3443, Train Accuracy: 90.74%
Validation Loss: 0.9671, Validation Accuracy: 55.50%
[Epoch 11, Batch   100] loss: 0.971
Epoch 11/20:
Train Loss: 0.3447, Train Accuracy: 91.66%
Validation Loss: 0.9690, Validation Accuracy: 55.78%
[Epoch 12, Batch   100] loss: 0.971
Epoch 12/20:
Train Loss: 0.3448, Train Accuracy: 90.91%
Validation Loss: 0.9701, Validation Accuracy: 53.96%
[Epoch 13, Batch   100] loss: 0.972
Epoch 13/20:
Train Loss: 0.3449, Train Accuracy: 89.32%
Validation Loss: 0.9701, Validation Accuracy: 53.94%
[Epoch 14, Batch   100] loss: 0.972
Epoch 14/20:
Train Loss: 0.3450, Train Accuracy: 87.54%
Validation Loss: 0.9698, Validation Accuracy: 51.35%
[Epoch 15, Batch   100] loss: 0.972
Epoch 15/20:
Train Loss: 0.3451, Train Accuracy: 87.66%
Validation Loss: 0.9708, Validation Accuracy: 54.44%
[Epoch 16, Batch   100] loss: 0.972
Epoch 16/20:
Train Loss: 0.3452, Train Accuracy: 87.05%
Validation Loss: 0.9708, Validation Accuracy: 53.96%
[Epoch 17, Batch   100] loss: 0.972
Epoch 17/20:
Train Loss: 0.3451, Train Accuracy: 86.68%
Validation Loss: 0.9690, Validation Accuracy: 54.20%
[Epoch 18, Batch   100] loss: 0.972
Epoch 18/20:
Train Loss: 0.3453, Train Accuracy: 85.13%
Validation Loss: 0.9715, Validation Accuracy: 51.87%
[Epoch 19, Batch   100] loss: 0.972
Epoch 19/20:
Train Loss: 0.3453, Train Accuracy: 85.02%
Validation Loss: 0.9697, Validation Accuracy: 54.74%
[Epoch 20, Batch   100] loss: 0.972
Epoch 20/20:
Train Loss: 0.3453, Train Accuracy: 85.07%
Validation Loss: 0.9699, Validation Accuracy: 52.90%
Model saved to models/resnet18-EvidenceLoss-CIFAR10-BELIEF-balanced_by_score-0.8-1
Modified fc layer: updated out_features to 10.
Initialized untrained model.
Epoch 1/20:
Train Loss: 0.8114, Train Accuracy: 33.90%
Validation Loss: 0.7754, Validation Accuracy: 37.29%
Epoch 2/20:
Train Loss: 0.9867, Train Accuracy: 46.06%
Validation Loss: 0.8957, Validation Accuracy: 40.43%
Epoch 3/20:
Train Loss: 0.9537, Train Accuracy: 56.80%
Validation Loss: 0.9219, Validation Accuracy: 47.50%
Epoch 4/20:
Train Loss: 0.9569, Train Accuracy: 67.55%
Validation Loss: 0.9407, Validation Accuracy: 49.78%
Epoch 5/20:
Train Loss: 0.9602, Train Accuracy: 75.80%
Validation Loss: 0.9557, Validation Accuracy: 48.85%
Epoch 6/20:
Train Loss: 0.9625, Train Accuracy: 83.47%
Validation Loss: 0.9595, Validation Accuracy: 50.21%
Epoch 7/20:
Train Loss: 0.9646, Train Accuracy: 88.45%
Validation Loss: 0.9630, Validation Accuracy: 50.09%
Epoch 8/20:
Train Loss: 0.9664, Train Accuracy: 91.51%
Validation Loss: 0.9665, Validation Accuracy: 49.69%
Epoch 9/20:
Train Loss: 0.9679, Train Accuracy: 93.84%
Validation Loss: 0.9686, Validation Accuracy: 50.02%
Epoch 10/20:
Train Loss: 0.9693, Train Accuracy: 95.33%
Validation Loss: 0.9702, Validation Accuracy: 48.31%
Epoch 11/20:
Train Loss: 0.9704, Train Accuracy: 96.67%
Validation Loss: 0.9712, Validation Accuracy: 49.44%
Epoch 12/20:
Train Loss: 0.9702, Train Accuracy: 97.16%
Validation Loss: 0.9706, Validation Accuracy: 50.58%
Epoch 13/20:
Train Loss: 0.9701, Train Accuracy: 97.78%
Validation Loss: 0.9712, Validation Accuracy: 48.66%
Epoch 14/20:
Train Loss: 0.9700, Train Accuracy: 97.90%
Validation Loss: 0.9711, Validation Accuracy: 49.70%
Epoch 15/20:
Train Loss: 0.9700, Train Accuracy: 97.86%
Validation Loss: 0.9708, Validation Accuracy: 48.97%
Epoch 16/20:
Train Loss: 0.9702, Train Accuracy: 97.14%
Validation Loss: 0.9711, Validation Accuracy: 48.55%
Epoch 17/20:
Train Loss: 0.9706, Train Accuracy: 95.45%
Validation Loss: 0.9715, Validation Accuracy: 45.79%
Epoch 18/20:
Train Loss: 0.9712, Train Accuracy: 92.43%
Validation Loss: 0.9718, Validation Accuracy: 44.56%
Epoch 19/20:
Train Loss: 0.9712, Train Accuracy: 92.24%
Validation Loss: 0.9720, Validation Accuracy: 42.81%
Epoch 20/20:
Train Loss: 0.9712, Train Accuracy: 92.08%
Validation Loss: 0.9709, Validation Accuracy: 47.81%
Model saved to models/resnet18-EvidenceLoss-CIFAR10-BELIEF-balanced_by_score-0.9-1
Modified fc layer: updated out_features to 10.
Initialized untrained model.
Epoch 1/20:
Train Loss: 0.8452, Train Accuracy: 29.16%
Validation Loss: 0.9225, Validation Accuracy: 20.03%
Epoch 2/20:
Train Loss: 1.0248, Train Accuracy: 44.16%
Validation Loss: 0.8831, Validation Accuracy: 36.57%
Epoch 3/20:
Train Loss: 0.9624, Train Accuracy: 47.16%
Validation Loss: 0.9376, Validation Accuracy: 37.58%
Epoch 4/20:
Train Loss: 0.9604, Train Accuracy: 65.36%
Validation Loss: 0.9523, Validation Accuracy: 43.34%
Epoch 5/20:
Train Loss: 0.9625, Train Accuracy: 74.16%
Validation Loss: 0.9604, Validation Accuracy: 41.44%
Epoch 6/20:
Train Loss: 0.9651, Train Accuracy: 81.68%
Validation Loss: 0.9636, Validation Accuracy: 44.36%
Epoch 7/20:
Train Loss: 0.9665, Train Accuracy: 87.36%
Validation Loss: 0.9671, Validation Accuracy: 43.78%
Epoch 8/20:
Train Loss: 0.9681, Train Accuracy: 89.52%
Validation Loss: 0.9690, Validation Accuracy: 45.52%
Epoch 9/20:
Train Loss: 0.9693, Train Accuracy: 93.00%
Validation Loss: 0.9717, Validation Accuracy: 41.80%
Epoch 10/20:
Train Loss: 0.9708, Train Accuracy: 92.84%
Validation Loss: 0.9722, Validation Accuracy: 44.26%
Epoch 11/20:
Train Loss: 0.9714, Train Accuracy: 95.60%
Validation Loss: 0.9735, Validation Accuracy: 44.42%
Epoch 12/20:
Train Loss: 0.9711, Train Accuracy: 96.00%
Validation Loss: 0.9735, Validation Accuracy: 44.87%
Epoch 13/20:
Train Loss: 0.9717, Train Accuracy: 93.96%
Validation Loss: 0.9726, Validation Accuracy: 44.75%
Epoch 14/20:
Train Loss: 0.9712, Train Accuracy: 95.72%
Validation Loss: 0.9737, Validation Accuracy: 43.49%
Epoch 15/20:
Train Loss: 0.9710, Train Accuracy: 96.40%
Validation Loss: 0.9734, Validation Accuracy: 44.70%
Epoch 16/20:
Train Loss: 0.9706, Train Accuracy: 97.64%
Validation Loss: 0.9728, Validation Accuracy: 43.15%
Epoch 17/20:
Train Loss: 0.9705, Train Accuracy: 98.40%
Validation Loss: 0.9733, Validation Accuracy: 43.28%
Epoch 18/20:
Train Loss: 0.9712, Train Accuracy: 95.20%
Validation Loss: 0.9725, Validation Accuracy: 44.21%
Epoch 19/20:
Train Loss: 0.9708, Train Accuracy: 97.04%
Validation Loss: 0.9729, Validation Accuracy: 44.43%
Epoch 20/20:
Train Loss: 0.9704, Train Accuracy: 98.04%
Validation Loss: 0.9721, Validation Accuracy: 44.78%
Model saved to models/resnet18-EvidenceLoss-CIFAR10-BELIEF-balanced_by_score-0.95-1
Modified fc layer: updated out_features to 10.
Initialized untrained model.
Files already downloaded and verified
Files already downloaded and verified
[Epoch 1, Batch   100] loss: 0.792
[Epoch 1, Batch   200] loss: 0.711
[Epoch 1, Batch   300] loss: 0.662
[Epoch 1, Batch   400] loss: 0.631
[Epoch 1, Batch   500] loss: 0.605
[Epoch 1, Batch   600] loss: 0.587
[Epoch 1, Batch   700] loss: 0.568
Epoch 1/20:
Train Loss: 0.0586, Train Accuracy: 51.07%
Validation Loss: 0.5876, Validation Accuracy: 56.27%
[Epoch 2, Batch   100] loss: 1.024
[Epoch 2, Batch   200] loss: 0.877
[Epoch 2, Batch   300] loss: 0.875
[Epoch 2, Batch   400] loss: 0.876
[Epoch 2, Batch   500] loss: 0.873
[Epoch 2, Batch   600] loss: 0.871
[Epoch 2, Batch   700] loss: 0.868
Epoch 2/20:
Train Loss: 0.0913, Train Accuracy: 66.06%
Validation Loss: 0.7849, Validation Accuracy: 56.35%
[Epoch 3, Batch   100] loss: 0.936
[Epoch 3, Batch   200] loss: 0.931
[Epoch 3, Batch   300] loss: 0.929
[Epoch 3, Batch   400] loss: 0.929
[Epoch 3, Batch   500] loss: 0.930
[Epoch 3, Batch   600] loss: 0.931
[Epoch 3, Batch   700] loss: 0.932
Epoch 3/20:
Train Loss: 0.0976, Train Accuracy: 72.70%
Validation Loss: 0.8622, Validation Accuracy: 69.19%
[Epoch 4, Batch   100] loss: 0.950
[Epoch 4, Batch   200] loss: 0.949
[Epoch 4, Batch   300] loss: 0.949
[Epoch 4, Batch   400] loss: 0.950
[Epoch 4, Batch   500] loss: 0.950
[Epoch 4, Batch   600] loss: 0.951
[Epoch 4, Batch   700] loss: 0.950
Epoch 4/20:
Train Loss: 0.0996, Train Accuracy: 76.00%
Validation Loss: 0.9154, Validation Accuracy: 65.83%
[Epoch 5, Batch   100] loss: 0.958
[Epoch 5, Batch   200] loss: 0.958
[Epoch 5, Batch   300] loss: 0.959
[Epoch 5, Batch   400] loss: 0.959
[Epoch 5, Batch   500] loss: 0.959
[Epoch 5, Batch   600] loss: 0.959
[Epoch 5, Batch   700] loss: 0.960
Epoch 5/20:
Train Loss: 0.1007, Train Accuracy: 77.50%
Validation Loss: 0.9362, Validation Accuracy: 70.38%
[Epoch 6, Batch   100] loss: 0.964
[Epoch 6, Batch   200] loss: 0.964
[Epoch 6, Batch   300] loss: 0.964
[Epoch 6, Batch   400] loss: 0.964
[Epoch 6, Batch   500] loss: 0.965
[Epoch 6, Batch   600] loss: 0.965
[Epoch 6, Batch   700] loss: 0.965
Epoch 6/20:
Train Loss: 0.1012, Train Accuracy: 77.11%
Validation Loss: 0.9482, Validation Accuracy: 67.23%
[Epoch 7, Batch   100] loss: 0.967
[Epoch 7, Batch   200] loss: 0.967
[Epoch 7, Batch   300] loss: 0.968
[Epoch 7, Batch   400] loss: 0.968
[Epoch 7, Batch   500] loss: 0.968
[Epoch 7, Batch   600] loss: 0.968
[Epoch 7, Batch   700] loss: 0.969
Epoch 7/20:
Train Loss: 0.1016, Train Accuracy: 76.50%
Validation Loss: 0.9558, Validation Accuracy: 66.59%
[Epoch 8, Batch   100] loss: 0.970
[Epoch 8, Batch   200] loss: 0.970
[Epoch 8, Batch   300] loss: 0.970
[Epoch 8, Batch   400] loss: 0.971
[Epoch 8, Batch   500] loss: 0.971
[Epoch 8, Batch   600] loss: 0.971
[Epoch 8, Batch   700] loss: 0.971
Epoch 8/20:
Train Loss: 0.1019, Train Accuracy: 75.25%
Validation Loss: 0.9619, Validation Accuracy: 67.42%
[Epoch 9, Batch   100] loss: 0.972
[Epoch 9, Batch   200] loss: 0.972
[Epoch 9, Batch   300] loss: 0.972
[Epoch 9, Batch   400] loss: 0.972
[Epoch 9, Batch   500] loss: 0.973
[Epoch 9, Batch   600] loss: 0.973
[Epoch 9, Batch   700] loss: 0.973
Epoch 9/20:
Train Loss: 0.1020, Train Accuracy: 74.28%
Validation Loss: 0.9638, Validation Accuracy: 67.62%
[Epoch 10, Batch   100] loss: 0.973
[Epoch 10, Batch   200] loss: 0.974
[Epoch 10, Batch   300] loss: 0.974
[Epoch 10, Batch   400] loss: 0.974
[Epoch 10, Batch   500] loss: 0.974
[Epoch 10, Batch   600] loss: 0.974
[Epoch 10, Batch   700] loss: 0.974
Epoch 10/20:
Train Loss: 0.1021, Train Accuracy: 73.05%
Validation Loss: 0.9678, Validation Accuracy: 59.11%
[Epoch 11, Batch   100] loss: 0.975
[Epoch 11, Batch   200] loss: 0.974
[Epoch 11, Batch   300] loss: 0.975
[Epoch 11, Batch   400] loss: 0.975
[Epoch 11, Batch   500] loss: 0.975
[Epoch 11, Batch   600] loss: 0.975
[Epoch 11, Batch   700] loss: 0.975
Epoch 11/20:
Train Loss: 0.1022, Train Accuracy: 72.56%
Validation Loss: 0.9694, Validation Accuracy: 61.54%
[Epoch 12, Batch   100] loss: 0.975
[Epoch 12, Batch   200] loss: 0.975
[Epoch 12, Batch   300] loss: 0.975
[Epoch 12, Batch   400] loss: 0.975
[Epoch 12, Batch   500] loss: 0.975
[Epoch 12, Batch   600] loss: 0.975
[Epoch 12, Batch   700] loss: 0.975
Epoch 12/20:
Train Loss: 0.1022, Train Accuracy: 71.75%
Validation Loss: 0.9685, Validation Accuracy: 67.69%
[Epoch 13, Batch   100] loss: 0.975
[Epoch 13, Batch   200] loss: 0.975
[Epoch 13, Batch   300] loss: 0.975
[Epoch 13, Batch   400] loss: 0.975
[Epoch 13, Batch   500] loss: 0.975
[Epoch 13, Batch   600] loss: 0.975
[Epoch 13, Batch   700] loss: 0.975
Epoch 13/20:
Train Loss: 0.1022, Train Accuracy: 72.08%
Validation Loss: 0.9684, Validation Accuracy: 67.82%
[Epoch 14, Batch   100] loss: 0.975
[Epoch 14, Batch   200] loss: 0.975
[Epoch 14, Batch   300] loss: 0.975
[Epoch 14, Batch   400] loss: 0.975
[Epoch 14, Batch   500] loss: 0.975
[Epoch 14, Batch   600] loss: 0.975
[Epoch 14, Batch   700] loss: 0.975
Epoch 14/20:
Train Loss: 0.1022, Train Accuracy: 72.25%
Validation Loss: 0.9679, Validation Accuracy: 68.56%
[Epoch 15, Batch   100] loss: 0.975
[Epoch 15, Batch   200] loss: 0.975
[Epoch 15, Batch   300] loss: 0.975
[Epoch 15, Batch   400] loss: 0.975
[Epoch 15, Batch   500] loss: 0.975
[Epoch 15, Batch   600] loss: 0.975
[Epoch 15, Batch   700] loss: 0.975
Epoch 15/20:
Train Loss: 0.1022, Train Accuracy: 72.94%
Validation Loss: 0.9681, Validation Accuracy: 64.81%
[Epoch 16, Batch   100] loss: 0.974
[Epoch 16, Batch   200] loss: 0.974
[Epoch 16, Batch   300] loss: 0.974
[Epoch 16, Batch   400] loss: 0.975
[Epoch 16, Batch   500] loss: 0.975
[Epoch 16, Batch   600] loss: 0.975
[Epoch 16, Batch   700] loss: 0.974
Epoch 16/20:
Train Loss: 0.1022, Train Accuracy: 73.59%
Validation Loss: 0.9677, Validation Accuracy: 69.07%
[Epoch 17, Batch   100] loss: 0.974
[Epoch 17, Batch   200] loss: 0.974
[Epoch 17, Batch   300] loss: 0.974
[Epoch 17, Batch   400] loss: 0.974
[Epoch 17, Batch   500] loss: 0.975
[Epoch 17, Batch   600] loss: 0.975
[Epoch 17, Batch   700] loss: 0.975
Epoch 17/20:
Train Loss: 0.1022, Train Accuracy: 74.09%
Validation Loss: 0.9680, Validation Accuracy: 69.86%
[Epoch 18, Batch   100] loss: 0.974
[Epoch 18, Batch   200] loss: 0.974
[Epoch 18, Batch   300] loss: 0.974
[Epoch 18, Batch   400] loss: 0.974
[Epoch 18, Batch   500] loss: 0.974
[Epoch 18, Batch   600] loss: 0.974
[Epoch 18, Batch   700] loss: 0.975
Epoch 18/20:
Train Loss: 0.1022, Train Accuracy: 74.21%
Validation Loss: 0.9685, Validation Accuracy: 68.60%
[Epoch 19, Batch   100] loss: 0.974
[Epoch 19, Batch   200] loss: 0.974
[Epoch 19, Batch   300] loss: 0.974
[Epoch 19, Batch   400] loss: 0.974
[Epoch 19, Batch   500] loss: 0.974
[Epoch 19, Batch   600] loss: 0.974
[Epoch 19, Batch   700] loss: 0.974
Epoch 19/20:
Train Loss: 0.1022, Train Accuracy: 75.05%
Validation Loss: 0.9695, Validation Accuracy: 57.89%
[Epoch 20, Batch   100] loss: 0.974
[Epoch 20, Batch   200] loss: 0.974
[Epoch 20, Batch   300] loss: 0.974
[Epoch 20, Batch   400] loss: 0.974
[Epoch 20, Batch   500] loss: 0.974
[Epoch 20, Batch   600] loss: 0.974
[Epoch 20, Batch   700] loss: 0.974
Epoch 20/20:
Train Loss: 0.1022, Train Accuracy: 75.39%
Validation Loss: 0.9677, Validation Accuracy: 67.14%
Model saved to models/resnet18_CIFAR10_E1_2
Modified fc layer: updated out_features to 10.
Loaded weights from file: models/resnet18_CIFAR10_E1_2
Files already downloaded and verified
Files already downloaded and verified
Modified fc layer: updated out_features to 10.
Initialized untrained model.
[Epoch 1, Batch   100] loss: 0.790
[Epoch 1, Batch   200] loss: 0.717
[Epoch 1, Batch   300] loss: 0.650
[Epoch 1, Batch   400] loss: 0.634
[Epoch 1, Batch   500] loss: 0.606
Epoch 1/20:
Train Loss: 0.0510, Train Accuracy: 48.61%
Validation Loss: 0.6289, Validation Accuracy: 51.76%
[Epoch 2, Batch   100] loss: 1.019
[Epoch 2, Batch   200] loss: 0.886
[Epoch 2, Batch   300] loss: 0.887
[Epoch 2, Batch   400] loss: 0.881
[Epoch 2, Batch   500] loss: 0.879
Epoch 2/20:
Train Loss: 0.0756, Train Accuracy: 62.68%
Validation Loss: 0.8038, Validation Accuracy: 53.14%
[Epoch 3, Batch   100] loss: 0.941
[Epoch 3, Batch   200] loss: 0.934
[Epoch 3, Batch   300] loss: 0.933
[Epoch 3, Batch   400] loss: 0.934
[Epoch 3, Batch   500] loss: 0.935
Epoch 3/20:
Train Loss: 0.0802, Train Accuracy: 69.68%
Validation Loss: 0.8686, Validation Accuracy: 63.65%
[Epoch 4, Batch   100] loss: 0.951
[Epoch 4, Batch   200] loss: 0.950
[Epoch 4, Batch   300] loss: 0.951
[Epoch 4, Batch   400] loss: 0.951
[Epoch 4, Batch   500] loss: 0.952
Epoch 4/20:
Train Loss: 0.0818, Train Accuracy: 74.21%
Validation Loss: 0.9217, Validation Accuracy: 63.74%
[Epoch 5, Batch   100] loss: 0.959
[Epoch 5, Batch   200] loss: 0.958
[Epoch 5, Batch   300] loss: 0.959
[Epoch 5, Batch   400] loss: 0.959
[Epoch 5, Batch   500] loss: 0.960
Epoch 5/20:
Train Loss: 0.0825, Train Accuracy: 76.95%
Validation Loss: 0.9382, Validation Accuracy: 68.08%
[Epoch 6, Batch   100] loss: 0.963
[Epoch 6, Batch   200] loss: 0.963
[Epoch 6, Batch   300] loss: 0.964
[Epoch 6, Batch   400] loss: 0.964
[Epoch 6, Batch   500] loss: 0.965
Epoch 6/20:
Train Loss: 0.0829, Train Accuracy: 78.38%
Validation Loss: 0.9515, Validation Accuracy: 67.57%
[Epoch 7, Batch   100] loss: 0.966
[Epoch 7, Batch   200] loss: 0.967
[Epoch 7, Batch   300] loss: 0.967
[Epoch 7, Batch   400] loss: 0.968
[Epoch 7, Batch   500] loss: 0.968
Epoch 7/20:
Train Loss: 0.0832, Train Accuracy: 78.77%
Validation Loss: 0.9564, Validation Accuracy: 64.71%
[Epoch 8, Batch   100] loss: 0.969
[Epoch 8, Batch   200] loss: 0.969
[Epoch 8, Batch   300] loss: 0.970
[Epoch 8, Batch   400] loss: 0.970
[Epoch 8, Batch   500] loss: 0.970
Epoch 8/20:
Train Loss: 0.0834, Train Accuracy: 78.54%
Validation Loss: 0.9591, Validation Accuracy: 66.76%
[Epoch 9, Batch   100] loss: 0.971
[Epoch 9, Batch   200] loss: 0.971
[Epoch 9, Batch   300] loss: 0.971
[Epoch 9, Batch   400] loss: 0.972
[Epoch 9, Batch   500] loss: 0.972
Epoch 9/20:
Train Loss: 0.0835, Train Accuracy: 77.71%
Validation Loss: 0.9636, Validation Accuracy: 66.14%
[Epoch 10, Batch   100] loss: 0.973
[Epoch 10, Batch   200] loss: 0.973
[Epoch 10, Batch   300] loss: 0.973
[Epoch 10, Batch   400] loss: 0.973
[Epoch 10, Batch   500] loss: 0.973
Epoch 10/20:
Train Loss: 0.0837, Train Accuracy: 76.89%
Validation Loss: 0.9662, Validation Accuracy: 63.99%
[Epoch 11, Batch   100] loss: 0.974
[Epoch 11, Batch   200] loss: 0.974
[Epoch 11, Batch   300] loss: 0.974
[Epoch 11, Batch   400] loss: 0.975
[Epoch 11, Batch   500] loss: 0.975
Epoch 11/20:
Train Loss: 0.0837, Train Accuracy: 75.25%
Validation Loss: 0.9687, Validation Accuracy: 66.00%
[Epoch 12, Batch   100] loss: 0.974
[Epoch 12, Batch   200] loss: 0.975
[Epoch 12, Batch   300] loss: 0.975
[Epoch 12, Batch   400] loss: 0.975
[Epoch 12, Batch   500] loss: 0.975
Epoch 12/20:
Train Loss: 0.0838, Train Accuracy: 73.23%
Validation Loss: 0.9693, Validation Accuracy: 62.48%
[Epoch 13, Batch   100] loss: 0.974
[Epoch 13, Batch   200] loss: 0.975
[Epoch 13, Batch   300] loss: 0.975
[Epoch 13, Batch   400] loss: 0.975
[Epoch 13, Batch   500] loss: 0.975
Epoch 13/20:
Train Loss: 0.0838, Train Accuracy: 72.05%
Validation Loss: 0.9704, Validation Accuracy: 57.33%
[Epoch 14, Batch   100] loss: 0.974
[Epoch 14, Batch   200] loss: 0.975
[Epoch 14, Batch   300] loss: 0.975
[Epoch 14, Batch   400] loss: 0.975
[Epoch 14, Batch   500] loss: 0.975
Epoch 14/20:
Train Loss: 0.0838, Train Accuracy: 71.72%
Validation Loss: 0.9698, Validation Accuracy: 64.92%
[Epoch 15, Batch   100] loss: 0.975
[Epoch 15, Batch   200] loss: 0.975
[Epoch 15, Batch   300] loss: 0.975
[Epoch 15, Batch   400] loss: 0.975
[Epoch 15, Batch   500] loss: 0.975
Epoch 15/20:
Train Loss: 0.0838, Train Accuracy: 71.83%
Validation Loss: 0.9693, Validation Accuracy: 60.04%
[Epoch 16, Batch   100] loss: 0.975
[Epoch 16, Batch   200] loss: 0.975
[Epoch 16, Batch   300] loss: 0.975
[Epoch 16, Batch   400] loss: 0.975
[Epoch 16, Batch   500] loss: 0.975
Epoch 16/20:
Train Loss: 0.0838, Train Accuracy: 72.30%
Validation Loss: 0.9690, Validation Accuracy: 64.51%
[Epoch 17, Batch   100] loss: 0.974
[Epoch 17, Batch   200] loss: 0.975
[Epoch 17, Batch   300] loss: 0.975
[Epoch 17, Batch   400] loss: 0.975
[Epoch 17, Batch   500] loss: 0.975
Epoch 17/20:
Train Loss: 0.0838, Train Accuracy: 72.88%
Validation Loss: 0.9680, Validation Accuracy: 66.59%
[Epoch 18, Batch   100] loss: 0.974
[Epoch 18, Batch   200] loss: 0.974
[Epoch 18, Batch   300] loss: 0.975
[Epoch 18, Batch   400] loss: 0.975
[Epoch 18, Batch   500] loss: 0.975
Epoch 18/20:
Train Loss: 0.0838, Train Accuracy: 73.47%
Validation Loss: 0.9695, Validation Accuracy: 61.73%
[Epoch 19, Batch   100] loss: 0.974
[Epoch 19, Batch   200] loss: 0.975
[Epoch 19, Batch   300] loss: 0.975
[Epoch 19, Batch   400] loss: 0.975
[Epoch 19, Batch   500] loss: 0.975
Epoch 19/20:
Train Loss: 0.0837, Train Accuracy: 73.78%
Validation Loss: 0.9688, Validation Accuracy: 62.80%
[Epoch 20, Batch   100] loss: 0.974
[Epoch 20, Batch   200] loss: 0.974
[Epoch 20, Batch   300] loss: 0.974
[Epoch 20, Batch   400] loss: 0.974
[Epoch 20, Batch   500] loss: 0.975
Epoch 20/20:
Train Loss: 0.0837, Train Accuracy: 74.58%
Validation Loss: 0.9683, Validation Accuracy: 63.23%
Model saved to models/resnet18-EvidenceLoss-CIFAR10-random-0.3-2
Modified fc layer: updated out_features to 10.
Initialized untrained model.
[Epoch 1, Batch   100] loss: 0.793
[Epoch 1, Batch   200] loss: 0.708
[Epoch 1, Batch   300] loss: 0.667
Epoch 1/20:
Train Loss: 0.1480, Train Accuracy: 45.42%
Validation Loss: 0.6778, Validation Accuracy: 47.73%
[Epoch 2, Batch   100] loss: 1.009
[Epoch 2, Batch   200] loss: 0.902
[Epoch 2, Batch   300] loss: 0.895
Epoch 2/20:
Train Loss: 0.2079, Train Accuracy: 57.82%
Validation Loss: 0.7984, Validation Accuracy: 55.98%
[Epoch 3, Batch   100] loss: 0.942
[Epoch 3, Batch   200] loss: 0.938
[Epoch 3, Batch   300] loss: 0.937
Epoch 3/20:
Train Loss: 0.2181, Train Accuracy: 67.41%
Validation Loss: 0.8812, Validation Accuracy: 60.94%
[Epoch 4, Batch   100] loss: 0.953
[Epoch 4, Batch   200] loss: 0.951
[Epoch 4, Batch   300] loss: 0.952
Epoch 4/20:
Train Loss: 0.2218, Train Accuracy: 72.83%
Validation Loss: 0.9173, Validation Accuracy: 65.17%
[Epoch 5, Batch   100] loss: 0.959
[Epoch 5, Batch   200] loss: 0.959
[Epoch 5, Batch   300] loss: 0.959
Epoch 5/20:
Train Loss: 0.2234, Train Accuracy: 76.46%
Validation Loss: 0.9448, Validation Accuracy: 59.97%
[Epoch 6, Batch   100] loss: 0.963
[Epoch 6, Batch   200] loss: 0.963
[Epoch 6, Batch   300] loss: 0.964
Epoch 6/20:
Train Loss: 0.2245, Train Accuracy: 78.74%
Validation Loss: 0.9483, Validation Accuracy: 64.73%
[Epoch 7, Batch   100] loss: 0.966
[Epoch 7, Batch   200] loss: 0.967
[Epoch 7, Batch   300] loss: 0.967
Epoch 7/20:
Train Loss: 0.2252, Train Accuracy: 80.56%
Validation Loss: 0.9566, Validation Accuracy: 63.91%
[Epoch 8, Batch   100] loss: 0.968
[Epoch 8, Batch   200] loss: 0.969
[Epoch 8, Batch   300] loss: 0.969
Epoch 8/20:
Train Loss: 0.2257, Train Accuracy: 81.19%
Validation Loss: 0.9603, Validation Accuracy: 59.23%
[Epoch 9, Batch   100] loss: 0.970
[Epoch 9, Batch   200] loss: 0.971
[Epoch 9, Batch   300] loss: 0.971
Epoch 9/20:
Train Loss: 0.2261, Train Accuracy: 81.06%
Validation Loss: 0.9644, Validation Accuracy: 63.29%
[Epoch 10, Batch   100] loss: 0.972
[Epoch 10, Batch   200] loss: 0.972
[Epoch 10, Batch   300] loss: 0.973
Epoch 10/20:
Train Loss: 0.2264, Train Accuracy: 80.75%
Validation Loss: 0.9671, Validation Accuracy: 63.11%
[Epoch 11, Batch   100] loss: 0.973
[Epoch 11, Batch   200] loss: 0.973
[Epoch 11, Batch   300] loss: 0.974
Epoch 11/20:
Train Loss: 0.2267, Train Accuracy: 80.13%
Validation Loss: 0.9685, Validation Accuracy: 62.25%
[Epoch 12, Batch   100] loss: 0.973
[Epoch 12, Batch   200] loss: 0.974
[Epoch 12, Batch   300] loss: 0.974
Epoch 12/20:
Train Loss: 0.2268, Train Accuracy: 78.17%
Validation Loss: 0.9698, Validation Accuracy: 61.95%
[Epoch 13, Batch   100] loss: 0.974
[Epoch 13, Batch   200] loss: 0.974
[Epoch 13, Batch   300] loss: 0.974
Epoch 13/20:
Train Loss: 0.2269, Train Accuracy: 76.40%
Validation Loss: 0.9703, Validation Accuracy: 59.92%
[Epoch 14, Batch   100] loss: 0.974
[Epoch 14, Batch   200] loss: 0.974
[Epoch 14, Batch   300] loss: 0.975
Epoch 14/20:
Train Loss: 0.2269, Train Accuracy: 75.19%
Validation Loss: 0.9686, Validation Accuracy: 63.24%
[Epoch 15, Batch   100] loss: 0.974
[Epoch 15, Batch   200] loss: 0.974
[Epoch 15, Batch   300] loss: 0.975
Epoch 15/20:
Train Loss: 0.2269, Train Accuracy: 74.26%
Validation Loss: 0.9691, Validation Accuracy: 60.51%
[Epoch 16, Batch   100] loss: 0.974
[Epoch 16, Batch   200] loss: 0.975
[Epoch 16, Batch   300] loss: 0.975
Epoch 16/20:
Train Loss: 0.2269, Train Accuracy: 73.27%
Validation Loss: 0.9690, Validation Accuracy: 62.80%
[Epoch 17, Batch   100] loss: 0.974
[Epoch 17, Batch   200] loss: 0.975
[Epoch 17, Batch   300] loss: 0.975
Epoch 17/20:
Train Loss: 0.2269, Train Accuracy: 72.62%
Validation Loss: 0.9693, Validation Accuracy: 64.36%
[Epoch 18, Batch   100] loss: 0.974
[Epoch 18, Batch   200] loss: 0.975
[Epoch 18, Batch   300] loss: 0.975
Epoch 18/20:
Train Loss: 0.2269, Train Accuracy: 72.88%
Validation Loss: 0.9694, Validation Accuracy: 63.09%
[Epoch 19, Batch   100] loss: 0.974
[Epoch 19, Batch   200] loss: 0.975
[Epoch 19, Batch   300] loss: 0.975
Epoch 19/20:
Train Loss: 0.2269, Train Accuracy: 73.04%
Validation Loss: 0.9692, Validation Accuracy: 64.28%
[Epoch 20, Batch   100] loss: 0.974
[Epoch 20, Batch   200] loss: 0.975
[Epoch 20, Batch   300] loss: 0.975
Epoch 20/20:
Train Loss: 0.2269, Train Accuracy: 73.03%
Validation Loss: 0.9692, Validation Accuracy: 59.86%
Model saved to models/resnet18-EvidenceLoss-CIFAR10-random-0.5-2
Modified fc layer: updated out_features to 10.
Initialized untrained model.
[Epoch 1, Batch   100] loss: 0.797
[Epoch 1, Batch   200] loss: 0.714
Epoch 1/20:
Train Loss: 0.1011, Train Accuracy: 41.59%
Validation Loss: 0.6962, Validation Accuracy: 46.21%
[Epoch 2, Batch   100] loss: 0.999
[Epoch 2, Batch   200] loss: 0.910
Epoch 2/20:
Train Loss: 0.1347, Train Accuracy: 53.50%
Validation Loss: 0.8378, Validation Accuracy: 52.70%
[Epoch 3, Batch   100] loss: 0.948
[Epoch 3, Batch   200] loss: 0.942
Epoch 3/20:
Train Loss: 0.1403, Train Accuracy: 62.59%
Validation Loss: 0.9126, Validation Accuracy: 52.94%
[Epoch 4, Batch   100] loss: 0.955
[Epoch 4, Batch   200] loss: 0.953
Epoch 4/20:
Train Loss: 0.1420, Train Accuracy: 69.83%
Validation Loss: 0.9249, Validation Accuracy: 60.82%
[Epoch 5, Batch   100] loss: 0.960
[Epoch 5, Batch   200] loss: 0.960
Epoch 5/20:
Train Loss: 0.1431, Train Accuracy: 75.07%
Validation Loss: 0.9424, Validation Accuracy: 60.50%
[Epoch 6, Batch   100] loss: 0.963
[Epoch 6, Batch   200] loss: 0.963
Epoch 6/20:
Train Loss: 0.1436, Train Accuracy: 79.19%
Validation Loss: 0.9546, Validation Accuracy: 58.79%
[Epoch 7, Batch   100] loss: 0.966
[Epoch 7, Batch   200] loss: 0.966
Epoch 7/20:
Train Loss: 0.1439, Train Accuracy: 82.51%
Validation Loss: 0.9580, Validation Accuracy: 61.89%
[Epoch 8, Batch   100] loss: 0.968
[Epoch 8, Batch   200] loss: 0.968
Epoch 8/20:
Train Loss: 0.1443, Train Accuracy: 83.95%
Validation Loss: 0.9626, Validation Accuracy: 59.43%
[Epoch 9, Batch   100] loss: 0.969
[Epoch 9, Batch   200] loss: 0.970
Epoch 9/20:
Train Loss: 0.1445, Train Accuracy: 85.89%
Validation Loss: 0.9645, Validation Accuracy: 59.71%
[Epoch 10, Batch   100] loss: 0.971
[Epoch 10, Batch   200] loss: 0.971
Epoch 10/20:
Train Loss: 0.1447, Train Accuracy: 86.35%
Validation Loss: 0.9680, Validation Accuracy: 57.92%
[Epoch 11, Batch   100] loss: 0.972
[Epoch 11, Batch   200] loss: 0.973
Epoch 11/20:
Train Loss: 0.1449, Train Accuracy: 86.57%
Validation Loss: 0.9689, Validation Accuracy: 60.01%
[Epoch 12, Batch   100] loss: 0.972
[Epoch 12, Batch   200] loss: 0.973
Epoch 12/20:
Train Loss: 0.1449, Train Accuracy: 85.38%
Validation Loss: 0.9684, Validation Accuracy: 58.30%
[Epoch 13, Batch   100] loss: 0.973
[Epoch 13, Batch   200] loss: 0.973
Epoch 13/20:
Train Loss: 0.1450, Train Accuracy: 83.13%
Validation Loss: 0.9706, Validation Accuracy: 53.93%
[Epoch 14, Batch   100] loss: 0.973
[Epoch 14, Batch   200] loss: 0.973
Epoch 14/20:
Train Loss: 0.1450, Train Accuracy: 82.07%
Validation Loss: 0.9696, Validation Accuracy: 60.15%
[Epoch 15, Batch   100] loss: 0.973
[Epoch 15, Batch   200] loss: 0.973
Epoch 15/20:
Train Loss: 0.1450, Train Accuracy: 81.77%
Validation Loss: 0.9686, Validation Accuracy: 57.46%
[Epoch 16, Batch   100] loss: 0.973
[Epoch 16, Batch   200] loss: 0.974
Epoch 16/20:
Train Loss: 0.1451, Train Accuracy: 80.83%
Validation Loss: 0.9701, Validation Accuracy: 56.28%
[Epoch 17, Batch   100] loss: 0.973
[Epoch 17, Batch   200] loss: 0.974
Epoch 17/20:
Train Loss: 0.1450, Train Accuracy: 79.92%
Validation Loss: 0.9714, Validation Accuracy: 51.04%
[Epoch 18, Batch   100] loss: 0.973
[Epoch 18, Batch   200] loss: 0.974
Epoch 18/20:
Train Loss: 0.1451, Train Accuracy: 79.63%
Validation Loss: 0.9708, Validation Accuracy: 52.31%
[Epoch 19, Batch   100] loss: 0.973
[Epoch 19, Batch   200] loss: 0.974
Epoch 19/20:
Train Loss: 0.1451, Train Accuracy: 79.36%
Validation Loss: 0.9699, Validation Accuracy: 58.39%
[Epoch 20, Batch   100] loss: 0.973
[Epoch 20, Batch   200] loss: 0.974
Epoch 20/20:
Train Loss: 0.1451, Train Accuracy: 79.25%
Validation Loss: 0.9699, Validation Accuracy: 59.41%
Model saved to models/resnet18-EvidenceLoss-CIFAR10-random-0.7-2
Modified fc layer: updated out_features to 10.
Initialized untrained model.
[Epoch 1, Batch   100] loss: 0.784
Epoch 1/20:
Train Loss: 0.2601, Train Accuracy: 39.54%
Validation Loss: 0.7641, Validation Accuracy: 39.97%
[Epoch 2, Batch   100] loss: 0.989
Epoch 2/20:
Train Loss: 0.3330, Train Accuracy: 51.64%
Validation Loss: 0.8331, Validation Accuracy: 48.03%
[Epoch 3, Batch   100] loss: 0.950
Epoch 3/20:
Train Loss: 0.3430, Train Accuracy: 61.04%
Validation Loss: 0.9064, Validation Accuracy: 54.86%
[Epoch 4, Batch   100] loss: 0.955
Epoch 4/20:
Train Loss: 0.3470, Train Accuracy: 68.42%
Validation Loss: 0.9369, Validation Accuracy: 55.63%
[Epoch 5, Batch   100] loss: 0.960
Epoch 5/20:
Train Loss: 0.3486, Train Accuracy: 75.15%
Validation Loss: 0.9461, Validation Accuracy: 56.08%
[Epoch 6, Batch   100] loss: 0.963
Epoch 6/20:
Train Loss: 0.3497, Train Accuracy: 80.79%
Validation Loss: 0.9556, Validation Accuracy: 55.87%
[Epoch 7, Batch   100] loss: 0.965
Epoch 7/20:
Train Loss: 0.3506, Train Accuracy: 84.54%
Validation Loss: 0.9586, Validation Accuracy: 57.03%
[Epoch 8, Batch   100] loss: 0.967
Epoch 8/20:
Train Loss: 0.3512, Train Accuracy: 87.92%
Validation Loss: 0.9619, Validation Accuracy: 57.17%
[Epoch 9, Batch   100] loss: 0.969
Epoch 9/20:
Train Loss: 0.3517, Train Accuracy: 90.21%
Validation Loss: 0.9655, Validation Accuracy: 54.32%
[Epoch 10, Batch   100] loss: 0.970
Epoch 10/20:
Train Loss: 0.3523, Train Accuracy: 90.84%
Validation Loss: 0.9689, Validation Accuracy: 55.06%
[Epoch 11, Batch   100] loss: 0.971
Epoch 11/20:
Train Loss: 0.3527, Train Accuracy: 91.78%
Validation Loss: 0.9686, Validation Accuracy: 55.07%
[Epoch 12, Batch   100] loss: 0.971
Epoch 12/20:
Train Loss: 0.3528, Train Accuracy: 91.62%
Validation Loss: 0.9694, Validation Accuracy: 55.74%
[Epoch 13, Batch   100] loss: 0.971
Epoch 13/20:
Train Loss: 0.3529, Train Accuracy: 90.39%
Validation Loss: 0.9693, Validation Accuracy: 54.48%
[Epoch 14, Batch   100] loss: 0.972
Epoch 14/20:
Train Loss: 0.3530, Train Accuracy: 89.04%
Validation Loss: 0.9697, Validation Accuracy: 54.41%
[Epoch 15, Batch   100] loss: 0.972
Epoch 15/20:
Train Loss: 0.3531, Train Accuracy: 87.49%
Validation Loss: 0.9708, Validation Accuracy: 52.34%
[Epoch 16, Batch   100] loss: 0.972
Epoch 16/20:
Train Loss: 0.3531, Train Accuracy: 87.08%
Validation Loss: 0.9700, Validation Accuracy: 52.15%
[Epoch 17, Batch   100] loss: 0.972
Epoch 17/20:
Train Loss: 0.3531, Train Accuracy: 86.44%
Validation Loss: 0.9702, Validation Accuracy: 50.49%
[Epoch 18, Batch   100] loss: 0.972
Epoch 18/20:
Train Loss: 0.3532, Train Accuracy: 86.53%
Validation Loss: 0.9696, Validation Accuracy: 52.88%
[Epoch 19, Batch   100] loss: 0.972
Epoch 19/20:
Train Loss: 0.3533, Train Accuracy: 85.41%
Validation Loss: 0.9694, Validation Accuracy: 52.77%
[Epoch 20, Batch   100] loss: 0.972
Epoch 20/20:
Train Loss: 0.3533, Train Accuracy: 85.27%
Validation Loss: 0.9724, Validation Accuracy: 47.23%
Model saved to models/resnet18-EvidenceLoss-CIFAR10-random-0.8-2
Modified fc layer: updated out_features to 10.
Initialized untrained model.
Epoch 1/20:
Train Loss: 0.8063, Train Accuracy: 33.23%
Validation Loss: 0.7578, Validation Accuracy: 39.68%
Epoch 2/20:
Train Loss: 0.9968, Train Accuracy: 43.05%
Validation Loss: 0.8627, Validation Accuracy: 44.09%
Epoch 3/20:
Train Loss: 0.9588, Train Accuracy: 52.67%
Validation Loss: 0.9357, Validation Accuracy: 41.30%
Epoch 4/20:
Train Loss: 0.9594, Train Accuracy: 64.13%
Validation Loss: 0.9461, Validation Accuracy: 48.47%
Epoch 5/20:
Train Loss: 0.9622, Train Accuracy: 71.65%
Validation Loss: 0.9520, Validation Accuracy: 49.73%
Epoch 6/20:
Train Loss: 0.9639, Train Accuracy: 79.44%
Validation Loss: 0.9593, Validation Accuracy: 50.26%
Epoch 7/20:
Train Loss: 0.9655, Train Accuracy: 85.52%
Validation Loss: 0.9625, Validation Accuracy: 50.31%
Epoch 8/20:
Train Loss: 0.9673, Train Accuracy: 89.54%
Validation Loss: 0.9663, Validation Accuracy: 50.42%
Epoch 9/20:
Train Loss: 0.9686, Train Accuracy: 92.08%
Validation Loss: 0.9682, Validation Accuracy: 50.22%
Epoch 10/20:
Train Loss: 0.9699, Train Accuracy: 93.58%
Validation Loss: 0.9692, Validation Accuracy: 50.41%
Epoch 11/20:
Train Loss: 0.9708, Train Accuracy: 95.28%
Validation Loss: 0.9714, Validation Accuracy: 49.30%
Epoch 12/20:
Train Loss: 0.9706, Train Accuracy: 96.12%
Validation Loss: 0.9710, Validation Accuracy: 50.22%
Epoch 13/20:
Train Loss: 0.9705, Train Accuracy: 96.60%
Validation Loss: 0.9715, Validation Accuracy: 48.39%
Epoch 14/20:
Train Loss: 0.9705, Train Accuracy: 96.40%
Validation Loss: 0.9708, Validation Accuracy: 49.83%
Epoch 15/20:
Train Loss: 0.9709, Train Accuracy: 94.12%
Validation Loss: 0.9712, Validation Accuracy: 48.01%
Epoch 16/20:
Train Loss: 0.9708, Train Accuracy: 95.08%
Validation Loss: 0.9717, Validation Accuracy: 46.07%
Epoch 17/20:
Train Loss: 0.9712, Train Accuracy: 92.90%
Validation Loss: 0.9711, Validation Accuracy: 48.26%
Epoch 18/20:
Train Loss: 0.9711, Train Accuracy: 93.12%
Validation Loss: 0.9707, Validation Accuracy: 47.35%
Epoch 19/20:
Train Loss: 0.9717, Train Accuracy: 90.56%
Validation Loss: 0.9713, Validation Accuracy: 47.55%
Epoch 20/20:
Train Loss: 0.9715, Train Accuracy: 91.48%
Validation Loss: 0.9720, Validation Accuracy: 46.36%
Model saved to models/resnet18-EvidenceLoss-CIFAR10-random-0.9-2
Modified fc layer: updated out_features to 10.
Initialized untrained model.
Epoch 1/20:
Train Loss: 0.8355, Train Accuracy: 31.04%
Validation Loss: 0.9507, Validation Accuracy: 14.74%
Epoch 2/20:
Train Loss: 1.0185, Train Accuracy: 41.40%
Validation Loss: 0.8870, Validation Accuracy: 36.43%
Epoch 3/20:
Train Loss: 0.9621, Train Accuracy: 52.24%
Validation Loss: 0.9454, Validation Accuracy: 38.83%
Epoch 4/20:
Train Loss: 0.9665, Train Accuracy: 53.60%
Validation Loss: 0.9572, Validation Accuracy: 39.16%
Epoch 5/20:
Train Loss: 0.9669, Train Accuracy: 63.44%
Validation Loss: 0.9629, Validation Accuracy: 41.21%
Epoch 6/20:
Train Loss: 0.9668, Train Accuracy: 75.28%
Validation Loss: 0.9631, Validation Accuracy: 43.81%
Epoch 7/20:
Train Loss: 0.9681, Train Accuracy: 81.44%
Validation Loss: 0.9672, Validation Accuracy: 43.61%
Epoch 8/20:
Train Loss: 0.9690, Train Accuracy: 85.76%
Validation Loss: 0.9699, Validation Accuracy: 43.54%
Epoch 9/20:
Train Loss: 0.9700, Train Accuracy: 89.56%
Validation Loss: 0.9718, Validation Accuracy: 43.35%
Epoch 10/20:
Train Loss: 0.9710, Train Accuracy: 92.32%
Validation Loss: 0.9727, Validation Accuracy: 43.51%
Epoch 11/20:
Train Loss: 0.9725, Train Accuracy: 90.28%
Validation Loss: 0.9738, Validation Accuracy: 42.16%
Epoch 12/20:
Train Loss: 0.9717, Train Accuracy: 93.84%
Validation Loss: 0.9735, Validation Accuracy: 43.56%
Epoch 13/20:
Train Loss: 0.9715, Train Accuracy: 94.48%
Validation Loss: 0.9740, Validation Accuracy: 43.09%
Epoch 14/20:
Train Loss: 0.9712, Train Accuracy: 96.28%
Validation Loss: 0.9733, Validation Accuracy: 43.95%
Epoch 15/20:
Train Loss: 0.9711, Train Accuracy: 96.92%
Validation Loss: 0.9737, Validation Accuracy: 42.94%
Epoch 16/20:
Train Loss: 0.9709, Train Accuracy: 97.08%
Validation Loss: 0.9733, Validation Accuracy: 43.02%
Epoch 17/20:
Train Loss: 0.9708, Train Accuracy: 97.60%
Validation Loss: 0.9743, Validation Accuracy: 42.07%
Epoch 18/20:
Train Loss: 0.9712, Train Accuracy: 96.48%
Validation Loss: 0.9734, Validation Accuracy: 42.84%
Epoch 19/20:
Train Loss: 0.9708, Train Accuracy: 97.16%
Validation Loss: 0.9729, Validation Accuracy: 42.73%
Epoch 20/20:
Train Loss: 0.9708, Train Accuracy: 97.72%
Validation Loss: 0.9733, Validation Accuracy: 42.53%
Model saved to models/resnet18-EvidenceLoss-CIFAR10-random-0.95-2
Modified fc layer: updated out_features to 10.
Loaded weights from file: models/resnet18_CIFAR10_E1_2
Files already downloaded and verified
Files already downloaded and verified
Modified fc layer: updated out_features to 10.
Initialized untrained model.
[Epoch 1, Batch   100] loss: 0.787
[Epoch 1, Batch   200] loss: 0.707
[Epoch 1, Batch   300] loss: 0.677
[Epoch 1, Batch   400] loss: 0.643
[Epoch 1, Batch   500] loss: 0.621
Epoch 1/20:
Train Loss: 0.0507, Train Accuracy: 47.78%
Validation Loss: 0.7622, Validation Accuracy: 41.09%
[Epoch 2, Batch   100] loss: 1.015
[Epoch 2, Batch   200] loss: 0.895
[Epoch 2, Batch   300] loss: 0.887
[Epoch 2, Batch   400] loss: 0.887
[Epoch 2, Batch   500] loss: 0.884
Epoch 2/20:
Train Loss: 0.0761, Train Accuracy: 60.91%
Validation Loss: 0.7679, Validation Accuracy: 61.65%
[Epoch 3, Batch   100] loss: 0.939
[Epoch 3, Batch   200] loss: 0.934
[Epoch 3, Batch   300] loss: 0.935
[Epoch 3, Batch   400] loss: 0.934
[Epoch 3, Batch   500] loss: 0.934
Epoch 3/20:
Train Loss: 0.0803, Train Accuracy: 69.53%
Validation Loss: 0.8806, Validation Accuracy: 63.35%
[Epoch 4, Batch   100] loss: 0.951
[Epoch 4, Batch   200] loss: 0.951
[Epoch 4, Batch   300] loss: 0.951
[Epoch 4, Batch   400] loss: 0.951
[Epoch 4, Batch   500] loss: 0.952
Epoch 4/20:
Train Loss: 0.0818, Train Accuracy: 73.93%
Validation Loss: 0.9171, Validation Accuracy: 67.90%
[Epoch 5, Batch   100] loss: 0.959
[Epoch 5, Batch   200] loss: 0.959
[Epoch 5, Batch   300] loss: 0.959
[Epoch 5, Batch   400] loss: 0.960
[Epoch 5, Batch   500] loss: 0.960
Epoch 5/20:
Train Loss: 0.0825, Train Accuracy: 76.68%
Validation Loss: 0.9389, Validation Accuracy: 67.85%
[Epoch 6, Batch   100] loss: 0.963
[Epoch 6, Batch   200] loss: 0.963
[Epoch 6, Batch   300] loss: 0.964
[Epoch 6, Batch   400] loss: 0.964
[Epoch 6, Batch   500] loss: 0.965
Epoch 6/20:
Train Loss: 0.0829, Train Accuracy: 78.16%
Validation Loss: 0.9490, Validation Accuracy: 66.01%
[Epoch 7, Batch   100] loss: 0.967
[Epoch 7, Batch   200] loss: 0.967
[Epoch 7, Batch   300] loss: 0.967
[Epoch 7, Batch   400] loss: 0.968
[Epoch 7, Batch   500] loss: 0.968
Epoch 7/20:
Train Loss: 0.0832, Train Accuracy: 78.34%
Validation Loss: 0.9550, Validation Accuracy: 66.40%
[Epoch 8, Batch   100] loss: 0.969
[Epoch 8, Batch   200] loss: 0.969
[Epoch 8, Batch   300] loss: 0.970
[Epoch 8, Batch   400] loss: 0.970
[Epoch 8, Batch   500] loss: 0.970
Epoch 8/20:
Train Loss: 0.0834, Train Accuracy: 78.16%
Validation Loss: 0.9601, Validation Accuracy: 66.10%
[Epoch 9, Batch   100] loss: 0.971
[Epoch 9, Batch   200] loss: 0.971
[Epoch 9, Batch   300] loss: 0.972
[Epoch 9, Batch   400] loss: 0.972
[Epoch 9, Batch   500] loss: 0.972
Epoch 9/20:
Train Loss: 0.0835, Train Accuracy: 77.11%
Validation Loss: 0.9643, Validation Accuracy: 64.35%
[Epoch 10, Batch   100] loss: 0.973
[Epoch 10, Batch   200] loss: 0.973
[Epoch 10, Batch   300] loss: 0.973
[Epoch 10, Batch   400] loss: 0.973
[Epoch 10, Batch   500] loss: 0.973
Epoch 10/20:
Train Loss: 0.0837, Train Accuracy: 76.29%
Validation Loss: 0.9660, Validation Accuracy: 68.02%
[Epoch 11, Batch   100] loss: 0.974
[Epoch 11, Batch   200] loss: 0.974
[Epoch 11, Batch   300] loss: 0.974
[Epoch 11, Batch   400] loss: 0.975
[Epoch 11, Batch   500] loss: 0.975
Epoch 11/20:
Train Loss: 0.0838, Train Accuracy: 75.11%
Validation Loss: 0.9676, Validation Accuracy: 64.16%
[Epoch 12, Batch   100] loss: 0.974
[Epoch 12, Batch   200] loss: 0.975
[Epoch 12, Batch   300] loss: 0.975
[Epoch 12, Batch   400] loss: 0.975
[Epoch 12, Batch   500] loss: 0.975
Epoch 12/20:
Train Loss: 0.0838, Train Accuracy: 73.28%
Validation Loss: 0.9696, Validation Accuracy: 60.79%
[Epoch 13, Batch   100] loss: 0.974
[Epoch 13, Batch   200] loss: 0.975
[Epoch 13, Batch   300] loss: 0.975
[Epoch 13, Batch   400] loss: 0.975
[Epoch 13, Batch   500] loss: 0.975
Epoch 13/20:
Train Loss: 0.0838, Train Accuracy: 71.99%
Validation Loss: 0.9695, Validation Accuracy: 63.22%
[Epoch 14, Batch   100] loss: 0.975
[Epoch 14, Batch   200] loss: 0.975
[Epoch 14, Batch   300] loss: 0.975
[Epoch 14, Batch   400] loss: 0.975
[Epoch 14, Batch   500] loss: 0.975
Epoch 14/20:
Train Loss: 0.0838, Train Accuracy: 71.71%
Validation Loss: 0.9700, Validation Accuracy: 59.09%
[Epoch 15, Batch   100] loss: 0.975
[Epoch 15, Batch   200] loss: 0.975
[Epoch 15, Batch   300] loss: 0.975
[Epoch 15, Batch   400] loss: 0.975
[Epoch 15, Batch   500] loss: 0.975
Epoch 15/20:
Train Loss: 0.0838, Train Accuracy: 71.57%
Validation Loss: 0.9698, Validation Accuracy: 61.82%
[Epoch 16, Batch   100] loss: 0.975
[Epoch 16, Batch   200] loss: 0.975
[Epoch 16, Batch   300] loss: 0.975
[Epoch 16, Batch   400] loss: 0.975
[Epoch 16, Batch   500] loss: 0.975
Epoch 16/20:
Train Loss: 0.0838, Train Accuracy: 71.95%
Validation Loss: 0.9689, Validation Accuracy: 62.81%
[Epoch 17, Batch   100] loss: 0.974
[Epoch 17, Batch   200] loss: 0.975
[Epoch 17, Batch   300] loss: 0.975
[Epoch 17, Batch   400] loss: 0.975
[Epoch 17, Batch   500] loss: 0.975
Epoch 17/20:
Train Loss: 0.0838, Train Accuracy: 72.79%
Validation Loss: 0.9692, Validation Accuracy: 61.83%
[Epoch 18, Batch   100] loss: 0.974
[Epoch 18, Batch   200] loss: 0.975
[Epoch 18, Batch   300] loss: 0.975
[Epoch 18, Batch   400] loss: 0.975
[Epoch 18, Batch   500] loss: 0.975
Epoch 18/20:
Train Loss: 0.0838, Train Accuracy: 73.30%
Validation Loss: 0.9684, Validation Accuracy: 66.19%
[Epoch 19, Batch   100] loss: 0.974
[Epoch 19, Batch   200] loss: 0.974
[Epoch 19, Batch   300] loss: 0.975
[Epoch 19, Batch   400] loss: 0.975
[Epoch 19, Batch   500] loss: 0.975
Epoch 19/20:
Train Loss: 0.0838, Train Accuracy: 74.06%
Validation Loss: 0.9686, Validation Accuracy: 67.19%
[Epoch 20, Batch   100] loss: 0.974
[Epoch 20, Batch   200] loss: 0.974
[Epoch 20, Batch   300] loss: 0.975
[Epoch 20, Batch   400] loss: 0.974
[Epoch 20, Batch   500] loss: 0.974
Epoch 20/20:
Train Loss: 0.0838, Train Accuracy: 74.52%
Validation Loss: 0.9703, Validation Accuracy: 60.75%
Model saved to models/resnet18-EvidenceLoss-CIFAR10-EVIDENCE-balanced_by_score-0.3-2
Modified fc layer: updated out_features to 10.
Initialized untrained model.
[Epoch 1, Batch   100] loss: 0.784
[Epoch 1, Batch   200] loss: 0.704
[Epoch 1, Batch   300] loss: 0.663
Epoch 1/20:
Train Loss: 0.1496, Train Accuracy: 45.75%
Validation Loss: 0.7041, Validation Accuracy: 45.15%
[Epoch 2, Batch   100] loss: 1.007
[Epoch 2, Batch   200] loss: 0.898
[Epoch 2, Batch   300] loss: 0.894
Epoch 2/20:
Train Loss: 0.2080, Train Accuracy: 58.78%
Validation Loss: 0.7800, Validation Accuracy: 60.10%
[Epoch 3, Batch   100] loss: 0.943
[Epoch 3, Batch   200] loss: 0.937
[Epoch 3, Batch   300] loss: 0.937
Epoch 3/20:
Train Loss: 0.2182, Train Accuracy: 67.52%
Validation Loss: 0.8908, Validation Accuracy: 61.40%
[Epoch 4, Batch   100] loss: 0.953
[Epoch 4, Batch   200] loss: 0.951
[Epoch 4, Batch   300] loss: 0.951
Epoch 4/20:
Train Loss: 0.2218, Train Accuracy: 73.17%
Validation Loss: 0.9264, Validation Accuracy: 62.42%
[Epoch 5, Batch   100] loss: 0.959
[Epoch 5, Batch   200] loss: 0.958
[Epoch 5, Batch   300] loss: 0.959
Epoch 5/20:
Train Loss: 0.2232, Train Accuracy: 76.94%
Validation Loss: 0.9409, Validation Accuracy: 63.36%
[Epoch 6, Batch   100] loss: 0.963
[Epoch 6, Batch   200] loss: 0.963
[Epoch 6, Batch   300] loss: 0.963
Epoch 6/20:
Train Loss: 0.2244, Train Accuracy: 79.56%
Validation Loss: 0.9484, Validation Accuracy: 63.70%
[Epoch 7, Batch   100] loss: 0.966
[Epoch 7, Batch   200] loss: 0.966
[Epoch 7, Batch   300] loss: 0.967
Epoch 7/20:
Train Loss: 0.2251, Train Accuracy: 80.94%
Validation Loss: 0.9560, Validation Accuracy: 62.98%
[Epoch 8, Batch   100] loss: 0.968
[Epoch 8, Batch   200] loss: 0.969
[Epoch 8, Batch   300] loss: 0.969
Epoch 8/20:
Train Loss: 0.2257, Train Accuracy: 81.52%
Validation Loss: 0.9618, Validation Accuracy: 62.78%
[Epoch 9, Batch   100] loss: 0.970
[Epoch 9, Batch   200] loss: 0.971
[Epoch 9, Batch   300] loss: 0.971
Epoch 9/20:
Train Loss: 0.2261, Train Accuracy: 81.35%
Validation Loss: 0.9653, Validation Accuracy: 62.16%
[Epoch 10, Batch   100] loss: 0.972
[Epoch 10, Batch   200] loss: 0.972
[Epoch 10, Batch   300] loss: 0.973
Epoch 10/20:
Train Loss: 0.2264, Train Accuracy: 81.15%
Validation Loss: 0.9663, Validation Accuracy: 62.81%
[Epoch 11, Batch   100] loss: 0.973
[Epoch 11, Batch   200] loss: 0.973
[Epoch 11, Batch   300] loss: 0.974
Epoch 11/20:
Train Loss: 0.2267, Train Accuracy: 80.08%
Validation Loss: 0.9680, Validation Accuracy: 61.50%
[Epoch 12, Batch   100] loss: 0.973
[Epoch 12, Batch   200] loss: 0.974
[Epoch 12, Batch   300] loss: 0.974
Epoch 12/20:
Train Loss: 0.2268, Train Accuracy: 78.41%
Validation Loss: 0.9691, Validation Accuracy: 63.25%
[Epoch 13, Batch   100] loss: 0.973
[Epoch 13, Batch   200] loss: 0.974
[Epoch 13, Batch   300] loss: 0.974
Epoch 13/20:
Train Loss: 0.2268, Train Accuracy: 76.90%
Validation Loss: 0.9695, Validation Accuracy: 57.05%
[Epoch 14, Batch   100] loss: 0.974
[Epoch 14, Batch   200] loss: 0.974
[Epoch 14, Batch   300] loss: 0.975
Epoch 14/20:
Train Loss: 0.2269, Train Accuracy: 75.71%
Validation Loss: 0.9692, Validation Accuracy: 62.16%
[Epoch 15, Batch   100] loss: 0.974
[Epoch 15, Batch   200] loss: 0.975
[Epoch 15, Batch   300] loss: 0.975
Epoch 15/20:
Train Loss: 0.2269, Train Accuracy: 74.30%
Validation Loss: 0.9702, Validation Accuracy: 59.63%
[Epoch 16, Batch   100] loss: 0.974
[Epoch 16, Batch   200] loss: 0.975
[Epoch 16, Batch   300] loss: 0.975
Epoch 16/20:
Train Loss: 0.2269, Train Accuracy: 73.21%
Validation Loss: 0.9684, Validation Accuracy: 63.68%
[Epoch 17, Batch   100] loss: 0.974
[Epoch 17, Batch   200] loss: 0.975
[Epoch 17, Batch   300] loss: 0.975
Epoch 17/20:
Train Loss: 0.2269, Train Accuracy: 73.34%
Validation Loss: 0.9695, Validation Accuracy: 59.87%
[Epoch 18, Batch   100] loss: 0.974
[Epoch 18, Batch   200] loss: 0.975
[Epoch 18, Batch   300] loss: 0.975
Epoch 18/20:
Train Loss: 0.2269, Train Accuracy: 73.02%
Validation Loss: 0.9703, Validation Accuracy: 56.25%
[Epoch 19, Batch   100] loss: 0.974
[Epoch 19, Batch   200] loss: 0.975
[Epoch 19, Batch   300] loss: 0.975
Epoch 19/20:
Train Loss: 0.2269, Train Accuracy: 73.15%
Validation Loss: 0.9690, Validation Accuracy: 61.85%
[Epoch 20, Batch   100] loss: 0.974
[Epoch 20, Batch   200] loss: 0.975
[Epoch 20, Batch   300] loss: 0.975
Epoch 20/20:
Train Loss: 0.2269, Train Accuracy: 73.54%
Validation Loss: 0.9688, Validation Accuracy: 62.62%
Model saved to models/resnet18-EvidenceLoss-CIFAR10-EVIDENCE-balanced_by_score-0.5-2
Modified fc layer: updated out_features to 10.
Initialized untrained model.
[Epoch 1, Batch   100] loss: 0.794
[Epoch 1, Batch   200] loss: 0.703
Epoch 1/20:
Train Loss: 0.0987, Train Accuracy: 42.37%
Validation Loss: 0.7626, Validation Accuracy: 39.39%
[Epoch 2, Batch   100] loss: 0.996
[Epoch 2, Batch   200] loss: 0.908
Epoch 2/20:
Train Loss: 0.1350, Train Accuracy: 54.04%
Validation Loss: 0.8156, Validation Accuracy: 55.08%
[Epoch 3, Batch   100] loss: 0.947
[Epoch 3, Batch   200] loss: 0.942
Epoch 3/20:
Train Loss: 0.1402, Train Accuracy: 63.45%
Validation Loss: 0.8988, Validation Accuracy: 57.78%
[Epoch 4, Batch   100] loss: 0.954
[Epoch 4, Batch   200] loss: 0.954
Epoch 4/20:
Train Loss: 0.1421, Train Accuracy: 70.03%
Validation Loss: 0.9284, Validation Accuracy: 58.45%
[Epoch 5, Batch   100] loss: 0.960
[Epoch 5, Batch   200] loss: 0.960
Epoch 5/20:
Train Loss: 0.1429, Train Accuracy: 76.15%
Validation Loss: 0.9427, Validation Accuracy: 60.09%
[Epoch 6, Batch   100] loss: 0.963
[Epoch 6, Batch   200] loss: 0.964
Epoch 6/20:
Train Loss: 0.1436, Train Accuracy: 79.84%
Validation Loss: 0.9512, Validation Accuracy: 60.22%
[Epoch 7, Batch   100] loss: 0.965
[Epoch 7, Batch   200] loss: 0.966
Epoch 7/20:
Train Loss: 0.1440, Train Accuracy: 83.38%
Validation Loss: 0.9586, Validation Accuracy: 58.13%
[Epoch 8, Batch   100] loss: 0.968
[Epoch 8, Batch   200] loss: 0.968
Epoch 8/20:
Train Loss: 0.1442, Train Accuracy: 84.87%
Validation Loss: 0.9625, Validation Accuracy: 59.00%
[Epoch 9, Batch   100] loss: 0.969
[Epoch 9, Batch   200] loss: 0.970
Epoch 9/20:
Train Loss: 0.1445, Train Accuracy: 86.39%
Validation Loss: 0.9647, Validation Accuracy: 59.37%
[Epoch 10, Batch   100] loss: 0.971
[Epoch 10, Batch   200] loss: 0.971
Epoch 10/20:
Train Loss: 0.1447, Train Accuracy: 87.24%
Validation Loss: 0.9671, Validation Accuracy: 58.47%
[Epoch 11, Batch   100] loss: 0.972
[Epoch 11, Batch   200] loss: 0.972
Epoch 11/20:
Train Loss: 0.1448, Train Accuracy: 87.53%
Validation Loss: 0.9689, Validation Accuracy: 57.48%
[Epoch 12, Batch   100] loss: 0.972
[Epoch 12, Batch   200] loss: 0.973
Epoch 12/20:
Train Loss: 0.1449, Train Accuracy: 86.40%
Validation Loss: 0.9692, Validation Accuracy: 60.19%
[Epoch 13, Batch   100] loss: 0.972
[Epoch 13, Batch   200] loss: 0.973
Epoch 13/20:
Train Loss: 0.1449, Train Accuracy: 84.75%
Validation Loss: 0.9686, Validation Accuracy: 58.95%
[Epoch 14, Batch   100] loss: 0.972
[Epoch 14, Batch   200] loss: 0.973
Epoch 14/20:
Train Loss: 0.1450, Train Accuracy: 83.35%
Validation Loss: 0.9701, Validation Accuracy: 54.68%
[Epoch 15, Batch   100] loss: 0.973
[Epoch 15, Batch   200] loss: 0.973
Epoch 15/20:
Train Loss: 0.1450, Train Accuracy: 81.71%
Validation Loss: 0.9703, Validation Accuracy: 57.33%
[Epoch 16, Batch   100] loss: 0.973
[Epoch 16, Batch   200] loss: 0.973
Epoch 16/20:
Train Loss: 0.1450, Train Accuracy: 81.51%
Validation Loss: 0.9706, Validation Accuracy: 55.66%
[Epoch 17, Batch   100] loss: 0.973
[Epoch 17, Batch   200] loss: 0.974
Epoch 17/20:
Train Loss: 0.1450, Train Accuracy: 81.19%
Validation Loss: 0.9704, Validation Accuracy: 54.40%
[Epoch 18, Batch   100] loss: 0.973
[Epoch 18, Batch   200] loss: 0.974
Epoch 18/20:
Train Loss: 0.1450, Train Accuracy: 80.71%
Validation Loss: 0.9692, Validation Accuracy: 57.47%
[Epoch 19, Batch   100] loss: 0.973
[Epoch 19, Batch   200] loss: 0.974
Epoch 19/20:
Train Loss: 0.1450, Train Accuracy: 80.04%
Validation Loss: 0.9703, Validation Accuracy: 58.25%
[Epoch 20, Batch   100] loss: 0.973
[Epoch 20, Batch   200] loss: 0.974
Epoch 20/20:
Train Loss: 0.1451, Train Accuracy: 79.92%
Validation Loss: 0.9714, Validation Accuracy: 52.58%
Model saved to models/resnet18-EvidenceLoss-CIFAR10-EVIDENCE-balanced_by_score-0.7-2
Modified fc layer: updated out_features to 10.
Initialized untrained model.
[Epoch 1, Batch   100] loss: 0.791
Epoch 1/20:
Train Loss: 0.2557, Train Accuracy: 39.66%
Validation Loss: 0.7330, Validation Accuracy: 42.32%
[Epoch 2, Batch   100] loss: 0.983
Epoch 2/20:
Train Loss: 0.3250, Train Accuracy: 51.44%
Validation Loss: 0.8567, Validation Accuracy: 47.42%
[Epoch 3, Batch   100] loss: 0.949
Epoch 3/20:
Train Loss: 0.3351, Train Accuracy: 60.79%
Validation Loss: 0.9065, Validation Accuracy: 54.01%
[Epoch 4, Batch   100] loss: 0.956
Epoch 4/20:
Train Loss: 0.3387, Train Accuracy: 68.01%
Validation Loss: 0.9391, Validation Accuracy: 55.86%
[Epoch 5, Batch   100] loss: 0.960
Epoch 5/20:
Train Loss: 0.3408, Train Accuracy: 74.96%
Validation Loss: 0.9489, Validation Accuracy: 55.42%
[Epoch 6, Batch   100] loss: 0.963
Epoch 6/20:
Train Loss: 0.3419, Train Accuracy: 80.38%
Validation Loss: 0.9548, Validation Accuracy: 55.41%
[Epoch 7, Batch   100] loss: 0.965
Epoch 7/20:
Train Loss: 0.3427, Train Accuracy: 84.30%
Validation Loss: 0.9586, Validation Accuracy: 55.88%
[Epoch 8, Batch   100] loss: 0.967
Epoch 8/20:
Train Loss: 0.3432, Train Accuracy: 87.98%
Validation Loss: 0.9627, Validation Accuracy: 55.95%
[Epoch 9, Batch   100] loss: 0.969
Epoch 9/20:
Train Loss: 0.3439, Train Accuracy: 89.44%
Validation Loss: 0.9660, Validation Accuracy: 54.76%
[Epoch 10, Batch   100] loss: 0.970
Epoch 10/20:
Train Loss: 0.3443, Train Accuracy: 90.83%
Validation Loss: 0.9681, Validation Accuracy: 55.13%
[Epoch 11, Batch   100] loss: 0.971
Epoch 11/20:
Train Loss: 0.3447, Train Accuracy: 91.86%
Validation Loss: 0.9698, Validation Accuracy: 52.53%
[Epoch 12, Batch   100] loss: 0.971
Epoch 12/20:
Train Loss: 0.3448, Train Accuracy: 91.36%
Validation Loss: 0.9686, Validation Accuracy: 54.07%
[Epoch 13, Batch   100] loss: 0.971
Epoch 13/20:
Train Loss: 0.3449, Train Accuracy: 90.35%
Validation Loss: 0.9705, Validation Accuracy: 50.39%
[Epoch 14, Batch   100] loss: 0.972
Epoch 14/20:
Train Loss: 0.3450, Train Accuracy: 89.29%
Validation Loss: 0.9693, Validation Accuracy: 53.94%
[Epoch 15, Batch   100] loss: 0.972
Epoch 15/20:
Train Loss: 0.3451, Train Accuracy: 87.32%
Validation Loss: 0.9698, Validation Accuracy: 53.27%
[Epoch 16, Batch   100] loss: 0.972
Epoch 16/20:
Train Loss: 0.3452, Train Accuracy: 86.92%
Validation Loss: 0.9701, Validation Accuracy: 52.19%
[Epoch 17, Batch   100] loss: 0.972
Epoch 17/20:
Train Loss: 0.3452, Train Accuracy: 85.93%
Validation Loss: 0.9710, Validation Accuracy: 52.89%
[Epoch 18, Batch   100] loss: 0.972
Epoch 18/20:
Train Loss: 0.3452, Train Accuracy: 85.61%
Validation Loss: 0.9707, Validation Accuracy: 53.07%
[Epoch 19, Batch   100] loss: 0.972
Epoch 19/20:
Train Loss: 0.3451, Train Accuracy: 86.75%
Validation Loss: 0.9704, Validation Accuracy: 52.53%
[Epoch 20, Batch   100] loss: 0.972
Epoch 20/20:
Train Loss: 0.3453, Train Accuracy: 85.42%
Validation Loss: 0.9699, Validation Accuracy: 51.97%
Model saved to models/resnet18-EvidenceLoss-CIFAR10-EVIDENCE-balanced_by_score-0.8-2
Modified fc layer: updated out_features to 10.
Initialized untrained model.
Epoch 1/20:
Train Loss: 0.8184, Train Accuracy: 32.96%
Validation Loss: 0.7909, Validation Accuracy: 35.74%
Epoch 2/20:
Train Loss: 0.9962, Train Accuracy: 43.84%
Validation Loss: 0.8913, Validation Accuracy: 41.69%
Epoch 3/20:
Train Loss: 0.9546, Train Accuracy: 55.06%
Validation Loss: 0.9234, Validation Accuracy: 45.90%
Epoch 4/20:
Train Loss: 0.9586, Train Accuracy: 65.92%
Validation Loss: 0.9463, Validation Accuracy: 47.69%
Epoch 5/20:
Train Loss: 0.9609, Train Accuracy: 74.82%
Validation Loss: 0.9554, Validation Accuracy: 49.51%
Epoch 6/20:
Train Loss: 0.9630, Train Accuracy: 82.49%
Validation Loss: 0.9558, Validation Accuracy: 50.52%
Epoch 7/20:
Train Loss: 0.9652, Train Accuracy: 87.41%
Validation Loss: 0.9622, Validation Accuracy: 50.39%
Epoch 8/20:
Train Loss: 0.9666, Train Accuracy: 91.39%
Validation Loss: 0.9656, Validation Accuracy: 50.42%
Epoch 9/20:
Train Loss: 0.9681, Train Accuracy: 93.86%
Validation Loss: 0.9679, Validation Accuracy: 51.00%
Epoch 10/20:
Train Loss: 0.9692, Train Accuracy: 95.65%
Validation Loss: 0.9697, Validation Accuracy: 49.67%
Epoch 11/20:
Train Loss: 0.9704, Train Accuracy: 96.76%
Validation Loss: 0.9706, Validation Accuracy: 50.30%
Epoch 12/20:
Train Loss: 0.9702, Train Accuracy: 97.27%
Validation Loss: 0.9707, Validation Accuracy: 50.48%
Epoch 13/20:
Train Loss: 0.9701, Train Accuracy: 97.78%
Validation Loss: 0.9704, Validation Accuracy: 48.48%
Epoch 14/20:
Train Loss: 0.9701, Train Accuracy: 97.98%
Validation Loss: 0.9705, Validation Accuracy: 49.44%
Epoch 15/20:
Train Loss: 0.9701, Train Accuracy: 98.08%
Validation Loss: 0.9701, Validation Accuracy: 48.88%
Epoch 16/20:
Train Loss: 0.9705, Train Accuracy: 96.12%
Validation Loss: 0.9719, Validation Accuracy: 45.53%
Epoch 17/20:
Train Loss: 0.9711, Train Accuracy: 93.49%
Validation Loss: 0.9714, Validation Accuracy: 46.37%
Epoch 18/20:
Train Loss: 0.9716, Train Accuracy: 90.49%
Validation Loss: 0.9712, Validation Accuracy: 46.01%
Epoch 19/20:
Train Loss: 0.9714, Train Accuracy: 91.04%
Validation Loss: 0.9718, Validation Accuracy: 46.44%
Epoch 20/20:
Train Loss: 0.9712, Train Accuracy: 92.55%
Validation Loss: 0.9716, Validation Accuracy: 47.19%
Model saved to models/resnet18-EvidenceLoss-CIFAR10-EVIDENCE-balanced_by_score-0.9-2
Modified fc layer: updated out_features to 10.
Initialized untrained model.
Epoch 1/20:
Train Loss: 0.8467, Train Accuracy: 28.24%
Validation Loss: 0.9249, Validation Accuracy: 18.50%
Epoch 2/20:
Train Loss: 1.0244, Train Accuracy: 42.12%
Validation Loss: 0.8986, Validation Accuracy: 37.69%
Epoch 3/20:
Train Loss: 0.9602, Train Accuracy: 51.16%
Validation Loss: 0.9374, Validation Accuracy: 43.18%
Epoch 4/20:
Train Loss: 0.9613, Train Accuracy: 63.40%
Validation Loss: 0.9522, Validation Accuracy: 42.89%
Epoch 5/20:
Train Loss: 0.9630, Train Accuracy: 72.48%
Validation Loss: 0.9579, Validation Accuracy: 44.71%
Epoch 6/20:
Train Loss: 0.9651, Train Accuracy: 81.16%
Validation Loss: 0.9641, Validation Accuracy: 44.01%
Epoch 7/20:
Train Loss: 0.9671, Train Accuracy: 85.20%
Validation Loss: 0.9655, Validation Accuracy: 44.49%
Epoch 8/20:
Train Loss: 0.9689, Train Accuracy: 88.52%
Validation Loss: 0.9696, Validation Accuracy: 43.97%
Epoch 9/20:
Train Loss: 0.9696, Train Accuracy: 91.44%
Validation Loss: 0.9707, Validation Accuracy: 45.65%
Epoch 10/20:
Train Loss: 0.9709, Train Accuracy: 93.52%
Validation Loss: 0.9720, Validation Accuracy: 44.74%
Epoch 11/20:
Train Loss: 0.9719, Train Accuracy: 94.32%
Validation Loss: 0.9731, Validation Accuracy: 44.43%
Epoch 12/20:
Train Loss: 0.9715, Train Accuracy: 95.72%
Validation Loss: 0.9735, Validation Accuracy: 44.92%
Epoch 13/20:
Train Loss: 0.9712, Train Accuracy: 96.72%
Validation Loss: 0.9733, Validation Accuracy: 44.49%
Epoch 14/20:
Train Loss: 0.9710, Train Accuracy: 97.24%
Validation Loss: 0.9725, Validation Accuracy: 45.48%
Epoch 15/20:
Train Loss: 0.9711, Train Accuracy: 96.56%
Validation Loss: 0.9734, Validation Accuracy: 43.07%
Epoch 16/20:
Train Loss: 0.9707, Train Accuracy: 97.88%
Validation Loss: 0.9730, Validation Accuracy: 45.12%
Epoch 17/20:
Train Loss: 0.9706, Train Accuracy: 98.36%
Validation Loss: 0.9731, Validation Accuracy: 44.05%
Epoch 18/20:
Train Loss: 0.9705, Train Accuracy: 98.28%
Validation Loss: 0.9732, Validation Accuracy: 43.45%
Epoch 19/20:
Train Loss: 0.9704, Train Accuracy: 98.72%
Validation Loss: 0.9725, Validation Accuracy: 44.26%
Epoch 20/20:
Train Loss: 0.9706, Train Accuracy: 98.24%
Validation Loss: 0.9729, Validation Accuracy: 43.54%
Model saved to models/resnet18-EvidenceLoss-CIFAR10-EVIDENCE-balanced_by_score-0.95-2
Modified fc layer: updated out_features to 10.
Loaded weights from file: models/resnet18_CIFAR10_E1_2
Files already downloaded and verified
Files already downloaded and verified
Modified fc layer: updated out_features to 10.
Initialized untrained model.
[Epoch 1, Batch   100] loss: 0.792
[Epoch 1, Batch   200] loss: 0.712
[Epoch 1, Batch   300] loss: 0.672
[Epoch 1, Batch   400] loss: 0.630
[Epoch 1, Batch   500] loss: 0.608
Epoch 1/20:
Train Loss: 0.0498, Train Accuracy: 47.98%
Validation Loss: 0.6844, Validation Accuracy: 48.49%
[Epoch 2, Batch   100] loss: 1.008
[Epoch 2, Batch   200] loss: 0.888
[Epoch 2, Batch   300] loss: 0.879
[Epoch 2, Batch   400] loss: 0.883
[Epoch 2, Batch   500] loss: 0.879
Epoch 2/20:
Train Loss: 0.0752, Train Accuracy: 63.17%
Validation Loss: 0.7512, Validation Accuracy: 62.30%
[Epoch 3, Batch   100] loss: 0.941
[Epoch 3, Batch   200] loss: 0.933
[Epoch 3, Batch   300] loss: 0.934
[Epoch 3, Batch   400] loss: 0.932
[Epoch 3, Batch   500] loss: 0.934
Epoch 3/20:
Train Loss: 0.0800, Train Accuracy: 70.29%
Validation Loss: 0.8678, Validation Accuracy: 65.59%
[Epoch 4, Batch   100] loss: 0.952
[Epoch 4, Batch   200] loss: 0.950
[Epoch 4, Batch   300] loss: 0.950
[Epoch 4, Batch   400] loss: 0.951
[Epoch 4, Batch   500] loss: 0.950
Epoch 4/20:
Train Loss: 0.0818, Train Accuracy: 74.64%
Validation Loss: 0.9246, Validation Accuracy: 64.18%
[Epoch 5, Batch   100] loss: 0.958
[Epoch 5, Batch   200] loss: 0.959
[Epoch 5, Batch   300] loss: 0.958
[Epoch 5, Batch   400] loss: 0.959
[Epoch 5, Batch   500] loss: 0.960
Epoch 5/20:
Train Loss: 0.0825, Train Accuracy: 77.39%
Validation Loss: 0.9387, Validation Accuracy: 65.87%
[Epoch 6, Batch   100] loss: 0.963
[Epoch 6, Batch   200] loss: 0.963
[Epoch 6, Batch   300] loss: 0.964
[Epoch 6, Batch   400] loss: 0.964
[Epoch 6, Batch   500] loss: 0.964
Epoch 6/20:
Train Loss: 0.0829, Train Accuracy: 78.74%
Validation Loss: 0.9483, Validation Accuracy: 67.80%
[Epoch 7, Batch   100] loss: 0.966
[Epoch 7, Batch   200] loss: 0.967
[Epoch 7, Batch   300] loss: 0.967
[Epoch 7, Batch   400] loss: 0.968
[Epoch 7, Batch   500] loss: 0.968
Epoch 7/20:
Train Loss: 0.0832, Train Accuracy: 79.32%
Validation Loss: 0.9565, Validation Accuracy: 63.92%
[Epoch 8, Batch   100] loss: 0.969
[Epoch 8, Batch   200] loss: 0.969
[Epoch 8, Batch   300] loss: 0.969
[Epoch 8, Batch   400] loss: 0.970
[Epoch 8, Batch   500] loss: 0.970
Epoch 8/20:
Train Loss: 0.0834, Train Accuracy: 78.66%
Validation Loss: 0.9613, Validation Accuracy: 66.86%
[Epoch 9, Batch   100] loss: 0.971
[Epoch 9, Batch   200] loss: 0.971
[Epoch 9, Batch   300] loss: 0.972
[Epoch 9, Batch   400] loss: 0.972
[Epoch 9, Batch   500] loss: 0.972
Epoch 9/20:
Train Loss: 0.0835, Train Accuracy: 78.02%
Validation Loss: 0.9658, Validation Accuracy: 59.66%
[Epoch 10, Batch   100] loss: 0.972
[Epoch 10, Batch   200] loss: 0.973
[Epoch 10, Batch   300] loss: 0.973
[Epoch 10, Batch   400] loss: 0.974
[Epoch 10, Batch   500] loss: 0.973
Epoch 10/20:
Train Loss: 0.0837, Train Accuracy: 76.59%
Validation Loss: 0.9676, Validation Accuracy: 63.66%
[Epoch 11, Batch   100] loss: 0.974
[Epoch 11, Batch   200] loss: 0.974
[Epoch 11, Batch   300] loss: 0.974
[Epoch 11, Batch   400] loss: 0.975
[Epoch 11, Batch   500] loss: 0.975
Epoch 11/20:
Train Loss: 0.0838, Train Accuracy: 75.57%
Validation Loss: 0.9688, Validation Accuracy: 65.21%
[Epoch 12, Batch   100] loss: 0.974
[Epoch 12, Batch   200] loss: 0.975
[Epoch 12, Batch   300] loss: 0.975
[Epoch 12, Batch   400] loss: 0.975
[Epoch 12, Batch   500] loss: 0.975
Epoch 12/20:
Train Loss: 0.0838, Train Accuracy: 73.57%
Validation Loss: 0.9685, Validation Accuracy: 65.27%
[Epoch 13, Batch   100] loss: 0.974
[Epoch 13, Batch   200] loss: 0.975
[Epoch 13, Batch   300] loss: 0.975
[Epoch 13, Batch   400] loss: 0.975
[Epoch 13, Batch   500] loss: 0.975
Epoch 13/20:
Train Loss: 0.0838, Train Accuracy: 72.36%
Validation Loss: 0.9696, Validation Accuracy: 60.39%
[Epoch 14, Batch   100] loss: 0.975
[Epoch 14, Batch   200] loss: 0.975
[Epoch 14, Batch   300] loss: 0.975
[Epoch 14, Batch   400] loss: 0.975
[Epoch 14, Batch   500] loss: 0.975
Epoch 14/20:
Train Loss: 0.0838, Train Accuracy: 72.36%
Validation Loss: 0.9691, Validation Accuracy: 63.84%
[Epoch 15, Batch   100] loss: 0.974
[Epoch 15, Batch   200] loss: 0.975
[Epoch 15, Batch   300] loss: 0.975
[Epoch 15, Batch   400] loss: 0.975
[Epoch 15, Batch   500] loss: 0.975
Epoch 15/20:
Train Loss: 0.0838, Train Accuracy: 71.99%
Validation Loss: 0.9686, Validation Accuracy: 66.62%
[Epoch 16, Batch   100] loss: 0.974
[Epoch 16, Batch   200] loss: 0.975
[Epoch 16, Batch   300] loss: 0.975
[Epoch 16, Batch   400] loss: 0.975
[Epoch 16, Batch   500] loss: 0.975
Epoch 16/20:
Train Loss: 0.0838, Train Accuracy: 72.10%
Validation Loss: 0.9693, Validation Accuracy: 61.97%
[Epoch 17, Batch   100] loss: 0.974
[Epoch 17, Batch   200] loss: 0.975
[Epoch 17, Batch   300] loss: 0.975
[Epoch 17, Batch   400] loss: 0.975
[Epoch 17, Batch   500] loss: 0.975
Epoch 17/20:
Train Loss: 0.0838, Train Accuracy: 72.80%
Validation Loss: 0.9690, Validation Accuracy: 60.12%
[Epoch 18, Batch   100] loss: 0.974
[Epoch 18, Batch   200] loss: 0.975
[Epoch 18, Batch   300] loss: 0.975
[Epoch 18, Batch   400] loss: 0.975
[Epoch 18, Batch   500] loss: 0.975
Epoch 18/20:
Train Loss: 0.0838, Train Accuracy: 73.18%
Validation Loss: 0.9682, Validation Accuracy: 66.83%
[Epoch 19, Batch   100] loss: 0.974
[Epoch 19, Batch   200] loss: 0.975
[Epoch 19, Batch   300] loss: 0.975
[Epoch 19, Batch   400] loss: 0.975
[Epoch 19, Batch   500] loss: 0.975
Epoch 19/20:
Train Loss: 0.0837, Train Accuracy: 73.98%
Validation Loss: 0.9678, Validation Accuracy: 64.94%
[Epoch 20, Batch   100] loss: 0.974
[Epoch 20, Batch   200] loss: 0.975
[Epoch 20, Batch   300] loss: 0.974
[Epoch 20, Batch   400] loss: 0.974
[Epoch 20, Batch   500] loss: 0.975
Epoch 20/20:
Train Loss: 0.0837, Train Accuracy: 74.63%
Validation Loss: 0.9686, Validation Accuracy: 67.30%
Model saved to models/resnet18-EvidenceLoss-CIFAR10-BELIEF-balanced_by_score-0.3-2
Modified fc layer: updated out_features to 10.
Initialized untrained model.
[Epoch 1, Batch   100] loss: 0.788
[Epoch 1, Batch   200] loss: 0.711
[Epoch 1, Batch   300] loss: 0.670
Epoch 1/20:
Train Loss: 0.1482, Train Accuracy: 45.07%
Validation Loss: 0.8933, Validation Accuracy: 34.15%
[Epoch 2, Batch   100] loss: 1.009
[Epoch 2, Batch   200] loss: 0.900
[Epoch 2, Batch   300] loss: 0.900
Epoch 2/20:
Train Loss: 0.2069, Train Accuracy: 58.49%
Validation Loss: 0.7863, Validation Accuracy: 55.49%
[Epoch 3, Batch   100] loss: 0.944
[Epoch 3, Batch   200] loss: 0.938
[Epoch 3, Batch   300] loss: 0.938
Epoch 3/20:
Train Loss: 0.2185, Train Accuracy: 66.72%
Validation Loss: 0.8808, Validation Accuracy: 63.57%
[Epoch 4, Batch   100] loss: 0.953
[Epoch 4, Batch   200] loss: 0.952
[Epoch 4, Batch   300] loss: 0.953
Epoch 4/20:
Train Loss: 0.2219, Train Accuracy: 71.86%
Validation Loss: 0.9207, Validation Accuracy: 63.19%
[Epoch 5, Batch   100] loss: 0.959
[Epoch 5, Batch   200] loss: 0.959
[Epoch 5, Batch   300] loss: 0.960
Epoch 5/20:
Train Loss: 0.2235, Train Accuracy: 75.89%
Validation Loss: 0.9429, Validation Accuracy: 62.03%
[Epoch 6, Batch   100] loss: 0.964
[Epoch 6, Batch   200] loss: 0.963
[Epoch 6, Batch   300] loss: 0.964
Epoch 6/20:
Train Loss: 0.2245, Train Accuracy: 78.23%
Validation Loss: 0.9496, Validation Accuracy: 64.50%
[Epoch 7, Batch   100] loss: 0.966
[Epoch 7, Batch   200] loss: 0.967
[Epoch 7, Batch   300] loss: 0.967
Epoch 7/20:
Train Loss: 0.2251, Train Accuracy: 80.44%
Validation Loss: 0.9556, Validation Accuracy: 61.60%
[Epoch 8, Batch   100] loss: 0.969
[Epoch 8, Batch   200] loss: 0.969
[Epoch 8, Batch   300] loss: 0.970
Epoch 8/20:
Train Loss: 0.2258, Train Accuracy: 80.81%
Validation Loss: 0.9613, Validation Accuracy: 64.82%
[Epoch 9, Batch   100] loss: 0.970
[Epoch 9, Batch   200] loss: 0.971
[Epoch 9, Batch   300] loss: 0.971
Epoch 9/20:
Train Loss: 0.2261, Train Accuracy: 81.22%
Validation Loss: 0.9632, Validation Accuracy: 62.08%
[Epoch 10, Batch   100] loss: 0.972
[Epoch 10, Batch   200] loss: 0.972
[Epoch 10, Batch   300] loss: 0.972
Epoch 10/20:
Train Loss: 0.2264, Train Accuracy: 80.70%
Validation Loss: 0.9674, Validation Accuracy: 60.58%
[Epoch 11, Batch   100] loss: 0.973
[Epoch 11, Batch   200] loss: 0.973
[Epoch 11, Batch   300] loss: 0.974
Epoch 11/20:
Train Loss: 0.2267, Train Accuracy: 79.94%
Validation Loss: 0.9676, Validation Accuracy: 63.44%
[Epoch 12, Batch   100] loss: 0.973
[Epoch 12, Batch   200] loss: 0.974
[Epoch 12, Batch   300] loss: 0.974
Epoch 12/20:
Train Loss: 0.2268, Train Accuracy: 78.18%
Validation Loss: 0.9687, Validation Accuracy: 59.27%
[Epoch 13, Batch   100] loss: 0.973
[Epoch 13, Batch   200] loss: 0.974
[Epoch 13, Batch   300] loss: 0.974
Epoch 13/20:
Train Loss: 0.2268, Train Accuracy: 76.60%
Validation Loss: 0.9695, Validation Accuracy: 61.78%
[Epoch 14, Batch   100] loss: 0.974
[Epoch 14, Batch   200] loss: 0.974
[Epoch 14, Batch   300] loss: 0.975
Epoch 14/20:
Train Loss: 0.2268, Train Accuracy: 75.46%
Validation Loss: 0.9684, Validation Accuracy: 63.90%
[Epoch 15, Batch   100] loss: 0.974
[Epoch 15, Batch   200] loss: 0.975
[Epoch 15, Batch   300] loss: 0.975
Epoch 15/20:
Train Loss: 0.2269, Train Accuracy: 74.23%
Validation Loss: 0.9691, Validation Accuracy: 60.65%
[Epoch 16, Batch   100] loss: 0.974
[Epoch 16, Batch   200] loss: 0.975
[Epoch 16, Batch   300] loss: 0.975
Epoch 16/20:
Train Loss: 0.2269, Train Accuracy: 73.71%
Validation Loss: 0.9698, Validation Accuracy: 59.84%
[Epoch 17, Batch   100] loss: 0.974
[Epoch 17, Batch   200] loss: 0.975
[Epoch 17, Batch   300] loss: 0.975
Epoch 17/20:
Train Loss: 0.2269, Train Accuracy: 73.05%
Validation Loss: 0.9700, Validation Accuracy: 58.05%
[Epoch 18, Batch   100] loss: 0.974
[Epoch 18, Batch   200] loss: 0.975
[Epoch 18, Batch   300] loss: 0.975
Epoch 18/20:
Train Loss: 0.2269, Train Accuracy: 73.45%
Validation Loss: 0.9687, Validation Accuracy: 62.41%
[Epoch 19, Batch   100] loss: 0.974
[Epoch 19, Batch   200] loss: 0.975
[Epoch 19, Batch   300] loss: 0.975
Epoch 19/20:
Train Loss: 0.2269, Train Accuracy: 73.39%
Validation Loss: 0.9694, Validation Accuracy: 59.84%
[Epoch 20, Batch   100] loss: 0.974
[Epoch 20, Batch   200] loss: 0.975
[Epoch 20, Batch   300] loss: 0.975
Epoch 20/20:
Train Loss: 0.2269, Train Accuracy: 73.58%
Validation Loss: 0.9692, Validation Accuracy: 65.21%
Model saved to models/resnet18-EvidenceLoss-CIFAR10-BELIEF-balanced_by_score-0.5-2
Modified fc layer: updated out_features to 10.
Initialized untrained model.
[Epoch 1, Batch   100] loss: 0.791
[Epoch 1, Batch   200] loss: 0.709
Epoch 1/20:
Train Loss: 0.1012, Train Accuracy: 41.77%
Validation Loss: 0.6837, Validation Accuracy: 46.79%
[Epoch 2, Batch   100] loss: 0.992
[Epoch 2, Batch   200] loss: 0.908
Epoch 2/20:
Train Loss: 0.1341, Train Accuracy: 54.70%
Validation Loss: 0.8201, Validation Accuracy: 54.28%
[Epoch 3, Batch   100] loss: 0.946
[Epoch 3, Batch   200] loss: 0.941
Epoch 3/20:
Train Loss: 0.1405, Train Accuracy: 64.73%
Validation Loss: 0.9019, Validation Accuracy: 57.42%
[Epoch 4, Batch   100] loss: 0.954
[Epoch 4, Batch   200] loss: 0.953
Epoch 4/20:
Train Loss: 0.1419, Train Accuracy: 71.61%
Validation Loss: 0.9273, Validation Accuracy: 59.94%
[Epoch 5, Batch   100] loss: 0.959
[Epoch 5, Batch   200] loss: 0.959
Epoch 5/20:
Train Loss: 0.1430, Train Accuracy: 77.05%
Validation Loss: 0.9458, Validation Accuracy: 58.95%
[Epoch 6, Batch   100] loss: 0.962
[Epoch 6, Batch   200] loss: 0.963
Epoch 6/20:
Train Loss: 0.1435, Train Accuracy: 81.11%
Validation Loss: 0.9520, Validation Accuracy: 61.12%
[Epoch 7, Batch   100] loss: 0.965
[Epoch 7, Batch   200] loss: 0.965
Epoch 7/20:
Train Loss: 0.1439, Train Accuracy: 84.37%
Validation Loss: 0.9579, Validation Accuracy: 59.22%
[Epoch 8, Batch   100] loss: 0.967
[Epoch 8, Batch   200] loss: 0.968
Epoch 8/20:
Train Loss: 0.1442, Train Accuracy: 86.14%
Validation Loss: 0.9621, Validation Accuracy: 59.01%
[Epoch 9, Batch   100] loss: 0.969
[Epoch 9, Batch   200] loss: 0.969
Epoch 9/20:
Train Loss: 0.1444, Train Accuracy: 87.26%
Validation Loss: 0.9649, Validation Accuracy: 58.75%
[Epoch 10, Batch   100] loss: 0.970
[Epoch 10, Batch   200] loss: 0.971
Epoch 10/20:
Train Loss: 0.1446, Train Accuracy: 88.11%
Validation Loss: 0.9662, Validation Accuracy: 58.23%
[Epoch 11, Batch   100] loss: 0.972
[Epoch 11, Batch   200] loss: 0.972
Epoch 11/20:
Train Loss: 0.1448, Train Accuracy: 88.37%
Validation Loss: 0.9684, Validation Accuracy: 58.48%
[Epoch 12, Batch   100] loss: 0.972
[Epoch 12, Batch   200] loss: 0.973
Epoch 12/20:
Train Loss: 0.1449, Train Accuracy: 85.95%
Validation Loss: 0.9686, Validation Accuracy: 59.67%
[Epoch 13, Batch   100] loss: 0.972
[Epoch 13, Batch   200] loss: 0.973
Epoch 13/20:
Train Loss: 0.1449, Train Accuracy: 84.90%
Validation Loss: 0.9686, Validation Accuracy: 57.63%
[Epoch 14, Batch   100] loss: 0.972
[Epoch 14, Batch   200] loss: 0.973
Epoch 14/20:
Train Loss: 0.1450, Train Accuracy: 83.58%
Validation Loss: 0.9693, Validation Accuracy: 57.41%
[Epoch 15, Batch   100] loss: 0.973
[Epoch 15, Batch   200] loss: 0.973
Epoch 15/20:
Train Loss: 0.1450, Train Accuracy: 82.73%
Validation Loss: 0.9694, Validation Accuracy: 57.56%
[Epoch 16, Batch   100] loss: 0.973
[Epoch 16, Batch   200] loss: 0.974
Epoch 16/20:
Train Loss: 0.1450, Train Accuracy: 81.75%
Validation Loss: 0.9696, Validation Accuracy: 59.42%
[Epoch 17, Batch   100] loss: 0.973
[Epoch 17, Batch   200] loss: 0.973
Epoch 17/20:
Train Loss: 0.1451, Train Accuracy: 81.21%
Validation Loss: 0.9691, Validation Accuracy: 58.65%
[Epoch 18, Batch   100] loss: 0.973
[Epoch 18, Batch   200] loss: 0.974
Epoch 18/20:
Train Loss: 0.1450, Train Accuracy: 80.25%
Validation Loss: 0.9699, Validation Accuracy: 57.60%
[Epoch 19, Batch   100] loss: 0.973
[Epoch 19, Batch   200] loss: 0.974
Epoch 19/20:
Train Loss: 0.1451, Train Accuracy: 80.16%
Validation Loss: 0.9698, Validation Accuracy: 55.53%
[Epoch 20, Batch   100] loss: 0.973
[Epoch 20, Batch   200] loss: 0.974
Epoch 20/20:
Train Loss: 0.1451, Train Accuracy: 79.40%
Validation Loss: 0.9698, Validation Accuracy: 55.33%
Model saved to models/resnet18-EvidenceLoss-CIFAR10-BELIEF-balanced_by_score-0.7-2
Modified fc layer: updated out_features to 10.
Initialized untrained model.
[Epoch 1, Batch   100] loss: 0.788
Epoch 1/20:
Train Loss: 0.2563, Train Accuracy: 38.96%
Validation Loss: 0.7466, Validation Accuracy: 40.69%
[Epoch 2, Batch   100] loss: 0.993
Epoch 2/20:
Train Loss: 0.3264, Train Accuracy: 50.17%
Validation Loss: 0.8590, Validation Accuracy: 46.85%
[Epoch 3, Batch   100] loss: 0.952
Epoch 3/20:
Train Loss: 0.3353, Train Accuracy: 59.61%
Validation Loss: 0.9147, Validation Accuracy: 53.67%
[Epoch 4, Batch   100] loss: 0.956
Epoch 4/20:
Train Loss: 0.3394, Train Accuracy: 67.78%
Validation Loss: 0.9375, Validation Accuracy: 54.27%
[Epoch 5, Batch   100] loss: 0.961
Epoch 5/20:
Train Loss: 0.3405, Train Accuracy: 74.34%
Validation Loss: 0.9482, Validation Accuracy: 54.76%
[Epoch 6, Batch   100] loss: 0.963
Epoch 6/20:
Train Loss: 0.3420, Train Accuracy: 79.16%
Validation Loss: 0.9538, Validation Accuracy: 55.72%
[Epoch 7, Batch   100] loss: 0.966
Epoch 7/20:
Train Loss: 0.3428, Train Accuracy: 83.63%
Validation Loss: 0.9596, Validation Accuracy: 55.30%
[Epoch 8, Batch   100] loss: 0.967
Epoch 8/20:
Train Loss: 0.3434, Train Accuracy: 87.10%
Validation Loss: 0.9618, Validation Accuracy: 54.94%
[Epoch 9, Batch   100] loss: 0.969
Epoch 9/20:
Train Loss: 0.3439, Train Accuracy: 89.07%
Validation Loss: 0.9653, Validation Accuracy: 55.49%
[Epoch 10, Batch   100] loss: 0.970
Epoch 10/20:
Train Loss: 0.3444, Train Accuracy: 90.22%
Validation Loss: 0.9677, Validation Accuracy: 55.00%
[Epoch 11, Batch   100] loss: 0.971
Epoch 11/20:
Train Loss: 0.3447, Train Accuracy: 91.31%
Validation Loss: 0.9695, Validation Accuracy: 54.35%
[Epoch 12, Batch   100] loss: 0.971
Epoch 12/20:
Train Loss: 0.3448, Train Accuracy: 90.81%
Validation Loss: 0.9697, Validation Accuracy: 53.75%
[Epoch 13, Batch   100] loss: 0.972
Epoch 13/20:
Train Loss: 0.3450, Train Accuracy: 88.53%
Validation Loss: 0.9710, Validation Accuracy: 50.20%
[Epoch 14, Batch   100] loss: 0.972
Epoch 14/20:
Train Loss: 0.3450, Train Accuracy: 87.89%
Validation Loss: 0.9698, Validation Accuracy: 52.66%
[Epoch 15, Batch   100] loss: 0.972
Epoch 15/20:
Train Loss: 0.3450, Train Accuracy: 87.68%
Validation Loss: 0.9706, Validation Accuracy: 51.48%
[Epoch 16, Batch   100] loss: 0.972
Epoch 16/20:
Train Loss: 0.3451, Train Accuracy: 87.03%
Validation Loss: 0.9695, Validation Accuracy: 52.75%
[Epoch 17, Batch   100] loss: 0.972
Epoch 17/20:
Train Loss: 0.3452, Train Accuracy: 86.47%
Validation Loss: 0.9700, Validation Accuracy: 51.59%
[Epoch 18, Batch   100] loss: 0.972
Epoch 18/20:
Train Loss: 0.3452, Train Accuracy: 86.13%
Validation Loss: 0.9709, Validation Accuracy: 51.44%
[Epoch 19, Batch   100] loss: 0.972
Epoch 19/20:
Train Loss: 0.3453, Train Accuracy: 85.66%
Validation Loss: 0.9711, Validation Accuracy: 51.75%
[Epoch 20, Batch   100] loss: 0.972
Epoch 20/20:
Train Loss: 0.3452, Train Accuracy: 85.49%
Validation Loss: 0.9713, Validation Accuracy: 48.94%
Model saved to models/resnet18-EvidenceLoss-CIFAR10-BELIEF-balanced_by_score-0.8-2
Modified fc layer: updated out_features to 10.
Initialized untrained model.
Epoch 1/20:
Train Loss: 0.8112, Train Accuracy: 33.29%
Validation Loss: 0.7826, Validation Accuracy: 37.91%
Epoch 2/20:
Train Loss: 0.9926, Train Accuracy: 46.82%
Validation Loss: 0.8826, Validation Accuracy: 42.04%
Epoch 3/20:
Train Loss: 0.9533, Train Accuracy: 57.73%
Validation Loss: 0.9203, Validation Accuracy: 46.92%
Epoch 4/20:
Train Loss: 0.9569, Train Accuracy: 67.86%
Validation Loss: 0.9424, Validation Accuracy: 48.34%
Epoch 5/20:
Train Loss: 0.9599, Train Accuracy: 77.02%
Validation Loss: 0.9526, Validation Accuracy: 50.16%
Epoch 6/20:
Train Loss: 0.9626, Train Accuracy: 82.88%
Validation Loss: 0.9594, Validation Accuracy: 50.85%
Epoch 7/20:
Train Loss: 0.9646, Train Accuracy: 88.02%
Validation Loss: 0.9620, Validation Accuracy: 51.17%
Epoch 8/20:
Train Loss: 0.9663, Train Accuracy: 91.82%
Validation Loss: 0.9659, Validation Accuracy: 49.82%
Epoch 9/20:
Train Loss: 0.9680, Train Accuracy: 93.94%
Validation Loss: 0.9685, Validation Accuracy: 49.75%
Epoch 10/20:
Train Loss: 0.9693, Train Accuracy: 95.61%
Validation Loss: 0.9699, Validation Accuracy: 49.95%
Epoch 11/20:
Train Loss: 0.9704, Train Accuracy: 96.59%
Validation Loss: 0.9712, Validation Accuracy: 49.68%
Epoch 12/20:
Train Loss: 0.9702, Train Accuracy: 97.18%
Validation Loss: 0.9713, Validation Accuracy: 49.56%
Epoch 13/20:
Train Loss: 0.9701, Train Accuracy: 97.57%
Validation Loss: 0.9710, Validation Accuracy: 49.30%
Epoch 14/20:
Train Loss: 0.9700, Train Accuracy: 98.10%
Validation Loss: 0.9709, Validation Accuracy: 49.19%
Epoch 15/20:
Train Loss: 0.9700, Train Accuracy: 98.29%
Validation Loss: 0.9708, Validation Accuracy: 48.61%
Epoch 16/20:
Train Loss: 0.9700, Train Accuracy: 98.27%
Validation Loss: 0.9707, Validation Accuracy: 48.26%
Epoch 17/20:
Train Loss: 0.9703, Train Accuracy: 97.18%
Validation Loss: 0.9711, Validation Accuracy: 47.45%
Epoch 18/20:
Train Loss: 0.9707, Train Accuracy: 94.96%
Validation Loss: 0.9709, Validation Accuracy: 47.74%
Epoch 19/20:
Train Loss: 0.9715, Train Accuracy: 90.98%
Validation Loss: 0.9714, Validation Accuracy: 44.48%
Epoch 20/20:
Train Loss: 0.9715, Train Accuracy: 91.16%
Validation Loss: 0.9720, Validation Accuracy: 44.57%
Model saved to models/resnet18-EvidenceLoss-CIFAR10-BELIEF-balanced_by_score-0.9-2
Modified fc layer: updated out_features to 10.
Initialized untrained model.
Epoch 1/20:
Train Loss: 0.8636, Train Accuracy: 26.92%
Validation Loss: 0.9764, Validation Accuracy: 11.39%
Epoch 2/20:
Train Loss: 1.0192, Train Accuracy: 40.92%
Validation Loss: 0.9009, Validation Accuracy: 37.33%
Epoch 3/20:
Train Loss: 0.9608, Train Accuracy: 50.84%
Validation Loss: 0.9274, Validation Accuracy: 38.08%
Epoch 4/20:
Train Loss: 0.9654, Train Accuracy: 58.64%
Validation Loss: 0.9535, Validation Accuracy: 42.32%
Epoch 5/20:
Train Loss: 0.9638, Train Accuracy: 72.84%
Validation Loss: 0.9628, Validation Accuracy: 42.28%
Epoch 6/20:
Train Loss: 0.9655, Train Accuracy: 80.16%
Validation Loss: 0.9655, Validation Accuracy: 43.33%
Epoch 7/20:
Train Loss: 0.9670, Train Accuracy: 86.36%
Validation Loss: 0.9669, Validation Accuracy: 44.41%
Epoch 8/20:
Train Loss: 0.9683, Train Accuracy: 89.48%
Validation Loss: 0.9696, Validation Accuracy: 43.73%
Epoch 9/20:
Train Loss: 0.9696, Train Accuracy: 91.92%
Validation Loss: 0.9718, Validation Accuracy: 44.15%
Epoch 10/20:
Train Loss: 0.9708, Train Accuracy: 92.84%
Validation Loss: 0.9729, Validation Accuracy: 43.58%
Epoch 11/20:
Train Loss: 0.9718, Train Accuracy: 94.80%
Validation Loss: 0.9734, Validation Accuracy: 43.97%
Epoch 12/20:
Train Loss: 0.9715, Train Accuracy: 96.08%
Validation Loss: 0.9738, Validation Accuracy: 44.35%
Epoch 13/20:
Train Loss: 0.9715, Train Accuracy: 96.28%
Validation Loss: 0.9737, Validation Accuracy: 43.58%
Epoch 14/20:
Train Loss: 0.9715, Train Accuracy: 95.88%
Validation Loss: 0.9737, Validation Accuracy: 42.59%
Epoch 15/20:
Train Loss: 0.9710, Train Accuracy: 96.80%
Validation Loss: 0.9734, Validation Accuracy: 43.79%
Epoch 16/20:
Train Loss: 0.9711, Train Accuracy: 96.56%
Validation Loss: 0.9726, Validation Accuracy: 44.84%
Epoch 17/20:
Train Loss: 0.9707, Train Accuracy: 97.68%
Validation Loss: 0.9735, Validation Accuracy: 44.04%
Epoch 18/20:
Train Loss: 0.9705, Train Accuracy: 98.48%
Validation Loss: 0.9728, Validation Accuracy: 44.26%
Epoch 19/20:
Train Loss: 0.9707, Train Accuracy: 97.76%
Validation Loss: 0.9732, Validation Accuracy: 42.34%
Epoch 20/20:
Train Loss: 0.9710, Train Accuracy: 95.72%
Validation Loss: 0.9729, Validation Accuracy: 42.90%
Model saved to models/resnet18-EvidenceLoss-CIFAR10-BELIEF-balanced_by_score-0.95-2
Modified fc layer: updated out_features to 10.
Initialized untrained model.
Files already downloaded and verified
Files already downloaded and verified
[Epoch 1, Batch   100] loss: 0.794
[Epoch 1, Batch   200] loss: 0.703
[Epoch 1, Batch   300] loss: 0.661
[Epoch 1, Batch   400] loss: 0.638
[Epoch 1, Batch   500] loss: 0.614
[Epoch 1, Batch   600] loss: 0.589
[Epoch 1, Batch   700] loss: 0.572
Epoch 1/20:
Train Loss: 0.0583, Train Accuracy: 50.81%
Validation Loss: 0.7297, Validation Accuracy: 45.27%
[Epoch 2, Batch   100] loss: 1.020
[Epoch 2, Batch   200] loss: 0.879
[Epoch 2, Batch   300] loss: 0.873
[Epoch 2, Batch   400] loss: 0.874
[Epoch 2, Batch   500] loss: 0.873
[Epoch 2, Batch   600] loss: 0.870
[Epoch 2, Batch   700] loss: 0.870
Epoch 2/20:
Train Loss: 0.0914, Train Accuracy: 65.87%
Validation Loss: 0.7446, Validation Accuracy: 64.68%
[Epoch 3, Batch   100] loss: 0.938
[Epoch 3, Batch   200] loss: 0.931
[Epoch 3, Batch   300] loss: 0.930
[Epoch 3, Batch   400] loss: 0.930
[Epoch 3, Batch   500] loss: 0.929
[Epoch 3, Batch   600] loss: 0.931
[Epoch 3, Batch   700] loss: 0.931
Epoch 3/20:
Train Loss: 0.0976, Train Accuracy: 72.22%
Validation Loss: 0.8826, Validation Accuracy: 64.73%
[Epoch 4, Batch   100] loss: 0.950
[Epoch 4, Batch   200] loss: 0.948
[Epoch 4, Batch   300] loss: 0.949
[Epoch 4, Batch   400] loss: 0.949
[Epoch 4, Batch   500] loss: 0.950
[Epoch 4, Batch   600] loss: 0.950
[Epoch 4, Batch   700] loss: 0.951
Epoch 4/20:
Train Loss: 0.0997, Train Accuracy: 75.83%
Validation Loss: 0.9197, Validation Accuracy: 66.42%
[Epoch 5, Batch   100] loss: 0.958
[Epoch 5, Batch   200] loss: 0.958
[Epoch 5, Batch   300] loss: 0.958
[Epoch 5, Batch   400] loss: 0.959
[Epoch 5, Batch   500] loss: 0.959
[Epoch 5, Batch   600] loss: 0.959
[Epoch 5, Batch   700] loss: 0.960
Epoch 5/20:
Train Loss: 0.1007, Train Accuracy: 77.36%
Validation Loss: 0.9400, Validation Accuracy: 68.17%
[Epoch 6, Batch   100] loss: 0.963
[Epoch 6, Batch   200] loss: 0.964
[Epoch 6, Batch   300] loss: 0.964
[Epoch 6, Batch   400] loss: 0.964
[Epoch 6, Batch   500] loss: 0.965
[Epoch 6, Batch   600] loss: 0.965
[Epoch 6, Batch   700] loss: 0.965
Epoch 6/20:
Train Loss: 0.1012, Train Accuracy: 77.26%
Validation Loss: 0.9468, Validation Accuracy: 70.23%
[Epoch 7, Batch   100] loss: 0.967
[Epoch 7, Batch   200] loss: 0.967
[Epoch 7, Batch   300] loss: 0.968
[Epoch 7, Batch   400] loss: 0.968
[Epoch 7, Batch   500] loss: 0.968
[Epoch 7, Batch   600] loss: 0.969
[Epoch 7, Batch   700] loss: 0.969
Epoch 7/20:
Train Loss: 0.1016, Train Accuracy: 76.30%
Validation Loss: 0.9596, Validation Accuracy: 65.60%
[Epoch 8, Batch   100] loss: 0.970
[Epoch 8, Batch   200] loss: 0.970
[Epoch 8, Batch   300] loss: 0.970
[Epoch 8, Batch   400] loss: 0.970
[Epoch 8, Batch   500] loss: 0.971
[Epoch 8, Batch   600] loss: 0.971
[Epoch 8, Batch   700] loss: 0.971
Epoch 8/20:
Train Loss: 0.1018, Train Accuracy: 75.25%
Validation Loss: 0.9618, Validation Accuracy: 64.37%
[Epoch 9, Batch   100] loss: 0.972
[Epoch 9, Batch   200] loss: 0.972
[Epoch 9, Batch   300] loss: 0.972
[Epoch 9, Batch   400] loss: 0.973
[Epoch 9, Batch   500] loss: 0.973
[Epoch 9, Batch   600] loss: 0.973
[Epoch 9, Batch   700] loss: 0.973
Epoch 9/20:
Train Loss: 0.1020, Train Accuracy: 73.75%
Validation Loss: 0.9647, Validation Accuracy: 66.41%
[Epoch 10, Batch   100] loss: 0.973
[Epoch 10, Batch   200] loss: 0.974
[Epoch 10, Batch   300] loss: 0.974
[Epoch 10, Batch   400] loss: 0.974
[Epoch 10, Batch   500] loss: 0.974
[Epoch 10, Batch   600] loss: 0.974
[Epoch 10, Batch   700] loss: 0.974
Epoch 10/20:
Train Loss: 0.1021, Train Accuracy: 72.96%
Validation Loss: 0.9668, Validation Accuracy: 63.49%
[Epoch 11, Batch   100] loss: 0.975
[Epoch 11, Batch   200] loss: 0.975
[Epoch 11, Batch   300] loss: 0.975
[Epoch 11, Batch   400] loss: 0.975
[Epoch 11, Batch   500] loss: 0.975
[Epoch 11, Batch   600] loss: 0.975
[Epoch 11, Batch   700] loss: 0.975
Epoch 11/20:
Train Loss: 0.1022, Train Accuracy: 72.42%
Validation Loss: 0.9682, Validation Accuracy: 67.18%
[Epoch 12, Batch   100] loss: 0.975
[Epoch 12, Batch   200] loss: 0.975
[Epoch 12, Batch   300] loss: 0.975
[Epoch 12, Batch   400] loss: 0.975
[Epoch 12, Batch   500] loss: 0.975
[Epoch 12, Batch   600] loss: 0.975
[Epoch 12, Batch   700] loss: 0.975
Epoch 12/20:
Train Loss: 0.1022, Train Accuracy: 71.50%
Validation Loss: 0.9681, Validation Accuracy: 66.12%
[Epoch 13, Batch   100] loss: 0.975
[Epoch 13, Batch   200] loss: 0.975
[Epoch 13, Batch   300] loss: 0.975
[Epoch 13, Batch   400] loss: 0.975
[Epoch 13, Batch   500] loss: 0.975
[Epoch 13, Batch   600] loss: 0.975
[Epoch 13, Batch   700] loss: 0.975
Epoch 13/20:
Train Loss: 0.1022, Train Accuracy: 71.82%
Validation Loss: 0.9679, Validation Accuracy: 69.70%
[Epoch 14, Batch   100] loss: 0.974
[Epoch 14, Batch   200] loss: 0.975
[Epoch 14, Batch   300] loss: 0.975
[Epoch 14, Batch   400] loss: 0.975
[Epoch 14, Batch   500] loss: 0.975
[Epoch 14, Batch   600] loss: 0.975
[Epoch 14, Batch   700] loss: 0.975
Epoch 14/20:
Train Loss: 0.1022, Train Accuracy: 72.36%
Validation Loss: 0.9685, Validation Accuracy: 67.57%
[Epoch 15, Batch   100] loss: 0.975
[Epoch 15, Batch   200] loss: 0.975
[Epoch 15, Batch   300] loss: 0.975
[Epoch 15, Batch   400] loss: 0.975
[Epoch 15, Batch   500] loss: 0.975
[Epoch 15, Batch   600] loss: 0.975
[Epoch 15, Batch   700] loss: 0.975
Epoch 15/20:
Train Loss: 0.1022, Train Accuracy: 72.83%
Validation Loss: 0.9689, Validation Accuracy: 65.57%
[Epoch 16, Batch   100] loss: 0.974
[Epoch 16, Batch   200] loss: 0.975
[Epoch 16, Batch   300] loss: 0.975
[Epoch 16, Batch   400] loss: 0.975
[Epoch 16, Batch   500] loss: 0.975
[Epoch 16, Batch   600] loss: 0.975
[Epoch 16, Batch   700] loss: 0.975
Epoch 16/20:
Train Loss: 0.1022, Train Accuracy: 73.11%
Validation Loss: 0.9691, Validation Accuracy: 60.78%
[Epoch 17, Batch   100] loss: 0.974
[Epoch 17, Batch   200] loss: 0.975
[Epoch 17, Batch   300] loss: 0.974
[Epoch 17, Batch   400] loss: 0.974
[Epoch 17, Batch   500] loss: 0.975
[Epoch 17, Batch   600] loss: 0.975
[Epoch 17, Batch   700] loss: 0.975
Epoch 17/20:
Train Loss: 0.1022, Train Accuracy: 74.04%
Validation Loss: 0.9674, Validation Accuracy: 69.04%
[Epoch 18, Batch   100] loss: 0.974
[Epoch 18, Batch   200] loss: 0.974
[Epoch 18, Batch   300] loss: 0.974
[Epoch 18, Batch   400] loss: 0.974
[Epoch 18, Batch   500] loss: 0.974
[Epoch 18, Batch   600] loss: 0.974
[Epoch 18, Batch   700] loss: 0.975
Epoch 18/20:
Train Loss: 0.1022, Train Accuracy: 74.67%
Validation Loss: 0.9670, Validation Accuracy: 69.86%
[Epoch 19, Batch   100] loss: 0.974
[Epoch 19, Batch   200] loss: 0.974
[Epoch 19, Batch   300] loss: 0.974
[Epoch 19, Batch   400] loss: 0.974
[Epoch 19, Batch   500] loss: 0.974
[Epoch 19, Batch   600] loss: 0.974
[Epoch 19, Batch   700] loss: 0.974
Epoch 19/20:
Train Loss: 0.1022, Train Accuracy: 75.17%
Validation Loss: 0.9714, Validation Accuracy: 52.60%
[Epoch 20, Batch   100] loss: 0.974
[Epoch 20, Batch   200] loss: 0.974
[Epoch 20, Batch   300] loss: 0.974
[Epoch 20, Batch   400] loss: 0.974
[Epoch 20, Batch   500] loss: 0.974
[Epoch 20, Batch   600] loss: 0.974
[Epoch 20, Batch   700] loss: 0.974
Epoch 20/20:
Train Loss: 0.1022, Train Accuracy: 75.34%
Validation Loss: 0.9674, Validation Accuracy: 69.58%
Model saved to models/resnet18_CIFAR10_E1_3
Modified fc layer: updated out_features to 10.
Loaded weights from file: models/resnet18_CIFAR10_E1_3
Files already downloaded and verified
Files already downloaded and verified
Modified fc layer: updated out_features to 10.
Initialized untrained model.
[Epoch 1, Batch   100] loss: 0.792
[Epoch 1, Batch   200] loss: 0.705
[Epoch 1, Batch   300] loss: 0.669
[Epoch 1, Batch   400] loss: 0.631
[Epoch 1, Batch   500] loss: 0.602
Epoch 1/20:
Train Loss: 0.0510, Train Accuracy: 48.47%
Validation Loss: 0.6793, Validation Accuracy: 48.27%
[Epoch 2, Batch   100] loss: 1.006
[Epoch 2, Batch   200] loss: 0.886
[Epoch 2, Batch   300] loss: 0.881
[Epoch 2, Batch   400] loss: 0.881
[Epoch 2, Batch   500] loss: 0.882
Epoch 2/20:
Train Loss: 0.0756, Train Accuracy: 62.97%
Validation Loss: 0.7835, Validation Accuracy: 56.61%
[Epoch 3, Batch   100] loss: 0.939
[Epoch 3, Batch   200] loss: 0.933
[Epoch 3, Batch   300] loss: 0.933
[Epoch 3, Batch   400] loss: 0.933
[Epoch 3, Batch   500] loss: 0.933
Epoch 3/20:
Train Loss: 0.0802, Train Accuracy: 70.41%
Validation Loss: 0.8720, Validation Accuracy: 64.80%
[Epoch 4, Batch   100] loss: 0.951
[Epoch 4, Batch   200] loss: 0.950
[Epoch 4, Batch   300] loss: 0.950
[Epoch 4, Batch   400] loss: 0.951
[Epoch 4, Batch   500] loss: 0.951
Epoch 4/20:
Train Loss: 0.0818, Train Accuracy: 74.91%
Validation Loss: 0.9209, Validation Accuracy: 66.55%
[Epoch 5, Batch   100] loss: 0.958
[Epoch 5, Batch   200] loss: 0.958
[Epoch 5, Batch   300] loss: 0.958
[Epoch 5, Batch   400] loss: 0.959
[Epoch 5, Batch   500] loss: 0.959
Epoch 5/20:
Train Loss: 0.0825, Train Accuracy: 77.70%
Validation Loss: 0.9411, Validation Accuracy: 67.75%
[Epoch 6, Batch   100] loss: 0.963
[Epoch 6, Batch   200] loss: 0.963
[Epoch 6, Batch   300] loss: 0.963
[Epoch 6, Batch   400] loss: 0.964
[Epoch 6, Batch   500] loss: 0.964
Epoch 6/20:
Train Loss: 0.0829, Train Accuracy: 79.12%
Validation Loss: 0.9490, Validation Accuracy: 66.49%
[Epoch 7, Batch   100] loss: 0.966
[Epoch 7, Batch   200] loss: 0.966
[Epoch 7, Batch   300] loss: 0.967
[Epoch 7, Batch   400] loss: 0.968
[Epoch 7, Batch   500] loss: 0.968
Epoch 7/20:
Train Loss: 0.0832, Train Accuracy: 79.17%
Validation Loss: 0.9555, Validation Accuracy: 67.18%
[Epoch 8, Batch   100] loss: 0.969
[Epoch 8, Batch   200] loss: 0.969
[Epoch 8, Batch   300] loss: 0.970
[Epoch 8, Batch   400] loss: 0.970
[Epoch 8, Batch   500] loss: 0.970
Epoch 8/20:
Train Loss: 0.0834, Train Accuracy: 78.97%
Validation Loss: 0.9600, Validation Accuracy: 67.36%
[Epoch 9, Batch   100] loss: 0.971
[Epoch 9, Batch   200] loss: 0.971
[Epoch 9, Batch   300] loss: 0.971
[Epoch 9, Batch   400] loss: 0.972
[Epoch 9, Batch   500] loss: 0.972
Epoch 9/20:
Train Loss: 0.0835, Train Accuracy: 78.13%
Validation Loss: 0.9633, Validation Accuracy: 64.11%
[Epoch 10, Batch   100] loss: 0.972
[Epoch 10, Batch   200] loss: 0.973
[Epoch 10, Batch   300] loss: 0.973
[Epoch 10, Batch   400] loss: 0.973
[Epoch 10, Batch   500] loss: 0.974
Epoch 10/20:
Train Loss: 0.0837, Train Accuracy: 76.98%
Validation Loss: 0.9675, Validation Accuracy: 66.76%
[Epoch 11, Batch   100] loss: 0.974
[Epoch 11, Batch   200] loss: 0.974
[Epoch 11, Batch   300] loss: 0.974
[Epoch 11, Batch   400] loss: 0.974
[Epoch 11, Batch   500] loss: 0.975
Epoch 11/20:
Train Loss: 0.0837, Train Accuracy: 75.53%
Validation Loss: 0.9701, Validation Accuracy: 58.41%
[Epoch 12, Batch   100] loss: 0.974
[Epoch 12, Batch   200] loss: 0.974
[Epoch 12, Batch   300] loss: 0.975
[Epoch 12, Batch   400] loss: 0.975
[Epoch 12, Batch   500] loss: 0.975
Epoch 12/20:
Train Loss: 0.0838, Train Accuracy: 73.95%
Validation Loss: 0.9687, Validation Accuracy: 62.02%
[Epoch 13, Batch   100] loss: 0.974
[Epoch 13, Batch   200] loss: 0.975
[Epoch 13, Batch   300] loss: 0.975
[Epoch 13, Batch   400] loss: 0.975
[Epoch 13, Batch   500] loss: 0.975
Epoch 13/20:
Train Loss: 0.0838, Train Accuracy: 72.44%
Validation Loss: 0.9706, Validation Accuracy: 57.75%
[Epoch 14, Batch   100] loss: 0.974
[Epoch 14, Batch   200] loss: 0.975
[Epoch 14, Batch   300] loss: 0.975
[Epoch 14, Batch   400] loss: 0.975
[Epoch 14, Batch   500] loss: 0.975
Epoch 14/20:
Train Loss: 0.0838, Train Accuracy: 72.45%
Validation Loss: 0.9698, Validation Accuracy: 59.98%
[Epoch 15, Batch   100] loss: 0.975
[Epoch 15, Batch   200] loss: 0.975
[Epoch 15, Batch   300] loss: 0.975
[Epoch 15, Batch   400] loss: 0.975
[Epoch 15, Batch   500] loss: 0.975
Epoch 15/20:
Train Loss: 0.0838, Train Accuracy: 72.04%
Validation Loss: 0.9689, Validation Accuracy: 65.62%
[Epoch 16, Batch   100] loss: 0.975
[Epoch 16, Batch   200] loss: 0.975
[Epoch 16, Batch   300] loss: 0.975
[Epoch 16, Batch   400] loss: 0.975
[Epoch 16, Batch   500] loss: 0.975
Epoch 16/20:
Train Loss: 0.0837, Train Accuracy: 72.67%
Validation Loss: 0.9730, Validation Accuracy: 42.23%
[Epoch 17, Batch   100] loss: 0.974
[Epoch 17, Batch   200] loss: 0.975
[Epoch 17, Batch   300] loss: 0.975
[Epoch 17, Batch   400] loss: 0.975
[Epoch 17, Batch   500] loss: 0.975
Epoch 17/20:
Train Loss: 0.0838, Train Accuracy: 72.77%
Validation Loss: 0.9681, Validation Accuracy: 66.67%
[Epoch 18, Batch   100] loss: 0.974
[Epoch 18, Batch   200] loss: 0.974
[Epoch 18, Batch   300] loss: 0.975
[Epoch 18, Batch   400] loss: 0.975
[Epoch 18, Batch   500] loss: 0.975
Epoch 18/20:
Train Loss: 0.0838, Train Accuracy: 73.84%
Validation Loss: 0.9693, Validation Accuracy: 63.46%
[Epoch 19, Batch   100] loss: 0.974
[Epoch 19, Batch   200] loss: 0.975
[Epoch 19, Batch   300] loss: 0.975
[Epoch 19, Batch   400] loss: 0.975
[Epoch 19, Batch   500] loss: 0.975
Epoch 19/20:
Train Loss: 0.0837, Train Accuracy: 74.03%
Validation Loss: 0.9706, Validation Accuracy: 57.11%
[Epoch 20, Batch   100] loss: 0.974
[Epoch 20, Batch   200] loss: 0.974
[Epoch 20, Batch   300] loss: 0.974
[Epoch 20, Batch   400] loss: 0.975
[Epoch 20, Batch   500] loss: 0.975
Epoch 20/20:
Train Loss: 0.0837, Train Accuracy: 74.77%
Validation Loss: 0.9693, Validation Accuracy: 60.72%
Model saved to models/resnet18-EvidenceLoss-CIFAR10-random-0.3-3
Modified fc layer: updated out_features to 10.
Initialized untrained model.
[Epoch 1, Batch   100] loss: 0.793
[Epoch 1, Batch   200] loss: 0.706
[Epoch 1, Batch   300] loss: 0.679
Epoch 1/20:
Train Loss: 0.1499, Train Accuracy: 44.73%
Validation Loss: 0.6489, Validation Accuracy: 50.01%
[Epoch 2, Batch   100] loss: 1.009
[Epoch 2, Batch   200] loss: 0.901
[Epoch 2, Batch   300] loss: 0.896
Epoch 2/20:
Train Loss: 0.2093, Train Accuracy: 57.56%
Validation Loss: 0.8104, Validation Accuracy: 52.32%
[Epoch 3, Batch   100] loss: 0.945
[Epoch 3, Batch   200] loss: 0.938
[Epoch 3, Batch   300] loss: 0.937
Epoch 3/20:
Train Loss: 0.2185, Train Accuracy: 66.14%
Validation Loss: 0.8905, Validation Accuracy: 60.56%
[Epoch 4, Batch   100] loss: 0.954
[Epoch 4, Batch   200] loss: 0.952
[Epoch 4, Batch   300] loss: 0.952
Epoch 4/20:
Train Loss: 0.2219, Train Accuracy: 71.96%
Validation Loss: 0.9291, Validation Accuracy: 62.32%
[Epoch 5, Batch   100] loss: 0.959
[Epoch 5, Batch   200] loss: 0.959
[Epoch 5, Batch   300] loss: 0.960
Epoch 5/20:
Train Loss: 0.2235, Train Accuracy: 75.91%
Validation Loss: 0.9424, Validation Accuracy: 62.86%
[Epoch 6, Batch   100] loss: 0.964
[Epoch 6, Batch   200] loss: 0.964
[Epoch 6, Batch   300] loss: 0.964
Epoch 6/20:
Train Loss: 0.2244, Train Accuracy: 78.52%
Validation Loss: 0.9510, Validation Accuracy: 63.79%
[Epoch 7, Batch   100] loss: 0.966
[Epoch 7, Batch   200] loss: 0.967
[Epoch 7, Batch   300] loss: 0.967
Epoch 7/20:
Train Loss: 0.2252, Train Accuracy: 79.87%
Validation Loss: 0.9543, Validation Accuracy: 63.88%
[Epoch 8, Batch   100] loss: 0.969
[Epoch 8, Batch   200] loss: 0.969
[Epoch 8, Batch   300] loss: 0.969
Epoch 8/20:
Train Loss: 0.2257, Train Accuracy: 80.90%
Validation Loss: 0.9609, Validation Accuracy: 60.17%
[Epoch 9, Batch   100] loss: 0.970
[Epoch 9, Batch   200] loss: 0.971
[Epoch 9, Batch   300] loss: 0.971
Epoch 9/20:
Train Loss: 0.2260, Train Accuracy: 81.15%
Validation Loss: 0.9633, Validation Accuracy: 61.73%
[Epoch 10, Batch   100] loss: 0.972
[Epoch 10, Batch   200] loss: 0.972
[Epoch 10, Batch   300] loss: 0.973
Epoch 10/20:
Train Loss: 0.2264, Train Accuracy: 79.97%
Validation Loss: 0.9675, Validation Accuracy: 61.93%
[Epoch 11, Batch   100] loss: 0.973
[Epoch 11, Batch   200] loss: 0.973
[Epoch 11, Batch   300] loss: 0.974
Epoch 11/20:
Train Loss: 0.2267, Train Accuracy: 79.71%
Validation Loss: 0.9690, Validation Accuracy: 63.37%
[Epoch 12, Batch   100] loss: 0.973
[Epoch 12, Batch   200] loss: 0.974
[Epoch 12, Batch   300] loss: 0.974
Epoch 12/20:
Train Loss: 0.2268, Train Accuracy: 77.70%
Validation Loss: 0.9697, Validation Accuracy: 62.97%
[Epoch 13, Batch   100] loss: 0.974
[Epoch 13, Batch   200] loss: 0.974
[Epoch 13, Batch   300] loss: 0.974
Epoch 13/20:
Train Loss: 0.2268, Train Accuracy: 76.22%
Validation Loss: 0.9698, Validation Accuracy: 59.62%
[Epoch 14, Batch   100] loss: 0.974
[Epoch 14, Batch   200] loss: 0.974
[Epoch 14, Batch   300] loss: 0.975
Epoch 14/20:
Train Loss: 0.2269, Train Accuracy: 74.82%
Validation Loss: 0.9696, Validation Accuracy: 60.04%
[Epoch 15, Batch   100] loss: 0.974
[Epoch 15, Batch   200] loss: 0.975
[Epoch 15, Batch   300] loss: 0.975
Epoch 15/20:
Train Loss: 0.2269, Train Accuracy: 73.95%
Validation Loss: 0.9690, Validation Accuracy: 60.74%
[Epoch 16, Batch   100] loss: 0.974
[Epoch 16, Batch   200] loss: 0.975
[Epoch 16, Batch   300] loss: 0.975
Epoch 16/20:
Train Loss: 0.2269, Train Accuracy: 73.06%
Validation Loss: 0.9688, Validation Accuracy: 63.83%
[Epoch 17, Batch   100] loss: 0.974
[Epoch 17, Batch   200] loss: 0.975
[Epoch 17, Batch   300] loss: 0.975
Epoch 17/20:
Train Loss: 0.2269, Train Accuracy: 73.19%
Validation Loss: 0.9697, Validation Accuracy: 62.66%
[Epoch 18, Batch   100] loss: 0.974
[Epoch 18, Batch   200] loss: 0.975
[Epoch 18, Batch   300] loss: 0.975
Epoch 18/20:
Train Loss: 0.2269, Train Accuracy: 72.98%
Validation Loss: 0.9693, Validation Accuracy: 60.65%
[Epoch 19, Batch   100] loss: 0.974
[Epoch 19, Batch   200] loss: 0.975
[Epoch 19, Batch   300] loss: 0.975
Epoch 19/20:
Train Loss: 0.2269, Train Accuracy: 73.28%
Validation Loss: 0.9688, Validation Accuracy: 63.76%
[Epoch 20, Batch   100] loss: 0.974
[Epoch 20, Batch   200] loss: 0.975
[Epoch 20, Batch   300] loss: 0.975
Epoch 20/20:
Train Loss: 0.2269, Train Accuracy: 73.78%
Validation Loss: 0.9702, Validation Accuracy: 61.88%
Model saved to models/resnet18-EvidenceLoss-CIFAR10-random-0.5-3
Modified fc layer: updated out_features to 10.
Initialized untrained model.
[Epoch 1, Batch   100] loss: 0.798
[Epoch 1, Batch   200] loss: 0.716
Epoch 1/20:
Train Loss: 0.1034, Train Accuracy: 40.83%
Validation Loss: 0.6833, Validation Accuracy: 47.97%
[Epoch 2, Batch   100] loss: 0.999
[Epoch 2, Batch   200] loss: 0.915
Epoch 2/20:
Train Loss: 0.1355, Train Accuracy: 52.87%
Validation Loss: 0.8308, Validation Accuracy: 53.43%
[Epoch 3, Batch   100] loss: 0.949
[Epoch 3, Batch   200] loss: 0.944
Epoch 3/20:
Train Loss: 0.1408, Train Accuracy: 61.46%
Validation Loss: 0.9089, Validation Accuracy: 56.67%
[Epoch 4, Batch   100] loss: 0.956
[Epoch 4, Batch   200] loss: 0.955
Epoch 4/20:
Train Loss: 0.1424, Train Accuracy: 68.97%
Validation Loss: 0.9270, Validation Accuracy: 58.71%
[Epoch 5, Batch   100] loss: 0.961
[Epoch 5, Batch   200] loss: 0.961
Epoch 5/20:
Train Loss: 0.1432, Train Accuracy: 73.73%
Validation Loss: 0.9444, Validation Accuracy: 59.57%
[Epoch 6, Batch   100] loss: 0.964
[Epoch 6, Batch   200] loss: 0.964
Epoch 6/20:
Train Loss: 0.1437, Train Accuracy: 77.88%
Validation Loss: 0.9559, Validation Accuracy: 57.71%
[Epoch 7, Batch   100] loss: 0.966
[Epoch 7, Batch   200] loss: 0.967
Epoch 7/20:
Train Loss: 0.1441, Train Accuracy: 81.27%
Validation Loss: 0.9593, Validation Accuracy: 59.02%
[Epoch 8, Batch   100] loss: 0.968
[Epoch 8, Batch   200] loss: 0.969
Epoch 8/20:
Train Loss: 0.1443, Train Accuracy: 83.25%
Validation Loss: 0.9614, Validation Accuracy: 57.93%
[Epoch 9, Batch   100] loss: 0.970
[Epoch 9, Batch   200] loss: 0.970
Epoch 9/20:
Train Loss: 0.1445, Train Accuracy: 84.27%
Validation Loss: 0.9653, Validation Accuracy: 59.18%
[Epoch 10, Batch   100] loss: 0.971
[Epoch 10, Batch   200] loss: 0.972
Epoch 10/20:
Train Loss: 0.1447, Train Accuracy: 85.21%
Validation Loss: 0.9665, Validation Accuracy: 59.07%
[Epoch 11, Batch   100] loss: 0.972
[Epoch 11, Batch   200] loss: 0.972
Epoch 11/20:
Train Loss: 0.1449, Train Accuracy: 86.05%
Validation Loss: 0.9701, Validation Accuracy: 55.68%
[Epoch 12, Batch   100] loss: 0.972
[Epoch 12, Batch   200] loss: 0.973
Epoch 12/20:
Train Loss: 0.1450, Train Accuracy: 84.41%
Validation Loss: 0.9694, Validation Accuracy: 57.72%
[Epoch 13, Batch   100] loss: 0.973
[Epoch 13, Batch   200] loss: 0.973
Epoch 13/20:
Train Loss: 0.1450, Train Accuracy: 82.67%
Validation Loss: 0.9710, Validation Accuracy: 54.86%
[Epoch 14, Batch   100] loss: 0.973
[Epoch 14, Batch   200] loss: 0.973
Epoch 14/20:
Train Loss: 0.1450, Train Accuracy: 81.56%
Validation Loss: 0.9693, Validation Accuracy: 58.07%
[Epoch 15, Batch   100] loss: 0.973
[Epoch 15, Batch   200] loss: 0.974
Epoch 15/20:
Train Loss: 0.1450, Train Accuracy: 80.97%
Validation Loss: 0.9681, Validation Accuracy: 57.59%
[Epoch 16, Batch   100] loss: 0.973
[Epoch 16, Batch   200] loss: 0.974
Epoch 16/20:
Train Loss: 0.1451, Train Accuracy: 80.07%
Validation Loss: 0.9706, Validation Accuracy: 55.98%
[Epoch 17, Batch   100] loss: 0.973
[Epoch 17, Batch   200] loss: 0.974
Epoch 17/20:
Train Loss: 0.1451, Train Accuracy: 79.46%
Validation Loss: 0.9705, Validation Accuracy: 54.65%
[Epoch 18, Batch   100] loss: 0.973
[Epoch 18, Batch   200] loss: 0.974
Epoch 18/20:
Train Loss: 0.1451, Train Accuracy: 79.21%
Validation Loss: 0.9707, Validation Accuracy: 53.82%
[Epoch 19, Batch   100] loss: 0.973
[Epoch 19, Batch   200] loss: 0.974
Epoch 19/20:
Train Loss: 0.1452, Train Accuracy: 78.93%
Validation Loss: 0.9709, Validation Accuracy: 56.55%
[Epoch 20, Batch   100] loss: 0.973
[Epoch 20, Batch   200] loss: 0.974
Epoch 20/20:
Train Loss: 0.1451, Train Accuracy: 78.58%
Validation Loss: 0.9709, Validation Accuracy: 52.73%
Model saved to models/resnet18-EvidenceLoss-CIFAR10-random-0.7-3
Modified fc layer: updated out_features to 10.
Initialized untrained model.
[Epoch 1, Batch   100] loss: 0.789
Epoch 1/20:
Train Loss: 0.2563, Train Accuracy: 39.56%
Validation Loss: 0.7397, Validation Accuracy: 43.16%
[Epoch 2, Batch   100] loss: 0.988
Epoch 2/20:
Train Loss: 0.3341, Train Accuracy: 50.86%
Validation Loss: 0.8545, Validation Accuracy: 48.41%
[Epoch 3, Batch   100] loss: 0.948
Epoch 3/20:
Train Loss: 0.3429, Train Accuracy: 60.93%
Validation Loss: 0.9048, Validation Accuracy: 53.14%
[Epoch 4, Batch   100] loss: 0.957
Epoch 4/20:
Train Loss: 0.3465, Train Accuracy: 68.35%
Validation Loss: 0.9317, Validation Accuracy: 54.48%
[Epoch 5, Batch   100] loss: 0.961
Epoch 5/20:
Train Loss: 0.3488, Train Accuracy: 74.25%
Validation Loss: 0.9475, Validation Accuracy: 56.93%
[Epoch 6, Batch   100] loss: 0.963
Epoch 6/20:
Train Loss: 0.3498, Train Accuracy: 79.73%
Validation Loss: 0.9543, Validation Accuracy: 56.02%
[Epoch 7, Batch   100] loss: 0.965
Epoch 7/20:
Train Loss: 0.3506, Train Accuracy: 84.27%
Validation Loss: 0.9608, Validation Accuracy: 56.73%
[Epoch 8, Batch   100] loss: 0.967
Epoch 8/20:
Train Loss: 0.3514, Train Accuracy: 86.57%
Validation Loss: 0.9620, Validation Accuracy: 55.86%
[Epoch 9, Batch   100] loss: 0.969
Epoch 9/20:
Train Loss: 0.3519, Train Accuracy: 88.86%
Validation Loss: 0.9653, Validation Accuracy: 57.00%
[Epoch 10, Batch   100] loss: 0.970
Epoch 10/20:
Train Loss: 0.3523, Train Accuracy: 90.41%
Validation Loss: 0.9676, Validation Accuracy: 55.22%
[Epoch 11, Batch   100] loss: 0.971
Epoch 11/20:
Train Loss: 0.3527, Train Accuracy: 90.95%
Validation Loss: 0.9702, Validation Accuracy: 55.15%
[Epoch 12, Batch   100] loss: 0.972
Epoch 12/20:
Train Loss: 0.3529, Train Accuracy: 89.81%
Validation Loss: 0.9696, Validation Accuracy: 53.92%
[Epoch 13, Batch   100] loss: 0.972
Epoch 13/20:
Train Loss: 0.3529, Train Accuracy: 89.25%
Validation Loss: 0.9678, Validation Accuracy: 55.43%
[Epoch 14, Batch   100] loss: 0.972
Epoch 14/20:
Train Loss: 0.3531, Train Accuracy: 88.08%
Validation Loss: 0.9716, Validation Accuracy: 50.72%
[Epoch 15, Batch   100] loss: 0.972
Epoch 15/20:
Train Loss: 0.3530, Train Accuracy: 87.24%
Validation Loss: 0.9685, Validation Accuracy: 54.55%
[Epoch 16, Batch   100] loss: 0.972
Epoch 16/20:
Train Loss: 0.3531, Train Accuracy: 86.38%
Validation Loss: 0.9710, Validation Accuracy: 49.29%
[Epoch 17, Batch   100] loss: 0.972
Epoch 17/20:
Train Loss: 0.3532, Train Accuracy: 86.26%
Validation Loss: 0.9707, Validation Accuracy: 51.24%
[Epoch 18, Batch   100] loss: 0.972
Epoch 18/20:
Train Loss: 0.3532, Train Accuracy: 85.08%
Validation Loss: 0.9723, Validation Accuracy: 49.08%
[Epoch 19, Batch   100] loss: 0.972
Epoch 19/20:
Train Loss: 0.3532, Train Accuracy: 85.35%
Validation Loss: 0.9705, Validation Accuracy: 52.45%
[Epoch 20, Batch   100] loss: 0.973
Epoch 20/20:
Train Loss: 0.3533, Train Accuracy: 84.53%
Validation Loss: 0.9704, Validation Accuracy: 53.78%
Model saved to models/resnet18-EvidenceLoss-CIFAR10-random-0.8-3
Modified fc layer: updated out_features to 10.
Initialized untrained model.
Epoch 1/20:
Train Loss: 0.8022, Train Accuracy: 34.37%
Validation Loss: 0.7672, Validation Accuracy: 38.61%
Epoch 2/20:
Train Loss: 0.9960, Train Accuracy: 44.75%
Validation Loss: 0.9077, Validation Accuracy: 33.54%
Epoch 3/20:
Train Loss: 0.9545, Train Accuracy: 56.35%
Validation Loss: 0.9245, Validation Accuracy: 45.17%
Epoch 4/20:
Train Loss: 0.9613, Train Accuracy: 61.99%
Validation Loss: 0.9406, Validation Accuracy: 49.05%
Epoch 5/20:
Train Loss: 0.9625, Train Accuracy: 71.75%
Validation Loss: 0.9541, Validation Accuracy: 48.50%
Epoch 6/20:
Train Loss: 0.9642, Train Accuracy: 78.50%
Validation Loss: 0.9593, Validation Accuracy: 50.24%
Epoch 7/20:
Train Loss: 0.9660, Train Accuracy: 84.44%
Validation Loss: 0.9629, Validation Accuracy: 49.34%
Epoch 8/20:
Train Loss: 0.9676, Train Accuracy: 88.00%
Validation Loss: 0.9665, Validation Accuracy: 49.24%
Epoch 9/20:
Train Loss: 0.9688, Train Accuracy: 91.18%
Validation Loss: 0.9690, Validation Accuracy: 49.84%
Epoch 10/20:
Train Loss: 0.9700, Train Accuracy: 92.66%
Validation Loss: 0.9694, Validation Accuracy: 49.13%
Epoch 11/20:
Train Loss: 0.9707, Train Accuracy: 95.12%
Validation Loss: 0.9708, Validation Accuracy: 50.40%
Epoch 12/20:
Train Loss: 0.9706, Train Accuracy: 95.86%
Validation Loss: 0.9709, Validation Accuracy: 49.52%
Epoch 13/20:
Train Loss: 0.9705, Train Accuracy: 95.64%
Validation Loss: 0.9707, Validation Accuracy: 48.54%
Epoch 14/20:
Train Loss: 0.9705, Train Accuracy: 96.26%
Validation Loss: 0.9710, Validation Accuracy: 47.22%
Epoch 15/20:
Train Loss: 0.9705, Train Accuracy: 96.24%
Validation Loss: 0.9706, Validation Accuracy: 47.89%
Epoch 16/20:
Train Loss: 0.9711, Train Accuracy: 93.72%
Validation Loss: 0.9705, Validation Accuracy: 48.83%
Epoch 17/20:
Train Loss: 0.9711, Train Accuracy: 92.76%
Validation Loss: 0.9708, Validation Accuracy: 48.45%
Epoch 18/20:
Train Loss: 0.9710, Train Accuracy: 93.66%
Validation Loss: 0.9710, Validation Accuracy: 46.97%
Epoch 19/20:
Train Loss: 0.9711, Train Accuracy: 93.42%
Validation Loss: 0.9707, Validation Accuracy: 47.23%
Epoch 20/20:
Train Loss: 0.9718, Train Accuracy: 89.74%
Validation Loss: 0.9704, Validation Accuracy: 48.19%
Model saved to models/resnet18-EvidenceLoss-CIFAR10-random-0.9-3
Modified fc layer: updated out_features to 10.
Initialized untrained model.
Epoch 1/20:
Train Loss: 0.8382, Train Accuracy: 30.36%
Validation Loss: 0.9252, Validation Accuracy: 18.75%
Epoch 2/20:
Train Loss: 1.0221, Train Accuracy: 42.92%
Validation Loss: 0.8927, Validation Accuracy: 37.44%
Epoch 3/20:
Train Loss: 0.9560, Train Accuracy: 55.00%
Validation Loss: 0.9391, Validation Accuracy: 41.25%
Epoch 4/20:
Train Loss: 0.9590, Train Accuracy: 67.04%
Validation Loss: 0.9475, Validation Accuracy: 44.91%
Epoch 5/20:
Train Loss: 0.9618, Train Accuracy: 77.16%
Validation Loss: 0.9593, Validation Accuracy: 45.00%
Epoch 6/20:
Train Loss: 0.9646, Train Accuracy: 82.28%
Validation Loss: 0.9616, Validation Accuracy: 45.41%
Epoch 7/20:
Train Loss: 0.9664, Train Accuracy: 87.28%
Validation Loss: 0.9665, Validation Accuracy: 45.96%
Epoch 8/20:
Train Loss: 0.9677, Train Accuracy: 91.24%
Validation Loss: 0.9682, Validation Accuracy: 45.79%
Epoch 9/20:
Train Loss: 0.9693, Train Accuracy: 93.12%
Validation Loss: 0.9703, Validation Accuracy: 45.65%
Epoch 10/20:
Train Loss: 0.9705, Train Accuracy: 94.80%
Validation Loss: 0.9715, Validation Accuracy: 45.65%
Epoch 11/20:
Train Loss: 0.9715, Train Accuracy: 95.92%
Validation Loss: 0.9730, Validation Accuracy: 44.66%
Epoch 12/20:
Train Loss: 0.9713, Train Accuracy: 96.28%
Validation Loss: 0.9735, Validation Accuracy: 43.72%
Epoch 13/20:
Train Loss: 0.9715, Train Accuracy: 95.44%
Validation Loss: 0.9729, Validation Accuracy: 44.51%
Epoch 14/20:
Train Loss: 0.9710, Train Accuracy: 96.68%
Validation Loss: 0.9729, Validation Accuracy: 45.50%
Epoch 15/20:
Train Loss: 0.9709, Train Accuracy: 97.56%
Validation Loss: 0.9729, Validation Accuracy: 45.47%
Epoch 16/20:
Train Loss: 0.9705, Train Accuracy: 98.36%
Validation Loss: 0.9728, Validation Accuracy: 44.54%
Epoch 17/20:
Train Loss: 0.9706, Train Accuracy: 98.40%
Validation Loss: 0.9728, Validation Accuracy: 46.07%
Epoch 18/20:
Train Loss: 0.9704, Train Accuracy: 98.36%
Validation Loss: 0.9729, Validation Accuracy: 44.62%
Epoch 19/20:
Train Loss: 0.9704, Train Accuracy: 98.48%
Validation Loss: 0.9729, Validation Accuracy: 43.53%
Epoch 20/20:
Train Loss: 0.9706, Train Accuracy: 98.16%
Validation Loss: 0.9723, Validation Accuracy: 45.10%
Model saved to models/resnet18-EvidenceLoss-CIFAR10-random-0.95-3
Modified fc layer: updated out_features to 10.
Loaded weights from file: models/resnet18_CIFAR10_E1_3
Files already downloaded and verified
Files already downloaded and verified
Modified fc layer: updated out_features to 10.
Initialized untrained model.
[Epoch 1, Batch   100] loss: 0.792
[Epoch 1, Batch   200] loss: 0.703
[Epoch 1, Batch   300] loss: 0.663
[Epoch 1, Batch   400] loss: 0.629
[Epoch 1, Batch   500] loss: 0.615
Epoch 1/20:
Train Loss: 0.0512, Train Accuracy: 47.99%
Validation Loss: 0.6497, Validation Accuracy: 50.32%
[Epoch 2, Batch   100] loss: 1.010
[Epoch 2, Batch   200] loss: 0.886
[Epoch 2, Batch   300] loss: 0.883
[Epoch 2, Batch   400] loss: 0.881
[Epoch 2, Batch   500] loss: 0.885
Epoch 2/20:
Train Loss: 0.0758, Train Accuracy: 62.24%
Validation Loss: 0.7865, Validation Accuracy: 57.55%
[Epoch 3, Batch   100] loss: 0.940
[Epoch 3, Batch   200] loss: 0.932
[Epoch 3, Batch   300] loss: 0.932
[Epoch 3, Batch   400] loss: 0.934
[Epoch 3, Batch   500] loss: 0.934
Epoch 3/20:
Train Loss: 0.0801, Train Accuracy: 70.15%
Validation Loss: 0.8626, Validation Accuracy: 66.35%
[Epoch 4, Batch   100] loss: 0.951
[Epoch 4, Batch   200] loss: 0.949
[Epoch 4, Batch   300] loss: 0.950
[Epoch 4, Batch   400] loss: 0.951
[Epoch 4, Batch   500] loss: 0.951
Epoch 4/20:
Train Loss: 0.0818, Train Accuracy: 74.88%
Validation Loss: 0.9157, Validation Accuracy: 66.52%
[Epoch 5, Batch   100] loss: 0.958
[Epoch 5, Batch   200] loss: 0.958
[Epoch 5, Batch   300] loss: 0.959
[Epoch 5, Batch   400] loss: 0.959
[Epoch 5, Batch   500] loss: 0.960
Epoch 5/20:
Train Loss: 0.0824, Train Accuracy: 77.59%
Validation Loss: 0.9409, Validation Accuracy: 62.58%
[Epoch 6, Batch   100] loss: 0.963
[Epoch 6, Batch   200] loss: 0.963
[Epoch 6, Batch   300] loss: 0.964
[Epoch 6, Batch   400] loss: 0.964
[Epoch 6, Batch   500] loss: 0.965
Epoch 6/20:
Train Loss: 0.0829, Train Accuracy: 79.04%
Validation Loss: 0.9509, Validation Accuracy: 66.88%
[Epoch 7, Batch   100] loss: 0.967
[Epoch 7, Batch   200] loss: 0.967
[Epoch 7, Batch   300] loss: 0.967
[Epoch 7, Batch   400] loss: 0.967
[Epoch 7, Batch   500] loss: 0.968
Epoch 7/20:
Train Loss: 0.0832, Train Accuracy: 79.15%
Validation Loss: 0.9550, Validation Accuracy: 66.73%
[Epoch 8, Batch   100] loss: 0.969
[Epoch 8, Batch   200] loss: 0.969
[Epoch 8, Batch   300] loss: 0.970
[Epoch 8, Batch   400] loss: 0.970
[Epoch 8, Batch   500] loss: 0.970
Epoch 8/20:
Train Loss: 0.0834, Train Accuracy: 79.01%
Validation Loss: 0.9602, Validation Accuracy: 66.91%
[Epoch 9, Batch   100] loss: 0.971
[Epoch 9, Batch   200] loss: 0.971
[Epoch 9, Batch   300] loss: 0.972
[Epoch 9, Batch   400] loss: 0.972
[Epoch 9, Batch   500] loss: 0.972
Epoch 9/20:
Train Loss: 0.0835, Train Accuracy: 78.21%
Validation Loss: 0.9638, Validation Accuracy: 64.31%
[Epoch 10, Batch   100] loss: 0.972
[Epoch 10, Batch   200] loss: 0.973
[Epoch 10, Batch   300] loss: 0.973
[Epoch 10, Batch   400] loss: 0.973
[Epoch 10, Batch   500] loss: 0.973
Epoch 10/20:
Train Loss: 0.0837, Train Accuracy: 77.08%
Validation Loss: 0.9672, Validation Accuracy: 64.33%
[Epoch 11, Batch   100] loss: 0.974
[Epoch 11, Batch   200] loss: 0.974
[Epoch 11, Batch   300] loss: 0.974
[Epoch 11, Batch   400] loss: 0.974
[Epoch 11, Batch   500] loss: 0.974
Epoch 11/20:
Train Loss: 0.0837, Train Accuracy: 76.08%
Validation Loss: 0.9686, Validation Accuracy: 63.34%
[Epoch 12, Batch   100] loss: 0.974
[Epoch 12, Batch   200] loss: 0.974
[Epoch 12, Batch   300] loss: 0.975
[Epoch 12, Batch   400] loss: 0.975
[Epoch 12, Batch   500] loss: 0.975
Epoch 12/20:
Train Loss: 0.0838, Train Accuracy: 73.63%
Validation Loss: 0.9697, Validation Accuracy: 61.04%
[Epoch 13, Batch   100] loss: 0.974
[Epoch 13, Batch   200] loss: 0.975
[Epoch 13, Batch   300] loss: 0.975
[Epoch 13, Batch   400] loss: 0.975
[Epoch 13, Batch   500] loss: 0.975
Epoch 13/20:
Train Loss: 0.0838, Train Accuracy: 72.83%
Validation Loss: 0.9683, Validation Accuracy: 65.47%
[Epoch 14, Batch   100] loss: 0.974
[Epoch 14, Batch   200] loss: 0.975
[Epoch 14, Batch   300] loss: 0.975
[Epoch 14, Batch   400] loss: 0.975
[Epoch 14, Batch   500] loss: 0.975
Epoch 14/20:
Train Loss: 0.0838, Train Accuracy: 72.25%
Validation Loss: 0.9683, Validation Accuracy: 64.61%
[Epoch 15, Batch   100] loss: 0.975
[Epoch 15, Batch   200] loss: 0.975
[Epoch 15, Batch   300] loss: 0.975
[Epoch 15, Batch   400] loss: 0.975
[Epoch 15, Batch   500] loss: 0.975
Epoch 15/20:
Train Loss: 0.0838, Train Accuracy: 72.37%
Validation Loss: 0.9704, Validation Accuracy: 55.02%
[Epoch 16, Batch   100] loss: 0.974
[Epoch 16, Batch   200] loss: 0.975
[Epoch 16, Batch   300] loss: 0.975
[Epoch 16, Batch   400] loss: 0.975
[Epoch 16, Batch   500] loss: 0.975
Epoch 16/20:
Train Loss: 0.0837, Train Accuracy: 72.60%
Validation Loss: 0.9709, Validation Accuracy: 55.17%
[Epoch 17, Batch   100] loss: 0.974
[Epoch 17, Batch   200] loss: 0.974
[Epoch 17, Batch   300] loss: 0.975
[Epoch 17, Batch   400] loss: 0.975
[Epoch 17, Batch   500] loss: 0.975
Epoch 17/20:
Train Loss: 0.0837, Train Accuracy: 73.00%
Validation Loss: 0.9684, Validation Accuracy: 66.61%
[Epoch 18, Batch   100] loss: 0.974
[Epoch 18, Batch   200] loss: 0.975
[Epoch 18, Batch   300] loss: 0.975
[Epoch 18, Batch   400] loss: 0.975
[Epoch 18, Batch   500] loss: 0.975
Epoch 18/20:
Train Loss: 0.0838, Train Accuracy: 73.76%
Validation Loss: 0.9686, Validation Accuracy: 65.83%
[Epoch 19, Batch   100] loss: 0.974
[Epoch 19, Batch   200] loss: 0.974
[Epoch 19, Batch   300] loss: 0.975
[Epoch 19, Batch   400] loss: 0.975
[Epoch 19, Batch   500] loss: 0.975
Epoch 19/20:
Train Loss: 0.0838, Train Accuracy: 73.91%
Validation Loss: 0.9682, Validation Accuracy: 67.56%
[Epoch 20, Batch   100] loss: 0.974
[Epoch 20, Batch   200] loss: 0.974
[Epoch 20, Batch   300] loss: 0.975
[Epoch 20, Batch   400] loss: 0.974
[Epoch 20, Batch   500] loss: 0.974
Epoch 20/20:
Train Loss: 0.0838, Train Accuracy: 74.84%
Validation Loss: 0.9675, Validation Accuracy: 67.11%
Model saved to models/resnet18-EvidenceLoss-CIFAR10-EVIDENCE-balanced_by_score-0.3-3
Modified fc layer: updated out_features to 10.
Initialized untrained model.
[Epoch 1, Batch   100] loss: 0.794
[Epoch 1, Batch   200] loss: 0.706
[Epoch 1, Batch   300] loss: 0.663
Epoch 1/20:
Train Loss: 0.1516, Train Accuracy: 45.14%
Validation Loss: 0.6167, Validation Accuracy: 53.68%
[Epoch 2, Batch   100] loss: 1.004
[Epoch 2, Batch   200] loss: 0.899
[Epoch 2, Batch   300] loss: 0.896
Epoch 2/20:
Train Loss: 0.2076, Train Accuracy: 58.74%
Validation Loss: 0.8075, Validation Accuracy: 55.79%
[Epoch 3, Batch   100] loss: 0.942
[Epoch 3, Batch   200] loss: 0.937
[Epoch 3, Batch   300] loss: 0.937
Epoch 3/20:
Train Loss: 0.2179, Train Accuracy: 67.53%
Validation Loss: 0.8879, Validation Accuracy: 61.10%
[Epoch 4, Batch   100] loss: 0.953
[Epoch 4, Batch   200] loss: 0.952
[Epoch 4, Batch   300] loss: 0.952
Epoch 4/20:
Train Loss: 0.2218, Train Accuracy: 72.51%
Validation Loss: 0.9187, Validation Accuracy: 64.42%
[Epoch 5, Batch   100] loss: 0.959
[Epoch 5, Batch   200] loss: 0.959
[Epoch 5, Batch   300] loss: 0.960
Epoch 5/20:
Train Loss: 0.2234, Train Accuracy: 76.46%
Validation Loss: 0.9414, Validation Accuracy: 63.36%
[Epoch 6, Batch   100] loss: 0.963
[Epoch 6, Batch   200] loss: 0.963
[Epoch 6, Batch   300] loss: 0.964
Epoch 6/20:
Train Loss: 0.2244, Train Accuracy: 78.84%
Validation Loss: 0.9519, Validation Accuracy: 62.95%
[Epoch 7, Batch   100] loss: 0.966
[Epoch 7, Batch   200] loss: 0.967
[Epoch 7, Batch   300] loss: 0.967
Epoch 7/20:
Train Loss: 0.2251, Train Accuracy: 80.30%
Validation Loss: 0.9605, Validation Accuracy: 61.43%
[Epoch 8, Batch   100] loss: 0.968
[Epoch 8, Batch   200] loss: 0.969
[Epoch 8, Batch   300] loss: 0.969
Epoch 8/20:
Train Loss: 0.2257, Train Accuracy: 81.26%
Validation Loss: 0.9622, Validation Accuracy: 62.56%
[Epoch 9, Batch   100] loss: 0.970
[Epoch 9, Batch   200] loss: 0.971
[Epoch 9, Batch   300] loss: 0.971
Epoch 9/20:
Train Loss: 0.2261, Train Accuracy: 81.42%
Validation Loss: 0.9627, Validation Accuracy: 62.51%
[Epoch 10, Batch   100] loss: 0.972
[Epoch 10, Batch   200] loss: 0.972
[Epoch 10, Batch   300] loss: 0.973
Epoch 10/20:
Train Loss: 0.2264, Train Accuracy: 80.27%
Validation Loss: 0.9661, Validation Accuracy: 63.18%
[Epoch 11, Batch   100] loss: 0.973
[Epoch 11, Batch   200] loss: 0.973
[Epoch 11, Batch   300] loss: 0.974
Epoch 11/20:
Train Loss: 0.2267, Train Accuracy: 80.47%
Validation Loss: 0.9686, Validation Accuracy: 62.76%
[Epoch 12, Batch   100] loss: 0.973
[Epoch 12, Batch   200] loss: 0.974
[Epoch 12, Batch   300] loss: 0.974
Epoch 12/20:
Train Loss: 0.2268, Train Accuracy: 77.98%
Validation Loss: 0.9688, Validation Accuracy: 63.50%
[Epoch 13, Batch   100] loss: 0.973
[Epoch 13, Batch   200] loss: 0.974
[Epoch 13, Batch   300] loss: 0.974
Epoch 13/20:
Train Loss: 0.2268, Train Accuracy: 76.78%
Validation Loss: 0.9687, Validation Accuracy: 62.71%
[Epoch 14, Batch   100] loss: 0.974
[Epoch 14, Batch   200] loss: 0.974
[Epoch 14, Batch   300] loss: 0.974
Epoch 14/20:
Train Loss: 0.2269, Train Accuracy: 75.00%
Validation Loss: 0.9687, Validation Accuracy: 63.73%
[Epoch 15, Batch   100] loss: 0.974
[Epoch 15, Batch   200] loss: 0.975
[Epoch 15, Batch   300] loss: 0.975
Epoch 15/20:
Train Loss: 0.2269, Train Accuracy: 73.77%
Validation Loss: 0.9694, Validation Accuracy: 64.28%
[Epoch 16, Batch   100] loss: 0.974
[Epoch 16, Batch   200] loss: 0.975
[Epoch 16, Batch   300] loss: 0.975
Epoch 16/20:
Train Loss: 0.2269, Train Accuracy: 73.90%
Validation Loss: 0.9697, Validation Accuracy: 61.62%
[Epoch 17, Batch   100] loss: 0.974
[Epoch 17, Batch   200] loss: 0.975
[Epoch 17, Batch   300] loss: 0.975
Epoch 17/20:
Train Loss: 0.2269, Train Accuracy: 72.72%
Validation Loss: 0.9706, Validation Accuracy: 56.26%
[Epoch 18, Batch   100] loss: 0.974
[Epoch 18, Batch   200] loss: 0.975
[Epoch 18, Batch   300] loss: 0.975
Epoch 18/20:
Train Loss: 0.2269, Train Accuracy: 72.74%
Validation Loss: 0.9699, Validation Accuracy: 59.07%
[Epoch 19, Batch   100] loss: 0.974
[Epoch 19, Batch   200] loss: 0.975
[Epoch 19, Batch   300] loss: 0.975
Epoch 19/20:
Train Loss: 0.2269, Train Accuracy: 73.48%
Validation Loss: 0.9691, Validation Accuracy: 62.32%
[Epoch 20, Batch   100] loss: 0.974
[Epoch 20, Batch   200] loss: 0.975
[Epoch 20, Batch   300] loss: 0.975
Epoch 20/20:
Train Loss: 0.2269, Train Accuracy: 73.21%
Validation Loss: 0.9698, Validation Accuracy: 58.76%
Model saved to models/resnet18-EvidenceLoss-CIFAR10-EVIDENCE-balanced_by_score-0.5-3
Modified fc layer: updated out_features to 10.
Initialized untrained model.
[Epoch 1, Batch   100] loss: 0.785
[Epoch 1, Batch   200] loss: 0.701
Epoch 1/20:
Train Loss: 0.0993, Train Accuracy: 42.93%
Validation Loss: 0.7393, Validation Accuracy: 41.58%
[Epoch 2, Batch   100] loss: 0.991
[Epoch 2, Batch   200] loss: 0.906
Epoch 2/20:
Train Loss: 0.1351, Train Accuracy: 54.50%
Validation Loss: 0.8224, Validation Accuracy: 46.41%
[Epoch 3, Batch   100] loss: 0.950
[Epoch 3, Batch   200] loss: 0.941
Epoch 3/20:
Train Loss: 0.1405, Train Accuracy: 62.67%
Validation Loss: 0.9036, Validation Accuracy: 56.40%
[Epoch 4, Batch   100] loss: 0.955
[Epoch 4, Batch   200] loss: 0.954
Epoch 4/20:
Train Loss: 0.1423, Train Accuracy: 69.69%
Validation Loss: 0.9284, Validation Accuracy: 59.00%
[Epoch 5, Batch   100] loss: 0.960
[Epoch 5, Batch   200] loss: 0.960
Epoch 5/20:
Train Loss: 0.1431, Train Accuracy: 75.72%
Validation Loss: 0.9427, Validation Accuracy: 60.47%
[Epoch 6, Batch   100] loss: 0.963
[Epoch 6, Batch   200] loss: 0.963
Epoch 6/20:
Train Loss: 0.1436, Train Accuracy: 79.54%
Validation Loss: 0.9509, Validation Accuracy: 58.42%
[Epoch 7, Batch   100] loss: 0.966
[Epoch 7, Batch   200] loss: 0.966
Epoch 7/20:
Train Loss: 0.1440, Train Accuracy: 82.60%
Validation Loss: 0.9562, Validation Accuracy: 60.15%
[Epoch 8, Batch   100] loss: 0.968
[Epoch 8, Batch   200] loss: 0.968
Epoch 8/20:
Train Loss: 0.1443, Train Accuracy: 84.92%
Validation Loss: 0.9618, Validation Accuracy: 59.60%
[Epoch 9, Batch   100] loss: 0.969
[Epoch 9, Batch   200] loss: 0.970
Epoch 9/20:
Train Loss: 0.1445, Train Accuracy: 86.21%
Validation Loss: 0.9649, Validation Accuracy: 60.17%
[Epoch 10, Batch   100] loss: 0.971
[Epoch 10, Batch   200] loss: 0.971
Epoch 10/20:
Train Loss: 0.1447, Train Accuracy: 87.04%
Validation Loss: 0.9668, Validation Accuracy: 60.16%
[Epoch 11, Batch   100] loss: 0.972
[Epoch 11, Batch   200] loss: 0.972
Epoch 11/20:
Train Loss: 0.1448, Train Accuracy: 86.51%
Validation Loss: 0.9672, Validation Accuracy: 58.05%
[Epoch 12, Batch   100] loss: 0.972
[Epoch 12, Batch   200] loss: 0.973
Epoch 12/20:
Train Loss: 0.1449, Train Accuracy: 85.72%
Validation Loss: 0.9693, Validation Accuracy: 56.98%
[Epoch 13, Batch   100] loss: 0.972
[Epoch 13, Batch   200] loss: 0.973
Epoch 13/20:
Train Loss: 0.1449, Train Accuracy: 84.28%
Validation Loss: 0.9689, Validation Accuracy: 60.36%
[Epoch 14, Batch   100] loss: 0.973
[Epoch 14, Batch   200] loss: 0.973
Epoch 14/20:
Train Loss: 0.1450, Train Accuracy: 82.83%
Validation Loss: 0.9695, Validation Accuracy: 57.25%
[Epoch 15, Batch   100] loss: 0.973
[Epoch 15, Batch   200] loss: 0.973
Epoch 15/20:
Train Loss: 0.1450, Train Accuracy: 82.47%
Validation Loss: 0.9708, Validation Accuracy: 55.31%
[Epoch 16, Batch   100] loss: 0.973
[Epoch 16, Batch   200] loss: 0.973
Epoch 16/20:
Train Loss: 0.1450, Train Accuracy: 81.84%
Validation Loss: 0.9702, Validation Accuracy: 57.51%
[Epoch 17, Batch   100] loss: 0.973
[Epoch 17, Batch   200] loss: 0.973
Epoch 17/20:
Train Loss: 0.1450, Train Accuracy: 80.92%
Validation Loss: 0.9701, Validation Accuracy: 55.75%
[Epoch 18, Batch   100] loss: 0.973
[Epoch 18, Batch   200] loss: 0.974
Epoch 18/20:
Train Loss: 0.1451, Train Accuracy: 80.79%
Validation Loss: 0.9697, Validation Accuracy: 56.62%
[Epoch 19, Batch   100] loss: 0.973
[Epoch 19, Batch   200] loss: 0.974
Epoch 19/20:
Train Loss: 0.1451, Train Accuracy: 80.08%
Validation Loss: 0.9702, Validation Accuracy: 57.72%
[Epoch 20, Batch   100] loss: 0.973
[Epoch 20, Batch   200] loss: 0.974
Epoch 20/20:
Train Loss: 0.1451, Train Accuracy: 79.49%
Validation Loss: 0.9696, Validation Accuracy: 56.12%
Model saved to models/resnet18-EvidenceLoss-CIFAR10-EVIDENCE-balanced_by_score-0.7-3
Modified fc layer: updated out_features to 10.
Initialized untrained model.
[Epoch 1, Batch   100] loss: 0.797
Epoch 1/20:
Train Loss: 0.2534, Train Accuracy: 38.65%
Validation Loss: 0.8308, Validation Accuracy: 33.10%
[Epoch 2, Batch   100] loss: 0.984
Epoch 2/20:
Train Loss: 0.3268, Train Accuracy: 50.18%
Validation Loss: 0.8573, Validation Accuracy: 49.28%
[Epoch 3, Batch   100] loss: 0.950
Epoch 3/20:
Train Loss: 0.3351, Train Accuracy: 60.31%
Validation Loss: 0.9054, Validation Accuracy: 53.07%
[Epoch 4, Batch   100] loss: 0.956
Epoch 4/20:
Train Loss: 0.3389, Train Accuracy: 68.85%
Validation Loss: 0.9337, Validation Accuracy: 53.46%
[Epoch 5, Batch   100] loss: 0.960
Epoch 5/20:
Train Loss: 0.3407, Train Accuracy: 75.04%
Validation Loss: 0.9486, Validation Accuracy: 54.81%
[Epoch 6, Batch   100] loss: 0.963
Epoch 6/20:
Train Loss: 0.3420, Train Accuracy: 80.53%
Validation Loss: 0.9546, Validation Accuracy: 54.50%
[Epoch 7, Batch   100] loss: 0.966
Epoch 7/20:
Train Loss: 0.3425, Train Accuracy: 84.60%
Validation Loss: 0.9599, Validation Accuracy: 56.84%
[Epoch 8, Batch   100] loss: 0.967
Epoch 8/20:
Train Loss: 0.3433, Train Accuracy: 87.87%
Validation Loss: 0.9625, Validation Accuracy: 56.11%
[Epoch 9, Batch   100] loss: 0.969
Epoch 9/20:
Train Loss: 0.3438, Train Accuracy: 89.32%
Validation Loss: 0.9656, Validation Accuracy: 55.41%
[Epoch 10, Batch   100] loss: 0.970
Epoch 10/20:
Train Loss: 0.3443, Train Accuracy: 91.08%
Validation Loss: 0.9684, Validation Accuracy: 56.12%
[Epoch 11, Batch   100] loss: 0.971
Epoch 11/20:
Train Loss: 0.3448, Train Accuracy: 91.51%
Validation Loss: 0.9695, Validation Accuracy: 55.53%
[Epoch 12, Batch   100] loss: 0.971
Epoch 12/20:
Train Loss: 0.3448, Train Accuracy: 91.20%
Validation Loss: 0.9687, Validation Accuracy: 52.99%
[Epoch 13, Batch   100] loss: 0.972
Epoch 13/20:
Train Loss: 0.3449, Train Accuracy: 89.31%
Validation Loss: 0.9696, Validation Accuracy: 54.23%
[Epoch 14, Batch   100] loss: 0.972
Epoch 14/20:
Train Loss: 0.3451, Train Accuracy: 88.55%
Validation Loss: 0.9700, Validation Accuracy: 53.44%
[Epoch 15, Batch   100] loss: 0.972
Epoch 15/20:
Train Loss: 0.3451, Train Accuracy: 87.77%
Validation Loss: 0.9708, Validation Accuracy: 52.48%
[Epoch 16, Batch   100] loss: 0.972
Epoch 16/20:
Train Loss: 0.3451, Train Accuracy: 87.31%
Validation Loss: 0.9703, Validation Accuracy: 52.18%
[Epoch 17, Batch   100] loss: 0.972
Epoch 17/20:
Train Loss: 0.3452, Train Accuracy: 86.15%
Validation Loss: 0.9699, Validation Accuracy: 53.63%
[Epoch 18, Batch   100] loss: 0.972
Epoch 18/20:
Train Loss: 0.3452, Train Accuracy: 85.43%
Validation Loss: 0.9702, Validation Accuracy: 52.46%
[Epoch 19, Batch   100] loss: 0.972
Epoch 19/20:
Train Loss: 0.3453, Train Accuracy: 85.20%
Validation Loss: 0.9706, Validation Accuracy: 52.90%
[Epoch 20, Batch   100] loss: 0.972
Epoch 20/20:
Train Loss: 0.3453, Train Accuracy: 85.40%
Validation Loss: 0.9704, Validation Accuracy: 53.89%
Model saved to models/resnet18-EvidenceLoss-CIFAR10-EVIDENCE-balanced_by_score-0.8-3
Modified fc layer: updated out_features to 10.
Initialized untrained model.
Epoch 1/20:
Train Loss: 0.8093, Train Accuracy: 33.98%
Validation Loss: 0.7781, Validation Accuracy: 37.40%
Epoch 2/20:
Train Loss: 0.9857, Train Accuracy: 45.45%
Validation Loss: 0.8594, Validation Accuracy: 43.07%
Epoch 3/20:
Train Loss: 0.9536, Train Accuracy: 56.67%
Validation Loss: 0.9220, Validation Accuracy: 46.28%
Epoch 4/20:
Train Loss: 0.9576, Train Accuracy: 67.37%
Validation Loss: 0.9441, Validation Accuracy: 48.22%
Epoch 5/20:
Train Loss: 0.9607, Train Accuracy: 74.53%
Validation Loss: 0.9538, Validation Accuracy: 48.59%
Epoch 6/20:
Train Loss: 0.9633, Train Accuracy: 81.51%
Validation Loss: 0.9584, Validation Accuracy: 49.05%
Epoch 7/20:
Train Loss: 0.9653, Train Accuracy: 86.86%
Validation Loss: 0.9633, Validation Accuracy: 48.99%
Epoch 8/20:
Train Loss: 0.9668, Train Accuracy: 90.27%
Validation Loss: 0.9668, Validation Accuracy: 48.80%
Epoch 9/20:
Train Loss: 0.9683, Train Accuracy: 93.08%
Validation Loss: 0.9690, Validation Accuracy: 48.68%
Epoch 10/20:
Train Loss: 0.9695, Train Accuracy: 94.63%
Validation Loss: 0.9703, Validation Accuracy: 48.17%
Epoch 11/20:
Train Loss: 0.9707, Train Accuracy: 95.88%
Validation Loss: 0.9713, Validation Accuracy: 48.83%
Epoch 12/20:
Train Loss: 0.9704, Train Accuracy: 96.90%
Validation Loss: 0.9710, Validation Accuracy: 48.68%
Epoch 13/20:
Train Loss: 0.9702, Train Accuracy: 97.31%
Validation Loss: 0.9715, Validation Accuracy: 47.74%
Epoch 14/20:
Train Loss: 0.9702, Train Accuracy: 97.69%
Validation Loss: 0.9707, Validation Accuracy: 48.44%
Epoch 15/20:
Train Loss: 0.9702, Train Accuracy: 97.53%
Validation Loss: 0.9709, Validation Accuracy: 48.14%
Epoch 16/20:
Train Loss: 0.9705, Train Accuracy: 95.96%
Validation Loss: 0.9706, Validation Accuracy: 46.42%
Epoch 17/20:
Train Loss: 0.9709, Train Accuracy: 94.78%
Validation Loss: 0.9710, Validation Accuracy: 47.64%
Epoch 18/20:
Train Loss: 0.9710, Train Accuracy: 93.59%
Validation Loss: 0.9716, Validation Accuracy: 46.04%
Epoch 19/20:
Train Loss: 0.9709, Train Accuracy: 93.61%
Validation Loss: 0.9726, Validation Accuracy: 42.64%
Epoch 20/20:
Train Loss: 0.9713, Train Accuracy: 91.49%
Validation Loss: 0.9715, Validation Accuracy: 46.03%
Model saved to models/resnet18-EvidenceLoss-CIFAR10-EVIDENCE-balanced_by_score-0.9-3
Modified fc layer: updated out_features to 10.
Initialized untrained model.
Epoch 1/20:
Train Loss: 0.8553, Train Accuracy: 29.52%
Validation Loss: 0.9052, Validation Accuracy: 20.42%
Epoch 2/20:
Train Loss: 1.0249, Train Accuracy: 39.88%
Validation Loss: 0.9143, Validation Accuracy: 36.94%
Epoch 3/20:
Train Loss: 0.9598, Train Accuracy: 51.12%
Validation Loss: 0.9318, Validation Accuracy: 40.25%
Epoch 4/20:
Train Loss: 0.9639, Train Accuracy: 58.32%
Validation Loss: 0.9532, Validation Accuracy: 41.99%
Epoch 5/20:
Train Loss: 0.9645, Train Accuracy: 70.44%
Validation Loss: 0.9591, Validation Accuracy: 43.50%
Epoch 6/20:
Train Loss: 0.9660, Train Accuracy: 77.84%
Validation Loss: 0.9642, Validation Accuracy: 44.42%
Epoch 7/20:
Train Loss: 0.9673, Train Accuracy: 83.48%
Validation Loss: 0.9677, Validation Accuracy: 44.52%
Epoch 8/20:
Train Loss: 0.9693, Train Accuracy: 85.20%
Validation Loss: 0.9695, Validation Accuracy: 42.80%
Epoch 9/20:
Train Loss: 0.9706, Train Accuracy: 88.56%
Validation Loss: 0.9711, Validation Accuracy: 43.84%
Epoch 10/20:
Train Loss: 0.9712, Train Accuracy: 91.64%
Validation Loss: 0.9719, Validation Accuracy: 44.65%
Epoch 11/20:
Train Loss: 0.9721, Train Accuracy: 93.72%
Validation Loss: 0.9727, Validation Accuracy: 44.68%
Epoch 12/20:
Train Loss: 0.9717, Train Accuracy: 94.92%
Validation Loss: 0.9738, Validation Accuracy: 44.55%
Epoch 13/20:
Train Loss: 0.9716, Train Accuracy: 95.20%
Validation Loss: 0.9729, Validation Accuracy: 44.69%
Epoch 14/20:
Train Loss: 0.9712, Train Accuracy: 96.60%
Validation Loss: 0.9729, Validation Accuracy: 44.04%
Epoch 15/20:
Train Loss: 0.9711, Train Accuracy: 96.92%
Validation Loss: 0.9731, Validation Accuracy: 44.98%
Epoch 16/20:
Train Loss: 0.9711, Train Accuracy: 96.76%
Validation Loss: 0.9735, Validation Accuracy: 43.94%
Epoch 17/20:
Train Loss: 0.9706, Train Accuracy: 97.84%
Validation Loss: 0.9731, Validation Accuracy: 44.13%
Epoch 18/20:
Train Loss: 0.9705, Train Accuracy: 98.36%
Validation Loss: 0.9730, Validation Accuracy: 43.28%
Epoch 19/20:
Train Loss: 0.9713, Train Accuracy: 95.56%
Validation Loss: 0.9732, Validation Accuracy: 43.00%
Epoch 20/20:
Train Loss: 0.9711, Train Accuracy: 96.68%
Validation Loss: 0.9728, Validation Accuracy: 44.03%
Model saved to models/resnet18-EvidenceLoss-CIFAR10-EVIDENCE-balanced_by_score-0.95-3
Modified fc layer: updated out_features to 10.
Loaded weights from file: models/resnet18_CIFAR10_E1_3
Files already downloaded and verified
Files already downloaded and verified
Modified fc layer: updated out_features to 10.
Initialized untrained model.
[Epoch 1, Batch   100] loss: 0.792
[Epoch 1, Batch   200] loss: 0.705
[Epoch 1, Batch   300] loss: 0.669
[Epoch 1, Batch   400] loss: 0.643
[Epoch 1, Batch   500] loss: 0.618
Epoch 1/20:
Train Loss: 0.0521, Train Accuracy: 47.77%
Validation Loss: 0.7018, Validation Accuracy: 45.41%
[Epoch 2, Batch   100] loss: 1.011
[Epoch 2, Batch   200] loss: 0.885
[Epoch 2, Batch   300] loss: 0.885
[Epoch 2, Batch   400] loss: 0.887
[Epoch 2, Batch   500] loss: 0.884
Epoch 2/20:
Train Loss: 0.0761, Train Accuracy: 62.05%
Validation Loss: 0.7761, Validation Accuracy: 59.15%
[Epoch 3, Batch   100] loss: 0.941
[Epoch 3, Batch   200] loss: 0.934
[Epoch 3, Batch   300] loss: 0.934
[Epoch 3, Batch   400] loss: 0.934
[Epoch 3, Batch   500] loss: 0.934
Epoch 3/20:
Train Loss: 0.0803, Train Accuracy: 69.43%
Validation Loss: 0.8711, Validation Accuracy: 64.83%
[Epoch 4, Batch   100] loss: 0.951
[Epoch 4, Batch   200] loss: 0.950
[Epoch 4, Batch   300] loss: 0.951
[Epoch 4, Batch   400] loss: 0.951
[Epoch 4, Batch   500] loss: 0.951
Epoch 4/20:
Train Loss: 0.0818, Train Accuracy: 74.27%
Validation Loss: 0.9190, Validation Accuracy: 66.35%
[Epoch 5, Batch   100] loss: 0.958
[Epoch 5, Batch   200] loss: 0.958
[Epoch 5, Batch   300] loss: 0.959
[Epoch 5, Batch   400] loss: 0.960
[Epoch 5, Batch   500] loss: 0.959
Epoch 5/20:
Train Loss: 0.0825, Train Accuracy: 77.01%
Validation Loss: 0.9386, Validation Accuracy: 64.56%
[Epoch 6, Batch   100] loss: 0.963
[Epoch 6, Batch   200] loss: 0.964
[Epoch 6, Batch   300] loss: 0.963
[Epoch 6, Batch   400] loss: 0.964
[Epoch 6, Batch   500] loss: 0.965
Epoch 6/20:
Train Loss: 0.0829, Train Accuracy: 78.65%
Validation Loss: 0.9475, Validation Accuracy: 67.03%
[Epoch 7, Batch   100] loss: 0.966
[Epoch 7, Batch   200] loss: 0.967
[Epoch 7, Batch   300] loss: 0.967
[Epoch 7, Batch   400] loss: 0.968
[Epoch 7, Batch   500] loss: 0.968
Epoch 7/20:
Train Loss: 0.0832, Train Accuracy: 78.71%
Validation Loss: 0.9584, Validation Accuracy: 66.17%
[Epoch 8, Batch   100] loss: 0.969
[Epoch 8, Batch   200] loss: 0.969
[Epoch 8, Batch   300] loss: 0.970
[Epoch 8, Batch   400] loss: 0.970
[Epoch 8, Batch   500] loss: 0.970
Epoch 8/20:
Train Loss: 0.0834, Train Accuracy: 78.60%
Validation Loss: 0.9579, Validation Accuracy: 67.09%
[Epoch 9, Batch   100] loss: 0.971
[Epoch 9, Batch   200] loss: 0.971
[Epoch 9, Batch   300] loss: 0.972
[Epoch 9, Batch   400] loss: 0.972
[Epoch 9, Batch   500] loss: 0.972
Epoch 9/20:
Train Loss: 0.0836, Train Accuracy: 77.79%
Validation Loss: 0.9642, Validation Accuracy: 63.40%
[Epoch 10, Batch   100] loss: 0.972
[Epoch 10, Batch   200] loss: 0.973
[Epoch 10, Batch   300] loss: 0.973
[Epoch 10, Batch   400] loss: 0.973
[Epoch 10, Batch   500] loss: 0.973
Epoch 10/20:
Train Loss: 0.0837, Train Accuracy: 76.88%
Validation Loss: 0.9671, Validation Accuracy: 65.33%
[Epoch 11, Batch   100] loss: 0.974
[Epoch 11, Batch   200] loss: 0.974
[Epoch 11, Batch   300] loss: 0.974
[Epoch 11, Batch   400] loss: 0.975
[Epoch 11, Batch   500] loss: 0.975
Epoch 11/20:
Train Loss: 0.0837, Train Accuracy: 75.55%
Validation Loss: 0.9682, Validation Accuracy: 66.18%
[Epoch 12, Batch   100] loss: 0.974
[Epoch 12, Batch   200] loss: 0.974
[Epoch 12, Batch   300] loss: 0.975
[Epoch 12, Batch   400] loss: 0.975
[Epoch 12, Batch   500] loss: 0.975
Epoch 12/20:
Train Loss: 0.0838, Train Accuracy: 73.30%
Validation Loss: 0.9692, Validation Accuracy: 62.80%
[Epoch 13, Batch   100] loss: 0.974
[Epoch 13, Batch   200] loss: 0.975
[Epoch 13, Batch   300] loss: 0.975
[Epoch 13, Batch   400] loss: 0.975
[Epoch 13, Batch   500] loss: 0.975
Epoch 13/20:
Train Loss: 0.0838, Train Accuracy: 72.54%
Validation Loss: 0.9706, Validation Accuracy: 55.77%
[Epoch 14, Batch   100] loss: 0.975
[Epoch 14, Batch   200] loss: 0.975
[Epoch 14, Batch   300] loss: 0.975
[Epoch 14, Batch   400] loss: 0.975
[Epoch 14, Batch   500] loss: 0.975
Epoch 14/20:
Train Loss: 0.0838, Train Accuracy: 71.64%
Validation Loss: 0.9692, Validation Accuracy: 63.51%
[Epoch 15, Batch   100] loss: 0.975
[Epoch 15, Batch   200] loss: 0.975
[Epoch 15, Batch   300] loss: 0.975
[Epoch 15, Batch   400] loss: 0.975
[Epoch 15, Batch   500] loss: 0.975
Epoch 15/20:
Train Loss: 0.0838, Train Accuracy: 72.18%
Validation Loss: 0.9707, Validation Accuracy: 58.45%
[Epoch 16, Batch   100] loss: 0.975
[Epoch 16, Batch   200] loss: 0.975
[Epoch 16, Batch   300] loss: 0.975
[Epoch 16, Batch   400] loss: 0.975
[Epoch 16, Batch   500] loss: 0.975
Epoch 16/20:
Train Loss: 0.0838, Train Accuracy: 72.19%
Validation Loss: 0.9686, Validation Accuracy: 64.88%
[Epoch 17, Batch   100] loss: 0.974
[Epoch 17, Batch   200] loss: 0.975
[Epoch 17, Batch   300] loss: 0.975
[Epoch 17, Batch   400] loss: 0.975
[Epoch 17, Batch   500] loss: 0.975
Epoch 17/20:
Train Loss: 0.0838, Train Accuracy: 72.32%
Validation Loss: 0.9690, Validation Accuracy: 60.78%
[Epoch 18, Batch   100] loss: 0.974
[Epoch 18, Batch   200] loss: 0.975
[Epoch 18, Batch   300] loss: 0.975
[Epoch 18, Batch   400] loss: 0.975
[Epoch 18, Batch   500] loss: 0.975
Epoch 18/20:
Train Loss: 0.0838, Train Accuracy: 73.27%
Validation Loss: 0.9689, Validation Accuracy: 65.48%
[Epoch 19, Batch   100] loss: 0.974
[Epoch 19, Batch   200] loss: 0.975
[Epoch 19, Batch   300] loss: 0.974
[Epoch 19, Batch   400] loss: 0.975
[Epoch 19, Batch   500] loss: 0.975
Epoch 19/20:
Train Loss: 0.0837, Train Accuracy: 73.81%
Validation Loss: 0.9687, Validation Accuracy: 65.57%
[Epoch 20, Batch   100] loss: 0.974
[Epoch 20, Batch   200] loss: 0.974
[Epoch 20, Batch   300] loss: 0.974
[Epoch 20, Batch   400] loss: 0.975
[Epoch 20, Batch   500] loss: 0.975
Epoch 20/20:
Train Loss: 0.0837, Train Accuracy: 74.60%
Validation Loss: 0.9696, Validation Accuracy: 61.43%
Model saved to models/resnet18-EvidenceLoss-CIFAR10-BELIEF-balanced_by_score-0.3-3
Modified fc layer: updated out_features to 10.
Initialized untrained model.
[Epoch 1, Batch   100] loss: 0.794
[Epoch 1, Batch   200] loss: 0.706
[Epoch 1, Batch   300] loss: 0.669
Epoch 1/20:
Train Loss: 0.1461, Train Accuracy: 45.39%
Validation Loss: 0.6684, Validation Accuracy: 48.63%
[Epoch 2, Batch   100] loss: 0.997
[Epoch 2, Batch   200] loss: 0.896
[Epoch 2, Batch   300] loss: 0.890
Epoch 2/20:
Train Loss: 0.2071, Train Accuracy: 59.12%
Validation Loss: 0.7982, Validation Accuracy: 54.72%
[Epoch 3, Batch   100] loss: 0.945
[Epoch 3, Batch   200] loss: 0.937
[Epoch 3, Batch   300] loss: 0.935
Epoch 3/20:
Train Loss: 0.2177, Train Accuracy: 68.12%
Validation Loss: 0.8822, Validation Accuracy: 61.90%
[Epoch 4, Batch   100] loss: 0.952
[Epoch 4, Batch   200] loss: 0.951
[Epoch 4, Batch   300] loss: 0.952
Epoch 4/20:
Train Loss: 0.2215, Train Accuracy: 73.38%
Validation Loss: 0.9215, Validation Accuracy: 65.38%
[Epoch 5, Batch   100] loss: 0.959
[Epoch 5, Batch   200] loss: 0.959
[Epoch 5, Batch   300] loss: 0.959
Epoch 5/20:
Train Loss: 0.2233, Train Accuracy: 77.42%
Validation Loss: 0.9419, Validation Accuracy: 63.79%
[Epoch 6, Batch   100] loss: 0.963
[Epoch 6, Batch   200] loss: 0.963
[Epoch 6, Batch   300] loss: 0.964
Epoch 6/20:
Train Loss: 0.2244, Train Accuracy: 79.99%
Validation Loss: 0.9517, Validation Accuracy: 59.69%
[Epoch 7, Batch   100] loss: 0.966
[Epoch 7, Batch   200] loss: 0.966
[Epoch 7, Batch   300] loss: 0.967
Epoch 7/20:
Train Loss: 0.2251, Train Accuracy: 81.22%
Validation Loss: 0.9558, Validation Accuracy: 64.63%
[Epoch 8, Batch   100] loss: 0.968
[Epoch 8, Batch   200] loss: 0.968
[Epoch 8, Batch   300] loss: 0.969
Epoch 8/20:
Train Loss: 0.2256, Train Accuracy: 82.36%
Validation Loss: 0.9595, Validation Accuracy: 64.63%
[Epoch 9, Batch   100] loss: 0.970
[Epoch 9, Batch   200] loss: 0.971
[Epoch 9, Batch   300] loss: 0.971
Epoch 9/20:
Train Loss: 0.2260, Train Accuracy: 81.84%
Validation Loss: 0.9632, Validation Accuracy: 63.90%
[Epoch 10, Batch   100] loss: 0.972
[Epoch 10, Batch   200] loss: 0.972
[Epoch 10, Batch   300] loss: 0.972
Epoch 10/20:
Train Loss: 0.2264, Train Accuracy: 81.28%
Validation Loss: 0.9663, Validation Accuracy: 62.89%
[Epoch 11, Batch   100] loss: 0.973
[Epoch 11, Batch   200] loss: 0.973
[Epoch 11, Batch   300] loss: 0.974
Epoch 11/20:
Train Loss: 0.2266, Train Accuracy: 80.46%
Validation Loss: 0.9686, Validation Accuracy: 63.73%
[Epoch 12, Batch   100] loss: 0.973
[Epoch 12, Batch   200] loss: 0.974
[Epoch 12, Batch   300] loss: 0.974
Epoch 12/20:
Train Loss: 0.2267, Train Accuracy: 78.44%
Validation Loss: 0.9684, Validation Accuracy: 63.36%
[Epoch 13, Batch   100] loss: 0.974
[Epoch 13, Batch   200] loss: 0.974
[Epoch 13, Batch   300] loss: 0.974
Epoch 13/20:
Train Loss: 0.2268, Train Accuracy: 77.01%
Validation Loss: 0.9701, Validation Accuracy: 57.26%
[Epoch 14, Batch   100] loss: 0.974
[Epoch 14, Batch   200] loss: 0.974
[Epoch 14, Batch   300] loss: 0.975
Epoch 14/20:
Train Loss: 0.2268, Train Accuracy: 75.54%
Validation Loss: 0.9687, Validation Accuracy: 63.81%
[Epoch 15, Batch   100] loss: 0.974
[Epoch 15, Batch   200] loss: 0.974
[Epoch 15, Batch   300] loss: 0.975
Epoch 15/20:
Train Loss: 0.2269, Train Accuracy: 74.23%
Validation Loss: 0.9697, Validation Accuracy: 60.25%
[Epoch 16, Batch   100] loss: 0.974
[Epoch 16, Batch   200] loss: 0.975
[Epoch 16, Batch   300] loss: 0.975
Epoch 16/20:
Train Loss: 0.2269, Train Accuracy: 73.70%
Validation Loss: 0.9698, Validation Accuracy: 57.14%
[Epoch 17, Batch   100] loss: 0.974
[Epoch 17, Batch   200] loss: 0.975
[Epoch 17, Batch   300] loss: 0.975
Epoch 17/20:
Train Loss: 0.2269, Train Accuracy: 73.35%
Validation Loss: 0.9682, Validation Accuracy: 64.31%
[Epoch 18, Batch   100] loss: 0.974
[Epoch 18, Batch   200] loss: 0.975
[Epoch 18, Batch   300] loss: 0.975
Epoch 18/20:
Train Loss: 0.2269, Train Accuracy: 73.43%
Validation Loss: 0.9687, Validation Accuracy: 64.26%
[Epoch 19, Batch   100] loss: 0.974
[Epoch 19, Batch   200] loss: 0.975
[Epoch 19, Batch   300] loss: 0.975
Epoch 19/20:
Train Loss: 0.2269, Train Accuracy: 73.27%
Validation Loss: 0.9699, Validation Accuracy: 60.56%
[Epoch 20, Batch   100] loss: 0.974
[Epoch 20, Batch   200] loss: 0.975
[Epoch 20, Batch   300] loss: 0.975
Epoch 20/20:
Train Loss: 0.2269, Train Accuracy: 73.83%
Validation Loss: 0.9704, Validation Accuracy: 56.14%
Model saved to models/resnet18-EvidenceLoss-CIFAR10-BELIEF-balanced_by_score-0.5-3
Modified fc layer: updated out_features to 10.
Initialized untrained model.
[Epoch 1, Batch   100] loss: 0.790
[Epoch 1, Batch   200] loss: 0.710
Epoch 1/20:
Train Loss: 0.1027, Train Accuracy: 41.89%
Validation Loss: 0.6972, Validation Accuracy: 45.84%
[Epoch 2, Batch   100] loss: 0.997
[Epoch 2, Batch   200] loss: 0.907
Epoch 2/20:
Train Loss: 0.1347, Train Accuracy: 54.29%
Validation Loss: 0.8048, Validation Accuracy: 54.00%
[Epoch 3, Batch   100] loss: 0.947
[Epoch 3, Batch   200] loss: 0.941
Epoch 3/20:
Train Loss: 0.1403, Train Accuracy: 63.84%
Validation Loss: 0.8977, Validation Accuracy: 56.86%
[Epoch 4, Batch   100] loss: 0.955
[Epoch 4, Batch   200] loss: 0.954
Epoch 4/20:
Train Loss: 0.1422, Train Accuracy: 70.34%
Validation Loss: 0.9285, Validation Accuracy: 59.77%
[Epoch 5, Batch   100] loss: 0.960
[Epoch 5, Batch   200] loss: 0.959
Epoch 5/20:
Train Loss: 0.1431, Train Accuracy: 75.78%
Validation Loss: 0.9451, Validation Accuracy: 58.55%
[Epoch 6, Batch   100] loss: 0.963
[Epoch 6, Batch   200] loss: 0.963
Epoch 6/20:
Train Loss: 0.1436, Train Accuracy: 80.16%
Validation Loss: 0.9514, Validation Accuracy: 59.23%
[Epoch 7, Batch   100] loss: 0.966
[Epoch 7, Batch   200] loss: 0.966
Epoch 7/20:
Train Loss: 0.1440, Train Accuracy: 82.49%
Validation Loss: 0.9602, Validation Accuracy: 56.24%
[Epoch 8, Batch   100] loss: 0.968
[Epoch 8, Batch   200] loss: 0.968
Epoch 8/20:
Train Loss: 0.1443, Train Accuracy: 84.57%
Validation Loss: 0.9599, Validation Accuracy: 60.83%
[Epoch 9, Batch   100] loss: 0.969
[Epoch 9, Batch   200] loss: 0.970
Epoch 9/20:
Train Loss: 0.1445, Train Accuracy: 86.17%
Validation Loss: 0.9631, Validation Accuracy: 57.96%
[Epoch 10, Batch   100] loss: 0.971
[Epoch 10, Batch   200] loss: 0.971
Epoch 10/20:
Train Loss: 0.1447, Train Accuracy: 87.02%
Validation Loss: 0.9668, Validation Accuracy: 57.21%
[Epoch 11, Batch   100] loss: 0.972
[Epoch 11, Batch   200] loss: 0.972
Epoch 11/20:
Train Loss: 0.1449, Train Accuracy: 87.13%
Validation Loss: 0.9698, Validation Accuracy: 59.33%
[Epoch 12, Batch   100] loss: 0.972
[Epoch 12, Batch   200] loss: 0.973
Epoch 12/20:
Train Loss: 0.1449, Train Accuracy: 86.22%
Validation Loss: 0.9681, Validation Accuracy: 58.24%
[Epoch 13, Batch   100] loss: 0.972
[Epoch 13, Batch   200] loss: 0.973
Epoch 13/20:
Train Loss: 0.1450, Train Accuracy: 83.77%
Validation Loss: 0.9689, Validation Accuracy: 58.87%
[Epoch 14, Batch   100] loss: 0.973
[Epoch 14, Batch   200] loss: 0.973
Epoch 14/20:
Train Loss: 0.1450, Train Accuracy: 82.51%
Validation Loss: 0.9691, Validation Accuracy: 56.64%
[Epoch 15, Batch   100] loss: 0.973
[Epoch 15, Batch   200] loss: 0.973
Epoch 15/20:
Train Loss: 0.1451, Train Accuracy: 81.65%
Validation Loss: 0.9704, Validation Accuracy: 50.23%
[Epoch 16, Batch   100] loss: 0.973
[Epoch 16, Batch   200] loss: 0.974
Epoch 16/20:
Train Loss: 0.1451, Train Accuracy: 80.85%
Validation Loss: 0.9698, Validation Accuracy: 55.92%
[Epoch 17, Batch   100] loss: 0.973
[Epoch 17, Batch   200] loss: 0.974
Epoch 17/20:
Train Loss: 0.1451, Train Accuracy: 80.93%
Validation Loss: 0.9695, Validation Accuracy: 57.18%
[Epoch 18, Batch   100] loss: 0.973
[Epoch 18, Batch   200] loss: 0.974
Epoch 18/20:
Train Loss: 0.1451, Train Accuracy: 79.48%
Validation Loss: 0.9700, Validation Accuracy: 57.26%
[Epoch 19, Batch   100] loss: 0.973
[Epoch 19, Batch   200] loss: 0.974
Epoch 19/20:
Train Loss: 0.1450, Train Accuracy: 80.01%
Validation Loss: 0.9706, Validation Accuracy: 53.84%
[Epoch 20, Batch   100] loss: 0.973
[Epoch 20, Batch   200] loss: 0.974
Epoch 20/20:
Train Loss: 0.1451, Train Accuracy: 78.56%
Validation Loss: 0.9699, Validation Accuracy: 52.80%
Model saved to models/resnet18-EvidenceLoss-CIFAR10-BELIEF-balanced_by_score-0.7-3
Modified fc layer: updated out_features to 10.
Initialized untrained model.
[Epoch 1, Batch   100] loss: 0.785
Epoch 1/20:
Train Loss: 0.2567, Train Accuracy: 39.23%
Validation Loss: 0.7685, Validation Accuracy: 38.32%
[Epoch 2, Batch   100] loss: 0.993
Epoch 2/20:
Train Loss: 0.3246, Train Accuracy: 50.60%
Validation Loss: 0.8572, Validation Accuracy: 49.59%
[Epoch 3, Batch   100] loss: 0.950
Epoch 3/20:
Train Loss: 0.3358, Train Accuracy: 60.01%
Validation Loss: 0.9135, Validation Accuracy: 51.43%
[Epoch 4, Batch   100] loss: 0.956
Epoch 4/20:
Train Loss: 0.3391, Train Accuracy: 68.15%
Validation Loss: 0.9387, Validation Accuracy: 53.94%
[Epoch 5, Batch   100] loss: 0.960
Epoch 5/20:
Train Loss: 0.3409, Train Accuracy: 73.79%
Validation Loss: 0.9508, Validation Accuracy: 55.47%
[Epoch 6, Batch   100] loss: 0.963
Epoch 6/20:
Train Loss: 0.3419, Train Accuracy: 79.42%
Validation Loss: 0.9560, Validation Accuracy: 57.01%
[Epoch 7, Batch   100] loss: 0.966
Epoch 7/20:
Train Loss: 0.3427, Train Accuracy: 83.60%
Validation Loss: 0.9599, Validation Accuracy: 55.40%
[Epoch 8, Batch   100] loss: 0.967
Epoch 8/20:
Train Loss: 0.3435, Train Accuracy: 86.78%
Validation Loss: 0.9633, Validation Accuracy: 54.58%
[Epoch 9, Batch   100] loss: 0.969
Epoch 9/20:
Train Loss: 0.3439, Train Accuracy: 88.46%
Validation Loss: 0.9664, Validation Accuracy: 55.19%
[Epoch 10, Batch   100] loss: 0.970
Epoch 10/20:
Train Loss: 0.3443, Train Accuracy: 90.02%
Validation Loss: 0.9688, Validation Accuracy: 52.69%
[Epoch 11, Batch   100] loss: 0.971
Epoch 11/20:
Train Loss: 0.3448, Train Accuracy: 90.72%
Validation Loss: 0.9700, Validation Accuracy: 52.97%
[Epoch 12, Batch   100] loss: 0.971
Epoch 12/20:
Train Loss: 0.3448, Train Accuracy: 90.58%
Validation Loss: 0.9695, Validation Accuracy: 53.19%
[Epoch 13, Batch   100] loss: 0.972
Epoch 13/20:
Train Loss: 0.3450, Train Accuracy: 88.29%
Validation Loss: 0.9691, Validation Accuracy: 54.48%
[Epoch 14, Batch   100] loss: 0.972
Epoch 14/20:
Train Loss: 0.3452, Train Accuracy: 87.24%
Validation Loss: 0.9695, Validation Accuracy: 54.03%
[Epoch 15, Batch   100] loss: 0.972
Epoch 15/20:
Train Loss: 0.3451, Train Accuracy: 87.73%
Validation Loss: 0.9704, Validation Accuracy: 51.82%
[Epoch 16, Batch   100] loss: 0.972
Epoch 16/20:
Train Loss: 0.3451, Train Accuracy: 86.51%
Validation Loss: 0.9697, Validation Accuracy: 51.76%
[Epoch 17, Batch   100] loss: 0.972
Epoch 17/20:
Train Loss: 0.3453, Train Accuracy: 85.27%
Validation Loss: 0.9702, Validation Accuracy: 51.91%
[Epoch 18, Batch   100] loss: 0.972
Epoch 18/20:
Train Loss: 0.3452, Train Accuracy: 86.02%
Validation Loss: 0.9703, Validation Accuracy: 53.96%
[Epoch 19, Batch   100] loss: 0.972
Epoch 19/20:
Train Loss: 0.3453, Train Accuracy: 84.30%
Validation Loss: 0.9699, Validation Accuracy: 51.82%
[Epoch 20, Batch   100] loss: 0.972
Epoch 20/20:
Train Loss: 0.3452, Train Accuracy: 84.85%
Validation Loss: 0.9707, Validation Accuracy: 53.73%
Model saved to models/resnet18-EvidenceLoss-CIFAR10-BELIEF-balanced_by_score-0.8-3
Modified fc layer: updated out_features to 10.
Initialized untrained model.
Epoch 1/20:
Train Loss: 0.8092, Train Accuracy: 34.41%
Validation Loss: 0.8443, Validation Accuracy: 28.28%
Epoch 2/20:
Train Loss: 0.9959, Train Accuracy: 43.39%
Validation Loss: 0.8714, Validation Accuracy: 42.18%
Epoch 3/20:
Train Loss: 0.9578, Train Accuracy: 53.76%
Validation Loss: 0.9197, Validation Accuracy: 47.54%
Epoch 4/20:
Train Loss: 0.9596, Train Accuracy: 64.22%
Validation Loss: 0.9438, Validation Accuracy: 46.66%
Epoch 5/20:
Train Loss: 0.9618, Train Accuracy: 73.33%
Validation Loss: 0.9544, Validation Accuracy: 48.33%
Epoch 6/20:
Train Loss: 0.9636, Train Accuracy: 81.06%
Validation Loss: 0.9592, Validation Accuracy: 50.06%
Epoch 7/20:
Train Loss: 0.9653, Train Accuracy: 86.59%
Validation Loss: 0.9636, Validation Accuracy: 48.19%
Epoch 8/20:
Train Loss: 0.9669, Train Accuracy: 90.37%
Validation Loss: 0.9661, Validation Accuracy: 50.20%
Epoch 9/20:
Train Loss: 0.9683, Train Accuracy: 92.92%
Validation Loss: 0.9680, Validation Accuracy: 50.09%
Epoch 10/20:
Train Loss: 0.9694, Train Accuracy: 94.76%
Validation Loss: 0.9702, Validation Accuracy: 49.37%
Epoch 11/20:
Train Loss: 0.9705, Train Accuracy: 96.16%
Validation Loss: 0.9713, Validation Accuracy: 49.73%
Epoch 12/20:
Train Loss: 0.9702, Train Accuracy: 97.08%
Validation Loss: 0.9709, Validation Accuracy: 49.24%
Epoch 13/20:
Train Loss: 0.9702, Train Accuracy: 97.35%
Validation Loss: 0.9711, Validation Accuracy: 48.48%
Epoch 14/20:
Train Loss: 0.9702, Train Accuracy: 97.41%
Validation Loss: 0.9707, Validation Accuracy: 48.69%
Epoch 15/20:
Train Loss: 0.9705, Train Accuracy: 95.88%
Validation Loss: 0.9718, Validation Accuracy: 45.33%
Epoch 16/20:
Train Loss: 0.9707, Train Accuracy: 95.41%
Validation Loss: 0.9705, Validation Accuracy: 47.56%
Epoch 17/20:
Train Loss: 0.9711, Train Accuracy: 93.47%
Validation Loss: 0.9713, Validation Accuracy: 47.71%
Epoch 18/20:
Train Loss: 0.9711, Train Accuracy: 92.86%
Validation Loss: 0.9704, Validation Accuracy: 46.32%
Epoch 19/20:
Train Loss: 0.9714, Train Accuracy: 91.59%
Validation Loss: 0.9724, Validation Accuracy: 44.34%
Epoch 20/20:
Train Loss: 0.9713, Train Accuracy: 92.24%
Validation Loss: 0.9721, Validation Accuracy: 43.52%
Model saved to models/resnet18-EvidenceLoss-CIFAR10-BELIEF-balanced_by_score-0.9-3
Modified fc layer: updated out_features to 10.
Initialized untrained model.
Epoch 1/20:
Train Loss: 0.8484, Train Accuracy: 29.28%
Validation Loss: 0.9196, Validation Accuracy: 18.23%
Epoch 2/20:
Train Loss: 1.0192, Train Accuracy: 42.76%
Validation Loss: 0.8930, Validation Accuracy: 38.24%
Epoch 3/20:
Train Loss: 0.9616, Train Accuracy: 48.36%
Validation Loss: 0.9454, Validation Accuracy: 37.48%
Epoch 4/20:
Train Loss: 0.9629, Train Accuracy: 59.92%
Validation Loss: 0.9487, Validation Accuracy: 42.58%
Epoch 5/20:
Train Loss: 0.9645, Train Accuracy: 71.32%
Validation Loss: 0.9575, Validation Accuracy: 42.86%
Epoch 6/20:
Train Loss: 0.9652, Train Accuracy: 80.44%
Validation Loss: 0.9641, Validation Accuracy: 43.84%
Epoch 7/20:
Train Loss: 0.9672, Train Accuracy: 85.28%
Validation Loss: 0.9679, Validation Accuracy: 43.28%
Epoch 8/20:
Train Loss: 0.9688, Train Accuracy: 88.24%
Validation Loss: 0.9687, Validation Accuracy: 43.34%
Epoch 9/20:
Train Loss: 0.9699, Train Accuracy: 90.56%
Validation Loss: 0.9707, Validation Accuracy: 43.74%
Epoch 10/20:
Train Loss: 0.9711, Train Accuracy: 91.84%
Validation Loss: 0.9723, Validation Accuracy: 44.69%
Epoch 11/20:
Train Loss: 0.9718, Train Accuracy: 94.36%
Validation Loss: 0.9737, Validation Accuracy: 44.19%
Epoch 12/20:
Train Loss: 0.9715, Train Accuracy: 95.44%
Validation Loss: 0.9730, Validation Accuracy: 44.18%
Epoch 13/20:
Train Loss: 0.9712, Train Accuracy: 96.20%
Validation Loss: 0.9730, Validation Accuracy: 44.29%
Epoch 14/20:
Train Loss: 0.9708, Train Accuracy: 97.20%
Validation Loss: 0.9737, Validation Accuracy: 43.21%
Epoch 15/20:
Train Loss: 0.9708, Train Accuracy: 97.84%
Validation Loss: 0.9737, Validation Accuracy: 43.94%
Epoch 16/20:
Train Loss: 0.9708, Train Accuracy: 98.04%
Validation Loss: 0.9733, Validation Accuracy: 43.35%
Epoch 17/20:
Train Loss: 0.9707, Train Accuracy: 98.32%
Validation Loss: 0.9732, Validation Accuracy: 44.19%
Epoch 18/20:
Train Loss: 0.9705, Train Accuracy: 98.52%
Validation Loss: 0.9730, Validation Accuracy: 42.81%
Epoch 19/20:
Train Loss: 0.9709, Train Accuracy: 97.40%
Validation Loss: 0.9727, Validation Accuracy: 43.27%
Epoch 20/20:
Train Loss: 0.9708, Train Accuracy: 97.72%
Validation Loss: 0.9730, Validation Accuracy: 42.10%
Model saved to models/resnet18-EvidenceLoss-CIFAR10-BELIEF-balanced_by_score-0.95-3
Modified fc layer: updated out_features to 10.
Initialized untrained model.
Files already downloaded and verified
Files already downloaded and verified
[Epoch 1, Batch     2] loss: 0.052
[Epoch 1, Batch   102] loss: 1.852
[Epoch 1, Batch   202] loss: 1.567
[Epoch 1, Batch   302] loss: 1.420
[Epoch 1, Batch   402] loss: 1.371
[Epoch 1, Batch   502] loss: 1.258
[Epoch 1, Batch   602] loss: 1.256
[Epoch 1, Batch   702] loss: 1.209
Epoch 1/5:
Train Loss: 0.1184, Train Accuracy: 50.23%
Validation Loss: 1.2163, Validation Accuracy: 57.73%
[Epoch 2, Batch     2] loss: 0.024
[Epoch 2, Batch   102] loss: 1.096
[Epoch 2, Batch   202] loss: 1.043
[Epoch 2, Batch   302] loss: 1.047
[Epoch 2, Batch   402] loss: 1.027
[Epoch 2, Batch   502] loss: 0.967
[Epoch 2, Batch   602] loss: 0.960
[Epoch 2, Batch   702] loss: 0.925
Epoch 2/5:
Train Loss: 0.0982, Train Accuracy: 64.91%
Validation Loss: 1.2188, Validation Accuracy: 57.28%
[Epoch 3, Batch     2] loss: 0.016
[Epoch 3, Batch   102] loss: 0.851
[Epoch 3, Batch   202] loss: 0.815
[Epoch 3, Batch   302] loss: 0.836
[Epoch 3, Batch   402] loss: 0.834
[Epoch 3, Batch   502] loss: 0.842
[Epoch 3, Batch   602] loss: 0.832
[Epoch 3, Batch   702] loss: 0.824
Epoch 3/5:
Train Loss: 0.0835, Train Accuracy: 71.15%
Validation Loss: 1.1986, Validation Accuracy: 61.57%
[Epoch 4, Batch     2] loss: 0.015
[Epoch 4, Batch   102] loss: 0.721
[Epoch 4, Batch   202] loss: 0.709
[Epoch 4, Batch   302] loss: 0.706
[Epoch 4, Batch   402] loss: 0.720
[Epoch 4, Batch   502] loss: 0.723
[Epoch 4, Batch   602] loss: 0.712
[Epoch 4, Batch   702] loss: 0.722
Epoch 4/5:
Train Loss: 0.0712, Train Accuracy: 75.08%
Validation Loss: 0.9657, Validation Accuracy: 67.97%
[Epoch 5, Batch     2] loss: 0.011
[Epoch 5, Batch   102] loss: 0.606
[Epoch 5, Batch   202] loss: 0.610
[Epoch 5, Batch   302] loss: 0.611
[Epoch 5, Batch   402] loss: 0.619
[Epoch 5, Batch   502] loss: 0.648
[Epoch 5, Batch   602] loss: 0.647
[Epoch 5, Batch   702] loss: 0.616
Epoch 5/5:
Train Loss: 0.0686, Train Accuracy: 78.23%
Validation Loss: 1.0936, Validation Accuracy: 65.89%
Model saved to models/resnet18_CIFAR10_E1_1
Modified fc layer: updated out_features to 10.
Loaded weights from file: models/resnet18_CIFAR10_E1_1
Files already downloaded and verified
Files already downloaded and verified
Modified fc layer: updated out_features to 10.
Initialized untrained model.
[Epoch 1, Batch   100] loss: 0.788
[Epoch 1, Batch   200] loss: 0.707
[Epoch 1, Batch   300] loss: 0.668
[Epoch 1, Batch   400] loss: 0.635
[Epoch 1, Batch   500] loss: 0.605
Epoch 1/20:
Train Loss: 0.0512, Train Accuracy: 48.28%
Validation Loss: 0.6389, Validation Accuracy: 50.99%
[Epoch 2, Batch   100] loss: 1.009
[Epoch 2, Batch   200] loss: 0.887
[Epoch 2, Batch   300] loss: 0.884
[Epoch 2, Batch   400] loss: 0.882
[Epoch 2, Batch   500] loss: 0.882
Epoch 2/20:
Train Loss: 0.0757, Train Accuracy: 62.37%
Validation Loss: 0.8074, Validation Accuracy: 53.22%
[Epoch 3, Batch   100] loss: 0.938
[Epoch 3, Batch   200] loss: 0.933
[Epoch 3, Batch   300] loss: 0.933
[Epoch 3, Batch   400] loss: 0.933
[Epoch 3, Batch   500] loss: 0.934
Epoch 3/20:
Train Loss: 0.0802, Train Accuracy: 70.36%
Validation Loss: 0.8724, Validation Accuracy: 63.01%
[Epoch 4, Batch   100] loss: 0.952
[Epoch 4, Batch   200] loss: 0.950
[Epoch 4, Batch   300] loss: 0.950
[Epoch 4, Batch   400] loss: 0.951
[Epoch 4, Batch   500] loss: 0.951
Epoch 4/20:
Train Loss: 0.0817, Train Accuracy: 74.89%
Validation Loss: 0.9105, Validation Accuracy: 67.03%
[Epoch 5, Batch   100] loss: 0.959
[Epoch 5, Batch   200] loss: 0.958
[Epoch 5, Batch   300] loss: 0.958
[Epoch 5, Batch   400] loss: 0.959
[Epoch 5, Batch   500] loss: 0.959
Epoch 5/20:
Train Loss: 0.0825, Train Accuracy: 77.29%
Validation Loss: 0.9359, Validation Accuracy: 68.36%
[Epoch 6, Batch   100] loss: 0.963
[Epoch 6, Batch   200] loss: 0.963
[Epoch 6, Batch   300] loss: 0.964
[Epoch 6, Batch   400] loss: 0.964
[Epoch 6, Batch   500] loss: 0.965
Epoch 6/20:
Train Loss: 0.0829, Train Accuracy: 78.70%
Validation Loss: 0.9482, Validation Accuracy: 68.11%
[Epoch 7, Batch   100] loss: 0.966
[Epoch 7, Batch   200] loss: 0.967
[Epoch 7, Batch   300] loss: 0.967
[Epoch 7, Batch   400] loss: 0.968
[Epoch 7, Batch   500] loss: 0.968
Epoch 7/20:
Train Loss: 0.0832, Train Accuracy: 79.18%
Validation Loss: 0.9568, Validation Accuracy: 66.91%
[Epoch 8, Batch   100] loss: 0.969
[Epoch 8, Batch   200] loss: 0.969
[Epoch 8, Batch   300] loss: 0.969
[Epoch 8, Batch   400] loss: 0.970
[Epoch 8, Batch   500] loss: 0.970
Epoch 8/20:
Train Loss: 0.0834, Train Accuracy: 78.89%
Validation Loss: 0.9595, Validation Accuracy: 66.97%
[Epoch 9, Batch   100] loss: 0.971
[Epoch 9, Batch   200] loss: 0.971
[Epoch 9, Batch   300] loss: 0.972
[Epoch 9, Batch   400] loss: 0.972
[Epoch 9, Batch   500] loss: 0.972
Epoch 9/20:
Train Loss: 0.0835, Train Accuracy: 78.17%
Validation Loss: 0.9660, Validation Accuracy: 61.74%
[Epoch 10, Batch   100] loss: 0.972
[Epoch 10, Batch   200] loss: 0.973
[Epoch 10, Batch   300] loss: 0.973
[Epoch 10, Batch   400] loss: 0.973
[Epoch 10, Batch   500] loss: 0.973
Epoch 10/20:
Train Loss: 0.0837, Train Accuracy: 76.75%
Validation Loss: 0.9661, Validation Accuracy: 64.42%
[Epoch 11, Batch   100] loss: 0.974
[Epoch 11, Batch   200] loss: 0.974
[Epoch 11, Batch   300] loss: 0.974
[Epoch 11, Batch   400] loss: 0.974
[Epoch 11, Batch   500] loss: 0.975
Epoch 11/20:
Train Loss: 0.0837, Train Accuracy: 75.73%
Validation Loss: 0.9688, Validation Accuracy: 63.58%
[Epoch 12, Batch   100] loss: 0.974
[Epoch 12, Batch   200] loss: 0.974
[Epoch 12, Batch   300] loss: 0.975
[Epoch 12, Batch   400] loss: 0.975
[Epoch 12, Batch   500] loss: 0.975
Epoch 12/20:
Train Loss: 0.0838, Train Accuracy: 73.47%
Validation Loss: 0.9681, Validation Accuracy: 64.65%
[Epoch 13, Batch   100] loss: 0.974
[Epoch 13, Batch   200] loss: 0.975
[Epoch 13, Batch   300] loss: 0.975
[Epoch 13, Batch   400] loss: 0.975
[Epoch 13, Batch   500] loss: 0.975
Epoch 13/20:
Train Loss: 0.0838, Train Accuracy: 72.17%
Validation Loss: 0.9688, Validation Accuracy: 64.58%
[Epoch 14, Batch   100] loss: 0.975
[Epoch 14, Batch   200] loss: 0.975
[Epoch 14, Batch   300] loss: 0.975
[Epoch 14, Batch   400] loss: 0.975
[Epoch 14, Batch   500] loss: 0.975
Epoch 14/20:
Train Loss: 0.0838, Train Accuracy: 71.70%
Validation Loss: 0.9683, Validation Accuracy: 64.78%
[Epoch 15, Batch   100] loss: 0.975
[Epoch 15, Batch   200] loss: 0.975
[Epoch 15, Batch   300] loss: 0.975
[Epoch 15, Batch   400] loss: 0.975
[Epoch 15, Batch   500] loss: 0.975
Epoch 15/20:
Train Loss: 0.0838, Train Accuracy: 72.01%
Validation Loss: 0.9695, Validation Accuracy: 60.25%
[Epoch 16, Batch   100] loss: 0.974
[Epoch 16, Batch   200] loss: 0.975
[Epoch 16, Batch   300] loss: 0.975
[Epoch 16, Batch   400] loss: 0.975
[Epoch 16, Batch   500] loss: 0.975
Epoch 16/20:
Train Loss: 0.0838, Train Accuracy: 72.24%
Validation Loss: 0.9686, Validation Accuracy: 66.39%
[Epoch 17, Batch   100] loss: 0.974
[Epoch 17, Batch   200] loss: 0.975
[Epoch 17, Batch   300] loss: 0.975
[Epoch 17, Batch   400] loss: 0.975
[Epoch 17, Batch   500] loss: 0.975
Epoch 17/20:
Train Loss: 0.0838, Train Accuracy: 72.87%
Validation Loss: 0.9698, Validation Accuracy: 64.39%
[Epoch 18, Batch   100] loss: 0.974
[Epoch 18, Batch   200] loss: 0.975
[Epoch 18, Batch   300] loss: 0.975
[Epoch 18, Batch   400] loss: 0.975
[Epoch 18, Batch   500] loss: 0.975
Epoch 18/20:
Train Loss: 0.0838, Train Accuracy: 73.41%
Validation Loss: 0.9684, Validation Accuracy: 66.42%
[Epoch 19, Batch   100] loss: 0.974
[Epoch 19, Batch   200] loss: 0.975
[Epoch 19, Batch   300] loss: 0.975
[Epoch 19, Batch   400] loss: 0.975
[Epoch 19, Batch   500] loss: 0.975
Epoch 19/20:
Train Loss: 0.0838, Train Accuracy: 73.58%
Validation Loss: 0.9675, Validation Accuracy: 67.38%
[Epoch 20, Batch   100] loss: 0.974
[Epoch 20, Batch   200] loss: 0.974
[Epoch 20, Batch   300] loss: 0.974
[Epoch 20, Batch   400] loss: 0.975
[Epoch 20, Batch   500] loss: 0.974
Epoch 20/20:
Train Loss: 0.0837, Train Accuracy: 74.44%
Validation Loss: 0.9687, Validation Accuracy: 64.71%
Model saved to models/resnet18-EvidenceLoss-CIFAR10-random-0.3-1
Modified fc layer: updated out_features to 10.
Initialized untrained model.
[Epoch 1, Batch   100] loss: 0.789
[Epoch 1, Batch   200] loss: 0.702
[Epoch 1, Batch   300] loss: 0.656
Epoch 1/20:
Train Loss: 0.1480, Train Accuracy: 46.07%
Validation Loss: 0.6533, Validation Accuracy: 50.43%
[Epoch 2, Batch   100] loss: 1.008
[Epoch 2, Batch   200] loss: 0.893
[Epoch 2, Batch   300] loss: 0.892
Epoch 2/20:
Train Loss: 0.2073, Train Accuracy: 59.15%
Validation Loss: 0.7824, Validation Accuracy: 59.01%
[Epoch 3, Batch   100] loss: 0.943
[Epoch 3, Batch   200] loss: 0.936
[Epoch 3, Batch   300] loss: 0.936
Epoch 3/20:
Train Loss: 0.2178, Train Accuracy: 67.68%
Validation Loss: 0.8811, Validation Accuracy: 61.55%
[Epoch 4, Batch   100] loss: 0.953
[Epoch 4, Batch   200] loss: 0.951
[Epoch 4, Batch   300] loss: 0.952
Epoch 4/20:
Train Loss: 0.2216, Train Accuracy: 73.54%
Validation Loss: 0.9196, Validation Accuracy: 64.15%
[Epoch 5, Batch   100] loss: 0.958
[Epoch 5, Batch   200] loss: 0.959
[Epoch 5, Batch   300] loss: 0.959
Epoch 5/20:
Train Loss: 0.2233, Train Accuracy: 77.40%
Validation Loss: 0.9382, Validation Accuracy: 64.69%
[Epoch 6, Batch   100] loss: 0.963
[Epoch 6, Batch   200] loss: 0.963
[Epoch 6, Batch   300] loss: 0.963
Epoch 6/20:
Train Loss: 0.2243, Train Accuracy: 79.92%
Validation Loss: 0.9505, Validation Accuracy: 62.92%
[Epoch 7, Batch   100] loss: 0.966
[Epoch 7, Batch   200] loss: 0.966
[Epoch 7, Batch   300] loss: 0.967
Epoch 7/20:
Train Loss: 0.2251, Train Accuracy: 81.39%
Validation Loss: 0.9551, Validation Accuracy: 62.16%
[Epoch 8, Batch   100] loss: 0.968
[Epoch 8, Batch   200] loss: 0.969
[Epoch 8, Batch   300] loss: 0.969
Epoch 8/20:
Train Loss: 0.2256, Train Accuracy: 81.72%
Validation Loss: 0.9590, Validation Accuracy: 64.02%
[Epoch 9, Batch   100] loss: 0.970
[Epoch 9, Batch   200] loss: 0.971
[Epoch 9, Batch   300] loss: 0.971
Epoch 9/20:
Train Loss: 0.2261, Train Accuracy: 82.15%
Validation Loss: 0.9632, Validation Accuracy: 64.89%
[Epoch 10, Batch   100] loss: 0.972
[Epoch 10, Batch   200] loss: 0.972
[Epoch 10, Batch   300] loss: 0.972
Epoch 10/20:
Train Loss: 0.2264, Train Accuracy: 81.49%
Validation Loss: 0.9674, Validation Accuracy: 61.06%
[Epoch 11, Batch   100] loss: 0.973
[Epoch 11, Batch   200] loss: 0.973
[Epoch 11, Batch   300] loss: 0.974
Epoch 11/20:
Train Loss: 0.2266, Train Accuracy: 80.79%
Validation Loss: 0.9689, Validation Accuracy: 59.62%
[Epoch 12, Batch   100] loss: 0.973
[Epoch 12, Batch   200] loss: 0.974
[Epoch 12, Batch   300] loss: 0.974
Epoch 12/20:
Train Loss: 0.2268, Train Accuracy: 78.58%
Validation Loss: 0.9694, Validation Accuracy: 59.71%
[Epoch 13, Batch   100] loss: 0.974
[Epoch 13, Batch   200] loss: 0.974
[Epoch 13, Batch   300] loss: 0.974
Epoch 13/20:
Train Loss: 0.2268, Train Accuracy: 77.14%
Validation Loss: 0.9684, Validation Accuracy: 62.63%
[Epoch 14, Batch   100] loss: 0.974
[Epoch 14, Batch   200] loss: 0.974
[Epoch 14, Batch   300] loss: 0.975
Epoch 14/20:
Train Loss: 0.2268, Train Accuracy: 76.11%
Validation Loss: 0.9687, Validation Accuracy: 63.45%
[Epoch 15, Batch   100] loss: 0.974
[Epoch 15, Batch   200] loss: 0.974
[Epoch 15, Batch   300] loss: 0.975
Epoch 15/20:
Train Loss: 0.2269, Train Accuracy: 74.84%
Validation Loss: 0.9689, Validation Accuracy: 61.77%
[Epoch 16, Batch   100] loss: 0.974
[Epoch 16, Batch   200] loss: 0.975
[Epoch 16, Batch   300] loss: 0.975
Epoch 16/20:
Train Loss: 0.2269, Train Accuracy: 73.77%
Validation Loss: 0.9695, Validation Accuracy: 61.07%
[Epoch 17, Batch   100] loss: 0.974
[Epoch 17, Batch   200] loss: 0.975
[Epoch 17, Batch   300] loss: 0.975
Epoch 17/20:
Train Loss: 0.2269, Train Accuracy: 73.34%
Validation Loss: 0.9691, Validation Accuracy: 60.59%
[Epoch 18, Batch   100] loss: 0.974
[Epoch 18, Batch   200] loss: 0.975
[Epoch 18, Batch   300] loss: 0.975
Epoch 18/20:
Train Loss: 0.2269, Train Accuracy: 73.32%
Validation Loss: 0.9686, Validation Accuracy: 64.48%
[Epoch 19, Batch   100] loss: 0.974
[Epoch 19, Batch   200] loss: 0.975
[Epoch 19, Batch   300] loss: 0.975
Epoch 19/20:
Train Loss: 0.2269, Train Accuracy: 73.73%
Validation Loss: 0.9700, Validation Accuracy: 57.98%
[Epoch 20, Batch   100] loss: 0.974
[Epoch 20, Batch   200] loss: 0.975
[Epoch 20, Batch   300] loss: 0.975
Epoch 20/20:
Train Loss: 0.2269, Train Accuracy: 74.30%
Validation Loss: 0.9708, Validation Accuracy: 54.38%
Model saved to models/resnet18-EvidenceLoss-CIFAR10-random-0.5-1
Modified fc layer: updated out_features to 10.
Initialized untrained model.
[Epoch 1, Batch   100] loss: 0.795
[Epoch 1, Batch   200] loss: 0.703
Epoch 1/20:
Train Loss: 0.1018, Train Accuracy: 42.02%
Validation Loss: 0.6871, Validation Accuracy: 47.29%
[Epoch 2, Batch   100] loss: 0.997
[Epoch 2, Batch   200] loss: 0.911
Epoch 2/20:
Train Loss: 0.1353, Train Accuracy: 54.02%
Validation Loss: 0.8153, Validation Accuracy: 53.86%
[Epoch 3, Batch   100] loss: 0.949
[Epoch 3, Batch   200] loss: 0.940
Epoch 3/20:
Train Loss: 0.1404, Train Accuracy: 63.41%
Validation Loss: 0.8992, Validation Accuracy: 57.10%
[Epoch 4, Batch   100] loss: 0.954
[Epoch 4, Batch   200] loss: 0.954
Epoch 4/20:
Train Loss: 0.1422, Train Accuracy: 70.23%
Validation Loss: 0.9276, Validation Accuracy: 59.96%
[Epoch 5, Batch   100] loss: 0.960
[Epoch 5, Batch   200] loss: 0.960
Epoch 5/20:
Train Loss: 0.1430, Train Accuracy: 75.44%
Validation Loss: 0.9411, Validation Accuracy: 59.99%
[Epoch 6, Batch   100] loss: 0.963
[Epoch 6, Batch   200] loss: 0.963
Epoch 6/20:
Train Loss: 0.1436, Train Accuracy: 79.70%
Validation Loss: 0.9541, Validation Accuracy: 61.02%
[Epoch 7, Batch   100] loss: 0.966
[Epoch 7, Batch   200] loss: 0.966
Epoch 7/20:
Train Loss: 0.1439, Train Accuracy: 82.89%
Validation Loss: 0.9568, Validation Accuracy: 60.26%
[Epoch 8, Batch   100] loss: 0.967
[Epoch 8, Batch   200] loss: 0.968
Epoch 8/20:
Train Loss: 0.1442, Train Accuracy: 84.95%
Validation Loss: 0.9621, Validation Accuracy: 58.03%
[Epoch 9, Batch   100] loss: 0.969
[Epoch 9, Batch   200] loss: 0.970
Epoch 9/20:
Train Loss: 0.1445, Train Accuracy: 86.13%
Validation Loss: 0.9644, Validation Accuracy: 59.78%
[Epoch 10, Batch   100] loss: 0.971
[Epoch 10, Batch   200] loss: 0.971
Epoch 10/20:
Train Loss: 0.1447, Train Accuracy: 86.93%
Validation Loss: 0.9667, Validation Accuracy: 59.08%
[Epoch 11, Batch   100] loss: 0.972
[Epoch 11, Batch   200] loss: 0.972
Epoch 11/20:
Train Loss: 0.1449, Train Accuracy: 86.99%
Validation Loss: 0.9685, Validation Accuracy: 60.13%
[Epoch 12, Batch   100] loss: 0.972
[Epoch 12, Batch   200] loss: 0.973
Epoch 12/20:
Train Loss: 0.1449, Train Accuracy: 85.65%
Validation Loss: 0.9670, Validation Accuracy: 60.37%
[Epoch 13, Batch   100] loss: 0.972
[Epoch 13, Batch   200] loss: 0.973
Epoch 13/20:
Train Loss: 0.1450, Train Accuracy: 83.95%
Validation Loss: 0.9705, Validation Accuracy: 54.74%
[Epoch 14, Batch   100] loss: 0.973
[Epoch 14, Batch   200] loss: 0.973
Epoch 14/20:
Train Loss: 0.1450, Train Accuracy: 82.25%
Validation Loss: 0.9696, Validation Accuracy: 56.30%
[Epoch 15, Batch   100] loss: 0.973
[Epoch 15, Batch   200] loss: 0.973
Epoch 15/20:
Train Loss: 0.1450, Train Accuracy: 82.15%
Validation Loss: 0.9700, Validation Accuracy: 55.77%
[Epoch 16, Batch   100] loss: 0.973
[Epoch 16, Batch   200] loss: 0.973
Epoch 16/20:
Train Loss: 0.1451, Train Accuracy: 81.46%
Validation Loss: 0.9706, Validation Accuracy: 53.95%
[Epoch 17, Batch   100] loss: 0.973
[Epoch 17, Batch   200] loss: 0.974
Epoch 17/20:
Train Loss: 0.1451, Train Accuracy: 80.45%
Validation Loss: 0.9703, Validation Accuracy: 55.12%
[Epoch 18, Batch   100] loss: 0.973
[Epoch 18, Batch   200] loss: 0.974
Epoch 18/20:
Train Loss: 0.1451, Train Accuracy: 79.69%
Validation Loss: 0.9697, Validation Accuracy: 56.62%
[Epoch 19, Batch   100] loss: 0.973
[Epoch 19, Batch   200] loss: 0.974
Epoch 19/20:
Train Loss: 0.1451, Train Accuracy: 79.92%
Validation Loss: 0.9695, Validation Accuracy: 59.95%
[Epoch 20, Batch   100] loss: 0.973
[Epoch 20, Batch   200] loss: 0.974
Epoch 20/20:
Train Loss: 0.1451, Train Accuracy: 78.81%
Validation Loss: 0.9707, Validation Accuracy: 55.39%
Model saved to models/resnet18-EvidenceLoss-CIFAR10-random-0.7-1
Modified fc layer: updated out_features to 10.
Initialized untrained model.
[Epoch 1, Batch   100] loss: 0.795
Epoch 1/20:
Train Loss: 0.2576, Train Accuracy: 39.16%
Validation Loss: 0.8974, Validation Accuracy: 26.69%
[Epoch 2, Batch   100] loss: 0.998
Epoch 2/20:
Train Loss: 0.3340, Train Accuracy: 48.98%
Validation Loss: 0.8440, Validation Accuracy: 49.04%
[Epoch 3, Batch   100] loss: 0.952
Epoch 3/20:
Train Loss: 0.3435, Train Accuracy: 59.28%
Validation Loss: 0.9074, Validation Accuracy: 54.70%
[Epoch 4, Batch   100] loss: 0.957
Epoch 4/20:
Train Loss: 0.3468, Train Accuracy: 67.25%
Validation Loss: 0.9311, Validation Accuracy: 54.27%
[Epoch 5, Batch   100] loss: 0.961
Epoch 5/20:
Train Loss: 0.3490, Train Accuracy: 73.06%
Validation Loss: 0.9474, Validation Accuracy: 57.13%
[Epoch 6, Batch   100] loss: 0.964
Epoch 6/20:
Train Loss: 0.3500, Train Accuracy: 78.61%
Validation Loss: 0.9538, Validation Accuracy: 58.19%
[Epoch 7, Batch   100] loss: 0.966
Epoch 7/20:
Train Loss: 0.3507, Train Accuracy: 83.09%
Validation Loss: 0.9579, Validation Accuracy: 56.98%
[Epoch 8, Batch   100] loss: 0.968
Epoch 8/20:
Train Loss: 0.3513, Train Accuracy: 86.10%
Validation Loss: 0.9627, Validation Accuracy: 54.92%
[Epoch 9, Batch   100] loss: 0.969
Epoch 9/20:
Train Loss: 0.3519, Train Accuracy: 88.78%
Validation Loss: 0.9657, Validation Accuracy: 56.43%
[Epoch 10, Batch   100] loss: 0.970
Epoch 10/20:
Train Loss: 0.3523, Train Accuracy: 90.06%
Validation Loss: 0.9673, Validation Accuracy: 56.06%
[Epoch 11, Batch   100] loss: 0.971
Epoch 11/20:
Train Loss: 0.3528, Train Accuracy: 90.89%
Validation Loss: 0.9687, Validation Accuracy: 56.22%
[Epoch 12, Batch   100] loss: 0.971
Epoch 12/20:
Train Loss: 0.3528, Train Accuracy: 90.58%
Validation Loss: 0.9680, Validation Accuracy: 55.23%
[Epoch 13, Batch   100] loss: 0.972
Epoch 13/20:
Train Loss: 0.3530, Train Accuracy: 88.39%
Validation Loss: 0.9692, Validation Accuracy: 52.04%
[Epoch 14, Batch   100] loss: 0.972
Epoch 14/20:
Train Loss: 0.3529, Train Accuracy: 88.72%
Validation Loss: 0.9690, Validation Accuracy: 51.90%
[Epoch 15, Batch   100] loss: 0.972
Epoch 15/20:
Train Loss: 0.3531, Train Accuracy: 87.22%
Validation Loss: 0.9703, Validation Accuracy: 53.97%
[Epoch 16, Batch   100] loss: 0.972
Epoch 16/20:
Train Loss: 0.3532, Train Accuracy: 86.50%
Validation Loss: 0.9704, Validation Accuracy: 54.50%
[Epoch 17, Batch   100] loss: 0.972
Epoch 17/20:
Train Loss: 0.3532, Train Accuracy: 85.28%
Validation Loss: 0.9702, Validation Accuracy: 55.43%
[Epoch 18, Batch   100] loss: 0.972
Epoch 18/20:
Train Loss: 0.3532, Train Accuracy: 86.02%
Validation Loss: 0.9697, Validation Accuracy: 49.88%
[Epoch 19, Batch   100] loss: 0.973
Epoch 19/20:
Train Loss: 0.3533, Train Accuracy: 84.60%
Validation Loss: 0.9721, Validation Accuracy: 45.42%
[Epoch 20, Batch   100] loss: 0.973
Epoch 20/20:
Train Loss: 0.3532, Train Accuracy: 85.01%
Validation Loss: 0.9717, Validation Accuracy: 47.78%
Model saved to models/resnet18-EvidenceLoss-CIFAR10-random-0.8-1
Modified fc layer: updated out_features to 10.
Initialized untrained model.
Epoch 1/20:
Train Loss: 0.8024, Train Accuracy: 34.93%
Validation Loss: 0.7898, Validation Accuracy: 35.32%
Epoch 2/20:
Train Loss: 0.9932, Train Accuracy: 45.41%
Validation Loss: 0.8674, Validation Accuracy: 44.54%
Epoch 3/20:
Train Loss: 0.9566, Train Accuracy: 54.57%
Validation Loss: 0.9287, Validation Accuracy: 47.34%
Epoch 4/20:
Train Loss: 0.9593, Train Accuracy: 64.13%
Validation Loss: 0.9411, Validation Accuracy: 50.22%
Epoch 5/20:
Train Loss: 0.9610, Train Accuracy: 73.83%
Validation Loss: 0.9530, Validation Accuracy: 49.76%
Epoch 6/20:
Train Loss: 0.9634, Train Accuracy: 80.98%
Validation Loss: 0.9580, Validation Accuracy: 50.65%
Epoch 7/20:
Train Loss: 0.9655, Train Accuracy: 86.04%
Validation Loss: 0.9630, Validation Accuracy: 51.06%
Epoch 8/20:
Train Loss: 0.9672, Train Accuracy: 89.74%
Validation Loss: 0.9663, Validation Accuracy: 49.80%
Epoch 9/20:
Train Loss: 0.9688, Train Accuracy: 91.40%
Validation Loss: 0.9681, Validation Accuracy: 50.30%
Epoch 10/20:
Train Loss: 0.9697, Train Accuracy: 94.06%
Validation Loss: 0.9701, Validation Accuracy: 50.25%
Epoch 11/20:
Train Loss: 0.9707, Train Accuracy: 95.54%
Validation Loss: 0.9710, Validation Accuracy: 50.62%
Epoch 12/20:
Train Loss: 0.9704, Train Accuracy: 96.24%
Validation Loss: 0.9707, Validation Accuracy: 50.24%
Epoch 13/20:
Train Loss: 0.9703, Train Accuracy: 97.12%
Validation Loss: 0.9710, Validation Accuracy: 49.84%
Epoch 14/20:
Train Loss: 0.9703, Train Accuracy: 97.22%
Validation Loss: 0.9710, Validation Accuracy: 49.49%
Epoch 15/20:
Train Loss: 0.9703, Train Accuracy: 97.30%
Validation Loss: 0.9706, Validation Accuracy: 49.69%
Epoch 16/20:
Train Loss: 0.9704, Train Accuracy: 96.84%
Validation Loss: 0.9706, Validation Accuracy: 47.43%
Epoch 17/20:
Train Loss: 0.9712, Train Accuracy: 92.82%
Validation Loss: 0.9709, Validation Accuracy: 47.15%
Epoch 18/20:
Train Loss: 0.9711, Train Accuracy: 93.40%
Validation Loss: 0.9702, Validation Accuracy: 49.38%
Epoch 19/20:
Train Loss: 0.9710, Train Accuracy: 93.96%
Validation Loss: 0.9713, Validation Accuracy: 46.43%
Epoch 20/20:
Train Loss: 0.9723, Train Accuracy: 87.18%
Validation Loss: 0.9715, Validation Accuracy: 47.59%
Model saved to models/resnet18-EvidenceLoss-CIFAR10-random-0.9-1
Modified fc layer: updated out_features to 10.
Initialized untrained model.
Epoch 1/20:
Train Loss: 0.8511, Train Accuracy: 29.00%
Validation Loss: 0.9568, Validation Accuracy: 15.23%
Epoch 2/20:
Train Loss: 1.0210, Train Accuracy: 42.20%
Validation Loss: 0.9074, Validation Accuracy: 38.15%
Epoch 3/20:
Train Loss: 0.9585, Train Accuracy: 51.76%
Validation Loss: 0.9403, Validation Accuracy: 41.24%
Epoch 4/20:
Train Loss: 0.9611, Train Accuracy: 63.64%
Validation Loss: 0.9547, Validation Accuracy: 43.29%
Epoch 5/20:
Train Loss: 0.9627, Train Accuracy: 74.68%
Validation Loss: 0.9614, Validation Accuracy: 42.70%
Epoch 6/20:
Train Loss: 0.9657, Train Accuracy: 79.12%
Validation Loss: 0.9633, Validation Accuracy: 43.75%
Epoch 7/20:
Train Loss: 0.9683, Train Accuracy: 82.48%
Validation Loss: 0.9686, Validation Accuracy: 42.31%
Epoch 8/20:
Train Loss: 0.9686, Train Accuracy: 88.08%
Validation Loss: 0.9700, Validation Accuracy: 44.23%
Epoch 9/20:
Train Loss: 0.9700, Train Accuracy: 90.40%
Validation Loss: 0.9707, Validation Accuracy: 43.70%
Epoch 10/20:
Train Loss: 0.9708, Train Accuracy: 93.16%
Validation Loss: 0.9728, Validation Accuracy: 45.09%
Epoch 11/20:
Train Loss: 0.9715, Train Accuracy: 94.92%
Validation Loss: 0.9733, Validation Accuracy: 43.81%
Epoch 12/20:
Train Loss: 0.9712, Train Accuracy: 95.88%
Validation Loss: 0.9737, Validation Accuracy: 43.96%
Epoch 13/20:
Train Loss: 0.9712, Train Accuracy: 96.16%
Validation Loss: 0.9738, Validation Accuracy: 44.00%
Epoch 14/20:
Train Loss: 0.9712, Train Accuracy: 96.36%
Validation Loss: 0.9734, Validation Accuracy: 44.20%
Epoch 15/20:
Train Loss: 0.9708, Train Accuracy: 97.40%
Validation Loss: 0.9728, Validation Accuracy: 44.00%
Epoch 16/20:
Train Loss: 0.9706, Train Accuracy: 97.88%
Validation Loss: 0.9733, Validation Accuracy: 43.40%
Epoch 17/20:
Train Loss: 0.9709, Train Accuracy: 97.52%
Validation Loss: 0.9738, Validation Accuracy: 42.45%
Epoch 18/20:
Train Loss: 0.9710, Train Accuracy: 96.60%
Validation Loss: 0.9736, Validation Accuracy: 42.27%
Epoch 19/20:
Train Loss: 0.9716, Train Accuracy: 95.08%
Validation Loss: 0.9742, Validation Accuracy: 40.29%
Epoch 20/20:
Train Loss: 0.9738, Train Accuracy: 81.36%
Validation Loss: 0.9736, Validation Accuracy: 40.71%
Model saved to models/resnet18-EvidenceLoss-CIFAR10-random-0.95-1
Modified fc layer: updated out_features to 10.
Loaded weights from file: models/resnet18_CIFAR10_E1_1
Files already downloaded and verified
Files already downloaded and verified
Modified fc layer: updated out_features to 10.
Initialized untrained model.
[Epoch 1, Batch   100] loss: 0.791
[Epoch 1, Batch   200] loss: 0.712
[Epoch 1, Batch   300] loss: 0.660
[Epoch 1, Batch   400] loss: 0.636
[Epoch 1, Batch   500] loss: 0.609
Epoch 1/20:
Train Loss: 0.0502, Train Accuracy: 48.16%
Validation Loss: 0.6416, Validation Accuracy: 50.74%
[Epoch 2, Batch   100] loss: 1.006
[Epoch 2, Batch   200] loss: 0.886
[Epoch 2, Batch   300] loss: 0.880
[Epoch 2, Batch   400] loss: 0.882
[Epoch 2, Batch   500] loss: 0.880
Epoch 2/20:
Train Loss: 0.0756, Train Accuracy: 62.98%
Validation Loss: 0.7889, Validation Accuracy: 56.54%
[Epoch 3, Batch   100] loss: 0.942
[Epoch 3, Batch   200] loss: 0.933
[Epoch 3, Batch   300] loss: 0.932
[Epoch 3, Batch   400] loss: 0.932
[Epoch 3, Batch   500] loss: 0.932
Epoch 3/20:
Train Loss: 0.0801, Train Accuracy: 70.33%
Validation Loss: 0.8720, Validation Accuracy: 64.66%
[Epoch 4, Batch   100] loss: 0.951
[Epoch 4, Batch   200] loss: 0.950
[Epoch 4, Batch   300] loss: 0.951
[Epoch 4, Batch   400] loss: 0.950
[Epoch 4, Batch   500] loss: 0.951
Epoch 4/20:
Train Loss: 0.0818, Train Accuracy: 75.07%
Validation Loss: 0.9121, Validation Accuracy: 67.76%
[Epoch 5, Batch   100] loss: 0.958
[Epoch 5, Batch   200] loss: 0.958
[Epoch 5, Batch   300] loss: 0.959
[Epoch 5, Batch   400] loss: 0.959
[Epoch 5, Batch   500] loss: 0.960
Epoch 5/20:
Train Loss: 0.0825, Train Accuracy: 77.45%
Validation Loss: 0.9356, Validation Accuracy: 67.61%
[Epoch 6, Batch   100] loss: 0.963
[Epoch 6, Batch   200] loss: 0.963
[Epoch 6, Batch   300] loss: 0.964
[Epoch 6, Batch   400] loss: 0.964
[Epoch 6, Batch   500] loss: 0.964
Epoch 6/20:
Train Loss: 0.0829, Train Accuracy: 79.05%
Validation Loss: 0.9477, Validation Accuracy: 64.95%
[Epoch 7, Batch   100] loss: 0.967
[Epoch 7, Batch   200] loss: 0.966
[Epoch 7, Batch   300] loss: 0.967
[Epoch 7, Batch   400] loss: 0.967
[Epoch 7, Batch   500] loss: 0.968
Epoch 7/20:
Train Loss: 0.0832, Train Accuracy: 79.66%
Validation Loss: 0.9554, Validation Accuracy: 67.28%
[Epoch 8, Batch   100] loss: 0.969
[Epoch 8, Batch   200] loss: 0.969
[Epoch 8, Batch   300] loss: 0.970
[Epoch 8, Batch   400] loss: 0.970
[Epoch 8, Batch   500] loss: 0.970
Epoch 8/20:
Train Loss: 0.0834, Train Accuracy: 78.89%
Validation Loss: 0.9600, Validation Accuracy: 64.46%
[Epoch 9, Batch   100] loss: 0.971
[Epoch 9, Batch   200] loss: 0.971
[Epoch 9, Batch   300] loss: 0.972
[Epoch 9, Batch   400] loss: 0.972
[Epoch 9, Batch   500] loss: 0.972
Epoch 9/20:
Train Loss: 0.0835, Train Accuracy: 78.28%
Validation Loss: 0.9632, Validation Accuracy: 64.83%
[Epoch 10, Batch   100] loss: 0.973
[Epoch 10, Batch   200] loss: 0.973
[Epoch 10, Batch   300] loss: 0.973
[Epoch 10, Batch   400] loss: 0.973
[Epoch 10, Batch   500] loss: 0.973
Epoch 10/20:
Train Loss: 0.0837, Train Accuracy: 76.97%
Validation Loss: 0.9680, Validation Accuracy: 59.65%
[Epoch 11, Batch   100] loss: 0.974
[Epoch 11, Batch   200] loss: 0.974
[Epoch 11, Batch   300] loss: 0.974
[Epoch 11, Batch   400] loss: 0.974
[Epoch 11, Batch   500] loss: 0.974
Epoch 11/20:
Train Loss: 0.0837, Train Accuracy: 76.24%
Validation Loss: 0.9679, Validation Accuracy: 67.56%
[Epoch 12, Batch   100] loss: 0.974
[Epoch 12, Batch   200] loss: 0.974
[Epoch 12, Batch   300] loss: 0.975
[Epoch 12, Batch   400] loss: 0.975
[Epoch 12, Batch   500] loss: 0.975
Epoch 12/20:
Train Loss: 0.0838, Train Accuracy: 73.91%
Validation Loss: 0.9683, Validation Accuracy: 66.58%
[Epoch 13, Batch   100] loss: 0.975
[Epoch 13, Batch   200] loss: 0.975
[Epoch 13, Batch   300] loss: 0.975
[Epoch 13, Batch   400] loss: 0.975
[Epoch 13, Batch   500] loss: 0.975
Epoch 13/20:
Train Loss: 0.0838, Train Accuracy: 72.52%
Validation Loss: 0.9700, Validation Accuracy: 61.82%
[Epoch 14, Batch   100] loss: 0.975
[Epoch 14, Batch   200] loss: 0.975
[Epoch 14, Batch   300] loss: 0.975
[Epoch 14, Batch   400] loss: 0.975
[Epoch 14, Batch   500] loss: 0.975
Epoch 14/20:
Train Loss: 0.0838, Train Accuracy: 71.99%
Validation Loss: 0.9684, Validation Accuracy: 66.53%
[Epoch 15, Batch   100] loss: 0.975
[Epoch 15, Batch   200] loss: 0.975
[Epoch 15, Batch   300] loss: 0.975
[Epoch 15, Batch   400] loss: 0.975
[Epoch 15, Batch   500] loss: 0.975
Epoch 15/20:
Train Loss: 0.0838, Train Accuracy: 72.23%
Validation Loss: 0.9713, Validation Accuracy: 58.61%
[Epoch 16, Batch   100] loss: 0.975
[Epoch 16, Batch   200] loss: 0.975
[Epoch 16, Batch   300] loss: 0.975
[Epoch 16, Batch   400] loss: 0.975
[Epoch 16, Batch   500] loss: 0.975
Epoch 16/20:
Train Loss: 0.0838, Train Accuracy: 72.53%
Validation Loss: 0.9704, Validation Accuracy: 54.95%
[Epoch 17, Batch   100] loss: 0.975
[Epoch 17, Batch   200] loss: 0.975
[Epoch 17, Batch   300] loss: 0.975
[Epoch 17, Batch   400] loss: 0.975
[Epoch 17, Batch   500] loss: 0.975
Epoch 17/20:
Train Loss: 0.0838, Train Accuracy: 72.78%
Validation Loss: 0.9696, Validation Accuracy: 61.62%
[Epoch 18, Batch   100] loss: 0.974
[Epoch 18, Batch   200] loss: 0.975
[Epoch 18, Batch   300] loss: 0.975
[Epoch 18, Batch   400] loss: 0.975
[Epoch 18, Batch   500] loss: 0.975
Epoch 18/20:
Train Loss: 0.0838, Train Accuracy: 73.33%
Validation Loss: 0.9708, Validation Accuracy: 54.89%
[Epoch 19, Batch   100] loss: 0.974
[Epoch 19, Batch   200] loss: 0.975
[Epoch 19, Batch   300] loss: 0.975
[Epoch 19, Batch   400] loss: 0.975
[Epoch 19, Batch   500] loss: 0.975
Epoch 19/20:
Train Loss: 0.0838, Train Accuracy: 73.69%
Validation Loss: 0.9690, Validation Accuracy: 64.02%
[Epoch 20, Batch   100] loss: 0.974
[Epoch 20, Batch   200] loss: 0.974
[Epoch 20, Batch   300] loss: 0.974
[Epoch 20, Batch   400] loss: 0.975
[Epoch 20, Batch   500] loss: 0.974
Epoch 20/20:
Train Loss: 0.0838, Train Accuracy: 74.35%
Validation Loss: 0.9681, Validation Accuracy: 67.16%
Model saved to models/resnet18-EvidenceLoss-CIFAR10-GRADIENT-balanced_by_score-0.3-1
Modified fc layer: updated out_features to 10.
Initialized untrained model.
[Epoch 1, Batch   100] loss: 0.783
[Epoch 1, Batch   200] loss: 0.701
[Epoch 1, Batch   300] loss: 0.667
Epoch 1/20:
Train Loss: 0.1488, Train Accuracy: 45.74%
Validation Loss: 0.6594, Validation Accuracy: 49.25%
[Epoch 2, Batch   100] loss: 0.998
[Epoch 2, Batch   200] loss: 0.892
[Epoch 2, Batch   300] loss: 0.894
Epoch 2/20:
Train Loss: 0.2070, Train Accuracy: 59.84%
Validation Loss: 0.7924, Validation Accuracy: 57.72%
[Epoch 3, Batch   100] loss: 0.942
[Epoch 3, Batch   200] loss: 0.936
[Epoch 3, Batch   300] loss: 0.936
Epoch 3/20:
Train Loss: 0.2176, Train Accuracy: 67.98%
Validation Loss: 0.8781, Validation Accuracy: 60.89%
[Epoch 4, Batch   100] loss: 0.953
[Epoch 4, Batch   200] loss: 0.951
[Epoch 4, Batch   300] loss: 0.951
Epoch 4/20:
Train Loss: 0.2215, Train Accuracy: 73.50%
Validation Loss: 0.9231, Validation Accuracy: 63.89%
[Epoch 5, Batch   100] loss: 0.958
[Epoch 5, Batch   200] loss: 0.958
[Epoch 5, Batch   300] loss: 0.959
Epoch 5/20:
Train Loss: 0.2234, Train Accuracy: 77.31%
Validation Loss: 0.9413, Validation Accuracy: 63.96%
[Epoch 6, Batch   100] loss: 0.963
[Epoch 6, Batch   200] loss: 0.963
[Epoch 6, Batch   300] loss: 0.964
Epoch 6/20:
Train Loss: 0.2244, Train Accuracy: 79.71%
Validation Loss: 0.9487, Validation Accuracy: 64.37%
[Epoch 7, Batch   100] loss: 0.966
[Epoch 7, Batch   200] loss: 0.966
[Epoch 7, Batch   300] loss: 0.966
Epoch 7/20:
Train Loss: 0.2251, Train Accuracy: 81.34%
Validation Loss: 0.9540, Validation Accuracy: 65.81%
[Epoch 8, Batch   100] loss: 0.968
[Epoch 8, Batch   200] loss: 0.969
[Epoch 8, Batch   300] loss: 0.969
Epoch 8/20:
Train Loss: 0.2257, Train Accuracy: 81.86%
Validation Loss: 0.9606, Validation Accuracy: 64.54%
[Epoch 9, Batch   100] loss: 0.970
[Epoch 9, Batch   200] loss: 0.971
[Epoch 9, Batch   300] loss: 0.971
Epoch 9/20:
Train Loss: 0.2260, Train Accuracy: 82.50%
Validation Loss: 0.9631, Validation Accuracy: 64.44%
[Epoch 10, Batch   100] loss: 0.972
[Epoch 10, Batch   200] loss: 0.972
[Epoch 10, Batch   300] loss: 0.972
Epoch 10/20:
Train Loss: 0.2264, Train Accuracy: 81.39%
Validation Loss: 0.9667, Validation Accuracy: 64.64%
[Epoch 11, Batch   100] loss: 0.973
[Epoch 11, Batch   200] loss: 0.973
[Epoch 11, Batch   300] loss: 0.974
Epoch 11/20:
Train Loss: 0.2267, Train Accuracy: 80.97%
Validation Loss: 0.9683, Validation Accuracy: 64.24%
[Epoch 12, Batch   100] loss: 0.973
[Epoch 12, Batch   200] loss: 0.974
[Epoch 12, Batch   300] loss: 0.974
Epoch 12/20:
Train Loss: 0.2267, Train Accuracy: 78.84%
Validation Loss: 0.9674, Validation Accuracy: 64.58%
[Epoch 13, Batch   100] loss: 0.974
[Epoch 13, Batch   200] loss: 0.974
[Epoch 13, Batch   300] loss: 0.974
Epoch 13/20:
Train Loss: 0.2268, Train Accuracy: 77.02%
Validation Loss: 0.9677, Validation Accuracy: 64.09%
[Epoch 14, Batch   100] loss: 0.974
[Epoch 14, Batch   200] loss: 0.974
[Epoch 14, Batch   300] loss: 0.974
Epoch 14/20:
Train Loss: 0.2269, Train Accuracy: 75.78%
Validation Loss: 0.9681, Validation Accuracy: 63.78%
[Epoch 15, Batch   100] loss: 0.974
[Epoch 15, Batch   200] loss: 0.974
[Epoch 15, Batch   300] loss: 0.975
Epoch 15/20:
Train Loss: 0.2269, Train Accuracy: 75.19%
Validation Loss: 0.9691, Validation Accuracy: 60.35%
[Epoch 16, Batch   100] loss: 0.974
[Epoch 16, Batch   200] loss: 0.975
[Epoch 16, Batch   300] loss: 0.975
Epoch 16/20:
Train Loss: 0.2269, Train Accuracy: 74.14%
Validation Loss: 0.9690, Validation Accuracy: 62.93%
[Epoch 17, Batch   100] loss: 0.974
[Epoch 17, Batch   200] loss: 0.975
[Epoch 17, Batch   300] loss: 0.975
Epoch 17/20:
Train Loss: 0.2269, Train Accuracy: 73.47%
Validation Loss: 0.9683, Validation Accuracy: 64.60%
[Epoch 18, Batch   100] loss: 0.974
[Epoch 18, Batch   200] loss: 0.975
[Epoch 18, Batch   300] loss: 0.975
Epoch 18/20:
Train Loss: 0.2269, Train Accuracy: 73.32%
Validation Loss: 0.9696, Validation Accuracy: 61.01%
[Epoch 19, Batch   100] loss: 0.974
[Epoch 19, Batch   200] loss: 0.975
[Epoch 19, Batch   300] loss: 0.975
Epoch 19/20:
Train Loss: 0.2269, Train Accuracy: 73.55%
Validation Loss: 0.9701, Validation Accuracy: 58.24%
[Epoch 20, Batch   100] loss: 0.974
[Epoch 20, Batch   200] loss: 0.974
[Epoch 20, Batch   300] loss: 0.975
Epoch 20/20:
Train Loss: 0.2269, Train Accuracy: 74.00%
Validation Loss: 0.9700, Validation Accuracy: 60.50%
Model saved to models/resnet18-EvidenceLoss-CIFAR10-GRADIENT-balanced_by_score-0.5-1
Modified fc layer: updated out_features to 10.
Initialized untrained model.
[Epoch 1, Batch   100] loss: 0.792
[Epoch 1, Batch   200] loss: 0.710
Epoch 1/20:
Train Loss: 0.1013, Train Accuracy: 41.55%
Validation Loss: 0.7808, Validation Accuracy: 38.33%
[Epoch 2, Batch   100] loss: 0.995
[Epoch 2, Batch   200] loss: 0.912
Epoch 2/20:
Train Loss: 0.1350, Train Accuracy: 53.45%
Validation Loss: 0.8240, Validation Accuracy: 53.78%
[Epoch 3, Batch   100] loss: 0.949
[Epoch 3, Batch   200] loss: 0.944
Epoch 3/20:
Train Loss: 0.1404, Train Accuracy: 62.68%
Validation Loss: 0.8966, Validation Accuracy: 56.84%
[Epoch 4, Batch   100] loss: 0.955
[Epoch 4, Batch   200] loss: 0.955
Epoch 4/20:
Train Loss: 0.1423, Train Accuracy: 68.81%
Validation Loss: 0.9286, Validation Accuracy: 59.30%
[Epoch 5, Batch   100] loss: 0.961
[Epoch 5, Batch   200] loss: 0.960
Epoch 5/20:
Train Loss: 0.1431, Train Accuracy: 73.95%
Validation Loss: 0.9447, Validation Accuracy: 59.41%
[Epoch 6, Batch   100] loss: 0.964
[Epoch 6, Batch   200] loss: 0.964
Epoch 6/20:
Train Loss: 0.1437, Train Accuracy: 78.25%
Validation Loss: 0.9559, Validation Accuracy: 57.27%
[Epoch 7, Batch   100] loss: 0.966
[Epoch 7, Batch   200] loss: 0.967
Epoch 7/20:
Train Loss: 0.1440, Train Accuracy: 81.28%
Validation Loss: 0.9556, Validation Accuracy: 59.77%
[Epoch 8, Batch   100] loss: 0.968
[Epoch 8, Batch   200] loss: 0.969
Epoch 8/20:
Train Loss: 0.1443, Train Accuracy: 83.61%
Validation Loss: 0.9621, Validation Accuracy: 60.09%
[Epoch 9, Batch   100] loss: 0.970
[Epoch 9, Batch   200] loss: 0.970
Epoch 9/20:
Train Loss: 0.1445, Train Accuracy: 85.02%
Validation Loss: 0.9643, Validation Accuracy: 60.97%
[Epoch 10, Batch   100] loss: 0.971
[Epoch 10, Batch   200] loss: 0.971
Epoch 10/20:
Train Loss: 0.1447, Train Accuracy: 85.99%
Validation Loss: 0.9674, Validation Accuracy: 57.00%
[Epoch 11, Batch   100] loss: 0.972
[Epoch 11, Batch   200] loss: 0.973
Epoch 11/20:
Train Loss: 0.1449, Train Accuracy: 85.44%
Validation Loss: 0.9694, Validation Accuracy: 57.98%
[Epoch 12, Batch   100] loss: 0.972
[Epoch 12, Batch   200] loss: 0.973
Epoch 12/20:
Train Loss: 0.1450, Train Accuracy: 84.52%
Validation Loss: 0.9699, Validation Accuracy: 56.97%
[Epoch 13, Batch   100] loss: 0.972
[Epoch 13, Batch   200] loss: 0.973
Epoch 13/20:
Train Loss: 0.1449, Train Accuracy: 83.81%
Validation Loss: 0.9691, Validation Accuracy: 57.92%
[Epoch 14, Batch   100] loss: 0.973
[Epoch 14, Batch   200] loss: 0.973
Epoch 14/20:
Train Loss: 0.1450, Train Accuracy: 82.34%
Validation Loss: 0.9694, Validation Accuracy: 54.76%
[Epoch 15, Batch   100] loss: 0.973
[Epoch 15, Batch   200] loss: 0.974
Epoch 15/20:
Train Loss: 0.1451, Train Accuracy: 81.09%
Validation Loss: 0.9692, Validation Accuracy: 55.58%
[Epoch 16, Batch   100] loss: 0.973
[Epoch 16, Batch   200] loss: 0.974
Epoch 16/20:
Train Loss: 0.1451, Train Accuracy: 80.63%
Validation Loss: 0.9702, Validation Accuracy: 57.14%
[Epoch 17, Batch   100] loss: 0.973
[Epoch 17, Batch   200] loss: 0.974
Epoch 17/20:
Train Loss: 0.1451, Train Accuracy: 79.47%
Validation Loss: 0.9707, Validation Accuracy: 54.39%
[Epoch 18, Batch   100] loss: 0.973
[Epoch 18, Batch   200] loss: 0.974
Epoch 18/20:
Train Loss: 0.1451, Train Accuracy: 79.09%
Validation Loss: 0.9691, Validation Accuracy: 58.66%
[Epoch 19, Batch   100] loss: 0.973
[Epoch 19, Batch   200] loss: 0.974
Epoch 19/20:
Train Loss: 0.1451, Train Accuracy: 79.23%
Validation Loss: 0.9706, Validation Accuracy: 54.00%
[Epoch 20, Batch   100] loss: 0.973
[Epoch 20, Batch   200] loss: 0.974
Epoch 20/20:
Train Loss: 0.1451, Train Accuracy: 78.85%
Validation Loss: 0.9695, Validation Accuracy: 60.98%
Model saved to models/resnet18-EvidenceLoss-CIFAR10-GRADIENT-balanced_by_score-0.7-1
Modified fc layer: updated out_features to 10.
Initialized untrained model.
[Epoch 1, Batch   100] loss: 0.789
Epoch 1/20:
Train Loss: 0.2541, Train Accuracy: 39.08%
Validation Loss: 0.7230, Validation Accuracy: 43.86%
[Epoch 2, Batch   100] loss: 0.983
Epoch 2/20:
Train Loss: 0.3269, Train Accuracy: 51.05%
Validation Loss: 0.8498, Validation Accuracy: 48.79%
[Epoch 3, Batch   100] loss: 0.950
Epoch 3/20:
Train Loss: 0.3350, Train Accuracy: 61.06%
Validation Loss: 0.9139, Validation Accuracy: 53.85%
[Epoch 4, Batch   100] loss: 0.955
Epoch 4/20:
Train Loss: 0.3387, Train Accuracy: 69.27%
Validation Loss: 0.9335, Validation Accuracy: 56.92%
[Epoch 5, Batch   100] loss: 0.960
Epoch 5/20:
Train Loss: 0.3405, Train Accuracy: 76.09%
Validation Loss: 0.9459, Validation Accuracy: 57.08%
[Epoch 6, Batch   100] loss: 0.962
Epoch 6/20:
Train Loss: 0.3417, Train Accuracy: 81.28%
Validation Loss: 0.9543, Validation Accuracy: 57.66%
[Epoch 7, Batch   100] loss: 0.965
Epoch 7/20:
Train Loss: 0.3425, Train Accuracy: 85.52%
Validation Loss: 0.9588, Validation Accuracy: 56.84%
[Epoch 8, Batch   100] loss: 0.967
Epoch 8/20:
Train Loss: 0.3432, Train Accuracy: 88.33%
Validation Loss: 0.9618, Validation Accuracy: 58.02%
[Epoch 9, Batch   100] loss: 0.969
Epoch 9/20:
Train Loss: 0.3438, Train Accuracy: 90.21%
Validation Loss: 0.9664, Validation Accuracy: 56.25%
[Epoch 10, Batch   100] loss: 0.970
Epoch 10/20:
Train Loss: 0.3443, Train Accuracy: 91.39%
Validation Loss: 0.9674, Validation Accuracy: 56.18%
[Epoch 11, Batch   100] loss: 0.971
Epoch 11/20:
Train Loss: 0.3447, Train Accuracy: 91.90%
Validation Loss: 0.9687, Validation Accuracy: 56.40%
[Epoch 12, Batch   100] loss: 0.971
Epoch 12/20:
Train Loss: 0.3448, Train Accuracy: 91.37%
Validation Loss: 0.9684, Validation Accuracy: 55.31%
[Epoch 13, Batch   100] loss: 0.972
Epoch 13/20:
Train Loss: 0.3449, Train Accuracy: 89.70%
Validation Loss: 0.9681, Validation Accuracy: 55.00%
[Epoch 14, Batch   100] loss: 0.972
Epoch 14/20:
Train Loss: 0.3450, Train Accuracy: 88.48%
Validation Loss: 0.9705, Validation Accuracy: 53.08%
[Epoch 15, Batch   100] loss: 0.972
Epoch 15/20:
Train Loss: 0.3451, Train Accuracy: 87.91%
Validation Loss: 0.9697, Validation Accuracy: 55.99%
[Epoch 16, Batch   100] loss: 0.972
Epoch 16/20:
Train Loss: 0.3451, Train Accuracy: 87.49%
Validation Loss: 0.9686, Validation Accuracy: 54.92%
[Epoch 17, Batch   100] loss: 0.972
Epoch 17/20:
Train Loss: 0.3451, Train Accuracy: 87.03%
Validation Loss: 0.9693, Validation Accuracy: 55.02%
[Epoch 18, Batch   100] loss: 0.972
Epoch 18/20:
Train Loss: 0.3453, Train Accuracy: 86.21%
Validation Loss: 0.9699, Validation Accuracy: 52.62%
[Epoch 19, Batch   100] loss: 0.972
Epoch 19/20:
Train Loss: 0.3452, Train Accuracy: 86.29%
Validation Loss: 0.9701, Validation Accuracy: 55.07%
[Epoch 20, Batch   100] loss: 0.972
Epoch 20/20:
Train Loss: 0.3452, Train Accuracy: 85.43%
Validation Loss: 0.9696, Validation Accuracy: 52.93%
Model saved to models/resnet18-EvidenceLoss-CIFAR10-GRADIENT-balanced_by_score-0.8-1
Modified fc layer: updated out_features to 10.
Initialized untrained model.
Epoch 1/20:
Train Loss: 0.8073, Train Accuracy: 34.10%
Validation Loss: 0.7782, Validation Accuracy: 36.60%
Epoch 2/20:
Train Loss: 0.9973, Train Accuracy: 45.45%
Validation Loss: 0.8887, Validation Accuracy: 36.45%
Epoch 3/20:
Train Loss: 0.9542, Train Accuracy: 55.59%
Validation Loss: 0.9138, Validation Accuracy: 47.61%
Epoch 4/20:
Train Loss: 0.9582, Train Accuracy: 65.73%
Validation Loss: 0.9451, Validation Accuracy: 49.46%
Epoch 5/20:
Train Loss: 0.9612, Train Accuracy: 73.65%
Validation Loss: 0.9549, Validation Accuracy: 50.01%
Epoch 6/20:
Train Loss: 0.9633, Train Accuracy: 81.41%
Validation Loss: 0.9589, Validation Accuracy: 49.83%
Epoch 7/20:
Train Loss: 0.9653, Train Accuracy: 86.39%
Validation Loss: 0.9635, Validation Accuracy: 50.99%
Epoch 8/20:
Train Loss: 0.9668, Train Accuracy: 90.63%
Validation Loss: 0.9657, Validation Accuracy: 50.25%
Epoch 9/20:
Train Loss: 0.9682, Train Accuracy: 93.45%
Validation Loss: 0.9682, Validation Accuracy: 49.61%
Epoch 10/20:
Train Loss: 0.9695, Train Accuracy: 94.92%
Validation Loss: 0.9700, Validation Accuracy: 49.44%
Epoch 11/20:
Train Loss: 0.9704, Train Accuracy: 96.82%
Validation Loss: 0.9704, Validation Accuracy: 50.46%
Epoch 12/20:
Train Loss: 0.9702, Train Accuracy: 97.67%
Validation Loss: 0.9715, Validation Accuracy: 49.62%
Epoch 13/20:
Train Loss: 0.9701, Train Accuracy: 97.76%
Validation Loss: 0.9711, Validation Accuracy: 49.03%
Epoch 14/20:
Train Loss: 0.9700, Train Accuracy: 98.20%
Validation Loss: 0.9710, Validation Accuracy: 49.62%
Epoch 15/20:
Train Loss: 0.9701, Train Accuracy: 98.10%
Validation Loss: 0.9714, Validation Accuracy: 46.20%
Epoch 16/20:
Train Loss: 0.9704, Train Accuracy: 96.76%
Validation Loss: 0.9709, Validation Accuracy: 48.08%
Epoch 17/20:
Train Loss: 0.9708, Train Accuracy: 94.14%
Validation Loss: 0.9705, Validation Accuracy: 48.33%
Epoch 18/20:
Train Loss: 0.9710, Train Accuracy: 93.63%
Validation Loss: 0.9715, Validation Accuracy: 45.29%
Epoch 19/20:
Train Loss: 0.9710, Train Accuracy: 93.20%
Validation Loss: 0.9713, Validation Accuracy: 47.04%
Epoch 20/20:
Train Loss: 0.9710, Train Accuracy: 93.43%
Validation Loss: 0.9712, Validation Accuracy: 46.21%
Model saved to models/resnet18-EvidenceLoss-CIFAR10-GRADIENT-balanced_by_score-0.9-1
Modified fc layer: updated out_features to 10.
Initialized untrained model.
Epoch 1/20:
Train Loss: 0.8583, Train Accuracy: 27.20%
Validation Loss: 0.9153, Validation Accuracy: 18.51%
Epoch 2/20:
Train Loss: 1.0238, Train Accuracy: 41.72%
Validation Loss: 0.9040, Validation Accuracy: 39.35%
Epoch 3/20:
Train Loss: 0.9586, Train Accuracy: 53.28%
Validation Loss: 0.9452, Validation Accuracy: 38.58%
Epoch 4/20:
Train Loss: 0.9594, Train Accuracy: 66.32%
Validation Loss: 0.9522, Validation Accuracy: 42.65%
Epoch 5/20:
Train Loss: 0.9622, Train Accuracy: 76.12%
Validation Loss: 0.9601, Validation Accuracy: 41.82%
Epoch 6/20:
Train Loss: 0.9647, Train Accuracy: 81.72%
Validation Loss: 0.9654, Validation Accuracy: 42.65%
Epoch 7/20:
Train Loss: 0.9665, Train Accuracy: 87.80%
Validation Loss: 0.9679, Validation Accuracy: 43.32%
Epoch 8/20:
Train Loss: 0.9679, Train Accuracy: 91.16%
Validation Loss: 0.9685, Validation Accuracy: 42.90%
Epoch 9/20:
Train Loss: 0.9696, Train Accuracy: 92.80%
Validation Loss: 0.9717, Validation Accuracy: 44.13%
Epoch 10/20:
Train Loss: 0.9706, Train Accuracy: 94.56%
Validation Loss: 0.9727, Validation Accuracy: 44.07%
Epoch 11/20:
Train Loss: 0.9715, Train Accuracy: 95.80%
Validation Loss: 0.9737, Validation Accuracy: 43.76%
Epoch 12/20:
Train Loss: 0.9711, Train Accuracy: 96.52%
Validation Loss: 0.9729, Validation Accuracy: 44.11%
Epoch 13/20:
Train Loss: 0.9709, Train Accuracy: 97.36%
Validation Loss: 0.9733, Validation Accuracy: 43.74%
Epoch 14/20:
Train Loss: 0.9707, Train Accuracy: 98.08%
Validation Loss: 0.9737, Validation Accuracy: 42.98%
Epoch 15/20:
Train Loss: 0.9707, Train Accuracy: 98.08%
Validation Loss: 0.9733, Validation Accuracy: 42.74%
Epoch 16/20:
Train Loss: 0.9708, Train Accuracy: 98.16%
Validation Loss: 0.9731, Validation Accuracy: 43.11%
Epoch 17/20:
Train Loss: 0.9708, Train Accuracy: 97.96%
Validation Loss: 0.9733, Validation Accuracy: 41.86%
Epoch 18/20:
Train Loss: 0.9706, Train Accuracy: 98.04%
Validation Loss: 0.9739, Validation Accuracy: 41.09%
Epoch 19/20:
Train Loss: 0.9706, Train Accuracy: 98.24%
Validation Loss: 0.9725, Validation Accuracy: 42.66%
Epoch 20/20:
Train Loss: 0.9707, Train Accuracy: 98.28%
Validation Loss: 0.9732, Validation Accuracy: 41.73%
Model saved to models/resnet18-EvidenceLoss-CIFAR10-GRADIENT-balanced_by_score-0.95-1
Modified fc layer: updated out_features to 10.
Initialized untrained model.
Files already downloaded and verified
Files already downloaded and verified
[Epoch 1, Batch     2] loss: 0.050
[Epoch 1, Batch   102] loss: 1.821
[Epoch 1, Batch   202] loss: 1.563
[Epoch 1, Batch   302] loss: 1.425
[Epoch 1, Batch   402] loss: 1.347
[Epoch 1, Batch   502] loss: 1.307
[Epoch 1, Batch   602] loss: 1.247
[Epoch 1, Batch   702] loss: 1.218
Epoch 1/5:
Train Loss: 0.1169, Train Accuracy: 50.20%
Validation Loss: 1.5186, Validation Accuracy: 46.03%
[Epoch 2, Batch     2] loss: 0.027
[Epoch 2, Batch   102] loss: 1.069
[Epoch 2, Batch   202] loss: 1.034
[Epoch 2, Batch   302] loss: 1.035
[Epoch 2, Batch   402] loss: 1.016
[Epoch 2, Batch   502] loss: 1.002
[Epoch 2, Batch   602] loss: 0.947
[Epoch 2, Batch   702] loss: 0.941
Epoch 2/5:
Train Loss: 0.0968, Train Accuracy: 64.97%
Validation Loss: 1.5369, Validation Accuracy: 49.15%
[Epoch 3, Batch     2] loss: 0.019
[Epoch 3, Batch   102] loss: 0.865
[Epoch 3, Batch   202] loss: 0.841
[Epoch 3, Batch   302] loss: 0.801
[Epoch 3, Batch   402] loss: 0.855
[Epoch 3, Batch   502] loss: 0.850
[Epoch 3, Batch   602] loss: 0.826
[Epoch 3, Batch   702] loss: 0.828
Epoch 3/5:
Train Loss: 0.0803, Train Accuracy: 70.90%
Validation Loss: 1.0249, Validation Accuracy: 64.43%
[Epoch 4, Batch     2] loss: 0.015
[Epoch 4, Batch   102] loss: 0.700
[Epoch 4, Batch   202] loss: 0.741
[Epoch 4, Batch   302] loss: 0.719
[Epoch 4, Batch   402] loss: 0.715
[Epoch 4, Batch   502] loss: 0.745
[Epoch 4, Batch   602] loss: 0.735
[Epoch 4, Batch   702] loss: 0.714
Epoch 4/5:
Train Loss: 0.0719, Train Accuracy: 75.05%
Validation Loss: 0.9288, Validation Accuracy: 69.24%
[Epoch 5, Batch     2] loss: 0.015
[Epoch 5, Batch   102] loss: 0.619
[Epoch 5, Batch   202] loss: 0.619
[Epoch 5, Batch   302] loss: 0.611
[Epoch 5, Batch   402] loss: 0.649
[Epoch 5, Batch   502] loss: 0.627
[Epoch 5, Batch   602] loss: 0.618
[Epoch 5, Batch   702] loss: 0.651
Epoch 5/5:
Train Loss: 0.0649, Train Accuracy: 78.10%
Validation Loss: 0.8642, Validation Accuracy: 70.40%
Model saved to models/resnet18_CIFAR10_E1_2
Modified fc layer: updated out_features to 10.
Loaded weights from file: models/resnet18_CIFAR10_E1_2
Files already downloaded and verified
Files already downloaded and verified
Modified fc layer: updated out_features to 10.
Initialized untrained model.
[Epoch 1, Batch   100] loss: 0.789
[Epoch 1, Batch   200] loss: 0.712
[Epoch 1, Batch   300] loss: 0.664
[Epoch 1, Batch   400] loss: 0.626
[Epoch 1, Batch   500] loss: 0.609
Epoch 1/20:
Train Loss: 0.0492, Train Accuracy: 48.64%
Validation Loss: 0.6729, Validation Accuracy: 48.08%
[Epoch 2, Batch   100] loss: 1.008
[Epoch 2, Batch   200] loss: 0.887
[Epoch 2, Batch   300] loss: 0.883
[Epoch 2, Batch   400] loss: 0.877
[Epoch 2, Batch   500] loss: 0.881
Epoch 2/20:
Train Loss: 0.0757, Train Accuracy: 63.12%
Validation Loss: 0.7839, Validation Accuracy: 61.22%
[Epoch 3, Batch   100] loss: 0.940
[Epoch 3, Batch   200] loss: 0.933
[Epoch 3, Batch   300] loss: 0.933
[Epoch 3, Batch   400] loss: 0.932
[Epoch 3, Batch   500] loss: 0.933
Epoch 3/20:
Train Loss: 0.0802, Train Accuracy: 70.50%
Validation Loss: 0.8799, Validation Accuracy: 63.89%
[Epoch 4, Batch   100] loss: 0.950
[Epoch 4, Batch   200] loss: 0.950
[Epoch 4, Batch   300] loss: 0.951
[Epoch 4, Batch   400] loss: 0.950
[Epoch 4, Batch   500] loss: 0.951
Epoch 4/20:
Train Loss: 0.0817, Train Accuracy: 74.99%
Validation Loss: 0.9209, Validation Accuracy: 64.89%
[Epoch 5, Batch   100] loss: 0.958
[Epoch 5, Batch   200] loss: 0.958
[Epoch 5, Batch   300] loss: 0.958
[Epoch 5, Batch   400] loss: 0.959
[Epoch 5, Batch   500] loss: 0.959
Epoch 5/20:
Train Loss: 0.0825, Train Accuracy: 77.78%
Validation Loss: 0.9353, Validation Accuracy: 66.53%
[Epoch 6, Batch   100] loss: 0.963
[Epoch 6, Batch   200] loss: 0.963
[Epoch 6, Batch   300] loss: 0.964
[Epoch 6, Batch   400] loss: 0.964
[Epoch 6, Batch   500] loss: 0.964
Epoch 6/20:
Train Loss: 0.0829, Train Accuracy: 79.16%
Validation Loss: 0.9498, Validation Accuracy: 66.86%
[Epoch 7, Batch   100] loss: 0.966
[Epoch 7, Batch   200] loss: 0.967
[Epoch 7, Batch   300] loss: 0.967
[Epoch 7, Batch   400] loss: 0.967
[Epoch 7, Batch   500] loss: 0.968
Epoch 7/20:
Train Loss: 0.0832, Train Accuracy: 79.29%
Validation Loss: 0.9568, Validation Accuracy: 64.08%
[Epoch 8, Batch   100] loss: 0.969
[Epoch 8, Batch   200] loss: 0.969
[Epoch 8, Batch   300] loss: 0.970
[Epoch 8, Batch   400] loss: 0.970
[Epoch 8, Batch   500] loss: 0.970
Epoch 8/20:
Train Loss: 0.0833, Train Accuracy: 79.11%
Validation Loss: 0.9604, Validation Accuracy: 65.73%
[Epoch 9, Batch   100] loss: 0.971
[Epoch 9, Batch   200] loss: 0.971
[Epoch 9, Batch   300] loss: 0.972
[Epoch 9, Batch   400] loss: 0.972
[Epoch 9, Batch   500] loss: 0.972
Epoch 9/20:
Train Loss: 0.0835, Train Accuracy: 78.02%
Validation Loss: 0.9643, Validation Accuracy: 66.14%
[Epoch 10, Batch   100] loss: 0.973
[Epoch 10, Batch   200] loss: 0.973
[Epoch 10, Batch   300] loss: 0.973
[Epoch 10, Batch   400] loss: 0.973
[Epoch 10, Batch   500] loss: 0.974
Epoch 10/20:
Train Loss: 0.0837, Train Accuracy: 76.68%
Validation Loss: 0.9672, Validation Accuracy: 63.26%
[Epoch 11, Batch   100] loss: 0.974
[Epoch 11, Batch   200] loss: 0.974
[Epoch 11, Batch   300] loss: 0.974
[Epoch 11, Batch   400] loss: 0.974
[Epoch 11, Batch   500] loss: 0.975
Epoch 11/20:
Train Loss: 0.0838, Train Accuracy: 75.76%
Validation Loss: 0.9689, Validation Accuracy: 62.59%
[Epoch 12, Batch   100] loss: 0.974
[Epoch 12, Batch   200] loss: 0.974
[Epoch 12, Batch   300] loss: 0.975
[Epoch 12, Batch   400] loss: 0.975
[Epoch 12, Batch   500] loss: 0.975
Epoch 12/20:
Train Loss: 0.0838, Train Accuracy: 73.80%
Validation Loss: 0.9685, Validation Accuracy: 65.25%
[Epoch 13, Batch   100] loss: 0.974
[Epoch 13, Batch   200] loss: 0.975
[Epoch 13, Batch   300] loss: 0.975
[Epoch 13, Batch   400] loss: 0.975
[Epoch 13, Batch   500] loss: 0.975
Epoch 13/20:
Train Loss: 0.0838, Train Accuracy: 72.46%
Validation Loss: 0.9697, Validation Accuracy: 64.31%
[Epoch 14, Batch   100] loss: 0.974
[Epoch 14, Batch   200] loss: 0.975
[Epoch 14, Batch   300] loss: 0.975
[Epoch 14, Batch   400] loss: 0.975
[Epoch 14, Batch   500] loss: 0.975
Epoch 14/20:
Train Loss: 0.0838, Train Accuracy: 71.95%
Validation Loss: 0.9681, Validation Accuracy: 65.99%
[Epoch 15, Batch   100] loss: 0.975
[Epoch 15, Batch   200] loss: 0.975
[Epoch 15, Batch   300] loss: 0.975
[Epoch 15, Batch   400] loss: 0.975
[Epoch 15, Batch   500] loss: 0.975
Epoch 15/20:
Train Loss: 0.0838, Train Accuracy: 72.25%
Validation Loss: 0.9706, Validation Accuracy: 58.04%
[Epoch 16, Batch   100] loss: 0.975
[Epoch 16, Batch   200] loss: 0.975
[Epoch 16, Batch   300] loss: 0.975
[Epoch 16, Batch   400] loss: 0.975
[Epoch 16, Batch   500] loss: 0.975
Epoch 16/20:
Train Loss: 0.0838, Train Accuracy: 72.17%
Validation Loss: 0.9696, Validation Accuracy: 61.66%
[Epoch 17, Batch   100] loss: 0.974
[Epoch 17, Batch   200] loss: 0.975
[Epoch 17, Batch   300] loss: 0.975
[Epoch 17, Batch   400] loss: 0.975
[Epoch 17, Batch   500] loss: 0.975
Epoch 17/20:
Train Loss: 0.0838, Train Accuracy: 72.62%
Validation Loss: 0.9688, Validation Accuracy: 59.78%
[Epoch 18, Batch   100] loss: 0.974
[Epoch 18, Batch   200] loss: 0.975
[Epoch 18, Batch   300] loss: 0.975
[Epoch 18, Batch   400] loss: 0.975
[Epoch 18, Batch   500] loss: 0.975
Epoch 18/20:
Train Loss: 0.0838, Train Accuracy: 73.27%
Validation Loss: 0.9696, Validation Accuracy: 62.01%
[Epoch 19, Batch   100] loss: 0.974
[Epoch 19, Batch   200] loss: 0.974
[Epoch 19, Batch   300] loss: 0.975
[Epoch 19, Batch   400] loss: 0.975
[Epoch 19, Batch   500] loss: 0.974
Epoch 19/20:
Train Loss: 0.0837, Train Accuracy: 74.33%
Validation Loss: 0.9680, Validation Accuracy: 64.37%
[Epoch 20, Batch   100] loss: 0.974
[Epoch 20, Batch   200] loss: 0.974
[Epoch 20, Batch   300] loss: 0.974
[Epoch 20, Batch   400] loss: 0.974
[Epoch 20, Batch   500] loss: 0.975
Epoch 20/20:
Train Loss: 0.0837, Train Accuracy: 74.71%
Validation Loss: 0.9684, Validation Accuracy: 68.55%
Model saved to models/resnet18-EvidenceLoss-CIFAR10-random-0.3-2
Modified fc layer: updated out_features to 10.
Initialized untrained model.
[Epoch 1, Batch   100] loss: 0.789
[Epoch 1, Batch   200] loss: 0.708
[Epoch 1, Batch   300] loss: 0.670
Epoch 1/20:
Train Loss: 0.1497, Train Accuracy: 45.42%
Validation Loss: 0.6925, Validation Accuracy: 46.20%
[Epoch 2, Batch   100] loss: 0.997
[Epoch 2, Batch   200] loss: 0.896
[Epoch 2, Batch   300] loss: 0.896
Epoch 2/20:
Train Loss: 0.2081, Train Accuracy: 58.96%
Validation Loss: 0.7993, Validation Accuracy: 56.80%
[Epoch 3, Batch   100] loss: 0.943
[Epoch 3, Batch   200] loss: 0.936
[Epoch 3, Batch   300] loss: 0.937
Epoch 3/20:
Train Loss: 0.2180, Train Accuracy: 67.62%
Validation Loss: 0.8817, Validation Accuracy: 61.76%
[Epoch 4, Batch   100] loss: 0.953
[Epoch 4, Batch   200] loss: 0.951
[Epoch 4, Batch   300] loss: 0.952
Epoch 4/20:
Train Loss: 0.2215, Train Accuracy: 73.34%
Validation Loss: 0.9212, Validation Accuracy: 64.89%
[Epoch 5, Batch   100] loss: 0.959
[Epoch 5, Batch   200] loss: 0.959
[Epoch 5, Batch   300] loss: 0.959
Epoch 5/20:
Train Loss: 0.2234, Train Accuracy: 77.04%
Validation Loss: 0.9349, Validation Accuracy: 64.92%
[Epoch 6, Batch   100] loss: 0.963
[Epoch 6, Batch   200] loss: 0.963
[Epoch 6, Batch   300] loss: 0.964
Epoch 6/20:
Train Loss: 0.2243, Train Accuracy: 79.68%
Validation Loss: 0.9529, Validation Accuracy: 62.47%
[Epoch 7, Batch   100] loss: 0.966
[Epoch 7, Batch   200] loss: 0.966
[Epoch 7, Batch   300] loss: 0.967
Epoch 7/20:
Train Loss: 0.2251, Train Accuracy: 81.30%
Validation Loss: 0.9569, Validation Accuracy: 64.48%
[Epoch 8, Batch   100] loss: 0.968
[Epoch 8, Batch   200] loss: 0.969
[Epoch 8, Batch   300] loss: 0.969
Epoch 8/20:
Train Loss: 0.2256, Train Accuracy: 81.60%
Validation Loss: 0.9599, Validation Accuracy: 64.38%
[Epoch 9, Batch   100] loss: 0.970
[Epoch 9, Batch   200] loss: 0.971
[Epoch 9, Batch   300] loss: 0.971
Epoch 9/20:
Train Loss: 0.2260, Train Accuracy: 82.14%
Validation Loss: 0.9623, Validation Accuracy: 65.73%
[Epoch 10, Batch   100] loss: 0.972
[Epoch 10, Batch   200] loss: 0.972
[Epoch 10, Batch   300] loss: 0.972
Epoch 10/20:
Train Loss: 0.2264, Train Accuracy: 81.01%
Validation Loss: 0.9670, Validation Accuracy: 61.06%
[Epoch 11, Batch   100] loss: 0.973
[Epoch 11, Batch   200] loss: 0.973
[Epoch 11, Batch   300] loss: 0.974
Epoch 11/20:
Train Loss: 0.2266, Train Accuracy: 80.42%
Validation Loss: 0.9687, Validation Accuracy: 60.20%
[Epoch 12, Batch   100] loss: 0.973
[Epoch 12, Batch   200] loss: 0.974
[Epoch 12, Batch   300] loss: 0.974
Epoch 12/20:
Train Loss: 0.2267, Train Accuracy: 78.58%
Validation Loss: 0.9692, Validation Accuracy: 61.82%
[Epoch 13, Batch   100] loss: 0.974
[Epoch 13, Batch   200] loss: 0.974
[Epoch 13, Batch   300] loss: 0.974
Epoch 13/20:
Train Loss: 0.2268, Train Accuracy: 76.75%
Validation Loss: 0.9689, Validation Accuracy: 61.98%
[Epoch 14, Batch   100] loss: 0.974
[Epoch 14, Batch   200] loss: 0.974
[Epoch 14, Batch   300] loss: 0.975
Epoch 14/20:
Train Loss: 0.2268, Train Accuracy: 75.31%
Validation Loss: 0.9693, Validation Accuracy: 63.15%
[Epoch 15, Batch   100] loss: 0.974
[Epoch 15, Batch   200] loss: 0.975
[Epoch 15, Batch   300] loss: 0.975
Epoch 15/20:
Train Loss: 0.2269, Train Accuracy: 74.62%
Validation Loss: 0.9686, Validation Accuracy: 63.50%
[Epoch 16, Batch   100] loss: 0.974
[Epoch 16, Batch   200] loss: 0.975
[Epoch 16, Batch   300] loss: 0.975
Epoch 16/20:
Train Loss: 0.2269, Train Accuracy: 73.29%
Validation Loss: 0.9701, Validation Accuracy: 57.35%
[Epoch 17, Batch   100] loss: 0.974
[Epoch 17, Batch   200] loss: 0.975
[Epoch 17, Batch   300] loss: 0.975
Epoch 17/20:
Train Loss: 0.2269, Train Accuracy: 73.41%
Validation Loss: 0.9694, Validation Accuracy: 61.54%
[Epoch 18, Batch   100] loss: 0.974
[Epoch 18, Batch   200] loss: 0.975
[Epoch 18, Batch   300] loss: 0.975
Epoch 18/20:
Train Loss: 0.2269, Train Accuracy: 72.94%
Validation Loss: 0.9678, Validation Accuracy: 66.24%
[Epoch 19, Batch   100] loss: 0.974
[Epoch 19, Batch   200] loss: 0.975
[Epoch 19, Batch   300] loss: 0.975
Epoch 19/20:
Train Loss: 0.2269, Train Accuracy: 72.94%
Validation Loss: 0.9700, Validation Accuracy: 63.64%
[Epoch 20, Batch   100] loss: 0.974
[Epoch 20, Batch   200] loss: 0.975
[Epoch 20, Batch   300] loss: 0.975
Epoch 20/20:
Train Loss: 0.2269, Train Accuracy: 73.28%
Validation Loss: 0.9687, Validation Accuracy: 64.27%
Model saved to models/resnet18-EvidenceLoss-CIFAR10-random-0.5-2
Modified fc layer: updated out_features to 10.
Initialized untrained model.
[Epoch 1, Batch   100] loss: 0.789
[Epoch 1, Batch   200] loss: 0.702
Epoch 1/20:
Train Loss: 0.1031, Train Accuracy: 41.59%
Validation Loss: 0.6988, Validation Accuracy: 45.74%
[Epoch 2, Batch   100] loss: 0.996
[Epoch 2, Batch   200] loss: 0.912
Epoch 2/20:
Train Loss: 0.1347, Train Accuracy: 52.87%
Validation Loss: 0.8177, Validation Accuracy: 53.16%
[Epoch 3, Batch   100] loss: 0.949
[Epoch 3, Batch   200] loss: 0.943
Epoch 3/20:
Train Loss: 0.1405, Train Accuracy: 62.09%
Validation Loss: 0.9017, Validation Accuracy: 54.83%
[Epoch 4, Batch   100] loss: 0.955
[Epoch 4, Batch   200] loss: 0.955
Epoch 4/20:
Train Loss: 0.1421, Train Accuracy: 69.53%
Validation Loss: 0.9262, Validation Accuracy: 60.76%
[Epoch 5, Batch   100] loss: 0.960
[Epoch 5, Batch   200] loss: 0.960
Epoch 5/20:
Train Loss: 0.1430, Train Accuracy: 75.10%
Validation Loss: 0.9426, Validation Accuracy: 59.85%
[Epoch 6, Batch   100] loss: 0.963
[Epoch 6, Batch   200] loss: 0.964
Epoch 6/20:
Train Loss: 0.1436, Train Accuracy: 79.09%
Validation Loss: 0.9514, Validation Accuracy: 61.01%
[Epoch 7, Batch   100] loss: 0.966
[Epoch 7, Batch   200] loss: 0.966
Epoch 7/20:
Train Loss: 0.1440, Train Accuracy: 82.58%
Validation Loss: 0.9575, Validation Accuracy: 59.56%
[Epoch 8, Batch   100] loss: 0.968
[Epoch 8, Batch   200] loss: 0.968
Epoch 8/20:
Train Loss: 0.1443, Train Accuracy: 84.55%
Validation Loss: 0.9598, Validation Accuracy: 60.11%
[Epoch 9, Batch   100] loss: 0.969
[Epoch 9, Batch   200] loss: 0.970
Epoch 9/20:
Train Loss: 0.1445, Train Accuracy: 85.81%
Validation Loss: 0.9641, Validation Accuracy: 59.80%
[Epoch 10, Batch   100] loss: 0.971
[Epoch 10, Batch   200] loss: 0.971
Epoch 10/20:
Train Loss: 0.1447, Train Accuracy: 86.25%
Validation Loss: 0.9667, Validation Accuracy: 58.99%
[Epoch 11, Batch   100] loss: 0.972
[Epoch 11, Batch   200] loss: 0.972
Epoch 11/20:
Train Loss: 0.1449, Train Accuracy: 86.80%
Validation Loss: 0.9699, Validation Accuracy: 55.90%
[Epoch 12, Batch   100] loss: 0.972
[Epoch 12, Batch   200] loss: 0.973
Epoch 12/20:
Train Loss: 0.1449, Train Accuracy: 84.85%
Validation Loss: 0.9690, Validation Accuracy: 59.15%
[Epoch 13, Batch   100] loss: 0.972
[Epoch 13, Batch   200] loss: 0.973
Epoch 13/20:
Train Loss: 0.1450, Train Accuracy: 83.69%
Validation Loss: 0.9699, Validation Accuracy: 59.41%
[Epoch 14, Batch   100] loss: 0.973
[Epoch 14, Batch   200] loss: 0.973
Epoch 14/20:
Train Loss: 0.1450, Train Accuracy: 82.22%
Validation Loss: 0.9695, Validation Accuracy: 55.02%
[Epoch 15, Batch   100] loss: 0.973
[Epoch 15, Batch   200] loss: 0.973
Epoch 15/20:
Train Loss: 0.1451, Train Accuracy: 81.75%
Validation Loss: 0.9694, Validation Accuracy: 57.80%
[Epoch 16, Batch   100] loss: 0.973
[Epoch 16, Batch   200] loss: 0.974
Epoch 16/20:
Train Loss: 0.1451, Train Accuracy: 80.62%
Validation Loss: 0.9698, Validation Accuracy: 55.93%
[Epoch 17, Batch   100] loss: 0.973
[Epoch 17, Batch   200] loss: 0.974
Epoch 17/20:
Train Loss: 0.1451, Train Accuracy: 80.33%
Validation Loss: 0.9700, Validation Accuracy: 52.85%
[Epoch 18, Batch   100] loss: 0.973
[Epoch 18, Batch   200] loss: 0.974
Epoch 18/20:
Train Loss: 0.1451, Train Accuracy: 80.11%
Validation Loss: 0.9701, Validation Accuracy: 55.45%
[Epoch 19, Batch   100] loss: 0.973
[Epoch 19, Batch   200] loss: 0.974
Epoch 19/20:
Train Loss: 0.1451, Train Accuracy: 79.27%
Validation Loss: 0.9702, Validation Accuracy: 56.57%
[Epoch 20, Batch   100] loss: 0.973
[Epoch 20, Batch   200] loss: 0.974
Epoch 20/20:
Train Loss: 0.1451, Train Accuracy: 78.81%
Validation Loss: 0.9708, Validation Accuracy: 55.05%
Model saved to models/resnet18-EvidenceLoss-CIFAR10-random-0.7-2
Modified fc layer: updated out_features to 10.
Initialized untrained model.
[Epoch 1, Batch   100] loss: 0.799
Epoch 1/20:
Train Loss: 0.2604, Train Accuracy: 38.34%
Validation Loss: 0.7318, Validation Accuracy: 42.81%
[Epoch 2, Batch   100] loss: 0.995
Epoch 2/20:
Train Loss: 0.3328, Train Accuracy: 49.57%
Validation Loss: 0.8732, Validation Accuracy: 43.34%
[Epoch 3, Batch   100] loss: 0.953
Epoch 3/20:
Train Loss: 0.3437, Train Accuracy: 58.08%
Validation Loss: 0.9158, Validation Accuracy: 50.21%
[Epoch 4, Batch   100] loss: 0.957
Epoch 4/20:
Train Loss: 0.3472, Train Accuracy: 67.25%
Validation Loss: 0.9338, Validation Accuracy: 56.37%
[Epoch 5, Batch   100] loss: 0.961
Epoch 5/20:
Train Loss: 0.3489, Train Accuracy: 73.11%
Validation Loss: 0.9501, Validation Accuracy: 54.52%
[Epoch 6, Batch   100] loss: 0.964
Epoch 6/20:
Train Loss: 0.3499, Train Accuracy: 78.53%
Validation Loss: 0.9583, Validation Accuracy: 54.57%
[Epoch 7, Batch   100] loss: 0.966
Epoch 7/20:
Train Loss: 0.3508, Train Accuracy: 82.67%
Validation Loss: 0.9580, Validation Accuracy: 55.63%
[Epoch 8, Batch   100] loss: 0.968
Epoch 8/20:
Train Loss: 0.3513, Train Accuracy: 86.06%
Validation Loss: 0.9622, Validation Accuracy: 56.55%
[Epoch 9, Batch   100] loss: 0.969
Epoch 9/20:
Train Loss: 0.3519, Train Accuracy: 88.73%
Validation Loss: 0.9661, Validation Accuracy: 53.38%
[Epoch 10, Batch   100] loss: 0.970
Epoch 10/20:
Train Loss: 0.3524, Train Accuracy: 90.10%
Validation Loss: 0.9681, Validation Accuracy: 55.20%
[Epoch 11, Batch   100] loss: 0.971
Epoch 11/20:
Train Loss: 0.3527, Train Accuracy: 91.46%
Validation Loss: 0.9702, Validation Accuracy: 53.58%
[Epoch 12, Batch   100] loss: 0.972
Epoch 12/20:
Train Loss: 0.3528, Train Accuracy: 89.26%
Validation Loss: 0.9693, Validation Accuracy: 54.19%
[Epoch 13, Batch   100] loss: 0.972
Epoch 13/20:
Train Loss: 0.3530, Train Accuracy: 88.94%
Validation Loss: 0.9692, Validation Accuracy: 55.09%
[Epoch 14, Batch   100] loss: 0.972
Epoch 14/20:
Train Loss: 0.3531, Train Accuracy: 88.29%
Validation Loss: 0.9707, Validation Accuracy: 52.17%
[Epoch 15, Batch   100] loss: 0.972
Epoch 15/20:
Train Loss: 0.3531, Train Accuracy: 87.29%
Validation Loss: 0.9712, Validation Accuracy: 52.36%
[Epoch 16, Batch   100] loss: 0.972
Epoch 16/20:
Train Loss: 0.3531, Train Accuracy: 86.10%
Validation Loss: 0.9703, Validation Accuracy: 53.75%
[Epoch 17, Batch   100] loss: 0.972
Epoch 17/20:
Train Loss: 0.3531, Train Accuracy: 86.26%
Validation Loss: 0.9699, Validation Accuracy: 53.79%
[Epoch 18, Batch   100] loss: 0.972
Epoch 18/20:
Train Loss: 0.3532, Train Accuracy: 85.76%
Validation Loss: 0.9703, Validation Accuracy: 52.67%
[Epoch 19, Batch   100] loss: 0.972
Epoch 19/20:
Train Loss: 0.3533, Train Accuracy: 84.59%
Validation Loss: 0.9708, Validation Accuracy: 51.08%
[Epoch 20, Batch   100] loss: 0.972
Epoch 20/20:
Train Loss: 0.3533, Train Accuracy: 85.11%
Validation Loss: 0.9695, Validation Accuracy: 55.75%
Model saved to models/resnet18-EvidenceLoss-CIFAR10-random-0.8-2
Modified fc layer: updated out_features to 10.
Initialized untrained model.
Epoch 1/20:
Train Loss: 0.8102, Train Accuracy: 33.85%
Validation Loss: 0.8686, Validation Accuracy: 28.85%
Epoch 2/20:
Train Loss: 0.9913, Train Accuracy: 45.51%
Validation Loss: 0.8807, Validation Accuracy: 41.93%
Epoch 3/20:
Train Loss: 0.9593, Train Accuracy: 52.97%
Validation Loss: 0.9295, Validation Accuracy: 46.21%
Epoch 4/20:
Train Loss: 0.9599, Train Accuracy: 64.35%
Validation Loss: 0.9446, Validation Accuracy: 48.84%
Epoch 5/20:
Train Loss: 0.9619, Train Accuracy: 73.53%
Validation Loss: 0.9542, Validation Accuracy: 49.46%
Epoch 6/20:
Train Loss: 0.9646, Train Accuracy: 78.50%
Validation Loss: 0.9592, Validation Accuracy: 49.23%
Epoch 7/20:
Train Loss: 0.9660, Train Accuracy: 84.32%
Validation Loss: 0.9634, Validation Accuracy: 49.85%
Epoch 8/20:
Train Loss: 0.9673, Train Accuracy: 88.70%
Validation Loss: 0.9661, Validation Accuracy: 49.50%
Epoch 9/20:
Train Loss: 0.9687, Train Accuracy: 91.48%
Validation Loss: 0.9682, Validation Accuracy: 48.85%
Epoch 10/20:
Train Loss: 0.9699, Train Accuracy: 93.30%
Validation Loss: 0.9693, Validation Accuracy: 49.54%
Epoch 11/20:
Train Loss: 0.9709, Train Accuracy: 94.78%
Validation Loss: 0.9710, Validation Accuracy: 48.91%
Epoch 12/20:
Train Loss: 0.9707, Train Accuracy: 95.56%
Validation Loss: 0.9715, Validation Accuracy: 48.72%
Epoch 13/20:
Train Loss: 0.9705, Train Accuracy: 96.38%
Validation Loss: 0.9715, Validation Accuracy: 48.35%
Epoch 14/20:
Train Loss: 0.9706, Train Accuracy: 96.36%
Validation Loss: 0.9714, Validation Accuracy: 46.98%
Epoch 15/20:
Train Loss: 0.9711, Train Accuracy: 93.44%
Validation Loss: 0.9711, Validation Accuracy: 47.44%
Epoch 16/20:
Train Loss: 0.9709, Train Accuracy: 94.46%
Validation Loss: 0.9710, Validation Accuracy: 47.02%
Epoch 17/20:
Train Loss: 0.9709, Train Accuracy: 94.38%
Validation Loss: 0.9711, Validation Accuracy: 47.58%
Epoch 18/20:
Train Loss: 0.9715, Train Accuracy: 91.04%
Validation Loss: 0.9711, Validation Accuracy: 45.95%
Epoch 19/20:
Train Loss: 0.9709, Train Accuracy: 94.20%
Validation Loss: 0.9714, Validation Accuracy: 46.57%
Epoch 20/20:
Train Loss: 0.9714, Train Accuracy: 91.80%
Validation Loss: 0.9705, Validation Accuracy: 47.98%
Model saved to models/resnet18-EvidenceLoss-CIFAR10-random-0.9-2
Modified fc layer: updated out_features to 10.
Initialized untrained model.
Epoch 1/20:
Train Loss: 0.8531, Train Accuracy: 29.36%
Validation Loss: 0.8974, Validation Accuracy: 22.55%
Epoch 2/20:
Train Loss: 1.0267, Train Accuracy: 41.36%
Validation Loss: 0.8964, Validation Accuracy: 39.00%
Epoch 3/20:
Train Loss: 0.9580, Train Accuracy: 52.56%
Validation Loss: 0.9409, Validation Accuracy: 42.36%
Epoch 4/20:
Train Loss: 0.9606, Train Accuracy: 64.20%
Validation Loss: 0.9522, Validation Accuracy: 42.59%
Epoch 5/20:
Train Loss: 0.9632, Train Accuracy: 73.72%
Validation Loss: 0.9600, Validation Accuracy: 44.52%
Epoch 6/20:
Train Loss: 0.9648, Train Accuracy: 80.36%
Validation Loss: 0.9645, Validation Accuracy: 45.29%
Epoch 7/20:
Train Loss: 0.9666, Train Accuracy: 85.56%
Validation Loss: 0.9670, Validation Accuracy: 45.10%
Epoch 8/20:
Train Loss: 0.9687, Train Accuracy: 88.48%
Validation Loss: 0.9690, Validation Accuracy: 45.33%
Epoch 9/20:
Train Loss: 0.9698, Train Accuracy: 91.16%
Validation Loss: 0.9706, Validation Accuracy: 45.36%
Epoch 10/20:
Train Loss: 0.9710, Train Accuracy: 91.96%
Validation Loss: 0.9720, Validation Accuracy: 44.69%
Epoch 11/20:
Train Loss: 0.9718, Train Accuracy: 94.48%
Validation Loss: 0.9736, Validation Accuracy: 45.08%
Epoch 12/20:
Train Loss: 0.9715, Train Accuracy: 95.52%
Validation Loss: 0.9734, Validation Accuracy: 45.54%
Epoch 13/20:
Train Loss: 0.9711, Train Accuracy: 97.00%
Validation Loss: 0.9733, Validation Accuracy: 45.09%
Epoch 14/20:
Train Loss: 0.9713, Train Accuracy: 96.20%
Validation Loss: 0.9730, Validation Accuracy: 44.69%
Epoch 15/20:
Train Loss: 0.9711, Train Accuracy: 96.72%
Validation Loss: 0.9736, Validation Accuracy: 45.26%
Epoch 16/20:
Train Loss: 0.9707, Train Accuracy: 98.04%
Validation Loss: 0.9731, Validation Accuracy: 44.74%
Epoch 17/20:
Train Loss: 0.9707, Train Accuracy: 98.08%
Validation Loss: 0.9730, Validation Accuracy: 44.76%
Epoch 18/20:
Train Loss: 0.9708, Train Accuracy: 97.56%
Validation Loss: 0.9735, Validation Accuracy: 42.80%
Epoch 19/20:
Train Loss: 0.9704, Train Accuracy: 98.72%
Validation Loss: 0.9728, Validation Accuracy: 44.59%
Epoch 20/20:
Train Loss: 0.9703, Train Accuracy: 99.00%
Validation Loss: 0.9728, Validation Accuracy: 43.75%
Model saved to models/resnet18-EvidenceLoss-CIFAR10-random-0.95-2
Modified fc layer: updated out_features to 10.
Loaded weights from file: models/resnet18_CIFAR10_E1_2
Files already downloaded and verified
Files already downloaded and verified
Modified fc layer: updated out_features to 10.
Initialized untrained model.
[Epoch 1, Batch   100] loss: 0.791
[Epoch 1, Batch   200] loss: 0.712
[Epoch 1, Batch   300] loss: 0.671
[Epoch 1, Batch   400] loss: 0.634
[Epoch 1, Batch   500] loss: 0.615
Epoch 1/20:
Train Loss: 0.0496, Train Accuracy: 48.14%
Validation Loss: 0.6105, Validation Accuracy: 54.12%
[Epoch 2, Batch   100] loss: 0.997
[Epoch 2, Batch   200] loss: 0.889
[Epoch 2, Batch   300] loss: 0.886
[Epoch 2, Batch   400] loss: 0.884
[Epoch 2, Batch   500] loss: 0.881
Epoch 2/20:
Train Loss: 0.0755, Train Accuracy: 62.63%
Validation Loss: 0.7953, Validation Accuracy: 53.15%
[Epoch 3, Batch   100] loss: 0.941
[Epoch 3, Batch   200] loss: 0.934
[Epoch 3, Batch   300] loss: 0.933
[Epoch 3, Batch   400] loss: 0.933
[Epoch 3, Batch   500] loss: 0.934
Epoch 3/20:
Train Loss: 0.0803, Train Accuracy: 69.95%
Validation Loss: 0.8749, Validation Accuracy: 66.00%
[Epoch 4, Batch   100] loss: 0.951
[Epoch 4, Batch   200] loss: 0.950
[Epoch 4, Batch   300] loss: 0.950
[Epoch 4, Batch   400] loss: 0.951
[Epoch 4, Batch   500] loss: 0.952
Epoch 4/20:
Train Loss: 0.0817, Train Accuracy: 74.50%
Validation Loss: 0.9122, Validation Accuracy: 68.62%
[Epoch 5, Batch   100] loss: 0.958
[Epoch 5, Batch   200] loss: 0.959
[Epoch 5, Batch   300] loss: 0.958
[Epoch 5, Batch   400] loss: 0.959
[Epoch 5, Batch   500] loss: 0.960
Epoch 5/20:
Train Loss: 0.0825, Train Accuracy: 77.35%
Validation Loss: 0.9369, Validation Accuracy: 67.81%
[Epoch 6, Batch   100] loss: 0.963
[Epoch 6, Batch   200] loss: 0.963
[Epoch 6, Batch   300] loss: 0.964
[Epoch 6, Batch   400] loss: 0.964
[Epoch 6, Batch   500] loss: 0.965
Epoch 6/20:
Train Loss: 0.0829, Train Accuracy: 78.84%
Validation Loss: 0.9470, Validation Accuracy: 66.79%
[Epoch 7, Batch   100] loss: 0.966
[Epoch 7, Batch   200] loss: 0.966
[Epoch 7, Batch   300] loss: 0.967
[Epoch 7, Batch   400] loss: 0.967
[Epoch 7, Batch   500] loss: 0.968
Epoch 7/20:
Train Loss: 0.0832, Train Accuracy: 79.46%
Validation Loss: 0.9565, Validation Accuracy: 67.33%
[Epoch 8, Batch   100] loss: 0.969
[Epoch 8, Batch   200] loss: 0.969
[Epoch 8, Batch   300] loss: 0.970
[Epoch 8, Batch   400] loss: 0.970
[Epoch 8, Batch   500] loss: 0.970
Epoch 8/20:
Train Loss: 0.0834, Train Accuracy: 78.75%
Validation Loss: 0.9628, Validation Accuracy: 62.84%
[Epoch 9, Batch   100] loss: 0.971
[Epoch 9, Batch   200] loss: 0.971
[Epoch 9, Batch   300] loss: 0.971
[Epoch 9, Batch   400] loss: 0.972
[Epoch 9, Batch   500] loss: 0.972
Epoch 9/20:
Train Loss: 0.0835, Train Accuracy: 77.98%
Validation Loss: 0.9648, Validation Accuracy: 65.90%
[Epoch 10, Batch   100] loss: 0.972
[Epoch 10, Batch   200] loss: 0.973
[Epoch 10, Batch   300] loss: 0.973
[Epoch 10, Batch   400] loss: 0.973
[Epoch 10, Batch   500] loss: 0.974
Epoch 10/20:
Train Loss: 0.0837, Train Accuracy: 77.07%
Validation Loss: 0.9665, Validation Accuracy: 65.06%
[Epoch 11, Batch   100] loss: 0.974
[Epoch 11, Batch   200] loss: 0.974
[Epoch 11, Batch   300] loss: 0.974
[Epoch 11, Batch   400] loss: 0.974
[Epoch 11, Batch   500] loss: 0.975
Epoch 11/20:
Train Loss: 0.0838, Train Accuracy: 75.46%
Validation Loss: 0.9676, Validation Accuracy: 69.25%
[Epoch 12, Batch   100] loss: 0.974
[Epoch 12, Batch   200] loss: 0.974
[Epoch 12, Batch   300] loss: 0.975
[Epoch 12, Batch   400] loss: 0.975
[Epoch 12, Batch   500] loss: 0.975
Epoch 12/20:
Train Loss: 0.0838, Train Accuracy: 73.65%
Validation Loss: 0.9679, Validation Accuracy: 67.39%
[Epoch 13, Batch   100] loss: 0.974
[Epoch 13, Batch   200] loss: 0.975
[Epoch 13, Batch   300] loss: 0.975
[Epoch 13, Batch   400] loss: 0.975
[Epoch 13, Batch   500] loss: 0.975
Epoch 13/20:
Train Loss: 0.0838, Train Accuracy: 72.38%
Validation Loss: 0.9682, Validation Accuracy: 67.48%
[Epoch 14, Batch   100] loss: 0.974
[Epoch 14, Batch   200] loss: 0.975
[Epoch 14, Batch   300] loss: 0.975
[Epoch 14, Batch   400] loss: 0.975
[Epoch 14, Batch   500] loss: 0.975
Epoch 14/20:
Train Loss: 0.0838, Train Accuracy: 72.05%
Validation Loss: 0.9692, Validation Accuracy: 64.54%
[Epoch 15, Batch   100] loss: 0.975
[Epoch 15, Batch   200] loss: 0.975
[Epoch 15, Batch   300] loss: 0.975
[Epoch 15, Batch   400] loss: 0.975
[Epoch 15, Batch   500] loss: 0.975
Epoch 15/20:
Train Loss: 0.0838, Train Accuracy: 72.14%
Validation Loss: 0.9694, Validation Accuracy: 62.99%
[Epoch 16, Batch   100] loss: 0.974
[Epoch 16, Batch   200] loss: 0.975
[Epoch 16, Batch   300] loss: 0.975
[Epoch 16, Batch   400] loss: 0.975
[Epoch 16, Batch   500] loss: 0.975
Epoch 16/20:
Train Loss: 0.0838, Train Accuracy: 72.37%
Validation Loss: 0.9687, Validation Accuracy: 64.09%
[Epoch 17, Batch   100] loss: 0.974
[Epoch 17, Batch   200] loss: 0.975
[Epoch 17, Batch   300] loss: 0.975
[Epoch 17, Batch   400] loss: 0.975
[Epoch 17, Batch   500] loss: 0.975
Epoch 17/20:
Train Loss: 0.0838, Train Accuracy: 72.94%
Validation Loss: 0.9696, Validation Accuracy: 61.84%
[Epoch 18, Batch   100] loss: 0.974
[Epoch 18, Batch   200] loss: 0.975
[Epoch 18, Batch   300] loss: 0.975
[Epoch 18, Batch   400] loss: 0.975
[Epoch 18, Batch   500] loss: 0.975
Epoch 18/20:
Train Loss: 0.0838, Train Accuracy: 73.59%
Validation Loss: 0.9692, Validation Accuracy: 62.10%
[Epoch 19, Batch   100] loss: 0.974
[Epoch 19, Batch   200] loss: 0.974
[Epoch 19, Batch   300] loss: 0.974
[Epoch 19, Batch   400] loss: 0.975
[Epoch 19, Batch   500] loss: 0.975
Epoch 19/20:
Train Loss: 0.0837, Train Accuracy: 74.12%
Validation Loss: 0.9695, Validation Accuracy: 61.35%
[Epoch 20, Batch   100] loss: 0.974
[Epoch 20, Batch   200] loss: 0.974
[Epoch 20, Batch   300] loss: 0.974
[Epoch 20, Batch   400] loss: 0.974
[Epoch 20, Batch   500] loss: 0.974
Epoch 20/20:
Train Loss: 0.0838, Train Accuracy: 74.93%
Validation Loss: 0.9700, Validation Accuracy: 57.60%
Model saved to models/resnet18-EvidenceLoss-CIFAR10-GRADIENT-balanced_by_score-0.3-2
Modified fc layer: updated out_features to 10.
Initialized untrained model.
[Epoch 1, Batch   100] loss: 0.783
[Epoch 1, Batch   200] loss: 0.712
[Epoch 1, Batch   300] loss: 0.671
Epoch 1/20:
Train Loss: 0.1481, Train Accuracy: 45.48%
Validation Loss: 0.6302, Validation Accuracy: 52.31%
[Epoch 2, Batch   100] loss: 1.000
[Epoch 2, Batch   200] loss: 0.896
[Epoch 2, Batch   300] loss: 0.896
Epoch 2/20:
Train Loss: 0.2079, Train Accuracy: 58.97%
Validation Loss: 0.7805, Validation Accuracy: 59.19%
[Epoch 3, Batch   100] loss: 0.943
[Epoch 3, Batch   200] loss: 0.937
[Epoch 3, Batch   300] loss: 0.935
Epoch 3/20:
Train Loss: 0.2181, Train Accuracy: 67.79%
Validation Loss: 0.8838, Validation Accuracy: 60.93%
[Epoch 4, Batch   100] loss: 0.952
[Epoch 4, Batch   200] loss: 0.952
[Epoch 4, Batch   300] loss: 0.952
Epoch 4/20:
Train Loss: 0.2215, Train Accuracy: 73.10%
Validation Loss: 0.9223, Validation Accuracy: 64.00%
[Epoch 5, Batch   100] loss: 0.959
[Epoch 5, Batch   200] loss: 0.959
[Epoch 5, Batch   300] loss: 0.959
Epoch 5/20:
Train Loss: 0.2235, Train Accuracy: 77.09%
Validation Loss: 0.9421, Validation Accuracy: 63.79%
[Epoch 6, Batch   100] loss: 0.963
[Epoch 6, Batch   200] loss: 0.963
[Epoch 6, Batch   300] loss: 0.964
Epoch 6/20:
Train Loss: 0.2243, Train Accuracy: 79.72%
Validation Loss: 0.9479, Validation Accuracy: 64.75%
[Epoch 7, Batch   100] loss: 0.966
[Epoch 7, Batch   200] loss: 0.966
[Epoch 7, Batch   300] loss: 0.967
Epoch 7/20:
Train Loss: 0.2251, Train Accuracy: 80.82%
Validation Loss: 0.9549, Validation Accuracy: 62.85%
[Epoch 8, Batch   100] loss: 0.968
[Epoch 8, Batch   200] loss: 0.968
[Epoch 8, Batch   300] loss: 0.969
Epoch 8/20:
Train Loss: 0.2256, Train Accuracy: 81.76%
Validation Loss: 0.9610, Validation Accuracy: 61.99%
[Epoch 9, Batch   100] loss: 0.970
[Epoch 9, Batch   200] loss: 0.971
[Epoch 9, Batch   300] loss: 0.971
Epoch 9/20:
Train Loss: 0.2261, Train Accuracy: 81.77%
Validation Loss: 0.9646, Validation Accuracy: 60.61%
[Epoch 10, Batch   100] loss: 0.972
[Epoch 10, Batch   200] loss: 0.972
[Epoch 10, Batch   300] loss: 0.972
Epoch 10/20:
Train Loss: 0.2264, Train Accuracy: 80.92%
Validation Loss: 0.9665, Validation Accuracy: 63.04%
[Epoch 11, Batch   100] loss: 0.973
[Epoch 11, Batch   200] loss: 0.973
[Epoch 11, Batch   300] loss: 0.974
Epoch 11/20:
Train Loss: 0.2267, Train Accuracy: 80.24%
Validation Loss: 0.9689, Validation Accuracy: 59.64%
[Epoch 12, Batch   100] loss: 0.973
[Epoch 12, Batch   200] loss: 0.974
[Epoch 12, Batch   300] loss: 0.974
Epoch 12/20:
Train Loss: 0.2268, Train Accuracy: 78.05%
Validation Loss: 0.9698, Validation Accuracy: 60.06%
[Epoch 13, Batch   100] loss: 0.974
[Epoch 13, Batch   200] loss: 0.974
[Epoch 13, Batch   300] loss: 0.974
Epoch 13/20:
Train Loss: 0.2268, Train Accuracy: 76.70%
Validation Loss: 0.9699, Validation Accuracy: 60.52%
[Epoch 14, Batch   100] loss: 0.974
[Epoch 14, Batch   200] loss: 0.974
[Epoch 14, Batch   300] loss: 0.975
Epoch 14/20:
Train Loss: 0.2269, Train Accuracy: 75.15%
Validation Loss: 0.9713, Validation Accuracy: 55.76%
[Epoch 15, Batch   100] loss: 0.974
[Epoch 15, Batch   200] loss: 0.974
[Epoch 15, Batch   300] loss: 0.975
Epoch 15/20:
Train Loss: 0.2269, Train Accuracy: 74.15%
Validation Loss: 0.9696, Validation Accuracy: 61.72%
[Epoch 16, Batch   100] loss: 0.974
[Epoch 16, Batch   200] loss: 0.975
[Epoch 16, Batch   300] loss: 0.975
Epoch 16/20:
Train Loss: 0.2269, Train Accuracy: 73.02%
Validation Loss: 0.9692, Validation Accuracy: 62.02%
[Epoch 17, Batch   100] loss: 0.974
[Epoch 17, Batch   200] loss: 0.975
[Epoch 17, Batch   300] loss: 0.975
Epoch 17/20:
Train Loss: 0.2269, Train Accuracy: 73.13%
Validation Loss: 0.9695, Validation Accuracy: 59.19%
[Epoch 18, Batch   100] loss: 0.975
[Epoch 18, Batch   200] loss: 0.975
[Epoch 18, Batch   300] loss: 0.975
Epoch 18/20:
Train Loss: 0.2270, Train Accuracy: 72.42%
Validation Loss: 0.9689, Validation Accuracy: 63.52%
[Epoch 19, Batch   100] loss: 0.974
[Epoch 19, Batch   200] loss: 0.975
[Epoch 19, Batch   300] loss: 0.975
Epoch 19/20:
Train Loss: 0.2269, Train Accuracy: 72.94%
Validation Loss: 0.9699, Validation Accuracy: 59.00%
[Epoch 20, Batch   100] loss: 0.975
[Epoch 20, Batch   200] loss: 0.975
[Epoch 20, Batch   300] loss: 0.975
Epoch 20/20:
Train Loss: 0.2269, Train Accuracy: 73.02%
Validation Loss: 0.9693, Validation Accuracy: 63.24%
Model saved to models/resnet18-EvidenceLoss-CIFAR10-GRADIENT-balanced_by_score-0.5-2
Modified fc layer: updated out_features to 10.
Initialized untrained model.
[Epoch 1, Batch   100] loss: 0.797
[Epoch 1, Batch   200] loss: 0.711
Epoch 1/20:
Train Loss: 0.0986, Train Accuracy: 41.29%
Validation Loss: 0.6932, Validation Accuracy: 46.51%
[Epoch 2, Batch   100] loss: 0.993
[Epoch 2, Batch   200] loss: 0.911
Epoch 2/20:
Train Loss: 0.1364, Train Accuracy: 54.21%
Validation Loss: 0.8267, Validation Accuracy: 52.12%
[Epoch 3, Batch   100] loss: 0.950
[Epoch 3, Batch   200] loss: 0.943
Epoch 3/20:
Train Loss: 0.1406, Train Accuracy: 61.79%
Validation Loss: 0.9133, Validation Accuracy: 55.33%
[Epoch 4, Batch   100] loss: 0.955
[Epoch 4, Batch   200] loss: 0.955
Epoch 4/20:
Train Loss: 0.1422, Train Accuracy: 69.19%
Validation Loss: 0.9298, Validation Accuracy: 57.47%
[Epoch 5, Batch   100] loss: 0.960
[Epoch 5, Batch   200] loss: 0.960
Epoch 5/20:
Train Loss: 0.1433, Train Accuracy: 74.17%
Validation Loss: 0.9451, Validation Accuracy: 59.88%
[Epoch 6, Batch   100] loss: 0.963
[Epoch 6, Batch   200] loss: 0.964
Epoch 6/20:
Train Loss: 0.1437, Train Accuracy: 78.21%
Validation Loss: 0.9548, Validation Accuracy: 58.70%
[Epoch 7, Batch   100] loss: 0.966
[Epoch 7, Batch   200] loss: 0.966
Epoch 7/20:
Train Loss: 0.1440, Train Accuracy: 81.65%
Validation Loss: 0.9583, Validation Accuracy: 58.81%
[Epoch 8, Batch   100] loss: 0.968
[Epoch 8, Batch   200] loss: 0.969
Epoch 8/20:
Train Loss: 0.1443, Train Accuracy: 83.73%
Validation Loss: 0.9634, Validation Accuracy: 54.95%
[Epoch 9, Batch   100] loss: 0.970
[Epoch 9, Batch   200] loss: 0.970
Epoch 9/20:
Train Loss: 0.1445, Train Accuracy: 85.31%
Validation Loss: 0.9655, Validation Accuracy: 57.21%
[Epoch 10, Batch   100] loss: 0.971
[Epoch 10, Batch   200] loss: 0.971
Epoch 10/20:
Train Loss: 0.1447, Train Accuracy: 85.93%
Validation Loss: 0.9658, Validation Accuracy: 58.98%
[Epoch 11, Batch   100] loss: 0.972
[Epoch 11, Batch   200] loss: 0.973
Epoch 11/20:
Train Loss: 0.1448, Train Accuracy: 86.38%
Validation Loss: 0.9679, Validation Accuracy: 57.25%
[Epoch 12, Batch   100] loss: 0.972
[Epoch 12, Batch   200] loss: 0.973
Epoch 12/20:
Train Loss: 0.1450, Train Accuracy: 84.43%
Validation Loss: 0.9688, Validation Accuracy: 57.20%
[Epoch 13, Batch   100] loss: 0.973
[Epoch 13, Batch   200] loss: 0.973
Epoch 13/20:
Train Loss: 0.1450, Train Accuracy: 83.57%
Validation Loss: 0.9680, Validation Accuracy: 58.29%
[Epoch 14, Batch   100] loss: 0.973
[Epoch 14, Batch   200] loss: 0.973
Epoch 14/20:
Train Loss: 0.1450, Train Accuracy: 81.79%
Validation Loss: 0.9701, Validation Accuracy: 54.27%
[Epoch 15, Batch   100] loss: 0.973
[Epoch 15, Batch   200] loss: 0.973
Epoch 15/20:
Train Loss: 0.1451, Train Accuracy: 81.41%
Validation Loss: 0.9707, Validation Accuracy: 56.46%
[Epoch 16, Batch   100] loss: 0.973
[Epoch 16, Batch   200] loss: 0.974
Epoch 16/20:
Train Loss: 0.1451, Train Accuracy: 79.89%
Validation Loss: 0.9692, Validation Accuracy: 57.81%
[Epoch 17, Batch   100] loss: 0.973
[Epoch 17, Batch   200] loss: 0.974
Epoch 17/20:
Train Loss: 0.1451, Train Accuracy: 80.07%
Validation Loss: 0.9691, Validation Accuracy: 59.50%
[Epoch 18, Batch   100] loss: 0.973
[Epoch 18, Batch   200] loss: 0.974
Epoch 18/20:
Train Loss: 0.1451, Train Accuracy: 79.11%
Validation Loss: 0.9701, Validation Accuracy: 56.22%
[Epoch 19, Batch   100] loss: 0.973
[Epoch 19, Batch   200] loss: 0.974
Epoch 19/20:
Train Loss: 0.1451, Train Accuracy: 78.58%
Validation Loss: 0.9703, Validation Accuracy: 51.40%
[Epoch 20, Batch   100] loss: 0.973
[Epoch 20, Batch   200] loss: 0.974
Epoch 20/20:
Train Loss: 0.1452, Train Accuracy: 78.59%
Validation Loss: 0.9705, Validation Accuracy: 56.28%
Model saved to models/resnet18-EvidenceLoss-CIFAR10-GRADIENT-balanced_by_score-0.7-2
Modified fc layer: updated out_features to 10.
Initialized untrained model.
[Epoch 1, Batch   100] loss: 0.790
Epoch 1/20:
Train Loss: 0.2545, Train Accuracy: 39.38%
Validation Loss: 0.7622, Validation Accuracy: 39.90%
[Epoch 2, Batch   100] loss: 0.992
Epoch 2/20:
Train Loss: 0.3253, Train Accuracy: 49.07%
Validation Loss: 0.8606, Validation Accuracy: 46.46%
[Epoch 3, Batch   100] loss: 0.951
Epoch 3/20:
Train Loss: 0.3355, Train Accuracy: 59.69%
Validation Loss: 0.9065, Validation Accuracy: 50.23%
[Epoch 4, Batch   100] loss: 0.957
Epoch 4/20:
Train Loss: 0.3394, Train Accuracy: 67.42%
Validation Loss: 0.9356, Validation Accuracy: 54.81%
[Epoch 5, Batch   100] loss: 0.960
Epoch 5/20:
Train Loss: 0.3413, Train Accuracy: 73.73%
Validation Loss: 0.9465, Validation Accuracy: 55.54%
[Epoch 6, Batch   100] loss: 0.964
Epoch 6/20:
Train Loss: 0.3419, Train Accuracy: 79.38%
Validation Loss: 0.9526, Validation Accuracy: 56.88%
[Epoch 7, Batch   100] loss: 0.966
Epoch 7/20:
Train Loss: 0.3427, Train Accuracy: 83.87%
Validation Loss: 0.9586, Validation Accuracy: 57.32%
[Epoch 8, Batch   100] loss: 0.967
Epoch 8/20:
Train Loss: 0.3433, Train Accuracy: 87.35%
Validation Loss: 0.9630, Validation Accuracy: 55.94%
[Epoch 9, Batch   100] loss: 0.969
Epoch 9/20:
Train Loss: 0.3439, Train Accuracy: 89.13%
Validation Loss: 0.9652, Validation Accuracy: 55.78%
[Epoch 10, Batch   100] loss: 0.970
Epoch 10/20:
Train Loss: 0.3443, Train Accuracy: 90.52%
Validation Loss: 0.9680, Validation Accuracy: 54.05%
[Epoch 11, Batch   100] loss: 0.971
Epoch 11/20:
Train Loss: 0.3447, Train Accuracy: 91.01%
Validation Loss: 0.9690, Validation Accuracy: 54.13%
[Epoch 12, Batch   100] loss: 0.971
Epoch 12/20:
Train Loss: 0.3449, Train Accuracy: 90.84%
Validation Loss: 0.9699, Validation Accuracy: 53.20%
[Epoch 13, Batch   100] loss: 0.971
Epoch 13/20:
Train Loss: 0.3450, Train Accuracy: 89.47%
Validation Loss: 0.9695, Validation Accuracy: 53.52%
[Epoch 14, Batch   100] loss: 0.972
Epoch 14/20:
Train Loss: 0.3451, Train Accuracy: 88.31%
Validation Loss: 0.9703, Validation Accuracy: 54.31%
[Epoch 15, Batch   100] loss: 0.972
Epoch 15/20:
Train Loss: 0.3452, Train Accuracy: 86.78%
Validation Loss: 0.9697, Validation Accuracy: 51.66%
[Epoch 16, Batch   100] loss: 0.972
Epoch 16/20:
Train Loss: 0.3452, Train Accuracy: 86.75%
Validation Loss: 0.9702, Validation Accuracy: 52.75%
[Epoch 17, Batch   100] loss: 0.972
Epoch 17/20:
Train Loss: 0.3452, Train Accuracy: 86.28%
Validation Loss: 0.9702, Validation Accuracy: 51.90%
[Epoch 18, Batch   100] loss: 0.972
Epoch 18/20:
Train Loss: 0.3453, Train Accuracy: 85.33%
Validation Loss: 0.9705, Validation Accuracy: 49.49%
[Epoch 19, Batch   100] loss: 0.973
Epoch 19/20:
Train Loss: 0.3453, Train Accuracy: 84.53%
Validation Loss: 0.9701, Validation Accuracy: 53.80%
[Epoch 20, Batch   100] loss: 0.973
Epoch 20/20:
Train Loss: 0.3452, Train Accuracy: 84.86%
Validation Loss: 0.9708, Validation Accuracy: 48.91%
Model saved to models/resnet18-EvidenceLoss-CIFAR10-GRADIENT-balanced_by_score-0.8-2
Modified fc layer: updated out_features to 10.
Initialized untrained model.
Epoch 1/20:
Train Loss: 0.8040, Train Accuracy: 34.96%
Validation Loss: 0.8286, Validation Accuracy: 33.31%
Epoch 2/20:
Train Loss: 0.9849, Train Accuracy: 46.02%
Validation Loss: 0.8965, Validation Accuracy: 35.56%
Epoch 3/20:
Train Loss: 0.9551, Train Accuracy: 56.55%
Validation Loss: 0.9217, Validation Accuracy: 47.26%
Epoch 4/20:
Train Loss: 0.9585, Train Accuracy: 65.57%
Validation Loss: 0.9437, Validation Accuracy: 50.32%
Epoch 5/20:
Train Loss: 0.9613, Train Accuracy: 73.16%
Validation Loss: 0.9529, Validation Accuracy: 50.67%
Epoch 6/20:
Train Loss: 0.9637, Train Accuracy: 80.08%
Validation Loss: 0.9588, Validation Accuracy: 51.29%
Epoch 7/20:
Train Loss: 0.9656, Train Accuracy: 85.04%
Validation Loss: 0.9630, Validation Accuracy: 51.51%
Epoch 8/20:
Train Loss: 0.9672, Train Accuracy: 88.92%
Validation Loss: 0.9662, Validation Accuracy: 50.05%
Epoch 9/20:
Train Loss: 0.9685, Train Accuracy: 92.04%
Validation Loss: 0.9680, Validation Accuracy: 50.78%
Epoch 10/20:
Train Loss: 0.9696, Train Accuracy: 93.90%
Validation Loss: 0.9694, Validation Accuracy: 50.51%
Epoch 11/20:
Train Loss: 0.9707, Train Accuracy: 95.47%
Validation Loss: 0.9709, Validation Accuracy: 49.87%
Epoch 12/20:
Train Loss: 0.9704, Train Accuracy: 96.47%
Validation Loss: 0.9707, Validation Accuracy: 50.90%
Epoch 13/20:
Train Loss: 0.9703, Train Accuracy: 97.02%
Validation Loss: 0.9705, Validation Accuracy: 50.88%
Epoch 14/20:
Train Loss: 0.9701, Train Accuracy: 97.35%
Validation Loss: 0.9712, Validation Accuracy: 49.68%
Epoch 15/20:
Train Loss: 0.9702, Train Accuracy: 97.71%
Validation Loss: 0.9706, Validation Accuracy: 49.44%
Epoch 16/20:
Train Loss: 0.9704, Train Accuracy: 96.47%
Validation Loss: 0.9708, Validation Accuracy: 50.28%
Epoch 17/20:
Train Loss: 0.9708, Train Accuracy: 94.71%
Validation Loss: 0.9708, Validation Accuracy: 47.30%
Epoch 18/20:
Train Loss: 0.9715, Train Accuracy: 91.08%
Validation Loss: 0.9711, Validation Accuracy: 47.74%
Epoch 19/20:
Train Loss: 0.9713, Train Accuracy: 91.88%
Validation Loss: 0.9707, Validation Accuracy: 47.39%
Epoch 20/20:
Train Loss: 0.9712, Train Accuracy: 92.22%
Validation Loss: 0.9704, Validation Accuracy: 46.40%
Model saved to models/resnet18-EvidenceLoss-CIFAR10-GRADIENT-balanced_by_score-0.9-2
Modified fc layer: updated out_features to 10.
Initialized untrained model.
Epoch 1/20:
Train Loss: 0.8525, Train Accuracy: 28.52%
Validation Loss: 0.9274, Validation Accuracy: 19.11%
Epoch 2/20:
Train Loss: 1.0268, Train Accuracy: 40.56%
Validation Loss: 0.9017, Validation Accuracy: 38.92%
Epoch 3/20:
Train Loss: 0.9583, Train Accuracy: 52.96%
Validation Loss: 0.9382, Validation Accuracy: 41.68%
Epoch 4/20:
Train Loss: 0.9634, Train Accuracy: 61.12%
Validation Loss: 0.9517, Validation Accuracy: 42.78%
Epoch 5/20:
Train Loss: 0.9648, Train Accuracy: 70.56%
Validation Loss: 0.9608, Validation Accuracy: 44.03%
Epoch 6/20:
Train Loss: 0.9663, Train Accuracy: 77.44%
Validation Loss: 0.9645, Validation Accuracy: 43.91%
Epoch 7/20:
Train Loss: 0.9696, Train Accuracy: 75.92%
Validation Loss: 0.9685, Validation Accuracy: 43.33%
Epoch 8/20:
Train Loss: 0.9703, Train Accuracy: 82.56%
Validation Loss: 0.9698, Validation Accuracy: 44.06%
Epoch 9/20:
Train Loss: 0.9705, Train Accuracy: 88.08%
Validation Loss: 0.9717, Validation Accuracy: 43.86%
Epoch 10/20:
Train Loss: 0.9712, Train Accuracy: 91.24%
Validation Loss: 0.9731, Validation Accuracy: 43.32%
Epoch 11/20:
Train Loss: 0.9721, Train Accuracy: 92.80%
Validation Loss: 0.9734, Validation Accuracy: 43.74%
Epoch 12/20:
Train Loss: 0.9718, Train Accuracy: 94.08%
Validation Loss: 0.9736, Validation Accuracy: 43.10%
Epoch 13/20:
Train Loss: 0.9713, Train Accuracy: 95.72%
Validation Loss: 0.9736, Validation Accuracy: 43.19%
Epoch 14/20:
Train Loss: 0.9720, Train Accuracy: 93.24%
Validation Loss: 0.9737, Validation Accuracy: 42.49%
Epoch 15/20:
Train Loss: 0.9715, Train Accuracy: 95.40%
Validation Loss: 0.9741, Validation Accuracy: 42.60%
Epoch 16/20:
Train Loss: 0.9715, Train Accuracy: 95.60%
Validation Loss: 0.9734, Validation Accuracy: 43.76%
Epoch 17/20:
Train Loss: 0.9712, Train Accuracy: 96.12%
Validation Loss: 0.9733, Validation Accuracy: 43.67%
Epoch 18/20:
Train Loss: 0.9712, Train Accuracy: 96.16%
Validation Loss: 0.9739, Validation Accuracy: 42.23%
Epoch 19/20:
Train Loss: 0.9707, Train Accuracy: 97.56%
Validation Loss: 0.9729, Validation Accuracy: 44.14%
Epoch 20/20:
Train Loss: 0.9705, Train Accuracy: 98.20%
Validation Loss: 0.9733, Validation Accuracy: 42.94%
Model saved to models/resnet18-EvidenceLoss-CIFAR10-GRADIENT-balanced_by_score-0.95-2
Modified fc layer: updated out_features to 10.
Initialized untrained model.
Files already downloaded and verified
Files already downloaded and verified
[Epoch 1, Batch     2] loss: 0.049
[Epoch 1, Batch   102] loss: 1.825
[Epoch 1, Batch   202] loss: 1.568
[Epoch 1, Batch   302] loss: 1.437
[Epoch 1, Batch   402] loss: 1.364
[Epoch 1, Batch   502] loss: 1.295
[Epoch 1, Batch   602] loss: 1.240
[Epoch 1, Batch   702] loss: 1.186
Epoch 1/5:
Train Loss: 0.1176, Train Accuracy: 50.13%
Validation Loss: 1.4614, Validation Accuracy: 50.19%
[Epoch 2, Batch     2] loss: 0.019
[Epoch 2, Batch   102] loss: 1.063
[Epoch 2, Batch   202] loss: 1.062
[Epoch 2, Batch   302] loss: 1.027
[Epoch 2, Batch   402] loss: 1.024
[Epoch 2, Batch   502] loss: 0.986
[Epoch 2, Batch   602] loss: 0.973
[Epoch 2, Batch   702] loss: 0.974
Epoch 2/5:
Train Loss: 0.0966, Train Accuracy: 64.33%
Validation Loss: 1.0412, Validation Accuracy: 63.52%
[Epoch 3, Batch     2] loss: 0.016
[Epoch 3, Batch   102] loss: 0.868
[Epoch 3, Batch   202] loss: 0.844
[Epoch 3, Batch   302] loss: 0.858
[Epoch 3, Batch   402] loss: 0.825
[Epoch 3, Batch   502] loss: 0.828
[Epoch 3, Batch   602] loss: 0.837
[Epoch 3, Batch   702] loss: 0.822
Epoch 3/5:
Train Loss: 0.0804, Train Accuracy: 70.61%
Validation Loss: 1.3677, Validation Accuracy: 56.65%
[Epoch 4, Batch     2] loss: 0.015
[Epoch 4, Batch   102] loss: 0.722
[Epoch 4, Batch   202] loss: 0.715
[Epoch 4, Batch   302] loss: 0.735
[Epoch 4, Batch   402] loss: 0.697
[Epoch 4, Batch   502] loss: 0.747
[Epoch 4, Batch   602] loss: 0.726
[Epoch 4, Batch   702] loss: 0.720
Epoch 4/5:
Train Loss: 0.0707, Train Accuracy: 74.84%
Validation Loss: 0.9790, Validation Accuracy: 67.05%
[Epoch 5, Batch     2] loss: 0.016
[Epoch 5, Batch   102] loss: 0.634
[Epoch 5, Batch   202] loss: 0.623
[Epoch 5, Batch   302] loss: 0.639
[Epoch 5, Batch   402] loss: 0.626
[Epoch 5, Batch   502] loss: 0.634
[Epoch 5, Batch   602] loss: 0.620
[Epoch 5, Batch   702] loss: 0.640
Epoch 5/5:
Train Loss: 0.0631, Train Accuracy: 78.19%
Validation Loss: 1.0374, Validation Accuracy: 66.33%
Model saved to models/resnet18_CIFAR10_E1_3
Modified fc layer: updated out_features to 10.
Loaded weights from file: models/resnet18_CIFAR10_E1_3
Files already downloaded and verified
Files already downloaded and verified
Modified fc layer: updated out_features to 10.
Initialized untrained model.
[Epoch 1, Batch   100] loss: 0.791
[Epoch 1, Batch   200] loss: 0.697
[Epoch 1, Batch   300] loss: 0.671
[Epoch 1, Batch   400] loss: 0.630
[Epoch 1, Batch   500] loss: 0.606
Epoch 1/20:
Train Loss: 0.0521, Train Accuracy: 48.33%
Validation Loss: 0.9348, Validation Accuracy: 30.79%
[Epoch 2, Batch   100] loss: 1.010
[Epoch 2, Batch   200] loss: 0.889
[Epoch 2, Batch   300] loss: 0.885
[Epoch 2, Batch   400] loss: 0.881
[Epoch 2, Batch   500] loss: 0.887
Epoch 2/20:
Train Loss: 0.0758, Train Accuracy: 62.46%
Validation Loss: 0.7839, Validation Accuracy: 58.17%
[Epoch 3, Batch   100] loss: 0.940
[Epoch 3, Batch   200] loss: 0.934
[Epoch 3, Batch   300] loss: 0.934
[Epoch 3, Batch   400] loss: 0.933
[Epoch 3, Batch   500] loss: 0.933
Epoch 3/20:
Train Loss: 0.0800, Train Accuracy: 70.21%
Validation Loss: 0.8681, Validation Accuracy: 65.96%
[Epoch 4, Batch   100] loss: 0.952
[Epoch 4, Batch   200] loss: 0.950
[Epoch 4, Batch   300] loss: 0.950
[Epoch 4, Batch   400] loss: 0.950
[Epoch 4, Batch   500] loss: 0.951
Epoch 4/20:
Train Loss: 0.0818, Train Accuracy: 74.54%
Validation Loss: 0.9188, Validation Accuracy: 64.34%
[Epoch 5, Batch   100] loss: 0.958
[Epoch 5, Batch   200] loss: 0.958
[Epoch 5, Batch   300] loss: 0.959
[Epoch 5, Batch   400] loss: 0.959
[Epoch 5, Batch   500] loss: 0.960
Epoch 5/20:
Train Loss: 0.0825, Train Accuracy: 77.34%
Validation Loss: 0.9440, Validation Accuracy: 61.95%
[Epoch 6, Batch   100] loss: 0.963
[Epoch 6, Batch   200] loss: 0.963
[Epoch 6, Batch   300] loss: 0.964
[Epoch 6, Batch   400] loss: 0.964
[Epoch 6, Batch   500] loss: 0.965
Epoch 6/20:
Train Loss: 0.0829, Train Accuracy: 78.81%
Validation Loss: 0.9507, Validation Accuracy: 65.56%
[Epoch 7, Batch   100] loss: 0.966
[Epoch 7, Batch   200] loss: 0.966
[Epoch 7, Batch   300] loss: 0.967
[Epoch 7, Batch   400] loss: 0.967
[Epoch 7, Batch   500] loss: 0.968
Epoch 7/20:
Train Loss: 0.0831, Train Accuracy: 79.29%
Validation Loss: 0.9563, Validation Accuracy: 66.91%
[Epoch 8, Batch   100] loss: 0.969
[Epoch 8, Batch   200] loss: 0.969
[Epoch 8, Batch   300] loss: 0.970
[Epoch 8, Batch   400] loss: 0.970
[Epoch 8, Batch   500] loss: 0.971
Epoch 8/20:
Train Loss: 0.0834, Train Accuracy: 78.55%
Validation Loss: 0.9587, Validation Accuracy: 65.69%
[Epoch 9, Batch   100] loss: 0.971
[Epoch 9, Batch   200] loss: 0.971
[Epoch 9, Batch   300] loss: 0.972
[Epoch 9, Batch   400] loss: 0.972
[Epoch 9, Batch   500] loss: 0.972
Epoch 9/20:
Train Loss: 0.0835, Train Accuracy: 78.21%
Validation Loss: 0.9637, Validation Accuracy: 64.93%
[Epoch 10, Batch   100] loss: 0.973
[Epoch 10, Batch   200] loss: 0.973
[Epoch 10, Batch   300] loss: 0.973
[Epoch 10, Batch   400] loss: 0.973
[Epoch 10, Batch   500] loss: 0.974
Epoch 10/20:
Train Loss: 0.0837, Train Accuracy: 76.97%
Validation Loss: 0.9660, Validation Accuracy: 66.02%
[Epoch 11, Batch   100] loss: 0.974
[Epoch 11, Batch   200] loss: 0.974
[Epoch 11, Batch   300] loss: 0.974
[Epoch 11, Batch   400] loss: 0.974
[Epoch 11, Batch   500] loss: 0.975
Epoch 11/20:
Train Loss: 0.0837, Train Accuracy: 75.82%
Validation Loss: 0.9688, Validation Accuracy: 63.37%
[Epoch 12, Batch   100] loss: 0.974
[Epoch 12, Batch   200] loss: 0.975
[Epoch 12, Batch   300] loss: 0.975
[Epoch 12, Batch   400] loss: 0.975
[Epoch 12, Batch   500] loss: 0.975
Epoch 12/20:
Train Loss: 0.0838, Train Accuracy: 73.28%
Validation Loss: 0.9682, Validation Accuracy: 64.93%
[Epoch 13, Batch   100] loss: 0.974
[Epoch 13, Batch   200] loss: 0.975
[Epoch 13, Batch   300] loss: 0.975
[Epoch 13, Batch   400] loss: 0.975
[Epoch 13, Batch   500] loss: 0.975
Epoch 13/20:
Train Loss: 0.0838, Train Accuracy: 72.55%
Validation Loss: 0.9685, Validation Accuracy: 63.89%
[Epoch 14, Batch   100] loss: 0.975
[Epoch 14, Batch   200] loss: 0.975
[Epoch 14, Batch   300] loss: 0.975
[Epoch 14, Batch   400] loss: 0.975
[Epoch 14, Batch   500] loss: 0.975
Epoch 14/20:
Train Loss: 0.0838, Train Accuracy: 72.07%
Validation Loss: 0.9691, Validation Accuracy: 67.49%
[Epoch 15, Batch   100] loss: 0.975
[Epoch 15, Batch   200] loss: 0.975
[Epoch 15, Batch   300] loss: 0.975
[Epoch 15, Batch   400] loss: 0.975
[Epoch 15, Batch   500] loss: 0.975
Epoch 15/20:
Train Loss: 0.0838, Train Accuracy: 72.37%
Validation Loss: 0.9699, Validation Accuracy: 58.71%
[Epoch 16, Batch   100] loss: 0.975
[Epoch 16, Batch   200] loss: 0.975
[Epoch 16, Batch   300] loss: 0.975
[Epoch 16, Batch   400] loss: 0.975
[Epoch 16, Batch   500] loss: 0.975
Epoch 16/20:
Train Loss: 0.0838, Train Accuracy: 72.39%
Validation Loss: 0.9701, Validation Accuracy: 58.64%
[Epoch 17, Batch   100] loss: 0.974
[Epoch 17, Batch   200] loss: 0.974
[Epoch 17, Batch   300] loss: 0.975
[Epoch 17, Batch   400] loss: 0.975
[Epoch 17, Batch   500] loss: 0.975
Epoch 17/20:
Train Loss: 0.0838, Train Accuracy: 72.84%
Validation Loss: 0.9680, Validation Accuracy: 64.56%
[Epoch 18, Batch   100] loss: 0.974
[Epoch 18, Batch   200] loss: 0.975
[Epoch 18, Batch   300] loss: 0.975
[Epoch 18, Batch   400] loss: 0.975
[Epoch 18, Batch   500] loss: 0.975
Epoch 18/20:
Train Loss: 0.0837, Train Accuracy: 73.17%
Validation Loss: 0.9689, Validation Accuracy: 63.46%
[Epoch 19, Batch   100] loss: 0.974
[Epoch 19, Batch   200] loss: 0.975
[Epoch 19, Batch   300] loss: 0.975
[Epoch 19, Batch   400] loss: 0.975
[Epoch 19, Batch   500] loss: 0.975
Epoch 19/20:
Train Loss: 0.0838, Train Accuracy: 73.79%
Validation Loss: 0.9692, Validation Accuracy: 65.34%
[Epoch 20, Batch   100] loss: 0.974
[Epoch 20, Batch   200] loss: 0.974
[Epoch 20, Batch   300] loss: 0.975
[Epoch 20, Batch   400] loss: 0.974
[Epoch 20, Batch   500] loss: 0.975
Epoch 20/20:
Train Loss: 0.0837, Train Accuracy: 74.42%
Validation Loss: 0.9675, Validation Accuracy: 68.64%
Model saved to models/resnet18-EvidenceLoss-CIFAR10-random-0.3-3
Modified fc layer: updated out_features to 10.
Initialized untrained model.
[Epoch 1, Batch   100] loss: 0.794
[Epoch 1, Batch   200] loss: 0.707
[Epoch 1, Batch   300] loss: 0.675
Epoch 1/20:
Train Loss: 0.1469, Train Accuracy: 45.13%
Validation Loss: 0.7992, Validation Accuracy: 39.26%
[Epoch 2, Batch   100] loss: 1.007
[Epoch 2, Batch   200] loss: 0.897
[Epoch 2, Batch   300] loss: 0.892
Epoch 2/20:
Train Loss: 0.2075, Train Accuracy: 59.01%
Validation Loss: 0.7959, Validation Accuracy: 57.12%
[Epoch 3, Batch   100] loss: 0.946
[Epoch 3, Batch   200] loss: 0.936
[Epoch 3, Batch   300] loss: 0.935
Epoch 3/20:
Train Loss: 0.2182, Train Accuracy: 67.44%
Validation Loss: 0.8822, Validation Accuracy: 63.11%
[Epoch 4, Batch   100] loss: 0.952
[Epoch 4, Batch   200] loss: 0.951
[Epoch 4, Batch   300] loss: 0.952
Epoch 4/20:
Train Loss: 0.2215, Train Accuracy: 73.28%
Validation Loss: 0.9213, Validation Accuracy: 63.91%
[Epoch 5, Batch   100] loss: 0.959
[Epoch 5, Batch   200] loss: 0.959
[Epoch 5, Batch   300] loss: 0.959
Epoch 5/20:
Train Loss: 0.2233, Train Accuracy: 76.99%
Validation Loss: 0.9345, Validation Accuracy: 65.54%
[Epoch 6, Batch   100] loss: 0.963
[Epoch 6, Batch   200] loss: 0.963
[Epoch 6, Batch   300] loss: 0.963
Epoch 6/20:
Train Loss: 0.2244, Train Accuracy: 79.52%
Validation Loss: 0.9499, Validation Accuracy: 64.69%
[Epoch 7, Batch   100] loss: 0.966
[Epoch 7, Batch   200] loss: 0.966
[Epoch 7, Batch   300] loss: 0.967
Epoch 7/20:
Train Loss: 0.2251, Train Accuracy: 81.32%
Validation Loss: 0.9560, Validation Accuracy: 64.24%
[Epoch 8, Batch   100] loss: 0.968
[Epoch 8, Batch   200] loss: 0.969
[Epoch 8, Batch   300] loss: 0.969
Epoch 8/20:
Train Loss: 0.2256, Train Accuracy: 81.65%
Validation Loss: 0.9614, Validation Accuracy: 61.72%
[Epoch 9, Batch   100] loss: 0.970
[Epoch 9, Batch   200] loss: 0.971
[Epoch 9, Batch   300] loss: 0.971
Epoch 9/20:
Train Loss: 0.2261, Train Accuracy: 81.62%
Validation Loss: 0.9644, Validation Accuracy: 61.60%
[Epoch 10, Batch   100] loss: 0.972
[Epoch 10, Batch   200] loss: 0.972
[Epoch 10, Batch   300] loss: 0.972
Epoch 10/20:
Train Loss: 0.2264, Train Accuracy: 81.32%
Validation Loss: 0.9660, Validation Accuracy: 63.58%
[Epoch 11, Batch   100] loss: 0.973
[Epoch 11, Batch   200] loss: 0.973
[Epoch 11, Batch   300] loss: 0.974
Epoch 11/20:
Train Loss: 0.2266, Train Accuracy: 80.93%
Validation Loss: 0.9693, Validation Accuracy: 60.86%
[Epoch 12, Batch   100] loss: 0.973
[Epoch 12, Batch   200] loss: 0.974
[Epoch 12, Batch   300] loss: 0.974
Epoch 12/20:
Train Loss: 0.2267, Train Accuracy: 78.79%
Validation Loss: 0.9680, Validation Accuracy: 61.52%
[Epoch 13, Batch   100] loss: 0.973
[Epoch 13, Batch   200] loss: 0.974
[Epoch 13, Batch   300] loss: 0.974
Epoch 13/20:
Train Loss: 0.2268, Train Accuracy: 77.02%
Validation Loss: 0.9687, Validation Accuracy: 61.35%
[Epoch 14, Batch   100] loss: 0.974
[Epoch 14, Batch   200] loss: 0.974
[Epoch 14, Batch   300] loss: 0.975
Epoch 14/20:
Train Loss: 0.2269, Train Accuracy: 75.36%
Validation Loss: 0.9695, Validation Accuracy: 60.80%
[Epoch 15, Batch   100] loss: 0.974
[Epoch 15, Batch   200] loss: 0.975
[Epoch 15, Batch   300] loss: 0.975
Epoch 15/20:
Train Loss: 0.2269, Train Accuracy: 74.36%
Validation Loss: 0.9699, Validation Accuracy: 60.50%
[Epoch 16, Batch   100] loss: 0.974
[Epoch 16, Batch   200] loss: 0.975
[Epoch 16, Batch   300] loss: 0.975
Epoch 16/20:
Train Loss: 0.2269, Train Accuracy: 73.31%
Validation Loss: 0.9704, Validation Accuracy: 58.97%
[Epoch 17, Batch   100] loss: 0.974
[Epoch 17, Batch   200] loss: 0.975
[Epoch 17, Batch   300] loss: 0.975
Epoch 17/20:
Train Loss: 0.2269, Train Accuracy: 73.07%
Validation Loss: 0.9699, Validation Accuracy: 61.45%
[Epoch 18, Batch   100] loss: 0.974
[Epoch 18, Batch   200] loss: 0.975
[Epoch 18, Batch   300] loss: 0.975
Epoch 18/20:
Train Loss: 0.2269, Train Accuracy: 73.13%
Validation Loss: 0.9678, Validation Accuracy: 65.28%
[Epoch 19, Batch   100] loss: 0.974
[Epoch 19, Batch   200] loss: 0.975
[Epoch 19, Batch   300] loss: 0.975
Epoch 19/20:
Train Loss: 0.2269, Train Accuracy: 73.56%
Validation Loss: 0.9687, Validation Accuracy: 61.06%
[Epoch 20, Batch   100] loss: 0.974
[Epoch 20, Batch   200] loss: 0.975
[Epoch 20, Batch   300] loss: 0.975
Epoch 20/20:
Train Loss: 0.2269, Train Accuracy: 73.64%
Validation Loss: 0.9703, Validation Accuracy: 52.47%
Model saved to models/resnet18-EvidenceLoss-CIFAR10-random-0.5-3
Modified fc layer: updated out_features to 10.
Initialized untrained model.
[Epoch 1, Batch   100] loss: 0.783
[Epoch 1, Batch   200] loss: 0.706
Epoch 1/20:
Train Loss: 0.1015, Train Accuracy: 41.69%
Validation Loss: 0.7178, Validation Accuracy: 43.25%
[Epoch 2, Batch   100] loss: 0.989
[Epoch 2, Batch   200] loss: 0.905
Epoch 2/20:
Train Loss: 0.1344, Train Accuracy: 54.63%
Validation Loss: 0.8430, Validation Accuracy: 48.05%
[Epoch 3, Batch   100] loss: 0.948
[Epoch 3, Batch   200] loss: 0.941
Epoch 3/20:
Train Loss: 0.1401, Train Accuracy: 63.27%
Validation Loss: 0.8922, Validation Accuracy: 57.66%
[Epoch 4, Batch   100] loss: 0.955
[Epoch 4, Batch   200] loss: 0.953
Epoch 4/20:
Train Loss: 0.1422, Train Accuracy: 70.08%
Validation Loss: 0.9261, Validation Accuracy: 60.68%
[Epoch 5, Batch   100] loss: 0.960
[Epoch 5, Batch   200] loss: 0.960
Epoch 5/20:
Train Loss: 0.1430, Train Accuracy: 75.17%
Validation Loss: 0.9463, Validation Accuracy: 55.73%
[Epoch 6, Batch   100] loss: 0.963
[Epoch 6, Batch   200] loss: 0.964
Epoch 6/20:
Train Loss: 0.1436, Train Accuracy: 79.67%
Validation Loss: 0.9505, Validation Accuracy: 60.07%
[Epoch 7, Batch   100] loss: 0.966
[Epoch 7, Batch   200] loss: 0.966
Epoch 7/20:
Train Loss: 0.1439, Train Accuracy: 83.05%
Validation Loss: 0.9568, Validation Accuracy: 58.89%
[Epoch 8, Batch   100] loss: 0.968
[Epoch 8, Batch   200] loss: 0.968
Epoch 8/20:
Train Loss: 0.1442, Train Accuracy: 85.13%
Validation Loss: 0.9623, Validation Accuracy: 60.19%
[Epoch 9, Batch   100] loss: 0.969
[Epoch 9, Batch   200] loss: 0.970
Epoch 9/20:
Train Loss: 0.1445, Train Accuracy: 86.49%
Validation Loss: 0.9632, Validation Accuracy: 60.05%
[Epoch 10, Batch   100] loss: 0.971
[Epoch 10, Batch   200] loss: 0.971
Epoch 10/20:
Train Loss: 0.1447, Train Accuracy: 87.29%
Validation Loss: 0.9667, Validation Accuracy: 59.43%
[Epoch 11, Batch   100] loss: 0.972
[Epoch 11, Batch   200] loss: 0.972
Epoch 11/20:
Train Loss: 0.1449, Train Accuracy: 87.08%
Validation Loss: 0.9685, Validation Accuracy: 60.09%
[Epoch 12, Batch   100] loss: 0.972
[Epoch 12, Batch   200] loss: 0.973
Epoch 12/20:
Train Loss: 0.1449, Train Accuracy: 85.61%
Validation Loss: 0.9683, Validation Accuracy: 58.85%
[Epoch 13, Batch   100] loss: 0.972
[Epoch 13, Batch   200] loss: 0.973
Epoch 13/20:
Train Loss: 0.1449, Train Accuracy: 83.78%
Validation Loss: 0.9696, Validation Accuracy: 57.20%
[Epoch 14, Batch   100] loss: 0.973
[Epoch 14, Batch   200] loss: 0.973
Epoch 14/20:
Train Loss: 0.1450, Train Accuracy: 83.45%
Validation Loss: 0.9703, Validation Accuracy: 54.51%
[Epoch 15, Batch   100] loss: 0.973
[Epoch 15, Batch   200] loss: 0.973
Epoch 15/20:
Train Loss: 0.1450, Train Accuracy: 81.99%
Validation Loss: 0.9704, Validation Accuracy: 55.79%
[Epoch 16, Batch   100] loss: 0.973
[Epoch 16, Batch   200] loss: 0.973
Epoch 16/20:
Train Loss: 0.1450, Train Accuracy: 81.43%
Validation Loss: 0.9688, Validation Accuracy: 58.48%
[Epoch 17, Batch   100] loss: 0.973
[Epoch 17, Batch   200] loss: 0.974
Epoch 17/20:
Train Loss: 0.1450, Train Accuracy: 81.51%
Validation Loss: 0.9688, Validation Accuracy: 57.44%
[Epoch 18, Batch   100] loss: 0.973
[Epoch 18, Batch   200] loss: 0.974
Epoch 18/20:
Train Loss: 0.1451, Train Accuracy: 80.67%
Validation Loss: 0.9707, Validation Accuracy: 55.58%
[Epoch 19, Batch   100] loss: 0.973
[Epoch 19, Batch   200] loss: 0.974
Epoch 19/20:
Train Loss: 0.1450, Train Accuracy: 80.00%
Validation Loss: 0.9699, Validation Accuracy: 52.75%
[Epoch 20, Batch   100] loss: 0.973
[Epoch 20, Batch   200] loss: 0.974
Epoch 20/20:
Train Loss: 0.1451, Train Accuracy: 79.79%
Validation Loss: 0.9702, Validation Accuracy: 55.73%
Model saved to models/resnet18-EvidenceLoss-CIFAR10-random-0.7-3
Modified fc layer: updated out_features to 10.
Initialized untrained model.
[Epoch 1, Batch   100] loss: 0.799
Epoch 1/20:
Train Loss: 0.2578, Train Accuracy: 38.74%
Validation Loss: 0.7527, Validation Accuracy: 40.81%
[Epoch 2, Batch   100] loss: 0.990
Epoch 2/20:
Train Loss: 0.3343, Train Accuracy: 50.16%
Validation Loss: 0.8524, Validation Accuracy: 49.14%
[Epoch 3, Batch   100] loss: 0.952
Epoch 3/20:
Train Loss: 0.3433, Train Accuracy: 59.35%
Validation Loss: 0.8999, Validation Accuracy: 54.35%
[Epoch 4, Batch   100] loss: 0.957
Epoch 4/20:
Train Loss: 0.3471, Train Accuracy: 67.39%
Validation Loss: 0.9359, Validation Accuracy: 54.65%
[Epoch 5, Batch   100] loss: 0.961
Epoch 5/20:
Train Loss: 0.3489, Train Accuracy: 73.45%
Validation Loss: 0.9470, Validation Accuracy: 56.39%
[Epoch 6, Batch   100] loss: 0.964
Epoch 6/20:
Train Loss: 0.3499, Train Accuracy: 78.85%
Validation Loss: 0.9553, Validation Accuracy: 56.51%
[Epoch 7, Batch   100] loss: 0.966
Epoch 7/20:
Train Loss: 0.3507, Train Accuracy: 82.73%
Validation Loss: 0.9597, Validation Accuracy: 55.62%
[Epoch 8, Batch   100] loss: 0.967
Epoch 8/20:
Train Loss: 0.3514, Train Accuracy: 86.21%
Validation Loss: 0.9631, Validation Accuracy: 55.88%
[Epoch 9, Batch   100] loss: 0.969
Epoch 9/20:
Train Loss: 0.3518, Train Accuracy: 88.44%
Validation Loss: 0.9655, Validation Accuracy: 57.13%
[Epoch 10, Batch   100] loss: 0.970
Epoch 10/20:
Train Loss: 0.3524, Train Accuracy: 89.87%
Validation Loss: 0.9685, Validation Accuracy: 55.27%
[Epoch 11, Batch   100] loss: 0.971
Epoch 11/20:
Train Loss: 0.3528, Train Accuracy: 90.76%
Validation Loss: 0.9692, Validation Accuracy: 56.22%
[Epoch 12, Batch   100] loss: 0.971
Epoch 12/20:
Train Loss: 0.3529, Train Accuracy: 90.00%
Validation Loss: 0.9692, Validation Accuracy: 54.13%
[Epoch 13, Batch   100] loss: 0.972
Epoch 13/20:
Train Loss: 0.3530, Train Accuracy: 88.06%
Validation Loss: 0.9693, Validation Accuracy: 52.90%
[Epoch 14, Batch   100] loss: 0.972
Epoch 14/20:
Train Loss: 0.3531, Train Accuracy: 86.62%
Validation Loss: 0.9704, Validation Accuracy: 49.87%
[Epoch 15, Batch   100] loss: 0.972
Epoch 15/20:
Train Loss: 0.3531, Train Accuracy: 87.41%
Validation Loss: 0.9701, Validation Accuracy: 52.42%
[Epoch 16, Batch   100] loss: 0.972
Epoch 16/20:
Train Loss: 0.3532, Train Accuracy: 86.03%
Validation Loss: 0.9695, Validation Accuracy: 55.61%
[Epoch 17, Batch   100] loss: 0.972
Epoch 17/20:
Train Loss: 0.3533, Train Accuracy: 84.87%
Validation Loss: 0.9700, Validation Accuracy: 51.67%
[Epoch 18, Batch   100] loss: 0.972
Epoch 18/20:
Train Loss: 0.3533, Train Accuracy: 84.75%
Validation Loss: 0.9699, Validation Accuracy: 52.08%
[Epoch 19, Batch   100] loss: 0.973
Epoch 19/20:
Train Loss: 0.3533, Train Accuracy: 84.75%
Validation Loss: 0.9706, Validation Accuracy: 52.76%
[Epoch 20, Batch   100] loss: 0.973
Epoch 20/20:
Train Loss: 0.3532, Train Accuracy: 84.09%
Validation Loss: 0.9708, Validation Accuracy: 53.23%
Model saved to models/resnet18-EvidenceLoss-CIFAR10-random-0.8-3
Modified fc layer: updated out_features to 10.
Initialized untrained model.
Epoch 1/20:
Train Loss: 0.7973, Train Accuracy: 35.67%
Validation Loss: 0.8085, Validation Accuracy: 35.08%
Epoch 2/20:
Train Loss: 0.9892, Train Accuracy: 45.35%
Validation Loss: 0.8719, Validation Accuracy: 42.85%
Epoch 3/20:
Train Loss: 0.9582, Train Accuracy: 53.53%
Validation Loss: 0.9315, Validation Accuracy: 44.33%
Epoch 4/20:
Train Loss: 0.9622, Train Accuracy: 59.49%
Validation Loss: 0.9431, Validation Accuracy: 49.16%
Epoch 5/20:
Train Loss: 0.9631, Train Accuracy: 70.63%
Validation Loss: 0.9513, Validation Accuracy: 50.07%
Epoch 6/20:
Train Loss: 0.9650, Train Accuracy: 76.88%
Validation Loss: 0.9590, Validation Accuracy: 50.15%
Epoch 7/20:
Train Loss: 0.9665, Train Accuracy: 82.48%
Validation Loss: 0.9633, Validation Accuracy: 50.88%
Epoch 8/20:
Train Loss: 0.9678, Train Accuracy: 86.82%
Validation Loss: 0.9661, Validation Accuracy: 50.63%
Epoch 9/20:
Train Loss: 0.9692, Train Accuracy: 89.66%
Validation Loss: 0.9683, Validation Accuracy: 50.01%
Epoch 10/20:
Train Loss: 0.9703, Train Accuracy: 91.72%
Validation Loss: 0.9695, Validation Accuracy: 50.14%
Epoch 11/20:
Train Loss: 0.9711, Train Accuracy: 94.14%
Validation Loss: 0.9717, Validation Accuracy: 48.55%
Epoch 12/20:
Train Loss: 0.9707, Train Accuracy: 95.08%
Validation Loss: 0.9709, Validation Accuracy: 48.07%
Epoch 13/20:
Train Loss: 0.9707, Train Accuracy: 95.14%
Validation Loss: 0.9711, Validation Accuracy: 48.84%
Epoch 14/20:
Train Loss: 0.9706, Train Accuracy: 95.96%
Validation Loss: 0.9709, Validation Accuracy: 48.36%
Epoch 15/20:
Train Loss: 0.9708, Train Accuracy: 95.08%
Validation Loss: 0.9709, Validation Accuracy: 48.57%
Epoch 16/20:
Train Loss: 0.9708, Train Accuracy: 95.26%
Validation Loss: 0.9721, Validation Accuracy: 46.56%
Epoch 17/20:
Train Loss: 0.9712, Train Accuracy: 92.74%
Validation Loss: 0.9716, Validation Accuracy: 46.33%
Epoch 18/20:
Train Loss: 0.9710, Train Accuracy: 94.14%
Validation Loss: 0.9714, Validation Accuracy: 48.16%
Epoch 19/20:
Train Loss: 0.9711, Train Accuracy: 94.02%
Validation Loss: 0.9716, Validation Accuracy: 47.33%
Epoch 20/20:
Train Loss: 0.9716, Train Accuracy: 91.02%
Validation Loss: 0.9715, Validation Accuracy: 46.80%
Model saved to models/resnet18-EvidenceLoss-CIFAR10-random-0.9-3
Modified fc layer: updated out_features to 10.
Initialized untrained model.
Epoch 1/20:
Train Loss: 0.8402, Train Accuracy: 30.52%
Validation Loss: 0.9067, Validation Accuracy: 20.17%
Epoch 2/20:
Train Loss: 1.0327, Train Accuracy: 41.28%
Validation Loss: 0.8977, Validation Accuracy: 39.51%
Epoch 3/20:
Train Loss: 0.9596, Train Accuracy: 53.52%
Validation Loss: 0.9326, Validation Accuracy: 40.35%
Epoch 4/20:
Train Loss: 0.9613, Train Accuracy: 64.88%
Validation Loss: 0.9521, Validation Accuracy: 41.65%
Epoch 5/20:
Train Loss: 0.9627, Train Accuracy: 75.36%
Validation Loss: 0.9598, Validation Accuracy: 43.15%
Epoch 6/20:
Train Loss: 0.9650, Train Accuracy: 80.88%
Validation Loss: 0.9656, Validation Accuracy: 41.74%
Epoch 7/20:
Train Loss: 0.9663, Train Accuracy: 86.56%
Validation Loss: 0.9672, Validation Accuracy: 43.62%
Epoch 8/20:
Train Loss: 0.9684, Train Accuracy: 89.24%
Validation Loss: 0.9697, Validation Accuracy: 43.76%
Epoch 9/20:
Train Loss: 0.9693, Train Accuracy: 92.80%
Validation Loss: 0.9714, Validation Accuracy: 43.55%
Epoch 10/20:
Train Loss: 0.9704, Train Accuracy: 94.72%
Validation Loss: 0.9729, Validation Accuracy: 43.47%
Epoch 11/20:
Train Loss: 0.9713, Train Accuracy: 95.40%
Validation Loss: 0.9738, Validation Accuracy: 43.09%
Epoch 12/20:
Train Loss: 0.9713, Train Accuracy: 95.68%
Validation Loss: 0.9735, Validation Accuracy: 43.38%
Epoch 13/20:
Train Loss: 0.9711, Train Accuracy: 96.32%
Validation Loss: 0.9731, Validation Accuracy: 43.01%
Epoch 14/20:
Train Loss: 0.9709, Train Accuracy: 96.84%
Validation Loss: 0.9734, Validation Accuracy: 42.80%
Epoch 15/20:
Train Loss: 0.9708, Train Accuracy: 97.28%
Validation Loss: 0.9732, Validation Accuracy: 43.68%
Epoch 16/20:
Train Loss: 0.9711, Train Accuracy: 96.48%
Validation Loss: 0.9734, Validation Accuracy: 41.62%
Epoch 17/20:
Train Loss: 0.9710, Train Accuracy: 96.68%
Validation Loss: 0.9735, Validation Accuracy: 41.90%
Epoch 18/20:
Train Loss: 0.9711, Train Accuracy: 96.24%
Validation Loss: 0.9732, Validation Accuracy: 41.11%
Epoch 19/20:
Train Loss: 0.9714, Train Accuracy: 94.16%
Validation Loss: 0.9728, Validation Accuracy: 41.49%
Epoch 20/20:
Train Loss: 0.9708, Train Accuracy: 96.92%
Validation Loss: 0.9729, Validation Accuracy: 43.15%
Model saved to models/resnet18-EvidenceLoss-CIFAR10-random-0.95-3
Modified fc layer: updated out_features to 10.
Loaded weights from file: models/resnet18_CIFAR10_E1_3
Files already downloaded and verified
Files already downloaded and verified
Modified fc layer: updated out_features to 10.
Initialized untrained model.
[Epoch 1, Batch   100] loss: 0.789
[Epoch 1, Batch   200] loss: 0.697
[Epoch 1, Batch   300] loss: 0.662
[Epoch 1, Batch   400] loss: 0.630
[Epoch 1, Batch   500] loss: 0.606
Epoch 1/20:
Train Loss: 0.0510, Train Accuracy: 48.91%
Validation Loss: 0.5925, Validation Accuracy: 55.36%
[Epoch 2, Batch   100] loss: 1.008
[Epoch 2, Batch   200] loss: 0.888
[Epoch 2, Batch   300] loss: 0.879
[Epoch 2, Batch   400] loss: 0.881
[Epoch 2, Batch   500] loss: 0.881
Epoch 2/20:
Train Loss: 0.0753, Train Accuracy: 62.92%
Validation Loss: 0.7878, Validation Accuracy: 57.85%
[Epoch 3, Batch   100] loss: 0.939
[Epoch 3, Batch   200] loss: 0.933
[Epoch 3, Batch   300] loss: 0.932
[Epoch 3, Batch   400] loss: 0.933
[Epoch 3, Batch   500] loss: 0.932
Epoch 3/20:
Train Loss: 0.0803, Train Accuracy: 70.62%
Validation Loss: 0.8714, Validation Accuracy: 65.66%
[Epoch 4, Batch   100] loss: 0.951
[Epoch 4, Batch   200] loss: 0.950
[Epoch 4, Batch   300] loss: 0.950
[Epoch 4, Batch   400] loss: 0.951
[Epoch 4, Batch   500] loss: 0.951
Epoch 4/20:
Train Loss: 0.0818, Train Accuracy: 75.02%
Validation Loss: 0.9217, Validation Accuracy: 65.07%
[Epoch 5, Batch   100] loss: 0.958
[Epoch 5, Batch   200] loss: 0.958
[Epoch 5, Batch   300] loss: 0.958
[Epoch 5, Batch   400] loss: 0.959
[Epoch 5, Batch   500] loss: 0.959
Epoch 5/20:
Train Loss: 0.0825, Train Accuracy: 77.64%
Validation Loss: 0.9361, Validation Accuracy: 68.04%
[Epoch 6, Batch   100] loss: 0.963
[Epoch 6, Batch   200] loss: 0.963
[Epoch 6, Batch   300] loss: 0.964
[Epoch 6, Batch   400] loss: 0.964
[Epoch 6, Batch   500] loss: 0.964
Epoch 6/20:
Train Loss: 0.0829, Train Accuracy: 78.99%
Validation Loss: 0.9505, Validation Accuracy: 65.78%
[Epoch 7, Batch   100] loss: 0.966
[Epoch 7, Batch   200] loss: 0.966
[Epoch 7, Batch   300] loss: 0.967
[Epoch 7, Batch   400] loss: 0.967
[Epoch 7, Batch   500] loss: 0.968
Epoch 7/20:
Train Loss: 0.0832, Train Accuracy: 79.61%
Validation Loss: 0.9543, Validation Accuracy: 67.15%
[Epoch 8, Batch   100] loss: 0.969
[Epoch 8, Batch   200] loss: 0.969
[Epoch 8, Batch   300] loss: 0.970
[Epoch 8, Batch   400] loss: 0.970
[Epoch 8, Batch   500] loss: 0.970
Epoch 8/20:
Train Loss: 0.0834, Train Accuracy: 79.07%
Validation Loss: 0.9597, Validation Accuracy: 64.98%
[Epoch 9, Batch   100] loss: 0.971
[Epoch 9, Batch   200] loss: 0.971
[Epoch 9, Batch   300] loss: 0.971
[Epoch 9, Batch   400] loss: 0.972
[Epoch 9, Batch   500] loss: 0.972
Epoch 9/20:
Train Loss: 0.0835, Train Accuracy: 78.29%
Validation Loss: 0.9638, Validation Accuracy: 66.77%
[Epoch 10, Batch   100] loss: 0.972
[Epoch 10, Batch   200] loss: 0.973
[Epoch 10, Batch   300] loss: 0.973
[Epoch 10, Batch   400] loss: 0.973
[Epoch 10, Batch   500] loss: 0.974
Epoch 10/20:
Train Loss: 0.0836, Train Accuracy: 76.90%
Validation Loss: 0.9665, Validation Accuracy: 65.94%
[Epoch 11, Batch   100] loss: 0.974
[Epoch 11, Batch   200] loss: 0.974
[Epoch 11, Batch   300] loss: 0.974
[Epoch 11, Batch   400] loss: 0.975
[Epoch 11, Batch   500] loss: 0.975
Epoch 11/20:
Train Loss: 0.0837, Train Accuracy: 75.91%
Validation Loss: 0.9695, Validation Accuracy: 61.29%
[Epoch 12, Batch   100] loss: 0.974
[Epoch 12, Batch   200] loss: 0.975
[Epoch 12, Batch   300] loss: 0.975
[Epoch 12, Batch   400] loss: 0.975
[Epoch 12, Batch   500] loss: 0.975
Epoch 12/20:
Train Loss: 0.0838, Train Accuracy: 73.66%
Validation Loss: 0.9696, Validation Accuracy: 60.95%
[Epoch 13, Batch   100] loss: 0.974
[Epoch 13, Batch   200] loss: 0.975
[Epoch 13, Batch   300] loss: 0.975
[Epoch 13, Batch   400] loss: 0.975
[Epoch 13, Batch   500] loss: 0.975
Epoch 13/20:
Train Loss: 0.0838, Train Accuracy: 72.60%
Validation Loss: 0.9682, Validation Accuracy: 67.20%
[Epoch 14, Batch   100] loss: 0.975
[Epoch 14, Batch   200] loss: 0.975
[Epoch 14, Batch   300] loss: 0.975
[Epoch 14, Batch   400] loss: 0.975
[Epoch 14, Batch   500] loss: 0.975
Epoch 14/20:
Train Loss: 0.0838, Train Accuracy: 72.03%
Validation Loss: 0.9692, Validation Accuracy: 63.62%
[Epoch 15, Batch   100] loss: 0.975
[Epoch 15, Batch   200] loss: 0.975
[Epoch 15, Batch   300] loss: 0.975
[Epoch 15, Batch   400] loss: 0.975
[Epoch 15, Batch   500] loss: 0.975
Epoch 15/20:
Train Loss: 0.0838, Train Accuracy: 72.14%
Validation Loss: 0.9704, Validation Accuracy: 56.09%
[Epoch 16, Batch   100] loss: 0.974
[Epoch 16, Batch   200] loss: 0.975
[Epoch 16, Batch   300] loss: 0.975
[Epoch 16, Batch   400] loss: 0.975
[Epoch 16, Batch   500] loss: 0.975
Epoch 16/20:
Train Loss: 0.0838, Train Accuracy: 72.41%
Validation Loss: 0.9684, Validation Accuracy: 63.33%
[Epoch 17, Batch   100] loss: 0.974
[Epoch 17, Batch   200] loss: 0.975
[Epoch 17, Batch   300] loss: 0.975
[Epoch 17, Batch   400] loss: 0.975
[Epoch 17, Batch   500] loss: 0.975
Epoch 17/20:
Train Loss: 0.0838, Train Accuracy: 73.08%
Validation Loss: 0.9696, Validation Accuracy: 60.59%
[Epoch 18, Batch   100] loss: 0.974
[Epoch 18, Batch   200] loss: 0.974
[Epoch 18, Batch   300] loss: 0.975
[Epoch 18, Batch   400] loss: 0.975
[Epoch 18, Batch   500] loss: 0.975
Epoch 18/20:
Train Loss: 0.0838, Train Accuracy: 73.33%
Validation Loss: 0.9688, Validation Accuracy: 65.64%
[Epoch 19, Batch   100] loss: 0.974
[Epoch 19, Batch   200] loss: 0.974
[Epoch 19, Batch   300] loss: 0.975
[Epoch 19, Batch   400] loss: 0.975
[Epoch 19, Batch   500] loss: 0.975
Epoch 19/20:
Train Loss: 0.0838, Train Accuracy: 74.21%
Validation Loss: 0.9690, Validation Accuracy: 61.46%
[Epoch 20, Batch   100] loss: 0.974
[Epoch 20, Batch   200] loss: 0.974
[Epoch 20, Batch   300] loss: 0.975
[Epoch 20, Batch   400] loss: 0.974
[Epoch 20, Batch   500] loss: 0.975
Epoch 20/20:
Train Loss: 0.0838, Train Accuracy: 74.44%
Validation Loss: 0.9686, Validation Accuracy: 63.41%
Model saved to models/resnet18-EvidenceLoss-CIFAR10-GRADIENT-balanced_by_score-0.3-3
Modified fc layer: updated out_features to 10.
Initialized untrained model.
[Epoch 1, Batch   100] loss: 0.795
[Epoch 1, Batch   200] loss: 0.721
[Epoch 1, Batch   300] loss: 0.662
Epoch 1/20:
Train Loss: 0.1493, Train Accuracy: 45.30%
Validation Loss: 0.6993, Validation Accuracy: 45.55%
[Epoch 2, Batch   100] loss: 1.010
[Epoch 2, Batch   200] loss: 0.900
[Epoch 2, Batch   300] loss: 0.895
Epoch 2/20:
Train Loss: 0.2078, Train Accuracy: 57.79%
Validation Loss: 0.8090, Validation Accuracy: 51.97%
[Epoch 3, Batch   100] loss: 0.945
[Epoch 3, Batch   200] loss: 0.937
[Epoch 3, Batch   300] loss: 0.937
Epoch 3/20:
Train Loss: 0.2181, Train Accuracy: 66.92%
Validation Loss: 0.8853, Validation Accuracy: 58.26%
[Epoch 4, Batch   100] loss: 0.954
[Epoch 4, Batch   200] loss: 0.951
[Epoch 4, Batch   300] loss: 0.953
Epoch 4/20:
Train Loss: 0.2217, Train Accuracy: 72.52%
Validation Loss: 0.9230, Validation Accuracy: 61.72%
[Epoch 5, Batch   100] loss: 0.959
[Epoch 5, Batch   200] loss: 0.959
[Epoch 5, Batch   300] loss: 0.959
Epoch 5/20:
Train Loss: 0.2234, Train Accuracy: 76.10%
Validation Loss: 0.9378, Validation Accuracy: 65.36%
[Epoch 6, Batch   100] loss: 0.963
[Epoch 6, Batch   200] loss: 0.963
[Epoch 6, Batch   300] loss: 0.964
Epoch 6/20:
Train Loss: 0.2244, Train Accuracy: 79.05%
Validation Loss: 0.9521, Validation Accuracy: 64.44%
[Epoch 7, Batch   100] loss: 0.966
[Epoch 7, Batch   200] loss: 0.966
[Epoch 7, Batch   300] loss: 0.967
Epoch 7/20:
Train Loss: 0.2251, Train Accuracy: 80.29%
Validation Loss: 0.9538, Validation Accuracy: 64.70%
[Epoch 8, Batch   100] loss: 0.968
[Epoch 8, Batch   200] loss: 0.969
[Epoch 8, Batch   300] loss: 0.969
Epoch 8/20:
Train Loss: 0.2257, Train Accuracy: 81.21%
Validation Loss: 0.9608, Validation Accuracy: 62.86%
[Epoch 9, Batch   100] loss: 0.970
[Epoch 9, Batch   200] loss: 0.971
[Epoch 9, Batch   300] loss: 0.971
Epoch 9/20:
Train Loss: 0.2261, Train Accuracy: 81.04%
Validation Loss: 0.9648, Validation Accuracy: 63.45%
[Epoch 10, Batch   100] loss: 0.972
[Epoch 10, Batch   200] loss: 0.972
[Epoch 10, Batch   300] loss: 0.972
Epoch 10/20:
Train Loss: 0.2264, Train Accuracy: 80.82%
Validation Loss: 0.9649, Validation Accuracy: 63.29%
[Epoch 11, Batch   100] loss: 0.973
[Epoch 11, Batch   200] loss: 0.973
[Epoch 11, Batch   300] loss: 0.974
Epoch 11/20:
Train Loss: 0.2267, Train Accuracy: 80.26%
Validation Loss: 0.9689, Validation Accuracy: 62.68%
[Epoch 12, Batch   100] loss: 0.973
[Epoch 12, Batch   200] loss: 0.974
[Epoch 12, Batch   300] loss: 0.974
Epoch 12/20:
Train Loss: 0.2268, Train Accuracy: 77.73%
Validation Loss: 0.9689, Validation Accuracy: 65.36%
[Epoch 13, Batch   100] loss: 0.974
[Epoch 13, Batch   200] loss: 0.974
[Epoch 13, Batch   300] loss: 0.974
Epoch 13/20:
Train Loss: 0.2268, Train Accuracy: 76.86%
Validation Loss: 0.9687, Validation Accuracy: 62.68%
[Epoch 14, Batch   100] loss: 0.974
[Epoch 14, Batch   200] loss: 0.974
[Epoch 14, Batch   300] loss: 0.975
Epoch 14/20:
Train Loss: 0.2269, Train Accuracy: 75.32%
Validation Loss: 0.9693, Validation Accuracy: 62.35%
[Epoch 15, Batch   100] loss: 0.974
[Epoch 15, Batch   200] loss: 0.975
[Epoch 15, Batch   300] loss: 0.975
Epoch 15/20:
Train Loss: 0.2269, Train Accuracy: 73.89%
Validation Loss: 0.9690, Validation Accuracy: 62.51%
[Epoch 16, Batch   100] loss: 0.974
[Epoch 16, Batch   200] loss: 0.974
[Epoch 16, Batch   300] loss: 0.975
Epoch 16/20:
Train Loss: 0.2269, Train Accuracy: 73.62%
Validation Loss: 0.9692, Validation Accuracy: 63.66%
[Epoch 17, Batch   100] loss: 0.974
[Epoch 17, Batch   200] loss: 0.975
[Epoch 17, Batch   300] loss: 0.975
Epoch 17/20:
Train Loss: 0.2269, Train Accuracy: 73.40%
Validation Loss: 0.9695, Validation Accuracy: 61.91%
[Epoch 18, Batch   100] loss: 0.974
[Epoch 18, Batch   200] loss: 0.975
[Epoch 18, Batch   300] loss: 0.975
Epoch 18/20:
Train Loss: 0.2269, Train Accuracy: 73.06%
Validation Loss: 0.9712, Validation Accuracy: 57.06%
[Epoch 19, Batch   100] loss: 0.974
[Epoch 19, Batch   200] loss: 0.975
[Epoch 19, Batch   300] loss: 0.975
Epoch 19/20:
Train Loss: 0.2269, Train Accuracy: 73.39%
Validation Loss: 0.9692, Validation Accuracy: 60.77%
[Epoch 20, Batch   100] loss: 0.974
[Epoch 20, Batch   200] loss: 0.975
[Epoch 20, Batch   300] loss: 0.975
Epoch 20/20:
Train Loss: 0.2269, Train Accuracy: 73.61%
Validation Loss: 0.9684, Validation Accuracy: 63.95%
Model saved to models/resnet18-EvidenceLoss-CIFAR10-GRADIENT-balanced_by_score-0.5-3
Modified fc layer: updated out_features to 10.
Initialized untrained model.
[Epoch 1, Batch   100] loss: 0.791
[Epoch 1, Batch   200] loss: 0.711
Epoch 1/20:
Train Loss: 0.1021, Train Accuracy: 41.47%
Validation Loss: 0.6754, Validation Accuracy: 47.98%
[Epoch 2, Batch   100] loss: 0.998
[Epoch 2, Batch   200] loss: 0.911
Epoch 2/20:
Train Loss: 0.1347, Train Accuracy: 53.31%
Validation Loss: 0.8268, Validation Accuracy: 51.43%
[Epoch 3, Batch   100] loss: 0.948
[Epoch 3, Batch   200] loss: 0.943
Epoch 3/20:
Train Loss: 0.1403, Train Accuracy: 63.03%
Validation Loss: 0.8947, Validation Accuracy: 58.14%
[Epoch 4, Batch   100] loss: 0.956
[Epoch 4, Batch   200] loss: 0.954
Epoch 4/20:
Train Loss: 0.1421, Train Accuracy: 69.77%
Validation Loss: 0.9282, Validation Accuracy: 60.63%
[Epoch 5, Batch   100] loss: 0.960
[Epoch 5, Batch   200] loss: 0.960
Epoch 5/20:
Train Loss: 0.1431, Train Accuracy: 75.00%
Validation Loss: 0.9418, Validation Accuracy: 60.31%
[Epoch 6, Batch   100] loss: 0.963
[Epoch 6, Batch   200] loss: 0.964
Epoch 6/20:
Train Loss: 0.1436, Train Accuracy: 78.94%
Validation Loss: 0.9505, Validation Accuracy: 59.24%
[Epoch 7, Batch   100] loss: 0.966
[Epoch 7, Batch   200] loss: 0.966
Epoch 7/20:
Train Loss: 0.1440, Train Accuracy: 81.58%
Validation Loss: 0.9574, Validation Accuracy: 60.34%
[Epoch 8, Batch   100] loss: 0.968
[Epoch 8, Batch   200] loss: 0.968
Epoch 8/20:
Train Loss: 0.1443, Train Accuracy: 84.10%
Validation Loss: 0.9604, Validation Accuracy: 61.28%
[Epoch 9, Batch   100] loss: 0.969
[Epoch 9, Batch   200] loss: 0.970
Epoch 9/20:
Train Loss: 0.1445, Train Accuracy: 85.83%
Validation Loss: 0.9638, Validation Accuracy: 59.77%
[Epoch 10, Batch   100] loss: 0.971
[Epoch 10, Batch   200] loss: 0.971
Epoch 10/20:
Train Loss: 0.1447, Train Accuracy: 86.37%
Validation Loss: 0.9659, Validation Accuracy: 59.68%
[Epoch 11, Batch   100] loss: 0.972
[Epoch 11, Batch   200] loss: 0.972
Epoch 11/20:
Train Loss: 0.1448, Train Accuracy: 86.75%
Validation Loss: 0.9683, Validation Accuracy: 58.93%
[Epoch 12, Batch   100] loss: 0.972
[Epoch 12, Batch   200] loss: 0.973
Epoch 12/20:
Train Loss: 0.1450, Train Accuracy: 85.47%
Validation Loss: 0.9675, Validation Accuracy: 59.72%
[Epoch 13, Batch   100] loss: 0.972
[Epoch 13, Batch   200] loss: 0.973
Epoch 13/20:
Train Loss: 0.1450, Train Accuracy: 83.85%
Validation Loss: 0.9686, Validation Accuracy: 58.59%
[Epoch 14, Batch   100] loss: 0.973
[Epoch 14, Batch   200] loss: 0.973
Epoch 14/20:
Train Loss: 0.1450, Train Accuracy: 82.91%
Validation Loss: 0.9696, Validation Accuracy: 56.96%
[Epoch 15, Batch   100] loss: 0.973
[Epoch 15, Batch   200] loss: 0.973
Epoch 15/20:
Train Loss: 0.1450, Train Accuracy: 81.79%
Validation Loss: 0.9689, Validation Accuracy: 59.56%
[Epoch 16, Batch   100] loss: 0.973
[Epoch 16, Batch   200] loss: 0.974
Epoch 16/20:
Train Loss: 0.1450, Train Accuracy: 81.08%
Validation Loss: 0.9699, Validation Accuracy: 54.49%
[Epoch 17, Batch   100] loss: 0.973
[Epoch 17, Batch   200] loss: 0.974
Epoch 17/20:
Train Loss: 0.1451, Train Accuracy: 80.55%
Validation Loss: 0.9709, Validation Accuracy: 53.82%
[Epoch 18, Batch   100] loss: 0.973
[Epoch 18, Batch   200] loss: 0.974
Epoch 18/20:
Train Loss: 0.1451, Train Accuracy: 80.03%
Validation Loss: 0.9697, Validation Accuracy: 58.48%
[Epoch 19, Batch   100] loss: 0.973
[Epoch 19, Batch   200] loss: 0.974
Epoch 19/20:
Train Loss: 0.1451, Train Accuracy: 79.41%
Validation Loss: 0.9692, Validation Accuracy: 59.31%
[Epoch 20, Batch   100] loss: 0.973
[Epoch 20, Batch   200] loss: 0.974
Epoch 20/20:
Train Loss: 0.1451, Train Accuracy: 79.14%
Validation Loss: 0.9709, Validation Accuracy: 54.05%
Model saved to models/resnet18-EvidenceLoss-CIFAR10-GRADIENT-balanced_by_score-0.7-3
Modified fc layer: updated out_features to 10.
Initialized untrained model.
[Epoch 1, Batch   100] loss: 0.796
Epoch 1/20:
Train Loss: 0.2550, Train Accuracy: 38.73%
Validation Loss: 0.8974, Validation Accuracy: 28.62%
[Epoch 2, Batch   100] loss: 0.990
Epoch 2/20:
Train Loss: 0.3255, Train Accuracy: 50.20%
Validation Loss: 0.8719, Validation Accuracy: 42.96%
[Epoch 3, Batch   100] loss: 0.952
Epoch 3/20:
Train Loss: 0.3358, Train Accuracy: 59.72%
Validation Loss: 0.9154, Validation Accuracy: 50.92%
[Epoch 4, Batch   100] loss: 0.957
Epoch 4/20:
Train Loss: 0.3391, Train Accuracy: 67.11%
Validation Loss: 0.9364, Validation Accuracy: 54.55%
[Epoch 5, Batch   100] loss: 0.961
Epoch 5/20:
Train Loss: 0.3409, Train Accuracy: 74.12%
Validation Loss: 0.9467, Validation Accuracy: 56.00%
[Epoch 6, Batch   100] loss: 0.964
Epoch 6/20:
Train Loss: 0.3419, Train Accuracy: 79.16%
Validation Loss: 0.9527, Validation Accuracy: 56.46%
[Epoch 7, Batch   100] loss: 0.966
Epoch 7/20:
Train Loss: 0.3427, Train Accuracy: 83.70%
Validation Loss: 0.9604, Validation Accuracy: 54.78%
[Epoch 8, Batch   100] loss: 0.967
Epoch 8/20:
Train Loss: 0.3434, Train Accuracy: 86.78%
Validation Loss: 0.9625, Validation Accuracy: 56.70%
[Epoch 9, Batch   100] loss: 0.969
Epoch 9/20:
Train Loss: 0.3439, Train Accuracy: 88.48%
Validation Loss: 0.9662, Validation Accuracy: 56.49%
[Epoch 10, Batch   100] loss: 0.970
Epoch 10/20:
Train Loss: 0.3443, Train Accuracy: 90.35%
Validation Loss: 0.9670, Validation Accuracy: 55.70%
[Epoch 11, Batch   100] loss: 0.971
Epoch 11/20:
Train Loss: 0.3448, Train Accuracy: 91.40%
Validation Loss: 0.9691, Validation Accuracy: 56.02%
[Epoch 12, Batch   100] loss: 0.971
Epoch 12/20:
Train Loss: 0.3449, Train Accuracy: 90.69%
Validation Loss: 0.9703, Validation Accuracy: 53.60%
[Epoch 13, Batch   100] loss: 0.972
Epoch 13/20:
Train Loss: 0.3450, Train Accuracy: 88.46%
Validation Loss: 0.9700, Validation Accuracy: 53.22%
[Epoch 14, Batch   100] loss: 0.972
Epoch 14/20:
Train Loss: 0.3450, Train Accuracy: 87.82%
Validation Loss: 0.9694, Validation Accuracy: 53.06%
[Epoch 15, Batch   100] loss: 0.972
Epoch 15/20:
Train Loss: 0.3452, Train Accuracy: 86.90%
Validation Loss: 0.9717, Validation Accuracy: 52.68%
[Epoch 16, Batch   100] loss: 0.972
Epoch 16/20:
Train Loss: 0.3452, Train Accuracy: 86.25%
Validation Loss: 0.9707, Validation Accuracy: 53.84%
[Epoch 17, Batch   100] loss: 0.972
Epoch 17/20:
Train Loss: 0.3451, Train Accuracy: 86.48%
Validation Loss: 0.9706, Validation Accuracy: 51.10%
[Epoch 18, Batch   100] loss: 0.972
Epoch 18/20:
Train Loss: 0.3453, Train Accuracy: 85.39%
Validation Loss: 0.9703, Validation Accuracy: 50.13%
[Epoch 19, Batch   100] loss: 0.972
Epoch 19/20:
Train Loss: 0.3452, Train Accuracy: 85.65%
Validation Loss: 0.9708, Validation Accuracy: 50.65%
[Epoch 20, Batch   100] loss: 0.972
Epoch 20/20:
Train Loss: 0.3453, Train Accuracy: 84.43%
Validation Loss: 0.9703, Validation Accuracy: 54.32%
Model saved to models/resnet18-EvidenceLoss-CIFAR10-GRADIENT-balanced_by_score-0.8-3
Modified fc layer: updated out_features to 10.
Initialized untrained model.
Epoch 1/20:
Train Loss: 0.7991, Train Accuracy: 36.20%
Validation Loss: 0.7861, Validation Accuracy: 36.06%
Epoch 2/20:
Train Loss: 0.9976, Train Accuracy: 42.82%
Validation Loss: 0.8624, Validation Accuracy: 45.17%
Epoch 3/20:
Train Loss: 0.9573, Train Accuracy: 54.04%
Validation Loss: 0.9192, Validation Accuracy: 47.63%
Epoch 4/20:
Train Loss: 0.9600, Train Accuracy: 64.02%
Validation Loss: 0.9449, Validation Accuracy: 49.03%
Epoch 5/20:
Train Loss: 0.9622, Train Accuracy: 71.12%
Validation Loss: 0.9543, Validation Accuracy: 48.96%
Epoch 6/20:
Train Loss: 0.9642, Train Accuracy: 78.61%
Validation Loss: 0.9600, Validation Accuracy: 49.66%
Epoch 7/20:
Train Loss: 0.9658, Train Accuracy: 84.45%
Validation Loss: 0.9644, Validation Accuracy: 49.53%
Epoch 8/20:
Train Loss: 0.9673, Train Accuracy: 88.20%
Validation Loss: 0.9665, Validation Accuracy: 49.29%
Epoch 9/20:
Train Loss: 0.9687, Train Accuracy: 91.24%
Validation Loss: 0.9687, Validation Accuracy: 49.19%
Epoch 10/20:
Train Loss: 0.9698, Train Accuracy: 93.10%
Validation Loss: 0.9697, Validation Accuracy: 48.75%
Epoch 11/20:
Train Loss: 0.9707, Train Accuracy: 95.27%
Validation Loss: 0.9710, Validation Accuracy: 49.63%
Epoch 12/20:
Train Loss: 0.9705, Train Accuracy: 96.20%
Validation Loss: 0.9713, Validation Accuracy: 49.14%
Epoch 13/20:
Train Loss: 0.9703, Train Accuracy: 96.80%
Validation Loss: 0.9710, Validation Accuracy: 48.60%
Epoch 14/20:
Train Loss: 0.9703, Train Accuracy: 96.94%
Validation Loss: 0.9709, Validation Accuracy: 47.51%
Epoch 15/20:
Train Loss: 0.9706, Train Accuracy: 95.82%
Validation Loss: 0.9713, Validation Accuracy: 46.86%
Epoch 16/20:
Train Loss: 0.9709, Train Accuracy: 94.41%
Validation Loss: 0.9714, Validation Accuracy: 47.62%
Epoch 17/20:
Train Loss: 0.9710, Train Accuracy: 93.43%
Validation Loss: 0.9718, Validation Accuracy: 44.13%
Epoch 18/20:
Train Loss: 0.9711, Train Accuracy: 93.08%
Validation Loss: 0.9716, Validation Accuracy: 47.04%
Epoch 19/20:
Train Loss: 0.9712, Train Accuracy: 92.20%
Validation Loss: 0.9709, Validation Accuracy: 48.01%
Epoch 20/20:
Train Loss: 0.9712, Train Accuracy: 92.57%
Validation Loss: 0.9719, Validation Accuracy: 44.36%
Model saved to models/resnet18-EvidenceLoss-CIFAR10-GRADIENT-balanced_by_score-0.9-3
Modified fc layer: updated out_features to 10.
Initialized untrained model.
Epoch 1/20:
Train Loss: 0.8424, Train Accuracy: 30.16%
Validation Loss: 0.9264, Validation Accuracy: 20.81%
Epoch 2/20:
Train Loss: 1.0273, Train Accuracy: 40.84%
Validation Loss: 0.8773, Validation Accuracy: 39.68%
Epoch 3/20:
Train Loss: 0.9626, Train Accuracy: 48.56%
Validation Loss: 0.9419, Validation Accuracy: 40.98%
Epoch 4/20:
Train Loss: 0.9622, Train Accuracy: 62.20%
Validation Loss: 0.9517, Validation Accuracy: 43.19%
Epoch 5/20:
Train Loss: 0.9633, Train Accuracy: 71.92%
Validation Loss: 0.9580, Validation Accuracy: 44.85%
Epoch 6/20:
Train Loss: 0.9646, Train Accuracy: 80.76%
Validation Loss: 0.9635, Validation Accuracy: 44.25%
Epoch 7/20:
Train Loss: 0.9665, Train Accuracy: 86.40%
Validation Loss: 0.9671, Validation Accuracy: 44.46%
Epoch 8/20:
Train Loss: 0.9676, Train Accuracy: 91.20%
Validation Loss: 0.9700, Validation Accuracy: 43.19%
Epoch 9/20:
Train Loss: 0.9696, Train Accuracy: 92.44%
Validation Loss: 0.9706, Validation Accuracy: 43.77%
Epoch 10/20:
Train Loss: 0.9705, Train Accuracy: 94.24%
Validation Loss: 0.9718, Validation Accuracy: 44.12%
Epoch 11/20:
Train Loss: 0.9715, Train Accuracy: 96.00%
Validation Loss: 0.9732, Validation Accuracy: 43.74%
Epoch 12/20:
Train Loss: 0.9711, Train Accuracy: 96.76%
Validation Loss: 0.9725, Validation Accuracy: 44.74%
Epoch 13/20:
Train Loss: 0.9712, Train Accuracy: 96.68%
Validation Loss: 0.9734, Validation Accuracy: 44.17%
Epoch 14/20:
Train Loss: 0.9709, Train Accuracy: 97.68%
Validation Loss: 0.9734, Validation Accuracy: 43.65%
Epoch 15/20:
Train Loss: 0.9707, Train Accuracy: 97.88%
Validation Loss: 0.9738, Validation Accuracy: 43.99%
Epoch 16/20:
Train Loss: 0.9704, Train Accuracy: 98.24%
Validation Loss: 0.9734, Validation Accuracy: 44.23%
Epoch 17/20:
Train Loss: 0.9705, Train Accuracy: 98.60%
Validation Loss: 0.9733, Validation Accuracy: 43.36%
Epoch 18/20:
Train Loss: 0.9705, Train Accuracy: 98.44%
Validation Loss: 0.9734, Validation Accuracy: 42.61%
Epoch 19/20:
Train Loss: 0.9705, Train Accuracy: 98.64%
Validation Loss: 0.9738, Validation Accuracy: 41.69%
Epoch 20/20:
Train Loss: 0.9703, Train Accuracy: 98.68%
Validation Loss: 0.9729, Validation Accuracy: 42.59%
Model saved to models/resnet18-EvidenceLoss-CIFAR10-GRADIENT-balanced_by_score-0.95-3
