Modified fc layer: updated out_features to 10.
Initialized untrained model.
Files already downloaded and verified
Files already downloaded and verified
[Epoch 1, Batch   100] loss: 0.787
[Epoch 1, Batch   200] loss: 0.704
[Epoch 1, Batch   300] loss: 0.654
[Epoch 1, Batch   400] loss: 0.632
[Epoch 1, Batch   500] loss: 0.605
[Epoch 1, Batch   600] loss: 0.588
[Epoch 1, Batch   700] loss: 0.574
Epoch 1/20:
Train Loss: 0.0570, Train Accuracy: 51.30%
Validation Loss: 0.6453, Validation Accuracy: 52.56%
[Epoch 2, Batch   100] loss: 1.023
[Epoch 2, Batch   200] loss: 0.875
[Epoch 2, Batch   300] loss: 0.871
[Epoch 2, Batch   400] loss: 0.871
[Epoch 2, Batch   500] loss: 0.875
[Epoch 2, Batch   600] loss: 0.869
[Epoch 2, Batch   700] loss: 0.871
Epoch 2/20:
Train Loss: 0.0903, Train Accuracy: 66.42%
Validation Loss: 0.7392, Validation Accuracy: 66.19%
[Epoch 3, Batch   100] loss: 0.938
[Epoch 3, Batch   200] loss: 0.928
[Epoch 3, Batch   300] loss: 0.929
[Epoch 3, Batch   400] loss: 0.930
[Epoch 3, Batch   500] loss: 0.930
[Epoch 3, Batch   600] loss: 0.930
[Epoch 3, Batch   700] loss: 0.930
Epoch 3/20:
Train Loss: 0.0965, Train Accuracy: 72.91%
Validation Loss: 0.8693, Validation Accuracy: 67.97%
[Epoch 4, Batch   100] loss: 0.950
[Epoch 4, Batch   200] loss: 0.949
[Epoch 4, Batch   300] loss: 0.950
[Epoch 4, Batch   400] loss: 0.949
[Epoch 4, Batch   500] loss: 0.950
[Epoch 4, Batch   600] loss: 0.949
[Epoch 4, Batch   700] loss: 0.950
Epoch 4/20:
Train Loss: 0.0985, Train Accuracy: 76.15%
Validation Loss: 0.9095, Validation Accuracy: 69.58%
[Epoch 5, Batch   100] loss: 0.958
[Epoch 5, Batch   200] loss: 0.957
[Epoch 5, Batch   300] loss: 0.958
[Epoch 5, Batch   400] loss: 0.959
[Epoch 5, Batch   500] loss: 0.959
[Epoch 5, Batch   600] loss: 0.959
[Epoch 5, Batch   700] loss: 0.959
Epoch 5/20:
Train Loss: 0.0995, Train Accuracy: 77.83%
Validation Loss: 0.9390, Validation Accuracy: 66.32%
[Epoch 6, Batch   100] loss: 0.963
[Epoch 6, Batch   200] loss: 0.963
[Epoch 6, Batch   300] loss: 0.964
[Epoch 6, Batch   400] loss: 0.964
[Epoch 6, Batch   500] loss: 0.965
[Epoch 6, Batch   600] loss: 0.964
[Epoch 6, Batch   700] loss: 0.965
Epoch 6/20:
Train Loss: 0.1001, Train Accuracy: 77.97%
Validation Loss: 0.9496, Validation Accuracy: 67.63%
[Epoch 7, Batch   100] loss: 0.967
[Epoch 7, Batch   200] loss: 0.967
[Epoch 7, Batch   300] loss: 0.967
[Epoch 7, Batch   400] loss: 0.968
[Epoch 7, Batch   500] loss: 0.968
[Epoch 7, Batch   600] loss: 0.968
[Epoch 7, Batch   700] loss: 0.968
Epoch 7/20:
Train Loss: 0.1005, Train Accuracy: 77.06%
Validation Loss: 0.9551, Validation Accuracy: 67.98%
[Epoch 8, Batch   100] loss: 0.970
[Epoch 8, Batch   200] loss: 0.970
[Epoch 8, Batch   300] loss: 0.970
[Epoch 8, Batch   400] loss: 0.970
[Epoch 8, Batch   500] loss: 0.971
[Epoch 8, Batch   600] loss: 0.971
[Epoch 8, Batch   700] loss: 0.971
Epoch 8/20:
Train Loss: 0.1007, Train Accuracy: 75.83%
Validation Loss: 0.9616, Validation Accuracy: 63.94%
[Epoch 9, Batch   100] loss: 0.972
[Epoch 9, Batch   200] loss: 0.972
[Epoch 9, Batch   300] loss: 0.972
[Epoch 9, Batch   400] loss: 0.972
[Epoch 9, Batch   500] loss: 0.973
[Epoch 9, Batch   600] loss: 0.973
[Epoch 9, Batch   700] loss: 0.973
Epoch 9/20:
Train Loss: 0.1009, Train Accuracy: 74.36%
Validation Loss: 0.9642, Validation Accuracy: 63.95%
[Epoch 10, Batch   100] loss: 0.973
[Epoch 10, Batch   200] loss: 0.974
[Epoch 10, Batch   300] loss: 0.974
[Epoch 10, Batch   400] loss: 0.974
[Epoch 10, Batch   500] loss: 0.974
[Epoch 10, Batch   600] loss: 0.974
[Epoch 10, Batch   700] loss: 0.974
Epoch 10/20:
Train Loss: 0.1010, Train Accuracy: 73.52%
Validation Loss: 0.9663, Validation Accuracy: 68.14%
[Epoch 11, Batch   100] loss: 0.974
[Epoch 11, Batch   200] loss: 0.974
[Epoch 11, Batch   300] loss: 0.975
[Epoch 11, Batch   400] loss: 0.975
[Epoch 11, Batch   500] loss: 0.975
[Epoch 11, Batch   600] loss: 0.975
[Epoch 11, Batch   700] loss: 0.975
Epoch 11/20:
Train Loss: 0.1011, Train Accuracy: 72.69%
Validation Loss: 0.9677, Validation Accuracy: 67.58%
[Epoch 12, Batch   100] loss: 0.975
[Epoch 12, Batch   200] loss: 0.975
[Epoch 12, Batch   300] loss: 0.975
[Epoch 12, Batch   400] loss: 0.975
[Epoch 12, Batch   500] loss: 0.975
[Epoch 12, Batch   600] loss: 0.975
[Epoch 12, Batch   700] loss: 0.975
Epoch 12/20:
Train Loss: 0.1011, Train Accuracy: 72.30%
Validation Loss: 0.9693, Validation Accuracy: 65.09%
[Epoch 13, Batch   100] loss: 0.974
[Epoch 13, Batch   200] loss: 0.975
[Epoch 13, Batch   300] loss: 0.975
[Epoch 13, Batch   400] loss: 0.975
[Epoch 13, Batch   500] loss: 0.975
[Epoch 13, Batch   600] loss: 0.975
[Epoch 13, Batch   700] loss: 0.975
Epoch 13/20:
Train Loss: 0.1011, Train Accuracy: 72.43%
Validation Loss: 0.9686, Validation Accuracy: 65.91%
[Epoch 14, Batch   100] loss: 0.974
[Epoch 14, Batch   200] loss: 0.975
[Epoch 14, Batch   300] loss: 0.975
[Epoch 14, Batch   400] loss: 0.975
[Epoch 14, Batch   500] loss: 0.975
[Epoch 14, Batch   600] loss: 0.975
[Epoch 14, Batch   700] loss: 0.975
Epoch 14/20:
Train Loss: 0.1011, Train Accuracy: 72.82%
Validation Loss: 0.9674, Validation Accuracy: 67.65%
[Epoch 15, Batch   100] loss: 0.974
[Epoch 15, Batch   200] loss: 0.975
[Epoch 15, Batch   300] loss: 0.975
[Epoch 15, Batch   400] loss: 0.975
[Epoch 15, Batch   500] loss: 0.975
[Epoch 15, Batch   600] loss: 0.975
[Epoch 15, Batch   700] loss: 0.975
Epoch 15/20:
Train Loss: 0.1011, Train Accuracy: 73.25%
Validation Loss: 0.9685, Validation Accuracy: 66.93%
[Epoch 16, Batch   100] loss: 0.974
[Epoch 16, Batch   200] loss: 0.974
[Epoch 16, Batch   300] loss: 0.975
[Epoch 16, Batch   400] loss: 0.975
[Epoch 16, Batch   500] loss: 0.975
[Epoch 16, Batch   600] loss: 0.975
[Epoch 16, Batch   700] loss: 0.974
Epoch 16/20:
Train Loss: 0.1011, Train Accuracy: 73.88%
Validation Loss: 0.9690, Validation Accuracy: 63.94%
[Epoch 17, Batch   100] loss: 0.974
[Epoch 17, Batch   200] loss: 0.974
[Epoch 17, Batch   300] loss: 0.974
[Epoch 17, Batch   400] loss: 0.974
[Epoch 17, Batch   500] loss: 0.974
[Epoch 17, Batch   600] loss: 0.974
[Epoch 17, Batch   700] loss: 0.975
Epoch 17/20:
Train Loss: 0.1011, Train Accuracy: 74.90%
Validation Loss: 0.9676, Validation Accuracy: 65.98%
[Epoch 18, Batch   100] loss: 0.974
[Epoch 18, Batch   200] loss: 0.974
[Epoch 18, Batch   300] loss: 0.974
[Epoch 18, Batch   400] loss: 0.974
[Epoch 18, Batch   500] loss: 0.975
[Epoch 18, Batch   600] loss: 0.975
[Epoch 18, Batch   700] loss: 0.974
Epoch 18/20:
Train Loss: 0.1011, Train Accuracy: 74.79%
Validation Loss: 0.9683, Validation Accuracy: 67.41%
[Epoch 19, Batch   100] loss: 0.974
[Epoch 19, Batch   200] loss: 0.974
[Epoch 19, Batch   300] loss: 0.974
[Epoch 19, Batch   400] loss: 0.974
[Epoch 19, Batch   500] loss: 0.974
[Epoch 19, Batch   600] loss: 0.974
[Epoch 19, Batch   700] loss: 0.974
Epoch 19/20:
Train Loss: 0.1011, Train Accuracy: 75.29%
Validation Loss: 0.9681, Validation Accuracy: 66.08%
[Epoch 20, Batch   100] loss: 0.974
[Epoch 20, Batch   200] loss: 0.974
[Epoch 20, Batch   300] loss: 0.974
[Epoch 20, Batch   400] loss: 0.974
[Epoch 20, Batch   500] loss: 0.974
[Epoch 20, Batch   600] loss: 0.974
[Epoch 20, Batch   700] loss: 0.974
Epoch 20/20:
Train Loss: 0.1011, Train Accuracy: 75.98%
Validation Loss: 0.9676, Validation Accuracy: 68.21%
Model saved to models/resnet18_CIFAR10_E1_1
Modified fc layer: updated out_features to 10.
Loaded weights from file: models/resnet18_CIFAR10_E1_1
Files already downloaded and verified
Files already downloaded and verified
Modified fc layer: updated out_features to 10.
Initialized untrained model.
resnet18-CIFAR10-random-0.3-1
[Epoch 1, Batch     2] loss: 0.048
[Epoch 1, Batch   102] loss: 1.813
[Epoch 1, Batch   202] loss: 1.566
[Epoch 1, Batch   302] loss: 1.461
[Epoch 1, Batch   402] loss: 1.371
[Epoch 1, Batch   502] loss: 1.293
Epoch 1/20:
Train Loss: 0.1074, Train Accuracy: 46.28%
Validation Loss: 1.5918, Validation Accuracy: 45.33%
[Epoch 2, Batch     2] loss: 0.024
[Epoch 2, Batch   102] loss: 1.197
[Epoch 2, Batch   202] loss: 1.178
[Epoch 2, Batch   302] loss: 1.108
[Epoch 2, Batch   402] loss: 1.062
[Epoch 2, Batch   502] loss: 1.073
Epoch 2/20:
Train Loss: 0.0829, Train Accuracy: 60.48%
Validation Loss: 1.1719, Validation Accuracy: 58.71%
[Epoch 3, Batch     2] loss: 0.017
[Epoch 3, Batch   102] loss: 0.953
[Epoch 3, Batch   202] loss: 0.980
[Epoch 3, Batch   302] loss: 0.908
[Epoch 3, Batch   402] loss: 0.951
[Epoch 3, Batch   502] loss: 0.906
Epoch 3/20:
Train Loss: 0.0721, Train Accuracy: 66.99%
Validation Loss: 1.2136, Validation Accuracy: 59.72%
[Epoch 4, Batch     2] loss: 0.015
[Epoch 4, Batch   102] loss: 0.801
[Epoch 4, Batch   202] loss: 0.828
[Epoch 4, Batch   302] loss: 0.830
[Epoch 4, Batch   402] loss: 0.803
[Epoch 4, Batch   502] loss: 0.804
Epoch 4/20:
Train Loss: 0.0638, Train Accuracy: 71.51%
Validation Loss: 1.1266, Validation Accuracy: 60.57%
[Epoch 5, Batch     2] loss: 0.012
[Epoch 5, Batch   102] loss: 0.662
[Epoch 5, Batch   202] loss: 0.692
[Epoch 5, Batch   302] loss: 0.705
[Epoch 5, Batch   402] loss: 0.705
[Epoch 5, Batch   502] loss: 0.701
Epoch 5/20:
Train Loss: 0.0577, Train Accuracy: 75.69%
Validation Loss: 1.0115, Validation Accuracy: 65.31%
[Epoch 6, Batch     2] loss: 0.013
[Epoch 6, Batch   102] loss: 0.556
[Epoch 6, Batch   202] loss: 0.611
[Epoch 6, Batch   302] loss: 0.629
[Epoch 6, Batch   402] loss: 0.649
[Epoch 6, Batch   502] loss: 0.621
Epoch 6/20:
Train Loss: 0.0501, Train Accuracy: 78.46%
Validation Loss: 0.8301, Validation Accuracy: 71.96%
[Epoch 7, Batch     2] loss: 0.010
[Epoch 7, Batch   102] loss: 0.458
[Epoch 7, Batch   202] loss: 0.516
[Epoch 7, Batch   302] loss: 0.559
[Epoch 7, Batch   402] loss: 0.563
[Epoch 7, Batch   502] loss: 0.533
Epoch 7/20:
Train Loss: 0.0456, Train Accuracy: 81.53%
Validation Loss: 0.9279, Validation Accuracy: 69.50%
[Epoch 8, Batch     2] loss: 0.009
[Epoch 8, Batch   102] loss: 0.404
[Epoch 8, Batch   202] loss: 0.463
[Epoch 8, Batch   302] loss: 0.439
[Epoch 8, Batch   402] loss: 0.478
[Epoch 8, Batch   502] loss: 0.469
Epoch 8/20:
Train Loss: 0.0390, Train Accuracy: 84.29%
Validation Loss: 0.9506, Validation Accuracy: 69.42%
[Epoch 9, Batch     2] loss: 0.007
[Epoch 9, Batch   102] loss: 0.322
[Epoch 9, Batch   202] loss: 0.388
[Epoch 9, Batch   302] loss: 0.394
[Epoch 9, Batch   402] loss: 0.402
[Epoch 9, Batch   502] loss: 0.413
Epoch 9/20:
Train Loss: 0.0327, Train Accuracy: 86.50%
Validation Loss: 0.9192, Validation Accuracy: 72.16%
[Epoch 10, Batch     2] loss: 0.005
[Epoch 10, Batch   102] loss: 0.261
[Epoch 10, Batch   202] loss: 0.310
[Epoch 10, Batch   302] loss: 0.335
[Epoch 10, Batch   402] loss: 0.362
[Epoch 10, Batch   502] loss: 0.363
Epoch 10/20:
Train Loss: 0.0300, Train Accuracy: 88.29%
Validation Loss: 0.9426, Validation Accuracy: 71.64%
[Epoch 11, Batch     2] loss: 0.003
[Epoch 11, Batch   102] loss: 0.209
[Epoch 11, Batch   202] loss: 0.281
[Epoch 11, Batch   302] loss: 0.278
[Epoch 11, Batch   402] loss: 0.298
[Epoch 11, Batch   502] loss: 0.295
Epoch 11/20:
Train Loss: 0.0270, Train Accuracy: 90.30%
Validation Loss: 0.9897, Validation Accuracy: 70.85%
[Epoch 12, Batch     2] loss: 0.006
[Epoch 12, Batch   102] loss: 0.176
[Epoch 12, Batch   202] loss: 0.218
[Epoch 12, Batch   302] loss: 0.236
[Epoch 12, Batch   402] loss: 0.263
[Epoch 12, Batch   502] loss: 0.258
Epoch 12/20:
Train Loss: 0.0229, Train Accuracy: 91.67%
Validation Loss: 1.0876, Validation Accuracy: 70.53%
[Epoch 13, Batch     2] loss: 0.002
[Epoch 13, Batch   102] loss: 0.162
[Epoch 13, Batch   202] loss: 0.178
[Epoch 13, Batch   302] loss: 0.209
[Epoch 13, Batch   402] loss: 0.221
[Epoch 13, Batch   502] loss: 0.232
Epoch 13/20:
Train Loss: 0.0202, Train Accuracy: 92.98%
Validation Loss: 1.1389, Validation Accuracy: 69.66%
[Epoch 14, Batch     2] loss: 0.005
[Epoch 14, Batch   102] loss: 0.148
[Epoch 14, Batch   202] loss: 0.150
[Epoch 14, Batch   302] loss: 0.177
[Epoch 14, Batch   402] loss: 0.187
[Epoch 14, Batch   502] loss: 0.203
Epoch 14/20:
Train Loss: 0.0174, Train Accuracy: 93.82%
Validation Loss: 1.0888, Validation Accuracy: 71.66%
[Epoch 15, Batch     2] loss: 0.002
[Epoch 15, Batch   102] loss: 0.104
[Epoch 15, Batch   202] loss: 0.144
[Epoch 15, Batch   302] loss: 0.165
[Epoch 15, Batch   402] loss: 0.194
[Epoch 15, Batch   502] loss: 0.207
Epoch 15/20:
Train Loss: 0.0148, Train Accuracy: 94.17%
Validation Loss: 1.0692, Validation Accuracy: 72.86%
[Epoch 16, Batch     2] loss: 0.001
[Epoch 16, Batch   102] loss: 0.110
[Epoch 16, Batch   202] loss: 0.133
[Epoch 16, Batch   302] loss: 0.148
[Epoch 16, Batch   402] loss: 0.162
[Epoch 16, Batch   502] loss: 0.159
Epoch 16/20:
Train Loss: 0.0147, Train Accuracy: 94.91%
Validation Loss: 1.1799, Validation Accuracy: 72.09%
[Epoch 17, Batch     2] loss: 0.002
[Epoch 17, Batch   102] loss: 0.118
[Epoch 17, Batch   202] loss: 0.102
[Epoch 17, Batch   302] loss: 0.143
[Epoch 17, Batch   402] loss: 0.147
[Epoch 17, Batch   502] loss: 0.162
Epoch 17/20:
Train Loss: 0.0139, Train Accuracy: 95.21%
Validation Loss: 1.2546, Validation Accuracy: 70.75%
[Epoch 18, Batch     2] loss: 0.001
[Epoch 18, Batch   102] loss: 0.114
[Epoch 18, Batch   202] loss: 0.134
[Epoch 18, Batch   302] loss: 0.110
[Epoch 18, Batch   402] loss: 0.148
[Epoch 18, Batch   502] loss: 0.161
Epoch 18/20:
Train Loss: 0.0145, Train Accuracy: 95.24%
Validation Loss: 1.1304, Validation Accuracy: 72.77%
[Epoch 19, Batch     2] loss: 0.003
[Epoch 19, Batch   102] loss: 0.098
[Epoch 19, Batch   202] loss: 0.099
[Epoch 19, Batch   302] loss: 0.109
[Epoch 19, Batch   402] loss: 0.144
[Epoch 19, Batch   502] loss: 0.127
Epoch 19/20:
Train Loss: 0.0127, Train Accuracy: 95.93%
Validation Loss: 1.2344, Validation Accuracy: 71.15%
[Epoch 20, Batch     2] loss: 0.001
[Epoch 20, Batch   102] loss: 0.089
[Epoch 20, Batch   202] loss: 0.104
[Epoch 20, Batch   302] loss: 0.115
[Epoch 20, Batch   402] loss: 0.121
[Epoch 20, Batch   502] loss: 0.136
Epoch 20/20:
Train Loss: 0.0131, Train Accuracy: 95.89%
Validation Loss: 1.2144, Validation Accuracy: 71.61%
Model saved to models/resnet18-CIFAR10-random-0.3-1
Modified fc layer: updated out_features to 10.
Initialized untrained model.
resnet18-CIFAR10-random-0.5-1
[Epoch 1, Batch     2] loss: 0.047
[Epoch 1, Batch   102] loss: 1.834
[Epoch 1, Batch   202] loss: 1.540
[Epoch 1, Batch   302] loss: 1.420
Epoch 1/20:
Train Loss: 0.3098, Train Accuracy: 43.79%
Validation Loss: 1.5657, Validation Accuracy: 45.23%
[Epoch 2, Batch     2] loss: 0.027
[Epoch 2, Batch   102] loss: 1.241
[Epoch 2, Batch   202] loss: 1.203
[Epoch 2, Batch   302] loss: 1.143
Epoch 2/20:
Train Loss: 0.2621, Train Accuracy: 57.78%
Validation Loss: 1.3650, Validation Accuracy: 52.18%
[Epoch 3, Batch     2] loss: 0.016
[Epoch 3, Batch   102] loss: 1.047
[Epoch 3, Batch   202] loss: 1.025
[Epoch 3, Batch   302] loss: 0.999
Epoch 3/20:
Train Loss: 0.2222, Train Accuracy: 64.12%
Validation Loss: 1.1766, Validation Accuracy: 59.51%
[Epoch 4, Batch     2] loss: 0.019
[Epoch 4, Batch   102] loss: 0.879
[Epoch 4, Batch   202] loss: 0.885
[Epoch 4, Batch   302] loss: 0.862
Epoch 4/20:
Train Loss: 0.2016, Train Accuracy: 69.19%
Validation Loss: 1.7341, Validation Accuracy: 47.02%
[Epoch 5, Batch     2] loss: 0.015
[Epoch 5, Batch   102] loss: 0.729
[Epoch 5, Batch   202] loss: 0.784
[Epoch 5, Batch   302] loss: 0.773
Epoch 5/20:
Train Loss: 0.1725, Train Accuracy: 73.23%
Validation Loss: 1.0981, Validation Accuracy: 63.19%
[Epoch 6, Batch     2] loss: 0.017
[Epoch 6, Batch   102] loss: 0.635
[Epoch 6, Batch   202] loss: 0.669
[Epoch 6, Batch   302] loss: 0.687
Epoch 6/20:
Train Loss: 0.1533, Train Accuracy: 76.49%
Validation Loss: 1.2166, Validation Accuracy: 60.55%
[Epoch 7, Batch     2] loss: 0.011
[Epoch 7, Batch   102] loss: 0.550
[Epoch 7, Batch   202] loss: 0.602
[Epoch 7, Batch   302] loss: 0.592
Epoch 7/20:
Train Loss: 0.1356, Train Accuracy: 79.50%
Validation Loss: 0.9771, Validation Accuracy: 67.40%
[Epoch 8, Batch     2] loss: 0.008
[Epoch 8, Batch   102] loss: 0.440
[Epoch 8, Batch   202] loss: 0.501
[Epoch 8, Batch   302] loss: 0.527
Epoch 8/20:
Train Loss: 0.1198, Train Accuracy: 82.60%
Validation Loss: 1.1767, Validation Accuracy: 63.55%
[Epoch 9, Batch     2] loss: 0.007
[Epoch 9, Batch   102] loss: 0.355
[Epoch 9, Batch   202] loss: 0.408
[Epoch 9, Batch   302] loss: 0.457
Epoch 9/20:
Train Loss: 0.0991, Train Accuracy: 85.58%
Validation Loss: 1.0873, Validation Accuracy: 68.14%
[Epoch 10, Batch     2] loss: 0.005
[Epoch 10, Batch   102] loss: 0.317
[Epoch 10, Batch   202] loss: 0.327
[Epoch 10, Batch   302] loss: 0.361
Epoch 10/20:
Train Loss: 0.0914, Train Accuracy: 87.90%
Validation Loss: 1.0628, Validation Accuracy: 69.50%
[Epoch 11, Batch     2] loss: 0.005
[Epoch 11, Batch   102] loss: 0.249
[Epoch 11, Batch   202] loss: 0.299
[Epoch 11, Batch   302] loss: 0.311
Epoch 11/20:
Train Loss: 0.0728, Train Accuracy: 89.71%
Validation Loss: 1.1492, Validation Accuracy: 68.00%
[Epoch 12, Batch     2] loss: 0.003
[Epoch 12, Batch   102] loss: 0.201
[Epoch 12, Batch   202] loss: 0.244
[Epoch 12, Batch   302] loss: 0.273
Epoch 12/20:
Train Loss: 0.0673, Train Accuracy: 91.19%
Validation Loss: 1.2015, Validation Accuracy: 67.49%
[Epoch 13, Batch     2] loss: 0.003
[Epoch 13, Batch   102] loss: 0.180
[Epoch 13, Batch   202] loss: 0.191
[Epoch 13, Batch   302] loss: 0.236
Epoch 13/20:
Train Loss: 0.0575, Train Accuracy: 92.54%
Validation Loss: 1.3999, Validation Accuracy: 65.49%
[Epoch 14, Batch     2] loss: 0.003
[Epoch 14, Batch   102] loss: 0.147
[Epoch 14, Batch   202] loss: 0.166
[Epoch 14, Batch   302] loss: 0.211
Epoch 14/20:
Train Loss: 0.0557, Train Accuracy: 93.47%
Validation Loss: 1.2761, Validation Accuracy: 67.41%
[Epoch 15, Batch     2] loss: 0.002
[Epoch 15, Batch   102] loss: 0.137
[Epoch 15, Batch   202] loss: 0.158
[Epoch 15, Batch   302] loss: 0.188
Epoch 15/20:
Train Loss: 0.0420, Train Accuracy: 94.29%
Validation Loss: 1.4789, Validation Accuracy: 66.01%
[Epoch 16, Batch     2] loss: 0.001
[Epoch 16, Batch   102] loss: 0.125
[Epoch 16, Batch   202] loss: 0.159
[Epoch 16, Batch   302] loss: 0.176
Epoch 16/20:
Train Loss: 0.0415, Train Accuracy: 94.32%
Validation Loss: 1.2709, Validation Accuracy: 68.82%
[Epoch 17, Batch     2] loss: 0.002
[Epoch 17, Batch   102] loss: 0.093
[Epoch 17, Batch   202] loss: 0.123
[Epoch 17, Batch   302] loss: 0.194
Epoch 17/20:
Train Loss: 0.0373, Train Accuracy: 95.12%
Validation Loss: 1.3237, Validation Accuracy: 69.14%
[Epoch 18, Batch     2] loss: 0.002
[Epoch 18, Batch   102] loss: 0.094
[Epoch 18, Batch   202] loss: 0.125
[Epoch 18, Batch   302] loss: 0.149
Epoch 18/20:
Train Loss: 0.0363, Train Accuracy: 95.45%
Validation Loss: 1.4483, Validation Accuracy: 67.61%
[Epoch 19, Batch     2] loss: 0.004
[Epoch 19, Batch   102] loss: 0.105
[Epoch 19, Batch   202] loss: 0.126
[Epoch 19, Batch   302] loss: 0.130
Epoch 19/20:
Train Loss: 0.0338, Train Accuracy: 95.55%
Validation Loss: 1.4213, Validation Accuracy: 69.53%
[Epoch 20, Batch     2] loss: 0.001
[Epoch 20, Batch   102] loss: 0.097
[Epoch 20, Batch   202] loss: 0.110
[Epoch 20, Batch   302] loss: 0.127
Epoch 20/20:
Train Loss: 0.0318, Train Accuracy: 95.99%
Validation Loss: 1.4000, Validation Accuracy: 68.35%
Model saved to models/resnet18-CIFAR10-random-0.5-1
Modified fc layer: updated out_features to 10.
Initialized untrained model.
resnet18-CIFAR10-random-0.7-1
[Epoch 1, Batch     2] loss: 0.050
[Epoch 1, Batch   102] loss: 1.816
[Epoch 1, Batch   202] loss: 1.542
Epoch 1/20:
Train Loss: 0.1980, Train Accuracy: 40.95%
Validation Loss: 1.6587, Validation Accuracy: 41.59%
[Epoch 2, Batch     2] loss: 0.026
[Epoch 2, Batch   102] loss: 1.350
[Epoch 2, Batch   202] loss: 1.336
Epoch 2/20:
Train Loss: 0.1798, Train Accuracy: 52.34%
Validation Loss: 1.3808, Validation Accuracy: 49.82%
[Epoch 3, Batch     2] loss: 0.023
[Epoch 3, Batch   102] loss: 1.130
[Epoch 3, Batch   202] loss: 1.142
Epoch 3/20:
Train Loss: 0.1537, Train Accuracy: 60.00%
Validation Loss: 1.3401, Validation Accuracy: 53.93%
[Epoch 4, Batch     2] loss: 0.018
[Epoch 4, Batch   102] loss: 0.977
[Epoch 4, Batch   202] loss: 1.010
Epoch 4/20:
Train Loss: 0.1380, Train Accuracy: 65.12%
Validation Loss: 1.3755, Validation Accuracy: 53.66%
[Epoch 5, Batch     2] loss: 0.016
[Epoch 5, Batch   102] loss: 0.851
[Epoch 5, Batch   202] loss: 0.890
Epoch 5/20:
Train Loss: 0.1228, Train Accuracy: 69.43%
Validation Loss: 1.1821, Validation Accuracy: 60.00%
[Epoch 6, Batch     2] loss: 0.016
[Epoch 6, Batch   102] loss: 0.700
[Epoch 6, Batch   202] loss: 0.754
Epoch 6/20:
Train Loss: 0.1074, Train Accuracy: 74.41%
Validation Loss: 1.1573, Validation Accuracy: 61.64%
[Epoch 7, Batch     2] loss: 0.009
[Epoch 7, Batch   102] loss: 0.585
[Epoch 7, Batch   202] loss: 0.657
Epoch 7/20:
Train Loss: 0.0900, Train Accuracy: 78.71%
Validation Loss: 1.1639, Validation Accuracy: 61.70%
[Epoch 8, Batch     2] loss: 0.008
[Epoch 8, Batch   102] loss: 0.489
[Epoch 8, Batch   202] loss: 0.576
Epoch 8/20:
Train Loss: 0.0800, Train Accuracy: 81.79%
Validation Loss: 1.3951, Validation Accuracy: 59.44%
[Epoch 9, Batch     2] loss: 0.009
[Epoch 9, Batch   102] loss: 0.382
[Epoch 9, Batch   202] loss: 0.465
Epoch 9/20:
Train Loss: 0.0692, Train Accuracy: 84.89%
Validation Loss: 1.3036, Validation Accuracy: 61.53%
[Epoch 10, Batch     2] loss: 0.006
[Epoch 10, Batch   102] loss: 0.333
[Epoch 10, Batch   202] loss: 0.418
Epoch 10/20:
Train Loss: 0.0534, Train Accuracy: 86.88%
Validation Loss: 1.3724, Validation Accuracy: 60.70%
[Epoch 11, Batch     2] loss: 0.005
[Epoch 11, Batch   102] loss: 0.254
[Epoch 11, Batch   202] loss: 0.317
Epoch 11/20:
Train Loss: 0.0526, Train Accuracy: 89.62%
Validation Loss: 1.4139, Validation Accuracy: 62.61%
[Epoch 12, Batch     2] loss: 0.004
[Epoch 12, Batch   102] loss: 0.219
[Epoch 12, Batch   202] loss: 0.263
Epoch 12/20:
Train Loss: 0.0459, Train Accuracy: 91.23%
Validation Loss: 1.4024, Validation Accuracy: 64.05%
[Epoch 13, Batch     2] loss: 0.004
[Epoch 13, Batch   102] loss: 0.173
[Epoch 13, Batch   202] loss: 0.250
Epoch 13/20:
Train Loss: 0.0385, Train Accuracy: 92.37%
Validation Loss: 1.5076, Validation Accuracy: 61.33%
[Epoch 14, Batch     2] loss: 0.003
[Epoch 14, Batch   102] loss: 0.158
[Epoch 14, Batch   202] loss: 0.207
Epoch 14/20:
Train Loss: 0.0287, Train Accuracy: 93.66%
Validation Loss: 1.5224, Validation Accuracy: 62.38%
[Epoch 15, Batch     2] loss: 0.003
[Epoch 15, Batch   102] loss: 0.145
[Epoch 15, Batch   202] loss: 0.195
Epoch 15/20:
Train Loss: 0.0285, Train Accuracy: 93.81%
Validation Loss: 1.4192, Validation Accuracy: 64.98%
[Epoch 16, Batch     2] loss: 0.001
[Epoch 16, Batch   102] loss: 0.122
[Epoch 16, Batch   202] loss: 0.167
Epoch 16/20:
Train Loss: 0.0257, Train Accuracy: 94.92%
Validation Loss: 1.6803, Validation Accuracy: 61.35%
[Epoch 17, Batch     2] loss: 0.003
[Epoch 17, Batch   102] loss: 0.111
[Epoch 17, Batch   202] loss: 0.154
Epoch 17/20:
Train Loss: 0.0267, Train Accuracy: 95.01%
Validation Loss: 1.6240, Validation Accuracy: 63.10%
[Epoch 18, Batch     2] loss: 0.002
[Epoch 18, Batch   102] loss: 0.117
[Epoch 18, Batch   202] loss: 0.153
Epoch 18/20:
Train Loss: 0.0288, Train Accuracy: 94.99%
Validation Loss: 1.6285, Validation Accuracy: 61.24%
[Epoch 19, Batch     2] loss: 0.003
[Epoch 19, Batch   102] loss: 0.114
[Epoch 19, Batch   202] loss: 0.142
Epoch 19/20:
Train Loss: 0.0265, Train Accuracy: 95.22%
Validation Loss: 1.6520, Validation Accuracy: 63.61%
[Epoch 20, Batch     2] loss: 0.005
[Epoch 20, Batch   102] loss: 0.085
[Epoch 20, Batch   202] loss: 0.130
Epoch 20/20:
Train Loss: 0.0256, Train Accuracy: 95.98%
Validation Loss: 1.7963, Validation Accuracy: 60.62%
Model saved to models/resnet18-CIFAR10-random-0.7-1
Modified fc layer: updated out_features to 10.
Initialized untrained model.
resnet18-CIFAR10-random-0.8-1
[Epoch 1, Batch     2] loss: 0.052
[Epoch 1, Batch   102] loss: 1.834
Epoch 1/20:
Train Loss: 0.5575, Train Accuracy: 36.48%
Validation Loss: 2.0560, Validation Accuracy: 35.90%
[Epoch 2, Batch     2] loss: 0.030
[Epoch 2, Batch   102] loss: 1.433
Epoch 2/20:
Train Loss: 0.4780, Train Accuracy: 49.06%
Validation Loss: 1.5952, Validation Accuracy: 44.40%
[Epoch 3, Batch     2] loss: 0.022
[Epoch 3, Batch   102] loss: 1.254
Epoch 3/20:
Train Loss: 0.4238, Train Accuracy: 55.81%
Validation Loss: 1.8002, Validation Accuracy: 39.81%
[Epoch 4, Batch     2] loss: 0.018
[Epoch 4, Batch   102] loss: 1.092
Epoch 4/20:
Train Loss: 0.3846, Train Accuracy: 60.94%
Validation Loss: 1.4603, Validation Accuracy: 50.25%
[Epoch 5, Batch     2] loss: 0.018
[Epoch 5, Batch   102] loss: 0.955
Epoch 5/20:
Train Loss: 0.3482, Train Accuracy: 65.66%
Validation Loss: 1.3699, Validation Accuracy: 53.23%
[Epoch 6, Batch     2] loss: 0.016
[Epoch 6, Batch   102] loss: 0.799
Epoch 6/20:
Train Loss: 0.2981, Train Accuracy: 70.90%
Validation Loss: 1.3496, Validation Accuracy: 54.36%
[Epoch 7, Batch     2] loss: 0.013
[Epoch 7, Batch   102] loss: 0.672
Epoch 7/20:
Train Loss: 0.2545, Train Accuracy: 75.24%
Validation Loss: 1.5992, Validation Accuracy: 50.99%
[Epoch 8, Batch     2] loss: 0.011
[Epoch 8, Batch   102] loss: 0.553
Epoch 8/20:
Train Loss: 0.2253, Train Accuracy: 79.72%
Validation Loss: 1.3820, Validation Accuracy: 58.02%
[Epoch 9, Batch     2] loss: 0.009
[Epoch 9, Batch   102] loss: 0.420
Epoch 9/20:
Train Loss: 0.1931, Train Accuracy: 83.82%
Validation Loss: 1.2950, Validation Accuracy: 59.92%
[Epoch 10, Batch     2] loss: 0.008
[Epoch 10, Batch   102] loss: 0.349
Epoch 10/20:
Train Loss: 0.1653, Train Accuracy: 86.63%
Validation Loss: 1.3995, Validation Accuracy: 59.55%
[Epoch 11, Batch     2] loss: 0.003
[Epoch 11, Batch   102] loss: 0.305
Epoch 11/20:
Train Loss: 0.1189, Train Accuracy: 89.10%
Validation Loss: 1.7049, Validation Accuracy: 54.15%
[Epoch 12, Batch     2] loss: 0.004
[Epoch 12, Batch   102] loss: 0.259
Epoch 12/20:
Train Loss: 0.1210, Train Accuracy: 89.55%
Validation Loss: 1.6454, Validation Accuracy: 58.57%
[Epoch 13, Batch     2] loss: 0.004
[Epoch 13, Batch   102] loss: 0.201
Epoch 13/20:
Train Loss: 0.0822, Train Accuracy: 92.70%
Validation Loss: 1.7210, Validation Accuracy: 58.77%
[Epoch 14, Batch     2] loss: 0.004
[Epoch 14, Batch   102] loss: 0.194
Epoch 14/20:
Train Loss: 0.0816, Train Accuracy: 92.74%
Validation Loss: 1.6748, Validation Accuracy: 58.75%
[Epoch 15, Batch     2] loss: 0.003
[Epoch 15, Batch   102] loss: 0.156
Epoch 15/20:
Train Loss: 0.0672, Train Accuracy: 94.10%
Validation Loss: 1.8610, Validation Accuracy: 58.35%
[Epoch 16, Batch     2] loss: 0.004
[Epoch 16, Batch   102] loss: 0.145
Epoch 16/20:
Train Loss: 0.0552, Train Accuracy: 94.80%
Validation Loss: 1.7969, Validation Accuracy: 60.64%
[Epoch 17, Batch     2] loss: 0.002
[Epoch 17, Batch   102] loss: 0.103
Epoch 17/20:
Train Loss: 0.0512, Train Accuracy: 95.77%
Validation Loss: 1.8266, Validation Accuracy: 60.41%
[Epoch 18, Batch     2] loss: 0.003
[Epoch 18, Batch   102] loss: 0.133
Epoch 18/20:
Train Loss: 0.0596, Train Accuracy: 94.85%
Validation Loss: 2.1197, Validation Accuracy: 57.82%
[Epoch 19, Batch     2] loss: 0.003
[Epoch 19, Batch   102] loss: 0.112
Epoch 19/20:
Train Loss: 0.0506, Train Accuracy: 95.87%
Validation Loss: 1.9495, Validation Accuracy: 60.71%
[Epoch 20, Batch     2] loss: 0.002
[Epoch 20, Batch   102] loss: 0.120
Epoch 20/20:
Train Loss: 0.0456, Train Accuracy: 95.76%
Validation Loss: 2.2339, Validation Accuracy: 54.80%
Model saved to models/resnet18-CIFAR10-random-0.8-1
Modified fc layer: updated out_features to 10.
Initialized untrained model.
resnet18-CIFAR10-random-0.9-1
[Epoch 1, Batch     2] loss: 0.050
Epoch 1/20:
Train Loss: 1.8327, Train Accuracy: 33.09%
Validation Loss: 1.8007, Validation Accuracy: 36.43%
[Epoch 2, Batch     2] loss: 0.033
Epoch 2/20:
Train Loss: 1.4986, Train Accuracy: 44.51%
Validation Loss: 1.7003, Validation Accuracy: 39.29%
[Epoch 3, Batch     2] loss: 0.028
Epoch 3/20:
Train Loss: 1.3215, Train Accuracy: 51.26%
Validation Loss: 1.6477, Validation Accuracy: 40.82%
[Epoch 4, Batch     2] loss: 0.022
Epoch 4/20:
Train Loss: 1.1752, Train Accuracy: 56.77%
Validation Loss: 1.5862, Validation Accuracy: 44.70%
[Epoch 5, Batch     2] loss: 0.021
Epoch 5/20:
Train Loss: 1.0246, Train Accuracy: 62.00%
Validation Loss: 1.8669, Validation Accuracy: 41.68%
[Epoch 6, Batch     2] loss: 0.017
Epoch 6/20:
Train Loss: 0.8451, Train Accuracy: 68.73%
Validation Loss: 2.0088, Validation Accuracy: 39.93%
[Epoch 7, Batch     2] loss: 0.014
Epoch 7/20:
Train Loss: 0.7320, Train Accuracy: 73.26%
Validation Loss: 1.7049, Validation Accuracy: 46.47%
[Epoch 8, Batch     2] loss: 0.012
Epoch 8/20:
Train Loss: 0.5747, Train Accuracy: 79.25%
Validation Loss: 1.8167, Validation Accuracy: 46.34%
[Epoch 9, Batch     2] loss: 0.011
Epoch 9/20:
Train Loss: 0.4599, Train Accuracy: 83.91%
Validation Loss: 1.8557, Validation Accuracy: 50.58%
[Epoch 10, Batch     2] loss: 0.007
Epoch 10/20:
Train Loss: 0.3940, Train Accuracy: 85.72%
Validation Loss: 2.0937, Validation Accuracy: 48.20%
[Epoch 11, Batch     2] loss: 0.006
Epoch 11/20:
Train Loss: 0.2974, Train Accuracy: 89.14%
Validation Loss: 2.0219, Validation Accuracy: 48.47%
[Epoch 12, Batch     2] loss: 0.005
Epoch 12/20:
Train Loss: 0.2686, Train Accuracy: 90.62%
Validation Loss: 2.4613, Validation Accuracy: 46.60%
[Epoch 13, Batch     2] loss: 0.003
Epoch 13/20:
Train Loss: 0.2421, Train Accuracy: 91.25%
Validation Loss: 2.4781, Validation Accuracy: 47.53%
[Epoch 14, Batch     2] loss: 0.003
Epoch 14/20:
Train Loss: 0.1910, Train Accuracy: 93.51%
Validation Loss: 2.1137, Validation Accuracy: 51.83%
[Epoch 15, Batch     2] loss: 0.002
Epoch 15/20:
Train Loss: 0.1674, Train Accuracy: 94.43%
Validation Loss: 2.2672, Validation Accuracy: 47.33%
[Epoch 16, Batch     2] loss: 0.002
Epoch 16/20:
Train Loss: 0.1578, Train Accuracy: 94.67%
Validation Loss: 2.6825, Validation Accuracy: 45.20%
[Epoch 17, Batch     2] loss: 0.003
Epoch 17/20:
Train Loss: 0.1659, Train Accuracy: 94.11%
Validation Loss: 2.3223, Validation Accuracy: 50.18%
[Epoch 18, Batch     2] loss: 0.004
Epoch 18/20:
Train Loss: 0.1198, Train Accuracy: 95.67%
Validation Loss: 2.1771, Validation Accuracy: 53.83%
[Epoch 19, Batch     2] loss: 0.001
Epoch 19/20:
Train Loss: 0.1054, Train Accuracy: 96.29%
Validation Loss: 2.3026, Validation Accuracy: 49.87%
[Epoch 20, Batch     2] loss: 0.004
Epoch 20/20:
Train Loss: 0.0818, Train Accuracy: 97.04%
Validation Loss: 2.5550, Validation Accuracy: 50.33%
Model saved to models/resnet18-CIFAR10-random-0.9-1
Modified fc layer: updated out_features to 10.
Initialized untrained model.
resnet18-CIFAR10-random-0.95-1
[Epoch 1, Batch     2] loss: 0.050
Epoch 1/20:
Train Loss: 1.9184, Train Accuracy: 29.69%
Validation Loss: 2.7396, Validation Accuracy: 17.87%
[Epoch 2, Batch     2] loss: 0.031
Epoch 2/20:
Train Loss: 1.4826, Train Accuracy: 44.91%
Validation Loss: 1.7977, Validation Accuracy: 37.19%
[Epoch 3, Batch     2] loss: 0.025
Epoch 3/20:
Train Loss: 1.2776, Train Accuracy: 51.40%
Validation Loss: 2.5570, Validation Accuracy: 23.35%
[Epoch 4, Batch     2] loss: 0.023
Epoch 4/20:
Train Loss: 1.1246, Train Accuracy: 56.69%
Validation Loss: 2.4600, Validation Accuracy: 33.79%
[Epoch 5, Batch     2] loss: 0.019
Epoch 5/20:
Train Loss: 0.9242, Train Accuracy: 64.86%
Validation Loss: 2.4116, Validation Accuracy: 35.39%
[Epoch 6, Batch     2] loss: 0.013
Epoch 6/20:
Train Loss: 0.7531, Train Accuracy: 71.79%
Validation Loss: 1.9368, Validation Accuracy: 42.11%
[Epoch 7, Batch     2] loss: 0.011
Epoch 7/20:
Train Loss: 0.6247, Train Accuracy: 77.88%
Validation Loss: 2.5129, Validation Accuracy: 37.50%
[Epoch 8, Batch     2] loss: 0.010
Epoch 8/20:
Train Loss: 0.5480, Train Accuracy: 80.61%
Validation Loss: 2.2699, Validation Accuracy: 38.41%
[Epoch 9, Batch     2] loss: 0.010
Epoch 9/20:
Train Loss: 0.3982, Train Accuracy: 84.98%
Validation Loss: 2.3949, Validation Accuracy: 40.46%
[Epoch 10, Batch     2] loss: 0.004
Epoch 10/20:
Train Loss: 0.3488, Train Accuracy: 87.54%
Validation Loss: 2.5247, Validation Accuracy: 38.60%
[Epoch 11, Batch     2] loss: 0.003
Epoch 11/20:
Train Loss: 0.3174, Train Accuracy: 88.70%
Validation Loss: 2.5493, Validation Accuracy: 42.37%
[Epoch 12, Batch     2] loss: 0.005
Epoch 12/20:
Train Loss: 0.2761, Train Accuracy: 90.22%
Validation Loss: 2.6257, Validation Accuracy: 40.91%
[Epoch 13, Batch     2] loss: 0.007
Epoch 13/20:
Train Loss: 0.2077, Train Accuracy: 92.43%
Validation Loss: 2.7783, Validation Accuracy: 43.95%
[Epoch 14, Batch     2] loss: 0.004
Epoch 14/20:
Train Loss: 0.1919, Train Accuracy: 93.03%
Validation Loss: 2.9962, Validation Accuracy: 39.77%
[Epoch 15, Batch     2] loss: 0.003
Epoch 15/20:
Train Loss: 0.1661, Train Accuracy: 94.07%
Validation Loss: 2.9642, Validation Accuracy: 42.05%
[Epoch 16, Batch     2] loss: 0.003
Epoch 16/20:
Train Loss: 0.1693, Train Accuracy: 94.31%
Validation Loss: 2.5960, Validation Accuracy: 44.13%
[Epoch 17, Batch     2] loss: 0.002
Epoch 17/20:
Train Loss: 0.1732, Train Accuracy: 94.35%
Validation Loss: 2.8689, Validation Accuracy: 41.08%
[Epoch 18, Batch     2] loss: 0.002
Epoch 18/20:
Train Loss: 0.1191, Train Accuracy: 95.71%
Validation Loss: 2.9902, Validation Accuracy: 42.11%
[Epoch 19, Batch     2] loss: 0.003
Epoch 19/20:
Train Loss: 0.1059, Train Accuracy: 96.03%
Validation Loss: 2.9327, Validation Accuracy: 42.65%
[Epoch 20, Batch     2] loss: 0.002
Epoch 20/20:
Train Loss: 0.1196, Train Accuracy: 96.03%
Validation Loss: 2.6196, Validation Accuracy: 45.79%
Model saved to models/resnet18-CIFAR10-random-0.95-1
Modified fc layer: updated out_features to 10.
Loaded weights from file: models/resnet18_CIFAR10_E1_1
Files already downloaded and verified
Files already downloaded and verified
Modified fc layer: updated out_features to 10.
Initialized untrained model.
resnet18-CIFAR10-EVIDENCE-balanced_by_score-0.3-1
[Epoch 1, Batch     2] loss: 0.050
[Epoch 1, Batch   102] loss: 1.825
[Epoch 1, Batch   202] loss: 1.544
[Epoch 1, Batch   302] loss: 1.440
[Epoch 1, Batch   402] loss: 1.383
[Epoch 1, Batch   502] loss: 1.309
Epoch 1/20:
Train Loss: 0.0996, Train Accuracy: 46.65%
Validation Loss: 1.5138, Validation Accuracy: 47.47%
[Epoch 2, Batch     2] loss: 0.025
[Epoch 2, Batch   102] loss: 1.169
[Epoch 2, Batch   202] loss: 1.143
[Epoch 2, Batch   302] loss: 1.137
[Epoch 2, Batch   402] loss: 1.104
[Epoch 2, Batch   502] loss: 1.069
Epoch 2/20:
Train Loss: 0.0870, Train Accuracy: 60.15%
Validation Loss: 1.1714, Validation Accuracy: 58.52%
[Epoch 3, Batch     2] loss: 0.019
[Epoch 3, Batch   102] loss: 0.951
[Epoch 3, Batch   202] loss: 0.951
[Epoch 3, Batch   302] loss: 0.961
[Epoch 3, Batch   402] loss: 0.959
[Epoch 3, Batch   502] loss: 0.918
Epoch 3/20:
Train Loss: 0.0729, Train Accuracy: 66.86%
Validation Loss: 1.1773, Validation Accuracy: 60.33%
[Epoch 4, Batch     2] loss: 0.016
[Epoch 4, Batch   102] loss: 0.774
[Epoch 4, Batch   202] loss: 0.837
[Epoch 4, Batch   302] loss: 0.801
[Epoch 4, Batch   402] loss: 0.805
[Epoch 4, Batch   502] loss: 0.822
Epoch 4/20:
Train Loss: 0.0644, Train Accuracy: 71.83%
Validation Loss: 1.0315, Validation Accuracy: 64.38%
[Epoch 5, Batch     2] loss: 0.014
[Epoch 5, Batch   102] loss: 0.661
[Epoch 5, Batch   202] loss: 0.697
[Epoch 5, Batch   302] loss: 0.703
[Epoch 5, Batch   402] loss: 0.720
[Epoch 5, Batch   502] loss: 0.714
Epoch 5/20:
Train Loss: 0.0559, Train Accuracy: 75.58%
Validation Loss: 0.8884, Validation Accuracy: 69.74%
[Epoch 6, Batch     2] loss: 0.011
[Epoch 6, Batch   102] loss: 0.564
[Epoch 6, Batch   202] loss: 0.599
[Epoch 6, Batch   302] loss: 0.624
[Epoch 6, Batch   402] loss: 0.619
[Epoch 6, Batch   502] loss: 0.649
Epoch 6/20:
Train Loss: 0.0511, Train Accuracy: 78.72%
Validation Loss: 0.9640, Validation Accuracy: 68.62%
[Epoch 7, Batch     2] loss: 0.010
[Epoch 7, Batch   102] loss: 0.478
[Epoch 7, Batch   202] loss: 0.515
[Epoch 7, Batch   302] loss: 0.569
[Epoch 7, Batch   402] loss: 0.546
[Epoch 7, Batch   502] loss: 0.531
Epoch 7/20:
Train Loss: 0.0433, Train Accuracy: 81.73%
Validation Loss: 0.9733, Validation Accuracy: 69.68%
[Epoch 8, Batch     2] loss: 0.007
[Epoch 8, Batch   102] loss: 0.388
[Epoch 8, Batch   202] loss: 0.424
[Epoch 8, Batch   302] loss: 0.466
[Epoch 8, Batch   402] loss: 0.479
[Epoch 8, Batch   502] loss: 0.484
Epoch 8/20:
Train Loss: 0.0392, Train Accuracy: 84.43%
Validation Loss: 0.8458, Validation Accuracy: 72.72%
[Epoch 9, Batch     2] loss: 0.006
[Epoch 9, Batch   102] loss: 0.327
[Epoch 9, Batch   202] loss: 0.355
[Epoch 9, Batch   302] loss: 0.397
[Epoch 9, Batch   402] loss: 0.388
[Epoch 9, Batch   502] loss: 0.417
Epoch 9/20:
Train Loss: 0.0358, Train Accuracy: 86.69%
Validation Loss: 0.9585, Validation Accuracy: 70.24%
[Epoch 10, Batch     2] loss: 0.007
[Epoch 10, Batch   102] loss: 0.253
[Epoch 10, Batch   202] loss: 0.316
[Epoch 10, Batch   302] loss: 0.330
[Epoch 10, Batch   402] loss: 0.337
[Epoch 10, Batch   502] loss: 0.358
Epoch 10/20:
Train Loss: 0.0288, Train Accuracy: 88.78%
Validation Loss: 1.0074, Validation Accuracy: 71.40%
[Epoch 11, Batch     2] loss: 0.004
[Epoch 11, Batch   102] loss: 0.232
[Epoch 11, Batch   202] loss: 0.244
[Epoch 11, Batch   302] loss: 0.294
[Epoch 11, Batch   402] loss: 0.286
[Epoch 11, Batch   502] loss: 0.304
Epoch 11/20:
Train Loss: 0.0248, Train Accuracy: 90.45%
Validation Loss: 1.0060, Validation Accuracy: 70.80%
[Epoch 12, Batch     2] loss: 0.004
[Epoch 12, Batch   102] loss: 0.185
[Epoch 12, Batch   202] loss: 0.193
[Epoch 12, Batch   302] loss: 0.238
[Epoch 12, Batch   402] loss: 0.251
[Epoch 12, Batch   502] loss: 0.279
Epoch 12/20:
Train Loss: 0.0226, Train Accuracy: 91.92%
Validation Loss: 1.2188, Validation Accuracy: 68.13%
[Epoch 13, Batch     2] loss: 0.004
[Epoch 13, Batch   102] loss: 0.145
[Epoch 13, Batch   202] loss: 0.192
[Epoch 13, Batch   302] loss: 0.224
[Epoch 13, Batch   402] loss: 0.225
[Epoch 13, Batch   502] loss: 0.223
Epoch 13/20:
Train Loss: 0.0195, Train Accuracy: 92.87%
Validation Loss: 1.1303, Validation Accuracy: 70.84%
[Epoch 14, Batch     2] loss: 0.001
[Epoch 14, Batch   102] loss: 0.142
[Epoch 14, Batch   202] loss: 0.155
[Epoch 14, Batch   302] loss: 0.185
[Epoch 14, Batch   402] loss: 0.221
[Epoch 14, Batch   502] loss: 0.191
Epoch 14/20:
Train Loss: 0.0146, Train Accuracy: 93.78%
Validation Loss: 1.0866, Validation Accuracy: 71.93%
[Epoch 15, Batch     2] loss: 0.002
[Epoch 15, Batch   102] loss: 0.114
[Epoch 15, Batch   202] loss: 0.157
[Epoch 15, Batch   302] loss: 0.151
[Epoch 15, Batch   402] loss: 0.190
[Epoch 15, Batch   502] loss: 0.213
Epoch 15/20:
Train Loss: 0.0145, Train Accuracy: 94.19%
Validation Loss: 1.1266, Validation Accuracy: 72.26%
[Epoch 16, Batch     2] loss: 0.003
[Epoch 16, Batch   102] loss: 0.122
[Epoch 16, Batch   202] loss: 0.147
[Epoch 16, Batch   302] loss: 0.148
[Epoch 16, Batch   402] loss: 0.180
[Epoch 16, Batch   502] loss: 0.170
Epoch 16/20:
Train Loss: 0.0144, Train Accuracy: 94.58%
Validation Loss: 1.1722, Validation Accuracy: 71.59%
[Epoch 17, Batch     2] loss: 0.002
[Epoch 17, Batch   102] loss: 0.104
[Epoch 17, Batch   202] loss: 0.121
[Epoch 17, Batch   302] loss: 0.145
[Epoch 17, Batch   402] loss: 0.173
[Epoch 17, Batch   502] loss: 0.150
Epoch 17/20:
Train Loss: 0.0121, Train Accuracy: 95.27%
Validation Loss: 1.0555, Validation Accuracy: 74.07%
[Epoch 18, Batch     2] loss: 0.001
[Epoch 18, Batch   102] loss: 0.094
[Epoch 18, Batch   202] loss: 0.108
[Epoch 18, Batch   302] loss: 0.128
[Epoch 18, Batch   402] loss: 0.153
[Epoch 18, Batch   502] loss: 0.161
Epoch 18/20:
Train Loss: 0.0116, Train Accuracy: 95.56%
Validation Loss: 1.1134, Validation Accuracy: 72.87%
[Epoch 19, Batch     2] loss: 0.003
[Epoch 19, Batch   102] loss: 0.090
[Epoch 19, Batch   202] loss: 0.116
[Epoch 19, Batch   302] loss: 0.121
[Epoch 19, Batch   402] loss: 0.146
[Epoch 19, Batch   502] loss: 0.157
Epoch 19/20:
Train Loss: 0.0123, Train Accuracy: 95.57%
Validation Loss: 1.1871, Validation Accuracy: 71.79%
[Epoch 20, Batch     2] loss: 0.002
[Epoch 20, Batch   102] loss: 0.087
[Epoch 20, Batch   202] loss: 0.094
[Epoch 20, Batch   302] loss: 0.135
[Epoch 20, Batch   402] loss: 0.147
[Epoch 20, Batch   502] loss: 0.143
Epoch 20/20:
Train Loss: 0.0105, Train Accuracy: 95.92%
Validation Loss: 1.1138, Validation Accuracy: 73.85%
Model saved to models/resnet18-CIFAR10-EVIDENCE-balanced_by_score-0.3-1
Modified fc layer: updated out_features to 10.
Initialized untrained model.
resnet18-CIFAR10-EVIDENCE-balanced_by_score-0.5-1
[Epoch 1, Batch     2] loss: 0.050
[Epoch 1, Batch   102] loss: 1.812
[Epoch 1, Batch   202] loss: 1.562
[Epoch 1, Batch   302] loss: 1.448
Epoch 1/20:
Train Loss: 0.3146, Train Accuracy: 43.46%
Validation Loss: 1.4704, Validation Accuracy: 46.52%
[Epoch 2, Batch     2] loss: 0.024
[Epoch 2, Batch   102] loss: 1.271
[Epoch 2, Batch   202] loss: 1.179
[Epoch 2, Batch   302] loss: 1.167
Epoch 2/20:
Train Loss: 0.2596, Train Accuracy: 57.93%
Validation Loss: 1.3608, Validation Accuracy: 51.66%
[Epoch 3, Batch     2] loss: 0.021
[Epoch 3, Batch   102] loss: 1.008
[Epoch 3, Batch   202] loss: 1.033
[Epoch 3, Batch   302] loss: 0.989
Epoch 3/20:
Train Loss: 0.2204, Train Accuracy: 65.07%
Validation Loss: 1.1777, Validation Accuracy: 60.30%
[Epoch 4, Batch     2] loss: 0.018
[Epoch 4, Batch   102] loss: 0.869
[Epoch 4, Batch   202] loss: 0.898
[Epoch 4, Batch   302] loss: 0.877
Epoch 4/20:
Train Loss: 0.1971, Train Accuracy: 69.31%
Validation Loss: 1.1424, Validation Accuracy: 60.69%
[Epoch 5, Batch     2] loss: 0.015
[Epoch 5, Batch   102] loss: 0.707
[Epoch 5, Batch   202] loss: 0.779
[Epoch 5, Batch   302] loss: 0.768
Epoch 5/20:
Train Loss: 0.1733, Train Accuracy: 73.76%
Validation Loss: 0.9892, Validation Accuracy: 65.67%
[Epoch 6, Batch     2] loss: 0.013
[Epoch 6, Batch   102] loss: 0.604
[Epoch 6, Batch   202] loss: 0.675
[Epoch 6, Batch   302] loss: 0.686
Epoch 6/20:
Train Loss: 0.1539, Train Accuracy: 76.72%
Validation Loss: 1.2977, Validation Accuracy: 59.71%
[Epoch 7, Batch     2] loss: 0.010
[Epoch 7, Batch   102] loss: 0.525
[Epoch 7, Batch   202] loss: 0.575
[Epoch 7, Batch   302] loss: 0.579
Epoch 7/20:
Train Loss: 0.1330, Train Accuracy: 80.15%
Validation Loss: 1.1027, Validation Accuracy: 64.20%
[Epoch 8, Batch     2] loss: 0.012
[Epoch 8, Batch   102] loss: 0.432
[Epoch 8, Batch   202] loss: 0.495
[Epoch 8, Batch   302] loss: 0.506
Epoch 8/20:
Train Loss: 0.1171, Train Accuracy: 83.05%
Validation Loss: 1.0670, Validation Accuracy: 66.23%
[Epoch 9, Batch     2] loss: 0.005
[Epoch 9, Batch   102] loss: 0.345
[Epoch 9, Batch   202] loss: 0.396
[Epoch 9, Batch   302] loss: 0.430
Epoch 9/20:
Train Loss: 0.0989, Train Accuracy: 86.02%
Validation Loss: 1.0093, Validation Accuracy: 68.54%
[Epoch 10, Batch     2] loss: 0.006
[Epoch 10, Batch   102] loss: 0.269
[Epoch 10, Batch   202] loss: 0.341
[Epoch 10, Batch   302] loss: 0.342
Epoch 10/20:
Train Loss: 0.0907, Train Accuracy: 88.21%
Validation Loss: 1.0596, Validation Accuracy: 68.09%
[Epoch 11, Batch     2] loss: 0.004
[Epoch 11, Batch   102] loss: 0.208
[Epoch 11, Batch   202] loss: 0.282
[Epoch 11, Batch   302] loss: 0.309
Epoch 11/20:
Train Loss: 0.0715, Train Accuracy: 90.31%
Validation Loss: 1.1717, Validation Accuracy: 67.70%
[Epoch 12, Batch     2] loss: 0.002
[Epoch 12, Batch   102] loss: 0.193
[Epoch 12, Batch   202] loss: 0.237
[Epoch 12, Batch   302] loss: 0.251
Epoch 12/20:
Train Loss: 0.0634, Train Accuracy: 91.71%
Validation Loss: 1.3488, Validation Accuracy: 64.88%
[Epoch 13, Batch     2] loss: 0.003
[Epoch 13, Batch   102] loss: 0.155
[Epoch 13, Batch   202] loss: 0.195
[Epoch 13, Batch   302] loss: 0.223
Epoch 13/20:
Train Loss: 0.0599, Train Accuracy: 92.89%
Validation Loss: 1.2219, Validation Accuracy: 68.04%
[Epoch 14, Batch     2] loss: 0.005
[Epoch 14, Batch   102] loss: 0.141
[Epoch 14, Batch   202] loss: 0.156
[Epoch 14, Batch   302] loss: 0.188
Epoch 14/20:
Train Loss: 0.0513, Train Accuracy: 93.84%
Validation Loss: 1.2788, Validation Accuracy: 68.75%
[Epoch 15, Batch     2] loss: 0.002
[Epoch 15, Batch   102] loss: 0.126
[Epoch 15, Batch   202] loss: 0.138
[Epoch 15, Batch   302] loss: 0.200
Epoch 15/20:
Train Loss: 0.0485, Train Accuracy: 94.08%
Validation Loss: 1.2535, Validation Accuracy: 69.03%
[Epoch 16, Batch     2] loss: 0.002
[Epoch 16, Batch   102] loss: 0.120
[Epoch 16, Batch   202] loss: 0.137
[Epoch 16, Batch   302] loss: 0.151
Epoch 16/20:
Train Loss: 0.0423, Train Accuracy: 94.85%
Validation Loss: 1.1962, Validation Accuracy: 70.55%
[Epoch 17, Batch     2] loss: 0.001
[Epoch 17, Batch   102] loss: 0.105
[Epoch 17, Batch   202] loss: 0.129
[Epoch 17, Batch   302] loss: 0.157
Epoch 17/20:
Train Loss: 0.0378, Train Accuracy: 95.22%
Validation Loss: 1.2880, Validation Accuracy: 68.83%
[Epoch 18, Batch     2] loss: 0.002
[Epoch 18, Batch   102] loss: 0.103
[Epoch 18, Batch   202] loss: 0.108
[Epoch 18, Batch   302] loss: 0.144
Epoch 18/20:
Train Loss: 0.0334, Train Accuracy: 95.68%
Validation Loss: 1.4274, Validation Accuracy: 66.77%
[Epoch 19, Batch     2] loss: 0.001
[Epoch 19, Batch   102] loss: 0.115
[Epoch 19, Batch   202] loss: 0.108
[Epoch 19, Batch   302] loss: 0.146
Epoch 19/20:
Train Loss: 0.0357, Train Accuracy: 95.52%
Validation Loss: 1.4450, Validation Accuracy: 66.54%
[Epoch 20, Batch     2] loss: 0.001
[Epoch 20, Batch   102] loss: 0.094
[Epoch 20, Batch   202] loss: 0.106
[Epoch 20, Batch   302] loss: 0.145
Epoch 20/20:
Train Loss: 0.0272, Train Accuracy: 96.00%
Validation Loss: 1.3211, Validation Accuracy: 69.98%
Model saved to models/resnet18-CIFAR10-EVIDENCE-balanced_by_score-0.5-1
Modified fc layer: updated out_features to 10.
Initialized untrained model.
resnet18-CIFAR10-EVIDENCE-balanced_by_score-0.7-1
[Epoch 1, Batch     2] loss: 0.048
[Epoch 1, Batch   102] loss: 1.823
[Epoch 1, Batch   202] loss: 1.529
Epoch 1/20:
Train Loss: 0.2034, Train Accuracy: 39.75%
Validation Loss: 1.4355, Validation Accuracy: 48.46%
[Epoch 2, Batch     2] loss: 0.026
[Epoch 2, Batch   102] loss: 1.333
[Epoch 2, Batch   202] loss: 1.320
Epoch 2/20:
Train Loss: 0.1763, Train Accuracy: 52.39%
Validation Loss: 1.4271, Validation Accuracy: 51.22%
[Epoch 3, Batch     2] loss: 0.024
[Epoch 3, Batch   102] loss: 1.135
[Epoch 3, Batch   202] loss: 1.161
Epoch 3/20:
Train Loss: 0.1514, Train Accuracy: 58.88%
Validation Loss: 1.2699, Validation Accuracy: 54.60%
[Epoch 4, Batch     2] loss: 0.020
[Epoch 4, Batch   102] loss: 0.956
[Epoch 4, Batch   202] loss: 1.008
Epoch 4/20:
Train Loss: 0.1361, Train Accuracy: 65.39%
Validation Loss: 1.2924, Validation Accuracy: 56.19%
[Epoch 5, Batch     2] loss: 0.014
[Epoch 5, Batch   102] loss: 0.843
[Epoch 5, Batch   202] loss: 0.868
Epoch 5/20:
Train Loss: 0.1219, Train Accuracy: 69.75%
Validation Loss: 1.6568, Validation Accuracy: 47.42%
[Epoch 6, Batch     2] loss: 0.015
[Epoch 6, Batch   102] loss: 0.708
[Epoch 6, Batch   202] loss: 0.774
Epoch 6/20:
Train Loss: 0.1039, Train Accuracy: 74.19%
Validation Loss: 1.1930, Validation Accuracy: 60.74%
[Epoch 7, Batch     2] loss: 0.011
[Epoch 7, Batch   102] loss: 0.603
[Epoch 7, Batch   202] loss: 0.671
Epoch 7/20:
Train Loss: 0.0983, Train Accuracy: 77.16%
Validation Loss: 1.1994, Validation Accuracy: 61.22%
[Epoch 8, Batch     2] loss: 0.010
[Epoch 8, Batch   102] loss: 0.479
[Epoch 8, Batch   202] loss: 0.595
Epoch 8/20:
Train Loss: 0.0763, Train Accuracy: 81.29%
Validation Loss: 1.2921, Validation Accuracy: 59.15%
[Epoch 9, Batch     2] loss: 0.008
[Epoch 9, Batch   102] loss: 0.401
[Epoch 9, Batch   202] loss: 0.468
Epoch 9/20:
Train Loss: 0.0634, Train Accuracy: 84.87%
Validation Loss: 1.1388, Validation Accuracy: 64.17%
[Epoch 10, Batch     2] loss: 0.006
[Epoch 10, Batch   102] loss: 0.338
[Epoch 10, Batch   202] loss: 0.389
Epoch 10/20:
Train Loss: 0.0525, Train Accuracy: 87.15%
Validation Loss: 1.3733, Validation Accuracy: 61.79%
[Epoch 11, Batch     2] loss: 0.005
[Epoch 11, Batch   102] loss: 0.251
[Epoch 11, Batch   202] loss: 0.356
Epoch 11/20:
Train Loss: 0.0467, Train Accuracy: 89.28%
Validation Loss: 1.3164, Validation Accuracy: 64.81%
[Epoch 12, Batch     2] loss: 0.004
[Epoch 12, Batch   102] loss: 0.206
[Epoch 12, Batch   202] loss: 0.290
Epoch 12/20:
Train Loss: 0.0400, Train Accuracy: 91.11%
Validation Loss: 1.4823, Validation Accuracy: 60.78%
[Epoch 13, Batch     2] loss: 0.003
[Epoch 13, Batch   102] loss: 0.176
[Epoch 13, Batch   202] loss: 0.242
Epoch 13/20:
Train Loss: 0.0346, Train Accuracy: 92.56%
Validation Loss: 1.6273, Validation Accuracy: 61.07%
[Epoch 14, Batch     2] loss: 0.009
[Epoch 14, Batch   102] loss: 0.158
[Epoch 14, Batch   202] loss: 0.189
Epoch 14/20:
Train Loss: 0.0328, Train Accuracy: 93.63%
Validation Loss: 1.3764, Validation Accuracy: 63.79%
[Epoch 15, Batch     2] loss: 0.002
[Epoch 15, Batch   102] loss: 0.124
[Epoch 15, Batch   202] loss: 0.184
Epoch 15/20:
Train Loss: 0.0311, Train Accuracy: 94.32%
Validation Loss: 1.5152, Validation Accuracy: 62.93%
[Epoch 16, Batch     2] loss: 0.004
[Epoch 16, Batch   102] loss: 0.134
[Epoch 16, Batch   202] loss: 0.169
Epoch 16/20:
Train Loss: 0.0277, Train Accuracy: 94.67%
Validation Loss: 1.3913, Validation Accuracy: 66.05%
[Epoch 17, Batch     2] loss: 0.002
[Epoch 17, Batch   102] loss: 0.116
[Epoch 17, Batch   202] loss: 0.142
Epoch 17/20:
Train Loss: 0.0246, Train Accuracy: 95.37%
Validation Loss: 1.5651, Validation Accuracy: 64.41%
[Epoch 18, Batch     2] loss: 0.001
[Epoch 18, Batch   102] loss: 0.126
[Epoch 18, Batch   202] loss: 0.142
Epoch 18/20:
Train Loss: 0.0198, Train Accuracy: 95.36%
Validation Loss: 1.6006, Validation Accuracy: 65.25%
[Epoch 19, Batch     2] loss: 0.001
[Epoch 19, Batch   102] loss: 0.106
[Epoch 19, Batch   202] loss: 0.130
Epoch 19/20:
Train Loss: 0.0215, Train Accuracy: 95.75%
Validation Loss: 1.5693, Validation Accuracy: 65.30%
[Epoch 20, Batch     2] loss: 0.002
[Epoch 20, Batch   102] loss: 0.113
[Epoch 20, Batch   202] loss: 0.136
Epoch 20/20:
Train Loss: 0.0225, Train Accuracy: 95.63%
Validation Loss: 1.5527, Validation Accuracy: 63.91%
Model saved to models/resnet18-CIFAR10-EVIDENCE-balanced_by_score-0.7-1
Modified fc layer: updated out_features to 10.
Initialized untrained model.
resnet18-CIFAR10-EVIDENCE-balanced_by_score-0.8-1
[Epoch 1, Batch     2] loss: 0.049
[Epoch 1, Batch   102] loss: 1.830
Epoch 1/20:
Train Loss: 0.5395, Train Accuracy: 37.03%
Validation Loss: 1.5937, Validation Accuracy: 41.10%
[Epoch 2, Batch     2] loss: 0.026
[Epoch 2, Batch   102] loss: 1.430
Epoch 2/20:
Train Loss: 0.4668, Train Accuracy: 48.70%
Validation Loss: 2.2540, Validation Accuracy: 30.39%
[Epoch 3, Batch     2] loss: 0.027
[Epoch 3, Batch   102] loss: 1.227
Epoch 3/20:
Train Loss: 0.4094, Train Accuracy: 56.31%
Validation Loss: 2.0377, Validation Accuracy: 37.35%
[Epoch 4, Batch     2] loss: 0.022
[Epoch 4, Batch   102] loss: 1.063
Epoch 4/20:
Train Loss: 0.3712, Train Accuracy: 61.43%
Validation Loss: 1.5402, Validation Accuracy: 47.07%
[Epoch 5, Batch     2] loss: 0.020
[Epoch 5, Batch   102] loss: 0.893
Epoch 5/20:
Train Loss: 0.3305, Train Accuracy: 66.93%
Validation Loss: 1.3851, Validation Accuracy: 53.56%
[Epoch 6, Batch     2] loss: 0.013
[Epoch 6, Batch   102] loss: 0.791
Epoch 6/20:
Train Loss: 0.2754, Train Accuracy: 71.61%
Validation Loss: 1.2230, Validation Accuracy: 58.34%
[Epoch 7, Batch     2] loss: 0.012
[Epoch 7, Batch   102] loss: 0.652
Epoch 7/20:
Train Loss: 0.2563, Train Accuracy: 75.63%
Validation Loss: 1.3833, Validation Accuracy: 55.31%
[Epoch 8, Batch     2] loss: 0.011
[Epoch 8, Batch   102] loss: 0.562
Epoch 8/20:
Train Loss: 0.2130, Train Accuracy: 79.83%
Validation Loss: 1.4123, Validation Accuracy: 56.20%
[Epoch 9, Batch     2] loss: 0.008
[Epoch 9, Batch   102] loss: 0.426
Epoch 9/20:
Train Loss: 0.1826, Train Accuracy: 83.49%
Validation Loss: 1.5299, Validation Accuracy: 54.84%
[Epoch 10, Batch     2] loss: 0.008
[Epoch 10, Batch   102] loss: 0.343
Epoch 10/20:
Train Loss: 0.1659, Train Accuracy: 86.25%
Validation Loss: 1.8538, Validation Accuracy: 51.56%
[Epoch 11, Batch     2] loss: 0.007
[Epoch 11, Batch   102] loss: 0.297
Epoch 11/20:
Train Loss: 0.1133, Train Accuracy: 88.92%
Validation Loss: 1.5556, Validation Accuracy: 58.98%
[Epoch 12, Batch     2] loss: 0.005
[Epoch 12, Batch   102] loss: 0.241
Epoch 12/20:
Train Loss: 0.0928, Train Accuracy: 91.16%
Validation Loss: 1.6755, Validation Accuracy: 58.43%
[Epoch 13, Batch     2] loss: 0.004
[Epoch 13, Batch   102] loss: 0.194
Epoch 13/20:
Train Loss: 0.0998, Train Accuracy: 92.22%
Validation Loss: 1.6680, Validation Accuracy: 58.63%
[Epoch 14, Batch     2] loss: 0.005
[Epoch 14, Batch   102] loss: 0.188
Epoch 14/20:
Train Loss: 0.0766, Train Accuracy: 93.15%
Validation Loss: 2.0990, Validation Accuracy: 52.48%
[Epoch 15, Batch     2] loss: 0.004
[Epoch 15, Batch   102] loss: 0.180
Epoch 15/20:
Train Loss: 0.0685, Train Accuracy: 93.63%
Validation Loss: 1.7623, Validation Accuracy: 58.85%
[Epoch 16, Batch     2] loss: 0.003
[Epoch 16, Batch   102] loss: 0.143
Epoch 16/20:
Train Loss: 0.0615, Train Accuracy: 94.60%
Validation Loss: 1.7932, Validation Accuracy: 59.26%
[Epoch 17, Batch     2] loss: 0.002
[Epoch 17, Batch   102] loss: 0.131
Epoch 17/20:
Train Loss: 0.0484, Train Accuracy: 95.54%
Validation Loss: 1.8939, Validation Accuracy: 59.51%
[Epoch 18, Batch     2] loss: 0.002
[Epoch 18, Batch   102] loss: 0.098
Epoch 18/20:
Train Loss: 0.0576, Train Accuracy: 95.86%
Validation Loss: 2.1189, Validation Accuracy: 55.16%
[Epoch 19, Batch     2] loss: 0.003
[Epoch 19, Batch   102] loss: 0.155
Epoch 19/20:
Train Loss: 0.0506, Train Accuracy: 94.73%
Validation Loss: 2.0152, Validation Accuracy: 57.77%
[Epoch 20, Batch     2] loss: 0.003
[Epoch 20, Batch   102] loss: 0.114
Epoch 20/20:
Train Loss: 0.0338, Train Accuracy: 96.20%
Validation Loss: 1.8887, Validation Accuracy: 60.29%
Model saved to models/resnet18-CIFAR10-EVIDENCE-balanced_by_score-0.8-1
Modified fc layer: updated out_features to 10.
Initialized untrained model.
resnet18-CIFAR10-EVIDENCE-balanced_by_score-0.9-1
[Epoch 1, Batch     2] loss: 0.050
Epoch 1/20:
Train Loss: 1.8488, Train Accuracy: 31.56%
Validation Loss: 1.8495, Validation Accuracy: 36.03%
[Epoch 2, Batch     2] loss: 0.033
Epoch 2/20:
Train Loss: 1.5222, Train Accuracy: 43.30%
Validation Loss: 1.6301, Validation Accuracy: 40.53%
[Epoch 3, Batch     2] loss: 0.029
Epoch 3/20:
Train Loss: 1.3014, Train Accuracy: 51.54%
Validation Loss: 1.7528, Validation Accuracy: 39.80%
[Epoch 4, Batch     2] loss: 0.023
Epoch 4/20:
Train Loss: 1.1461, Train Accuracy: 57.67%
Validation Loss: 1.6653, Validation Accuracy: 43.18%
[Epoch 5, Batch     2] loss: 0.019
Epoch 5/20:
Train Loss: 1.0377, Train Accuracy: 62.34%
Validation Loss: 1.5384, Validation Accuracy: 47.40%
[Epoch 6, Batch     2] loss: 0.012
Epoch 6/20:
Train Loss: 0.8631, Train Accuracy: 68.83%
Validation Loss: 1.8596, Validation Accuracy: 43.71%
[Epoch 7, Batch     2] loss: 0.015
Epoch 7/20:
Train Loss: 0.6942, Train Accuracy: 74.51%
Validation Loss: 1.9783, Validation Accuracy: 44.69%
[Epoch 8, Batch     2] loss: 0.011
Epoch 8/20:
Train Loss: 0.5673, Train Accuracy: 79.28%
Validation Loss: 1.7057, Validation Accuracy: 50.13%
[Epoch 9, Batch     2] loss: 0.008
Epoch 9/20:
Train Loss: 0.5007, Train Accuracy: 82.50%
Validation Loss: 1.8996, Validation Accuracy: 47.84%
[Epoch 10, Batch     2] loss: 0.006
Epoch 10/20:
Train Loss: 0.4069, Train Accuracy: 85.94%
Validation Loss: 2.2231, Validation Accuracy: 42.42%
[Epoch 11, Batch     2] loss: 0.008
Epoch 11/20:
Train Loss: 0.3144, Train Accuracy: 89.06%
Validation Loss: 2.0655, Validation Accuracy: 49.47%
[Epoch 12, Batch     2] loss: 0.006
Epoch 12/20:
Train Loss: 0.2450, Train Accuracy: 90.97%
Validation Loss: 2.1505, Validation Accuracy: 50.00%
[Epoch 13, Batch     2] loss: 0.004
Epoch 13/20:
Train Loss: 0.2657, Train Accuracy: 90.50%
Validation Loss: 2.1339, Validation Accuracy: 48.06%
[Epoch 14, Batch     2] loss: 0.003
Epoch 14/20:
Train Loss: 0.1863, Train Accuracy: 93.03%
Validation Loss: 2.2762, Validation Accuracy: 49.35%
[Epoch 15, Batch     2] loss: 0.004
Epoch 15/20:
Train Loss: 0.1528, Train Accuracy: 94.61%
Validation Loss: 2.3034, Validation Accuracy: 49.68%
[Epoch 16, Batch     2] loss: 0.002
Epoch 16/20:
Train Loss: 0.1947, Train Accuracy: 93.01%
Validation Loss: 2.1847, Validation Accuracy: 50.84%
[Epoch 17, Batch     2] loss: 0.002
Epoch 17/20:
Train Loss: 0.1129, Train Accuracy: 96.40%
Validation Loss: 2.2300, Validation Accuracy: 52.66%
[Epoch 18, Batch     2] loss: 0.001
Epoch 18/20:
Train Loss: 0.1359, Train Accuracy: 95.21%
Validation Loss: 2.2645, Validation Accuracy: 51.35%
[Epoch 19, Batch     2] loss: 0.001
Epoch 19/20:
Train Loss: 0.1182, Train Accuracy: 95.81%
Validation Loss: 2.1724, Validation Accuracy: 52.63%
[Epoch 20, Batch     2] loss: 0.001
Epoch 20/20:
Train Loss: 0.0949, Train Accuracy: 97.08%
Validation Loss: 2.5286, Validation Accuracy: 49.24%
Model saved to models/resnet18-CIFAR10-EVIDENCE-balanced_by_score-0.9-1
Modified fc layer: updated out_features to 10.
Initialized untrained model.
resnet18-CIFAR10-EVIDENCE-balanced_by_score-0.95-1
[Epoch 1, Batch     2] loss: 0.048
Epoch 1/20:
Train Loss: 1.9935, Train Accuracy: 27.04%
Validation Loss: 2.3983, Validation Accuracy: 23.98%
[Epoch 2, Batch     2] loss: 0.035
Epoch 2/20:
Train Loss: 1.5269, Train Accuracy: 41.35%
Validation Loss: 2.3265, Validation Accuracy: 28.17%
[Epoch 3, Batch     2] loss: 0.027
Epoch 3/20:
Train Loss: 1.2999, Train Accuracy: 51.92%
Validation Loss: 2.4413, Validation Accuracy: 28.15%
[Epoch 4, Batch     2] loss: 0.025
Epoch 4/20:
Train Loss: 1.0681, Train Accuracy: 60.02%
Validation Loss: 2.1802, Validation Accuracy: 31.01%
[Epoch 5, Batch     2] loss: 0.018
Epoch 5/20:
Train Loss: 0.8924, Train Accuracy: 67.27%
Validation Loss: 2.3115, Validation Accuracy: 33.67%
[Epoch 6, Batch     2] loss: 0.016
Epoch 6/20:
Train Loss: 0.7695, Train Accuracy: 71.59%
Validation Loss: 2.2676, Validation Accuracy: 37.33%
[Epoch 7, Batch     2] loss: 0.010
Epoch 7/20:
Train Loss: 0.5076, Train Accuracy: 82.21%
Validation Loss: 2.5739, Validation Accuracy: 35.17%
[Epoch 8, Batch     2] loss: 0.007
Epoch 8/20:
Train Loss: 0.4360, Train Accuracy: 84.17%
Validation Loss: 2.4942, Validation Accuracy: 40.46%
[Epoch 9, Batch     2] loss: 0.006
Epoch 9/20:
Train Loss: 0.3547, Train Accuracy: 87.02%
Validation Loss: 2.5557, Validation Accuracy: 39.22%
[Epoch 10, Batch     2] loss: 0.004
Epoch 10/20:
Train Loss: 0.3119, Train Accuracy: 88.26%
Validation Loss: 2.4187, Validation Accuracy: 41.40%
[Epoch 11, Batch     2] loss: 0.003
Epoch 11/20:
Train Loss: 0.2639, Train Accuracy: 90.62%
Validation Loss: 2.4167, Validation Accuracy: 44.79%
[Epoch 12, Batch     2] loss: 0.003
Epoch 12/20:
Train Loss: 0.3078, Train Accuracy: 89.38%
Validation Loss: 2.9223, Validation Accuracy: 39.92%
[Epoch 13, Batch     2] loss: 0.004
Epoch 13/20:
Train Loss: 0.1981, Train Accuracy: 92.67%
Validation Loss: 2.6356, Validation Accuracy: 42.80%
[Epoch 14, Batch     2] loss: 0.006
Epoch 14/20:
Train Loss: 0.1567, Train Accuracy: 94.59%
Validation Loss: 2.9836, Validation Accuracy: 39.63%
[Epoch 15, Batch     2] loss: 0.001
Epoch 15/20:
Train Loss: 0.1461, Train Accuracy: 95.15%
Validation Loss: 2.7512, Validation Accuracy: 44.41%
[Epoch 16, Batch     2] loss: 0.003
Epoch 16/20:
Train Loss: 0.1178, Train Accuracy: 95.39%
Validation Loss: 2.8754, Validation Accuracy: 43.90%
[Epoch 17, Batch     2] loss: 0.001
Epoch 17/20:
Train Loss: 0.0964, Train Accuracy: 96.63%
Validation Loss: 3.0331, Validation Accuracy: 43.63%
[Epoch 18, Batch     2] loss: 0.002
Epoch 18/20:
Train Loss: 0.1551, Train Accuracy: 94.67%
Validation Loss: 2.9356, Validation Accuracy: 44.42%
[Epoch 19, Batch     2] loss: 0.003
Epoch 19/20:
Train Loss: 0.1194, Train Accuracy: 95.91%
Validation Loss: 3.4784, Validation Accuracy: 37.98%
[Epoch 20, Batch     2] loss: 0.002
Epoch 20/20:
Train Loss: 0.0902, Train Accuracy: 96.88%
Validation Loss: 2.9419, Validation Accuracy: 43.63%
Model saved to models/resnet18-CIFAR10-EVIDENCE-balanced_by_score-0.95-1
Modified fc layer: updated out_features to 10.
Loaded weights from file: models/resnet18_CIFAR10_E1_1
Files already downloaded and verified
Files already downloaded and verified
Modified fc layer: updated out_features to 10.
Initialized untrained model.
resnet18-CIFAR10-EVIDENCE-median-0.3-1
[Epoch 1, Batch     2] loss: 0.047
[Epoch 1, Batch   102] loss: 1.756
[Epoch 1, Batch   202] loss: 1.505
[Epoch 1, Batch   302] loss: 1.383
[Epoch 1, Batch   402] loss: 1.323
[Epoch 1, Batch   502] loss: 1.252
Epoch 1/20:
Train Loss: 0.0954, Train Accuracy: 49.82%
Validation Loss: 1.3860, Validation Accuracy: 49.77%
[Epoch 2, Batch     2] loss: 0.022
[Epoch 2, Batch   102] loss: 1.098
[Epoch 2, Batch   202] loss: 1.104
[Epoch 2, Batch   302] loss: 1.071
[Epoch 2, Batch   402] loss: 1.020
[Epoch 2, Batch   502] loss: 1.007
Epoch 2/20:
Train Loss: 0.0760, Train Accuracy: 63.26%
Validation Loss: 1.5749, Validation Accuracy: 46.91%
[Epoch 3, Batch     2] loss: 0.019
[Epoch 3, Batch   102] loss: 0.899
[Epoch 3, Batch   202] loss: 0.871
[Epoch 3, Batch   302] loss: 0.901
[Epoch 3, Batch   402] loss: 0.851
[Epoch 3, Batch   502] loss: 0.850
Epoch 3/20:
Train Loss: 0.0704, Train Accuracy: 69.77%
Validation Loss: 1.1175, Validation Accuracy: 60.16%
[Epoch 4, Batch     2] loss: 0.013
[Epoch 4, Batch   102] loss: 0.725
[Epoch 4, Batch   202] loss: 0.757
[Epoch 4, Batch   302] loss: 0.749
[Epoch 4, Batch   402] loss: 0.745
[Epoch 4, Batch   502] loss: 0.756
Epoch 4/20:
Train Loss: 0.0582, Train Accuracy: 74.34%
Validation Loss: 1.2621, Validation Accuracy: 60.02%
[Epoch 5, Batch     2] loss: 0.011
[Epoch 5, Batch   102] loss: 0.610
[Epoch 5, Batch   202] loss: 0.649
[Epoch 5, Batch   302] loss: 0.661
[Epoch 5, Batch   402] loss: 0.661
[Epoch 5, Batch   502] loss: 0.667
Epoch 5/20:
Train Loss: 0.0543, Train Accuracy: 77.58%
Validation Loss: 1.0486, Validation Accuracy: 64.88%
[Epoch 6, Batch     2] loss: 0.010
[Epoch 6, Batch   102] loss: 0.523
[Epoch 6, Batch   202] loss: 0.546
[Epoch 6, Batch   302] loss: 0.573
[Epoch 6, Batch   402] loss: 0.580
[Epoch 6, Batch   502] loss: 0.596
Epoch 6/20:
Train Loss: 0.0441, Train Accuracy: 80.70%
Validation Loss: 1.0578, Validation Accuracy: 65.87%
[Epoch 7, Batch     2] loss: 0.010
[Epoch 7, Batch   102] loss: 0.432
[Epoch 7, Batch   202] loss: 0.467
[Epoch 7, Batch   302] loss: 0.485
[Epoch 7, Batch   402] loss: 0.488
[Epoch 7, Batch   502] loss: 0.512
Epoch 7/20:
Train Loss: 0.0430, Train Accuracy: 83.62%
Validation Loss: 1.0852, Validation Accuracy: 65.38%
[Epoch 8, Batch     2] loss: 0.009
[Epoch 8, Batch   102] loss: 0.364
[Epoch 8, Batch   202] loss: 0.401
[Epoch 8, Batch   302] loss: 0.436
[Epoch 8, Batch   402] loss: 0.426
[Epoch 8, Batch   502] loss: 0.428
Epoch 8/20:
Train Loss: 0.0342, Train Accuracy: 85.74%
Validation Loss: 0.9137, Validation Accuracy: 71.05%
[Epoch 9, Batch     2] loss: 0.005
[Epoch 9, Batch   102] loss: 0.281
[Epoch 9, Batch   202] loss: 0.343
[Epoch 9, Batch   302] loss: 0.353
[Epoch 9, Batch   402] loss: 0.365
[Epoch 9, Batch   502] loss: 0.390
Epoch 9/20:
Train Loss: 0.0317, Train Accuracy: 88.13%
Validation Loss: 0.9234, Validation Accuracy: 71.43%
[Epoch 10, Batch     2] loss: 0.006
[Epoch 10, Batch   102] loss: 0.251
[Epoch 10, Batch   202] loss: 0.273
[Epoch 10, Batch   302] loss: 0.297
[Epoch 10, Batch   402] loss: 0.329
[Epoch 10, Batch   502] loss: 0.331
Epoch 10/20:
Train Loss: 0.0265, Train Accuracy: 89.79%
Validation Loss: 0.9927, Validation Accuracy: 71.28%
[Epoch 11, Batch     2] loss: 0.003
[Epoch 11, Batch   102] loss: 0.216
[Epoch 11, Batch   202] loss: 0.233
[Epoch 11, Batch   302] loss: 0.253
[Epoch 11, Batch   402] loss: 0.259
[Epoch 11, Batch   502] loss: 0.303
Epoch 11/20:
Train Loss: 0.0214, Train Accuracy: 91.39%
Validation Loss: 0.9389, Validation Accuracy: 71.52%
[Epoch 12, Batch     2] loss: 0.003
[Epoch 12, Batch   102] loss: 0.152
[Epoch 12, Batch   202] loss: 0.205
[Epoch 12, Batch   302] loss: 0.207
[Epoch 12, Batch   402] loss: 0.248
[Epoch 12, Batch   502] loss: 0.217
Epoch 12/20:
Train Loss: 0.0204, Train Accuracy: 92.89%
Validation Loss: 1.0007, Validation Accuracy: 71.95%
[Epoch 13, Batch     2] loss: 0.003
[Epoch 13, Batch   102] loss: 0.140
[Epoch 13, Batch   202] loss: 0.174
[Epoch 13, Batch   302] loss: 0.207
[Epoch 13, Batch   402] loss: 0.206
[Epoch 13, Batch   502] loss: 0.218
Epoch 13/20:
Train Loss: 0.0154, Train Accuracy: 93.34%
Validation Loss: 1.0184, Validation Accuracy: 72.37%
[Epoch 14, Batch     2] loss: 0.002
[Epoch 14, Batch   102] loss: 0.113
[Epoch 14, Batch   202] loss: 0.129
[Epoch 14, Batch   302] loss: 0.177
[Epoch 14, Batch   402] loss: 0.184
[Epoch 14, Batch   502] loss: 0.185
Epoch 14/20:
Train Loss: 0.0141, Train Accuracy: 94.53%
Validation Loss: 1.2487, Validation Accuracy: 70.31%
[Epoch 15, Batch     2] loss: 0.001
[Epoch 15, Batch   102] loss: 0.124
[Epoch 15, Batch   202] loss: 0.133
[Epoch 15, Batch   302] loss: 0.154
[Epoch 15, Batch   402] loss: 0.170
[Epoch 15, Batch   502] loss: 0.185
Epoch 15/20:
Train Loss: 0.0139, Train Accuracy: 94.84%
Validation Loss: 1.1710, Validation Accuracy: 70.32%
[Epoch 16, Batch     2] loss: 0.004
[Epoch 16, Batch   102] loss: 0.110
[Epoch 16, Batch   202] loss: 0.123
[Epoch 16, Batch   302] loss: 0.145
[Epoch 16, Batch   402] loss: 0.144
[Epoch 16, Batch   502] loss: 0.168
Epoch 16/20:
Train Loss: 0.0138, Train Accuracy: 95.16%
Validation Loss: 1.1358, Validation Accuracy: 71.45%
[Epoch 17, Batch     2] loss: 0.002
[Epoch 17, Batch   102] loss: 0.090
[Epoch 17, Batch   202] loss: 0.112
[Epoch 17, Batch   302] loss: 0.150
[Epoch 17, Batch   402] loss: 0.132
[Epoch 17, Batch   502] loss: 0.153
Epoch 17/20:
Train Loss: 0.0140, Train Accuracy: 95.41%
Validation Loss: 1.1635, Validation Accuracy: 70.93%
[Epoch 18, Batch     2] loss: 0.002
[Epoch 18, Batch   102] loss: 0.086
[Epoch 18, Batch   202] loss: 0.099
[Epoch 18, Batch   302] loss: 0.135
[Epoch 18, Batch   402] loss: 0.124
[Epoch 18, Batch   502] loss: 0.157
Epoch 18/20:
Train Loss: 0.0134, Train Accuracy: 95.73%
Validation Loss: 1.1936, Validation Accuracy: 71.70%
[Epoch 19, Batch     2] loss: 0.002
[Epoch 19, Batch   102] loss: 0.075
[Epoch 19, Batch   202] loss: 0.092
[Epoch 19, Batch   302] loss: 0.106
[Epoch 19, Batch   402] loss: 0.136
[Epoch 19, Batch   502] loss: 0.136
Epoch 19/20:
Train Loss: 0.0099, Train Accuracy: 96.21%
Validation Loss: 1.1791, Validation Accuracy: 71.86%
[Epoch 20, Batch     2] loss: 0.002
[Epoch 20, Batch   102] loss: 0.070
[Epoch 20, Batch   202] loss: 0.086
[Epoch 20, Batch   302] loss: 0.115
[Epoch 20, Batch   402] loss: 0.112
[Epoch 20, Batch   502] loss: 0.132
Epoch 20/20:
Train Loss: 0.0111, Train Accuracy: 96.38%
Validation Loss: 1.2527, Validation Accuracy: 71.06%
Model saved to models/resnet18-CIFAR10-EVIDENCE-median-0.3-1
Modified fc layer: updated out_features to 10.
Initialized untrained model.
resnet18-CIFAR10-EVIDENCE-median-0.5-1
[Epoch 1, Batch     2] loss: 0.052
[Epoch 1, Batch   102] loss: 1.682
[Epoch 1, Batch   202] loss: 1.432
[Epoch 1, Batch   302] loss: 1.319
Epoch 1/20:
Train Loss: 0.2761, Train Accuracy: 50.58%
Validation Loss: 1.5912, Validation Accuracy: 42.84%
[Epoch 2, Batch     2] loss: 0.026
[Epoch 2, Batch   102] loss: 1.167
[Epoch 2, Batch   202] loss: 1.096
[Epoch 2, Batch   302] loss: 1.098
Epoch 2/20:
Train Loss: 0.2390, Train Accuracy: 62.06%
Validation Loss: 1.5552, Validation Accuracy: 47.11%
[Epoch 3, Batch     2] loss: 0.018
[Epoch 3, Batch   102] loss: 0.935
[Epoch 3, Batch   202] loss: 0.952
[Epoch 3, Batch   302] loss: 0.924
Epoch 3/20:
Train Loss: 0.2115, Train Accuracy: 68.21%
Validation Loss: 1.2901, Validation Accuracy: 54.74%
[Epoch 4, Batch     2] loss: 0.019
[Epoch 4, Batch   102] loss: 0.795
[Epoch 4, Batch   202] loss: 0.810
[Epoch 4, Batch   302] loss: 0.806
Epoch 4/20:
Train Loss: 0.1847, Train Accuracy: 72.72%
Validation Loss: 1.3180, Validation Accuracy: 55.67%
[Epoch 5, Batch     2] loss: 0.012
[Epoch 5, Batch   102] loss: 0.686
[Epoch 5, Batch   202] loss: 0.722
[Epoch 5, Batch   302] loss: 0.733
Epoch 5/20:
Train Loss: 0.1644, Train Accuracy: 75.72%
Validation Loss: 1.2395, Validation Accuracy: 57.72%
[Epoch 6, Batch     2] loss: 0.010
[Epoch 6, Batch   102] loss: 0.588
[Epoch 6, Batch   202] loss: 0.661
[Epoch 6, Batch   302] loss: 0.621
Epoch 6/20:
Train Loss: 0.1522, Train Accuracy: 78.34%
Validation Loss: 1.1003, Validation Accuracy: 62.07%
[Epoch 7, Batch     2] loss: 0.013
[Epoch 7, Batch   102] loss: 0.524
[Epoch 7, Batch   202] loss: 0.538
[Epoch 7, Batch   302] loss: 0.575
Epoch 7/20:
Train Loss: 0.1221, Train Accuracy: 81.53%
Validation Loss: 1.3632, Validation Accuracy: 58.49%
[Epoch 8, Batch     2] loss: 0.007
[Epoch 8, Batch   102] loss: 0.441
[Epoch 8, Batch   202] loss: 0.459
[Epoch 8, Batch   302] loss: 0.478
Epoch 8/20:
Train Loss: 0.1099, Train Accuracy: 84.04%
Validation Loss: 1.2130, Validation Accuracy: 62.25%
[Epoch 9, Batch     2] loss: 0.007
[Epoch 9, Batch   102] loss: 0.377
[Epoch 9, Batch   202] loss: 0.376
[Epoch 9, Batch   302] loss: 0.405
Epoch 9/20:
Train Loss: 0.1008, Train Accuracy: 86.38%
Validation Loss: 1.0362, Validation Accuracy: 67.34%
[Epoch 10, Batch     2] loss: 0.004
[Epoch 10, Batch   102] loss: 0.308
[Epoch 10, Batch   202] loss: 0.348
[Epoch 10, Batch   302] loss: 0.358
Epoch 10/20:
Train Loss: 0.0819, Train Accuracy: 88.21%
Validation Loss: 1.4006, Validation Accuracy: 60.35%
[Epoch 11, Batch     2] loss: 0.004
[Epoch 11, Batch   102] loss: 0.232
[Epoch 11, Batch   202] loss: 0.278
[Epoch 11, Batch   302] loss: 0.302
Epoch 11/20:
Train Loss: 0.0679, Train Accuracy: 90.41%
Validation Loss: 1.3854, Validation Accuracy: 63.46%
[Epoch 12, Batch     2] loss: 0.005
[Epoch 12, Batch   102] loss: 0.185
[Epoch 12, Batch   202] loss: 0.232
[Epoch 12, Batch   302] loss: 0.281
Epoch 12/20:
Train Loss: 0.0566, Train Accuracy: 91.83%
Validation Loss: 1.3194, Validation Accuracy: 63.66%
[Epoch 13, Batch     2] loss: 0.004
[Epoch 13, Batch   102] loss: 0.163
[Epoch 13, Batch   202] loss: 0.215
[Epoch 13, Batch   302] loss: 0.225
Epoch 13/20:
Train Loss: 0.0511, Train Accuracy: 92.84%
Validation Loss: 1.5782, Validation Accuracy: 62.50%
[Epoch 14, Batch     2] loss: 0.004
[Epoch 14, Batch   102] loss: 0.159
[Epoch 14, Batch   202] loss: 0.177
[Epoch 14, Batch   302] loss: 0.218
Epoch 14/20:
Train Loss: 0.0453, Train Accuracy: 93.38%
Validation Loss: 1.4793, Validation Accuracy: 63.83%
[Epoch 15, Batch     2] loss: 0.002
[Epoch 15, Batch   102] loss: 0.127
[Epoch 15, Batch   202] loss: 0.149
[Epoch 15, Batch   302] loss: 0.182
Epoch 15/20:
Train Loss: 0.0456, Train Accuracy: 94.48%
Validation Loss: 1.3765, Validation Accuracy: 66.26%
[Epoch 16, Batch     2] loss: 0.003
[Epoch 16, Batch   102] loss: 0.100
[Epoch 16, Batch   202] loss: 0.134
[Epoch 16, Batch   302] loss: 0.184
Epoch 16/20:
Train Loss: 0.0423, Train Accuracy: 94.82%
Validation Loss: 1.5089, Validation Accuracy: 64.11%
[Epoch 17, Batch     2] loss: 0.003
[Epoch 17, Batch   102] loss: 0.097
[Epoch 17, Batch   202] loss: 0.131
[Epoch 17, Batch   302] loss: 0.170
Epoch 17/20:
Train Loss: 0.0385, Train Accuracy: 95.07%
Validation Loss: 1.3414, Validation Accuracy: 67.48%
[Epoch 18, Batch     2] loss: 0.002
[Epoch 18, Batch   102] loss: 0.082
[Epoch 18, Batch   202] loss: 0.121
[Epoch 18, Batch   302] loss: 0.157
Epoch 18/20:
Train Loss: 0.0349, Train Accuracy: 95.52%
Validation Loss: 1.3467, Validation Accuracy: 67.17%
[Epoch 19, Batch     2] loss: 0.002
[Epoch 19, Batch   102] loss: 0.097
[Epoch 19, Batch   202] loss: 0.103
[Epoch 19, Batch   302] loss: 0.129
Epoch 19/20:
Train Loss: 0.0328, Train Accuracy: 95.99%
Validation Loss: 1.5334, Validation Accuracy: 66.02%
[Epoch 20, Batch     2] loss: 0.002
[Epoch 20, Batch   102] loss: 0.084
[Epoch 20, Batch   202] loss: 0.099
[Epoch 20, Batch   302] loss: 0.125
Epoch 20/20:
Train Loss: 0.0293, Train Accuracy: 96.26%
Validation Loss: 1.6276, Validation Accuracy: 64.65%
Model saved to models/resnet18-CIFAR10-EVIDENCE-median-0.5-1
Modified fc layer: updated out_features to 10.
Initialized untrained model.
resnet18-CIFAR10-EVIDENCE-median-0.7-1
[Epoch 1, Batch     2] loss: 0.045
[Epoch 1, Batch   102] loss: 1.609
[Epoch 1, Batch   202] loss: 1.385
Epoch 1/20:
Train Loss: 0.1743, Train Accuracy: 49.37%
Validation Loss: 1.5691, Validation Accuracy: 43.17%
[Epoch 2, Batch     2] loss: 0.025
[Epoch 2, Batch   102] loss: 1.167
[Epoch 2, Batch   202] loss: 1.158
Epoch 2/20:
Train Loss: 0.1620, Train Accuracy: 60.18%
Validation Loss: 1.8599, Validation Accuracy: 37.53%
[Epoch 3, Batch     2] loss: 0.022
[Epoch 3, Batch   102] loss: 1.034
[Epoch 3, Batch   202] loss: 1.007
Epoch 3/20:
Train Loss: 0.1348, Train Accuracy: 65.07%
Validation Loss: 1.6445, Validation Accuracy: 47.39%
[Epoch 4, Batch     2] loss: 0.019
[Epoch 4, Batch   102] loss: 0.865
[Epoch 4, Batch   202] loss: 0.940
Epoch 4/20:
Train Loss: 0.1304, Train Accuracy: 69.05%
Validation Loss: 1.5719, Validation Accuracy: 45.13%
[Epoch 5, Batch     2] loss: 0.014
[Epoch 5, Batch   102] loss: 0.754
[Epoch 5, Batch   202] loss: 0.828
Epoch 5/20:
Train Loss: 0.1116, Train Accuracy: 72.77%
Validation Loss: 1.5453, Validation Accuracy: 49.39%
[Epoch 6, Batch     2] loss: 0.012
[Epoch 6, Batch   102] loss: 0.662
[Epoch 6, Batch   202] loss: 0.731
Epoch 6/20:
Train Loss: 0.0963, Train Accuracy: 75.83%
Validation Loss: 1.4373, Validation Accuracy: 53.61%
[Epoch 7, Batch     2] loss: 0.010
[Epoch 7, Batch   102] loss: 0.574
[Epoch 7, Batch   202] loss: 0.630
Epoch 7/20:
Train Loss: 0.0877, Train Accuracy: 79.27%
Validation Loss: 1.3920, Validation Accuracy: 55.60%
[Epoch 8, Batch     2] loss: 0.007
[Epoch 8, Batch   102] loss: 0.475
[Epoch 8, Batch   202] loss: 0.517
Epoch 8/20:
Train Loss: 0.0792, Train Accuracy: 82.69%
Validation Loss: 1.4914, Validation Accuracy: 55.90%
[Epoch 9, Batch     2] loss: 0.006
[Epoch 9, Batch   102] loss: 0.382
[Epoch 9, Batch   202] loss: 0.466
Epoch 9/20:
Train Loss: 0.0595, Train Accuracy: 85.08%
Validation Loss: 1.7063, Validation Accuracy: 52.92%
[Epoch 10, Batch     2] loss: 0.005
[Epoch 10, Batch   102] loss: 0.296
[Epoch 10, Batch   202] loss: 0.377
Epoch 10/20:
Train Loss: 0.0548, Train Accuracy: 88.16%
Validation Loss: 1.4981, Validation Accuracy: 58.27%
[Epoch 11, Batch     2] loss: 0.006
[Epoch 11, Batch   102] loss: 0.274
[Epoch 11, Batch   202] loss: 0.341
Epoch 11/20:
Train Loss: 0.0426, Train Accuracy: 89.05%
Validation Loss: 1.5498, Validation Accuracy: 59.23%
[Epoch 12, Batch     2] loss: 0.005
[Epoch 12, Batch   102] loss: 0.209
[Epoch 12, Batch   202] loss: 0.247
Epoch 12/20:
Train Loss: 0.0417, Train Accuracy: 91.51%
Validation Loss: 1.6530, Validation Accuracy: 58.18%
[Epoch 13, Batch     2] loss: 0.004
[Epoch 13, Batch   102] loss: 0.185
[Epoch 13, Batch   202] loss: 0.243
Epoch 13/20:
Train Loss: 0.0333, Train Accuracy: 92.39%
Validation Loss: 1.7614, Validation Accuracy: 59.59%
[Epoch 14, Batch     2] loss: 0.003
[Epoch 14, Batch   102] loss: 0.135
[Epoch 14, Batch   202] loss: 0.206
Epoch 14/20:
Train Loss: 0.0289, Train Accuracy: 94.04%
Validation Loss: 2.1613, Validation Accuracy: 54.99%
[Epoch 15, Batch     2] loss: 0.004
[Epoch 15, Batch   102] loss: 0.125
[Epoch 15, Batch   202] loss: 0.167
Epoch 15/20:
Train Loss: 0.0292, Train Accuracy: 94.70%
Validation Loss: 1.9559, Validation Accuracy: 58.31%
[Epoch 16, Batch     2] loss: 0.002
[Epoch 16, Batch   102] loss: 0.124
[Epoch 16, Batch   202] loss: 0.148
Epoch 16/20:
Train Loss: 0.0219, Train Accuracy: 95.31%
Validation Loss: 2.0582, Validation Accuracy: 57.20%
[Epoch 17, Batch     2] loss: 0.003
[Epoch 17, Batch   102] loss: 0.115
[Epoch 17, Batch   202] loss: 0.150
Epoch 17/20:
Train Loss: 0.0246, Train Accuracy: 95.25%
Validation Loss: 1.7644, Validation Accuracy: 60.37%
[Epoch 18, Batch     2] loss: 0.004
[Epoch 18, Batch   102] loss: 0.101
[Epoch 18, Batch   202] loss: 0.142
Epoch 18/20:
Train Loss: 0.0213, Train Accuracy: 95.56%
Validation Loss: 2.0738, Validation Accuracy: 57.73%
[Epoch 19, Batch     2] loss: 0.002
[Epoch 19, Batch   102] loss: 0.096
[Epoch 19, Batch   202] loss: 0.116
Epoch 19/20:
Train Loss: 0.0170, Train Accuracy: 96.32%
Validation Loss: 1.9133, Validation Accuracy: 59.69%
[Epoch 20, Batch     2] loss: 0.001
[Epoch 20, Batch   102] loss: 0.106
[Epoch 20, Batch   202] loss: 0.096
Epoch 20/20:
Train Loss: 0.0159, Train Accuracy: 96.48%
Validation Loss: 2.3481, Validation Accuracy: 56.69%
Model saved to models/resnet18-CIFAR10-EVIDENCE-median-0.7-1
Modified fc layer: updated out_features to 10.
Initialized untrained model.
resnet18-CIFAR10-EVIDENCE-median-0.8-1
[Epoch 1, Batch     2] loss: 0.051
[Epoch 1, Batch   102] loss: 1.626
Epoch 1/20:
Train Loss: 0.4735, Train Accuracy: 47.00%
Validation Loss: 1.8329, Validation Accuracy: 36.49%
[Epoch 2, Batch     2] loss: 0.022
[Epoch 2, Batch   102] loss: 1.255
Epoch 2/20:
Train Loss: 0.4143, Train Accuracy: 57.41%
Validation Loss: 1.9895, Validation Accuracy: 35.10%
[Epoch 3, Batch     2] loss: 0.023
[Epoch 3, Batch   102] loss: 1.079
Epoch 3/20:
Train Loss: 0.3709, Train Accuracy: 63.02%
Validation Loss: 1.6378, Validation Accuracy: 41.99%
[Epoch 4, Batch     2] loss: 0.019
[Epoch 4, Batch   102] loss: 0.960
Epoch 4/20:
Train Loss: 0.3245, Train Accuracy: 67.33%
Validation Loss: 1.5829, Validation Accuracy: 42.65%
[Epoch 5, Batch     2] loss: 0.016
[Epoch 5, Batch   102] loss: 0.858
Epoch 5/20:
Train Loss: 0.2874, Train Accuracy: 71.07%
Validation Loss: 1.5811, Validation Accuracy: 46.52%
[Epoch 6, Batch     2] loss: 0.014
[Epoch 6, Batch   102] loss: 0.721
Epoch 6/20:
Train Loss: 0.2635, Train Accuracy: 74.46%
Validation Loss: 1.4397, Validation Accuracy: 51.68%
[Epoch 7, Batch     2] loss: 0.011
[Epoch 7, Batch   102] loss: 0.621
Epoch 7/20:
Train Loss: 0.2449, Train Accuracy: 77.52%
Validation Loss: 1.3906, Validation Accuracy: 54.36%
[Epoch 8, Batch     2] loss: 0.010
[Epoch 8, Batch   102] loss: 0.496
Epoch 8/20:
Train Loss: 0.1998, Train Accuracy: 81.63%
Validation Loss: 1.7272, Validation Accuracy: 50.61%
[Epoch 9, Batch     2] loss: 0.009
[Epoch 9, Batch   102] loss: 0.442
Epoch 9/20:
Train Loss: 0.1649, Train Accuracy: 84.62%
Validation Loss: 1.6473, Validation Accuracy: 53.51%
[Epoch 10, Batch     2] loss: 0.005
[Epoch 10, Batch   102] loss: 0.356
Epoch 10/20:
Train Loss: 0.1378, Train Accuracy: 87.28%
Validation Loss: 1.8181, Validation Accuracy: 52.89%
[Epoch 11, Batch     2] loss: 0.006
[Epoch 11, Batch   102] loss: 0.291
Epoch 11/20:
Train Loss: 0.1215, Train Accuracy: 89.36%
Validation Loss: 2.1539, Validation Accuracy: 49.42%
[Epoch 12, Batch     2] loss: 0.005
[Epoch 12, Batch   102] loss: 0.243
Epoch 12/20:
Train Loss: 0.1034, Train Accuracy: 90.81%
Validation Loss: 1.6695, Validation Accuracy: 55.99%
[Epoch 13, Batch     2] loss: 0.003
[Epoch 13, Batch   102] loss: 0.203
Epoch 13/20:
Train Loss: 0.0844, Train Accuracy: 92.26%
Validation Loss: 2.1220, Validation Accuracy: 53.34%
[Epoch 14, Batch     2] loss: 0.002
[Epoch 14, Batch   102] loss: 0.180
Epoch 14/20:
Train Loss: 0.0745, Train Accuracy: 93.29%
Validation Loss: 1.9134, Validation Accuracy: 54.38%
[Epoch 15, Batch     2] loss: 0.004
[Epoch 15, Batch   102] loss: 0.154
Epoch 15/20:
Train Loss: 0.0666, Train Accuracy: 94.09%
Validation Loss: 2.1667, Validation Accuracy: 52.47%
[Epoch 16, Batch     2] loss: 0.002
[Epoch 16, Batch   102] loss: 0.129
Epoch 16/20:
Train Loss: 0.0764, Train Accuracy: 94.35%
Validation Loss: 2.3882, Validation Accuracy: 51.74%
[Epoch 17, Batch     2] loss: 0.002
[Epoch 17, Batch   102] loss: 0.146
Epoch 17/20:
Train Loss: 0.0555, Train Accuracy: 94.89%
Validation Loss: 2.3869, Validation Accuracy: 50.70%
[Epoch 18, Batch     2] loss: 0.002
[Epoch 18, Batch   102] loss: 0.110
Epoch 18/20:
Train Loss: 0.0414, Train Accuracy: 96.18%
Validation Loss: 2.1517, Validation Accuracy: 54.89%
[Epoch 19, Batch     2] loss: 0.001
[Epoch 19, Batch   102] loss: 0.096
Epoch 19/20:
Train Loss: 0.0410, Train Accuracy: 96.64%
Validation Loss: 2.1400, Validation Accuracy: 57.01%
[Epoch 20, Batch     2] loss: 0.002
[Epoch 20, Batch   102] loss: 0.084
Epoch 20/20:
Train Loss: 0.0444, Train Accuracy: 96.53%
Validation Loss: 2.2443, Validation Accuracy: 56.28%
Model saved to models/resnet18-CIFAR10-EVIDENCE-median-0.8-1
Modified fc layer: updated out_features to 10.
Initialized untrained model.
resnet18-CIFAR10-EVIDENCE-median-0.9-1
[Epoch 1, Batch     2] loss: 0.049
Epoch 1/20:
Train Loss: 1.6347, Train Accuracy: 42.45%
Validation Loss: 1.8750, Validation Accuracy: 35.82%
[Epoch 2, Batch     2] loss: 0.028
Epoch 2/20:
Train Loss: 1.2948, Train Accuracy: 53.47%
Validation Loss: 1.8389, Validation Accuracy: 38.63%
[Epoch 3, Batch     2] loss: 0.019
Epoch 3/20:
Train Loss: 1.1448, Train Accuracy: 59.25%
Validation Loss: 1.8382, Validation Accuracy: 37.49%
[Epoch 4, Batch     2] loss: 0.020
Epoch 4/20:
Train Loss: 1.0147, Train Accuracy: 63.86%
Validation Loss: 1.7456, Validation Accuracy: 42.49%
[Epoch 5, Batch     2] loss: 0.019
Epoch 5/20:
Train Loss: 0.8464, Train Accuracy: 70.05%
Validation Loss: 1.9639, Validation Accuracy: 39.61%
[Epoch 6, Batch     2] loss: 0.015
Epoch 6/20:
Train Loss: 0.7336, Train Accuracy: 74.08%
Validation Loss: 1.9190, Validation Accuracy: 40.64%
[Epoch 7, Batch     2] loss: 0.008
Epoch 7/20:
Train Loss: 0.6101, Train Accuracy: 78.49%
Validation Loss: 1.8732, Validation Accuracy: 43.05%
[Epoch 8, Batch     2] loss: 0.008
Epoch 8/20:
Train Loss: 0.5002, Train Accuracy: 82.61%
Validation Loss: 1.9914, Validation Accuracy: 44.96%
[Epoch 9, Batch     2] loss: 0.008
Epoch 9/20:
Train Loss: 0.4139, Train Accuracy: 85.42%
Validation Loss: 2.1615, Validation Accuracy: 46.15%
[Epoch 10, Batch     2] loss: 0.004
Epoch 10/20:
Train Loss: 0.3225, Train Accuracy: 89.02%
Validation Loss: 2.4246, Validation Accuracy: 44.76%
[Epoch 11, Batch     2] loss: 0.005
Epoch 11/20:
Train Loss: 0.2976, Train Accuracy: 89.48%
Validation Loss: 2.3351, Validation Accuracy: 46.63%
[Epoch 12, Batch     2] loss: 0.002
Epoch 12/20:
Train Loss: 0.2203, Train Accuracy: 92.71%
Validation Loss: 2.6386, Validation Accuracy: 42.87%
[Epoch 13, Batch     2] loss: 0.002
Epoch 13/20:
Train Loss: 0.2580, Train Accuracy: 91.05%
Validation Loss: 2.6753, Validation Accuracy: 43.34%
[Epoch 14, Batch     2] loss: 0.002
Epoch 14/20:
Train Loss: 0.1580, Train Accuracy: 94.75%
Validation Loss: 2.3191, Validation Accuracy: 48.61%
[Epoch 15, Batch     2] loss: 0.002
Epoch 15/20:
Train Loss: 0.1284, Train Accuracy: 95.57%
Validation Loss: 2.5992, Validation Accuracy: 48.35%
[Epoch 16, Batch     2] loss: 0.003
Epoch 16/20:
Train Loss: 0.1461, Train Accuracy: 94.83%
Validation Loss: 3.0125, Validation Accuracy: 41.72%
[Epoch 17, Batch     2] loss: 0.003
Epoch 17/20:
Train Loss: 0.1310, Train Accuracy: 95.61%
Validation Loss: 2.9390, Validation Accuracy: 42.87%
[Epoch 18, Batch     2] loss: 0.003
Epoch 18/20:
Train Loss: 0.1384, Train Accuracy: 95.13%
Validation Loss: 2.7063, Validation Accuracy: 46.00%
[Epoch 19, Batch     2] loss: 0.001
Epoch 19/20:
Train Loss: 0.1189, Train Accuracy: 96.01%
Validation Loss: 3.2453, Validation Accuracy: 40.78%
[Epoch 20, Batch     2] loss: 0.002
Epoch 20/20:
Train Loss: 0.1134, Train Accuracy: 96.27%
Validation Loss: 2.7593, Validation Accuracy: 46.96%
Model saved to models/resnet18-CIFAR10-EVIDENCE-median-0.9-1
Modified fc layer: updated out_features to 10.
Initialized untrained model.
resnet18-CIFAR10-EVIDENCE-median-0.95-1
[Epoch 1, Batch     2] loss: 0.050
Epoch 1/20:
Train Loss: 1.7247, Train Accuracy: 38.10%
Validation Loss: 3.7804, Validation Accuracy: 15.75%
[Epoch 2, Batch     2] loss: 0.029
Epoch 2/20:
Train Loss: 1.3658, Train Accuracy: 50.48%
Validation Loss: 2.4548, Validation Accuracy: 25.98%
[Epoch 3, Batch     2] loss: 0.025
Epoch 3/20:
Train Loss: 1.1748, Train Accuracy: 57.25%
Validation Loss: 2.1385, Validation Accuracy: 34.74%
[Epoch 4, Batch     2] loss: 0.022
Epoch 4/20:
Train Loss: 0.9607, Train Accuracy: 65.62%
Validation Loss: 2.0989, Validation Accuracy: 34.93%
[Epoch 5, Batch     2] loss: 0.017
Epoch 5/20:
Train Loss: 0.8772, Train Accuracy: 68.63%
Validation Loss: 2.4869, Validation Accuracy: 33.57%
[Epoch 6, Batch     2] loss: 0.017
Epoch 6/20:
Train Loss: 0.7014, Train Accuracy: 74.60%
Validation Loss: 2.2176, Validation Accuracy: 37.80%
[Epoch 7, Batch     2] loss: 0.009
Epoch 7/20:
Train Loss: 0.5074, Train Accuracy: 82.13%
Validation Loss: 2.7547, Validation Accuracy: 35.36%
[Epoch 8, Batch     2] loss: 0.010
Epoch 8/20:
Train Loss: 0.4957, Train Accuracy: 81.89%
Validation Loss: 2.4925, Validation Accuracy: 39.83%
[Epoch 9, Batch     2] loss: 0.007
Epoch 9/20:
Train Loss: 0.3541, Train Accuracy: 87.58%
Validation Loss: 2.6228, Validation Accuracy: 37.15%
[Epoch 10, Batch     2] loss: 0.005
Epoch 10/20:
Train Loss: 0.3563, Train Accuracy: 86.86%
Validation Loss: 2.7578, Validation Accuracy: 37.69%
[Epoch 11, Batch     2] loss: 0.006
Epoch 11/20:
Train Loss: 0.2822, Train Accuracy: 89.78%
Validation Loss: 2.5256, Validation Accuracy: 38.33%
[Epoch 12, Batch     2] loss: 0.005
Epoch 12/20:
Train Loss: 0.2192, Train Accuracy: 92.47%
Validation Loss: 2.7235, Validation Accuracy: 41.29%
[Epoch 13, Batch     2] loss: 0.002
Epoch 13/20:
Train Loss: 0.1534, Train Accuracy: 95.03%
Validation Loss: 2.9795, Validation Accuracy: 41.10%
[Epoch 14, Batch     2] loss: 0.002
Epoch 14/20:
Train Loss: 0.1836, Train Accuracy: 93.47%
Validation Loss: 2.8156, Validation Accuracy: 41.83%
[Epoch 15, Batch     2] loss: 0.003
Epoch 15/20:
Train Loss: 0.1324, Train Accuracy: 95.35%
Validation Loss: 2.8823, Validation Accuracy: 42.61%
[Epoch 16, Batch     2] loss: 0.001
Epoch 16/20:
Train Loss: 0.1445, Train Accuracy: 95.07%
Validation Loss: 3.3461, Validation Accuracy: 38.13%
[Epoch 17, Batch     2] loss: 0.002
Epoch 17/20:
Train Loss: 0.1051, Train Accuracy: 96.39%
Validation Loss: 3.0313, Validation Accuracy: 40.05%
[Epoch 18, Batch     2] loss: 0.004
Epoch 18/20:
Train Loss: 0.1031, Train Accuracy: 96.19%
Validation Loss: 3.0150, Validation Accuracy: 40.27%
[Epoch 19, Batch     2] loss: 0.002
Epoch 19/20:
Train Loss: 0.1098, Train Accuracy: 95.99%
Validation Loss: 3.0060, Validation Accuracy: 41.85%
[Epoch 20, Batch     2] loss: 0.002
Epoch 20/20:
Train Loss: 0.1234, Train Accuracy: 95.83%
Validation Loss: 3.4656, Validation Accuracy: 40.46%
Model saved to models/resnet18-CIFAR10-EVIDENCE-median-0.95-1
Modified fc layer: updated out_features to 10.
Loaded weights from file: models/resnet18_CIFAR10_E1_1
Files already downloaded and verified
Files already downloaded and verified
Modified fc layer: updated out_features to 10.
Initialized untrained model.
resnet18-CIFAR10-EVIDENCE-balanced_by_score1-0.3-1
[Epoch 1, Batch     2] loss: 0.049
[Epoch 1, Batch   102] loss: 1.820
[Epoch 1, Batch   202] loss: 1.531
[Epoch 1, Batch   302] loss: 1.425
[Epoch 1, Batch   402] loss: 1.401
[Epoch 1, Batch   502] loss: 1.297
Epoch 1/20:
Train Loss: 0.0987, Train Accuracy: 47.10%
Validation Loss: 1.3373, Validation Accuracy: 53.84%
[Epoch 2, Batch     2] loss: 0.023
[Epoch 2, Batch   102] loss: 1.160
[Epoch 2, Batch   202] loss: 1.145
[Epoch 2, Batch   302] loss: 1.105
[Epoch 2, Batch   402] loss: 1.094
[Epoch 2, Batch   502] loss: 1.076
Epoch 2/20:
Train Loss: 0.0859, Train Accuracy: 60.58%
Validation Loss: 1.1983, Validation Accuracy: 57.43%
[Epoch 3, Batch     2] loss: 0.016
[Epoch 3, Batch   102] loss: 0.951
[Epoch 3, Batch   202] loss: 0.923
[Epoch 3, Batch   302] loss: 0.942
[Epoch 3, Batch   402] loss: 0.924
[Epoch 3, Batch   502] loss: 0.922
Epoch 3/20:
Train Loss: 0.0720, Train Accuracy: 67.40%
Validation Loss: 1.2575, Validation Accuracy: 59.70%
[Epoch 4, Batch     2] loss: 0.015
[Epoch 4, Batch   102] loss: 0.783
[Epoch 4, Batch   202] loss: 0.804
[Epoch 4, Batch   302] loss: 0.803
[Epoch 4, Batch   402] loss: 0.832
[Epoch 4, Batch   502] loss: 0.807
Epoch 4/20:
Train Loss: 0.0644, Train Accuracy: 71.75%
Validation Loss: 0.9055, Validation Accuracy: 68.38%
[Epoch 5, Batch     2] loss: 0.015
[Epoch 5, Batch   102] loss: 0.669
[Epoch 5, Batch   202] loss: 0.696
[Epoch 5, Batch   302] loss: 0.713
[Epoch 5, Batch   402] loss: 0.718
[Epoch 5, Batch   502] loss: 0.707
Epoch 5/20:
Train Loss: 0.0567, Train Accuracy: 75.52%
Validation Loss: 0.9667, Validation Accuracy: 67.91%
[Epoch 6, Batch     2] loss: 0.012
[Epoch 6, Batch   102] loss: 0.577
[Epoch 6, Batch   202] loss: 0.608
[Epoch 6, Batch   302] loss: 0.610
[Epoch 6, Batch   402] loss: 0.600
[Epoch 6, Batch   502] loss: 0.624
Epoch 6/20:
Train Loss: 0.0502, Train Accuracy: 79.00%
Validation Loss: 0.9119, Validation Accuracy: 69.50%
[Epoch 7, Batch     2] loss: 0.008
[Epoch 7, Batch   102] loss: 0.491
[Epoch 7, Batch   202] loss: 0.487
[Epoch 7, Batch   302] loss: 0.557
[Epoch 7, Batch   402] loss: 0.570
[Epoch 7, Batch   502] loss: 0.570
Epoch 7/20:
Train Loss: 0.0433, Train Accuracy: 81.45%
Validation Loss: 0.9481, Validation Accuracy: 68.68%
[Epoch 8, Batch     2] loss: 0.006
[Epoch 8, Batch   102] loss: 0.388
[Epoch 8, Batch   202] loss: 0.467
[Epoch 8, Batch   302] loss: 0.451
[Epoch 8, Batch   402] loss: 0.479
[Epoch 8, Batch   502] loss: 0.482
Epoch 8/20:
Train Loss: 0.0399, Train Accuracy: 84.30%
Validation Loss: 1.0768, Validation Accuracy: 67.01%
[Epoch 9, Batch     2] loss: 0.006
[Epoch 9, Batch   102] loss: 0.323
[Epoch 9, Batch   202] loss: 0.380
[Epoch 9, Batch   302] loss: 0.407
[Epoch 9, Batch   402] loss: 0.402
[Epoch 9, Batch   502] loss: 0.408
Epoch 9/20:
Train Loss: 0.0330, Train Accuracy: 86.68%
Validation Loss: 0.9839, Validation Accuracy: 69.48%
[Epoch 10, Batch     2] loss: 0.007
[Epoch 10, Batch   102] loss: 0.281
[Epoch 10, Batch   202] loss: 0.302
[Epoch 10, Batch   302] loss: 0.339
[Epoch 10, Batch   402] loss: 0.352
[Epoch 10, Batch   502] loss: 0.389
Epoch 10/20:
Train Loss: 0.0268, Train Accuracy: 88.28%
Validation Loss: 0.9217, Validation Accuracy: 72.07%
[Epoch 11, Batch     2] loss: 0.005
[Epoch 11, Batch   102] loss: 0.212
[Epoch 11, Batch   202] loss: 0.274
[Epoch 11, Batch   302] loss: 0.282
[Epoch 11, Batch   402] loss: 0.314
[Epoch 11, Batch   502] loss: 0.306
Epoch 11/20:
Train Loss: 0.0254, Train Accuracy: 90.32%
Validation Loss: 1.1998, Validation Accuracy: 67.42%
[Epoch 12, Batch     2] loss: 0.005
[Epoch 12, Batch   102] loss: 0.194
[Epoch 12, Batch   202] loss: 0.218
[Epoch 12, Batch   302] loss: 0.241
[Epoch 12, Batch   402] loss: 0.248
[Epoch 12, Batch   502] loss: 0.252
Epoch 12/20:
Train Loss: 0.0243, Train Accuracy: 91.83%
Validation Loss: 1.0748, Validation Accuracy: 70.67%
[Epoch 13, Batch     2] loss: 0.004
[Epoch 13, Batch   102] loss: 0.164
[Epoch 13, Batch   202] loss: 0.193
[Epoch 13, Batch   302] loss: 0.225
[Epoch 13, Batch   402] loss: 0.228
[Epoch 13, Batch   502] loss: 0.222
Epoch 13/20:
Train Loss: 0.0203, Train Accuracy: 92.74%
Validation Loss: 1.0470, Validation Accuracy: 71.97%
[Epoch 14, Batch     2] loss: 0.004
[Epoch 14, Batch   102] loss: 0.139
[Epoch 14, Batch   202] loss: 0.167
[Epoch 14, Batch   302] loss: 0.176
[Epoch 14, Batch   402] loss: 0.201
[Epoch 14, Batch   502] loss: 0.212
Epoch 14/20:
Train Loss: 0.0203, Train Accuracy: 93.49%
Validation Loss: 1.0749, Validation Accuracy: 71.09%
[Epoch 15, Batch     2] loss: 0.003
[Epoch 15, Batch   102] loss: 0.124
[Epoch 15, Batch   202] loss: 0.156
[Epoch 15, Batch   302] loss: 0.177
[Epoch 15, Batch   402] loss: 0.187
[Epoch 15, Batch   502] loss: 0.180
Epoch 15/20:
Train Loss: 0.0172, Train Accuracy: 94.22%
Validation Loss: 1.1645, Validation Accuracy: 71.23%
[Epoch 16, Batch     2] loss: 0.002
[Epoch 16, Batch   102] loss: 0.115
[Epoch 16, Batch   202] loss: 0.133
[Epoch 16, Batch   302] loss: 0.143
[Epoch 16, Batch   402] loss: 0.179
[Epoch 16, Batch   502] loss: 0.201
Epoch 16/20:
Train Loss: 0.0142, Train Accuracy: 94.58%
Validation Loss: 1.1774, Validation Accuracy: 70.74%
[Epoch 17, Batch     2] loss: 0.001
[Epoch 17, Batch   102] loss: 0.097
[Epoch 17, Batch   202] loss: 0.107
[Epoch 17, Batch   302] loss: 0.139
[Epoch 17, Batch   402] loss: 0.157
[Epoch 17, Batch   502] loss: 0.178
Epoch 17/20:
Train Loss: 0.0115, Train Accuracy: 95.33%
Validation Loss: 1.1578, Validation Accuracy: 72.12%
[Epoch 18, Batch     2] loss: 0.001
[Epoch 18, Batch   102] loss: 0.093
[Epoch 18, Batch   202] loss: 0.122
[Epoch 18, Batch   302] loss: 0.147
[Epoch 18, Batch   402] loss: 0.159
[Epoch 18, Batch   502] loss: 0.163
Epoch 18/20:
Train Loss: 0.0146, Train Accuracy: 94.99%
Validation Loss: 1.1801, Validation Accuracy: 72.03%
[Epoch 19, Batch     2] loss: 0.002
[Epoch 19, Batch   102] loss: 0.096
[Epoch 19, Batch   202] loss: 0.075
[Epoch 19, Batch   302] loss: 0.142
[Epoch 19, Batch   402] loss: 0.158
[Epoch 19, Batch   502] loss: 0.148
Epoch 19/20:
Train Loss: 0.0121, Train Accuracy: 95.72%
Validation Loss: 1.1916, Validation Accuracy: 72.86%
[Epoch 20, Batch     2] loss: 0.002
[Epoch 20, Batch   102] loss: 0.096
[Epoch 20, Batch   202] loss: 0.094
[Epoch 20, Batch   302] loss: 0.113
[Epoch 20, Batch   402] loss: 0.132
[Epoch 20, Batch   502] loss: 0.142
Epoch 20/20:
Train Loss: 0.0130, Train Accuracy: 95.92%
Validation Loss: 1.2327, Validation Accuracy: 71.28%
Model saved to models/resnet18-CIFAR10-EVIDENCE-balanced_by_score1-0.3-1
Modified fc layer: updated out_features to 10.
Initialized untrained model.
resnet18-CIFAR10-EVIDENCE-balanced_by_score1-0.5-1
[Epoch 1, Batch     2] loss: 0.050
[Epoch 1, Batch   102] loss: 1.791
[Epoch 1, Batch   202] loss: 1.551
[Epoch 1, Batch   302] loss: 1.459
Epoch 1/20:
Train Loss: 0.3124, Train Accuracy: 44.01%
Validation Loss: 1.4056, Validation Accuracy: 48.88%
[Epoch 2, Batch     2] loss: 0.027
[Epoch 2, Batch   102] loss: 1.284
[Epoch 2, Batch   202] loss: 1.252
[Epoch 2, Batch   302] loss: 1.178
Epoch 2/20:
Train Loss: 0.2585, Train Accuracy: 56.65%
Validation Loss: 1.2229, Validation Accuracy: 57.27%
[Epoch 3, Batch     2] loss: 0.022
[Epoch 3, Batch   102] loss: 1.039
[Epoch 3, Batch   202] loss: 0.995
[Epoch 3, Batch   302] loss: 1.028
Epoch 3/20:
Train Loss: 0.2256, Train Accuracy: 64.09%
Validation Loss: 1.1864, Validation Accuracy: 59.18%
[Epoch 4, Batch     2] loss: 0.017
[Epoch 4, Batch   102] loss: 0.867
[Epoch 4, Batch   202] loss: 0.892
[Epoch 4, Batch   302] loss: 0.895
Epoch 4/20:
Train Loss: 0.1948, Train Accuracy: 69.17%
Validation Loss: 1.1149, Validation Accuracy: 62.30%
[Epoch 5, Batch     2] loss: 0.015
[Epoch 5, Batch   102] loss: 0.745
[Epoch 5, Batch   202] loss: 0.776
[Epoch 5, Batch   302] loss: 0.773
Epoch 5/20:
Train Loss: 0.1772, Train Accuracy: 72.98%
Validation Loss: 1.2962, Validation Accuracy: 58.76%
[Epoch 6, Batch     2] loss: 0.014
[Epoch 6, Batch   102] loss: 0.641
[Epoch 6, Batch   202] loss: 0.668
[Epoch 6, Batch   302] loss: 0.696
Epoch 6/20:
Train Loss: 0.1541, Train Accuracy: 76.52%
Validation Loss: 1.0527, Validation Accuracy: 65.07%
[Epoch 7, Batch     2] loss: 0.010
[Epoch 7, Batch   102] loss: 0.506
[Epoch 7, Batch   202] loss: 0.580
[Epoch 7, Batch   302] loss: 0.597
Epoch 7/20:
Train Loss: 0.1310, Train Accuracy: 80.24%
Validation Loss: 1.1228, Validation Accuracy: 64.68%
[Epoch 8, Batch     2] loss: 0.011
[Epoch 8, Batch   102] loss: 0.447
[Epoch 8, Batch   202] loss: 0.506
[Epoch 8, Batch   302] loss: 0.534
Epoch 8/20:
Train Loss: 0.1179, Train Accuracy: 82.46%
Validation Loss: 1.0875, Validation Accuracy: 66.47%
[Epoch 9, Batch     2] loss: 0.008
[Epoch 9, Batch   102] loss: 0.350
[Epoch 9, Batch   202] loss: 0.425
[Epoch 9, Batch   302] loss: 0.437
Epoch 9/20:
Train Loss: 0.0983, Train Accuracy: 85.65%
Validation Loss: 1.2704, Validation Accuracy: 62.60%
[Epoch 10, Batch     2] loss: 0.005
[Epoch 10, Batch   102] loss: 0.278
[Epoch 10, Batch   202] loss: 0.355
[Epoch 10, Batch   302] loss: 0.378
Epoch 10/20:
Train Loss: 0.0908, Train Accuracy: 87.69%
Validation Loss: 1.0545, Validation Accuracy: 68.11%
[Epoch 11, Batch     2] loss: 0.006
[Epoch 11, Batch   102] loss: 0.252
[Epoch 11, Batch   202] loss: 0.279
[Epoch 11, Batch   302] loss: 0.305
Epoch 11/20:
Train Loss: 0.0727, Train Accuracy: 89.80%
Validation Loss: 1.0930, Validation Accuracy: 68.80%
[Epoch 12, Batch     2] loss: 0.003
[Epoch 12, Batch   102] loss: 0.190
[Epoch 12, Batch   202] loss: 0.230
[Epoch 12, Batch   302] loss: 0.271
Epoch 12/20:
Train Loss: 0.0655, Train Accuracy: 91.53%
Validation Loss: 1.0951, Validation Accuracy: 70.17%
[Epoch 13, Batch     2] loss: 0.003
[Epoch 13, Batch   102] loss: 0.175
[Epoch 13, Batch   202] loss: 0.196
[Epoch 13, Batch   302] loss: 0.256
Epoch 13/20:
Train Loss: 0.0490, Train Accuracy: 92.61%
Validation Loss: 1.2613, Validation Accuracy: 67.74%
[Epoch 14, Batch     2] loss: 0.003
[Epoch 14, Batch   102] loss: 0.143
[Epoch 14, Batch   202] loss: 0.190
[Epoch 14, Batch   302] loss: 0.204
Epoch 14/20:
Train Loss: 0.0497, Train Accuracy: 93.48%
Validation Loss: 1.3424, Validation Accuracy: 67.07%
[Epoch 15, Batch     2] loss: 0.004
[Epoch 15, Batch   102] loss: 0.131
[Epoch 15, Batch   202] loss: 0.154
[Epoch 15, Batch   302] loss: 0.186
Epoch 15/20:
Train Loss: 0.0500, Train Accuracy: 93.85%
Validation Loss: 1.1830, Validation Accuracy: 70.25%
[Epoch 16, Batch     2] loss: 0.001
[Epoch 16, Batch   102] loss: 0.128
[Epoch 16, Batch   202] loss: 0.143
[Epoch 16, Batch   302] loss: 0.171
Epoch 16/20:
Train Loss: 0.0388, Train Accuracy: 94.72%
Validation Loss: 1.2794, Validation Accuracy: 69.71%
[Epoch 17, Batch     2] loss: 0.005
[Epoch 17, Batch   102] loss: 0.109
[Epoch 17, Batch   202] loss: 0.130
[Epoch 17, Batch   302] loss: 0.140
Epoch 17/20:
Train Loss: 0.0373, Train Accuracy: 95.44%
Validation Loss: 1.2695, Validation Accuracy: 70.14%
[Epoch 18, Batch     2] loss: 0.001
[Epoch 18, Batch   102] loss: 0.087
[Epoch 18, Batch   202] loss: 0.118
[Epoch 18, Batch   302] loss: 0.151
Epoch 18/20:
Train Loss: 0.0375, Train Accuracy: 95.45%
Validation Loss: 1.3205, Validation Accuracy: 69.89%
[Epoch 19, Batch     2] loss: 0.002
[Epoch 19, Batch   102] loss: 0.095
[Epoch 19, Batch   202] loss: 0.104
[Epoch 19, Batch   302] loss: 0.152
Epoch 19/20:
Train Loss: 0.0358, Train Accuracy: 95.67%
Validation Loss: 1.2446, Validation Accuracy: 70.69%
[Epoch 20, Batch     2] loss: 0.001
[Epoch 20, Batch   102] loss: 0.083
[Epoch 20, Batch   202] loss: 0.103
[Epoch 20, Batch   302] loss: 0.126
Epoch 20/20:
Train Loss: 0.0295, Train Accuracy: 96.17%
Validation Loss: 1.4181, Validation Accuracy: 68.14%
Model saved to models/resnet18-CIFAR10-EVIDENCE-balanced_by_score1-0.5-1
Modified fc layer: updated out_features to 10.
Initialized untrained model.
resnet18-CIFAR10-EVIDENCE-balanced_by_score1-0.7-1
[Epoch 1, Batch     2] loss: 0.050
[Epoch 1, Batch   102] loss: 1.834
[Epoch 1, Batch   202] loss: 1.586
Epoch 1/20:
Train Loss: 0.2034, Train Accuracy: 39.07%
Validation Loss: 1.5317, Validation Accuracy: 42.47%
[Epoch 2, Batch     2] loss: 0.028
[Epoch 2, Batch   102] loss: 1.380
[Epoch 2, Batch   202] loss: 1.304
Epoch 2/20:
Train Loss: 0.1714, Train Accuracy: 52.05%
Validation Loss: 1.3911, Validation Accuracy: 50.12%
[Epoch 3, Batch     2] loss: 0.024
[Epoch 3, Batch   102] loss: 1.146
[Epoch 3, Batch   202] loss: 1.152
Epoch 3/20:
Train Loss: 0.1473, Train Accuracy: 59.06%
Validation Loss: 1.7150, Validation Accuracy: 43.20%
[Epoch 4, Batch     2] loss: 0.017
[Epoch 4, Batch   102] loss: 0.995
[Epoch 4, Batch   202] loss: 1.004
Epoch 4/20:
Train Loss: 0.1332, Train Accuracy: 64.78%
Validation Loss: 1.3112, Validation Accuracy: 56.18%
[Epoch 5, Batch     2] loss: 0.015
[Epoch 5, Batch   102] loss: 0.834
[Epoch 5, Batch   202] loss: 0.865
Epoch 5/20:
Train Loss: 0.1235, Train Accuracy: 69.54%
Validation Loss: 1.3551, Validation Accuracy: 55.74%
[Epoch 6, Batch     2] loss: 0.016
[Epoch 6, Batch   102] loss: 0.726
[Epoch 6, Batch   202] loss: 0.772
Epoch 6/20:
Train Loss: 0.1063, Train Accuracy: 73.62%
Validation Loss: 1.0955, Validation Accuracy: 63.48%
[Epoch 7, Batch     2] loss: 0.010
[Epoch 7, Batch   102] loss: 0.596
[Epoch 7, Batch   202] loss: 0.698
Epoch 7/20:
Train Loss: 0.0899, Train Accuracy: 76.96%
Validation Loss: 1.4079, Validation Accuracy: 57.34%
[Epoch 8, Batch     2] loss: 0.008
[Epoch 8, Batch   102] loss: 0.501
[Epoch 8, Batch   202] loss: 0.561
Epoch 8/20:
Train Loss: 0.0748, Train Accuracy: 81.46%
Validation Loss: 1.4870, Validation Accuracy: 56.90%
[Epoch 9, Batch     2] loss: 0.009
[Epoch 9, Batch   102] loss: 0.416
[Epoch 9, Batch   202] loss: 0.481
Epoch 9/20:
Train Loss: 0.0685, Train Accuracy: 83.93%
Validation Loss: 1.2862, Validation Accuracy: 61.31%
[Epoch 10, Batch     2] loss: 0.010
[Epoch 10, Batch   102] loss: 0.320
[Epoch 10, Batch   202] loss: 0.374
Epoch 10/20:
Train Loss: 0.0652, Train Accuracy: 87.44%
Validation Loss: 1.6300, Validation Accuracy: 56.65%
[Epoch 11, Batch     2] loss: 0.005
[Epoch 11, Batch   102] loss: 0.275
[Epoch 11, Batch   202] loss: 0.326
Epoch 11/20:
Train Loss: 0.0465, Train Accuracy: 89.23%
Validation Loss: 1.4337, Validation Accuracy: 62.66%
[Epoch 12, Batch     2] loss: 0.005
[Epoch 12, Batch   102] loss: 0.251
[Epoch 12, Batch   202] loss: 0.286
Epoch 12/20:
Train Loss: 0.0409, Train Accuracy: 90.52%
Validation Loss: 1.5082, Validation Accuracy: 61.25%
[Epoch 13, Batch     2] loss: 0.005
[Epoch 13, Batch   102] loss: 0.188
[Epoch 13, Batch   202] loss: 0.260
Epoch 13/20:
Train Loss: 0.0319, Train Accuracy: 92.09%
Validation Loss: 1.3446, Validation Accuracy: 65.07%
[Epoch 14, Batch     2] loss: 0.003
[Epoch 14, Batch   102] loss: 0.147
[Epoch 14, Batch   202] loss: 0.214
Epoch 14/20:
Train Loss: 0.0306, Train Accuracy: 93.58%
Validation Loss: 1.5346, Validation Accuracy: 63.71%
[Epoch 15, Batch     2] loss: 0.001
[Epoch 15, Batch   102] loss: 0.125
[Epoch 15, Batch   202] loss: 0.195
Epoch 15/20:
Train Loss: 0.0297, Train Accuracy: 94.24%
Validation Loss: 1.5298, Validation Accuracy: 63.04%
[Epoch 16, Batch     2] loss: 0.003
[Epoch 16, Batch   102] loss: 0.113
[Epoch 16, Batch   202] loss: 0.171
Epoch 16/20:
Train Loss: 0.0241, Train Accuracy: 94.86%
Validation Loss: 1.5896, Validation Accuracy: 63.76%
[Epoch 17, Batch     2] loss: 0.003
[Epoch 17, Batch   102] loss: 0.121
[Epoch 17, Batch   202] loss: 0.145
Epoch 17/20:
Train Loss: 0.0207, Train Accuracy: 95.46%
Validation Loss: 1.5147, Validation Accuracy: 64.87%
[Epoch 18, Batch     2] loss: 0.002
[Epoch 18, Batch   102] loss: 0.118
[Epoch 18, Batch   202] loss: 0.169
Epoch 18/20:
Train Loss: 0.0227, Train Accuracy: 94.95%
Validation Loss: 1.7299, Validation Accuracy: 62.32%
[Epoch 19, Batch     2] loss: 0.003
[Epoch 19, Batch   102] loss: 0.116
[Epoch 19, Batch   202] loss: 0.143
Epoch 19/20:
Train Loss: 0.0184, Train Accuracy: 95.65%
Validation Loss: 1.5812, Validation Accuracy: 64.50%
[Epoch 20, Batch     2] loss: 0.001
[Epoch 20, Batch   102] loss: 0.088
[Epoch 20, Batch   202] loss: 0.125
Epoch 20/20:
Train Loss: 0.0209, Train Accuracy: 96.15%
Validation Loss: 1.6951, Validation Accuracy: 64.18%
Model saved to models/resnet18-CIFAR10-EVIDENCE-balanced_by_score1-0.7-1
Modified fc layer: updated out_features to 10.
Initialized untrained model.
resnet18-CIFAR10-EVIDENCE-balanced_by_score1-0.8-1
[Epoch 1, Batch     2] loss: 0.048
[Epoch 1, Batch   102] loss: 1.807
Epoch 1/20:
Train Loss: 0.5294, Train Accuracy: 37.46%
Validation Loss: 1.5345, Validation Accuracy: 43.86%
[Epoch 2, Batch     2] loss: 0.027
[Epoch 2, Batch   102] loss: 1.430
Epoch 2/20:
Train Loss: 0.4743, Train Accuracy: 48.81%
Validation Loss: 1.6373, Validation Accuracy: 42.88%
[Epoch 3, Batch     2] loss: 0.028
[Epoch 3, Batch   102] loss: 1.214
Epoch 3/20:
Train Loss: 0.4127, Train Accuracy: 56.17%
Validation Loss: 1.5076, Validation Accuracy: 48.92%
[Epoch 4, Batch     2] loss: 0.021
[Epoch 4, Batch   102] loss: 1.068
Epoch 4/20:
Train Loss: 0.3661, Train Accuracy: 61.67%
Validation Loss: 1.4729, Validation Accuracy: 49.31%
[Epoch 5, Batch     2] loss: 0.019
[Epoch 5, Batch   102] loss: 0.909
Epoch 5/20:
Train Loss: 0.3194, Train Accuracy: 67.63%
Validation Loss: 1.4424, Validation Accuracy: 53.03%
[Epoch 6, Batch     2] loss: 0.014
[Epoch 6, Batch   102] loss: 0.797
Epoch 6/20:
Train Loss: 0.2817, Train Accuracy: 71.17%
Validation Loss: 1.4463, Validation Accuracy: 52.16%
[Epoch 7, Batch     2] loss: 0.010
[Epoch 7, Batch   102] loss: 0.683
Epoch 7/20:
Train Loss: 0.2482, Train Accuracy: 75.33%
Validation Loss: 1.4861, Validation Accuracy: 55.53%
[Epoch 8, Batch     2] loss: 0.011
[Epoch 8, Batch   102] loss: 0.527
Epoch 8/20:
Train Loss: 0.2106, Train Accuracy: 80.00%
Validation Loss: 1.3202, Validation Accuracy: 57.98%
[Epoch 9, Batch     2] loss: 0.009
[Epoch 9, Batch   102] loss: 0.450
Epoch 9/20:
Train Loss: 0.1635, Train Accuracy: 83.93%
Validation Loss: 1.8253, Validation Accuracy: 51.36%
[Epoch 10, Batch     2] loss: 0.005
[Epoch 10, Batch   102] loss: 0.329
Epoch 10/20:
Train Loss: 0.1480, Train Accuracy: 87.57%
Validation Loss: 1.4584, Validation Accuracy: 59.16%
[Epoch 11, Batch     2] loss: 0.003
[Epoch 11, Batch   102] loss: 0.301
Epoch 11/20:
Train Loss: 0.1120, Train Accuracy: 89.27%
Validation Loss: 1.6606, Validation Accuracy: 58.51%
[Epoch 12, Batch     2] loss: 0.005
[Epoch 12, Batch   102] loss: 0.225
Epoch 12/20:
Train Loss: 0.0972, Train Accuracy: 91.14%
Validation Loss: 1.6509, Validation Accuracy: 58.58%
[Epoch 13, Batch     2] loss: 0.006
[Epoch 13, Batch   102] loss: 0.218
Epoch 13/20:
Train Loss: 0.0800, Train Accuracy: 92.20%
Validation Loss: 2.0614, Validation Accuracy: 52.61%
[Epoch 14, Batch     2] loss: 0.004
[Epoch 14, Batch   102] loss: 0.174
Epoch 14/20:
Train Loss: 0.0622, Train Accuracy: 93.85%
Validation Loss: 1.6970, Validation Accuracy: 60.49%
[Epoch 15, Batch     2] loss: 0.003
[Epoch 15, Batch   102] loss: 0.158
Epoch 15/20:
Train Loss: 0.0668, Train Accuracy: 94.01%
Validation Loss: 2.0564, Validation Accuracy: 55.46%
[Epoch 16, Batch     2] loss: 0.002
[Epoch 16, Batch   102] loss: 0.141
Epoch 16/20:
Train Loss: 0.0487, Train Accuracy: 95.17%
Validation Loss: 1.7142, Validation Accuracy: 60.80%
[Epoch 17, Batch     2] loss: 0.001
[Epoch 17, Batch   102] loss: 0.130
Epoch 17/20:
Train Loss: 0.0651, Train Accuracy: 94.77%
Validation Loss: 1.8000, Validation Accuracy: 60.29%
[Epoch 18, Batch     2] loss: 0.002
[Epoch 18, Batch   102] loss: 0.110
Epoch 18/20:
Train Loss: 0.0426, Train Accuracy: 95.96%
Validation Loss: 2.1226, Validation Accuracy: 57.99%
[Epoch 19, Batch     2] loss: 0.002
[Epoch 19, Batch   102] loss: 0.103
Epoch 19/20:
Train Loss: 0.0481, Train Accuracy: 96.04%
Validation Loss: 2.1303, Validation Accuracy: 56.77%
[Epoch 20, Batch     2] loss: 0.004
[Epoch 20, Batch   102] loss: 0.111
Epoch 20/20:
Train Loss: 0.0484, Train Accuracy: 95.85%
Validation Loss: 1.8948, Validation Accuracy: 60.45%
Model saved to models/resnet18-CIFAR10-EVIDENCE-balanced_by_score1-0.8-1
Modified fc layer: updated out_features to 10.
Initialized untrained model.
resnet18-CIFAR10-EVIDENCE-balanced_by_score1-0.9-1
[Epoch 1, Batch     2] loss: 0.051
Epoch 1/20:
Train Loss: 1.8724, Train Accuracy: 30.18%
Validation Loss: 1.8034, Validation Accuracy: 36.98%
[Epoch 2, Batch     2] loss: 0.028
Epoch 2/20:
Train Loss: 1.4925, Train Accuracy: 45.50%
Validation Loss: 1.6516, Validation Accuracy: 42.00%
[Epoch 3, Batch     2] loss: 0.027
Epoch 3/20:
Train Loss: 1.3128, Train Accuracy: 51.64%
Validation Loss: 1.7647, Validation Accuracy: 37.61%
[Epoch 4, Batch     2] loss: 0.024
Epoch 4/20:
Train Loss: 1.1523, Train Accuracy: 57.73%
Validation Loss: 1.5325, Validation Accuracy: 47.19%
[Epoch 5, Batch     2] loss: 0.021
Epoch 5/20:
Train Loss: 0.9799, Train Accuracy: 63.40%
Validation Loss: 1.6296, Validation Accuracy: 46.75%
[Epoch 6, Batch     2] loss: 0.018
Epoch 6/20:
Train Loss: 0.8754, Train Accuracy: 67.85%
Validation Loss: 1.7967, Validation Accuracy: 41.87%
[Epoch 7, Batch     2] loss: 0.014
Epoch 7/20:
Train Loss: 0.7374, Train Accuracy: 73.21%
Validation Loss: 1.6613, Validation Accuracy: 47.96%
[Epoch 8, Batch     2] loss: 0.010
Epoch 8/20:
Train Loss: 0.5709, Train Accuracy: 79.89%
Validation Loss: 1.9587, Validation Accuracy: 46.62%
[Epoch 9, Batch     2] loss: 0.011
Epoch 9/20:
Train Loss: 0.5045, Train Accuracy: 82.05%
Validation Loss: 1.7173, Validation Accuracy: 50.68%
[Epoch 10, Batch     2] loss: 0.005
Epoch 10/20:
Train Loss: 0.3602, Train Accuracy: 87.50%
Validation Loss: 2.0556, Validation Accuracy: 49.41%
[Epoch 11, Batch     2] loss: 0.008
Epoch 11/20:
Train Loss: 0.3001, Train Accuracy: 89.31%
Validation Loss: 2.2553, Validation Accuracy: 48.83%
[Epoch 12, Batch     2] loss: 0.004
Epoch 12/20:
Train Loss: 0.2703, Train Accuracy: 90.79%
Validation Loss: 2.2980, Validation Accuracy: 48.45%
[Epoch 13, Batch     2] loss: 0.005
Epoch 13/20:
Train Loss: 0.2529, Train Accuracy: 91.22%
Validation Loss: 2.3157, Validation Accuracy: 48.06%
[Epoch 14, Batch     2] loss: 0.002
Epoch 14/20:
Train Loss: 0.2152, Train Accuracy: 92.33%
Validation Loss: 2.2206, Validation Accuracy: 52.28%
[Epoch 15, Batch     2] loss: 0.004
Epoch 15/20:
Train Loss: 0.1707, Train Accuracy: 93.67%
Validation Loss: 2.3087, Validation Accuracy: 50.76%
[Epoch 16, Batch     2] loss: 0.001
Epoch 16/20:
Train Loss: 0.1299, Train Accuracy: 95.58%
Validation Loss: 2.2416, Validation Accuracy: 51.31%
[Epoch 17, Batch     2] loss: 0.003
Epoch 17/20:
Train Loss: 0.1326, Train Accuracy: 95.39%
Validation Loss: 2.3637, Validation Accuracy: 52.68%
[Epoch 18, Batch     2] loss: 0.004
Epoch 18/20:
Train Loss: 0.1370, Train Accuracy: 95.44%
Validation Loss: 2.2962, Validation Accuracy: 51.92%
[Epoch 19, Batch     2] loss: 0.001
Epoch 19/20:
Train Loss: 0.1179, Train Accuracy: 96.26%
Validation Loss: 2.2598, Validation Accuracy: 52.69%
[Epoch 20, Batch     2] loss: 0.002
Epoch 20/20:
Train Loss: 0.0952, Train Accuracy: 96.67%
Validation Loss: 2.4481, Validation Accuracy: 51.63%
Model saved to models/resnet18-CIFAR10-EVIDENCE-balanced_by_score1-0.9-1
Modified fc layer: updated out_features to 10.
Initialized untrained model.
resnet18-CIFAR10-EVIDENCE-balanced_by_score1-0.95-1
[Epoch 1, Batch     2] loss: 0.048
Epoch 1/20:
Train Loss: 1.8854, Train Accuracy: 30.05%
Validation Loss: 2.1902, Validation Accuracy: 24.92%
[Epoch 2, Batch     2] loss: 0.029
Epoch 2/20:
Train Loss: 1.4630, Train Accuracy: 44.67%
Validation Loss: 2.0385, Validation Accuracy: 32.35%
[Epoch 3, Batch     2] loss: 0.026
Epoch 3/20:
Train Loss: 1.2373, Train Accuracy: 51.60%
Validation Loss: 2.0428, Validation Accuracy: 34.72%
[Epoch 4, Batch     2] loss: 0.022
Epoch 4/20:
Train Loss: 1.0476, Train Accuracy: 60.18%
Validation Loss: 2.1090, Validation Accuracy: 36.47%
[Epoch 5, Batch     2] loss: 0.018
Epoch 5/20:
Train Loss: 0.8767, Train Accuracy: 66.95%
Validation Loss: 2.0792, Validation Accuracy: 37.16%
[Epoch 6, Batch     2] loss: 0.014
Epoch 6/20:
Train Loss: 0.6869, Train Accuracy: 74.04%
Validation Loss: 2.3033, Validation Accuracy: 38.93%
[Epoch 7, Batch     2] loss: 0.011
Epoch 7/20:
Train Loss: 0.6275, Train Accuracy: 76.52%
Validation Loss: 2.5596, Validation Accuracy: 39.19%
[Epoch 8, Batch     2] loss: 0.010
Epoch 8/20:
Train Loss: 0.4684, Train Accuracy: 82.61%
Validation Loss: 2.3454, Validation Accuracy: 41.49%
[Epoch 9, Batch     2] loss: 0.006
Epoch 9/20:
Train Loss: 0.3116, Train Accuracy: 88.30%
Validation Loss: 2.6472, Validation Accuracy: 39.69%
[Epoch 10, Batch     2] loss: 0.005
Epoch 10/20:
Train Loss: 0.3107, Train Accuracy: 88.34%
Validation Loss: 2.6684, Validation Accuracy: 41.68%
[Epoch 11, Batch     2] loss: 0.003
Epoch 11/20:
Train Loss: 0.2656, Train Accuracy: 90.58%
Validation Loss: 3.1385, Validation Accuracy: 37.83%
[Epoch 12, Batch     2] loss: 0.007
Epoch 12/20:
Train Loss: 0.2764, Train Accuracy: 89.30%
Validation Loss: 2.6530, Validation Accuracy: 39.78%
[Epoch 13, Batch     2] loss: 0.004
Epoch 13/20:
Train Loss: 0.2593, Train Accuracy: 90.46%
Validation Loss: 2.6962, Validation Accuracy: 42.30%
[Epoch 14, Batch     2] loss: 0.002
Epoch 14/20:
Train Loss: 0.1715, Train Accuracy: 93.59%
Validation Loss: 2.7378, Validation Accuracy: 43.41%
[Epoch 15, Batch     2] loss: 0.002
Epoch 15/20:
Train Loss: 0.1090, Train Accuracy: 96.63%
Validation Loss: 2.9555, Validation Accuracy: 43.22%
[Epoch 16, Batch     2] loss: 0.001
Epoch 16/20:
Train Loss: 0.1474, Train Accuracy: 94.95%
Validation Loss: 2.7518, Validation Accuracy: 45.07%
[Epoch 17, Batch     2] loss: 0.003
Epoch 17/20:
Train Loss: 0.1629, Train Accuracy: 93.99%
Validation Loss: 2.7361, Validation Accuracy: 44.38%
[Epoch 18, Batch     2] loss: 0.001
Epoch 18/20:
Train Loss: 0.1097, Train Accuracy: 96.19%
Validation Loss: 2.7426, Validation Accuracy: 44.85%
[Epoch 19, Batch     2] loss: 0.001
Epoch 19/20:
Train Loss: 0.1007, Train Accuracy: 96.23%
Validation Loss: 2.8826, Validation Accuracy: 44.96%
[Epoch 20, Batch     2] loss: 0.002
Epoch 20/20:
Train Loss: 0.1118, Train Accuracy: 96.47%
Validation Loss: 2.8573, Validation Accuracy: 45.71%
Model saved to models/resnet18-CIFAR10-EVIDENCE-balanced_by_score1-0.95-1
Modified fc layer: updated out_features to 10.
Loaded weights from file: models/resnet18_CIFAR10_E1_1
Files already downloaded and verified
Files already downloaded and verified
Modified fc layer: updated out_features to 10.
Initialized untrained model.
resnet18-CIFAR10-BELIEF-balanced_by_score-0.3-1
[Epoch 1, Batch     2] loss: 0.050
[Epoch 1, Batch   102] loss: 1.814
[Epoch 1, Batch   202] loss: 1.572
[Epoch 1, Batch   302] loss: 1.460
[Epoch 1, Batch   402] loss: 1.342
[Epoch 1, Batch   502] loss: 1.294
Epoch 1/20:
Train Loss: 0.1040, Train Accuracy: 46.73%
Validation Loss: 2.8196, Validation Accuracy: 23.99%
[Epoch 2, Batch     2] loss: 0.023
[Epoch 2, Batch   102] loss: 1.133
[Epoch 2, Batch   202] loss: 1.134
[Epoch 2, Batch   302] loss: 1.081
[Epoch 2, Batch   402] loss: 1.049
[Epoch 2, Batch   502] loss: 1.052
Epoch 2/20:
Train Loss: 0.0807, Train Accuracy: 61.90%
Validation Loss: 1.2890, Validation Accuracy: 54.89%
[Epoch 3, Batch     2] loss: 0.016
[Epoch 3, Batch   102] loss: 0.920
[Epoch 3, Batch   202] loss: 0.916
[Epoch 3, Batch   302] loss: 0.902
[Epoch 3, Batch   402] loss: 0.880
[Epoch 3, Batch   502] loss: 0.903
Epoch 3/20:
Train Loss: 0.0741, Train Accuracy: 68.21%
Validation Loss: 0.9801, Validation Accuracy: 65.66%
[Epoch 4, Batch     2] loss: 0.015
[Epoch 4, Batch   102] loss: 0.768
[Epoch 4, Batch   202] loss: 0.772
[Epoch 4, Batch   302] loss: 0.812
[Epoch 4, Batch   402] loss: 0.785
[Epoch 4, Batch   502] loss: 0.782
Epoch 4/20:
Train Loss: 0.0615, Train Accuracy: 72.65%
Validation Loss: 1.0489, Validation Accuracy: 64.41%
[Epoch 5, Batch     2] loss: 0.013
[Epoch 5, Batch   102] loss: 0.661
[Epoch 5, Batch   202] loss: 0.689
[Epoch 5, Batch   302] loss: 0.681
[Epoch 5, Batch   402] loss: 0.669
[Epoch 5, Batch   502] loss: 0.687
Epoch 5/20:
Train Loss: 0.0573, Train Accuracy: 76.43%
Validation Loss: 1.0401, Validation Accuracy: 65.97%
[Epoch 6, Batch     2] loss: 0.011
[Epoch 6, Batch   102] loss: 0.553
[Epoch 6, Batch   202] loss: 0.599
[Epoch 6, Batch   302] loss: 0.611
[Epoch 6, Batch   402] loss: 0.599
[Epoch 6, Batch   502] loss: 0.613
Epoch 6/20:
Train Loss: 0.0497, Train Accuracy: 79.32%
Validation Loss: 0.9438, Validation Accuracy: 68.70%
[Epoch 7, Batch     2] loss: 0.009
[Epoch 7, Batch   102] loss: 0.461
[Epoch 7, Batch   202] loss: 0.508
[Epoch 7, Batch   302] loss: 0.530
[Epoch 7, Batch   402] loss: 0.543
[Epoch 7, Batch   502] loss: 0.539
Epoch 7/20:
Train Loss: 0.0445, Train Accuracy: 82.23%
Validation Loss: 0.8229, Validation Accuracy: 72.94%
[Epoch 8, Batch     2] loss: 0.008
[Epoch 8, Batch   102] loss: 0.377
[Epoch 8, Batch   202] loss: 0.410
[Epoch 8, Batch   302] loss: 0.465
[Epoch 8, Batch   402] loss: 0.462
[Epoch 8, Batch   502] loss: 0.459
Epoch 8/20:
Train Loss: 0.0390, Train Accuracy: 84.73%
Validation Loss: 0.8458, Validation Accuracy: 72.94%
[Epoch 9, Batch     2] loss: 0.006
[Epoch 9, Batch   102] loss: 0.303
[Epoch 9, Batch   202] loss: 0.365
[Epoch 9, Batch   302] loss: 0.402
[Epoch 9, Batch   402] loss: 0.390
[Epoch 9, Batch   502] loss: 0.403
Epoch 9/20:
Train Loss: 0.0323, Train Accuracy: 87.10%
Validation Loss: 0.8388, Validation Accuracy: 73.99%
[Epoch 10, Batch     2] loss: 0.006
[Epoch 10, Batch   102] loss: 0.248
[Epoch 10, Batch   202] loss: 0.306
[Epoch 10, Batch   302] loss: 0.316
[Epoch 10, Batch   402] loss: 0.351
[Epoch 10, Batch   502] loss: 0.355
Epoch 10/20:
Train Loss: 0.0287, Train Accuracy: 88.86%
Validation Loss: 1.0514, Validation Accuracy: 69.93%
[Epoch 11, Batch     2] loss: 0.004
[Epoch 11, Batch   102] loss: 0.220
[Epoch 11, Batch   202] loss: 0.243
[Epoch 11, Batch   302] loss: 0.273
[Epoch 11, Batch   402] loss: 0.301
[Epoch 11, Batch   502] loss: 0.320
Epoch 11/20:
Train Loss: 0.0233, Train Accuracy: 90.56%
Validation Loss: 0.9392, Validation Accuracy: 72.55%
[Epoch 12, Batch     2] loss: 0.003
[Epoch 12, Batch   102] loss: 0.169
[Epoch 12, Batch   202] loss: 0.219
[Epoch 12, Batch   302] loss: 0.251
[Epoch 12, Batch   402] loss: 0.255
[Epoch 12, Batch   502] loss: 0.263
Epoch 12/20:
Train Loss: 0.0200, Train Accuracy: 92.04%
Validation Loss: 1.1788, Validation Accuracy: 68.18%
[Epoch 13, Batch     2] loss: 0.004
[Epoch 13, Batch   102] loss: 0.161
[Epoch 13, Batch   202] loss: 0.179
[Epoch 13, Batch   302] loss: 0.213
[Epoch 13, Batch   402] loss: 0.223
[Epoch 13, Batch   502] loss: 0.228
Epoch 13/20:
Train Loss: 0.0212, Train Accuracy: 92.93%
Validation Loss: 1.0035, Validation Accuracy: 72.73%
[Epoch 14, Batch     2] loss: 0.003
[Epoch 14, Batch   102] loss: 0.135
[Epoch 14, Batch   202] loss: 0.157
[Epoch 14, Batch   302] loss: 0.193
[Epoch 14, Batch   402] loss: 0.196
[Epoch 14, Batch   502] loss: 0.218
Epoch 14/20:
Train Loss: 0.0177, Train Accuracy: 93.70%
Validation Loss: 1.0499, Validation Accuracy: 72.57%
[Epoch 15, Batch     2] loss: 0.002
[Epoch 15, Batch   102] loss: 0.126
[Epoch 15, Batch   202] loss: 0.148
[Epoch 15, Batch   302] loss: 0.170
[Epoch 15, Batch   402] loss: 0.177
[Epoch 15, Batch   502] loss: 0.182
Epoch 15/20:
Train Loss: 0.0153, Train Accuracy: 94.36%
Validation Loss: 1.1387, Validation Accuracy: 72.04%
[Epoch 16, Batch     2] loss: 0.003
[Epoch 16, Batch   102] loss: 0.114
[Epoch 16, Batch   202] loss: 0.145
[Epoch 16, Batch   302] loss: 0.157
[Epoch 16, Batch   402] loss: 0.168
[Epoch 16, Batch   502] loss: 0.188
Epoch 16/20:
Train Loss: 0.0135, Train Accuracy: 94.63%
Validation Loss: 1.1652, Validation Accuracy: 72.18%
[Epoch 17, Batch     2] loss: 0.003
[Epoch 17, Batch   102] loss: 0.106
[Epoch 17, Batch   202] loss: 0.130
[Epoch 17, Batch   302] loss: 0.132
[Epoch 17, Batch   402] loss: 0.170
[Epoch 17, Batch   502] loss: 0.156
Epoch 17/20:
Train Loss: 0.0138, Train Accuracy: 95.07%
Validation Loss: 1.1091, Validation Accuracy: 72.74%
[Epoch 18, Batch     2] loss: 0.002
[Epoch 18, Batch   102] loss: 0.087
[Epoch 18, Batch   202] loss: 0.104
[Epoch 18, Batch   302] loss: 0.121
[Epoch 18, Batch   402] loss: 0.154
[Epoch 18, Batch   502] loss: 0.153
Epoch 18/20:
Train Loss: 0.0120, Train Accuracy: 95.72%
Validation Loss: 1.1827, Validation Accuracy: 72.26%
[Epoch 19, Batch     2] loss: 0.002
[Epoch 19, Batch   102] loss: 0.093
[Epoch 19, Batch   202] loss: 0.098
[Epoch 19, Batch   302] loss: 0.132
[Epoch 19, Batch   402] loss: 0.159
[Epoch 19, Batch   502] loss: 0.149
Epoch 19/20:
Train Loss: 0.0115, Train Accuracy: 95.58%
Validation Loss: 1.0533, Validation Accuracy: 73.53%
[Epoch 20, Batch     2] loss: 0.001
[Epoch 20, Batch   102] loss: 0.086
[Epoch 20, Batch   202] loss: 0.105
[Epoch 20, Batch   302] loss: 0.120
[Epoch 20, Batch   402] loss: 0.122
[Epoch 20, Batch   502] loss: 0.152
Epoch 20/20:
Train Loss: 0.0106, Train Accuracy: 95.88%
Validation Loss: 1.1942, Validation Accuracy: 72.02%
Model saved to models/resnet18-CIFAR10-BELIEF-balanced_by_score-0.3-1
Modified fc layer: updated out_features to 10.
Initialized untrained model.
resnet18-CIFAR10-BELIEF-balanced_by_score-0.5-1
[Epoch 1, Batch     2] loss: 0.049
[Epoch 1, Batch   102] loss: 1.800
[Epoch 1, Batch   202] loss: 1.532
[Epoch 1, Batch   302] loss: 1.449
Epoch 1/20:
Train Loss: 0.3066, Train Accuracy: 43.81%
Validation Loss: 1.3035, Validation Accuracy: 53.26%
[Epoch 2, Batch     2] loss: 0.023
[Epoch 2, Batch   102] loss: 1.244
[Epoch 2, Batch   202] loss: 1.223
[Epoch 2, Batch   302] loss: 1.143
Epoch 2/20:
Train Loss: 0.2564, Train Accuracy: 57.50%
Validation Loss: 1.2576, Validation Accuracy: 55.36%
[Epoch 3, Batch     2] loss: 0.022
[Epoch 3, Batch   102] loss: 1.024
[Epoch 3, Batch   202] loss: 1.005
[Epoch 3, Batch   302] loss: 0.993
Epoch 3/20:
Train Loss: 0.2187, Train Accuracy: 64.55%
Validation Loss: 1.3928, Validation Accuracy: 53.92%
[Epoch 4, Batch     2] loss: 0.019
[Epoch 4, Batch   102] loss: 0.844
[Epoch 4, Batch   202] loss: 0.886
[Epoch 4, Batch   302] loss: 0.862
Epoch 4/20:
Train Loss: 0.1921, Train Accuracy: 69.63%
Validation Loss: 1.0097, Validation Accuracy: 65.35%
[Epoch 5, Batch     2] loss: 0.015
[Epoch 5, Batch   102] loss: 0.709
[Epoch 5, Batch   202] loss: 0.769
[Epoch 5, Batch   302] loss: 0.778
Epoch 5/20:
Train Loss: 0.1741, Train Accuracy: 73.43%
Validation Loss: 0.9758, Validation Accuracy: 66.62%
[Epoch 6, Batch     2] loss: 0.012
[Epoch 6, Batch   102] loss: 0.606
[Epoch 6, Batch   202] loss: 0.667
[Epoch 6, Batch   302] loss: 0.663
Epoch 6/20:
Train Loss: 0.1504, Train Accuracy: 77.20%
Validation Loss: 1.2596, Validation Accuracy: 59.88%
[Epoch 7, Batch     2] loss: 0.012
[Epoch 7, Batch   102] loss: 0.510
[Epoch 7, Batch   202] loss: 0.592
[Epoch 7, Batch   302] loss: 0.587
Epoch 7/20:
Train Loss: 0.1313, Train Accuracy: 80.16%
Validation Loss: 1.1623, Validation Accuracy: 63.82%
[Epoch 8, Batch     2] loss: 0.010
[Epoch 8, Batch   102] loss: 0.448
[Epoch 8, Batch   202] loss: 0.471
[Epoch 8, Batch   302] loss: 0.529
Epoch 8/20:
Train Loss: 0.1215, Train Accuracy: 82.62%
Validation Loss: 1.2246, Validation Accuracy: 61.48%
[Epoch 9, Batch     2] loss: 0.008
[Epoch 9, Batch   102] loss: 0.351
[Epoch 9, Batch   202] loss: 0.408
[Epoch 9, Batch   302] loss: 0.448
Epoch 9/20:
Train Loss: 0.0982, Train Accuracy: 85.82%
Validation Loss: 0.9962, Validation Accuracy: 69.32%
[Epoch 10, Batch     2] loss: 0.007
[Epoch 10, Batch   102] loss: 0.297
[Epoch 10, Batch   202] loss: 0.337
[Epoch 10, Batch   302] loss: 0.359
Epoch 10/20:
Train Loss: 0.0864, Train Accuracy: 87.78%
Validation Loss: 1.1356, Validation Accuracy: 66.49%
[Epoch 11, Batch     2] loss: 0.004
[Epoch 11, Batch   102] loss: 0.245
[Epoch 11, Batch   202] loss: 0.286
[Epoch 11, Batch   302] loss: 0.325
Epoch 11/20:
Train Loss: 0.0733, Train Accuracy: 89.69%
Validation Loss: 1.1225, Validation Accuracy: 67.91%
[Epoch 12, Batch     2] loss: 0.005
[Epoch 12, Batch   102] loss: 0.182
[Epoch 12, Batch   202] loss: 0.249
[Epoch 12, Batch   302] loss: 0.264
Epoch 12/20:
Train Loss: 0.0568, Train Accuracy: 91.71%
Validation Loss: 1.2668, Validation Accuracy: 67.25%
[Epoch 13, Batch     2] loss: 0.003
[Epoch 13, Batch   102] loss: 0.167
[Epoch 13, Batch   202] loss: 0.239
[Epoch 13, Batch   302] loss: 0.222
Epoch 13/20:
Train Loss: 0.0523, Train Accuracy: 92.49%
Validation Loss: 1.2099, Validation Accuracy: 68.71%
[Epoch 14, Batch     2] loss: 0.003
[Epoch 14, Batch   102] loss: 0.165
[Epoch 14, Batch   202] loss: 0.184
[Epoch 14, Batch   302] loss: 0.210
Epoch 14/20:
Train Loss: 0.0556, Train Accuracy: 92.86%
Validation Loss: 1.1360, Validation Accuracy: 70.13%
[Epoch 15, Batch     2] loss: 0.003
[Epoch 15, Batch   102] loss: 0.111
[Epoch 15, Batch   202] loss: 0.147
[Epoch 15, Batch   302] loss: 0.156
Epoch 15/20:
Train Loss: 0.0465, Train Accuracy: 94.68%
Validation Loss: 1.3645, Validation Accuracy: 67.02%
[Epoch 16, Batch     2] loss: 0.003
[Epoch 16, Batch   102] loss: 0.161
[Epoch 16, Batch   202] loss: 0.124
[Epoch 16, Batch   302] loss: 0.178
Epoch 16/20:
Train Loss: 0.0472, Train Accuracy: 94.26%
Validation Loss: 1.3295, Validation Accuracy: 66.84%
[Epoch 17, Batch     2] loss: 0.002
[Epoch 17, Batch   102] loss: 0.101
[Epoch 17, Batch   202] loss: 0.116
[Epoch 17, Batch   302] loss: 0.172
Epoch 17/20:
Train Loss: 0.0375, Train Accuracy: 95.22%
Validation Loss: 1.4026, Validation Accuracy: 66.93%
[Epoch 18, Batch     2] loss: 0.004
[Epoch 18, Batch   102] loss: 0.103
[Epoch 18, Batch   202] loss: 0.139
[Epoch 18, Batch   302] loss: 0.136
Epoch 18/20:
Train Loss: 0.0362, Train Accuracy: 95.36%
Validation Loss: 1.6214, Validation Accuracy: 65.71%
[Epoch 19, Batch     2] loss: 0.003
[Epoch 19, Batch   102] loss: 0.100
[Epoch 19, Batch   202] loss: 0.094
[Epoch 19, Batch   302] loss: 0.136
Epoch 19/20:
Train Loss: 0.0301, Train Accuracy: 95.94%
Validation Loss: 1.3201, Validation Accuracy: 70.49%
[Epoch 20, Batch     2] loss: 0.001
[Epoch 20, Batch   102] loss: 0.104
[Epoch 20, Batch   202] loss: 0.111
[Epoch 20, Batch   302] loss: 0.144
Epoch 20/20:
Train Loss: 0.0319, Train Accuracy: 95.60%
Validation Loss: 1.3196, Validation Accuracy: 70.21%
Model saved to models/resnet18-CIFAR10-BELIEF-balanced_by_score-0.5-1
Modified fc layer: updated out_features to 10.
Initialized untrained model.
resnet18-CIFAR10-BELIEF-balanced_by_score-0.7-1
[Epoch 1, Batch     2] loss: 0.051
[Epoch 1, Batch   102] loss: 1.832
[Epoch 1, Batch   202] loss: 1.536
Epoch 1/20:
Train Loss: 0.2009, Train Accuracy: 40.08%
Validation Loss: 1.5333, Validation Accuracy: 43.53%
[Epoch 2, Batch     2] loss: 0.029
[Epoch 2, Batch   102] loss: 1.348
[Epoch 2, Batch   202] loss: 1.317
Epoch 2/20:
Train Loss: 0.1718, Train Accuracy: 52.47%
Validation Loss: 1.4023, Validation Accuracy: 49.85%
[Epoch 3, Batch     2] loss: 0.020
[Epoch 3, Batch   102] loss: 1.163
[Epoch 3, Batch   202] loss: 1.110
Epoch 3/20:
Train Loss: 0.1577, Train Accuracy: 59.41%
Validation Loss: 1.2972, Validation Accuracy: 53.14%
[Epoch 4, Batch     2] loss: 0.021
[Epoch 4, Batch   102] loss: 0.982
[Epoch 4, Batch   202] loss: 1.007
Epoch 4/20:
Train Loss: 0.1346, Train Accuracy: 64.53%
Validation Loss: 1.1538, Validation Accuracy: 59.44%
[Epoch 5, Batch     2] loss: 0.016
[Epoch 5, Batch   102] loss: 0.847
[Epoch 5, Batch   202] loss: 0.874
Epoch 5/20:
Train Loss: 0.1165, Train Accuracy: 69.64%
Validation Loss: 1.2187, Validation Accuracy: 58.87%
[Epoch 6, Batch     2] loss: 0.013
[Epoch 6, Batch   102] loss: 0.725
[Epoch 6, Batch   202] loss: 0.773
Epoch 6/20:
Train Loss: 0.1071, Train Accuracy: 73.50%
Validation Loss: 1.2055, Validation Accuracy: 59.76%
[Epoch 7, Batch     2] loss: 0.012
[Epoch 7, Batch   102] loss: 0.597
[Epoch 7, Batch   202] loss: 0.668
Epoch 7/20:
Train Loss: 0.0939, Train Accuracy: 77.73%
Validation Loss: 1.3140, Validation Accuracy: 60.53%
[Epoch 8, Batch     2] loss: 0.007
[Epoch 8, Batch   102] loss: 0.505
[Epoch 8, Batch   202] loss: 0.564
Epoch 8/20:
Train Loss: 0.0835, Train Accuracy: 81.20%
Validation Loss: 1.1909, Validation Accuracy: 63.40%
[Epoch 9, Batch     2] loss: 0.010
[Epoch 9, Batch   102] loss: 0.382
[Epoch 9, Batch   202] loss: 0.514
Epoch 9/20:
Train Loss: 0.0670, Train Accuracy: 83.96%
Validation Loss: 1.5659, Validation Accuracy: 56.75%
[Epoch 10, Batch     2] loss: 0.006
[Epoch 10, Batch   102] loss: 0.343
[Epoch 10, Batch   202] loss: 0.384
Epoch 10/20:
Train Loss: 0.0592, Train Accuracy: 87.07%
Validation Loss: 1.3953, Validation Accuracy: 59.99%
[Epoch 11, Batch     2] loss: 0.009
[Epoch 11, Batch   102] loss: 0.264
[Epoch 11, Batch   202] loss: 0.338
Epoch 11/20:
Train Loss: 0.0436, Train Accuracy: 89.17%
Validation Loss: 1.4589, Validation Accuracy: 61.06%
[Epoch 12, Batch     2] loss: 0.003
[Epoch 12, Batch   102] loss: 0.208
[Epoch 12, Batch   202] loss: 0.270
Epoch 12/20:
Train Loss: 0.0404, Train Accuracy: 91.16%
Validation Loss: 1.7247, Validation Accuracy: 58.26%
[Epoch 13, Batch     2] loss: 0.005
[Epoch 13, Batch   102] loss: 0.180
[Epoch 13, Batch   202] loss: 0.243
Epoch 13/20:
Train Loss: 0.0372, Train Accuracy: 92.36%
Validation Loss: 1.5438, Validation Accuracy: 61.53%
[Epoch 14, Batch     2] loss: 0.002
[Epoch 14, Batch   102] loss: 0.159
[Epoch 14, Batch   202] loss: 0.199
Epoch 14/20:
Train Loss: 0.0268, Train Accuracy: 93.69%
Validation Loss: 1.5156, Validation Accuracy: 64.24%
[Epoch 15, Batch     2] loss: 0.001
[Epoch 15, Batch   102] loss: 0.155
[Epoch 15, Batch   202] loss: 0.176
Epoch 15/20:
Train Loss: 0.0285, Train Accuracy: 94.02%
Validation Loss: 1.5512, Validation Accuracy: 65.19%
[Epoch 16, Batch     2] loss: 0.003
[Epoch 16, Batch   102] loss: 0.122
[Epoch 16, Batch   202] loss: 0.168
Epoch 16/20:
Train Loss: 0.0230, Train Accuracy: 94.93%
Validation Loss: 1.4879, Validation Accuracy: 65.51%
[Epoch 17, Batch     2] loss: 0.002
[Epoch 17, Batch   102] loss: 0.107
[Epoch 17, Batch   202] loss: 0.148
Epoch 17/20:
Train Loss: 0.0243, Train Accuracy: 95.27%
Validation Loss: 1.7193, Validation Accuracy: 62.36%
[Epoch 18, Batch     2] loss: 0.001
[Epoch 18, Batch   102] loss: 0.105
[Epoch 18, Batch   202] loss: 0.154
Epoch 18/20:
Train Loss: 0.0215, Train Accuracy: 95.40%
Validation Loss: 1.7861, Validation Accuracy: 61.76%
[Epoch 19, Batch     2] loss: 0.003
[Epoch 19, Batch   102] loss: 0.095
[Epoch 19, Batch   202] loss: 0.135
Epoch 19/20:
Train Loss: 0.0164, Train Accuracy: 96.03%
Validation Loss: 1.6049, Validation Accuracy: 65.10%
[Epoch 20, Batch     2] loss: 0.002
[Epoch 20, Batch   102] loss: 0.097
[Epoch 20, Batch   202] loss: 0.134
Epoch 20/20:
Train Loss: 0.0184, Train Accuracy: 96.05%
Validation Loss: 1.5843, Validation Accuracy: 66.12%
Model saved to models/resnet18-CIFAR10-BELIEF-balanced_by_score-0.7-1
Modified fc layer: updated out_features to 10.
Initialized untrained model.
resnet18-CIFAR10-BELIEF-balanced_by_score-0.8-1
[Epoch 1, Batch     2] loss: 0.049
[Epoch 1, Batch   102] loss: 1.823
Epoch 1/20:
Train Loss: 0.5428, Train Accuracy: 37.24%
Validation Loss: 1.6559, Validation Accuracy: 39.97%
[Epoch 2, Batch     2] loss: 0.028
[Epoch 2, Batch   102] loss: 1.419
Epoch 2/20:
Train Loss: 0.4735, Train Accuracy: 49.31%
Validation Loss: 2.8539, Validation Accuracy: 28.20%
[Epoch 3, Batch     2] loss: 0.026
[Epoch 3, Batch   102] loss: 1.231
Epoch 3/20:
Train Loss: 0.4182, Train Accuracy: 55.30%
Validation Loss: 1.4850, Validation Accuracy: 47.19%
[Epoch 4, Batch     2] loss: 0.018
[Epoch 4, Batch   102] loss: 1.091
Epoch 4/20:
Train Loss: 0.3686, Train Accuracy: 61.07%
Validation Loss: 1.5063, Validation Accuracy: 49.56%
[Epoch 5, Batch     2] loss: 0.020
[Epoch 5, Batch   102] loss: 0.930
Epoch 5/20:
Train Loss: 0.3346, Train Accuracy: 66.22%
Validation Loss: 1.1582, Validation Accuracy: 59.57%
[Epoch 6, Batch     2] loss: 0.014
[Epoch 6, Batch   102] loss: 0.796
Epoch 6/20:
Train Loss: 0.2976, Train Accuracy: 70.80%
Validation Loss: 1.3068, Validation Accuracy: 57.49%
[Epoch 7, Batch     2] loss: 0.012
[Epoch 7, Batch   102] loss: 0.686
Epoch 7/20:
Train Loss: 0.2472, Train Accuracy: 74.95%
Validation Loss: 1.4769, Validation Accuracy: 53.95%
[Epoch 8, Batch     2] loss: 0.010
[Epoch 8, Batch   102] loss: 0.556
Epoch 8/20:
Train Loss: 0.2126, Train Accuracy: 79.17%
Validation Loss: 1.3536, Validation Accuracy: 58.76%
[Epoch 9, Batch     2] loss: 0.009
[Epoch 9, Batch   102] loss: 0.465
Epoch 9/20:
Train Loss: 0.1785, Train Accuracy: 83.10%
Validation Loss: 1.5120, Validation Accuracy: 57.34%
[Epoch 10, Batch     2] loss: 0.005
[Epoch 10, Batch   102] loss: 0.385
Epoch 10/20:
Train Loss: 0.1591, Train Accuracy: 85.33%
Validation Loss: 1.4701, Validation Accuracy: 58.17%
[Epoch 11, Batch     2] loss: 0.007
[Epoch 11, Batch   102] loss: 0.292
Epoch 11/20:
Train Loss: 0.1179, Train Accuracy: 89.25%
Validation Loss: 1.5924, Validation Accuracy: 57.13%
[Epoch 12, Batch     2] loss: 0.003
[Epoch 12, Batch   102] loss: 0.272
Epoch 12/20:
Train Loss: 0.1032, Train Accuracy: 90.07%
Validation Loss: 1.4310, Validation Accuracy: 61.38%
[Epoch 13, Batch     2] loss: 0.002
[Epoch 13, Batch   102] loss: 0.194
Epoch 13/20:
Train Loss: 0.0928, Train Accuracy: 92.56%
Validation Loss: 1.8021, Validation Accuracy: 56.55%
[Epoch 14, Batch     2] loss: 0.005
[Epoch 14, Batch   102] loss: 0.190
Epoch 14/20:
Train Loss: 0.0711, Train Accuracy: 93.06%
Validation Loss: 1.9054, Validation Accuracy: 55.08%
[Epoch 15, Batch     2] loss: 0.003
[Epoch 15, Batch   102] loss: 0.132
Epoch 15/20:
Train Loss: 0.0814, Train Accuracy: 94.33%
Validation Loss: 1.8935, Validation Accuracy: 56.84%
[Epoch 16, Batch     2] loss: 0.006
[Epoch 16, Batch   102] loss: 0.152
Epoch 16/20:
Train Loss: 0.0591, Train Accuracy: 94.51%
Validation Loss: 2.0760, Validation Accuracy: 57.57%
[Epoch 17, Batch     2] loss: 0.003
[Epoch 17, Batch   102] loss: 0.137
Epoch 17/20:
Train Loss: 0.0641, Train Accuracy: 94.67%
Validation Loss: 2.0013, Validation Accuracy: 56.86%
[Epoch 18, Batch     2] loss: 0.001
[Epoch 18, Batch   102] loss: 0.111
Epoch 18/20:
Train Loss: 0.0437, Train Accuracy: 95.95%
Validation Loss: 1.9590, Validation Accuracy: 58.54%
[Epoch 19, Batch     2] loss: 0.001
[Epoch 19, Batch   102] loss: 0.109
Epoch 19/20:
Train Loss: 0.0396, Train Accuracy: 96.30%
Validation Loss: 1.9551, Validation Accuracy: 59.09%
[Epoch 20, Batch     2] loss: 0.001
[Epoch 20, Batch   102] loss: 0.112
Epoch 20/20:
Train Loss: 0.0574, Train Accuracy: 95.40%
Validation Loss: 1.7872, Validation Accuracy: 61.44%
Model saved to models/resnet18-CIFAR10-BELIEF-balanced_by_score-0.8-1
Modified fc layer: updated out_features to 10.
Initialized untrained model.
resnet18-CIFAR10-BELIEF-balanced_by_score-0.9-1
[Epoch 1, Batch     2] loss: 0.052
Epoch 1/20:
Train Loss: 1.8397, Train Accuracy: 32.52%
Validation Loss: 2.3220, Validation Accuracy: 27.16%
[Epoch 2, Batch     2] loss: 0.030
Epoch 2/20:
Train Loss: 1.4842, Train Accuracy: 45.25%
Validation Loss: 1.6557, Validation Accuracy: 41.58%
[Epoch 3, Batch     2] loss: 0.025
Epoch 3/20:
Train Loss: 1.3138, Train Accuracy: 50.84%
Validation Loss: 1.5981, Validation Accuracy: 44.16%
[Epoch 4, Batch     2] loss: 0.022
Epoch 4/20:
Train Loss: 1.1229, Train Accuracy: 58.76%
Validation Loss: 1.4624, Validation Accuracy: 48.77%
[Epoch 5, Batch     2] loss: 0.022
Epoch 5/20:
Train Loss: 1.0170, Train Accuracy: 63.03%
Validation Loss: 2.6746, Validation Accuracy: 29.31%
[Epoch 6, Batch     2] loss: 0.016
Epoch 6/20:
Train Loss: 0.8428, Train Accuracy: 69.61%
Validation Loss: 2.1503, Validation Accuracy: 39.63%
[Epoch 7, Batch     2] loss: 0.018
Epoch 7/20:
Train Loss: 0.7161, Train Accuracy: 73.85%
Validation Loss: 1.9809, Validation Accuracy: 39.58%
[Epoch 8, Batch     2] loss: 0.012
Epoch 8/20:
Train Loss: 0.5988, Train Accuracy: 78.54%
Validation Loss: 1.9060, Validation Accuracy: 46.07%
[Epoch 9, Batch     2] loss: 0.011
Epoch 9/20:
Train Loss: 0.4584, Train Accuracy: 83.78%
Validation Loss: 1.8687, Validation Accuracy: 49.04%
[Epoch 10, Batch     2] loss: 0.008
Epoch 10/20:
Train Loss: 0.4010, Train Accuracy: 85.61%
Validation Loss: 1.9722, Validation Accuracy: 49.05%
[Epoch 11, Batch     2] loss: 0.006
Epoch 11/20:
Train Loss: 0.3419, Train Accuracy: 87.89%
Validation Loss: 1.8138, Validation Accuracy: 51.87%
[Epoch 12, Batch     2] loss: 0.004
Epoch 12/20:
Train Loss: 0.2711, Train Accuracy: 90.40%
Validation Loss: 2.0149, Validation Accuracy: 50.86%
[Epoch 13, Batch     2] loss: 0.003
Epoch 13/20:
Train Loss: 0.2470, Train Accuracy: 91.34%
Validation Loss: 1.9478, Validation Accuracy: 53.56%
[Epoch 14, Batch     2] loss: 0.005
Epoch 14/20:
Train Loss: 0.2342, Train Accuracy: 91.76%
Validation Loss: 1.9017, Validation Accuracy: 54.42%
[Epoch 15, Batch     2] loss: 0.003
Epoch 15/20:
Train Loss: 0.1370, Train Accuracy: 95.09%
Validation Loss: 2.1126, Validation Accuracy: 52.75%
[Epoch 16, Batch     2] loss: 0.001
Epoch 16/20:
Train Loss: 0.1096, Train Accuracy: 96.28%
Validation Loss: 2.3169, Validation Accuracy: 51.95%
[Epoch 17, Batch     2] loss: 0.003
Epoch 17/20:
Train Loss: 0.1310, Train Accuracy: 95.21%
Validation Loss: 2.3636, Validation Accuracy: 51.63%
[Epoch 18, Batch     2] loss: 0.002
Epoch 18/20:
Train Loss: 0.1644, Train Accuracy: 94.82%
Validation Loss: 2.3060, Validation Accuracy: 50.30%
[Epoch 19, Batch     2] loss: 0.003
Epoch 19/20:
Train Loss: 0.1158, Train Accuracy: 95.81%
Validation Loss: 2.3517, Validation Accuracy: 52.60%
[Epoch 20, Batch     2] loss: 0.001
Epoch 20/20:
Train Loss: 0.0802, Train Accuracy: 97.22%
Validation Loss: 2.3922, Validation Accuracy: 52.99%
Model saved to models/resnet18-CIFAR10-BELIEF-balanced_by_score-0.9-1
Modified fc layer: updated out_features to 10.
Initialized untrained model.
resnet18-CIFAR10-BELIEF-balanced_by_score-0.95-1
[Epoch 1, Batch     2] loss: 0.049
Epoch 1/20:
Train Loss: 1.9455, Train Accuracy: 26.04%
Validation Loss: 2.4782, Validation Accuracy: 19.77%
[Epoch 2, Batch     2] loss: 0.030
Epoch 2/20:
Train Loss: 1.4790, Train Accuracy: 43.39%
Validation Loss: 1.9676, Validation Accuracy: 33.34%
[Epoch 3, Batch     2] loss: 0.027
Epoch 3/20:
Train Loss: 1.2434, Train Accuracy: 53.37%
Validation Loss: 2.0710, Validation Accuracy: 32.77%
[Epoch 4, Batch     2] loss: 0.022
Epoch 4/20:
Train Loss: 1.0875, Train Accuracy: 59.58%
Validation Loss: 2.1130, Validation Accuracy: 36.86%
[Epoch 5, Batch     2] loss: 0.020
Epoch 5/20:
Train Loss: 0.8993, Train Accuracy: 65.75%
Validation Loss: 2.3692, Validation Accuracy: 33.28%
[Epoch 6, Batch     2] loss: 0.017
Epoch 6/20:
Train Loss: 0.7371, Train Accuracy: 71.71%
Validation Loss: 2.1614, Validation Accuracy: 38.19%
[Epoch 7, Batch     2] loss: 0.012
Epoch 7/20:
Train Loss: 0.6113, Train Accuracy: 77.48%
Validation Loss: 2.3312, Validation Accuracy: 37.61%
[Epoch 8, Batch     2] loss: 0.010
Epoch 8/20:
Train Loss: 0.4944, Train Accuracy: 82.25%
Validation Loss: 3.2725, Validation Accuracy: 34.85%
[Epoch 9, Batch     2] loss: 0.009
Epoch 9/20:
Train Loss: 0.4222, Train Accuracy: 84.29%
Validation Loss: 2.0743, Validation Accuracy: 42.51%
[Epoch 10, Batch     2] loss: 0.006
Epoch 10/20:
Train Loss: 0.3018, Train Accuracy: 89.22%
Validation Loss: 2.5381, Validation Accuracy: 39.73%
[Epoch 11, Batch     2] loss: 0.004
Epoch 11/20:
Train Loss: 0.2678, Train Accuracy: 90.10%
Validation Loss: 2.6274, Validation Accuracy: 41.81%
[Epoch 12, Batch     2] loss: 0.006
Epoch 12/20:
Train Loss: 0.2552, Train Accuracy: 91.23%
Validation Loss: 2.5455, Validation Accuracy: 40.15%
[Epoch 13, Batch     2] loss: 0.002
Epoch 13/20:
Train Loss: 0.1997, Train Accuracy: 92.95%
Validation Loss: 2.8023, Validation Accuracy: 42.54%
[Epoch 14, Batch     2] loss: 0.003
Epoch 14/20:
Train Loss: 0.2042, Train Accuracy: 92.51%
Validation Loss: 2.4871, Validation Accuracy: 43.29%
[Epoch 15, Batch     2] loss: 0.002
Epoch 15/20:
Train Loss: 0.1603, Train Accuracy: 93.99%
Validation Loss: 2.8523, Validation Accuracy: 39.76%
[Epoch 16, Batch     2] loss: 0.003
Epoch 16/20:
Train Loss: 0.1476, Train Accuracy: 94.35%
Validation Loss: 2.8317, Validation Accuracy: 44.82%
[Epoch 17, Batch     2] loss: 0.001
Epoch 17/20:
Train Loss: 0.1035, Train Accuracy: 96.59%
Validation Loss: 2.7561, Validation Accuracy: 44.27%
[Epoch 18, Batch     2] loss: 0.001
Epoch 18/20:
Train Loss: 0.0836, Train Accuracy: 96.96%
Validation Loss: 2.9669, Validation Accuracy: 43.71%
[Epoch 19, Batch     2] loss: 0.001
Epoch 19/20:
Train Loss: 0.1082, Train Accuracy: 96.35%
Validation Loss: 2.8434, Validation Accuracy: 45.17%
[Epoch 20, Batch     2] loss: 0.003
Epoch 20/20:
Train Loss: 0.1136, Train Accuracy: 95.99%
Validation Loss: 2.8535, Validation Accuracy: 45.03%
Model saved to models/resnet18-CIFAR10-BELIEF-balanced_by_score-0.95-1
Modified fc layer: updated out_features to 10.
Loaded weights from file: models/resnet18_CIFAR10_E1_1
Files already downloaded and verified
Files already downloaded and verified
Modified fc layer: updated out_features to 10.
Initialized untrained model.
resnet18-CIFAR10-BELIEF-median-0.3-1
[Epoch 1, Batch     2] loss: 0.045
[Epoch 1, Batch   102] loss: 1.752
[Epoch 1, Batch   202] loss: 1.510
[Epoch 1, Batch   302] loss: 1.388
[Epoch 1, Batch   402] loss: 1.312
[Epoch 1, Batch   502] loss: 1.232
Epoch 1/20:
Train Loss: 0.0959, Train Accuracy: 48.78%
Validation Loss: 1.2462, Validation Accuracy: 54.64%
[Epoch 2, Batch     2] loss: 0.022
[Epoch 2, Batch   102] loss: 1.113
[Epoch 2, Batch   202] loss: 1.087
[Epoch 2, Batch   302] loss: 1.078
[Epoch 2, Batch   402] loss: 1.021
[Epoch 2, Batch   502] loss: 0.983
Epoch 2/20:
Train Loss: 0.0775, Train Accuracy: 62.73%
Validation Loss: 1.1214, Validation Accuracy: 59.93%
[Epoch 3, Batch     2] loss: 0.018
[Epoch 3, Batch   102] loss: 0.892
[Epoch 3, Batch   202] loss: 0.891
[Epoch 3, Batch   302] loss: 0.881
[Epoch 3, Batch   402] loss: 0.856
[Epoch 3, Batch   502] loss: 0.855
Epoch 3/20:
Train Loss: 0.0680, Train Accuracy: 69.50%
Validation Loss: 1.2316, Validation Accuracy: 59.30%
[Epoch 4, Batch     2] loss: 0.015
[Epoch 4, Batch   102] loss: 0.719
[Epoch 4, Batch   202] loss: 0.756
[Epoch 4, Batch   302] loss: 0.764
[Epoch 4, Batch   402] loss: 0.731
[Epoch 4, Batch   502] loss: 0.751
Epoch 4/20:
Train Loss: 0.0601, Train Accuracy: 74.17%
Validation Loss: 1.0028, Validation Accuracy: 66.10%
[Epoch 5, Batch     2] loss: 0.012
[Epoch 5, Batch   102] loss: 0.636
[Epoch 5, Batch   202] loss: 0.679
[Epoch 5, Batch   302] loss: 0.649
[Epoch 5, Batch   402] loss: 0.626
[Epoch 5, Batch   502] loss: 0.646
Epoch 5/20:
Train Loss: 0.0542, Train Accuracy: 77.69%
Validation Loss: 0.9579, Validation Accuracy: 67.58%
[Epoch 6, Batch     2] loss: 0.010
[Epoch 6, Batch   102] loss: 0.501
[Epoch 6, Batch   202] loss: 0.548
[Epoch 6, Batch   302] loss: 0.584
[Epoch 6, Batch   402] loss: 0.569
[Epoch 6, Batch   502] loss: 0.570
Epoch 6/20:
Train Loss: 0.0478, Train Accuracy: 80.62%
Validation Loss: 0.8329, Validation Accuracy: 71.68%
[Epoch 7, Batch     2] loss: 0.009
[Epoch 7, Batch   102] loss: 0.438
[Epoch 7, Batch   202] loss: 0.470
[Epoch 7, Batch   302] loss: 0.494
[Epoch 7, Batch   402] loss: 0.478
[Epoch 7, Batch   502] loss: 0.531
Epoch 7/20:
Train Loss: 0.0399, Train Accuracy: 83.20%
Validation Loss: 0.8619, Validation Accuracy: 71.97%
[Epoch 8, Batch     2] loss: 0.008
[Epoch 8, Batch   102] loss: 0.352
[Epoch 8, Batch   202] loss: 0.400
[Epoch 8, Batch   302] loss: 0.397
[Epoch 8, Batch   402] loss: 0.415
[Epoch 8, Batch   502] loss: 0.444
Epoch 8/20:
Train Loss: 0.0383, Train Accuracy: 86.03%
Validation Loss: 0.9118, Validation Accuracy: 70.62%
[Epoch 9, Batch     2] loss: 0.005
[Epoch 9, Batch   102] loss: 0.288
[Epoch 9, Batch   202] loss: 0.333
[Epoch 9, Batch   302] loss: 0.365
[Epoch 9, Batch   402] loss: 0.375
[Epoch 9, Batch   502] loss: 0.379
Epoch 9/20:
Train Loss: 0.0305, Train Accuracy: 87.94%
Validation Loss: 0.8633, Validation Accuracy: 73.63%
[Epoch 10, Batch     2] loss: 0.003
[Epoch 10, Batch   102] loss: 0.234
[Epoch 10, Batch   202] loss: 0.281
[Epoch 10, Batch   302] loss: 0.287
[Epoch 10, Batch   402] loss: 0.295
[Epoch 10, Batch   502] loss: 0.326
Epoch 10/20:
Train Loss: 0.0261, Train Accuracy: 90.04%
Validation Loss: 0.9624, Validation Accuracy: 71.48%
[Epoch 11, Batch     2] loss: 0.004
[Epoch 11, Batch   102] loss: 0.195
[Epoch 11, Batch   202] loss: 0.223
[Epoch 11, Batch   302] loss: 0.265
[Epoch 11, Batch   402] loss: 0.268
[Epoch 11, Batch   502] loss: 0.277
Epoch 11/20:
Train Loss: 0.0211, Train Accuracy: 91.41%
Validation Loss: 1.1128, Validation Accuracy: 69.33%
[Epoch 12, Batch     2] loss: 0.003
[Epoch 12, Batch   102] loss: 0.192
[Epoch 12, Batch   202] loss: 0.212
[Epoch 12, Batch   302] loss: 0.234
[Epoch 12, Batch   402] loss: 0.219
[Epoch 12, Batch   502] loss: 0.241
Epoch 12/20:
Train Loss: 0.0177, Train Accuracy: 92.38%
Validation Loss: 0.9575, Validation Accuracy: 73.26%
[Epoch 13, Batch     2] loss: 0.004
[Epoch 13, Batch   102] loss: 0.134
[Epoch 13, Batch   202] loss: 0.182
[Epoch 13, Batch   302] loss: 0.191
[Epoch 13, Batch   402] loss: 0.200
[Epoch 13, Batch   502] loss: 0.218
Epoch 13/20:
Train Loss: 0.0192, Train Accuracy: 93.53%
Validation Loss: 1.0747, Validation Accuracy: 70.95%
[Epoch 14, Batch     2] loss: 0.003
[Epoch 14, Batch   102] loss: 0.128
[Epoch 14, Batch   202] loss: 0.153
[Epoch 14, Batch   302] loss: 0.148
[Epoch 14, Batch   402] loss: 0.195
[Epoch 14, Batch   502] loss: 0.205
Epoch 14/20:
Train Loss: 0.0171, Train Accuracy: 94.18%
Validation Loss: 1.1154, Validation Accuracy: 71.50%
[Epoch 15, Batch     2] loss: 0.001
[Epoch 15, Batch   102] loss: 0.098
[Epoch 15, Batch   202] loss: 0.121
[Epoch 15, Batch   302] loss: 0.154
[Epoch 15, Batch   402] loss: 0.160
[Epoch 15, Batch   502] loss: 0.170
Epoch 15/20:
Train Loss: 0.0182, Train Accuracy: 94.89%
Validation Loss: 1.2751, Validation Accuracy: 68.12%
[Epoch 16, Batch     2] loss: 0.003
[Epoch 16, Batch   102] loss: 0.113
[Epoch 16, Batch   202] loss: 0.111
[Epoch 16, Batch   302] loss: 0.146
[Epoch 16, Batch   402] loss: 0.182
[Epoch 16, Batch   502] loss: 0.164
Epoch 16/20:
Train Loss: 0.0153, Train Accuracy: 94.88%
Validation Loss: 1.1090, Validation Accuracy: 72.48%
[Epoch 17, Batch     2] loss: 0.002
[Epoch 17, Batch   102] loss: 0.114
[Epoch 17, Batch   202] loss: 0.117
[Epoch 17, Batch   302] loss: 0.140
[Epoch 17, Batch   402] loss: 0.155
[Epoch 17, Batch   502] loss: 0.147
Epoch 17/20:
Train Loss: 0.0113, Train Accuracy: 95.34%
Validation Loss: 1.1267, Validation Accuracy: 73.10%
[Epoch 18, Batch     2] loss: 0.001
[Epoch 18, Batch   102] loss: 0.081
[Epoch 18, Batch   202] loss: 0.086
[Epoch 18, Batch   302] loss: 0.139
[Epoch 18, Batch   402] loss: 0.137
[Epoch 18, Batch   502] loss: 0.163
Epoch 18/20:
Train Loss: 0.0119, Train Accuracy: 95.77%
Validation Loss: 1.1597, Validation Accuracy: 71.99%
[Epoch 19, Batch     2] loss: 0.001
[Epoch 19, Batch   102] loss: 0.087
[Epoch 19, Batch   202] loss: 0.092
[Epoch 19, Batch   302] loss: 0.133
[Epoch 19, Batch   402] loss: 0.132
[Epoch 19, Batch   502] loss: 0.139
Epoch 19/20:
Train Loss: 0.0085, Train Accuracy: 96.09%
Validation Loss: 1.2371, Validation Accuracy: 71.80%
[Epoch 20, Batch     2] loss: 0.001
[Epoch 20, Batch   102] loss: 0.094
[Epoch 20, Batch   202] loss: 0.101
[Epoch 20, Batch   302] loss: 0.115
[Epoch 20, Batch   402] loss: 0.129
[Epoch 20, Batch   502] loss: 0.144
Epoch 20/20:
Train Loss: 0.0128, Train Accuracy: 95.90%
Validation Loss: 1.1959, Validation Accuracy: 70.90%
Model saved to models/resnet18-CIFAR10-BELIEF-median-0.3-1
Modified fc layer: updated out_features to 10.
Initialized untrained model.
resnet18-CIFAR10-BELIEF-median-0.5-1
[Epoch 1, Batch     2] loss: 0.050
[Epoch 1, Batch   102] loss: 1.748
[Epoch 1, Batch   202] loss: 1.510
[Epoch 1, Batch   302] loss: 1.435
Epoch 1/20:
Train Loss: 0.3004, Train Accuracy: 46.19%
Validation Loss: 2.0526, Validation Accuracy: 29.29%
[Epoch 2, Batch     2] loss: 0.029
[Epoch 2, Batch   102] loss: 1.255
[Epoch 2, Batch   202] loss: 1.156
[Epoch 2, Batch   302] loss: 1.116
Epoch 2/20:
Train Loss: 0.2438, Train Accuracy: 59.45%
Validation Loss: 1.2778, Validation Accuracy: 55.07%
[Epoch 3, Batch     2] loss: 0.016
[Epoch 3, Batch   102] loss: 0.977
[Epoch 3, Batch   202] loss: 0.972
[Epoch 3, Batch   302] loss: 0.928
Epoch 3/20:
Train Loss: 0.2081, Train Accuracy: 66.87%
Validation Loss: 1.2996, Validation Accuracy: 55.53%
[Epoch 4, Batch     2] loss: 0.016
[Epoch 4, Batch   102] loss: 0.840
[Epoch 4, Batch   202] loss: 0.808
[Epoch 4, Batch   302] loss: 0.820
Epoch 4/20:
Train Loss: 0.1919, Train Accuracy: 71.29%
Validation Loss: 1.4471, Validation Accuracy: 52.48%
[Epoch 5, Batch     2] loss: 0.018
[Epoch 5, Batch   102] loss: 0.686
[Epoch 5, Batch   202] loss: 0.710
[Epoch 5, Batch   302] loss: 0.703
Epoch 5/20:
Train Loss: 0.1615, Train Accuracy: 75.73%
Validation Loss: 1.3996, Validation Accuracy: 56.71%
[Epoch 6, Batch     2] loss: 0.013
[Epoch 6, Batch   102] loss: 0.564
[Epoch 6, Batch   202] loss: 0.608
[Epoch 6, Batch   302] loss: 0.628
Epoch 6/20:
Train Loss: 0.1470, Train Accuracy: 79.13%
Validation Loss: 1.2021, Validation Accuracy: 62.10%
[Epoch 7, Batch     2] loss: 0.007
[Epoch 7, Batch   102] loss: 0.458
[Epoch 7, Batch   202] loss: 0.528
[Epoch 7, Batch   302] loss: 0.554
Epoch 7/20:
Train Loss: 0.1218, Train Accuracy: 82.39%
Validation Loss: 1.0070, Validation Accuracy: 67.68%
[Epoch 8, Batch     2] loss: 0.009
[Epoch 8, Batch   102] loss: 0.371
[Epoch 8, Batch   202] loss: 0.442
[Epoch 8, Batch   302] loss: 0.465
Epoch 8/20:
Train Loss: 0.1062, Train Accuracy: 85.10%
Validation Loss: 1.0911, Validation Accuracy: 66.18%
[Epoch 9, Batch     2] loss: 0.007
[Epoch 9, Batch   102] loss: 0.336
[Epoch 9, Batch   202] loss: 0.398
[Epoch 9, Batch   302] loss: 0.381
Epoch 9/20:
Train Loss: 0.0896, Train Accuracy: 86.83%
Validation Loss: 1.2707, Validation Accuracy: 63.52%
[Epoch 10, Batch     2] loss: 0.006
[Epoch 10, Batch   102] loss: 0.252
[Epoch 10, Batch   202] loss: 0.273
[Epoch 10, Batch   302] loss: 0.346
Epoch 10/20:
Train Loss: 0.0821, Train Accuracy: 89.39%
Validation Loss: 1.0825, Validation Accuracy: 67.87%
[Epoch 11, Batch     2] loss: 0.004
[Epoch 11, Batch   102] loss: 0.202
[Epoch 11, Batch   202] loss: 0.259
[Epoch 11, Batch   302] loss: 0.286
Epoch 11/20:
Train Loss: 0.0667, Train Accuracy: 90.92%
Validation Loss: 1.1619, Validation Accuracy: 68.00%
[Epoch 12, Batch     2] loss: 0.006
[Epoch 12, Batch   102] loss: 0.172
[Epoch 12, Batch   202] loss: 0.225
[Epoch 12, Batch   302] loss: 0.229
Epoch 12/20:
Train Loss: 0.0590, Train Accuracy: 92.32%
Validation Loss: 1.1564, Validation Accuracy: 69.63%
[Epoch 13, Batch     2] loss: 0.003
[Epoch 13, Batch   102] loss: 0.169
[Epoch 13, Batch   202] loss: 0.186
[Epoch 13, Batch   302] loss: 0.195
Epoch 13/20:
Train Loss: 0.0489, Train Accuracy: 93.26%
Validation Loss: 1.3579, Validation Accuracy: 66.87%
[Epoch 14, Batch     2] loss: 0.002
[Epoch 14, Batch   102] loss: 0.130
[Epoch 14, Batch   202] loss: 0.182
[Epoch 14, Batch   302] loss: 0.169
Epoch 14/20:
Train Loss: 0.0490, Train Accuracy: 94.11%
Validation Loss: 1.1872, Validation Accuracy: 70.02%
[Epoch 15, Batch     2] loss: 0.003
[Epoch 15, Batch   102] loss: 0.117
[Epoch 15, Batch   202] loss: 0.126
[Epoch 15, Batch   302] loss: 0.166
Epoch 15/20:
Train Loss: 0.0379, Train Accuracy: 95.12%
Validation Loss: 1.2707, Validation Accuracy: 69.71%
[Epoch 16, Batch     2] loss: 0.002
[Epoch 16, Batch   102] loss: 0.121
[Epoch 16, Batch   202] loss: 0.160
[Epoch 16, Batch   302] loss: 0.167
Epoch 16/20:
Train Loss: 0.0335, Train Accuracy: 94.82%
Validation Loss: 1.2648, Validation Accuracy: 69.55%
[Epoch 17, Batch     2] loss: 0.003
[Epoch 17, Batch   102] loss: 0.093
[Epoch 17, Batch   202] loss: 0.117
[Epoch 17, Batch   302] loss: 0.144
Epoch 17/20:
Train Loss: 0.0318, Train Accuracy: 95.79%
Validation Loss: 1.4432, Validation Accuracy: 67.09%
[Epoch 18, Batch     2] loss: 0.002
[Epoch 18, Batch   102] loss: 0.095
[Epoch 18, Batch   202] loss: 0.124
[Epoch 18, Batch   302] loss: 0.135
Epoch 18/20:
Train Loss: 0.0314, Train Accuracy: 95.70%
Validation Loss: 1.7621, Validation Accuracy: 63.15%
[Epoch 19, Batch     2] loss: 0.002
[Epoch 19, Batch   102] loss: 0.100
[Epoch 19, Batch   202] loss: 0.109
[Epoch 19, Batch   302] loss: 0.142
Epoch 19/20:
Train Loss: 0.0274, Train Accuracy: 95.95%
Validation Loss: 1.3179, Validation Accuracy: 70.10%
[Epoch 20, Batch     2] loss: 0.002
[Epoch 20, Batch   102] loss: 0.088
[Epoch 20, Batch   202] loss: 0.113
[Epoch 20, Batch   302] loss: 0.115
Epoch 20/20:
Train Loss: 0.0249, Train Accuracy: 96.32%
Validation Loss: 1.4150, Validation Accuracy: 67.61%
Model saved to models/resnet18-CIFAR10-BELIEF-median-0.5-1
Modified fc layer: updated out_features to 10.
Initialized untrained model.
resnet18-CIFAR10-BELIEF-median-0.7-1
[Epoch 1, Batch     2] loss: 0.048
[Epoch 1, Batch   102] loss: 1.757
[Epoch 1, Batch   202] loss: 1.496
Epoch 1/20:
Train Loss: 0.1882, Train Accuracy: 43.61%
Validation Loss: 1.5659, Validation Accuracy: 42.20%
[Epoch 2, Batch     2] loss: 0.024
[Epoch 2, Batch   102] loss: 1.312
[Epoch 2, Batch   202] loss: 1.279
Epoch 2/20:
Train Loss: 0.1701, Train Accuracy: 54.29%
Validation Loss: 1.7037, Validation Accuracy: 41.21%
[Epoch 3, Batch     2] loss: 0.023
[Epoch 3, Batch   102] loss: 1.104
[Epoch 3, Batch   202] loss: 1.101
Epoch 3/20:
Train Loss: 0.1418, Train Accuracy: 61.56%
Validation Loss: 1.2819, Validation Accuracy: 54.19%
[Epoch 4, Batch     2] loss: 0.018
[Epoch 4, Batch   102] loss: 0.949
[Epoch 4, Batch   202] loss: 0.975
Epoch 4/20:
Train Loss: 0.1353, Train Accuracy: 66.59%
Validation Loss: 1.6342, Validation Accuracy: 47.28%
[Epoch 5, Batch     2] loss: 0.018
[Epoch 5, Batch   102] loss: 0.800
[Epoch 5, Batch   202] loss: 0.836
Epoch 5/20:
Train Loss: 0.1161, Train Accuracy: 71.57%
Validation Loss: 1.7161, Validation Accuracy: 45.63%
[Epoch 6, Batch     2] loss: 0.010
[Epoch 6, Batch   102] loss: 0.703
[Epoch 6, Batch   202] loss: 0.725
Epoch 6/20:
Train Loss: 0.1021, Train Accuracy: 75.21%
Validation Loss: 1.4456, Validation Accuracy: 55.42%
[Epoch 7, Batch     2] loss: 0.012
[Epoch 7, Batch   102] loss: 0.565
[Epoch 7, Batch   202] loss: 0.640
Epoch 7/20:
Train Loss: 0.0891, Train Accuracy: 78.60%
Validation Loss: 1.4018, Validation Accuracy: 58.09%
[Epoch 8, Batch     2] loss: 0.009
[Epoch 8, Batch   102] loss: 0.463
[Epoch 8, Batch   202] loss: 0.551
Epoch 8/20:
Train Loss: 0.0766, Train Accuracy: 81.94%
Validation Loss: 1.3576, Validation Accuracy: 58.27%
[Epoch 9, Batch     2] loss: 0.006
[Epoch 9, Batch   102] loss: 0.376
[Epoch 9, Batch   202] loss: 0.435
Epoch 9/20:
Train Loss: 0.0631, Train Accuracy: 85.80%
Validation Loss: 1.3504, Validation Accuracy: 61.27%
[Epoch 10, Batch     2] loss: 0.008
[Epoch 10, Batch   102] loss: 0.342
[Epoch 10, Batch   202] loss: 0.370
Epoch 10/20:
Train Loss: 0.0533, Train Accuracy: 87.63%
Validation Loss: 1.3853, Validation Accuracy: 61.03%
[Epoch 11, Batch     2] loss: 0.004
[Epoch 11, Batch   102] loss: 0.261
[Epoch 11, Batch   202] loss: 0.333
Epoch 11/20:
Train Loss: 0.0472, Train Accuracy: 89.25%
Validation Loss: 1.6958, Validation Accuracy: 57.24%
[Epoch 12, Batch     2] loss: 0.004
[Epoch 12, Batch   102] loss: 0.240
[Epoch 12, Batch   202] loss: 0.242
Epoch 12/20:
Train Loss: 0.0375, Train Accuracy: 91.24%
Validation Loss: 1.4947, Validation Accuracy: 61.33%
[Epoch 13, Batch     2] loss: 0.005
[Epoch 13, Batch   102] loss: 0.190
[Epoch 13, Batch   202] loss: 0.254
Epoch 13/20:
Train Loss: 0.0347, Train Accuracy: 92.20%
Validation Loss: 1.4403, Validation Accuracy: 62.96%
[Epoch 14, Batch     2] loss: 0.003
[Epoch 14, Batch   102] loss: 0.157
[Epoch 14, Batch   202] loss: 0.204
Epoch 14/20:
Train Loss: 0.0303, Train Accuracy: 93.60%
Validation Loss: 1.5243, Validation Accuracy: 63.23%
[Epoch 15, Batch     2] loss: 0.001
[Epoch 15, Batch   102] loss: 0.138
[Epoch 15, Batch   202] loss: 0.172
Epoch 15/20:
Train Loss: 0.0265, Train Accuracy: 94.40%
Validation Loss: 1.6289, Validation Accuracy: 62.56%
[Epoch 16, Batch     2] loss: 0.001
[Epoch 16, Batch   102] loss: 0.140
[Epoch 16, Batch   202] loss: 0.171
Epoch 16/20:
Train Loss: 0.0282, Train Accuracy: 94.52%
Validation Loss: 1.5882, Validation Accuracy: 62.52%
[Epoch 17, Batch     2] loss: 0.002
[Epoch 17, Batch   102] loss: 0.110
[Epoch 17, Batch   202] loss: 0.130
Epoch 17/20:
Train Loss: 0.0230, Train Accuracy: 95.63%
Validation Loss: 1.6484, Validation Accuracy: 62.75%
[Epoch 18, Batch     2] loss: 0.002
[Epoch 18, Batch   102] loss: 0.114
[Epoch 18, Batch   202] loss: 0.140
Epoch 18/20:
Train Loss: 0.0278, Train Accuracy: 95.28%
Validation Loss: 1.8002, Validation Accuracy: 61.03%
[Epoch 19, Batch     2] loss: 0.004
[Epoch 19, Batch   102] loss: 0.130
[Epoch 19, Batch   202] loss: 0.120
Epoch 19/20:
Train Loss: 0.0215, Train Accuracy: 95.50%
Validation Loss: 1.7038, Validation Accuracy: 61.81%
[Epoch 20, Batch     2] loss: 0.001
[Epoch 20, Batch   102] loss: 0.093
[Epoch 20, Batch   202] loss: 0.138
Epoch 20/20:
Train Loss: 0.0136, Train Accuracy: 96.22%
Validation Loss: 1.7317, Validation Accuracy: 63.47%
Model saved to models/resnet18-CIFAR10-BELIEF-median-0.7-1
Modified fc layer: updated out_features to 10.
Initialized untrained model.
resnet18-CIFAR10-BELIEF-median-0.8-1
[Epoch 1, Batch     2] loss: 0.047
[Epoch 1, Batch   102] loss: 1.709
Epoch 1/20:
Train Loss: 0.5234, Train Accuracy: 43.00%
Validation Loss: 1.9586, Validation Accuracy: 31.73%
[Epoch 2, Batch     2] loss: 0.028
[Epoch 2, Batch   102] loss: 1.371
Epoch 2/20:
Train Loss: 0.4593, Train Accuracy: 52.57%
Validation Loss: 1.5928, Validation Accuracy: 41.46%
[Epoch 3, Batch     2] loss: 0.024
[Epoch 3, Batch   102] loss: 1.194
Epoch 3/20:
Train Loss: 0.4073, Train Accuracy: 57.90%
Validation Loss: 1.4599, Validation Accuracy: 47.49%
[Epoch 4, Batch     2] loss: 0.021
[Epoch 4, Batch   102] loss: 1.051
Epoch 4/20:
Train Loss: 0.3548, Train Accuracy: 63.53%
Validation Loss: 1.9062, Validation Accuracy: 40.36%
[Epoch 5, Batch     2] loss: 0.019
[Epoch 5, Batch   102] loss: 0.893
Epoch 5/20:
Train Loss: 0.3217, Train Accuracy: 67.79%
Validation Loss: 1.5215, Validation Accuracy: 49.58%
[Epoch 6, Batch     2] loss: 0.016
[Epoch 6, Batch   102] loss: 0.756
Epoch 6/20:
Train Loss: 0.2766, Train Accuracy: 72.98%
Validation Loss: 1.5015, Validation Accuracy: 50.10%
[Epoch 7, Batch     2] loss: 0.015
[Epoch 7, Batch   102] loss: 0.635
Epoch 7/20:
Train Loss: 0.2472, Train Accuracy: 76.67%
Validation Loss: 1.5727, Validation Accuracy: 50.49%
[Epoch 8, Batch     2] loss: 0.010
[Epoch 8, Batch   102] loss: 0.536
Epoch 8/20:
Train Loss: 0.2005, Train Accuracy: 80.83%
Validation Loss: 1.4780, Validation Accuracy: 54.34%
[Epoch 9, Batch     2] loss: 0.008
[Epoch 9, Batch   102] loss: 0.429
Epoch 9/20:
Train Loss: 0.1742, Train Accuracy: 83.99%
Validation Loss: 1.6101, Validation Accuracy: 52.64%
[Epoch 10, Batch     2] loss: 0.006
[Epoch 10, Batch   102] loss: 0.344
Epoch 10/20:
Train Loss: 0.1537, Train Accuracy: 86.67%
Validation Loss: 1.8005, Validation Accuracy: 51.64%
[Epoch 11, Batch     2] loss: 0.005
[Epoch 11, Batch   102] loss: 0.261
Epoch 11/20:
Train Loss: 0.1403, Train Accuracy: 89.40%
Validation Loss: 1.8899, Validation Accuracy: 53.11%
[Epoch 12, Batch     2] loss: 0.006
[Epoch 12, Batch   102] loss: 0.262
Epoch 12/20:
Train Loss: 0.1212, Train Accuracy: 89.92%
Validation Loss: 1.9299, Validation Accuracy: 52.81%
[Epoch 13, Batch     2] loss: 0.003
[Epoch 13, Batch   102] loss: 0.190
Epoch 13/20:
Train Loss: 0.0964, Train Accuracy: 92.43%
Validation Loss: 1.6851, Validation Accuracy: 57.65%
[Epoch 14, Batch     2] loss: 0.003
[Epoch 14, Batch   102] loss: 0.172
Epoch 14/20:
Train Loss: 0.0768, Train Accuracy: 93.36%
Validation Loss: 1.9012, Validation Accuracy: 56.53%
[Epoch 15, Batch     2] loss: 0.002
[Epoch 15, Batch   102] loss: 0.157
Epoch 15/20:
Train Loss: 0.0677, Train Accuracy: 94.10%
Validation Loss: 2.0243, Validation Accuracy: 56.67%
[Epoch 16, Batch     2] loss: 0.004
[Epoch 16, Batch   102] loss: 0.168
Epoch 16/20:
Train Loss: 0.0658, Train Accuracy: 93.66%
Validation Loss: 2.0791, Validation Accuracy: 54.07%
[Epoch 17, Batch     2] loss: 0.003
[Epoch 17, Batch   102] loss: 0.149
Epoch 17/20:
Train Loss: 0.0504, Train Accuracy: 94.94%
Validation Loss: 2.1077, Validation Accuracy: 55.48%
[Epoch 18, Batch     2] loss: 0.004
[Epoch 18, Batch   102] loss: 0.126
Epoch 18/20:
Train Loss: 0.0451, Train Accuracy: 95.79%
Validation Loss: 2.2725, Validation Accuracy: 54.71%
[Epoch 19, Batch     2] loss: 0.001
[Epoch 19, Batch   102] loss: 0.086
Epoch 19/20:
Train Loss: 0.0441, Train Accuracy: 96.58%
Validation Loss: 2.0218, Validation Accuracy: 56.83%
[Epoch 20, Batch     2] loss: 0.001
[Epoch 20, Batch   102] loss: 0.121
Epoch 20/20:
Train Loss: 0.0472, Train Accuracy: 95.65%
Validation Loss: 2.0229, Validation Accuracy: 56.33%
Model saved to models/resnet18-CIFAR10-BELIEF-median-0.8-1
Modified fc layer: updated out_features to 10.
Initialized untrained model.
resnet18-CIFAR10-BELIEF-median-0.9-1
[Epoch 1, Batch     2] loss: 0.052
Epoch 1/20:
Train Loss: 1.7688, Train Accuracy: 36.78%
Validation Loss: 1.8344, Validation Accuracy: 30.68%
[Epoch 2, Batch     2] loss: 0.031
Epoch 2/20:
Train Loss: 1.4818, Train Accuracy: 45.65%
Validation Loss: 1.9829, Validation Accuracy: 30.76%
[Epoch 3, Batch     2] loss: 0.027
Epoch 3/20:
Train Loss: 1.3089, Train Accuracy: 51.00%
Validation Loss: 1.8725, Validation Accuracy: 35.49%
[Epoch 4, Batch     2] loss: 0.026
Epoch 4/20:
Train Loss: 1.1530, Train Accuracy: 57.73%
Validation Loss: 1.8207, Validation Accuracy: 35.62%
[Epoch 5, Batch     2] loss: 0.020
Epoch 5/20:
Train Loss: 1.0419, Train Accuracy: 61.86%
Validation Loss: 1.7997, Validation Accuracy: 41.68%
[Epoch 6, Batch     2] loss: 0.017
Epoch 6/20:
Train Loss: 0.8650, Train Accuracy: 67.31%
Validation Loss: 1.9212, Validation Accuracy: 40.21%
[Epoch 7, Batch     2] loss: 0.014
Epoch 7/20:
Train Loss: 0.7264, Train Accuracy: 73.26%
Validation Loss: 1.7700, Validation Accuracy: 45.17%
[Epoch 8, Batch     2] loss: 0.009
Epoch 8/20:
Train Loss: 0.5614, Train Accuracy: 79.97%
Validation Loss: 1.9451, Validation Accuracy: 45.45%
[Epoch 9, Batch     2] loss: 0.011
Epoch 9/20:
Train Loss: 0.4582, Train Accuracy: 83.19%
Validation Loss: 1.9252, Validation Accuracy: 48.91%
[Epoch 10, Batch     2] loss: 0.006
Epoch 10/20:
Train Loss: 0.4255, Train Accuracy: 84.84%
Validation Loss: 2.0989, Validation Accuracy: 46.38%
[Epoch 11, Batch     2] loss: 0.007
Epoch 11/20:
Train Loss: 0.3453, Train Accuracy: 87.86%
Validation Loss: 2.4079, Validation Accuracy: 43.62%
[Epoch 12, Batch     2] loss: 0.004
Epoch 12/20:
Train Loss: 0.2613, Train Accuracy: 90.48%
Validation Loss: 2.1323, Validation Accuracy: 50.99%
[Epoch 13, Batch     2] loss: 0.004
Epoch 13/20:
Train Loss: 0.2252, Train Accuracy: 91.81%
Validation Loss: 2.1767, Validation Accuracy: 50.20%
[Epoch 14, Batch     2] loss: 0.003
Epoch 14/20:
Train Loss: 0.1898, Train Accuracy: 93.35%
Validation Loss: 3.5209, Validation Accuracy: 35.95%
[Epoch 15, Batch     2] loss: 0.006
Epoch 15/20:
Train Loss: 0.2047, Train Accuracy: 92.57%
Validation Loss: 2.3128, Validation Accuracy: 48.49%
[Epoch 16, Batch     2] loss: 0.002
Epoch 16/20:
Train Loss: 0.1486, Train Accuracy: 94.91%
Validation Loss: 2.4688, Validation Accuracy: 48.14%
[Epoch 17, Batch     2] loss: 0.001
Epoch 17/20:
Train Loss: 0.1203, Train Accuracy: 96.05%
Validation Loss: 2.6565, Validation Accuracy: 45.44%
[Epoch 18, Batch     2] loss: 0.002
Epoch 18/20:
Train Loss: 0.1276, Train Accuracy: 95.69%
Validation Loss: 2.6613, Validation Accuracy: 47.73%
[Epoch 19, Batch     2] loss: 0.003
Epoch 19/20:
Train Loss: 0.1082, Train Accuracy: 96.21%
Validation Loss: 2.4569, Validation Accuracy: 50.36%
[Epoch 20, Batch     2] loss: 0.001
Epoch 20/20:
Train Loss: 0.1190, Train Accuracy: 95.99%
Validation Loss: 2.8235, Validation Accuracy: 47.20%
Model saved to models/resnet18-CIFAR10-BELIEF-median-0.9-1
Modified fc layer: updated out_features to 10.
Initialized untrained model.
resnet18-CIFAR10-BELIEF-median-0.95-1
[Epoch 1, Batch     2] loss: 0.051
Epoch 1/20:
Train Loss: 1.8718, Train Accuracy: 32.97%
Validation Loss: 2.6539, Validation Accuracy: 16.82%
[Epoch 2, Batch     2] loss: 0.027
Epoch 2/20:
Train Loss: 1.4866, Train Accuracy: 46.15%
Validation Loss: 2.0498, Validation Accuracy: 28.36%
[Epoch 3, Batch     2] loss: 0.030
Epoch 3/20:
Train Loss: 1.3123, Train Accuracy: 49.76%
Validation Loss: 1.7868, Validation Accuracy: 33.80%
[Epoch 4, Batch     2] loss: 0.023
Epoch 4/20:
Train Loss: 1.1581, Train Accuracy: 57.13%
Validation Loss: 1.9120, Validation Accuracy: 35.81%
[Epoch 5, Batch     2] loss: 0.017
Epoch 5/20:
Train Loss: 0.9686, Train Accuracy: 64.38%
Validation Loss: 2.0583, Validation Accuracy: 34.16%
[Epoch 6, Batch     2] loss: 0.018
Epoch 6/20:
Train Loss: 0.8321, Train Accuracy: 69.35%
Validation Loss: 2.7751, Validation Accuracy: 28.61%
[Epoch 7, Batch     2] loss: 0.013
Epoch 7/20:
Train Loss: 0.6698, Train Accuracy: 75.24%
Validation Loss: 2.5632, Validation Accuracy: 33.60%
[Epoch 8, Batch     2] loss: 0.012
Epoch 8/20:
Train Loss: 0.5510, Train Accuracy: 79.17%
Validation Loss: 2.7737, Validation Accuracy: 33.78%
[Epoch 9, Batch     2] loss: 0.010
Epoch 9/20:
Train Loss: 0.3939, Train Accuracy: 85.26%
Validation Loss: 2.7715, Validation Accuracy: 37.11%
[Epoch 10, Batch     2] loss: 0.006
Epoch 10/20:
Train Loss: 0.3451, Train Accuracy: 87.38%
Validation Loss: 2.8260, Validation Accuracy: 36.25%
[Epoch 11, Batch     2] loss: 0.005
Epoch 11/20:
Train Loss: 0.2515, Train Accuracy: 91.07%
Validation Loss: 3.4555, Validation Accuracy: 34.15%
[Epoch 12, Batch     2] loss: 0.005
Epoch 12/20:
Train Loss: 0.2513, Train Accuracy: 91.23%
Validation Loss: 2.6151, Validation Accuracy: 41.04%
[Epoch 13, Batch     2] loss: 0.003
Epoch 13/20:
Train Loss: 0.2069, Train Accuracy: 92.39%
Validation Loss: 3.2694, Validation Accuracy: 36.43%
[Epoch 14, Batch     2] loss: 0.004
Epoch 14/20:
Train Loss: 0.2011, Train Accuracy: 92.39%
Validation Loss: 3.2552, Validation Accuracy: 33.77%
[Epoch 15, Batch     2] loss: 0.003
Epoch 15/20:
Train Loss: 0.2025, Train Accuracy: 92.71%
Validation Loss: 3.4311, Validation Accuracy: 34.68%
[Epoch 16, Batch     2] loss: 0.007
Epoch 16/20:
Train Loss: 0.1385, Train Accuracy: 94.63%
Validation Loss: 2.9358, Validation Accuracy: 39.54%
[Epoch 17, Batch     2] loss: 0.001
Epoch 17/20:
Train Loss: 0.1534, Train Accuracy: 95.11%
Validation Loss: 3.4260, Validation Accuracy: 37.20%
[Epoch 18, Batch     2] loss: 0.004
Epoch 18/20:
Train Loss: 0.1177, Train Accuracy: 95.47%
Validation Loss: 2.9468, Validation Accuracy: 39.26%
[Epoch 19, Batch     2] loss: 0.003
Epoch 19/20:
Train Loss: 0.1225, Train Accuracy: 95.35%
Validation Loss: 3.2388, Validation Accuracy: 37.11%
[Epoch 20, Batch     2] loss: 0.003
Epoch 20/20:
Train Loss: 0.1217, Train Accuracy: 95.47%
Validation Loss: 3.0727, Validation Accuracy: 40.71%
Model saved to models/resnet18-CIFAR10-BELIEF-median-0.95-1
Modified fc layer: updated out_features to 10.
Loaded weights from file: models/resnet18_CIFAR10_E1_1
Files already downloaded and verified
Files already downloaded and verified
Modified fc layer: updated out_features to 10.
Initialized untrained model.
resnet18-CIFAR10-BELIEF-balanced_by_score1-0.3-1
[Epoch 1, Batch     2] loss: 0.049
[Epoch 1, Batch   102] loss: 1.826
[Epoch 1, Batch   202] loss: 1.569
[Epoch 1, Batch   302] loss: 1.423
[Epoch 1, Batch   402] loss: 1.345
[Epoch 1, Batch   502] loss: 1.290
Epoch 1/20:
Train Loss: 0.0991, Train Accuracy: 47.07%
Validation Loss: 1.3877, Validation Accuracy: 50.89%
[Epoch 2, Batch     2] loss: 0.026
[Epoch 2, Batch   102] loss: 1.145
[Epoch 2, Batch   202] loss: 1.125
[Epoch 2, Batch   302] loss: 1.114
[Epoch 2, Batch   402] loss: 1.059
[Epoch 2, Batch   502] loss: 1.015
Epoch 2/20:
Train Loss: 0.0828, Train Accuracy: 61.70%
Validation Loss: 1.4399, Validation Accuracy: 52.45%
[Epoch 3, Batch     2] loss: 0.019
[Epoch 3, Batch   102] loss: 0.933
[Epoch 3, Batch   202] loss: 0.933
[Epoch 3, Batch   302] loss: 0.933
[Epoch 3, Batch   402] loss: 0.902
[Epoch 3, Batch   502] loss: 0.895
Epoch 3/20:
Train Loss: 0.0718, Train Accuracy: 67.69%
Validation Loss: 1.0503, Validation Accuracy: 63.97%
[Epoch 4, Batch     2] loss: 0.014
[Epoch 4, Batch   102] loss: 0.779
[Epoch 4, Batch   202] loss: 0.790
[Epoch 4, Batch   302] loss: 0.808
[Epoch 4, Batch   402] loss: 0.774
[Epoch 4, Batch   502] loss: 0.793
Epoch 4/20:
Train Loss: 0.0607, Train Accuracy: 72.47%
Validation Loss: 1.3384, Validation Accuracy: 57.17%
[Epoch 5, Batch     2] loss: 0.014
[Epoch 5, Batch   102] loss: 0.663
[Epoch 5, Batch   202] loss: 0.698
[Epoch 5, Batch   302] loss: 0.688
[Epoch 5, Batch   402] loss: 0.705
[Epoch 5, Batch   502] loss: 0.690
Epoch 5/20:
Train Loss: 0.0568, Train Accuracy: 75.77%
Validation Loss: 1.1335, Validation Accuracy: 64.29%
[Epoch 6, Batch     2] loss: 0.011
[Epoch 6, Batch   102] loss: 0.574
[Epoch 6, Batch   202] loss: 0.581
[Epoch 6, Batch   302] loss: 0.616
[Epoch 6, Batch   402] loss: 0.630
[Epoch 6, Batch   502] loss: 0.623
Epoch 6/20:
Train Loss: 0.0492, Train Accuracy: 78.92%
Validation Loss: 1.1231, Validation Accuracy: 62.95%
[Epoch 7, Batch     2] loss: 0.011
[Epoch 7, Batch   102] loss: 0.484
[Epoch 7, Batch   202] loss: 0.510
[Epoch 7, Batch   302] loss: 0.543
[Epoch 7, Batch   402] loss: 0.535
[Epoch 7, Batch   502] loss: 0.539
Epoch 7/20:
Train Loss: 0.0447, Train Accuracy: 81.67%
Validation Loss: 0.9903, Validation Accuracy: 67.98%
[Epoch 8, Batch     2] loss: 0.008
[Epoch 8, Batch   102] loss: 0.360
[Epoch 8, Batch   202] loss: 0.453
[Epoch 8, Batch   302] loss: 0.465
[Epoch 8, Batch   402] loss: 0.455
[Epoch 8, Batch   502] loss: 0.487
Epoch 8/20:
Train Loss: 0.0391, Train Accuracy: 84.41%
Validation Loss: 0.8745, Validation Accuracy: 71.40%
[Epoch 9, Batch     2] loss: 0.007
[Epoch 9, Batch   102] loss: 0.329
[Epoch 9, Batch   202] loss: 0.375
[Epoch 9, Batch   302] loss: 0.402
[Epoch 9, Batch   402] loss: 0.401
[Epoch 9, Batch   502] loss: 0.417
Epoch 9/20:
Train Loss: 0.0342, Train Accuracy: 86.30%
Validation Loss: 0.8912, Validation Accuracy: 71.74%
[Epoch 10, Batch     2] loss: 0.007
[Epoch 10, Batch   102] loss: 0.256
[Epoch 10, Batch   202] loss: 0.316
[Epoch 10, Batch   302] loss: 0.335
[Epoch 10, Batch   402] loss: 0.348
[Epoch 10, Batch   502] loss: 0.367
Epoch 10/20:
Train Loss: 0.0310, Train Accuracy: 88.56%
Validation Loss: 0.9833, Validation Accuracy: 71.01%
[Epoch 11, Batch     2] loss: 0.004
[Epoch 11, Batch   102] loss: 0.221
[Epoch 11, Batch   202] loss: 0.255
[Epoch 11, Batch   302] loss: 0.274
[Epoch 11, Batch   402] loss: 0.294
[Epoch 11, Batch   502] loss: 0.318
Epoch 11/20:
Train Loss: 0.0251, Train Accuracy: 90.29%
Validation Loss: 0.9215, Validation Accuracy: 73.36%
[Epoch 12, Batch     2] loss: 0.003
[Epoch 12, Batch   102] loss: 0.192
[Epoch 12, Batch   202] loss: 0.231
[Epoch 12, Batch   302] loss: 0.250
[Epoch 12, Batch   402] loss: 0.238
[Epoch 12, Batch   502] loss: 0.273
Epoch 12/20:
Train Loss: 0.0230, Train Accuracy: 91.68%
Validation Loss: 1.0816, Validation Accuracy: 70.66%
[Epoch 13, Batch     2] loss: 0.003
[Epoch 13, Batch   102] loss: 0.142
[Epoch 13, Batch   202] loss: 0.207
[Epoch 13, Batch   302] loss: 0.215
[Epoch 13, Batch   402] loss: 0.237
[Epoch 13, Batch   502] loss: 0.231
Epoch 13/20:
Train Loss: 0.0225, Train Accuracy: 92.61%
Validation Loss: 1.1383, Validation Accuracy: 69.85%
[Epoch 14, Batch     2] loss: 0.003
[Epoch 14, Batch   102] loss: 0.137
[Epoch 14, Batch   202] loss: 0.142
[Epoch 14, Batch   302] loss: 0.192
[Epoch 14, Batch   402] loss: 0.199
[Epoch 14, Batch   502] loss: 0.207
Epoch 14/20:
Train Loss: 0.0170, Train Accuracy: 93.85%
Validation Loss: 1.0874, Validation Accuracy: 71.76%
[Epoch 15, Batch     2] loss: 0.002
[Epoch 15, Batch   102] loss: 0.129
[Epoch 15, Batch   202] loss: 0.150
[Epoch 15, Batch   302] loss: 0.170
[Epoch 15, Batch   402] loss: 0.183
[Epoch 15, Batch   502] loss: 0.194
Epoch 15/20:
Train Loss: 0.0178, Train Accuracy: 94.07%
Validation Loss: 1.0938, Validation Accuracy: 71.84%
[Epoch 16, Batch     2] loss: 0.003
[Epoch 16, Batch   102] loss: 0.112
[Epoch 16, Batch   202] loss: 0.117
[Epoch 16, Batch   302] loss: 0.166
[Epoch 16, Batch   402] loss: 0.170
[Epoch 16, Batch   502] loss: 0.189
Epoch 16/20:
Train Loss: 0.0139, Train Accuracy: 94.71%
Validation Loss: 1.2016, Validation Accuracy: 71.28%
[Epoch 17, Batch     2] loss: 0.002
[Epoch 17, Batch   102] loss: 0.113
[Epoch 17, Batch   202] loss: 0.114
[Epoch 17, Batch   302] loss: 0.153
[Epoch 17, Batch   402] loss: 0.147
[Epoch 17, Batch   502] loss: 0.170
Epoch 17/20:
Train Loss: 0.0141, Train Accuracy: 95.09%
Validation Loss: 1.1234, Validation Accuracy: 72.61%
[Epoch 18, Batch     2] loss: 0.001
[Epoch 18, Batch   102] loss: 0.105
[Epoch 18, Batch   202] loss: 0.116
[Epoch 18, Batch   302] loss: 0.147
[Epoch 18, Batch   402] loss: 0.148
[Epoch 18, Batch   502] loss: 0.139
Epoch 18/20:
Train Loss: 0.0133, Train Accuracy: 95.36%
Validation Loss: 1.1328, Validation Accuracy: 72.69%
[Epoch 19, Batch     2] loss: 0.002
[Epoch 19, Batch   102] loss: 0.095
[Epoch 19, Batch   202] loss: 0.113
[Epoch 19, Batch   302] loss: 0.137
[Epoch 19, Batch   402] loss: 0.124
[Epoch 19, Batch   502] loss: 0.148
Epoch 19/20:
Train Loss: 0.0134, Train Accuracy: 95.66%
Validation Loss: 1.1894, Validation Accuracy: 71.81%
[Epoch 20, Batch     2] loss: 0.002
[Epoch 20, Batch   102] loss: 0.089
[Epoch 20, Batch   202] loss: 0.118
[Epoch 20, Batch   302] loss: 0.115
[Epoch 20, Batch   402] loss: 0.140
[Epoch 20, Batch   502] loss: 0.148
Epoch 20/20:
Train Loss: 0.0120, Train Accuracy: 95.69%
Validation Loss: 1.1579, Validation Accuracy: 72.65%
Model saved to models/resnet18-CIFAR10-BELIEF-balanced_by_score1-0.3-1
Modified fc layer: updated out_features to 10.
Initialized untrained model.
resnet18-CIFAR10-BELIEF-balanced_by_score1-0.5-1
[Epoch 1, Batch     2] loss: 0.049
[Epoch 1, Batch   102] loss: 1.819
[Epoch 1, Batch   202] loss: 1.558
[Epoch 1, Batch   302] loss: 1.441
Epoch 1/20:
Train Loss: 0.3095, Train Accuracy: 43.84%
Validation Loss: 1.8825, Validation Accuracy: 38.69%
[Epoch 2, Batch     2] loss: 0.025
[Epoch 2, Batch   102] loss: 1.269
[Epoch 2, Batch   202] loss: 1.217
[Epoch 2, Batch   302] loss: 1.147
Epoch 2/20:
Train Loss: 0.2562, Train Accuracy: 57.52%
Validation Loss: 1.6595, Validation Accuracy: 42.28%
[Epoch 3, Batch     2] loss: 0.024
[Epoch 3, Batch   102] loss: 1.035
[Epoch 3, Batch   202] loss: 0.998
[Epoch 3, Batch   302] loss: 1.004
Epoch 3/20:
Train Loss: 0.2173, Train Accuracy: 64.68%
Validation Loss: 1.0842, Validation Accuracy: 62.06%
[Epoch 4, Batch     2] loss: 0.015
[Epoch 4, Batch   102] loss: 0.846
[Epoch 4, Batch   202] loss: 0.887
[Epoch 4, Batch   302] loss: 0.880
Epoch 4/20:
Train Loss: 0.1986, Train Accuracy: 69.54%
Validation Loss: 1.1278, Validation Accuracy: 60.84%
[Epoch 5, Batch     2] loss: 0.016
[Epoch 5, Batch   102] loss: 0.728
[Epoch 5, Batch   202] loss: 0.771
[Epoch 5, Batch   302] loss: 0.789
Epoch 5/20:
Train Loss: 0.1726, Train Accuracy: 73.46%
Validation Loss: 1.0938, Validation Accuracy: 62.35%
[Epoch 6, Batch     2] loss: 0.015
[Epoch 6, Batch   102] loss: 0.615
[Epoch 6, Batch   202] loss: 0.659
[Epoch 6, Batch   302] loss: 0.672
Epoch 6/20:
Train Loss: 0.1538, Train Accuracy: 77.21%
Validation Loss: 0.9418, Validation Accuracy: 68.52%
[Epoch 7, Batch     2] loss: 0.012
[Epoch 7, Batch   102] loss: 0.546
[Epoch 7, Batch   202] loss: 0.554
[Epoch 7, Batch   302] loss: 0.599
Epoch 7/20:
Train Loss: 0.1322, Train Accuracy: 80.19%
Validation Loss: 1.1309, Validation Accuracy: 63.56%
[Epoch 8, Batch     2] loss: 0.008
[Epoch 8, Batch   102] loss: 0.426
[Epoch 8, Batch   202] loss: 0.490
[Epoch 8, Batch   302] loss: 0.527
Epoch 8/20:
Train Loss: 0.1104, Train Accuracy: 83.31%
Validation Loss: 1.1374, Validation Accuracy: 65.87%
[Epoch 9, Batch     2] loss: 0.009
[Epoch 9, Batch   102] loss: 0.356
[Epoch 9, Batch   202] loss: 0.396
[Epoch 9, Batch   302] loss: 0.438
Epoch 9/20:
Train Loss: 0.1026, Train Accuracy: 85.57%
Validation Loss: 1.2264, Validation Accuracy: 64.05%
[Epoch 10, Batch     2] loss: 0.006
[Epoch 10, Batch   102] loss: 0.290
[Epoch 10, Batch   202] loss: 0.337
[Epoch 10, Batch   302] loss: 0.360
Epoch 10/20:
Train Loss: 0.0881, Train Accuracy: 88.01%
Validation Loss: 1.1808, Validation Accuracy: 66.04%
[Epoch 11, Batch     2] loss: 0.005
[Epoch 11, Batch   102] loss: 0.234
[Epoch 11, Batch   202] loss: 0.272
[Epoch 11, Batch   302] loss: 0.331
Epoch 11/20:
Train Loss: 0.0685, Train Accuracy: 90.16%
Validation Loss: 1.2936, Validation Accuracy: 65.61%
[Epoch 12, Batch     2] loss: 0.003
[Epoch 12, Batch   102] loss: 0.193
[Epoch 12, Batch   202] loss: 0.238
[Epoch 12, Batch   302] loss: 0.274
Epoch 12/20:
Train Loss: 0.0653, Train Accuracy: 91.56%
Validation Loss: 1.1527, Validation Accuracy: 68.75%
[Epoch 13, Batch     2] loss: 0.005
[Epoch 13, Batch   102] loss: 0.165
[Epoch 13, Batch   202] loss: 0.208
[Epoch 13, Batch   302] loss: 0.222
Epoch 13/20:
Train Loss: 0.0582, Train Accuracy: 92.54%
Validation Loss: 1.3097, Validation Accuracy: 65.55%
[Epoch 14, Batch     2] loss: 0.003
[Epoch 14, Batch   102] loss: 0.154
[Epoch 14, Batch   202] loss: 0.199
[Epoch 14, Batch   302] loss: 0.218
Epoch 14/20:
Train Loss: 0.0455, Train Accuracy: 93.22%
Validation Loss: 1.2454, Validation Accuracy: 68.73%
[Epoch 15, Batch     2] loss: 0.002
[Epoch 15, Batch   102] loss: 0.124
[Epoch 15, Batch   202] loss: 0.146
[Epoch 15, Batch   302] loss: 0.183
Epoch 15/20:
Train Loss: 0.0427, Train Accuracy: 94.39%
Validation Loss: 1.3456, Validation Accuracy: 68.33%
[Epoch 16, Batch     2] loss: 0.002
[Epoch 16, Batch   102] loss: 0.121
[Epoch 16, Batch   202] loss: 0.147
[Epoch 16, Batch   302] loss: 0.164
Epoch 16/20:
Train Loss: 0.0409, Train Accuracy: 94.64%
Validation Loss: 1.2903, Validation Accuracy: 68.34%
[Epoch 17, Batch     2] loss: 0.002
[Epoch 17, Batch   102] loss: 0.111
[Epoch 17, Batch   202] loss: 0.134
[Epoch 17, Batch   302] loss: 0.157
Epoch 17/20:
Train Loss: 0.0394, Train Accuracy: 95.04%
Validation Loss: 1.2877, Validation Accuracy: 68.73%
[Epoch 18, Batch     2] loss: 0.002
[Epoch 18, Batch   102] loss: 0.101
[Epoch 18, Batch   202] loss: 0.110
[Epoch 18, Batch   302] loss: 0.156
Epoch 18/20:
Train Loss: 0.0334, Train Accuracy: 95.71%
Validation Loss: 1.3597, Validation Accuracy: 68.80%
[Epoch 19, Batch     2] loss: 0.001
[Epoch 19, Batch   102] loss: 0.107
[Epoch 19, Batch   202] loss: 0.126
[Epoch 19, Batch   302] loss: 0.157
Epoch 19/20:
Train Loss: 0.0312, Train Accuracy: 95.40%
Validation Loss: 1.3753, Validation Accuracy: 68.05%
[Epoch 20, Batch     2] loss: 0.004
[Epoch 20, Batch   102] loss: 0.078
[Epoch 20, Batch   202] loss: 0.112
[Epoch 20, Batch   302] loss: 0.110
Epoch 20/20:
Train Loss: 0.0338, Train Accuracy: 96.13%
Validation Loss: 1.2894, Validation Accuracy: 70.49%
Model saved to models/resnet18-CIFAR10-BELIEF-balanced_by_score1-0.5-1
Modified fc layer: updated out_features to 10.
Initialized untrained model.
resnet18-CIFAR10-BELIEF-balanced_by_score1-0.7-1
[Epoch 1, Batch     2] loss: 0.047
[Epoch 1, Batch   102] loss: 1.788
[Epoch 1, Batch   202] loss: 1.547
Epoch 1/20:
Train Loss: 0.2058, Train Accuracy: 40.16%
Validation Loss: 1.5651, Validation Accuracy: 42.47%
[Epoch 2, Batch     2] loss: 0.029
[Epoch 2, Batch   102] loss: 1.355
[Epoch 2, Batch   202] loss: 1.329
Epoch 2/20:
Train Loss: 0.1717, Train Accuracy: 51.59%
Validation Loss: 1.5599, Validation Accuracy: 45.03%
[Epoch 3, Batch     2] loss: 0.023
[Epoch 3, Batch   102] loss: 1.146
[Epoch 3, Batch   202] loss: 1.153
Epoch 3/20:
Train Loss: 0.1510, Train Accuracy: 59.32%
Validation Loss: 1.2849, Validation Accuracy: 54.32%
[Epoch 4, Batch     2] loss: 0.023
[Epoch 4, Batch   102] loss: 0.981
[Epoch 4, Batch   202] loss: 1.004
Epoch 4/20:
Train Loss: 0.1301, Train Accuracy: 65.14%
Validation Loss: 1.2371, Validation Accuracy: 57.79%
[Epoch 5, Batch     2] loss: 0.016
[Epoch 5, Batch   102] loss: 0.834
[Epoch 5, Batch   202] loss: 0.881
Epoch 5/20:
Train Loss: 0.1216, Train Accuracy: 69.82%
Validation Loss: 1.4270, Validation Accuracy: 53.89%
[Epoch 6, Batch     2] loss: 0.014
[Epoch 6, Batch   102] loss: 0.725
[Epoch 6, Batch   202] loss: 0.781
Epoch 6/20:
Train Loss: 0.1090, Train Accuracy: 73.17%
Validation Loss: 1.3404, Validation Accuracy: 57.10%
[Epoch 7, Batch     2] loss: 0.011
[Epoch 7, Batch   102] loss: 0.595
[Epoch 7, Batch   202] loss: 0.720
Epoch 7/20:
Train Loss: 0.0920, Train Accuracy: 76.77%
Validation Loss: 1.2332, Validation Accuracy: 60.18%
[Epoch 8, Batch     2] loss: 0.010
[Epoch 8, Batch   102] loss: 0.520
[Epoch 8, Batch   202] loss: 0.571
Epoch 8/20:
Train Loss: 0.0892, Train Accuracy: 80.38%
Validation Loss: 1.5165, Validation Accuracy: 55.25%
[Epoch 9, Batch     2] loss: 0.010
[Epoch 9, Batch   102] loss: 0.405
[Epoch 9, Batch   202] loss: 0.502
Epoch 9/20:
Train Loss: 0.0713, Train Accuracy: 83.61%
Validation Loss: 1.2230, Validation Accuracy: 63.65%
[Epoch 10, Batch     2] loss: 0.006
[Epoch 10, Batch   102] loss: 0.319
[Epoch 10, Batch   202] loss: 0.428
Epoch 10/20:
Train Loss: 0.0586, Train Accuracy: 86.79%
Validation Loss: 1.2969, Validation Accuracy: 63.47%
[Epoch 11, Batch     2] loss: 0.008
[Epoch 11, Batch   102] loss: 0.268
[Epoch 11, Batch   202] loss: 0.338
Epoch 11/20:
Train Loss: 0.0525, Train Accuracy: 89.08%
Validation Loss: 1.4073, Validation Accuracy: 61.49%
[Epoch 12, Batch     2] loss: 0.005
[Epoch 12, Batch   102] loss: 0.197
[Epoch 12, Batch   202] loss: 0.288
Epoch 12/20:
Train Loss: 0.0498, Train Accuracy: 91.12%
Validation Loss: 1.5492, Validation Accuracy: 61.42%
[Epoch 13, Batch     2] loss: 0.003
[Epoch 13, Batch   102] loss: 0.176
[Epoch 13, Batch   202] loss: 0.244
Epoch 13/20:
Train Loss: 0.0396, Train Accuracy: 92.37%
Validation Loss: 1.8169, Validation Accuracy: 58.59%
[Epoch 14, Batch     2] loss: 0.003
[Epoch 14, Batch   102] loss: 0.181
[Epoch 14, Batch   202] loss: 0.217
Epoch 14/20:
Train Loss: 0.0321, Train Accuracy: 92.96%
Validation Loss: 1.4976, Validation Accuracy: 64.39%
[Epoch 15, Batch     2] loss: 0.003
[Epoch 15, Batch   102] loss: 0.138
[Epoch 15, Batch   202] loss: 0.188
Epoch 15/20:
Train Loss: 0.0302, Train Accuracy: 93.78%
Validation Loss: 1.5984, Validation Accuracy: 62.71%
[Epoch 16, Batch     2] loss: 0.002
[Epoch 16, Batch   102] loss: 0.129
[Epoch 16, Batch   202] loss: 0.163
Epoch 16/20:
Train Loss: 0.0288, Train Accuracy: 94.76%
Validation Loss: 1.7329, Validation Accuracy: 62.99%
[Epoch 17, Batch     2] loss: 0.003
[Epoch 17, Batch   102] loss: 0.142
[Epoch 17, Batch   202] loss: 0.173
Epoch 17/20:
Train Loss: 0.0286, Train Accuracy: 94.23%
Validation Loss: 1.6034, Validation Accuracy: 63.02%
[Epoch 18, Batch     2] loss: 0.003
[Epoch 18, Batch   102] loss: 0.114
[Epoch 18, Batch   202] loss: 0.123
Epoch 18/20:
Train Loss: 0.0246, Train Accuracy: 95.72%
Validation Loss: 1.9847, Validation Accuracy: 58.57%
[Epoch 19, Batch     2] loss: 0.004
[Epoch 19, Batch   102] loss: 0.136
[Epoch 19, Batch   202] loss: 0.115
Epoch 19/20:
Train Loss: 0.0190, Train Accuracy: 95.66%
Validation Loss: 1.6371, Validation Accuracy: 64.39%
[Epoch 20, Batch     2] loss: 0.002
[Epoch 20, Batch   102] loss: 0.101
[Epoch 20, Batch   202] loss: 0.107
Epoch 20/20:
Train Loss: 0.0217, Train Accuracy: 96.23%
Validation Loss: 1.7532, Validation Accuracy: 62.51%
Model saved to models/resnet18-CIFAR10-BELIEF-balanced_by_score1-0.7-1
Modified fc layer: updated out_features to 10.
Initialized untrained model.
resnet18-CIFAR10-BELIEF-balanced_by_score1-0.8-1
[Epoch 1, Batch     2] loss: 0.050
[Epoch 1, Batch   102] loss: 1.826
Epoch 1/20:
Train Loss: 0.5288, Train Accuracy: 37.32%
Validation Loss: 1.6145, Validation Accuracy: 42.40%
[Epoch 2, Batch     2] loss: 0.026
[Epoch 2, Batch   102] loss: 1.423
Epoch 2/20:
Train Loss: 0.4727, Train Accuracy: 48.69%
Validation Loss: 1.7854, Validation Accuracy: 38.43%
[Epoch 3, Batch     2] loss: 0.024
[Epoch 3, Batch   102] loss: 1.208
Epoch 3/20:
Train Loss: 0.4281, Train Accuracy: 56.06%
Validation Loss: 1.8814, Validation Accuracy: 38.41%
[Epoch 4, Batch     2] loss: 0.021
[Epoch 4, Batch   102] loss: 1.076
Epoch 4/20:
Train Loss: 0.3639, Train Accuracy: 61.97%
Validation Loss: 1.4193, Validation Accuracy: 50.28%
[Epoch 5, Batch     2] loss: 0.019
[Epoch 5, Batch   102] loss: 0.924
Epoch 5/20:
Train Loss: 0.3259, Train Accuracy: 66.92%
Validation Loss: 1.9531, Validation Accuracy: 44.40%
[Epoch 6, Batch     2] loss: 0.015
[Epoch 6, Batch   102] loss: 0.807
Epoch 6/20:
Train Loss: 0.2812, Train Accuracy: 71.05%
Validation Loss: 1.4155, Validation Accuracy: 54.77%
[Epoch 7, Batch     2] loss: 0.014
[Epoch 7, Batch   102] loss: 0.692
Epoch 7/20:
Train Loss: 0.2596, Train Accuracy: 74.48%
Validation Loss: 1.5191, Validation Accuracy: 53.93%
[Epoch 8, Batch     2] loss: 0.009
[Epoch 8, Batch   102] loss: 0.559
Epoch 8/20:
Train Loss: 0.2125, Train Accuracy: 79.22%
Validation Loss: 1.4748, Validation Accuracy: 55.45%
[Epoch 9, Batch     2] loss: 0.011
[Epoch 9, Batch   102] loss: 0.458
Epoch 9/20:
Train Loss: 0.1891, Train Accuracy: 82.27%
Validation Loss: 1.7854, Validation Accuracy: 51.90%
[Epoch 10, Batch     2] loss: 0.007
[Epoch 10, Batch   102] loss: 0.385
Epoch 10/20:
Train Loss: 0.1602, Train Accuracy: 85.32%
Validation Loss: 1.4918, Validation Accuracy: 58.50%
[Epoch 11, Batch     2] loss: 0.005
[Epoch 11, Batch   102] loss: 0.324
Epoch 11/20:
Train Loss: 0.1289, Train Accuracy: 88.06%
Validation Loss: 1.6432, Validation Accuracy: 57.49%
[Epoch 12, Batch     2] loss: 0.005
[Epoch 12, Batch   102] loss: 0.246
Epoch 12/20:
Train Loss: 0.1163, Train Accuracy: 90.50%
Validation Loss: 1.6407, Validation Accuracy: 58.69%
[Epoch 13, Batch     2] loss: 0.003
[Epoch 13, Batch   102] loss: 0.208
Epoch 13/20:
Train Loss: 0.1053, Train Accuracy: 91.75%
Validation Loss: 1.6781, Validation Accuracy: 56.61%
[Epoch 14, Batch     2] loss: 0.007
[Epoch 14, Batch   102] loss: 0.196
Epoch 14/20:
Train Loss: 0.0754, Train Accuracy: 92.82%
Validation Loss: 1.8295, Validation Accuracy: 57.93%
[Epoch 15, Batch     2] loss: 0.002
[Epoch 15, Batch   102] loss: 0.172
Epoch 15/20:
Train Loss: 0.0699, Train Accuracy: 93.84%
Validation Loss: 1.9179, Validation Accuracy: 55.65%
[Epoch 16, Batch     2] loss: 0.003
[Epoch 16, Batch   102] loss: 0.148
Epoch 16/20:
Train Loss: 0.0798, Train Accuracy: 93.75%
Validation Loss: 1.9839, Validation Accuracy: 55.88%
[Epoch 17, Batch     2] loss: 0.002
[Epoch 17, Batch   102] loss: 0.140
Epoch 17/20:
Train Loss: 0.0609, Train Accuracy: 94.72%
Validation Loss: 1.8075, Validation Accuracy: 60.03%
[Epoch 18, Batch     2] loss: 0.002
[Epoch 18, Batch   102] loss: 0.122
Epoch 18/20:
Train Loss: 0.0531, Train Accuracy: 95.34%
Validation Loss: 1.8751, Validation Accuracy: 58.81%
[Epoch 19, Batch     2] loss: 0.001
[Epoch 19, Batch   102] loss: 0.122
Epoch 19/20:
Train Loss: 0.0529, Train Accuracy: 95.36%
Validation Loss: 2.0122, Validation Accuracy: 56.65%
[Epoch 20, Batch     2] loss: 0.004
[Epoch 20, Batch   102] loss: 0.129
Epoch 20/20:
Train Loss: 0.0430, Train Accuracy: 95.51%
Validation Loss: 1.9829, Validation Accuracy: 59.03%
Model saved to models/resnet18-CIFAR10-BELIEF-balanced_by_score1-0.8-1
Modified fc layer: updated out_features to 10.
Initialized untrained model.
resnet18-CIFAR10-BELIEF-balanced_by_score1-0.9-1
[Epoch 1, Batch     2] loss: 0.050
Epoch 1/20:
Train Loss: 1.8390, Train Accuracy: 32.18%
Validation Loss: 1.9292, Validation Accuracy: 33.99%
[Epoch 2, Batch     2] loss: 0.028
Epoch 2/20:
Train Loss: 1.4883, Train Accuracy: 44.51%
Validation Loss: 1.7877, Validation Accuracy: 37.73%
[Epoch 3, Batch     2] loss: 0.024
Epoch 3/20:
Train Loss: 1.2820, Train Accuracy: 52.30%
Validation Loss: 1.7212, Validation Accuracy: 39.31%
[Epoch 4, Batch     2] loss: 0.022
Epoch 4/20:
Train Loss: 1.1268, Train Accuracy: 58.84%
Validation Loss: 1.6327, Validation Accuracy: 44.85%
[Epoch 5, Batch     2] loss: 0.019
Epoch 5/20:
Train Loss: 0.9891, Train Accuracy: 62.95%
Validation Loss: 1.5453, Validation Accuracy: 47.97%
[Epoch 6, Batch     2] loss: 0.015
Epoch 6/20:
Train Loss: 0.8407, Train Accuracy: 69.55%
Validation Loss: 1.5175, Validation Accuracy: 50.21%
[Epoch 7, Batch     2] loss: 0.012
Epoch 7/20:
Train Loss: 0.6778, Train Accuracy: 75.60%
Validation Loss: 1.5495, Validation Accuracy: 52.29%
[Epoch 8, Batch     2] loss: 0.010
Epoch 8/20:
Train Loss: 0.5886, Train Accuracy: 79.24%
Validation Loss: 1.7842, Validation Accuracy: 49.59%
[Epoch 9, Batch     2] loss: 0.008
Epoch 9/20:
Train Loss: 0.4622, Train Accuracy: 83.72%
Validation Loss: 1.9714, Validation Accuracy: 48.63%
[Epoch 10, Batch     2] loss: 0.007
Epoch 10/20:
Train Loss: 0.3774, Train Accuracy: 86.49%
Validation Loss: 2.2016, Validation Accuracy: 44.96%
[Epoch 11, Batch     2] loss: 0.007
Epoch 11/20:
Train Loss: 0.3504, Train Accuracy: 87.40%
Validation Loss: 2.3868, Validation Accuracy: 46.66%
[Epoch 12, Batch     2] loss: 0.005
Epoch 12/20:
Train Loss: 0.2414, Train Accuracy: 91.47%
Validation Loss: 1.9690, Validation Accuracy: 53.69%
[Epoch 13, Batch     2] loss: 0.004
Epoch 13/20:
Train Loss: 0.2191, Train Accuracy: 92.66%
Validation Loss: 2.3019, Validation Accuracy: 48.40%
[Epoch 14, Batch     2] loss: 0.003
Epoch 14/20:
Train Loss: 0.1859, Train Accuracy: 93.59%
Validation Loss: 2.2787, Validation Accuracy: 51.08%
[Epoch 15, Batch     2] loss: 0.002
Epoch 15/20:
Train Loss: 0.1611, Train Accuracy: 94.12%
Validation Loss: 2.3320, Validation Accuracy: 51.53%
[Epoch 16, Batch     2] loss: 0.001
Epoch 16/20:
Train Loss: 0.1898, Train Accuracy: 93.59%
Validation Loss: 2.3232, Validation Accuracy: 49.61%
[Epoch 17, Batch     2] loss: 0.002
Epoch 17/20:
Train Loss: 0.1132, Train Accuracy: 96.11%
Validation Loss: 2.3618, Validation Accuracy: 52.09%
[Epoch 18, Batch     2] loss: 0.001
Epoch 18/20:
Train Loss: 0.1066, Train Accuracy: 96.32%
Validation Loss: 2.3311, Validation Accuracy: 52.37%
[Epoch 19, Batch     2] loss: 0.001
Epoch 19/20:
Train Loss: 0.1239, Train Accuracy: 96.03%
Validation Loss: 2.8958, Validation Accuracy: 45.96%
[Epoch 20, Batch     2] loss: 0.002
Epoch 20/20:
Train Loss: 0.1066, Train Accuracy: 96.26%
Validation Loss: 2.5258, Validation Accuracy: 48.83%
Model saved to models/resnet18-CIFAR10-BELIEF-balanced_by_score1-0.9-1
Modified fc layer: updated out_features to 10.
Initialized untrained model.
resnet18-CIFAR10-BELIEF-balanced_by_score1-0.95-1
[Epoch 1, Batch     2] loss: 0.047
Epoch 1/20:
Train Loss: 1.9136, Train Accuracy: 29.13%
Validation Loss: 2.6327, Validation Accuracy: 17.27%
[Epoch 2, Batch     2] loss: 0.032
Epoch 2/20:
Train Loss: 1.4891, Train Accuracy: 42.07%
Validation Loss: 1.8590, Validation Accuracy: 34.79%
[Epoch 3, Batch     2] loss: 0.027
Epoch 3/20:
Train Loss: 1.3130, Train Accuracy: 50.00%
Validation Loss: 1.7941, Validation Accuracy: 36.40%
[Epoch 4, Batch     2] loss: 0.021
Epoch 4/20:
Train Loss: 1.0806, Train Accuracy: 59.29%
Validation Loss: 2.0949, Validation Accuracy: 36.85%
[Epoch 5, Batch     2] loss: 0.019
Epoch 5/20:
Train Loss: 0.9478, Train Accuracy: 64.46%
Validation Loss: 1.9377, Validation Accuracy: 38.15%
[Epoch 6, Batch     2] loss: 0.013
Epoch 6/20:
Train Loss: 0.7451, Train Accuracy: 72.48%
Validation Loss: 2.6810, Validation Accuracy: 35.73%
[Epoch 7, Batch     2] loss: 0.009
Epoch 7/20:
Train Loss: 0.6082, Train Accuracy: 77.92%
Validation Loss: 2.5006, Validation Accuracy: 37.79%
[Epoch 8, Batch     2] loss: 0.011
Epoch 8/20:
Train Loss: 0.5211, Train Accuracy: 80.65%
Validation Loss: 2.1528, Validation Accuracy: 40.95%
[Epoch 9, Batch     2] loss: 0.007
Epoch 9/20:
Train Loss: 0.3204, Train Accuracy: 88.58%
Validation Loss: 2.5316, Validation Accuracy: 41.94%
[Epoch 10, Batch     2] loss: 0.004
Epoch 10/20:
Train Loss: 0.3458, Train Accuracy: 87.18%
Validation Loss: 2.3773, Validation Accuracy: 41.40%
[Epoch 11, Batch     2] loss: 0.005
Epoch 11/20:
Train Loss: 0.3221, Train Accuracy: 89.06%
Validation Loss: 2.3318, Validation Accuracy: 43.98%
[Epoch 12, Batch     2] loss: 0.004
Epoch 12/20:
Train Loss: 0.2163, Train Accuracy: 92.07%
Validation Loss: 2.8416, Validation Accuracy: 39.49%
[Epoch 13, Batch     2] loss: 0.004
Epoch 13/20:
Train Loss: 0.2185, Train Accuracy: 91.63%
Validation Loss: 2.5576, Validation Accuracy: 45.17%
[Epoch 14, Batch     2] loss: 0.002
Epoch 14/20:
Train Loss: 0.1632, Train Accuracy: 94.39%
Validation Loss: 2.7846, Validation Accuracy: 42.71%
[Epoch 15, Batch     2] loss: 0.004
Epoch 15/20:
Train Loss: 0.1489, Train Accuracy: 94.43%
Validation Loss: 2.6166, Validation Accuracy: 43.30%
[Epoch 16, Batch     2] loss: 0.003
Epoch 16/20:
Train Loss: 0.1359, Train Accuracy: 95.47%
Validation Loss: 2.7476, Validation Accuracy: 43.63%
[Epoch 17, Batch     2] loss: 0.002
Epoch 17/20:
Train Loss: 0.1507, Train Accuracy: 94.95%
Validation Loss: 3.6690, Validation Accuracy: 38.26%
[Epoch 18, Batch     2] loss: 0.002
Epoch 18/20:
Train Loss: 0.1570, Train Accuracy: 94.59%
Validation Loss: 2.8710, Validation Accuracy: 44.49%
[Epoch 19, Batch     2] loss: 0.002
Epoch 19/20:
Train Loss: 0.1389, Train Accuracy: 95.11%
Validation Loss: 2.6028, Validation Accuracy: 43.92%
[Epoch 20, Batch     2] loss: 0.002
Epoch 20/20:
Train Loss: 0.0952, Train Accuracy: 96.79%
Validation Loss: 2.7859, Validation Accuracy: 45.34%
Model saved to models/resnet18-CIFAR10-BELIEF-balanced_by_score1-0.95-1
Modified fc layer: updated out_features to 10.
Initialized untrained model.
Files already downloaded and verified
Files already downloaded and verified
[Epoch 1, Batch   100] loss: 0.791
[Epoch 1, Batch   200] loss: 0.702
[Epoch 1, Batch   300] loss: 0.667
[Epoch 1, Batch   400] loss: 0.642
[Epoch 1, Batch   500] loss: 0.598
[Epoch 1, Batch   600] loss: 0.590
[Epoch 1, Batch   700] loss: 0.572
Epoch 1/20:
Train Loss: 0.0571, Train Accuracy: 51.23%
Validation Loss: 0.5741, Validation Accuracy: 57.88%
[Epoch 2, Batch   100] loss: 1.021
[Epoch 2, Batch   200] loss: 0.877
[Epoch 2, Batch   300] loss: 0.871
[Epoch 2, Batch   400] loss: 0.873
[Epoch 2, Batch   500] loss: 0.870
[Epoch 2, Batch   600] loss: 0.870
[Epoch 2, Batch   700] loss: 0.871
Epoch 2/20:
Train Loss: 0.0904, Train Accuracy: 66.17%
Validation Loss: 0.7360, Validation Accuracy: 66.54%
[Epoch 3, Batch   100] loss: 0.937
[Epoch 3, Batch   200] loss: 0.930
[Epoch 3, Batch   300] loss: 0.930
[Epoch 3, Batch   400] loss: 0.930
[Epoch 3, Batch   500] loss: 0.929
[Epoch 3, Batch   600] loss: 0.930
[Epoch 3, Batch   700] loss: 0.930
Epoch 3/20:
Train Loss: 0.0965, Train Accuracy: 72.83%
Validation Loss: 0.8624, Validation Accuracy: 68.25%
[Epoch 4, Batch   100] loss: 0.950
[Epoch 4, Batch   200] loss: 0.948
[Epoch 4, Batch   300] loss: 0.949
[Epoch 4, Batch   400] loss: 0.949
[Epoch 4, Batch   500] loss: 0.949
[Epoch 4, Batch   600] loss: 0.950
[Epoch 4, Batch   700] loss: 0.950
Epoch 4/20:
Train Loss: 0.0986, Train Accuracy: 76.13%
Validation Loss: 0.9135, Validation Accuracy: 68.81%
[Epoch 5, Batch   100] loss: 0.957
[Epoch 5, Batch   200] loss: 0.958
[Epoch 5, Batch   300] loss: 0.959
[Epoch 5, Batch   400] loss: 0.959
[Epoch 5, Batch   500] loss: 0.959
[Epoch 5, Batch   600] loss: 0.959
[Epoch 5, Batch   700] loss: 0.960
Epoch 5/20:
Train Loss: 0.0996, Train Accuracy: 77.35%
Validation Loss: 0.9377, Validation Accuracy: 70.93%
[Epoch 6, Batch   100] loss: 0.963
[Epoch 6, Batch   200] loss: 0.964
[Epoch 6, Batch   300] loss: 0.964
[Epoch 6, Batch   400] loss: 0.964
[Epoch 6, Batch   500] loss: 0.965
[Epoch 6, Batch   600] loss: 0.965
[Epoch 6, Batch   700] loss: 0.964
Epoch 6/20:
Train Loss: 0.1001, Train Accuracy: 77.70%
Validation Loss: 0.9478, Validation Accuracy: 68.96%
[Epoch 7, Batch   100] loss: 0.967
[Epoch 7, Batch   200] loss: 0.967
[Epoch 7, Batch   300] loss: 0.968
[Epoch 7, Batch   400] loss: 0.968
[Epoch 7, Batch   500] loss: 0.968
[Epoch 7, Batch   600] loss: 0.968
[Epoch 7, Batch   700] loss: 0.969
Epoch 7/20:
Train Loss: 0.1005, Train Accuracy: 76.64%
Validation Loss: 0.9543, Validation Accuracy: 69.69%
[Epoch 8, Batch   100] loss: 0.970
[Epoch 8, Batch   200] loss: 0.970
[Epoch 8, Batch   300] loss: 0.970
[Epoch 8, Batch   400] loss: 0.970
[Epoch 8, Batch   500] loss: 0.971
[Epoch 8, Batch   600] loss: 0.971
[Epoch 8, Batch   700] loss: 0.971
Epoch 8/20:
Train Loss: 0.1007, Train Accuracy: 75.44%
Validation Loss: 0.9633, Validation Accuracy: 61.48%
[Epoch 9, Batch   100] loss: 0.972
[Epoch 9, Batch   200] loss: 0.972
[Epoch 9, Batch   300] loss: 0.972
[Epoch 9, Batch   400] loss: 0.972
[Epoch 9, Batch   500] loss: 0.972
[Epoch 9, Batch   600] loss: 0.973
[Epoch 9, Batch   700] loss: 0.973
Epoch 9/20:
Train Loss: 0.1009, Train Accuracy: 74.24%
Validation Loss: 0.9635, Validation Accuracy: 67.41%
[Epoch 10, Batch   100] loss: 0.973
[Epoch 10, Batch   200] loss: 0.973
[Epoch 10, Batch   300] loss: 0.974
[Epoch 10, Batch   400] loss: 0.974
[Epoch 10, Batch   500] loss: 0.974
[Epoch 10, Batch   600] loss: 0.974
[Epoch 10, Batch   700] loss: 0.974
Epoch 10/20:
Train Loss: 0.1010, Train Accuracy: 73.28%
Validation Loss: 0.9669, Validation Accuracy: 64.93%
[Epoch 11, Batch   100] loss: 0.974
[Epoch 11, Batch   200] loss: 0.974
[Epoch 11, Batch   300] loss: 0.975
[Epoch 11, Batch   400] loss: 0.975
[Epoch 11, Batch   500] loss: 0.975
[Epoch 11, Batch   600] loss: 0.975
[Epoch 11, Batch   700] loss: 0.975
Epoch 11/20:
Train Loss: 0.1011, Train Accuracy: 72.75%
Validation Loss: 0.9710, Validation Accuracy: 55.76%
[Epoch 12, Batch   100] loss: 0.975
[Epoch 12, Batch   200] loss: 0.975
[Epoch 12, Batch   300] loss: 0.975
[Epoch 12, Batch   400] loss: 0.975
[Epoch 12, Batch   500] loss: 0.975
[Epoch 12, Batch   600] loss: 0.975
[Epoch 12, Batch   700] loss: 0.975
Epoch 12/20:
Train Loss: 0.1011, Train Accuracy: 71.75%
Validation Loss: 0.9693, Validation Accuracy: 63.75%
[Epoch 13, Batch   100] loss: 0.975
[Epoch 13, Batch   200] loss: 0.975
[Epoch 13, Batch   300] loss: 0.975
[Epoch 13, Batch   400] loss: 0.975
[Epoch 13, Batch   500] loss: 0.975
[Epoch 13, Batch   600] loss: 0.975
[Epoch 13, Batch   700] loss: 0.975
Epoch 13/20:
Train Loss: 0.1011, Train Accuracy: 72.07%
Validation Loss: 0.9693, Validation Accuracy: 60.16%
[Epoch 14, Batch   100] loss: 0.974
[Epoch 14, Batch   200] loss: 0.975
[Epoch 14, Batch   300] loss: 0.975
[Epoch 14, Batch   400] loss: 0.975
[Epoch 14, Batch   500] loss: 0.975
[Epoch 14, Batch   600] loss: 0.975
[Epoch 14, Batch   700] loss: 0.975
Epoch 14/20:
Train Loss: 0.1011, Train Accuracy: 72.69%
Validation Loss: 0.9691, Validation Accuracy: 64.52%
[Epoch 15, Batch   100] loss: 0.974
[Epoch 15, Batch   200] loss: 0.975
[Epoch 15, Batch   300] loss: 0.975
[Epoch 15, Batch   400] loss: 0.975
[Epoch 15, Batch   500] loss: 0.975
[Epoch 15, Batch   600] loss: 0.975
[Epoch 15, Batch   700] loss: 0.975
Epoch 15/20:
Train Loss: 0.1011, Train Accuracy: 73.00%
Validation Loss: 0.9670, Validation Accuracy: 69.99%
[Epoch 16, Batch   100] loss: 0.974
[Epoch 16, Batch   200] loss: 0.974
[Epoch 16, Batch   300] loss: 0.975
[Epoch 16, Batch   400] loss: 0.975
[Epoch 16, Batch   500] loss: 0.975
[Epoch 16, Batch   600] loss: 0.975
[Epoch 16, Batch   700] loss: 0.975
Epoch 16/20:
Train Loss: 0.1011, Train Accuracy: 73.57%
Validation Loss: 0.9676, Validation Accuracy: 70.81%
[Epoch 17, Batch   100] loss: 0.974
[Epoch 17, Batch   200] loss: 0.974
[Epoch 17, Batch   300] loss: 0.974
[Epoch 17, Batch   400] loss: 0.975
[Epoch 17, Batch   500] loss: 0.975
[Epoch 17, Batch   600] loss: 0.974
[Epoch 17, Batch   700] loss: 0.975
Epoch 17/20:
Train Loss: 0.1011, Train Accuracy: 74.22%
Validation Loss: 0.9684, Validation Accuracy: 68.04%
[Epoch 18, Batch   100] loss: 0.974
[Epoch 18, Batch   200] loss: 0.974
[Epoch 18, Batch   300] loss: 0.974
[Epoch 18, Batch   400] loss: 0.974
[Epoch 18, Batch   500] loss: 0.974
[Epoch 18, Batch   600] loss: 0.974
[Epoch 18, Batch   700] loss: 0.974
Epoch 18/20:
Train Loss: 0.1011, Train Accuracy: 75.03%
Validation Loss: 0.9678, Validation Accuracy: 68.07%
[Epoch 19, Batch   100] loss: 0.974
[Epoch 19, Batch   200] loss: 0.974
[Epoch 19, Batch   300] loss: 0.974
[Epoch 19, Batch   400] loss: 0.974
[Epoch 19, Batch   500] loss: 0.974
[Epoch 19, Batch   600] loss: 0.974
[Epoch 19, Batch   700] loss: 0.974
Epoch 19/20:
Train Loss: 0.1011, Train Accuracy: 75.13%
Validation Loss: 0.9673, Validation Accuracy: 70.32%
[Epoch 20, Batch   100] loss: 0.974
[Epoch 20, Batch   200] loss: 0.974
[Epoch 20, Batch   300] loss: 0.974
[Epoch 20, Batch   400] loss: 0.974
[Epoch 20, Batch   500] loss: 0.974
[Epoch 20, Batch   600] loss: 0.974
[Epoch 20, Batch   700] loss: 0.974
Epoch 20/20:
Train Loss: 0.1011, Train Accuracy: 75.78%
Validation Loss: 0.9683, Validation Accuracy: 63.42%
Model saved to models/resnet18_CIFAR10_E1_2
Modified fc layer: updated out_features to 10.
Loaded weights from file: models/resnet18_CIFAR10_E1_2
Files already downloaded and verified
Files already downloaded and verified
Modified fc layer: updated out_features to 10.
Initialized untrained model.
resnet18-CIFAR10-random-0.3-2
[Epoch 1, Batch     2] loss: 0.048
[Epoch 1, Batch   102] loss: 1.831
[Epoch 1, Batch   202] loss: 1.548
[Epoch 1, Batch   302] loss: 1.447
[Epoch 1, Batch   402] loss: 1.387
[Epoch 1, Batch   502] loss: 1.294
Epoch 1/20:
Train Loss: 0.1007, Train Accuracy: 46.49%
Validation Loss: 1.2118, Validation Accuracy: 57.14%
[Epoch 2, Batch     2] loss: 0.026
[Epoch 2, Batch   102] loss: 1.164
[Epoch 2, Batch   202] loss: 1.120
[Epoch 2, Batch   302] loss: 1.125
[Epoch 2, Batch   402] loss: 1.086
[Epoch 2, Batch   502] loss: 1.053
Epoch 2/20:
Train Loss: 0.0821, Train Accuracy: 60.75%
Validation Loss: 1.8553, Validation Accuracy: 42.66%
[Epoch 3, Batch     2] loss: 0.019
[Epoch 3, Batch   102] loss: 0.971
[Epoch 3, Batch   202] loss: 0.910
[Epoch 3, Batch   302] loss: 0.934
[Epoch 3, Batch   402] loss: 0.965
[Epoch 3, Batch   502] loss: 0.926
Epoch 3/20:
Train Loss: 0.0708, Train Accuracy: 67.12%
Validation Loss: 0.9893, Validation Accuracy: 64.88%
[Epoch 4, Batch     2] loss: 0.015
[Epoch 4, Batch   102] loss: 0.778
[Epoch 4, Batch   202] loss: 0.825
[Epoch 4, Batch   302] loss: 0.808
[Epoch 4, Batch   402] loss: 0.801
[Epoch 4, Batch   502] loss: 0.799
Epoch 4/20:
Train Loss: 0.0674, Train Accuracy: 71.84%
Validation Loss: 1.2387, Validation Accuracy: 58.93%
[Epoch 5, Batch     2] loss: 0.016
[Epoch 5, Batch   102] loss: 0.688
[Epoch 5, Batch   202] loss: 0.691
[Epoch 5, Batch   302] loss: 0.719
[Epoch 5, Batch   402] loss: 0.712
[Epoch 5, Batch   502] loss: 0.715
Epoch 5/20:
Train Loss: 0.0590, Train Accuracy: 75.48%
Validation Loss: 0.9409, Validation Accuracy: 67.95%
[Epoch 6, Batch     2] loss: 0.011
[Epoch 6, Batch   102] loss: 0.582
[Epoch 6, Batch   202] loss: 0.586
[Epoch 6, Batch   302] loss: 0.638
[Epoch 6, Batch   402] loss: 0.628
[Epoch 6, Batch   502] loss: 0.601
Epoch 6/20:
Train Loss: 0.0538, Train Accuracy: 78.67%
Validation Loss: 1.1117, Validation Accuracy: 64.58%
[Epoch 7, Batch     2] loss: 0.009
[Epoch 7, Batch   102] loss: 0.482
[Epoch 7, Batch   202] loss: 0.513
[Epoch 7, Batch   302] loss: 0.552
[Epoch 7, Batch   402] loss: 0.549
[Epoch 7, Batch   502] loss: 0.538
Epoch 7/20:
Train Loss: 0.0463, Train Accuracy: 81.34%
Validation Loss: 0.9052, Validation Accuracy: 70.27%
[Epoch 8, Batch     2] loss: 0.008
[Epoch 8, Batch   102] loss: 0.421
[Epoch 8, Batch   202] loss: 0.441
[Epoch 8, Batch   302] loss: 0.471
[Epoch 8, Batch   402] loss: 0.476
[Epoch 8, Batch   502] loss: 0.475
Epoch 8/20:
Train Loss: 0.0393, Train Accuracy: 83.97%
Validation Loss: 1.0918, Validation Accuracy: 66.18%
[Epoch 9, Batch     2] loss: 0.009
[Epoch 9, Batch   102] loss: 0.332
[Epoch 9, Batch   202] loss: 0.364
[Epoch 9, Batch   302] loss: 0.410
[Epoch 9, Batch   402] loss: 0.413
[Epoch 9, Batch   502] loss: 0.440
Epoch 9/20:
Train Loss: 0.0336, Train Accuracy: 86.32%
Validation Loss: 0.9537, Validation Accuracy: 69.96%
[Epoch 10, Batch     2] loss: 0.006
[Epoch 10, Batch   102] loss: 0.258
[Epoch 10, Batch   202] loss: 0.327
[Epoch 10, Batch   302] loss: 0.326
[Epoch 10, Batch   402] loss: 0.355
[Epoch 10, Batch   502] loss: 0.369
Epoch 10/20:
Train Loss: 0.0308, Train Accuracy: 88.58%
Validation Loss: 1.0484, Validation Accuracy: 69.20%
[Epoch 11, Batch     2] loss: 0.005
[Epoch 11, Batch   102] loss: 0.217
[Epoch 11, Batch   202] loss: 0.237
[Epoch 11, Batch   302] loss: 0.304
[Epoch 11, Batch   402] loss: 0.306
[Epoch 11, Batch   502] loss: 0.320
Epoch 11/20:
Train Loss: 0.0256, Train Accuracy: 90.14%
Validation Loss: 1.0000, Validation Accuracy: 71.54%
[Epoch 12, Batch     2] loss: 0.005
[Epoch 12, Batch   102] loss: 0.196
[Epoch 12, Batch   202] loss: 0.233
[Epoch 12, Batch   302] loss: 0.249
[Epoch 12, Batch   402] loss: 0.252
[Epoch 12, Batch   502] loss: 0.267
Epoch 12/20:
Train Loss: 0.0227, Train Accuracy: 91.52%
Validation Loss: 1.0755, Validation Accuracy: 70.96%
[Epoch 13, Batch     2] loss: 0.004
[Epoch 13, Batch   102] loss: 0.172
[Epoch 13, Batch   202] loss: 0.213
[Epoch 13, Batch   302] loss: 0.208
[Epoch 13, Batch   402] loss: 0.224
[Epoch 13, Batch   502] loss: 0.227
Epoch 13/20:
Train Loss: 0.0201, Train Accuracy: 92.63%
Validation Loss: 0.9504, Validation Accuracy: 73.91%
[Epoch 14, Batch     2] loss: 0.002
[Epoch 14, Batch   102] loss: 0.128
[Epoch 14, Batch   202] loss: 0.171
[Epoch 14, Batch   302] loss: 0.196
[Epoch 14, Batch   402] loss: 0.211
[Epoch 14, Batch   502] loss: 0.211
Epoch 14/20:
Train Loss: 0.0195, Train Accuracy: 93.44%
Validation Loss: 1.1282, Validation Accuracy: 71.44%
[Epoch 15, Batch     2] loss: 0.002
[Epoch 15, Batch   102] loss: 0.127
[Epoch 15, Batch   202] loss: 0.150
[Epoch 15, Batch   302] loss: 0.159
[Epoch 15, Batch   402] loss: 0.183
[Epoch 15, Batch   502] loss: 0.193
Epoch 15/20:
Train Loss: 0.0157, Train Accuracy: 94.50%
Validation Loss: 1.1657, Validation Accuracy: 71.90%
[Epoch 16, Batch     2] loss: 0.003
[Epoch 16, Batch   102] loss: 0.126
[Epoch 16, Batch   202] loss: 0.138
[Epoch 16, Batch   302] loss: 0.165
[Epoch 16, Batch   402] loss: 0.173
[Epoch 16, Batch   502] loss: 0.171
Epoch 16/20:
Train Loss: 0.0154, Train Accuracy: 94.67%
Validation Loss: 1.0704, Validation Accuracy: 72.68%
[Epoch 17, Batch     2] loss: 0.002
[Epoch 17, Batch   102] loss: 0.108
[Epoch 17, Batch   202] loss: 0.109
[Epoch 17, Batch   302] loss: 0.134
[Epoch 17, Batch   402] loss: 0.157
[Epoch 17, Batch   502] loss: 0.169
Epoch 17/20:
Train Loss: 0.0116, Train Accuracy: 95.30%
Validation Loss: 1.2165, Validation Accuracy: 70.73%
[Epoch 18, Batch     2] loss: 0.004
[Epoch 18, Batch   102] loss: 0.097
[Epoch 18, Batch   202] loss: 0.137
[Epoch 18, Batch   302] loss: 0.137
[Epoch 18, Batch   402] loss: 0.151
[Epoch 18, Batch   502] loss: 0.186
Epoch 18/20:
Train Loss: 0.0128, Train Accuracy: 95.10%
Validation Loss: 1.0764, Validation Accuracy: 73.57%
[Epoch 19, Batch     2] loss: 0.001
[Epoch 19, Batch   102] loss: 0.092
[Epoch 19, Batch   202] loss: 0.103
[Epoch 19, Batch   302] loss: 0.136
[Epoch 19, Batch   402] loss: 0.146
[Epoch 19, Batch   502] loss: 0.136
Epoch 19/20:
Train Loss: 0.0117, Train Accuracy: 95.66%
Validation Loss: 1.1351, Validation Accuracy: 72.84%
[Epoch 20, Batch     2] loss: 0.001
[Epoch 20, Batch   102] loss: 0.097
[Epoch 20, Batch   202] loss: 0.105
[Epoch 20, Batch   302] loss: 0.127
[Epoch 20, Batch   402] loss: 0.147
[Epoch 20, Batch   502] loss: 0.158
Epoch 20/20:
Train Loss: 0.0130, Train Accuracy: 95.49%
Validation Loss: 1.2162, Validation Accuracy: 70.59%
Model saved to models/resnet18-CIFAR10-random-0.3-2
Modified fc layer: updated out_features to 10.
Initialized untrained model.
resnet18-CIFAR10-random-0.5-2
[Epoch 1, Batch     2] loss: 0.049
[Epoch 1, Batch   102] loss: 1.811
[Epoch 1, Batch   202] loss: 1.537
[Epoch 1, Batch   302] loss: 1.453
Epoch 1/20:
Train Loss: 0.3098, Train Accuracy: 44.15%
Validation Loss: 1.5882, Validation Accuracy: 43.03%
[Epoch 2, Batch     2] loss: 0.025
[Epoch 2, Batch   102] loss: 1.223
[Epoch 2, Batch   202] loss: 1.206
[Epoch 2, Batch   302] loss: 1.162
Epoch 2/20:
Train Loss: 0.2513, Train Accuracy: 58.40%
Validation Loss: 1.8656, Validation Accuracy: 42.45%
[Epoch 3, Batch     2] loss: 0.018
[Epoch 3, Batch   102] loss: 0.999
[Epoch 3, Batch   202] loss: 1.009
[Epoch 3, Batch   302] loss: 0.991
Epoch 3/20:
Train Loss: 0.2238, Train Accuracy: 64.44%
Validation Loss: 1.2406, Validation Accuracy: 56.37%
[Epoch 4, Batch     2] loss: 0.019
[Epoch 4, Batch   102] loss: 0.834
[Epoch 4, Batch   202] loss: 0.896
[Epoch 4, Batch   302] loss: 0.869
Epoch 4/20:
Train Loss: 0.1867, Train Accuracy: 70.06%
Validation Loss: 1.1934, Validation Accuracy: 61.03%
[Epoch 5, Batch     2] loss: 0.014
[Epoch 5, Batch   102] loss: 0.718
[Epoch 5, Batch   202] loss: 0.764
[Epoch 5, Batch   302] loss: 0.749
Epoch 5/20:
Train Loss: 0.1758, Train Accuracy: 73.40%
Validation Loss: 1.0898, Validation Accuracy: 63.22%
[Epoch 6, Batch     2] loss: 0.011
[Epoch 6, Batch   102] loss: 0.613
[Epoch 6, Batch   202] loss: 0.653
[Epoch 6, Batch   302] loss: 0.665
Epoch 6/20:
Train Loss: 0.1467, Train Accuracy: 77.33%
Validation Loss: 1.1270, Validation Accuracy: 63.59%
[Epoch 7, Batch     2] loss: 0.009
[Epoch 7, Batch   102] loss: 0.517
[Epoch 7, Batch   202] loss: 0.571
[Epoch 7, Batch   302] loss: 0.589
Epoch 7/20:
Train Loss: 0.1318, Train Accuracy: 80.38%
Validation Loss: 1.1913, Validation Accuracy: 62.39%
[Epoch 8, Batch     2] loss: 0.010
[Epoch 8, Batch   102] loss: 0.429
[Epoch 8, Batch   202] loss: 0.479
[Epoch 8, Batch   302] loss: 0.482
Epoch 8/20:
Train Loss: 0.1176, Train Accuracy: 83.49%
Validation Loss: 1.0847, Validation Accuracy: 65.61%
[Epoch 9, Batch     2] loss: 0.008
[Epoch 9, Batch   102] loss: 0.337
[Epoch 9, Batch   202] loss: 0.432
[Epoch 9, Batch   302] loss: 0.436
Epoch 9/20:
Train Loss: 0.0982, Train Accuracy: 85.84%
Validation Loss: 0.9655, Validation Accuracy: 70.27%
[Epoch 10, Batch     2] loss: 0.004
[Epoch 10, Batch   102] loss: 0.260
[Epoch 10, Batch   202] loss: 0.363
[Epoch 10, Batch   302] loss: 0.368
Epoch 10/20:
Train Loss: 0.0866, Train Accuracy: 88.06%
Validation Loss: 1.0670, Validation Accuracy: 68.60%
[Epoch 11, Batch     2] loss: 0.005
[Epoch 11, Batch   102] loss: 0.219
[Epoch 11, Batch   202] loss: 0.292
[Epoch 11, Batch   302] loss: 0.295
Epoch 11/20:
Train Loss: 0.0803, Train Accuracy: 90.08%
Validation Loss: 1.1586, Validation Accuracy: 67.87%
[Epoch 12, Batch     2] loss: 0.003
[Epoch 12, Batch   102] loss: 0.192
[Epoch 12, Batch   202] loss: 0.231
[Epoch 12, Batch   302] loss: 0.259
Epoch 12/20:
Train Loss: 0.0618, Train Accuracy: 91.85%
Validation Loss: 1.3161, Validation Accuracy: 66.80%
[Epoch 13, Batch     2] loss: 0.005
[Epoch 13, Batch   102] loss: 0.177
[Epoch 13, Batch   202] loss: 0.193
[Epoch 13, Batch   302] loss: 0.229
Epoch 13/20:
Train Loss: 0.0619, Train Accuracy: 92.64%
Validation Loss: 1.3005, Validation Accuracy: 67.13%
[Epoch 14, Batch     2] loss: 0.003
[Epoch 14, Batch   102] loss: 0.167
[Epoch 14, Batch   202] loss: 0.189
[Epoch 14, Batch   302] loss: 0.181
Epoch 14/20:
Train Loss: 0.0563, Train Accuracy: 93.10%
Validation Loss: 1.1568, Validation Accuracy: 69.78%
[Epoch 15, Batch     2] loss: 0.002
[Epoch 15, Batch   102] loss: 0.129
[Epoch 15, Batch   202] loss: 0.139
[Epoch 15, Batch   302] loss: 0.187
Epoch 15/20:
Train Loss: 0.0448, Train Accuracy: 94.41%
Validation Loss: 1.1925, Validation Accuracy: 71.06%
[Epoch 16, Batch     2] loss: 0.001
[Epoch 16, Batch   102] loss: 0.113
[Epoch 16, Batch   202] loss: 0.132
[Epoch 16, Batch   302] loss: 0.204
Epoch 16/20:
Train Loss: 0.0414, Train Accuracy: 94.68%
Validation Loss: 1.3193, Validation Accuracy: 69.54%
[Epoch 17, Batch     2] loss: 0.001
[Epoch 17, Batch   102] loss: 0.115
[Epoch 17, Batch   202] loss: 0.121
[Epoch 17, Batch   302] loss: 0.152
Epoch 17/20:
Train Loss: 0.0395, Train Accuracy: 95.19%
Validation Loss: 1.3127, Validation Accuracy: 69.26%
[Epoch 18, Batch     2] loss: 0.003
[Epoch 18, Batch   102] loss: 0.112
[Epoch 18, Batch   202] loss: 0.121
[Epoch 18, Batch   302] loss: 0.166
Epoch 18/20:
Train Loss: 0.0384, Train Accuracy: 95.13%
Validation Loss: 1.2981, Validation Accuracy: 69.83%
[Epoch 19, Batch     2] loss: 0.002
[Epoch 19, Batch   102] loss: 0.093
[Epoch 19, Batch   202] loss: 0.110
[Epoch 19, Batch   302] loss: 0.129
Epoch 19/20:
Train Loss: 0.0369, Train Accuracy: 95.74%
Validation Loss: 1.4355, Validation Accuracy: 67.03%
[Epoch 20, Batch     2] loss: 0.002
[Epoch 20, Batch   102] loss: 0.088
[Epoch 20, Batch   202] loss: 0.137
[Epoch 20, Batch   302] loss: 0.125
Epoch 20/20:
Train Loss: 0.0283, Train Accuracy: 95.85%
Validation Loss: 1.3213, Validation Accuracy: 69.97%
Model saved to models/resnet18-CIFAR10-random-0.5-2
Modified fc layer: updated out_features to 10.
Initialized untrained model.
resnet18-CIFAR10-random-0.7-2
[Epoch 1, Batch     2] loss: 0.049
[Epoch 1, Batch   102] loss: 1.866
[Epoch 1, Batch   202] loss: 1.545
Epoch 1/20:
Train Loss: 0.2042, Train Accuracy: 39.50%
Validation Loss: 2.1431, Validation Accuracy: 31.89%
[Epoch 2, Batch     2] loss: 0.031
[Epoch 2, Batch   102] loss: 1.337
[Epoch 2, Batch   202] loss: 1.321
Epoch 2/20:
Train Loss: 0.1684, Train Accuracy: 52.67%
Validation Loss: 1.3474, Validation Accuracy: 51.93%
[Epoch 3, Batch     2] loss: 0.022
[Epoch 3, Batch   102] loss: 1.116
[Epoch 3, Batch   202] loss: 1.132
Epoch 3/20:
Train Loss: 0.1478, Train Accuracy: 59.98%
Validation Loss: 1.1951, Validation Accuracy: 58.25%
[Epoch 4, Batch     2] loss: 0.019
[Epoch 4, Batch   102] loss: 0.953
[Epoch 4, Batch   202] loss: 0.986
Epoch 4/20:
Train Loss: 0.1310, Train Accuracy: 65.92%
Validation Loss: 1.2235, Validation Accuracy: 56.65%
[Epoch 5, Batch     2] loss: 0.016
[Epoch 5, Batch   102] loss: 0.840
[Epoch 5, Batch   202] loss: 0.853
Epoch 5/20:
Train Loss: 0.1142, Train Accuracy: 69.85%
Validation Loss: 1.3681, Validation Accuracy: 54.64%
[Epoch 6, Batch     2] loss: 0.014
[Epoch 6, Batch   102] loss: 0.705
[Epoch 6, Batch   202] loss: 0.761
Epoch 6/20:
Train Loss: 0.1084, Train Accuracy: 73.41%
Validation Loss: 1.1516, Validation Accuracy: 60.55%
[Epoch 7, Batch     2] loss: 0.009
[Epoch 7, Batch   102] loss: 0.573
[Epoch 7, Batch   202] loss: 0.659
Epoch 7/20:
Train Loss: 0.0909, Train Accuracy: 78.23%
Validation Loss: 1.2477, Validation Accuracy: 59.44%
[Epoch 8, Batch     2] loss: 0.011
[Epoch 8, Batch   102] loss: 0.455
[Epoch 8, Batch   202] loss: 0.585
Epoch 8/20:
Train Loss: 0.0834, Train Accuracy: 81.40%
Validation Loss: 1.5147, Validation Accuracy: 53.00%
[Epoch 9, Batch     2] loss: 0.010
[Epoch 9, Batch   102] loss: 0.383
[Epoch 9, Batch   202] loss: 0.499
Epoch 9/20:
Train Loss: 0.0606, Train Accuracy: 84.54%
Validation Loss: 1.3075, Validation Accuracy: 61.55%
[Epoch 10, Batch     2] loss: 0.007
[Epoch 10, Batch   102] loss: 0.337
[Epoch 10, Batch   202] loss: 0.421
Epoch 10/20:
Train Loss: 0.0506, Train Accuracy: 87.00%
Validation Loss: 1.1691, Validation Accuracy: 65.75%
[Epoch 11, Batch     2] loss: 0.004
[Epoch 11, Batch   102] loss: 0.259
[Epoch 11, Batch   202] loss: 0.332
Epoch 11/20:
Train Loss: 0.0422, Train Accuracy: 89.84%
Validation Loss: 1.4766, Validation Accuracy: 62.07%
[Epoch 12, Batch     2] loss: 0.005
[Epoch 12, Batch   102] loss: 0.214
[Epoch 12, Batch   202] loss: 0.311
Epoch 12/20:
Train Loss: 0.0388, Train Accuracy: 90.66%
Validation Loss: 1.6429, Validation Accuracy: 57.88%
[Epoch 13, Batch     2] loss: 0.002
[Epoch 13, Batch   102] loss: 0.189
[Epoch 13, Batch   202] loss: 0.260
Epoch 13/20:
Train Loss: 0.0410, Train Accuracy: 92.07%
Validation Loss: 1.4415, Validation Accuracy: 62.74%
[Epoch 14, Batch     2] loss: 0.003
[Epoch 14, Batch   102] loss: 0.175
[Epoch 14, Batch   202] loss: 0.199
Epoch 14/20:
Train Loss: 0.0297, Train Accuracy: 93.36%
Validation Loss: 1.5865, Validation Accuracy: 62.71%
[Epoch 15, Batch     2] loss: 0.003
[Epoch 15, Batch   102] loss: 0.151
[Epoch 15, Batch   202] loss: 0.233
Epoch 15/20:
Train Loss: 0.0290, Train Accuracy: 93.36%
Validation Loss: 1.5646, Validation Accuracy: 62.81%
[Epoch 16, Batch     2] loss: 0.005
[Epoch 16, Batch   102] loss: 0.124
[Epoch 16, Batch   202] loss: 0.162
Epoch 16/20:
Train Loss: 0.0254, Train Accuracy: 94.99%
Validation Loss: 1.7136, Validation Accuracy: 63.33%
[Epoch 17, Batch     2] loss: 0.003
[Epoch 17, Batch   102] loss: 0.116
[Epoch 17, Batch   202] loss: 0.142
Epoch 17/20:
Train Loss: 0.0271, Train Accuracy: 95.23%
Validation Loss: 1.6658, Validation Accuracy: 62.93%
[Epoch 18, Batch     2] loss: 0.003
[Epoch 18, Batch   102] loss: 0.121
[Epoch 18, Batch   202] loss: 0.155
Epoch 18/20:
Train Loss: 0.0243, Train Accuracy: 95.17%
Validation Loss: 1.8459, Validation Accuracy: 60.62%
[Epoch 19, Batch     2] loss: 0.002
[Epoch 19, Batch   102] loss: 0.093
[Epoch 19, Batch   202] loss: 0.135
Epoch 19/20:
Train Loss: 0.0197, Train Accuracy: 95.95%
Validation Loss: 1.5896, Validation Accuracy: 64.07%
[Epoch 20, Batch     2] loss: 0.002
[Epoch 20, Batch   102] loss: 0.106
[Epoch 20, Batch   202] loss: 0.151
Epoch 20/20:
Train Loss: 0.0155, Train Accuracy: 95.75%
Validation Loss: 1.6071, Validation Accuracy: 63.53%
Model saved to models/resnet18-CIFAR10-random-0.7-2
Modified fc layer: updated out_features to 10.
Initialized untrained model.
resnet18-CIFAR10-random-0.8-2
[Epoch 1, Batch     2] loss: 0.049
[Epoch 1, Batch   102] loss: 1.827
Epoch 1/20:
Train Loss: 0.5527, Train Accuracy: 36.66%
Validation Loss: 1.7516, Validation Accuracy: 38.97%
[Epoch 2, Batch     2] loss: 0.031
[Epoch 2, Batch   102] loss: 1.452
Epoch 2/20:
Train Loss: 0.4949, Train Accuracy: 47.80%
Validation Loss: 1.7018, Validation Accuracy: 41.81%
[Epoch 3, Batch     2] loss: 0.024
[Epoch 3, Batch   102] loss: 1.272
Epoch 3/20:
Train Loss: 0.4385, Train Accuracy: 54.29%
Validation Loss: 1.5574, Validation Accuracy: 44.43%
[Epoch 4, Batch     2] loss: 0.022
[Epoch 4, Batch   102] loss: 1.105
Epoch 4/20:
Train Loss: 0.3860, Train Accuracy: 60.72%
Validation Loss: 1.3662, Validation Accuracy: 50.95%
[Epoch 5, Batch     2] loss: 0.017
[Epoch 5, Batch   102] loss: 0.944
Epoch 5/20:
Train Loss: 0.3400, Train Accuracy: 66.00%
Validation Loss: 1.2606, Validation Accuracy: 55.95%
[Epoch 6, Batch     2] loss: 0.018
[Epoch 6, Batch   102] loss: 0.813
Epoch 6/20:
Train Loss: 0.2871, Train Accuracy: 70.70%
Validation Loss: 1.4419, Validation Accuracy: 52.20%
[Epoch 7, Batch     2] loss: 0.012
[Epoch 7, Batch   102] loss: 0.674
Epoch 7/20:
Train Loss: 0.2517, Train Accuracy: 75.74%
Validation Loss: 2.2984, Validation Accuracy: 44.10%
[Epoch 8, Batch     2] loss: 0.013
[Epoch 8, Batch   102] loss: 0.561
Epoch 8/20:
Train Loss: 0.2070, Train Accuracy: 79.84%
Validation Loss: 1.3121, Validation Accuracy: 59.56%
[Epoch 9, Batch     2] loss: 0.010
[Epoch 9, Batch   102] loss: 0.446
Epoch 9/20:
Train Loss: 0.1664, Train Accuracy: 83.89%
Validation Loss: 1.4036, Validation Accuracy: 59.21%
[Epoch 10, Batch     2] loss: 0.005
[Epoch 10, Batch   102] loss: 0.362
Epoch 10/20:
Train Loss: 0.1350, Train Accuracy: 87.40%
Validation Loss: 1.7594, Validation Accuracy: 55.31%
[Epoch 11, Batch     2] loss: 0.005
[Epoch 11, Batch   102] loss: 0.282
Epoch 11/20:
Train Loss: 0.1266, Train Accuracy: 89.24%
Validation Loss: 1.4884, Validation Accuracy: 60.49%
[Epoch 12, Batch     2] loss: 0.004
[Epoch 12, Batch   102] loss: 0.228
Epoch 12/20:
Train Loss: 0.0924, Train Accuracy: 91.76%
Validation Loss: 1.8162, Validation Accuracy: 54.88%
[Epoch 13, Batch     2] loss: 0.004
[Epoch 13, Batch   102] loss: 0.204
Epoch 13/20:
Train Loss: 0.0907, Train Accuracy: 92.36%
Validation Loss: 1.6037, Validation Accuracy: 59.91%
[Epoch 14, Batch     2] loss: 0.002
[Epoch 14, Batch   102] loss: 0.155
Epoch 14/20:
Train Loss: 0.0824, Train Accuracy: 93.64%
Validation Loss: 1.7016, Validation Accuracy: 58.95%
[Epoch 15, Batch     2] loss: 0.002
[Epoch 15, Batch   102] loss: 0.154
Epoch 15/20:
Train Loss: 0.0523, Train Accuracy: 94.74%
Validation Loss: 2.0684, Validation Accuracy: 57.56%
[Epoch 16, Batch     2] loss: 0.004
[Epoch 16, Batch   102] loss: 0.139
Epoch 16/20:
Train Loss: 0.0549, Train Accuracy: 95.00%
Validation Loss: 2.0546, Validation Accuracy: 56.05%
[Epoch 17, Batch     2] loss: 0.002
[Epoch 17, Batch   102] loss: 0.137
Epoch 17/20:
Train Loss: 0.0622, Train Accuracy: 94.77%
Validation Loss: 1.7575, Validation Accuracy: 61.22%
[Epoch 18, Batch     2] loss: 0.001
[Epoch 18, Batch   102] loss: 0.106
Epoch 18/20:
Train Loss: 0.0431, Train Accuracy: 96.05%
Validation Loss: 1.7673, Validation Accuracy: 61.07%
[Epoch 19, Batch     2] loss: 0.003
[Epoch 19, Batch   102] loss: 0.117
Epoch 19/20:
Train Loss: 0.0447, Train Accuracy: 95.88%
Validation Loss: 1.8459, Validation Accuracy: 59.72%
[Epoch 20, Batch     2] loss: 0.002
[Epoch 20, Batch   102] loss: 0.095
Epoch 20/20:
Train Loss: 0.0430, Train Accuracy: 96.34%
Validation Loss: 1.9771, Validation Accuracy: 58.46%
Model saved to models/resnet18-CIFAR10-random-0.8-2
Modified fc layer: updated out_features to 10.
Initialized untrained model.
resnet18-CIFAR10-random-0.9-2
[Epoch 1, Batch     2] loss: 0.049
Epoch 1/20:
Train Loss: 1.8007, Train Accuracy: 33.09%
Validation Loss: 1.8119, Validation Accuracy: 34.74%
[Epoch 2, Batch     2] loss: 0.029
Epoch 2/20:
Train Loss: 1.4601, Train Accuracy: 45.23%
Validation Loss: 1.7451, Validation Accuracy: 38.27%
[Epoch 3, Batch     2] loss: 0.026
Epoch 3/20:
Train Loss: 1.2892, Train Accuracy: 52.38%
Validation Loss: 1.6349, Validation Accuracy: 43.94%
[Epoch 4, Batch     2] loss: 0.023
Epoch 4/20:
Train Loss: 1.1494, Train Accuracy: 58.09%
Validation Loss: 1.5202, Validation Accuracy: 48.01%
[Epoch 5, Batch     2] loss: 0.021
Epoch 5/20:
Train Loss: 0.9977, Train Accuracy: 62.94%
Validation Loss: 1.7457, Validation Accuracy: 46.55%
[Epoch 6, Batch     2] loss: 0.013
Epoch 6/20:
Train Loss: 0.8314, Train Accuracy: 69.85%
Validation Loss: 1.5493, Validation Accuracy: 48.89%
[Epoch 7, Batch     2] loss: 0.011
Epoch 7/20:
Train Loss: 0.7079, Train Accuracy: 74.54%
Validation Loss: 1.8929, Validation Accuracy: 45.11%
[Epoch 8, Batch     2] loss: 0.011
Epoch 8/20:
Train Loss: 0.6006, Train Accuracy: 78.43%
Validation Loss: 1.6853, Validation Accuracy: 50.96%
[Epoch 9, Batch     2] loss: 0.010
Epoch 9/20:
Train Loss: 0.4731, Train Accuracy: 82.27%
Validation Loss: 1.8486, Validation Accuracy: 50.19%
[Epoch 10, Batch     2] loss: 0.005
Epoch 10/20:
Train Loss: 0.3664, Train Accuracy: 86.26%
Validation Loss: 1.9993, Validation Accuracy: 49.54%
[Epoch 11, Batch     2] loss: 0.006
Epoch 11/20:
Train Loss: 0.3049, Train Accuracy: 89.36%
Validation Loss: 2.0685, Validation Accuracy: 49.42%
[Epoch 12, Batch     2] loss: 0.006
Epoch 12/20:
Train Loss: 0.2699, Train Accuracy: 90.46%
Validation Loss: 2.3536, Validation Accuracy: 47.21%
[Epoch 13, Batch     2] loss: 0.006
Epoch 13/20:
Train Loss: 0.2326, Train Accuracy: 91.71%
Validation Loss: 2.0999, Validation Accuracy: 50.71%
[Epoch 14, Batch     2] loss: 0.004
Epoch 14/20:
Train Loss: 0.2262, Train Accuracy: 91.99%
Validation Loss: 2.2023, Validation Accuracy: 51.39%
[Epoch 15, Batch     2] loss: 0.002
Epoch 15/20:
Train Loss: 0.1450, Train Accuracy: 94.91%
Validation Loss: 2.4221, Validation Accuracy: 50.47%
[Epoch 16, Batch     2] loss: 0.003
Epoch 16/20:
Train Loss: 0.1908, Train Accuracy: 93.25%
Validation Loss: 2.1305, Validation Accuracy: 51.73%
[Epoch 17, Batch     2] loss: 0.004
Epoch 17/20:
Train Loss: 0.1491, Train Accuracy: 94.69%
Validation Loss: 2.4352, Validation Accuracy: 48.59%
[Epoch 18, Batch     2] loss: 0.002
Epoch 18/20:
Train Loss: 0.1244, Train Accuracy: 95.73%
Validation Loss: 2.3577, Validation Accuracy: 51.90%
[Epoch 19, Batch     2] loss: 0.002
Epoch 19/20:
Train Loss: 0.1368, Train Accuracy: 95.03%
Validation Loss: 2.0720, Validation Accuracy: 52.36%
[Epoch 20, Batch     2] loss: 0.001
Epoch 20/20:
Train Loss: 0.1078, Train Accuracy: 96.45%
Validation Loss: 2.3586, Validation Accuracy: 51.90%
Model saved to models/resnet18-CIFAR10-random-0.9-2
Modified fc layer: updated out_features to 10.
Initialized untrained model.
resnet18-CIFAR10-random-0.95-2
[Epoch 1, Batch     2] loss: 0.049
Epoch 1/20:
Train Loss: 1.9297, Train Accuracy: 28.29%
Validation Loss: 2.5096, Validation Accuracy: 17.35%
[Epoch 2, Batch     2] loss: 0.030
Epoch 2/20:
Train Loss: 1.5167, Train Accuracy: 42.39%
Validation Loss: 1.7787, Validation Accuracy: 36.10%
[Epoch 3, Batch     2] loss: 0.025
Epoch 3/20:
Train Loss: 1.3129, Train Accuracy: 49.84%
Validation Loss: 2.1188, Validation Accuracy: 30.48%
[Epoch 4, Batch     2] loss: 0.022
Epoch 4/20:
Train Loss: 1.1112, Train Accuracy: 56.85%
Validation Loss: 1.8113, Validation Accuracy: 39.21%
[Epoch 5, Batch     2] loss: 0.018
Epoch 5/20:
Train Loss: 0.9994, Train Accuracy: 61.74%
Validation Loss: 2.2235, Validation Accuracy: 35.92%
[Epoch 6, Batch     2] loss: 0.016
Epoch 6/20:
Train Loss: 0.7737, Train Accuracy: 70.71%
Validation Loss: 2.4843, Validation Accuracy: 35.36%
[Epoch 7, Batch     2] loss: 0.011
Epoch 7/20:
Train Loss: 0.6412, Train Accuracy: 75.72%
Validation Loss: 2.5231, Validation Accuracy: 37.75%
[Epoch 8, Batch     2] loss: 0.008
Epoch 8/20:
Train Loss: 0.5157, Train Accuracy: 81.01%
Validation Loss: 2.3972, Validation Accuracy: 38.35%
[Epoch 9, Batch     2] loss: 0.006
Epoch 9/20:
Train Loss: 0.3796, Train Accuracy: 85.66%
Validation Loss: 2.6306, Validation Accuracy: 38.92%
[Epoch 10, Batch     2] loss: 0.006
Epoch 10/20:
Train Loss: 0.4209, Train Accuracy: 84.58%
Validation Loss: 2.7204, Validation Accuracy: 38.73%
[Epoch 11, Batch     2] loss: 0.004
Epoch 11/20:
Train Loss: 0.2771, Train Accuracy: 89.66%
Validation Loss: 2.8958, Validation Accuracy: 41.40%
[Epoch 12, Batch     2] loss: 0.003
Epoch 12/20:
Train Loss: 0.2310, Train Accuracy: 91.71%
Validation Loss: 2.5096, Validation Accuracy: 43.02%
[Epoch 13, Batch     2] loss: 0.003
Epoch 13/20:
Train Loss: 0.1844, Train Accuracy: 93.71%
Validation Loss: 2.7682, Validation Accuracy: 43.22%
[Epoch 14, Batch     2] loss: 0.002
Epoch 14/20:
Train Loss: 0.1672, Train Accuracy: 94.51%
Validation Loss: 2.6966, Validation Accuracy: 42.74%
[Epoch 15, Batch     2] loss: 0.003
Epoch 15/20:
Train Loss: 0.1771, Train Accuracy: 94.15%
Validation Loss: 2.5212, Validation Accuracy: 42.80%
[Epoch 16, Batch     2] loss: 0.002
Epoch 16/20:
Train Loss: 0.1594, Train Accuracy: 94.59%
Validation Loss: 2.5666, Validation Accuracy: 44.01%
[Epoch 17, Batch     2] loss: 0.003
Epoch 17/20:
Train Loss: 0.1555, Train Accuracy: 94.51%
Validation Loss: 2.6314, Validation Accuracy: 44.92%
[Epoch 18, Batch     2] loss: 0.001
Epoch 18/20:
Train Loss: 0.1270, Train Accuracy: 95.51%
Validation Loss: 2.7310, Validation Accuracy: 47.05%
[Epoch 19, Batch     2] loss: 0.002
Epoch 19/20:
Train Loss: 0.1008, Train Accuracy: 96.59%
Validation Loss: 2.6374, Validation Accuracy: 44.87%
[Epoch 20, Batch     2] loss: 0.001
Epoch 20/20:
Train Loss: 0.0816, Train Accuracy: 97.36%
Validation Loss: 2.7584, Validation Accuracy: 45.13%
Model saved to models/resnet18-CIFAR10-random-0.95-2
Modified fc layer: updated out_features to 10.
Loaded weights from file: models/resnet18_CIFAR10_E1_2
Files already downloaded and verified
Files already downloaded and verified
Modified fc layer: updated out_features to 10.
Initialized untrained model.
resnet18-CIFAR10-EVIDENCE-balanced_by_score-0.3-2
[Epoch 1, Batch     2] loss: 0.050
[Epoch 1, Batch   102] loss: 1.818
[Epoch 1, Batch   202] loss: 1.575
[Epoch 1, Batch   302] loss: 1.459
[Epoch 1, Batch   402] loss: 1.356
[Epoch 1, Batch   502] loss: 1.313
Epoch 1/20:
Train Loss: 0.1013, Train Accuracy: 46.48%
Validation Loss: 1.3977, Validation Accuracy: 49.79%
[Epoch 2, Batch     2] loss: 0.028
[Epoch 2, Batch   102] loss: 1.173
[Epoch 2, Batch   202] loss: 1.129
[Epoch 2, Batch   302] loss: 1.076
[Epoch 2, Batch   402] loss: 1.099
[Epoch 2, Batch   502] loss: 1.050
Epoch 2/20:
Train Loss: 0.0832, Train Accuracy: 61.01%
Validation Loss: 1.2363, Validation Accuracy: 57.06%
[Epoch 3, Batch     2] loss: 0.017
[Epoch 3, Batch   102] loss: 0.938
[Epoch 3, Batch   202] loss: 0.943
[Epoch 3, Batch   302] loss: 0.941
[Epoch 3, Batch   402] loss: 0.904
[Epoch 3, Batch   502] loss: 0.882
Epoch 3/20:
Train Loss: 0.0727, Train Accuracy: 67.49%
Validation Loss: 1.0363, Validation Accuracy: 64.32%
[Epoch 4, Batch     2] loss: 0.016
[Epoch 4, Batch   102] loss: 0.781
[Epoch 4, Batch   202] loss: 0.803
[Epoch 4, Batch   302] loss: 0.808
[Epoch 4, Batch   402] loss: 0.796
[Epoch 4, Batch   502] loss: 0.797
Epoch 4/20:
Train Loss: 0.0629, Train Accuracy: 72.22%
Validation Loss: 1.0030, Validation Accuracy: 65.14%
[Epoch 5, Batch     2] loss: 0.014
[Epoch 5, Batch   102] loss: 0.677
[Epoch 5, Batch   202] loss: 0.688
[Epoch 5, Batch   302] loss: 0.714
[Epoch 5, Batch   402] loss: 0.695
[Epoch 5, Batch   502] loss: 0.724
Epoch 5/20:
Train Loss: 0.0569, Train Accuracy: 75.80%
Validation Loss: 1.1930, Validation Accuracy: 61.03%
[Epoch 6, Batch     2] loss: 0.009
[Epoch 6, Batch   102] loss: 0.588
[Epoch 6, Batch   202] loss: 0.603
[Epoch 6, Batch   302] loss: 0.630
[Epoch 6, Batch   402] loss: 0.615
[Epoch 6, Batch   502] loss: 0.620
Epoch 6/20:
Train Loss: 0.0524, Train Accuracy: 78.65%
Validation Loss: 0.8958, Validation Accuracy: 69.42%
[Epoch 7, Batch     2] loss: 0.010
[Epoch 7, Batch   102] loss: 0.486
[Epoch 7, Batch   202] loss: 0.518
[Epoch 7, Batch   302] loss: 0.545
[Epoch 7, Batch   402] loss: 0.554
[Epoch 7, Batch   502] loss: 0.575
Epoch 7/20:
Train Loss: 0.0456, Train Accuracy: 81.26%
Validation Loss: 0.9253, Validation Accuracy: 69.53%
[Epoch 8, Batch     2] loss: 0.011
[Epoch 8, Batch   102] loss: 0.399
[Epoch 8, Batch   202] loss: 0.428
[Epoch 8, Batch   302] loss: 0.470
[Epoch 8, Batch   402] loss: 0.467
[Epoch 8, Batch   502] loss: 0.466
Epoch 8/20:
Train Loss: 0.0401, Train Accuracy: 84.38%
Validation Loss: 1.1591, Validation Accuracy: 65.97%
[Epoch 9, Batch     2] loss: 0.007
[Epoch 9, Batch   102] loss: 0.331
[Epoch 9, Batch   202] loss: 0.395
[Epoch 9, Batch   302] loss: 0.400
[Epoch 9, Batch   402] loss: 0.392
[Epoch 9, Batch   502] loss: 0.394
Epoch 9/20:
Train Loss: 0.0356, Train Accuracy: 86.69%
Validation Loss: 0.9884, Validation Accuracy: 69.97%
[Epoch 10, Batch     2] loss: 0.006
[Epoch 10, Batch   102] loss: 0.269
[Epoch 10, Batch   202] loss: 0.312
[Epoch 10, Batch   302] loss: 0.338
[Epoch 10, Batch   402] loss: 0.344
[Epoch 10, Batch   502] loss: 0.382
Epoch 10/20:
Train Loss: 0.0315, Train Accuracy: 88.40%
Validation Loss: 1.2517, Validation Accuracy: 66.87%
[Epoch 11, Batch     2] loss: 0.006
[Epoch 11, Batch   102] loss: 0.224
[Epoch 11, Batch   202] loss: 0.264
[Epoch 11, Batch   302] loss: 0.293
[Epoch 11, Batch   402] loss: 0.310
[Epoch 11, Batch   502] loss: 0.308
Epoch 11/20:
Train Loss: 0.0250, Train Accuracy: 90.15%
Validation Loss: 0.9286, Validation Accuracy: 73.12%
[Epoch 12, Batch     2] loss: 0.004
[Epoch 12, Batch   102] loss: 0.195
[Epoch 12, Batch   202] loss: 0.226
[Epoch 12, Batch   302] loss: 0.241
[Epoch 12, Batch   402] loss: 0.241
[Epoch 12, Batch   502] loss: 0.286
Epoch 12/20:
Train Loss: 0.0229, Train Accuracy: 91.77%
Validation Loss: 1.0374, Validation Accuracy: 71.01%
[Epoch 13, Batch     2] loss: 0.003
[Epoch 13, Batch   102] loss: 0.155
[Epoch 13, Batch   202] loss: 0.193
[Epoch 13, Batch   302] loss: 0.237
[Epoch 13, Batch   402] loss: 0.222
[Epoch 13, Batch   502] loss: 0.238
Epoch 13/20:
Train Loss: 0.0189, Train Accuracy: 92.63%
Validation Loss: 1.0203, Validation Accuracy: 72.75%
[Epoch 14, Batch     2] loss: 0.002
[Epoch 14, Batch   102] loss: 0.114
[Epoch 14, Batch   202] loss: 0.180
[Epoch 14, Batch   302] loss: 0.186
[Epoch 14, Batch   402] loss: 0.213
[Epoch 14, Batch   502] loss: 0.204
Epoch 14/20:
Train Loss: 0.0185, Train Accuracy: 93.71%
Validation Loss: 1.1004, Validation Accuracy: 71.74%
[Epoch 15, Batch     2] loss: 0.003
[Epoch 15, Batch   102] loss: 0.143
[Epoch 15, Batch   202] loss: 0.153
[Epoch 15, Batch   302] loss: 0.172
[Epoch 15, Batch   402] loss: 0.182
[Epoch 15, Batch   502] loss: 0.186
Epoch 15/20:
Train Loss: 0.0154, Train Accuracy: 94.23%
Validation Loss: 1.0899, Validation Accuracy: 72.99%
[Epoch 16, Batch     2] loss: 0.002
[Epoch 16, Batch   102] loss: 0.124
[Epoch 16, Batch   202] loss: 0.127
[Epoch 16, Batch   302] loss: 0.149
[Epoch 16, Batch   402] loss: 0.174
[Epoch 16, Batch   502] loss: 0.171
Epoch 16/20:
Train Loss: 0.0132, Train Accuracy: 94.86%
Validation Loss: 1.1443, Validation Accuracy: 73.13%
[Epoch 17, Batch     2] loss: 0.001
[Epoch 17, Batch   102] loss: 0.116
[Epoch 17, Batch   202] loss: 0.121
[Epoch 17, Batch   302] loss: 0.152
[Epoch 17, Batch   402] loss: 0.170
[Epoch 17, Batch   502] loss: 0.167
Epoch 17/20:
Train Loss: 0.0106, Train Accuracy: 94.93%
Validation Loss: 1.0805, Validation Accuracy: 74.00%
[Epoch 18, Batch     2] loss: 0.003
[Epoch 18, Batch   102] loss: 0.100
[Epoch 18, Batch   202] loss: 0.138
[Epoch 18, Batch   302] loss: 0.128
[Epoch 18, Batch   402] loss: 0.163
[Epoch 18, Batch   502] loss: 0.173
Epoch 18/20:
Train Loss: 0.0106, Train Accuracy: 95.07%
Validation Loss: 1.1753, Validation Accuracy: 72.41%
[Epoch 19, Batch     2] loss: 0.001
[Epoch 19, Batch   102] loss: 0.084
[Epoch 19, Batch   202] loss: 0.107
[Epoch 19, Batch   302] loss: 0.124
[Epoch 19, Batch   402] loss: 0.146
[Epoch 19, Batch   502] loss: 0.145
Epoch 19/20:
Train Loss: 0.0130, Train Accuracy: 95.70%
Validation Loss: 1.3318, Validation Accuracy: 69.58%
[Epoch 20, Batch     2] loss: 0.002
[Epoch 20, Batch   102] loss: 0.072
[Epoch 20, Batch   202] loss: 0.087
[Epoch 20, Batch   302] loss: 0.131
[Epoch 20, Batch   402] loss: 0.129
[Epoch 20, Batch   502] loss: 0.149
Epoch 20/20:
Train Loss: 0.0139, Train Accuracy: 95.90%
Validation Loss: 1.1491, Validation Accuracy: 72.52%
Model saved to models/resnet18-CIFAR10-EVIDENCE-balanced_by_score-0.3-2
Modified fc layer: updated out_features to 10.
Initialized untrained model.
resnet18-CIFAR10-EVIDENCE-balanced_by_score-0.5-2
[Epoch 1, Batch     2] loss: 0.049
[Epoch 1, Batch   102] loss: 1.811
[Epoch 1, Batch   202] loss: 1.536
[Epoch 1, Batch   302] loss: 1.423
Epoch 1/20:
Train Loss: 0.2996, Train Accuracy: 44.76%
Validation Loss: 1.7354, Validation Accuracy: 43.12%
[Epoch 2, Batch     2] loss: 0.027
[Epoch 2, Batch   102] loss: 1.247
[Epoch 2, Batch   202] loss: 1.177
[Epoch 2, Batch   302] loss: 1.174
Epoch 2/20:
Train Loss: 0.2509, Train Accuracy: 57.74%
Validation Loss: 1.3470, Validation Accuracy: 53.05%
[Epoch 3, Batch     2] loss: 0.021
[Epoch 3, Batch   102] loss: 0.975
[Epoch 3, Batch   202] loss: 1.037
[Epoch 3, Batch   302] loss: 1.000
Epoch 3/20:
Train Loss: 0.2154, Train Accuracy: 64.91%
Validation Loss: 1.2443, Validation Accuracy: 57.11%
[Epoch 4, Batch     2] loss: 0.015
[Epoch 4, Batch   102] loss: 0.848
[Epoch 4, Batch   202] loss: 0.905
[Epoch 4, Batch   302] loss: 0.869
Epoch 4/20:
Train Loss: 0.1967, Train Accuracy: 69.21%
Validation Loss: 1.1698, Validation Accuracy: 59.82%
[Epoch 5, Batch     2] loss: 0.017
[Epoch 5, Batch   102] loss: 0.745
[Epoch 5, Batch   202] loss: 0.770
[Epoch 5, Batch   302] loss: 0.779
Epoch 5/20:
Train Loss: 0.1702, Train Accuracy: 73.25%
Validation Loss: 1.2186, Validation Accuracy: 59.88%
[Epoch 6, Batch     2] loss: 0.010
[Epoch 6, Batch   102] loss: 0.643
[Epoch 6, Batch   202] loss: 0.678
[Epoch 6, Batch   302] loss: 0.707
Epoch 6/20:
Train Loss: 0.1483, Train Accuracy: 76.42%
Validation Loss: 1.2475, Validation Accuracy: 62.12%
[Epoch 7, Batch     2] loss: 0.009
[Epoch 7, Batch   102] loss: 0.510
[Epoch 7, Batch   202] loss: 0.587
[Epoch 7, Batch   302] loss: 0.606
Epoch 7/20:
Train Loss: 0.1411, Train Accuracy: 79.68%
Validation Loss: 1.0541, Validation Accuracy: 65.95%
[Epoch 8, Batch     2] loss: 0.009
[Epoch 8, Batch   102] loss: 0.457
[Epoch 8, Batch   202] loss: 0.509
[Epoch 8, Batch   302] loss: 0.523
Epoch 8/20:
Train Loss: 0.1157, Train Accuracy: 82.58%
Validation Loss: 1.4313, Validation Accuracy: 60.97%
[Epoch 9, Batch     2] loss: 0.008
[Epoch 9, Batch   102] loss: 0.361
[Epoch 9, Batch   202] loss: 0.412
[Epoch 9, Batch   302] loss: 0.429
Epoch 9/20:
Train Loss: 0.1069, Train Accuracy: 85.27%
Validation Loss: 1.0192, Validation Accuracy: 68.36%
[Epoch 10, Batch     2] loss: 0.005
[Epoch 10, Batch   102] loss: 0.302
[Epoch 10, Batch   202] loss: 0.353
[Epoch 10, Batch   302] loss: 0.362
Epoch 10/20:
Train Loss: 0.0886, Train Accuracy: 87.65%
Validation Loss: 1.2256, Validation Accuracy: 66.23%
[Epoch 11, Batch     2] loss: 0.006
[Epoch 11, Batch   102] loss: 0.255
[Epoch 11, Batch   202] loss: 0.278
[Epoch 11, Batch   302] loss: 0.311
Epoch 11/20:
Train Loss: 0.0797, Train Accuracy: 89.65%
Validation Loss: 1.0554, Validation Accuracy: 69.34%
[Epoch 12, Batch     2] loss: 0.005
[Epoch 12, Batch   102] loss: 0.199
[Epoch 12, Batch   202] loss: 0.238
[Epoch 12, Batch   302] loss: 0.288
Epoch 12/20:
Train Loss: 0.0700, Train Accuracy: 90.97%
Validation Loss: 1.5306, Validation Accuracy: 61.15%
[Epoch 13, Batch     2] loss: 0.003
[Epoch 13, Batch   102] loss: 0.162
[Epoch 13, Batch   202] loss: 0.207
[Epoch 13, Batch   302] loss: 0.237
Epoch 13/20:
Train Loss: 0.0532, Train Accuracy: 92.73%
Validation Loss: 1.2551, Validation Accuracy: 68.80%
[Epoch 14, Batch     2] loss: 0.002
[Epoch 14, Batch   102] loss: 0.145
[Epoch 14, Batch   202] loss: 0.179
[Epoch 14, Batch   302] loss: 0.228
Epoch 14/20:
Train Loss: 0.0525, Train Accuracy: 93.36%
Validation Loss: 1.3080, Validation Accuracy: 66.88%
[Epoch 15, Batch     2] loss: 0.002
[Epoch 15, Batch   102] loss: 0.127
[Epoch 15, Batch   202] loss: 0.167
[Epoch 15, Batch   302] loss: 0.211
Epoch 15/20:
Train Loss: 0.0437, Train Accuracy: 94.00%
Validation Loss: 1.2469, Validation Accuracy: 69.33%
[Epoch 16, Batch     2] loss: 0.002
[Epoch 16, Batch   102] loss: 0.110
[Epoch 16, Batch   202] loss: 0.144
[Epoch 16, Batch   302] loss: 0.158
Epoch 16/20:
Train Loss: 0.0425, Train Accuracy: 94.92%
Validation Loss: 1.2493, Validation Accuracy: 70.57%
[Epoch 17, Batch     2] loss: 0.002
[Epoch 17, Batch   102] loss: 0.125
[Epoch 17, Batch   202] loss: 0.118
[Epoch 17, Batch   302] loss: 0.149
Epoch 17/20:
Train Loss: 0.0420, Train Accuracy: 95.07%
Validation Loss: 1.4741, Validation Accuracy: 65.51%
[Epoch 18, Batch     2] loss: 0.002
[Epoch 18, Batch   102] loss: 0.126
[Epoch 18, Batch   202] loss: 0.126
[Epoch 18, Batch   302] loss: 0.154
Epoch 18/20:
Train Loss: 0.0381, Train Accuracy: 95.12%
Validation Loss: 1.3320, Validation Accuracy: 69.02%
[Epoch 19, Batch     2] loss: 0.002
[Epoch 19, Batch   102] loss: 0.104
[Epoch 19, Batch   202] loss: 0.110
[Epoch 19, Batch   302] loss: 0.136
Epoch 19/20:
Train Loss: 0.0356, Train Accuracy: 95.69%
Validation Loss: 1.3462, Validation Accuracy: 68.68%
[Epoch 20, Batch     2] loss: 0.003
[Epoch 20, Batch   102] loss: 0.108
[Epoch 20, Batch   202] loss: 0.111
[Epoch 20, Batch   302] loss: 0.119
Epoch 20/20:
Train Loss: 0.0370, Train Accuracy: 95.79%
Validation Loss: 1.3603, Validation Accuracy: 68.68%
Model saved to models/resnet18-CIFAR10-EVIDENCE-balanced_by_score-0.5-2
Modified fc layer: updated out_features to 10.
Initialized untrained model.
resnet18-CIFAR10-EVIDENCE-balanced_by_score-0.7-2
[Epoch 1, Batch     2] loss: 0.049
[Epoch 1, Batch   102] loss: 1.824
[Epoch 1, Batch   202] loss: 1.551
Epoch 1/20:
Train Loss: 0.2021, Train Accuracy: 39.94%
Validation Loss: 1.4206, Validation Accuracy: 47.28%
[Epoch 2, Batch     2] loss: 0.028
[Epoch 2, Batch   102] loss: 1.358
[Epoch 2, Batch   202] loss: 1.315
Epoch 2/20:
Train Loss: 0.1756, Train Accuracy: 52.58%
Validation Loss: 1.3034, Validation Accuracy: 52.88%
[Epoch 3, Batch     2] loss: 0.021
[Epoch 3, Batch   102] loss: 1.112
[Epoch 3, Batch   202] loss: 1.167
Epoch 3/20:
Train Loss: 0.1532, Train Accuracy: 59.88%
Validation Loss: 1.2154, Validation Accuracy: 57.35%
[Epoch 4, Batch     2] loss: 0.018
[Epoch 4, Batch   102] loss: 0.969
[Epoch 4, Batch   202] loss: 1.011
Epoch 4/20:
Train Loss: 0.1406, Train Accuracy: 65.04%
Validation Loss: 1.3249, Validation Accuracy: 54.58%
[Epoch 5, Batch     2] loss: 0.016
[Epoch 5, Batch   102] loss: 0.838
[Epoch 5, Batch   202] loss: 0.897
Epoch 5/20:
Train Loss: 0.1202, Train Accuracy: 69.43%
Validation Loss: 1.3463, Validation Accuracy: 56.91%
[Epoch 6, Batch     2] loss: 0.013
[Epoch 6, Batch   102] loss: 0.737
[Epoch 6, Batch   202] loss: 0.770
Epoch 6/20:
Train Loss: 0.1093, Train Accuracy: 73.15%
Validation Loss: 1.7485, Validation Accuracy: 48.54%
[Epoch 7, Batch     2] loss: 0.016
[Epoch 7, Batch   102] loss: 0.581
[Epoch 7, Batch   202] loss: 0.704
Epoch 7/20:
Train Loss: 0.1018, Train Accuracy: 77.18%
Validation Loss: 1.4531, Validation Accuracy: 56.31%
[Epoch 8, Batch     2] loss: 0.009
[Epoch 8, Batch   102] loss: 0.515
[Epoch 8, Batch   202] loss: 0.586
Epoch 8/20:
Train Loss: 0.0834, Train Accuracy: 80.52%
Validation Loss: 1.2651, Validation Accuracy: 59.44%
[Epoch 9, Batch     2] loss: 0.011
[Epoch 9, Batch   102] loss: 0.392
[Epoch 9, Batch   202] loss: 0.499
Epoch 9/20:
Train Loss: 0.0753, Train Accuracy: 83.80%
Validation Loss: 1.1627, Validation Accuracy: 63.93%
[Epoch 10, Batch     2] loss: 0.007
[Epoch 10, Batch   102] loss: 0.336
[Epoch 10, Batch   202] loss: 0.424
Epoch 10/20:
Train Loss: 0.0582, Train Accuracy: 86.69%
Validation Loss: 1.3663, Validation Accuracy: 61.66%
[Epoch 11, Batch     2] loss: 0.002
[Epoch 11, Batch   102] loss: 0.254
[Epoch 11, Batch   202] loss: 0.367
Epoch 11/20:
Train Loss: 0.0489, Train Accuracy: 88.96%
Validation Loss: 1.3102, Validation Accuracy: 63.75%
[Epoch 12, Batch     2] loss: 0.003
[Epoch 12, Batch   102] loss: 0.224
[Epoch 12, Batch   202] loss: 0.278
Epoch 12/20:
Train Loss: 0.0466, Train Accuracy: 91.13%
Validation Loss: 1.7207, Validation Accuracy: 59.28%
[Epoch 13, Batch     2] loss: 0.004
[Epoch 13, Batch   102] loss: 0.214
[Epoch 13, Batch   202] loss: 0.242
Epoch 13/20:
Train Loss: 0.0372, Train Accuracy: 91.56%
Validation Loss: 1.5858, Validation Accuracy: 62.10%
[Epoch 14, Batch     2] loss: 0.004
[Epoch 14, Batch   102] loss: 0.165
[Epoch 14, Batch   202] loss: 0.213
Epoch 14/20:
Train Loss: 0.0309, Train Accuracy: 93.38%
Validation Loss: 1.6888, Validation Accuracy: 61.48%
[Epoch 15, Batch     2] loss: 0.003
[Epoch 15, Batch   102] loss: 0.170
[Epoch 15, Batch   202] loss: 0.214
Epoch 15/20:
Train Loss: 0.0352, Train Accuracy: 92.84%
Validation Loss: 1.4752, Validation Accuracy: 62.97%
[Epoch 16, Batch     2] loss: 0.005
[Epoch 16, Batch   102] loss: 0.124
[Epoch 16, Batch   202] loss: 0.162
Epoch 16/20:
Train Loss: 0.0244, Train Accuracy: 95.05%
Validation Loss: 1.7602, Validation Accuracy: 60.63%
[Epoch 17, Batch     2] loss: 0.002
[Epoch 17, Batch   102] loss: 0.098
[Epoch 17, Batch   202] loss: 0.178
Epoch 17/20:
Train Loss: 0.0230, Train Accuracy: 95.11%
Validation Loss: 1.6562, Validation Accuracy: 62.67%
[Epoch 18, Batch     2] loss: 0.002
[Epoch 18, Batch   102] loss: 0.113
[Epoch 18, Batch   202] loss: 0.129
Epoch 18/20:
Train Loss: 0.0214, Train Accuracy: 95.83%
Validation Loss: 1.6028, Validation Accuracy: 64.06%
[Epoch 19, Batch     2] loss: 0.001
[Epoch 19, Batch   102] loss: 0.111
[Epoch 19, Batch   202] loss: 0.166
Epoch 19/20:
Train Loss: 0.0276, Train Accuracy: 95.00%
Validation Loss: 1.6784, Validation Accuracy: 61.79%
[Epoch 20, Batch     2] loss: 0.003
[Epoch 20, Batch   102] loss: 0.095
[Epoch 20, Batch   202] loss: 0.104
Epoch 20/20:
Train Loss: 0.0219, Train Accuracy: 96.19%
Validation Loss: 1.8105, Validation Accuracy: 62.01%
Model saved to models/resnet18-CIFAR10-EVIDENCE-balanced_by_score-0.7-2
Modified fc layer: updated out_features to 10.
Initialized untrained model.
resnet18-CIFAR10-EVIDENCE-balanced_by_score-0.8-2
[Epoch 1, Batch     2] loss: 0.051
[Epoch 1, Batch   102] loss: 1.818
Epoch 1/20:
Train Loss: 0.5311, Train Accuracy: 37.09%
Validation Loss: 1.5882, Validation Accuracy: 41.61%
[Epoch 2, Batch     2] loss: 0.026
[Epoch 2, Batch   102] loss: 1.426
Epoch 2/20:
Train Loss: 0.4667, Train Accuracy: 48.58%
Validation Loss: 1.8814, Validation Accuracy: 36.94%
[Epoch 3, Batch     2] loss: 0.026
[Epoch 3, Batch   102] loss: 1.230
Epoch 3/20:
Train Loss: 0.4215, Train Accuracy: 55.50%
Validation Loss: 1.3104, Validation Accuracy: 52.68%
[Epoch 4, Batch     2] loss: 0.019
[Epoch 4, Batch   102] loss: 1.080
Epoch 4/20:
Train Loss: 0.3810, Train Accuracy: 61.52%
Validation Loss: 1.5475, Validation Accuracy: 47.92%
[Epoch 5, Batch     2] loss: 0.016
[Epoch 5, Batch   102] loss: 0.948
Epoch 5/20:
Train Loss: 0.3256, Train Accuracy: 66.25%
Validation Loss: 1.3864, Validation Accuracy: 53.77%
[Epoch 6, Batch     2] loss: 0.017
[Epoch 6, Batch   102] loss: 0.797
Epoch 6/20:
Train Loss: 0.2896, Train Accuracy: 71.42%
Validation Loss: 1.3058, Validation Accuracy: 55.22%
[Epoch 7, Batch     2] loss: 0.012
[Epoch 7, Batch   102] loss: 0.674
Epoch 7/20:
Train Loss: 0.2654, Train Accuracy: 75.21%
Validation Loss: 1.5942, Validation Accuracy: 52.56%
[Epoch 8, Batch     2] loss: 0.012
[Epoch 8, Batch   102] loss: 0.557
Epoch 8/20:
Train Loss: 0.2219, Train Accuracy: 79.22%
Validation Loss: 1.4028, Validation Accuracy: 56.46%
[Epoch 9, Batch     2] loss: 0.009
[Epoch 9, Batch   102] loss: 0.450
Epoch 9/20:
Train Loss: 0.1794, Train Accuracy: 83.07%
Validation Loss: 1.6986, Validation Accuracy: 54.49%
[Epoch 10, Batch     2] loss: 0.007
[Epoch 10, Batch   102] loss: 0.348
Epoch 10/20:
Train Loss: 0.1503, Train Accuracy: 86.68%
Validation Loss: 1.5850, Validation Accuracy: 55.90%
[Epoch 11, Batch     2] loss: 0.005
[Epoch 11, Batch   102] loss: 0.330
Epoch 11/20:
Train Loss: 0.1288, Train Accuracy: 87.79%
Validation Loss: 1.3897, Validation Accuracy: 61.33%
[Epoch 12, Batch     2] loss: 0.004
[Epoch 12, Batch   102] loss: 0.249
Epoch 12/20:
Train Loss: 0.1080, Train Accuracy: 90.34%
Validation Loss: 1.8329, Validation Accuracy: 54.80%
[Epoch 13, Batch     2] loss: 0.004
[Epoch 13, Batch   102] loss: 0.190
Epoch 13/20:
Train Loss: 0.0892, Train Accuracy: 92.70%
Validation Loss: 2.0169, Validation Accuracy: 53.30%
[Epoch 14, Batch     2] loss: 0.004
[Epoch 14, Batch   102] loss: 0.179
Epoch 14/20:
Train Loss: 0.0806, Train Accuracy: 93.28%
Validation Loss: 1.7884, Validation Accuracy: 58.01%
[Epoch 15, Batch     2] loss: 0.003
[Epoch 15, Batch   102] loss: 0.153
Epoch 15/20:
Train Loss: 0.0634, Train Accuracy: 94.13%
Validation Loss: 2.0152, Validation Accuracy: 56.65%
[Epoch 16, Batch     2] loss: 0.005
[Epoch 16, Batch   102] loss: 0.182
Epoch 16/20:
Train Loss: 0.0627, Train Accuracy: 93.59%
Validation Loss: 1.9432, Validation Accuracy: 58.40%
[Epoch 17, Batch     2] loss: 0.002
[Epoch 17, Batch   102] loss: 0.113
Epoch 17/20:
Train Loss: 0.0504, Train Accuracy: 95.87%
Validation Loss: 1.8757, Validation Accuracy: 60.15%
[Epoch 18, Batch     2] loss: 0.003
[Epoch 18, Batch   102] loss: 0.094
Epoch 18/20:
Train Loss: 0.0424, Train Accuracy: 96.38%
Validation Loss: 1.8058, Validation Accuracy: 60.29%
[Epoch 19, Batch     2] loss: 0.003
[Epoch 19, Batch   102] loss: 0.119
Epoch 19/20:
Train Loss: 0.0559, Train Accuracy: 95.40%
Validation Loss: 1.8213, Validation Accuracy: 59.71%
[Epoch 20, Batch     2] loss: 0.003
[Epoch 20, Batch   102] loss: 0.098
Epoch 20/20:
Train Loss: 0.0377, Train Accuracy: 96.42%
Validation Loss: 1.8841, Validation Accuracy: 60.28%
Model saved to models/resnet18-CIFAR10-EVIDENCE-balanced_by_score-0.8-2
Modified fc layer: updated out_features to 10.
Initialized untrained model.
resnet18-CIFAR10-EVIDENCE-balanced_by_score-0.9-2
[Epoch 1, Batch     2] loss: 0.049
Epoch 1/20:
Train Loss: 1.8279, Train Accuracy: 32.59%
Validation Loss: 1.7149, Validation Accuracy: 37.32%
[Epoch 2, Batch     2] loss: 0.033
Epoch 2/20:
Train Loss: 1.4800, Train Accuracy: 44.96%
Validation Loss: 1.9146, Validation Accuracy: 34.58%
[Epoch 3, Batch     2] loss: 0.026
Epoch 3/20:
Train Loss: 1.2972, Train Accuracy: 51.93%
Validation Loss: 1.6871, Validation Accuracy: 41.45%
[Epoch 4, Batch     2] loss: 0.021
Epoch 4/20:
Train Loss: 1.1825, Train Accuracy: 55.78%
Validation Loss: 1.6716, Validation Accuracy: 42.02%
[Epoch 5, Batch     2] loss: 0.018
Epoch 5/20:
Train Loss: 1.0101, Train Accuracy: 62.62%
Validation Loss: 3.0780, Validation Accuracy: 31.99%
[Epoch 6, Batch     2] loss: 0.019
Epoch 6/20:
Train Loss: 0.8309, Train Accuracy: 69.74%
Validation Loss: 1.6458, Validation Accuracy: 46.35%
[Epoch 7, Batch     2] loss: 0.017
Epoch 7/20:
Train Loss: 0.7161, Train Accuracy: 74.36%
Validation Loss: 2.1074, Validation Accuracy: 41.62%
[Epoch 8, Batch     2] loss: 0.011
Epoch 8/20:
Train Loss: 0.5759, Train Accuracy: 80.14%
Validation Loss: 2.0084, Validation Accuracy: 42.76%
[Epoch 9, Batch     2] loss: 0.010
Epoch 9/20:
Train Loss: 0.4547, Train Accuracy: 84.03%
Validation Loss: 2.1417, Validation Accuracy: 44.97%
[Epoch 10, Batch     2] loss: 0.004
Epoch 10/20:
Train Loss: 0.4043, Train Accuracy: 85.94%
Validation Loss: 1.8511, Validation Accuracy: 50.74%
[Epoch 11, Batch     2] loss: 0.004
Epoch 11/20:
Train Loss: 0.3073, Train Accuracy: 89.08%
Validation Loss: 2.3509, Validation Accuracy: 44.85%
[Epoch 12, Batch     2] loss: 0.003
Epoch 12/20:
Train Loss: 0.2702, Train Accuracy: 90.83%
Validation Loss: 2.1196, Validation Accuracy: 50.84%
[Epoch 13, Batch     2] loss: 0.003
Epoch 13/20:
Train Loss: 0.2095, Train Accuracy: 92.85%
Validation Loss: 2.6492, Validation Accuracy: 44.33%
[Epoch 14, Batch     2] loss: 0.006
Epoch 14/20:
Train Loss: 0.1683, Train Accuracy: 94.20%
Validation Loss: 2.3108, Validation Accuracy: 49.48%
[Epoch 15, Batch     2] loss: 0.003
Epoch 15/20:
Train Loss: 0.1699, Train Accuracy: 94.02%
Validation Loss: 2.3202, Validation Accuracy: 47.88%
[Epoch 16, Batch     2] loss: 0.002
Epoch 16/20:
Train Loss: 0.1375, Train Accuracy: 95.09%
Validation Loss: 2.3808, Validation Accuracy: 51.26%
[Epoch 17, Batch     2] loss: 0.001
Epoch 17/20:
Train Loss: 0.1358, Train Accuracy: 95.27%
Validation Loss: 3.0818, Validation Accuracy: 42.82%
[Epoch 18, Batch     2] loss: 0.002
Epoch 18/20:
Train Loss: 0.1416, Train Accuracy: 94.80%
Validation Loss: 2.4773, Validation Accuracy: 50.05%
[Epoch 19, Batch     2] loss: 0.002
Epoch 19/20:
Train Loss: 0.1346, Train Accuracy: 95.25%
Validation Loss: 3.0932, Validation Accuracy: 44.17%
[Epoch 20, Batch     2] loss: 0.002
Epoch 20/20:
Train Loss: 0.1117, Train Accuracy: 95.89%
Validation Loss: 2.3422, Validation Accuracy: 52.33%
Model saved to models/resnet18-CIFAR10-EVIDENCE-balanced_by_score-0.9-2
Modified fc layer: updated out_features to 10.
Initialized untrained model.
resnet18-CIFAR10-EVIDENCE-balanced_by_score-0.95-2
[Epoch 1, Batch     2] loss: 0.051
Epoch 1/20:
Train Loss: 1.9864, Train Accuracy: 25.84%
Validation Loss: 2.9878, Validation Accuracy: 16.74%
[Epoch 2, Batch     2] loss: 0.031
Epoch 2/20:
Train Loss: 1.5643, Train Accuracy: 39.98%
Validation Loss: 2.0954, Validation Accuracy: 31.44%
[Epoch 3, Batch     2] loss: 0.023
Epoch 3/20:
Train Loss: 1.2906, Train Accuracy: 51.00%
Validation Loss: 1.7918, Validation Accuracy: 37.10%
[Epoch 4, Batch     2] loss: 0.019
Epoch 4/20:
Train Loss: 1.0799, Train Accuracy: 58.97%
Validation Loss: 2.1313, Validation Accuracy: 35.75%
[Epoch 5, Batch     2] loss: 0.017
Epoch 5/20:
Train Loss: 0.9202, Train Accuracy: 65.62%
Validation Loss: 1.9544, Validation Accuracy: 37.94%
[Epoch 6, Batch     2] loss: 0.015
Epoch 6/20:
Train Loss: 0.7350, Train Accuracy: 73.64%
Validation Loss: 2.0331, Validation Accuracy: 38.37%
[Epoch 7, Batch     2] loss: 0.013
Epoch 7/20:
Train Loss: 0.6112, Train Accuracy: 77.60%
Validation Loss: 2.0484, Validation Accuracy: 41.17%
[Epoch 8, Batch     2] loss: 0.008
Epoch 8/20:
Train Loss: 0.4599, Train Accuracy: 82.89%
Validation Loss: 2.2361, Validation Accuracy: 42.04%
[Epoch 9, Batch     2] loss: 0.007
Epoch 9/20:
Train Loss: 0.4154, Train Accuracy: 85.14%
Validation Loss: 2.3270, Validation Accuracy: 40.37%
[Epoch 10, Batch     2] loss: 0.004
Epoch 10/20:
Train Loss: 0.3265, Train Accuracy: 88.02%
Validation Loss: 2.8099, Validation Accuracy: 36.92%
[Epoch 11, Batch     2] loss: 0.005
Epoch 11/20:
Train Loss: 0.2849, Train Accuracy: 90.18%
Validation Loss: 2.6670, Validation Accuracy: 42.09%
[Epoch 12, Batch     2] loss: 0.005
Epoch 12/20:
Train Loss: 0.2054, Train Accuracy: 92.55%
Validation Loss: 2.6439, Validation Accuracy: 39.09%
[Epoch 13, Batch     2] loss: 0.006
Epoch 13/20:
Train Loss: 0.1876, Train Accuracy: 93.19%
Validation Loss: 2.5880, Validation Accuracy: 43.40%
[Epoch 14, Batch     2] loss: 0.004
Epoch 14/20:
Train Loss: 0.1833, Train Accuracy: 92.83%
Validation Loss: 2.6566, Validation Accuracy: 42.74%
[Epoch 15, Batch     2] loss: 0.002
Epoch 15/20:
Train Loss: 0.1908, Train Accuracy: 93.19%
Validation Loss: 3.1065, Validation Accuracy: 38.73%
[Epoch 16, Batch     2] loss: 0.003
Epoch 16/20:
Train Loss: 0.2243, Train Accuracy: 91.67%
Validation Loss: 2.6222, Validation Accuracy: 42.59%
[Epoch 17, Batch     2] loss: 0.003
Epoch 17/20:
Train Loss: 0.1505, Train Accuracy: 94.59%
Validation Loss: 2.6000, Validation Accuracy: 43.23%
[Epoch 18, Batch     2] loss: 0.002
Epoch 18/20:
Train Loss: 0.1197, Train Accuracy: 95.39%
Validation Loss: 2.8374, Validation Accuracy: 42.69%
[Epoch 19, Batch     2] loss: 0.001
Epoch 19/20:
Train Loss: 0.1111, Train Accuracy: 95.63%
Validation Loss: 3.0511, Validation Accuracy: 39.21%
[Epoch 20, Batch     2] loss: 0.001
Epoch 20/20:
Train Loss: 0.0947, Train Accuracy: 96.35%
Validation Loss: 2.9888, Validation Accuracy: 43.10%
Model saved to models/resnet18-CIFAR10-EVIDENCE-balanced_by_score-0.95-2
Modified fc layer: updated out_features to 10.
Loaded weights from file: models/resnet18_CIFAR10_E1_2
Files already downloaded and verified
Files already downloaded and verified
Modified fc layer: updated out_features to 10.
Initialized untrained model.
resnet18-CIFAR10-EVIDENCE-median-0.3-2
[Epoch 1, Batch     2] loss: 0.048
[Epoch 1, Batch   102] loss: 1.736
[Epoch 1, Batch   202] loss: 1.512
[Epoch 1, Batch   302] loss: 1.389
[Epoch 1, Batch   402] loss: 1.298
[Epoch 1, Batch   502] loss: 1.246
Epoch 1/20:
Train Loss: 0.0965, Train Accuracy: 49.17%
Validation Loss: 1.6235, Validation Accuracy: 42.13%
[Epoch 2, Batch     2] loss: 0.025
[Epoch 2, Batch   102] loss: 1.090
[Epoch 2, Batch   202] loss: 1.081
[Epoch 2, Batch   302] loss: 1.035
[Epoch 2, Batch   402] loss: 1.018
[Epoch 2, Batch   502] loss: 1.006
Epoch 2/20:
Train Loss: 0.0804, Train Accuracy: 63.54%
Validation Loss: 1.6728, Validation Accuracy: 46.13%
[Epoch 3, Batch     2] loss: 0.016
[Epoch 3, Batch   102] loss: 0.879
[Epoch 3, Batch   202] loss: 0.895
[Epoch 3, Batch   302] loss: 0.889
[Epoch 3, Batch   402] loss: 0.839
[Epoch 3, Batch   502] loss: 0.848
Epoch 3/20:
Train Loss: 0.0675, Train Accuracy: 69.65%
Validation Loss: 1.0789, Validation Accuracy: 61.99%
[Epoch 4, Batch     2] loss: 0.014
[Epoch 4, Batch   102] loss: 0.732
[Epoch 4, Batch   202] loss: 0.742
[Epoch 4, Batch   302] loss: 0.763
[Epoch 4, Batch   402] loss: 0.754
[Epoch 4, Batch   502] loss: 0.762
Epoch 4/20:
Train Loss: 0.0595, Train Accuracy: 74.02%
Validation Loss: 1.1759, Validation Accuracy: 61.80%
[Epoch 5, Batch     2] loss: 0.014
[Epoch 5, Batch   102] loss: 0.631
[Epoch 5, Batch   202] loss: 0.636
[Epoch 5, Batch   302] loss: 0.677
[Epoch 5, Batch   402] loss: 0.668
[Epoch 5, Batch   502] loss: 0.684
Epoch 5/20:
Train Loss: 0.0516, Train Accuracy: 77.08%
Validation Loss: 1.5027, Validation Accuracy: 56.08%
[Epoch 6, Batch     2] loss: 0.011
[Epoch 6, Batch   102] loss: 0.517
[Epoch 6, Batch   202] loss: 0.570
[Epoch 6, Batch   302] loss: 0.588
[Epoch 6, Batch   402] loss: 0.570
[Epoch 6, Batch   502] loss: 0.583
Epoch 6/20:
Train Loss: 0.0460, Train Accuracy: 80.42%
Validation Loss: 0.9544, Validation Accuracy: 68.61%
[Epoch 7, Batch     2] loss: 0.010
[Epoch 7, Batch   102] loss: 0.463
[Epoch 7, Batch   202] loss: 0.512
[Epoch 7, Batch   302] loss: 0.496
[Epoch 7, Batch   402] loss: 0.520
[Epoch 7, Batch   502] loss: 0.495
Epoch 7/20:
Train Loss: 0.0410, Train Accuracy: 82.90%
Validation Loss: 0.9812, Validation Accuracy: 69.19%
[Epoch 8, Batch     2] loss: 0.005
[Epoch 8, Batch   102] loss: 0.370
[Epoch 8, Batch   202] loss: 0.413
[Epoch 8, Batch   302] loss: 0.422
[Epoch 8, Batch   402] loss: 0.445
[Epoch 8, Batch   502] loss: 0.458
Epoch 8/20:
Train Loss: 0.0370, Train Accuracy: 85.43%
Validation Loss: 1.0937, Validation Accuracy: 66.42%
[Epoch 9, Batch     2] loss: 0.005
[Epoch 9, Batch   102] loss: 0.311
[Epoch 9, Batch   202] loss: 0.338
[Epoch 9, Batch   302] loss: 0.375
[Epoch 9, Batch   402] loss: 0.363
[Epoch 9, Batch   502] loss: 0.388
Epoch 9/20:
Train Loss: 0.0333, Train Accuracy: 87.61%
Validation Loss: 0.9994, Validation Accuracy: 69.01%
[Epoch 10, Batch     2] loss: 0.005
[Epoch 10, Batch   102] loss: 0.257
[Epoch 10, Batch   202] loss: 0.284
[Epoch 10, Batch   302] loss: 0.322
[Epoch 10, Batch   402] loss: 0.326
[Epoch 10, Batch   502] loss: 0.331
Epoch 10/20:
Train Loss: 0.0290, Train Accuracy: 89.47%
Validation Loss: 1.0587, Validation Accuracy: 68.97%
[Epoch 11, Batch     2] loss: 0.003
[Epoch 11, Batch   102] loss: 0.213
[Epoch 11, Batch   202] loss: 0.229
[Epoch 11, Batch   302] loss: 0.276
[Epoch 11, Batch   402] loss: 0.269
[Epoch 11, Batch   502] loss: 0.284
Epoch 11/20:
Train Loss: 0.0235, Train Accuracy: 91.05%
Validation Loss: 1.0877, Validation Accuracy: 69.05%
[Epoch 12, Batch     2] loss: 0.005
[Epoch 12, Batch   102] loss: 0.168
[Epoch 12, Batch   202] loss: 0.185
[Epoch 12, Batch   302] loss: 0.252
[Epoch 12, Batch   402] loss: 0.234
[Epoch 12, Batch   502] loss: 0.257
Epoch 12/20:
Train Loss: 0.0201, Train Accuracy: 92.44%
Validation Loss: 1.1216, Validation Accuracy: 70.78%
[Epoch 13, Batch     2] loss: 0.005
[Epoch 13, Batch   102] loss: 0.145
[Epoch 13, Batch   202] loss: 0.169
[Epoch 13, Batch   302] loss: 0.209
[Epoch 13, Batch   402] loss: 0.208
[Epoch 13, Batch   502] loss: 0.229
Epoch 13/20:
Train Loss: 0.0169, Train Accuracy: 93.44%
Validation Loss: 1.3097, Validation Accuracy: 67.17%
[Epoch 14, Batch     2] loss: 0.005
[Epoch 14, Batch   102] loss: 0.146
[Epoch 14, Batch   202] loss: 0.149
[Epoch 14, Batch   302] loss: 0.165
[Epoch 14, Batch   402] loss: 0.208
[Epoch 14, Batch   502] loss: 0.193
Epoch 14/20:
Train Loss: 0.0167, Train Accuracy: 93.90%
Validation Loss: 1.1451, Validation Accuracy: 70.93%
[Epoch 15, Batch     2] loss: 0.004
[Epoch 15, Batch   102] loss: 0.117
[Epoch 15, Batch   202] loss: 0.128
[Epoch 15, Batch   302] loss: 0.167
[Epoch 15, Batch   402] loss: 0.184
[Epoch 15, Batch   502] loss: 0.194
Epoch 15/20:
Train Loss: 0.0138, Train Accuracy: 94.49%
Validation Loss: 1.0452, Validation Accuracy: 74.17%
[Epoch 16, Batch     2] loss: 0.001
[Epoch 16, Batch   102] loss: 0.107
[Epoch 16, Batch   202] loss: 0.132
[Epoch 16, Batch   302] loss: 0.136
[Epoch 16, Batch   402] loss: 0.151
[Epoch 16, Batch   502] loss: 0.177
Epoch 16/20:
Train Loss: 0.0138, Train Accuracy: 94.95%
Validation Loss: 1.1626, Validation Accuracy: 71.19%
[Epoch 17, Batch     2] loss: 0.002
[Epoch 17, Batch   102] loss: 0.099
[Epoch 17, Batch   202] loss: 0.141
[Epoch 17, Batch   302] loss: 0.133
[Epoch 17, Batch   402] loss: 0.143
[Epoch 17, Batch   502] loss: 0.144
Epoch 17/20:
Train Loss: 0.0123, Train Accuracy: 95.35%
Validation Loss: 1.3429, Validation Accuracy: 69.37%
[Epoch 18, Batch     2] loss: 0.003
[Epoch 18, Batch   102] loss: 0.098
[Epoch 18, Batch   202] loss: 0.102
[Epoch 18, Batch   302] loss: 0.140
[Epoch 18, Batch   402] loss: 0.137
[Epoch 18, Batch   502] loss: 0.142
Epoch 18/20:
Train Loss: 0.0143, Train Accuracy: 95.52%
Validation Loss: 1.4954, Validation Accuracy: 66.73%
[Epoch 19, Batch     2] loss: 0.002
[Epoch 19, Batch   102] loss: 0.095
[Epoch 19, Batch   202] loss: 0.098
[Epoch 19, Batch   302] loss: 0.118
[Epoch 19, Batch   402] loss: 0.115
[Epoch 19, Batch   502] loss: 0.134
Epoch 19/20:
Train Loss: 0.0121, Train Accuracy: 96.00%
Validation Loss: 1.2153, Validation Accuracy: 71.08%
[Epoch 20, Batch     2] loss: 0.002
[Epoch 20, Batch   102] loss: 0.092
[Epoch 20, Batch   202] loss: 0.082
[Epoch 20, Batch   302] loss: 0.123
[Epoch 20, Batch   402] loss: 0.125
[Epoch 20, Batch   502] loss: 0.149
Epoch 20/20:
Train Loss: 0.0101, Train Accuracy: 96.04%
Validation Loss: 1.2076, Validation Accuracy: 72.00%
Model saved to models/resnet18-CIFAR10-EVIDENCE-median-0.3-2
Modified fc layer: updated out_features to 10.
Initialized untrained model.
resnet18-CIFAR10-EVIDENCE-median-0.5-2
[Epoch 1, Batch     2] loss: 0.047
[Epoch 1, Batch   102] loss: 1.667
[Epoch 1, Batch   202] loss: 1.420
[Epoch 1, Batch   302] loss: 1.314
Epoch 1/20:
Train Loss: 0.2805, Train Accuracy: 49.43%
Validation Loss: 1.6341, Validation Accuracy: 41.46%
[Epoch 2, Batch     2] loss: 0.024
[Epoch 2, Batch   102] loss: 1.116
[Epoch 2, Batch   202] loss: 1.085
[Epoch 2, Batch   302] loss: 1.062
Epoch 2/20:
Train Loss: 0.2363, Train Accuracy: 61.88%
Validation Loss: 1.1728, Validation Accuracy: 58.19%
[Epoch 3, Batch     2] loss: 0.017
[Epoch 3, Batch   102] loss: 0.936
[Epoch 3, Batch   202] loss: 0.920
[Epoch 3, Batch   302] loss: 0.917
Epoch 3/20:
Train Loss: 0.2035, Train Accuracy: 68.14%
Validation Loss: 1.1403, Validation Accuracy: 59.93%
[Epoch 4, Batch     2] loss: 0.018
[Epoch 4, Batch   102] loss: 0.774
[Epoch 4, Batch   202] loss: 0.799
[Epoch 4, Batch   302] loss: 0.811
Epoch 4/20:
Train Loss: 0.1791, Train Accuracy: 72.38%
Validation Loss: 1.0780, Validation Accuracy: 62.25%
[Epoch 5, Batch     2] loss: 0.015
[Epoch 5, Batch   102] loss: 0.687
[Epoch 5, Batch   202] loss: 0.708
[Epoch 5, Batch   302] loss: 0.678
Epoch 5/20:
Train Loss: 0.1544, Train Accuracy: 75.98%
Validation Loss: 1.1655, Validation Accuracy: 61.58%
[Epoch 6, Batch     2] loss: 0.014
[Epoch 6, Batch   102] loss: 0.561
[Epoch 6, Batch   202] loss: 0.605
[Epoch 6, Batch   302] loss: 0.637
Epoch 6/20:
Train Loss: 0.1383, Train Accuracy: 79.03%
Validation Loss: 1.3663, Validation Accuracy: 58.42%
[Epoch 7, Batch     2] loss: 0.008
[Epoch 7, Batch   102] loss: 0.484
[Epoch 7, Batch   202] loss: 0.523
[Epoch 7, Batch   302] loss: 0.533
Epoch 7/20:
Train Loss: 0.1206, Train Accuracy: 81.99%
Validation Loss: 1.0511, Validation Accuracy: 65.08%
[Epoch 8, Batch     2] loss: 0.008
[Epoch 8, Batch   102] loss: 0.389
[Epoch 8, Batch   202] loss: 0.442
[Epoch 8, Batch   302] loss: 0.453
Epoch 8/20:
Train Loss: 0.1096, Train Accuracy: 85.00%
Validation Loss: 1.1266, Validation Accuracy: 66.29%
[Epoch 9, Batch     2] loss: 0.008
[Epoch 9, Batch   102] loss: 0.333
[Epoch 9, Batch   202] loss: 0.389
[Epoch 9, Batch   302] loss: 0.406
Epoch 9/20:
Train Loss: 0.0931, Train Accuracy: 86.85%
Validation Loss: 1.0432, Validation Accuracy: 68.29%
[Epoch 10, Batch     2] loss: 0.007
[Epoch 10, Batch   102] loss: 0.263
[Epoch 10, Batch   202] loss: 0.332
[Epoch 10, Batch   302] loss: 0.339
Epoch 10/20:
Train Loss: 0.0789, Train Accuracy: 88.96%
Validation Loss: 1.0984, Validation Accuracy: 68.59%
[Epoch 11, Batch     2] loss: 0.005
[Epoch 11, Batch   102] loss: 0.236
[Epoch 11, Batch   202] loss: 0.257
[Epoch 11, Batch   302] loss: 0.276
Epoch 11/20:
Train Loss: 0.0686, Train Accuracy: 90.74%
Validation Loss: 1.2952, Validation Accuracy: 66.43%
[Epoch 12, Batch     2] loss: 0.004
[Epoch 12, Batch   102] loss: 0.185
[Epoch 12, Batch   202] loss: 0.219
[Epoch 12, Batch   302] loss: 0.289
Epoch 12/20:
Train Loss: 0.0594, Train Accuracy: 91.88%
Validation Loss: 1.2302, Validation Accuracy: 67.80%
[Epoch 13, Batch     2] loss: 0.003
[Epoch 13, Batch   102] loss: 0.144
[Epoch 13, Batch   202] loss: 0.197
[Epoch 13, Batch   302] loss: 0.200
Epoch 13/20:
Train Loss: 0.0567, Train Accuracy: 93.05%
Validation Loss: 1.2575, Validation Accuracy: 67.43%
[Epoch 14, Batch     2] loss: 0.004
[Epoch 14, Batch   102] loss: 0.138
[Epoch 14, Batch   202] loss: 0.166
[Epoch 14, Batch   302] loss: 0.184
Epoch 14/20:
Train Loss: 0.0485, Train Accuracy: 94.13%
Validation Loss: 1.1909, Validation Accuracy: 68.89%
[Epoch 15, Batch     2] loss: 0.002
[Epoch 15, Batch   102] loss: 0.112
[Epoch 15, Batch   202] loss: 0.143
[Epoch 15, Batch   302] loss: 0.181
Epoch 15/20:
Train Loss: 0.0394, Train Accuracy: 94.70%
Validation Loss: 1.3143, Validation Accuracy: 68.41%
[Epoch 16, Batch     2] loss: 0.004
[Epoch 16, Batch   102] loss: 0.116
[Epoch 16, Batch   202] loss: 0.145
[Epoch 16, Batch   302] loss: 0.172
Epoch 16/20:
Train Loss: 0.0431, Train Accuracy: 94.67%
Validation Loss: 1.3038, Validation Accuracy: 68.27%
[Epoch 17, Batch     2] loss: 0.002
[Epoch 17, Batch   102] loss: 0.108
[Epoch 17, Batch   202] loss: 0.127
[Epoch 17, Batch   302] loss: 0.143
Epoch 17/20:
Train Loss: 0.0363, Train Accuracy: 95.44%
Validation Loss: 1.2592, Validation Accuracy: 69.49%
[Epoch 18, Batch     2] loss: 0.001
[Epoch 18, Batch   102] loss: 0.085
[Epoch 18, Batch   202] loss: 0.116
[Epoch 18, Batch   302] loss: 0.148
Epoch 18/20:
Train Loss: 0.0364, Train Accuracy: 95.55%
Validation Loss: 1.3348, Validation Accuracy: 68.08%
[Epoch 19, Batch     2] loss: 0.001
[Epoch 19, Batch   102] loss: 0.091
[Epoch 19, Batch   202] loss: 0.123
[Epoch 19, Batch   302] loss: 0.129
Epoch 19/20:
Train Loss: 0.0274, Train Accuracy: 95.99%
Validation Loss: 1.3605, Validation Accuracy: 68.85%
[Epoch 20, Batch     2] loss: 0.002
[Epoch 20, Batch   102] loss: 0.085
[Epoch 20, Batch   202] loss: 0.095
[Epoch 20, Batch   302] loss: 0.126
Epoch 20/20:
Train Loss: 0.0349, Train Accuracy: 96.04%
Validation Loss: 1.4080, Validation Accuracy: 67.82%
Model saved to models/resnet18-CIFAR10-EVIDENCE-median-0.5-2
Modified fc layer: updated out_features to 10.
Initialized untrained model.
resnet18-CIFAR10-EVIDENCE-median-0.7-2
[Epoch 1, Batch     2] loss: 0.044
[Epoch 1, Batch   102] loss: 1.650
[Epoch 1, Batch   202] loss: 1.325
Epoch 1/20:
Train Loss: 0.1688, Train Accuracy: 48.55%
Validation Loss: 2.0470, Validation Accuracy: 34.47%
[Epoch 2, Batch     2] loss: 0.024
[Epoch 2, Batch   102] loss: 1.149
[Epoch 2, Batch   202] loss: 1.093
Epoch 2/20:
Train Loss: 0.1461, Train Accuracy: 60.92%
Validation Loss: 1.4086, Validation Accuracy: 49.98%
[Epoch 3, Batch     2] loss: 0.020
[Epoch 3, Batch   102] loss: 0.960
[Epoch 3, Batch   202] loss: 0.950
Epoch 3/20:
Train Loss: 0.1248, Train Accuracy: 67.32%
Validation Loss: 1.3771, Validation Accuracy: 51.53%
[Epoch 4, Batch     2] loss: 0.016
[Epoch 4, Batch   102] loss: 0.803
[Epoch 4, Batch   202] loss: 0.845
Epoch 4/20:
Train Loss: 0.1181, Train Accuracy: 71.27%
Validation Loss: 1.3046, Validation Accuracy: 54.25%
[Epoch 5, Batch     2] loss: 0.017
[Epoch 5, Batch   102] loss: 0.727
[Epoch 5, Batch   202] loss: 0.744
Epoch 5/20:
Train Loss: 0.0990, Train Accuracy: 74.83%
Validation Loss: 1.4046, Validation Accuracy: 51.98%
[Epoch 6, Batch     2] loss: 0.013
[Epoch 6, Batch   102] loss: 0.600
[Epoch 6, Batch   202] loss: 0.643
Epoch 6/20:
Train Loss: 0.0927, Train Accuracy: 78.23%
Validation Loss: 1.2807, Validation Accuracy: 58.30%
[Epoch 7, Batch     2] loss: 0.011
[Epoch 7, Batch   102] loss: 0.502
[Epoch 7, Batch   202] loss: 0.577
Epoch 7/20:
Train Loss: 0.0781, Train Accuracy: 81.16%
Validation Loss: 1.3061, Validation Accuracy: 58.42%
[Epoch 8, Batch     2] loss: 0.010
[Epoch 8, Batch   102] loss: 0.405
[Epoch 8, Batch   202] loss: 0.523
Epoch 8/20:
Train Loss: 0.0666, Train Accuracy: 84.09%
Validation Loss: 1.2994, Validation Accuracy: 58.94%
[Epoch 9, Batch     2] loss: 0.006
[Epoch 9, Batch   102] loss: 0.364
[Epoch 9, Batch   202] loss: 0.396
Epoch 9/20:
Train Loss: 0.0608, Train Accuracy: 86.48%
Validation Loss: 1.9297, Validation Accuracy: 50.69%
[Epoch 10, Batch     2] loss: 0.006
[Epoch 10, Batch   102] loss: 0.290
[Epoch 10, Batch   202] loss: 0.356
Epoch 10/20:
Train Loss: 0.0512, Train Accuracy: 88.58%
Validation Loss: 1.3382, Validation Accuracy: 61.43%
[Epoch 11, Batch     2] loss: 0.005
[Epoch 11, Batch   102] loss: 0.231
[Epoch 11, Batch   202] loss: 0.322
Epoch 11/20:
Train Loss: 0.0516, Train Accuracy: 90.04%
Validation Loss: 1.3937, Validation Accuracy: 60.47%
[Epoch 12, Batch     2] loss: 0.004
[Epoch 12, Batch   102] loss: 0.194
[Epoch 12, Batch   202] loss: 0.272
Epoch 12/20:
Train Loss: 0.0365, Train Accuracy: 91.91%
Validation Loss: 1.4612, Validation Accuracy: 61.93%
[Epoch 13, Batch     2] loss: 0.003
[Epoch 13, Batch   102] loss: 0.177
[Epoch 13, Batch   202] loss: 0.227
Epoch 13/20:
Train Loss: 0.0346, Train Accuracy: 92.69%
Validation Loss: 1.4919, Validation Accuracy: 60.96%
[Epoch 14, Batch     2] loss: 0.004
[Epoch 14, Batch   102] loss: 0.142
[Epoch 14, Batch   202] loss: 0.194
Epoch 14/20:
Train Loss: 0.0259, Train Accuracy: 94.23%
Validation Loss: 1.6707, Validation Accuracy: 60.07%
[Epoch 15, Batch     2] loss: 0.003
[Epoch 15, Batch   102] loss: 0.128
[Epoch 15, Batch   202] loss: 0.175
Epoch 15/20:
Train Loss: 0.0233, Train Accuracy: 94.96%
Validation Loss: 1.4690, Validation Accuracy: 63.22%
[Epoch 16, Batch     2] loss: 0.001
[Epoch 16, Batch   102] loss: 0.129
[Epoch 16, Batch   202] loss: 0.130
Epoch 16/20:
Train Loss: 0.0209, Train Accuracy: 95.61%
Validation Loss: 1.6386, Validation Accuracy: 62.06%
[Epoch 17, Batch     2] loss: 0.003
[Epoch 17, Batch   102] loss: 0.119
[Epoch 17, Batch   202] loss: 0.122
Epoch 17/20:
Train Loss: 0.0234, Train Accuracy: 95.65%
Validation Loss: 1.6880, Validation Accuracy: 61.14%
[Epoch 18, Batch     2] loss: 0.001
[Epoch 18, Batch   102] loss: 0.108
[Epoch 18, Batch   202] loss: 0.157
Epoch 18/20:
Train Loss: 0.0226, Train Accuracy: 95.32%
Validation Loss: 2.1185, Validation Accuracy: 55.96%
[Epoch 19, Batch     2] loss: 0.000
[Epoch 19, Batch   102] loss: 0.094
[Epoch 19, Batch   202] loss: 0.116
Epoch 19/20:
Train Loss: 0.0171, Train Accuracy: 96.36%
Validation Loss: 1.5506, Validation Accuracy: 64.42%
[Epoch 20, Batch     2] loss: 0.001
[Epoch 20, Batch   102] loss: 0.102
[Epoch 20, Batch   202] loss: 0.114
Epoch 20/20:
Train Loss: 0.0165, Train Accuracy: 96.15%
Validation Loss: 1.6874, Validation Accuracy: 62.38%
Model saved to models/resnet18-CIFAR10-EVIDENCE-median-0.7-2
Modified fc layer: updated out_features to 10.
Initialized untrained model.
resnet18-CIFAR10-EVIDENCE-median-0.8-2
[Epoch 1, Batch     2] loss: 0.048
[Epoch 1, Batch   102] loss: 1.569
Epoch 1/20:
Train Loss: 0.4695, Train Accuracy: 46.77%
Validation Loss: 1.7488, Validation Accuracy: 39.41%
[Epoch 2, Batch     2] loss: 0.028
[Epoch 2, Batch   102] loss: 1.194
Epoch 2/20:
Train Loss: 0.3933, Train Accuracy: 58.20%
Validation Loss: 1.6784, Validation Accuracy: 40.85%
[Epoch 3, Batch     2] loss: 0.018
[Epoch 3, Batch   102] loss: 1.029
Epoch 3/20:
Train Loss: 0.3576, Train Accuracy: 64.30%
Validation Loss: 1.8998, Validation Accuracy: 43.25%
[Epoch 4, Batch     2] loss: 0.018
[Epoch 4, Batch   102] loss: 0.881
Epoch 4/20:
Train Loss: 0.3098, Train Accuracy: 69.69%
Validation Loss: 2.1766, Validation Accuracy: 37.66%
[Epoch 5, Batch     2] loss: 0.017
[Epoch 5, Batch   102] loss: 0.758
Epoch 5/20:
Train Loss: 0.2705, Train Accuracy: 73.78%
Validation Loss: 1.5759, Validation Accuracy: 49.37%
[Epoch 6, Batch     2] loss: 0.011
[Epoch 6, Batch   102] loss: 0.639
Epoch 6/20:
Train Loss: 0.2427, Train Accuracy: 77.20%
Validation Loss: 1.2618, Validation Accuracy: 57.77%
[Epoch 7, Batch     2] loss: 0.008
[Epoch 7, Batch   102] loss: 0.541
Epoch 7/20:
Train Loss: 0.2057, Train Accuracy: 81.19%
Validation Loss: 1.4680, Validation Accuracy: 54.10%
[Epoch 8, Batch     2] loss: 0.006
[Epoch 8, Batch   102] loss: 0.455
Epoch 8/20:
Train Loss: 0.1800, Train Accuracy: 83.51%
Validation Loss: 1.7760, Validation Accuracy: 48.89%
[Epoch 9, Batch     2] loss: 0.009
[Epoch 9, Batch   102] loss: 0.418
Epoch 9/20:
Train Loss: 0.1426, Train Accuracy: 85.52%
Validation Loss: 1.6414, Validation Accuracy: 53.47%
[Epoch 10, Batch     2] loss: 0.006
[Epoch 10, Batch   102] loss: 0.289
Epoch 10/20:
Train Loss: 0.1288, Train Accuracy: 88.92%
Validation Loss: 1.7255, Validation Accuracy: 52.45%
[Epoch 11, Batch     2] loss: 0.004
[Epoch 11, Batch   102] loss: 0.240
Epoch 11/20:
Train Loss: 0.1078, Train Accuracy: 90.91%
Validation Loss: 1.7428, Validation Accuracy: 55.50%
[Epoch 12, Batch     2] loss: 0.005
[Epoch 12, Batch   102] loss: 0.210
Epoch 12/20:
Train Loss: 0.0924, Train Accuracy: 92.39%
Validation Loss: 2.1076, Validation Accuracy: 53.19%
[Epoch 13, Batch     2] loss: 0.005
[Epoch 13, Batch   102] loss: 0.188
Epoch 13/20:
Train Loss: 0.0830, Train Accuracy: 92.81%
Validation Loss: 1.7693, Validation Accuracy: 55.99%
[Epoch 14, Batch     2] loss: 0.003
[Epoch 14, Batch   102] loss: 0.168
Epoch 14/20:
Train Loss: 0.0653, Train Accuracy: 93.79%
Validation Loss: 2.2358, Validation Accuracy: 52.38%
[Epoch 15, Batch     2] loss: 0.006
[Epoch 15, Batch   102] loss: 0.146
Epoch 15/20:
Train Loss: 0.0701, Train Accuracy: 94.36%
Validation Loss: 2.1229, Validation Accuracy: 52.89%
[Epoch 16, Batch     2] loss: 0.003
[Epoch 16, Batch   102] loss: 0.117
Epoch 16/20:
Train Loss: 0.0478, Train Accuracy: 95.51%
Validation Loss: 2.0024, Validation Accuracy: 55.05%
[Epoch 17, Batch     2] loss: 0.002
[Epoch 17, Batch   102] loss: 0.110
Epoch 17/20:
Train Loss: 0.0664, Train Accuracy: 94.99%
Validation Loss: 2.5232, Validation Accuracy: 50.77%
[Epoch 18, Batch     2] loss: 0.002
[Epoch 18, Batch   102] loss: 0.117
Epoch 18/20:
Train Loss: 0.0513, Train Accuracy: 95.45%
Validation Loss: 1.9975, Validation Accuracy: 55.95%
[Epoch 19, Batch     2] loss: 0.002
[Epoch 19, Batch   102] loss: 0.110
Epoch 19/20:
Train Loss: 0.0375, Train Accuracy: 96.43%
Validation Loss: 2.1966, Validation Accuracy: 54.73%
[Epoch 20, Batch     2] loss: 0.002
[Epoch 20, Batch   102] loss: 0.085
Epoch 20/20:
Train Loss: 0.0489, Train Accuracy: 96.45%
Validation Loss: 2.0801, Validation Accuracy: 56.52%
Model saved to models/resnet18-CIFAR10-EVIDENCE-median-0.8-2
Modified fc layer: updated out_features to 10.
Initialized untrained model.
resnet18-CIFAR10-EVIDENCE-median-0.9-2
[Epoch 1, Batch     2] loss: 0.047
Epoch 1/20:
Train Loss: 1.5801, Train Accuracy: 44.33%
Validation Loss: 1.7392, Validation Accuracy: 37.66%
[Epoch 2, Batch     2] loss: 0.022
Epoch 2/20:
Train Loss: 1.2180, Train Accuracy: 56.19%
Validation Loss: 1.8927, Validation Accuracy: 32.60%
[Epoch 3, Batch     2] loss: 0.021
Epoch 3/20:
Train Loss: 1.0616, Train Accuracy: 61.90%
Validation Loss: 1.7126, Validation Accuracy: 40.18%
[Epoch 4, Batch     2] loss: 0.017
Epoch 4/20:
Train Loss: 0.9267, Train Accuracy: 67.49%
Validation Loss: 1.9817, Validation Accuracy: 39.25%
[Epoch 5, Batch     2] loss: 0.014
Epoch 5/20:
Train Loss: 0.8179, Train Accuracy: 70.65%
Validation Loss: 2.1074, Validation Accuracy: 38.32%
[Epoch 6, Batch     2] loss: 0.015
Epoch 6/20:
Train Loss: 0.6769, Train Accuracy: 75.38%
Validation Loss: 1.8110, Validation Accuracy: 42.03%
[Epoch 7, Batch     2] loss: 0.012
Epoch 7/20:
Train Loss: 0.5735, Train Accuracy: 79.87%
Validation Loss: 1.9211, Validation Accuracy: 45.68%
[Epoch 8, Batch     2] loss: 0.010
Epoch 8/20:
Train Loss: 0.4531, Train Accuracy: 84.01%
Validation Loss: 2.3651, Validation Accuracy: 42.74%
[Epoch 9, Batch     2] loss: 0.009
Epoch 9/20:
Train Loss: 0.3913, Train Accuracy: 86.50%
Validation Loss: 2.0746, Validation Accuracy: 47.57%
[Epoch 10, Batch     2] loss: 0.007
Epoch 10/20:
Train Loss: 0.2704, Train Accuracy: 90.00%
Validation Loss: 2.2297, Validation Accuracy: 45.82%
[Epoch 11, Batch     2] loss: 0.005
Epoch 11/20:
Train Loss: 0.3072, Train Accuracy: 89.00%
Validation Loss: 2.5976, Validation Accuracy: 44.49%
[Epoch 12, Batch     2] loss: 0.004
Epoch 12/20:
Train Loss: 0.2195, Train Accuracy: 92.21%
Validation Loss: 2.0573, Validation Accuracy: 49.61%
[Epoch 13, Batch     2] loss: 0.002
Epoch 13/20:
Train Loss: 0.1720, Train Accuracy: 94.03%
Validation Loss: 2.3036, Validation Accuracy: 49.47%
[Epoch 14, Batch     2] loss: 0.002
Epoch 14/20:
Train Loss: 0.1602, Train Accuracy: 94.35%
Validation Loss: 2.3686, Validation Accuracy: 48.11%
[Epoch 15, Batch     2] loss: 0.002
Epoch 15/20:
Train Loss: 0.1520, Train Accuracy: 94.23%
Validation Loss: 2.6355, Validation Accuracy: 45.16%
[Epoch 16, Batch     2] loss: 0.002
Epoch 16/20:
Train Loss: 0.1527, Train Accuracy: 94.51%
Validation Loss: 2.5983, Validation Accuracy: 45.91%
[Epoch 17, Batch     2] loss: 0.005
Epoch 17/20:
Train Loss: 0.1254, Train Accuracy: 95.41%
Validation Loss: 3.8346, Validation Accuracy: 35.20%
[Epoch 18, Batch     2] loss: 0.003
Epoch 18/20:
Train Loss: 0.1353, Train Accuracy: 95.43%
Validation Loss: 2.6178, Validation Accuracy: 47.05%
[Epoch 19, Batch     2] loss: 0.001
Epoch 19/20:
Train Loss: 0.0619, Train Accuracy: 97.90%
Validation Loss: 2.8786, Validation Accuracy: 46.68%
[Epoch 20, Batch     2] loss: 0.000
Epoch 20/20:
Train Loss: 0.0597, Train Accuracy: 98.06%
Validation Loss: 2.9828, Validation Accuracy: 46.38%
Model saved to models/resnet18-CIFAR10-EVIDENCE-median-0.9-2
Modified fc layer: updated out_features to 10.
Initialized untrained model.
resnet18-CIFAR10-EVIDENCE-median-0.95-2
[Epoch 1, Batch     2] loss: 0.045
Epoch 1/20:
Train Loss: 1.6770, Train Accuracy: 38.50%
Validation Loss: 2.2153, Validation Accuracy: 24.44%
[Epoch 2, Batch     2] loss: 0.026
Epoch 2/20:
Train Loss: 1.2332, Train Accuracy: 53.33%
Validation Loss: 2.4660, Validation Accuracy: 30.92%
[Epoch 3, Batch     2] loss: 0.021
Epoch 3/20:
Train Loss: 1.0406, Train Accuracy: 60.30%
Validation Loss: 1.8540, Validation Accuracy: 38.44%
[Epoch 4, Batch     2] loss: 0.016
Epoch 4/20:
Train Loss: 0.8728, Train Accuracy: 68.87%
Validation Loss: 2.3853, Validation Accuracy: 31.81%
[Epoch 5, Batch     2] loss: 0.017
Epoch 5/20:
Train Loss: 0.7475, Train Accuracy: 72.40%
Validation Loss: 2.4976, Validation Accuracy: 32.00%
[Epoch 6, Batch     2] loss: 0.013
Epoch 6/20:
Train Loss: 0.5822, Train Accuracy: 79.49%
Validation Loss: 2.3817, Validation Accuracy: 35.04%
[Epoch 7, Batch     2] loss: 0.007
Epoch 7/20:
Train Loss: 0.4948, Train Accuracy: 82.61%
Validation Loss: 2.3685, Validation Accuracy: 37.83%
[Epoch 8, Batch     2] loss: 0.008
Epoch 8/20:
Train Loss: 0.4198, Train Accuracy: 85.26%
Validation Loss: 2.5246, Validation Accuracy: 36.39%
[Epoch 9, Batch     2] loss: 0.005
Epoch 9/20:
Train Loss: 0.2966, Train Accuracy: 89.78%
Validation Loss: 3.1525, Validation Accuracy: 36.04%
[Epoch 10, Batch     2] loss: 0.004
Epoch 10/20:
Train Loss: 0.2612, Train Accuracy: 91.23%
Validation Loss: 2.5309, Validation Accuracy: 40.34%
[Epoch 11, Batch     2] loss: 0.001
Epoch 11/20:
Train Loss: 0.1935, Train Accuracy: 92.99%
Validation Loss: 3.7006, Validation Accuracy: 35.46%
[Epoch 12, Batch     2] loss: 0.004
Epoch 12/20:
Train Loss: 0.2037, Train Accuracy: 92.47%
Validation Loss: 3.2417, Validation Accuracy: 40.38%
[Epoch 13, Batch     2] loss: 0.004
Epoch 13/20:
Train Loss: 0.1864, Train Accuracy: 93.47%
Validation Loss: 2.8670, Validation Accuracy: 40.57%
[Epoch 14, Batch     2] loss: 0.003
Epoch 14/20:
Train Loss: 0.1700, Train Accuracy: 94.47%
Validation Loss: 3.0908, Validation Accuracy: 40.82%
[Epoch 15, Batch     2] loss: 0.001
Epoch 15/20:
Train Loss: 0.1235, Train Accuracy: 95.71%
Validation Loss: 2.8859, Validation Accuracy: 40.10%
[Epoch 16, Batch     2] loss: 0.001
Epoch 16/20:
Train Loss: 0.1213, Train Accuracy: 95.91%
Validation Loss: 3.1096, Validation Accuracy: 39.08%
[Epoch 17, Batch     2] loss: 0.001
Epoch 17/20:
Train Loss: 0.1663, Train Accuracy: 94.79%
Validation Loss: 2.8172, Validation Accuracy: 41.20%
[Epoch 18, Batch     2] loss: 0.003
Epoch 18/20:
Train Loss: 0.1409, Train Accuracy: 94.79%
Validation Loss: 2.8891, Validation Accuracy: 40.52%
[Epoch 19, Batch     2] loss: 0.001
Epoch 19/20:
Train Loss: 0.1066, Train Accuracy: 96.07%
Validation Loss: 3.3497, Validation Accuracy: 40.35%
[Epoch 20, Batch     2] loss: 0.004
Epoch 20/20:
Train Loss: 0.0884, Train Accuracy: 96.67%
Validation Loss: 3.4641, Validation Accuracy: 38.24%
Model saved to models/resnet18-CIFAR10-EVIDENCE-median-0.95-2
Modified fc layer: updated out_features to 10.
Loaded weights from file: models/resnet18_CIFAR10_E1_2
Files already downloaded and verified
Files already downloaded and verified
Modified fc layer: updated out_features to 10.
Initialized untrained model.
resnet18-CIFAR10-EVIDENCE-balanced_by_score1-0.3-2
[Epoch 1, Batch     2] loss: 0.049
[Epoch 1, Batch   102] loss: 1.837
[Epoch 1, Batch   202] loss: 1.586
[Epoch 1, Batch   302] loss: 1.440
[Epoch 1, Batch   402] loss: 1.360
[Epoch 1, Batch   502] loss: 1.289
Epoch 1/20:
Train Loss: 0.1005, Train Accuracy: 46.65%
Validation Loss: 1.2233, Validation Accuracy: 55.68%
[Epoch 2, Batch     2] loss: 0.025
[Epoch 2, Batch   102] loss: 1.173
[Epoch 2, Batch   202] loss: 1.168
[Epoch 2, Batch   302] loss: 1.074
[Epoch 2, Batch   402] loss: 1.055
[Epoch 2, Batch   502] loss: 1.071
Epoch 2/20:
Train Loss: 0.0791, Train Accuracy: 61.35%
Validation Loss: 1.3047, Validation Accuracy: 53.96%
[Epoch 3, Batch     2] loss: 0.020
[Epoch 3, Batch   102] loss: 0.925
[Epoch 3, Batch   202] loss: 0.936
[Epoch 3, Batch   302] loss: 0.935
[Epoch 3, Batch   402] loss: 0.911
[Epoch 3, Batch   502] loss: 0.905
Epoch 3/20:
Train Loss: 0.0694, Train Accuracy: 67.85%
Validation Loss: 1.1600, Validation Accuracy: 60.80%
[Epoch 4, Batch     2] loss: 0.018
[Epoch 4, Batch   102] loss: 0.766
[Epoch 4, Batch   202] loss: 0.782
[Epoch 4, Batch   302] loss: 0.825
[Epoch 4, Batch   402] loss: 0.822
[Epoch 4, Batch   502] loss: 0.803
Epoch 4/20:
Train Loss: 0.0633, Train Accuracy: 71.99%
Validation Loss: 1.0159, Validation Accuracy: 64.94%
[Epoch 5, Batch     2] loss: 0.013
[Epoch 5, Batch   102] loss: 0.653
[Epoch 5, Batch   202] loss: 0.689
[Epoch 5, Batch   302] loss: 0.715
[Epoch 5, Batch   402] loss: 0.727
[Epoch 5, Batch   502] loss: 0.697
Epoch 5/20:
Train Loss: 0.0554, Train Accuracy: 76.13%
Validation Loss: 1.0856, Validation Accuracy: 64.18%
[Epoch 6, Batch     2] loss: 0.012
[Epoch 6, Batch   102] loss: 0.570
[Epoch 6, Batch   202] loss: 0.607
[Epoch 6, Batch   302] loss: 0.605
[Epoch 6, Batch   402] loss: 0.623
[Epoch 6, Batch   502] loss: 0.633
Epoch 6/20:
Train Loss: 0.0494, Train Accuracy: 78.72%
Validation Loss: 1.0055, Validation Accuracy: 68.50%
[Epoch 7, Batch     2] loss: 0.014
[Epoch 7, Batch   102] loss: 0.475
[Epoch 7, Batch   202] loss: 0.522
[Epoch 7, Batch   302] loss: 0.539
[Epoch 7, Batch   402] loss: 0.544
[Epoch 7, Batch   502] loss: 0.550
Epoch 7/20:
Train Loss: 0.0443, Train Accuracy: 81.56%
Validation Loss: 0.8967, Validation Accuracy: 70.02%
[Epoch 8, Batch     2] loss: 0.010
[Epoch 8, Batch   102] loss: 0.394
[Epoch 8, Batch   202] loss: 0.421
[Epoch 8, Batch   302] loss: 0.457
[Epoch 8, Batch   402] loss: 0.472
[Epoch 8, Batch   502] loss: 0.483
Epoch 8/20:
Train Loss: 0.0376, Train Accuracy: 84.32%
Validation Loss: 0.8572, Validation Accuracy: 72.51%
[Epoch 9, Batch     2] loss: 0.006
[Epoch 9, Batch   102] loss: 0.319
[Epoch 9, Batch   202] loss: 0.374
[Epoch 9, Batch   302] loss: 0.402
[Epoch 9, Batch   402] loss: 0.393
[Epoch 9, Batch   502] loss: 0.399
Epoch 9/20:
Train Loss: 0.0336, Train Accuracy: 86.78%
Validation Loss: 0.9778, Validation Accuracy: 70.63%
[Epoch 10, Batch     2] loss: 0.008
[Epoch 10, Batch   102] loss: 0.271
[Epoch 10, Batch   202] loss: 0.313
[Epoch 10, Batch   302] loss: 0.326
[Epoch 10, Batch   402] loss: 0.362
[Epoch 10, Batch   502] loss: 0.351
Epoch 10/20:
Train Loss: 0.0279, Train Accuracy: 88.63%
Validation Loss: 1.0506, Validation Accuracy: 69.48%
[Epoch 11, Batch     2] loss: 0.004
[Epoch 11, Batch   102] loss: 0.231
[Epoch 11, Batch   202] loss: 0.268
[Epoch 11, Batch   302] loss: 0.284
[Epoch 11, Batch   402] loss: 0.278
[Epoch 11, Batch   502] loss: 0.311
Epoch 11/20:
Train Loss: 0.0263, Train Accuracy: 90.36%
Validation Loss: 0.9141, Validation Accuracy: 72.84%
[Epoch 12, Batch     2] loss: 0.005
[Epoch 12, Batch   102] loss: 0.188
[Epoch 12, Batch   202] loss: 0.212
[Epoch 12, Batch   302] loss: 0.258
[Epoch 12, Batch   402] loss: 0.261
[Epoch 12, Batch   502] loss: 0.281
Epoch 12/20:
Train Loss: 0.0195, Train Accuracy: 91.69%
Validation Loss: 1.3148, Validation Accuracy: 66.02%
[Epoch 13, Batch     2] loss: 0.003
[Epoch 13, Batch   102] loss: 0.163
[Epoch 13, Batch   202] loss: 0.197
[Epoch 13, Batch   302] loss: 0.186
[Epoch 13, Batch   402] loss: 0.236
[Epoch 13, Batch   502] loss: 0.238
Epoch 13/20:
Train Loss: 0.0196, Train Accuracy: 92.76%
Validation Loss: 1.1323, Validation Accuracy: 71.16%
[Epoch 14, Batch     2] loss: 0.003
[Epoch 14, Batch   102] loss: 0.146
[Epoch 14, Batch   202] loss: 0.152
[Epoch 14, Batch   302] loss: 0.166
[Epoch 14, Batch   402] loss: 0.194
[Epoch 14, Batch   502] loss: 0.212
Epoch 14/20:
Train Loss: 0.0166, Train Accuracy: 93.90%
Validation Loss: 1.0288, Validation Accuracy: 73.07%
[Epoch 15, Batch     2] loss: 0.004
[Epoch 15, Batch   102] loss: 0.129
[Epoch 15, Batch   202] loss: 0.141
[Epoch 15, Batch   302] loss: 0.177
[Epoch 15, Batch   402] loss: 0.186
[Epoch 15, Batch   502] loss: 0.195
Epoch 15/20:
Train Loss: 0.0153, Train Accuracy: 94.21%
Validation Loss: 1.1067, Validation Accuracy: 72.41%
[Epoch 16, Batch     2] loss: 0.002
[Epoch 16, Batch   102] loss: 0.114
[Epoch 16, Batch   202] loss: 0.154
[Epoch 16, Batch   302] loss: 0.155
[Epoch 16, Batch   402] loss: 0.164
[Epoch 16, Batch   502] loss: 0.193
Epoch 16/20:
Train Loss: 0.0145, Train Accuracy: 94.64%
Validation Loss: 1.1148, Validation Accuracy: 71.55%
[Epoch 17, Batch     2] loss: 0.002
[Epoch 17, Batch   102] loss: 0.094
[Epoch 17, Batch   202] loss: 0.118
[Epoch 17, Batch   302] loss: 0.146
[Epoch 17, Batch   402] loss: 0.149
[Epoch 17, Batch   502] loss: 0.165
Epoch 17/20:
Train Loss: 0.0131, Train Accuracy: 95.26%
Validation Loss: 1.1676, Validation Accuracy: 71.88%
[Epoch 18, Batch     2] loss: 0.003
[Epoch 18, Batch   102] loss: 0.097
[Epoch 18, Batch   202] loss: 0.101
[Epoch 18, Batch   302] loss: 0.129
[Epoch 18, Batch   402] loss: 0.155
[Epoch 18, Batch   502] loss: 0.137
Epoch 18/20:
Train Loss: 0.0141, Train Accuracy: 95.63%
Validation Loss: 1.1698, Validation Accuracy: 71.65%
[Epoch 19, Batch     2] loss: 0.002
[Epoch 19, Batch   102] loss: 0.105
[Epoch 19, Batch   202] loss: 0.118
[Epoch 19, Batch   302] loss: 0.147
[Epoch 19, Batch   402] loss: 0.127
[Epoch 19, Batch   502] loss: 0.138
Epoch 19/20:
Train Loss: 0.0136, Train Accuracy: 95.46%
Validation Loss: 1.2097, Validation Accuracy: 71.73%
[Epoch 20, Batch     2] loss: 0.002
[Epoch 20, Batch   102] loss: 0.098
[Epoch 20, Batch   202] loss: 0.094
[Epoch 20, Batch   302] loss: 0.125
[Epoch 20, Batch   402] loss: 0.124
[Epoch 20, Batch   502] loss: 0.146
Epoch 20/20:
Train Loss: 0.0119, Train Accuracy: 95.78%
Validation Loss: 1.1834, Validation Accuracy: 71.17%
Model saved to models/resnet18-CIFAR10-EVIDENCE-balanced_by_score1-0.3-2
Modified fc layer: updated out_features to 10.
Initialized untrained model.
resnet18-CIFAR10-EVIDENCE-balanced_by_score1-0.5-2
[Epoch 1, Batch     2] loss: 0.052
[Epoch 1, Batch   102] loss: 1.801
[Epoch 1, Batch   202] loss: 1.535
[Epoch 1, Batch   302] loss: 1.455
Epoch 1/20:
Train Loss: 0.3112, Train Accuracy: 44.45%
Validation Loss: 1.3444, Validation Accuracy: 52.69%
[Epoch 2, Batch     2] loss: 0.023
[Epoch 2, Batch   102] loss: 1.235
[Epoch 2, Batch   202] loss: 1.217
[Epoch 2, Batch   302] loss: 1.175
Epoch 2/20:
Train Loss: 0.2496, Train Accuracy: 58.14%
Validation Loss: 2.0342, Validation Accuracy: 42.75%
[Epoch 3, Batch     2] loss: 0.020
[Epoch 3, Batch   102] loss: 1.014
[Epoch 3, Batch   202] loss: 0.999
[Epoch 3, Batch   302] loss: 0.957
Epoch 3/20:
Train Loss: 0.2199, Train Accuracy: 65.33%
Validation Loss: 1.1718, Validation Accuracy: 59.91%
[Epoch 4, Batch     2] loss: 0.016
[Epoch 4, Batch   102] loss: 0.829
[Epoch 4, Batch   202] loss: 0.870
[Epoch 4, Batch   302] loss: 0.883
Epoch 4/20:
Train Loss: 0.1895, Train Accuracy: 70.36%
Validation Loss: 1.1384, Validation Accuracy: 61.71%
[Epoch 5, Batch     2] loss: 0.015
[Epoch 5, Batch   102] loss: 0.710
[Epoch 5, Batch   202] loss: 0.737
[Epoch 5, Batch   302] loss: 0.764
Epoch 5/20:
Train Loss: 0.1710, Train Accuracy: 74.11%
Validation Loss: 1.4166, Validation Accuracy: 53.36%
[Epoch 6, Batch     2] loss: 0.013
[Epoch 6, Batch   102] loss: 0.592
[Epoch 6, Batch   202] loss: 0.659
[Epoch 6, Batch   302] loss: 0.663
Epoch 6/20:
Train Loss: 0.1508, Train Accuracy: 77.58%
Validation Loss: 1.0202, Validation Accuracy: 66.54%
[Epoch 7, Batch     2] loss: 0.013
[Epoch 7, Batch   102] loss: 0.515
[Epoch 7, Batch   202] loss: 0.567
[Epoch 7, Batch   302] loss: 0.568
Epoch 7/20:
Train Loss: 0.1255, Train Accuracy: 80.87%
Validation Loss: 1.0656, Validation Accuracy: 66.20%
[Epoch 8, Batch     2] loss: 0.007
[Epoch 8, Batch   102] loss: 0.412
[Epoch 8, Batch   202] loss: 0.475
[Epoch 8, Batch   302] loss: 0.462
Epoch 8/20:
Train Loss: 0.1157, Train Accuracy: 83.83%
Validation Loss: 1.1424, Validation Accuracy: 65.68%
[Epoch 9, Batch     2] loss: 0.007
[Epoch 9, Batch   102] loss: 0.341
[Epoch 9, Batch   202] loss: 0.409
[Epoch 9, Batch   302] loss: 0.405
Epoch 9/20:
Train Loss: 0.0981, Train Accuracy: 86.25%
Validation Loss: 1.1659, Validation Accuracy: 66.67%
[Epoch 10, Batch     2] loss: 0.006
[Epoch 10, Batch   102] loss: 0.272
[Epoch 10, Batch   202] loss: 0.342
[Epoch 10, Batch   302] loss: 0.351
Epoch 10/20:
Train Loss: 0.0801, Train Accuracy: 88.77%
Validation Loss: 1.2517, Validation Accuracy: 65.15%
[Epoch 11, Batch     2] loss: 0.003
[Epoch 11, Batch   102] loss: 0.242
[Epoch 11, Batch   202] loss: 0.288
[Epoch 11, Batch   302] loss: 0.300
Epoch 11/20:
Train Loss: 0.0753, Train Accuracy: 90.12%
Validation Loss: 1.1420, Validation Accuracy: 68.84%
[Epoch 12, Batch     2] loss: 0.003
[Epoch 12, Batch   102] loss: 0.197
[Epoch 12, Batch   202] loss: 0.249
[Epoch 12, Batch   302] loss: 0.261
Epoch 12/20:
Train Loss: 0.0636, Train Accuracy: 91.52%
Validation Loss: 1.1417, Validation Accuracy: 69.08%
[Epoch 13, Batch     2] loss: 0.002
[Epoch 13, Batch   102] loss: 0.159
[Epoch 13, Batch   202] loss: 0.210
[Epoch 13, Batch   302] loss: 0.229
Epoch 13/20:
Train Loss: 0.0565, Train Accuracy: 92.85%
Validation Loss: 1.1806, Validation Accuracy: 67.84%
[Epoch 14, Batch     2] loss: 0.003
[Epoch 14, Batch   102] loss: 0.159
[Epoch 14, Batch   202] loss: 0.171
[Epoch 14, Batch   302] loss: 0.225
Epoch 14/20:
Train Loss: 0.0482, Train Accuracy: 93.36%
Validation Loss: 1.3514, Validation Accuracy: 67.31%
[Epoch 15, Batch     2] loss: 0.004
[Epoch 15, Batch   102] loss: 0.134
[Epoch 15, Batch   202] loss: 0.155
[Epoch 15, Batch   302] loss: 0.196
Epoch 15/20:
Train Loss: 0.0462, Train Accuracy: 94.14%
Validation Loss: 1.3319, Validation Accuracy: 67.72%
[Epoch 16, Batch     2] loss: 0.003
[Epoch 16, Batch   102] loss: 0.132
[Epoch 16, Batch   202] loss: 0.144
[Epoch 16, Batch   302] loss: 0.149
Epoch 16/20:
Train Loss: 0.0415, Train Accuracy: 94.82%
Validation Loss: 1.3597, Validation Accuracy: 67.50%
[Epoch 17, Batch     2] loss: 0.003
[Epoch 17, Batch   102] loss: 0.107
[Epoch 17, Batch   202] loss: 0.148
[Epoch 17, Batch   302] loss: 0.158
Epoch 17/20:
Train Loss: 0.0375, Train Accuracy: 94.94%
Validation Loss: 1.2595, Validation Accuracy: 69.82%
[Epoch 18, Batch     2] loss: 0.001
[Epoch 18, Batch   102] loss: 0.096
[Epoch 18, Batch   202] loss: 0.122
[Epoch 18, Batch   302] loss: 0.162
Epoch 18/20:
Train Loss: 0.0341, Train Accuracy: 95.41%
Validation Loss: 1.3329, Validation Accuracy: 69.61%
[Epoch 19, Batch     2] loss: 0.002
[Epoch 19, Batch   102] loss: 0.087
[Epoch 19, Batch   202] loss: 0.117
[Epoch 19, Batch   302] loss: 0.155
Epoch 19/20:
Train Loss: 0.0299, Train Accuracy: 95.85%
Validation Loss: 1.3181, Validation Accuracy: 69.51%
[Epoch 20, Batch     2] loss: 0.001
[Epoch 20, Batch   102] loss: 0.088
[Epoch 20, Batch   202] loss: 0.124
[Epoch 20, Batch   302] loss: 0.125
Epoch 20/20:
Train Loss: 0.0297, Train Accuracy: 96.01%
Validation Loss: 1.3758, Validation Accuracy: 69.40%
Model saved to models/resnet18-CIFAR10-EVIDENCE-balanced_by_score1-0.5-2
Modified fc layer: updated out_features to 10.
Initialized untrained model.
resnet18-CIFAR10-EVIDENCE-balanced_by_score1-0.7-2
[Epoch 1, Batch     2] loss: 0.050
[Epoch 1, Batch   102] loss: 1.847
[Epoch 1, Batch   202] loss: 1.534
Epoch 1/20:
Train Loss: 0.2016, Train Accuracy: 39.25%
Validation Loss: 1.6039, Validation Accuracy: 43.12%
[Epoch 2, Batch     2] loss: 0.028
[Epoch 2, Batch   102] loss: 1.346
[Epoch 2, Batch   202] loss: 1.318
Epoch 2/20:
Train Loss: 0.1740, Train Accuracy: 51.84%
Validation Loss: 1.3651, Validation Accuracy: 51.28%
[Epoch 3, Batch     2] loss: 0.020
[Epoch 3, Batch   102] loss: 1.121
[Epoch 3, Batch   202] loss: 1.134
Epoch 3/20:
Train Loss: 0.1470, Train Accuracy: 60.31%
Validation Loss: 1.7120, Validation Accuracy: 47.01%
[Epoch 4, Batch     2] loss: 0.014
[Epoch 4, Batch   102] loss: 0.986
[Epoch 4, Batch   202] loss: 0.984
Epoch 4/20:
Train Loss: 0.1339, Train Accuracy: 64.92%
Validation Loss: 1.3112, Validation Accuracy: 55.23%
[Epoch 5, Batch     2] loss: 0.018
[Epoch 5, Batch   102] loss: 0.834
[Epoch 5, Batch   202] loss: 0.872
Epoch 5/20:
Train Loss: 0.1246, Train Accuracy: 69.84%
Validation Loss: 1.2178, Validation Accuracy: 58.35%
[Epoch 6, Batch     2] loss: 0.014
[Epoch 6, Batch   102] loss: 0.730
[Epoch 6, Batch   202] loss: 0.757
Epoch 6/20:
Train Loss: 0.0981, Train Accuracy: 73.99%
Validation Loss: 1.1705, Validation Accuracy: 61.17%
[Epoch 7, Batch     2] loss: 0.010
[Epoch 7, Batch   102] loss: 0.593
[Epoch 7, Batch   202] loss: 0.666
Epoch 7/20:
Train Loss: 0.0954, Train Accuracy: 77.40%
Validation Loss: 1.3362, Validation Accuracy: 56.94%
[Epoch 8, Batch     2] loss: 0.008
[Epoch 8, Batch   102] loss: 0.505
[Epoch 8, Batch   202] loss: 0.557
Epoch 8/20:
Train Loss: 0.0835, Train Accuracy: 80.86%
Validation Loss: 1.6016, Validation Accuracy: 56.08%
[Epoch 9, Batch     2] loss: 0.008
[Epoch 9, Batch   102] loss: 0.397
[Epoch 9, Batch   202] loss: 0.476
Epoch 9/20:
Train Loss: 0.0723, Train Accuracy: 84.33%
Validation Loss: 1.2749, Validation Accuracy: 62.19%
[Epoch 10, Batch     2] loss: 0.007
[Epoch 10, Batch   102] loss: 0.336
[Epoch 10, Batch   202] loss: 0.396
Epoch 10/20:
Train Loss: 0.0523, Train Accuracy: 87.15%
Validation Loss: 1.3292, Validation Accuracy: 61.46%
[Epoch 11, Batch     2] loss: 0.005
[Epoch 11, Batch   102] loss: 0.272
[Epoch 11, Batch   202] loss: 0.311
Epoch 11/20:
Train Loss: 0.0448, Train Accuracy: 89.76%
Validation Loss: 1.6062, Validation Accuracy: 60.62%
[Epoch 12, Batch     2] loss: 0.005
[Epoch 12, Batch   102] loss: 0.222
[Epoch 12, Batch   202] loss: 0.272
Epoch 12/20:
Train Loss: 0.0456, Train Accuracy: 91.11%
Validation Loss: 1.4514, Validation Accuracy: 60.88%
[Epoch 13, Batch     2] loss: 0.004
[Epoch 13, Batch   102] loss: 0.224
[Epoch 13, Batch   202] loss: 0.240
Epoch 13/20:
Train Loss: 0.0316, Train Accuracy: 92.06%
Validation Loss: 1.4472, Validation Accuracy: 63.19%
[Epoch 14, Batch     2] loss: 0.004
[Epoch 14, Batch   102] loss: 0.152
[Epoch 14, Batch   202] loss: 0.216
Epoch 14/20:
Train Loss: 0.0327, Train Accuracy: 93.36%
Validation Loss: 1.7621, Validation Accuracy: 59.04%
[Epoch 15, Batch     2] loss: 0.004
[Epoch 15, Batch   102] loss: 0.155
[Epoch 15, Batch   202] loss: 0.171
Epoch 15/20:
Train Loss: 0.0293, Train Accuracy: 94.16%
Validation Loss: 1.5432, Validation Accuracy: 63.24%
[Epoch 16, Batch     2] loss: 0.004
[Epoch 16, Batch   102] loss: 0.141
[Epoch 16, Batch   202] loss: 0.194
Epoch 16/20:
Train Loss: 0.0295, Train Accuracy: 93.90%
Validation Loss: 1.5347, Validation Accuracy: 63.05%
[Epoch 17, Batch     2] loss: 0.003
[Epoch 17, Batch   102] loss: 0.108
[Epoch 17, Batch   202] loss: 0.123
Epoch 17/20:
Train Loss: 0.0275, Train Accuracy: 95.73%
Validation Loss: 1.9276, Validation Accuracy: 58.19%
[Epoch 18, Batch     2] loss: 0.003
[Epoch 18, Batch   102] loss: 0.135
[Epoch 18, Batch   202] loss: 0.133
Epoch 18/20:
Train Loss: 0.0216, Train Accuracy: 95.34%
Validation Loss: 1.7540, Validation Accuracy: 62.87%
[Epoch 19, Batch     2] loss: 0.002
[Epoch 19, Batch   102] loss: 0.098
[Epoch 19, Batch   202] loss: 0.124
Epoch 19/20:
Train Loss: 0.0214, Train Accuracy: 95.83%
Validation Loss: 1.6471, Validation Accuracy: 65.33%
[Epoch 20, Batch     2] loss: 0.002
[Epoch 20, Batch   102] loss: 0.108
[Epoch 20, Batch   202] loss: 0.124
Epoch 20/20:
Train Loss: 0.0263, Train Accuracy: 95.57%
Validation Loss: 1.8593, Validation Accuracy: 61.40%
Model saved to models/resnet18-CIFAR10-EVIDENCE-balanced_by_score1-0.7-2
Modified fc layer: updated out_features to 10.
Initialized untrained model.
resnet18-CIFAR10-EVIDENCE-balanced_by_score1-0.8-2
[Epoch 1, Batch     2] loss: 0.052
[Epoch 1, Batch   102] loss: 1.828
Epoch 1/20:
Train Loss: 0.5353, Train Accuracy: 36.79%
Validation Loss: 1.5461, Validation Accuracy: 43.64%
[Epoch 2, Batch     2] loss: 0.028
[Epoch 2, Batch   102] loss: 1.416
Epoch 2/20:
Train Loss: 0.4790, Train Accuracy: 48.92%
Validation Loss: 1.4390, Validation Accuracy: 48.19%
[Epoch 3, Batch     2] loss: 0.025
[Epoch 3, Batch   102] loss: 1.233
Epoch 3/20:
Train Loss: 0.4107, Train Accuracy: 56.20%
Validation Loss: 1.8314, Validation Accuracy: 40.25%
[Epoch 4, Batch     2] loss: 0.021
[Epoch 4, Batch   102] loss: 1.097
Epoch 4/20:
Train Loss: 0.3706, Train Accuracy: 61.13%
Validation Loss: 1.3015, Validation Accuracy: 55.50%
[Epoch 5, Batch     2] loss: 0.019
[Epoch 5, Batch   102] loss: 0.922
Epoch 5/20:
Train Loss: 0.3308, Train Accuracy: 66.60%
Validation Loss: 1.4425, Validation Accuracy: 53.19%
[Epoch 6, Batch     2] loss: 0.014
[Epoch 6, Batch   102] loss: 0.802
Epoch 6/20:
Train Loss: 0.2890, Train Accuracy: 71.05%
Validation Loss: 1.6389, Validation Accuracy: 50.05%
[Epoch 7, Batch     2] loss: 0.012
[Epoch 7, Batch   102] loss: 0.690
Epoch 7/20:
Train Loss: 0.2573, Train Accuracy: 74.90%
Validation Loss: 1.5934, Validation Accuracy: 52.53%
[Epoch 8, Batch     2] loss: 0.011
[Epoch 8, Batch   102] loss: 0.548
Epoch 8/20:
Train Loss: 0.1978, Train Accuracy: 80.63%
Validation Loss: 1.5601, Validation Accuracy: 55.84%
[Epoch 9, Batch     2] loss: 0.008
[Epoch 9, Batch   102] loss: 0.439
Epoch 9/20:
Train Loss: 0.1833, Train Accuracy: 83.93%
Validation Loss: 1.4696, Validation Accuracy: 55.28%
[Epoch 10, Batch     2] loss: 0.006
[Epoch 10, Batch   102] loss: 0.349
Epoch 10/20:
Train Loss: 0.1570, Train Accuracy: 86.20%
Validation Loss: 1.4814, Validation Accuracy: 58.81%
[Epoch 11, Batch     2] loss: 0.005
[Epoch 11, Batch   102] loss: 0.292
Epoch 11/20:
Train Loss: 0.1305, Train Accuracy: 88.70%
Validation Loss: 1.5665, Validation Accuracy: 59.24%
[Epoch 12, Batch     2] loss: 0.005
[Epoch 12, Batch   102] loss: 0.211
Epoch 12/20:
Train Loss: 0.1159, Train Accuracy: 91.27%
Validation Loss: 1.8215, Validation Accuracy: 55.46%
[Epoch 13, Batch     2] loss: 0.005
[Epoch 13, Batch   102] loss: 0.226
Epoch 13/20:
Train Loss: 0.0914, Train Accuracy: 91.97%
Validation Loss: 1.6050, Validation Accuracy: 58.86%
[Epoch 14, Batch     2] loss: 0.004
[Epoch 14, Batch   102] loss: 0.183
Epoch 14/20:
Train Loss: 0.0760, Train Accuracy: 92.97%
Validation Loss: 1.6962, Validation Accuracy: 59.11%
[Epoch 15, Batch     2] loss: 0.002
[Epoch 15, Batch   102] loss: 0.166
Epoch 15/20:
Train Loss: 0.0765, Train Accuracy: 93.81%
Validation Loss: 1.7364, Validation Accuracy: 59.84%
[Epoch 16, Batch     2] loss: 0.003
[Epoch 16, Batch   102] loss: 0.139
Epoch 16/20:
Train Loss: 0.0648, Train Accuracy: 94.73%
Validation Loss: 1.7804, Validation Accuracy: 58.75%
[Epoch 17, Batch     2] loss: 0.002
[Epoch 17, Batch   102] loss: 0.120
Epoch 17/20:
Train Loss: 0.0504, Train Accuracy: 95.70%
Validation Loss: 1.8420, Validation Accuracy: 60.11%
[Epoch 18, Batch     2] loss: 0.002
[Epoch 18, Batch   102] loss: 0.111
Epoch 18/20:
Train Loss: 0.0509, Train Accuracy: 95.98%
Validation Loss: 2.2115, Validation Accuracy: 56.82%
[Epoch 19, Batch     2] loss: 0.002
[Epoch 19, Batch   102] loss: 0.091
Epoch 19/20:
Train Loss: 0.0449, Train Accuracy: 96.52%
Validation Loss: 2.0638, Validation Accuracy: 58.35%
[Epoch 20, Batch     2] loss: 0.004
[Epoch 20, Batch   102] loss: 0.151
Epoch 20/20:
Train Loss: 0.0596, Train Accuracy: 94.63%
Validation Loss: 1.7407, Validation Accuracy: 61.37%
Model saved to models/resnet18-CIFAR10-EVIDENCE-balanced_by_score1-0.8-2
Modified fc layer: updated out_features to 10.
Initialized untrained model.
resnet18-CIFAR10-EVIDENCE-balanced_by_score1-0.9-2
[Epoch 1, Batch     2] loss: 0.051
Epoch 1/20:
Train Loss: 1.8807, Train Accuracy: 30.59%
Validation Loss: 1.7637, Validation Accuracy: 34.40%
[Epoch 2, Batch     2] loss: 0.032
Epoch 2/20:
Train Loss: 1.5362, Train Accuracy: 42.72%
Validation Loss: 1.9216, Validation Accuracy: 33.87%
[Epoch 3, Batch     2] loss: 0.028
Epoch 3/20:
Train Loss: 1.3837, Train Accuracy: 49.26%
Validation Loss: 1.5674, Validation Accuracy: 45.58%
[Epoch 4, Batch     2] loss: 0.025
Epoch 4/20:
Train Loss: 1.2059, Train Accuracy: 55.94%
Validation Loss: 1.6783, Validation Accuracy: 43.95%
[Epoch 5, Batch     2] loss: 0.017
Epoch 5/20:
Train Loss: 1.0431, Train Accuracy: 62.11%
Validation Loss: 1.6002, Validation Accuracy: 45.56%
[Epoch 6, Batch     2] loss: 0.022
Epoch 6/20:
Train Loss: 0.8875, Train Accuracy: 67.31%
Validation Loss: 1.8736, Validation Accuracy: 39.77%
[Epoch 7, Batch     2] loss: 0.015
Epoch 7/20:
Train Loss: 0.7353, Train Accuracy: 73.85%
Validation Loss: 1.9708, Validation Accuracy: 43.15%
[Epoch 8, Batch     2] loss: 0.011
Epoch 8/20:
Train Loss: 0.5930, Train Accuracy: 78.64%
Validation Loss: 1.7488, Validation Accuracy: 47.75%
[Epoch 9, Batch     2] loss: 0.009
Epoch 9/20:
Train Loss: 0.5075, Train Accuracy: 81.74%
Validation Loss: 1.8070, Validation Accuracy: 49.15%
[Epoch 10, Batch     2] loss: 0.006
Epoch 10/20:
Train Loss: 0.3887, Train Accuracy: 86.49%
Validation Loss: 1.9096, Validation Accuracy: 50.28%
[Epoch 11, Batch     2] loss: 0.006
Epoch 11/20:
Train Loss: 0.3492, Train Accuracy: 88.08%
Validation Loss: 1.9254, Validation Accuracy: 50.61%
[Epoch 12, Batch     2] loss: 0.004
Epoch 12/20:
Train Loss: 0.2924, Train Accuracy: 89.66%
Validation Loss: 2.5572, Validation Accuracy: 43.82%
[Epoch 13, Batch     2] loss: 0.006
Epoch 13/20:
Train Loss: 0.2429, Train Accuracy: 91.26%
Validation Loss: 2.0239, Validation Accuracy: 51.37%
[Epoch 14, Batch     2] loss: 0.002
Epoch 14/20:
Train Loss: 0.1621, Train Accuracy: 94.53%
Validation Loss: 2.2644, Validation Accuracy: 51.40%
[Epoch 15, Batch     2] loss: 0.002
Epoch 15/20:
Train Loss: 0.1736, Train Accuracy: 93.98%
Validation Loss: 2.3524, Validation Accuracy: 49.67%
[Epoch 16, Batch     2] loss: 0.003
Epoch 16/20:
Train Loss: 0.1900, Train Accuracy: 93.36%
Validation Loss: 2.4035, Validation Accuracy: 47.31%
[Epoch 17, Batch     2] loss: 0.003
Epoch 17/20:
Train Loss: 0.1579, Train Accuracy: 94.80%
Validation Loss: 2.3085, Validation Accuracy: 53.17%
[Epoch 18, Batch     2] loss: 0.003
Epoch 18/20:
Train Loss: 0.1095, Train Accuracy: 95.97%
Validation Loss: 2.3465, Validation Accuracy: 53.42%
[Epoch 19, Batch     2] loss: 0.002
Epoch 19/20:
Train Loss: 0.1342, Train Accuracy: 95.54%
Validation Loss: 2.5287, Validation Accuracy: 51.17%
[Epoch 20, Batch     2] loss: 0.001
Epoch 20/20:
Train Loss: 0.1123, Train Accuracy: 96.13%
Validation Loss: 2.4736, Validation Accuracy: 49.85%
Model saved to models/resnet18-CIFAR10-EVIDENCE-balanced_by_score1-0.9-2
Modified fc layer: updated out_features to 10.
Initialized untrained model.
resnet18-CIFAR10-EVIDENCE-balanced_by_score1-0.95-2
[Epoch 1, Batch     2] loss: 0.050
Epoch 1/20:
Train Loss: 1.9355, Train Accuracy: 27.72%
Validation Loss: 2.4440, Validation Accuracy: 20.53%
[Epoch 2, Batch     2] loss: 0.034
Epoch 2/20:
Train Loss: 1.4895, Train Accuracy: 42.43%
Validation Loss: 1.6960, Validation Accuracy: 39.50%
[Epoch 3, Batch     2] loss: 0.021
Epoch 3/20:
Train Loss: 1.3139, Train Accuracy: 51.32%
Validation Loss: 2.2653, Validation Accuracy: 31.76%
[Epoch 4, Batch     2] loss: 0.023
Epoch 4/20:
Train Loss: 1.1048, Train Accuracy: 58.97%
Validation Loss: 1.8016, Validation Accuracy: 39.54%
[Epoch 5, Batch     2] loss: 0.016
Epoch 5/20:
Train Loss: 0.9147, Train Accuracy: 65.42%
Validation Loss: 2.0483, Validation Accuracy: 36.88%
[Epoch 6, Batch     2] loss: 0.014
Epoch 6/20:
Train Loss: 0.7214, Train Accuracy: 72.88%
Validation Loss: 2.4250, Validation Accuracy: 33.00%
[Epoch 7, Batch     2] loss: 0.011
Epoch 7/20:
Train Loss: 0.6405, Train Accuracy: 76.60%
Validation Loss: 2.1849, Validation Accuracy: 39.98%
[Epoch 8, Batch     2] loss: 0.010
Epoch 8/20:
Train Loss: 0.4843, Train Accuracy: 82.05%
Validation Loss: 2.7163, Validation Accuracy: 37.91%
[Epoch 9, Batch     2] loss: 0.006
Epoch 9/20:
Train Loss: 0.3697, Train Accuracy: 87.62%
Validation Loss: 2.3808, Validation Accuracy: 40.77%
[Epoch 10, Batch     2] loss: 0.006
Epoch 10/20:
Train Loss: 0.3396, Train Accuracy: 87.46%
Validation Loss: 3.0673, Validation Accuracy: 37.85%
[Epoch 11, Batch     2] loss: 0.007
Epoch 11/20:
Train Loss: 0.2741, Train Accuracy: 89.78%
Validation Loss: 2.4467, Validation Accuracy: 40.81%
[Epoch 12, Batch     2] loss: 0.004
Epoch 12/20:
Train Loss: 0.2240, Train Accuracy: 92.11%
Validation Loss: 2.6940, Validation Accuracy: 43.44%
[Epoch 13, Batch     2] loss: 0.003
Epoch 13/20:
Train Loss: 0.1911, Train Accuracy: 93.35%
Validation Loss: 2.6970, Validation Accuracy: 42.59%
[Epoch 14, Batch     2] loss: 0.004
Epoch 14/20:
Train Loss: 0.1890, Train Accuracy: 93.23%
Validation Loss: 2.9692, Validation Accuracy: 40.71%
[Epoch 15, Batch     2] loss: 0.003
Epoch 15/20:
Train Loss: 0.1857, Train Accuracy: 93.55%
Validation Loss: 2.6741, Validation Accuracy: 43.97%
[Epoch 16, Batch     2] loss: 0.003
Epoch 16/20:
Train Loss: 0.1462, Train Accuracy: 94.79%
Validation Loss: 2.7049, Validation Accuracy: 42.20%
[Epoch 17, Batch     2] loss: 0.002
Epoch 17/20:
Train Loss: 0.1445, Train Accuracy: 95.11%
Validation Loss: 2.4501, Validation Accuracy: 46.37%
[Epoch 18, Batch     2] loss: 0.001
Epoch 18/20:
Train Loss: 0.0681, Train Accuracy: 97.64%
Validation Loss: 2.6640, Validation Accuracy: 46.05%
[Epoch 19, Batch     2] loss: 0.001
Epoch 19/20:
Train Loss: 0.0817, Train Accuracy: 97.16%
Validation Loss: 2.7158, Validation Accuracy: 44.90%
[Epoch 20, Batch     2] loss: 0.001
Epoch 20/20:
Train Loss: 0.0972, Train Accuracy: 96.75%
Validation Loss: 2.9897, Validation Accuracy: 43.58%
Model saved to models/resnet18-CIFAR10-EVIDENCE-balanced_by_score1-0.95-2
Modified fc layer: updated out_features to 10.
Loaded weights from file: models/resnet18_CIFAR10_E1_2
Files already downloaded and verified
Files already downloaded and verified
Modified fc layer: updated out_features to 10.
Initialized untrained model.
resnet18-CIFAR10-BELIEF-balanced_by_score-0.3-2
[Epoch 1, Batch     2] loss: 0.048
[Epoch 1, Batch   102] loss: 1.849
[Epoch 1, Batch   202] loss: 1.566
[Epoch 1, Batch   302] loss: 1.453
[Epoch 1, Batch   402] loss: 1.366
[Epoch 1, Batch   502] loss: 1.302
Epoch 1/20:
Train Loss: 0.0983, Train Accuracy: 46.53%
Validation Loss: 1.4134, Validation Accuracy: 49.26%
[Epoch 2, Batch     2] loss: 0.023
[Epoch 2, Batch   102] loss: 1.173
[Epoch 2, Batch   202] loss: 1.119
[Epoch 2, Batch   302] loss: 1.088
[Epoch 2, Batch   402] loss: 1.046
[Epoch 2, Batch   502] loss: 1.055
Epoch 2/20:
Train Loss: 0.0817, Train Accuracy: 61.72%
Validation Loss: 1.1357, Validation Accuracy: 60.30%
[Epoch 3, Batch     2] loss: 0.021
[Epoch 3, Batch   102] loss: 0.912
[Epoch 3, Batch   202] loss: 0.912
[Epoch 3, Batch   302] loss: 0.939
[Epoch 3, Batch   402] loss: 0.899
[Epoch 3, Batch   502] loss: 0.910
Epoch 3/20:
Train Loss: 0.0697, Train Accuracy: 68.07%
Validation Loss: 1.2207, Validation Accuracy: 59.42%
[Epoch 4, Batch     2] loss: 0.018
[Epoch 4, Batch   102] loss: 0.774
[Epoch 4, Batch   202] loss: 0.805
[Epoch 4, Batch   302] loss: 0.760
[Epoch 4, Batch   402] loss: 0.803
[Epoch 4, Batch   502] loss: 0.820
Epoch 4/20:
Train Loss: 0.0598, Train Accuracy: 72.53%
Validation Loss: 0.9486, Validation Accuracy: 67.17%
[Epoch 5, Batch     2] loss: 0.012
[Epoch 5, Batch   102] loss: 0.675
[Epoch 5, Batch   202] loss: 0.684
[Epoch 5, Batch   302] loss: 0.671
[Epoch 5, Batch   402] loss: 0.705
[Epoch 5, Batch   502] loss: 0.690
Epoch 5/20:
Train Loss: 0.0546, Train Accuracy: 75.96%
Validation Loss: 1.1361, Validation Accuracy: 64.58%
[Epoch 6, Batch     2] loss: 0.010
[Epoch 6, Batch   102] loss: 0.583
[Epoch 6, Batch   202] loss: 0.575
[Epoch 6, Batch   302] loss: 0.614
[Epoch 6, Batch   402] loss: 0.578
[Epoch 6, Batch   502] loss: 0.614
Epoch 6/20:
Train Loss: 0.0469, Train Accuracy: 79.32%
Validation Loss: 1.0203, Validation Accuracy: 66.94%
[Epoch 7, Batch     2] loss: 0.008
[Epoch 7, Batch   102] loss: 0.451
[Epoch 7, Batch   202] loss: 0.492
[Epoch 7, Batch   302] loss: 0.516
[Epoch 7, Batch   402] loss: 0.538
[Epoch 7, Batch   502] loss: 0.532
Epoch 7/20:
Train Loss: 0.0427, Train Accuracy: 82.43%
Validation Loss: 0.9128, Validation Accuracy: 70.43%
[Epoch 8, Batch     2] loss: 0.006
[Epoch 8, Batch   102] loss: 0.365
[Epoch 8, Batch   202] loss: 0.422
[Epoch 8, Batch   302] loss: 0.442
[Epoch 8, Batch   402] loss: 0.434
[Epoch 8, Batch   502] loss: 0.487
Epoch 8/20:
Train Loss: 0.0372, Train Accuracy: 85.08%
Validation Loss: 0.9695, Validation Accuracy: 69.57%
[Epoch 9, Batch     2] loss: 0.011
[Epoch 9, Batch   102] loss: 0.310
[Epoch 9, Batch   202] loss: 0.360
[Epoch 9, Batch   302] loss: 0.380
[Epoch 9, Batch   402] loss: 0.381
[Epoch 9, Batch   502] loss: 0.398
Epoch 9/20:
Train Loss: 0.0310, Train Accuracy: 87.04%
Validation Loss: 1.0191, Validation Accuracy: 69.48%
[Epoch 10, Batch     2] loss: 0.005
[Epoch 10, Batch   102] loss: 0.247
[Epoch 10, Batch   202] loss: 0.296
[Epoch 10, Batch   302] loss: 0.311
[Epoch 10, Batch   402] loss: 0.336
[Epoch 10, Batch   502] loss: 0.344
Epoch 10/20:
Train Loss: 0.0305, Train Accuracy: 89.04%
Validation Loss: 0.9704, Validation Accuracy: 71.70%
[Epoch 11, Batch     2] loss: 0.006
[Epoch 11, Batch   102] loss: 0.217
[Epoch 11, Batch   202] loss: 0.260
[Epoch 11, Batch   302] loss: 0.261
[Epoch 11, Batch   402] loss: 0.287
[Epoch 11, Batch   502] loss: 0.309
Epoch 11/20:
Train Loss: 0.0226, Train Accuracy: 90.66%
Validation Loss: 1.1107, Validation Accuracy: 69.39%
[Epoch 12, Batch     2] loss: 0.005
[Epoch 12, Batch   102] loss: 0.175
[Epoch 12, Batch   202] loss: 0.226
[Epoch 12, Batch   302] loss: 0.221
[Epoch 12, Batch   402] loss: 0.235
[Epoch 12, Batch   502] loss: 0.264
Epoch 12/20:
Train Loss: 0.0204, Train Accuracy: 92.16%
Validation Loss: 0.9807, Validation Accuracy: 72.49%
[Epoch 13, Batch     2] loss: 0.003
[Epoch 13, Batch   102] loss: 0.155
[Epoch 13, Batch   202] loss: 0.183
[Epoch 13, Batch   302] loss: 0.193
[Epoch 13, Batch   402] loss: 0.231
[Epoch 13, Batch   502] loss: 0.233
Epoch 13/20:
Train Loss: 0.0177, Train Accuracy: 92.99%
Validation Loss: 1.2570, Validation Accuracy: 68.50%
[Epoch 14, Batch     2] loss: 0.003
[Epoch 14, Batch   102] loss: 0.154
[Epoch 14, Batch   202] loss: 0.138
[Epoch 14, Batch   302] loss: 0.197
[Epoch 14, Batch   402] loss: 0.192
[Epoch 14, Batch   502] loss: 0.205
Epoch 14/20:
Train Loss: 0.0149, Train Accuracy: 93.82%
Validation Loss: 1.0982, Validation Accuracy: 72.71%
[Epoch 15, Batch     2] loss: 0.003
[Epoch 15, Batch   102] loss: 0.120
[Epoch 15, Batch   202] loss: 0.143
[Epoch 15, Batch   302] loss: 0.177
[Epoch 15, Batch   402] loss: 0.174
[Epoch 15, Batch   502] loss: 0.181
Epoch 15/20:
Train Loss: 0.0146, Train Accuracy: 94.37%
Validation Loss: 1.0169, Validation Accuracy: 73.72%
[Epoch 16, Batch     2] loss: 0.001
[Epoch 16, Batch   102] loss: 0.095
[Epoch 16, Batch   202] loss: 0.143
[Epoch 16, Batch   302] loss: 0.156
[Epoch 16, Batch   402] loss: 0.162
[Epoch 16, Batch   502] loss: 0.199
Epoch 16/20:
Train Loss: 0.0148, Train Accuracy: 94.65%
Validation Loss: 1.1204, Validation Accuracy: 72.21%
[Epoch 17, Batch     2] loss: 0.004
[Epoch 17, Batch   102] loss: 0.092
[Epoch 17, Batch   202] loss: 0.109
[Epoch 17, Batch   302] loss: 0.147
[Epoch 17, Batch   402] loss: 0.166
[Epoch 17, Batch   502] loss: 0.166
Epoch 17/20:
Train Loss: 0.0119, Train Accuracy: 95.12%
Validation Loss: 1.1321, Validation Accuracy: 72.54%
[Epoch 18, Batch     2] loss: 0.002
[Epoch 18, Batch   102] loss: 0.087
[Epoch 18, Batch   202] loss: 0.128
[Epoch 18, Batch   302] loss: 0.129
[Epoch 18, Batch   402] loss: 0.141
[Epoch 18, Batch   502] loss: 0.152
Epoch 18/20:
Train Loss: 0.0125, Train Accuracy: 95.51%
Validation Loss: 1.3597, Validation Accuracy: 68.24%
[Epoch 19, Batch     2] loss: 0.002
[Epoch 19, Batch   102] loss: 0.090
[Epoch 19, Batch   202] loss: 0.093
[Epoch 19, Batch   302] loss: 0.135
[Epoch 19, Batch   402] loss: 0.136
[Epoch 19, Batch   502] loss: 0.160
Epoch 19/20:
Train Loss: 0.0100, Train Accuracy: 95.80%
Validation Loss: 1.1355, Validation Accuracy: 72.93%
[Epoch 20, Batch     2] loss: 0.001
[Epoch 20, Batch   102] loss: 0.087
[Epoch 20, Batch   202] loss: 0.112
[Epoch 20, Batch   302] loss: 0.126
[Epoch 20, Batch   402] loss: 0.121
[Epoch 20, Batch   502] loss: 0.128
Epoch 20/20:
Train Loss: 0.0098, Train Accuracy: 96.10%
Validation Loss: 1.2003, Validation Accuracy: 71.39%
Model saved to models/resnet18-CIFAR10-BELIEF-balanced_by_score-0.3-2
Modified fc layer: updated out_features to 10.
Initialized untrained model.
resnet18-CIFAR10-BELIEF-balanced_by_score-0.5-2
[Epoch 1, Batch     2] loss: 0.050
[Epoch 1, Batch   102] loss: 1.815
[Epoch 1, Batch   202] loss: 1.531
[Epoch 1, Batch   302] loss: 1.450
Epoch 1/20:
Train Loss: 0.3032, Train Accuracy: 44.30%
Validation Loss: 1.6106, Validation Accuracy: 43.08%
[Epoch 2, Batch     2] loss: 0.031
[Epoch 2, Batch   102] loss: 1.251
[Epoch 2, Batch   202] loss: 1.192
[Epoch 2, Batch   302] loss: 1.184
Epoch 2/20:
Train Loss: 0.2623, Train Accuracy: 57.45%
Validation Loss: 1.7749, Validation Accuracy: 41.62%
[Epoch 3, Batch     2] loss: 0.026
[Epoch 3, Batch   102] loss: 1.021
[Epoch 3, Batch   202] loss: 1.026
[Epoch 3, Batch   302] loss: 1.044
Epoch 3/20:
Train Loss: 0.2254, Train Accuracy: 64.14%
Validation Loss: 1.1286, Validation Accuracy: 59.99%
[Epoch 4, Batch     2] loss: 0.017
[Epoch 4, Batch   102] loss: 0.833
[Epoch 4, Batch   202] loss: 0.925
[Epoch 4, Batch   302] loss: 0.904
Epoch 4/20:
Train Loss: 0.1994, Train Accuracy: 68.81%
Validation Loss: 1.4052, Validation Accuracy: 55.38%
[Epoch 5, Batch     2] loss: 0.018
[Epoch 5, Batch   102] loss: 0.744
[Epoch 5, Batch   202] loss: 0.757
[Epoch 5, Batch   302] loss: 0.782
Epoch 5/20:
Train Loss: 0.1800, Train Accuracy: 73.10%
Validation Loss: 1.0624, Validation Accuracy: 64.05%
[Epoch 6, Batch     2] loss: 0.011
[Epoch 6, Batch   102] loss: 0.648
[Epoch 6, Batch   202] loss: 0.688
[Epoch 6, Batch   302] loss: 0.687
Epoch 6/20:
Train Loss: 0.1594, Train Accuracy: 76.53%
Validation Loss: 0.9737, Validation Accuracy: 67.35%
[Epoch 7, Batch     2] loss: 0.009
[Epoch 7, Batch   102] loss: 0.533
[Epoch 7, Batch   202] loss: 0.582
[Epoch 7, Batch   302] loss: 0.612
Epoch 7/20:
Train Loss: 0.1384, Train Accuracy: 79.98%
Validation Loss: 0.9461, Validation Accuracy: 68.59%
[Epoch 8, Batch     2] loss: 0.009
[Epoch 8, Batch   102] loss: 0.468
[Epoch 8, Batch   202] loss: 0.516
[Epoch 8, Batch   302] loss: 0.565
Epoch 8/20:
Train Loss: 0.1164, Train Accuracy: 82.09%
Validation Loss: 1.0073, Validation Accuracy: 67.87%
[Epoch 9, Batch     2] loss: 0.010
[Epoch 9, Batch   102] loss: 0.376
[Epoch 9, Batch   202] loss: 0.408
[Epoch 9, Batch   302] loss: 0.460
Epoch 9/20:
Train Loss: 0.1081, Train Accuracy: 84.94%
Validation Loss: 0.9920, Validation Accuracy: 69.22%
[Epoch 10, Batch     2] loss: 0.008
[Epoch 10, Batch   102] loss: 0.305
[Epoch 10, Batch   202] loss: 0.365
[Epoch 10, Batch   302] loss: 0.378
Epoch 10/20:
Train Loss: 0.0958, Train Accuracy: 87.14%
Validation Loss: 1.1208, Validation Accuracy: 67.33%
[Epoch 11, Batch     2] loss: 0.004
[Epoch 11, Batch   102] loss: 0.256
[Epoch 11, Batch   202] loss: 0.272
[Epoch 11, Batch   302] loss: 0.336
Epoch 11/20:
Train Loss: 0.0825, Train Accuracy: 89.40%
Validation Loss: 1.1601, Validation Accuracy: 67.83%
[Epoch 12, Batch     2] loss: 0.003
[Epoch 12, Batch   102] loss: 0.219
[Epoch 12, Batch   202] loss: 0.235
[Epoch 12, Batch   302] loss: 0.274
Epoch 12/20:
Train Loss: 0.0685, Train Accuracy: 91.26%
Validation Loss: 1.1811, Validation Accuracy: 68.68%
[Epoch 13, Batch     2] loss: 0.003
[Epoch 13, Batch   102] loss: 0.166
[Epoch 13, Batch   202] loss: 0.230
[Epoch 13, Batch   302] loss: 0.266
Epoch 13/20:
Train Loss: 0.0594, Train Accuracy: 92.12%
Validation Loss: 1.3233, Validation Accuracy: 66.16%
[Epoch 14, Batch     2] loss: 0.003
[Epoch 14, Batch   102] loss: 0.150
[Epoch 14, Batch   202] loss: 0.193
[Epoch 14, Batch   302] loss: 0.220
Epoch 14/20:
Train Loss: 0.0487, Train Accuracy: 93.35%
Validation Loss: 1.1746, Validation Accuracy: 69.98%
[Epoch 15, Batch     2] loss: 0.002
[Epoch 15, Batch   102] loss: 0.134
[Epoch 15, Batch   202] loss: 0.157
[Epoch 15, Batch   302] loss: 0.205
Epoch 15/20:
Train Loss: 0.0438, Train Accuracy: 94.13%
Validation Loss: 1.2941, Validation Accuracy: 69.26%
[Epoch 16, Batch     2] loss: 0.002
[Epoch 16, Batch   102] loss: 0.137
[Epoch 16, Batch   202] loss: 0.160
[Epoch 16, Batch   302] loss: 0.183
Epoch 16/20:
Train Loss: 0.0473, Train Accuracy: 94.04%
Validation Loss: 1.3293, Validation Accuracy: 68.21%
[Epoch 17, Batch     2] loss: 0.004
[Epoch 17, Batch   102] loss: 0.108
[Epoch 17, Batch   202] loss: 0.110
[Epoch 17, Batch   302] loss: 0.163
Epoch 17/20:
Train Loss: 0.0381, Train Accuracy: 95.35%
Validation Loss: 1.3730, Validation Accuracy: 67.77%
[Epoch 18, Batch     2] loss: 0.002
[Epoch 18, Batch   102] loss: 0.112
[Epoch 18, Batch   202] loss: 0.140
[Epoch 18, Batch   302] loss: 0.168
Epoch 18/20:
Train Loss: 0.0361, Train Accuracy: 95.09%
Validation Loss: 1.2606, Validation Accuracy: 69.46%
[Epoch 19, Batch     2] loss: 0.002
[Epoch 19, Batch   102] loss: 0.089
[Epoch 19, Batch   202] loss: 0.118
[Epoch 19, Batch   302] loss: 0.131
Epoch 19/20:
Train Loss: 0.0382, Train Accuracy: 95.62%
Validation Loss: 1.3606, Validation Accuracy: 68.36%
[Epoch 20, Batch     2] loss: 0.003
[Epoch 20, Batch   102] loss: 0.098
[Epoch 20, Batch   202] loss: 0.091
[Epoch 20, Batch   302] loss: 0.138
Epoch 20/20:
Train Loss: 0.0303, Train Accuracy: 96.13%
Validation Loss: 1.3953, Validation Accuracy: 68.80%
Model saved to models/resnet18-CIFAR10-BELIEF-balanced_by_score-0.5-2
Modified fc layer: updated out_features to 10.
Initialized untrained model.
resnet18-CIFAR10-BELIEF-balanced_by_score-0.7-2
[Epoch 1, Batch     2] loss: 0.052
[Epoch 1, Batch   102] loss: 1.812
[Epoch 1, Batch   202] loss: 1.593
Epoch 1/20:
Train Loss: 0.2068, Train Accuracy: 39.49%
Validation Loss: 1.8054, Validation Accuracy: 39.32%
[Epoch 2, Batch     2] loss: 0.030
[Epoch 2, Batch   102] loss: 1.400
[Epoch 2, Batch   202] loss: 1.309
Epoch 2/20:
Train Loss: 0.1709, Train Accuracy: 51.69%
Validation Loss: 2.3175, Validation Accuracy: 31.43%
[Epoch 3, Batch     2] loss: 0.024
[Epoch 3, Batch   102] loss: 1.167
[Epoch 3, Batch   202] loss: 1.131
Epoch 3/20:
Train Loss: 0.1525, Train Accuracy: 58.94%
Validation Loss: 1.3504, Validation Accuracy: 53.51%
[Epoch 4, Batch     2] loss: 0.019
[Epoch 4, Batch   102] loss: 0.995
[Epoch 4, Batch   202] loss: 0.981
Epoch 4/20:
Train Loss: 0.1401, Train Accuracy: 64.60%
Validation Loss: 1.1531, Validation Accuracy: 60.25%
[Epoch 5, Batch     2] loss: 0.017
[Epoch 5, Batch   102] loss: 0.834
[Epoch 5, Batch   202] loss: 0.895
Epoch 5/20:
Train Loss: 0.1199, Train Accuracy: 69.20%
Validation Loss: 1.4470, Validation Accuracy: 53.05%
[Epoch 6, Batch     2] loss: 0.015
[Epoch 6, Batch   102] loss: 0.703
[Epoch 6, Batch   202] loss: 0.793
Epoch 6/20:
Train Loss: 0.1090, Train Accuracy: 73.12%
Validation Loss: 1.0613, Validation Accuracy: 63.90%
[Epoch 7, Batch     2] loss: 0.011
[Epoch 7, Batch   102] loss: 0.602
[Epoch 7, Batch   202] loss: 0.670
Epoch 7/20:
Train Loss: 0.0914, Train Accuracy: 77.61%
Validation Loss: 1.0779, Validation Accuracy: 64.38%
[Epoch 8, Batch     2] loss: 0.008
[Epoch 8, Batch   102] loss: 0.484
[Epoch 8, Batch   202] loss: 0.561
Epoch 8/20:
Train Loss: 0.0859, Train Accuracy: 81.66%
Validation Loss: 1.3928, Validation Accuracy: 58.91%
[Epoch 9, Batch     2] loss: 0.008
[Epoch 9, Batch   102] loss: 0.381
[Epoch 9, Batch   202] loss: 0.494
Epoch 9/20:
Train Loss: 0.0691, Train Accuracy: 84.45%
Validation Loss: 1.3880, Validation Accuracy: 59.80%
[Epoch 10, Batch     2] loss: 0.009
[Epoch 10, Batch   102] loss: 0.318
[Epoch 10, Batch   202] loss: 0.418
Epoch 10/20:
Train Loss: 0.0561, Train Accuracy: 86.87%
Validation Loss: 1.2398, Validation Accuracy: 63.55%
[Epoch 11, Batch     2] loss: 0.005
[Epoch 11, Batch   102] loss: 0.264
[Epoch 11, Batch   202] loss: 0.356
Epoch 11/20:
Train Loss: 0.0470, Train Accuracy: 88.96%
Validation Loss: 1.2218, Validation Accuracy: 65.77%
[Epoch 12, Batch     2] loss: 0.003
[Epoch 12, Batch   102] loss: 0.207
[Epoch 12, Batch   202] loss: 0.241
Epoch 12/20:
Train Loss: 0.0414, Train Accuracy: 91.74%
Validation Loss: 1.6284, Validation Accuracy: 60.99%
[Epoch 13, Batch     2] loss: 0.005
[Epoch 13, Batch   102] loss: 0.183
[Epoch 13, Batch   202] loss: 0.230
Epoch 13/20:
Train Loss: 0.0353, Train Accuracy: 92.49%
Validation Loss: 1.7121, Validation Accuracy: 59.41%
[Epoch 14, Batch     2] loss: 0.003
[Epoch 14, Batch   102] loss: 0.184
[Epoch 14, Batch   202] loss: 0.243
Epoch 14/20:
Train Loss: 0.0357, Train Accuracy: 92.20%
Validation Loss: 1.5966, Validation Accuracy: 60.13%
[Epoch 15, Batch     2] loss: 0.002
[Epoch 15, Batch   102] loss: 0.125
[Epoch 15, Batch   202] loss: 0.161
Epoch 15/20:
Train Loss: 0.0225, Train Accuracy: 95.01%
Validation Loss: 1.5161, Validation Accuracy: 65.38%
[Epoch 16, Batch     2] loss: 0.001
[Epoch 16, Batch   102] loss: 0.143
[Epoch 16, Batch   202] loss: 0.153
Epoch 16/20:
Train Loss: 0.0281, Train Accuracy: 94.60%
Validation Loss: 1.5232, Validation Accuracy: 65.95%
[Epoch 17, Batch     2] loss: 0.004
[Epoch 17, Batch   102] loss: 0.140
[Epoch 17, Batch   202] loss: 0.156
Epoch 17/20:
Train Loss: 0.0253, Train Accuracy: 94.69%
Validation Loss: 1.5987, Validation Accuracy: 63.89%
[Epoch 18, Batch     2] loss: 0.002
[Epoch 18, Batch   102] loss: 0.139
[Epoch 18, Batch   202] loss: 0.115
Epoch 18/20:
Train Loss: 0.0196, Train Accuracy: 95.51%
Validation Loss: 1.7978, Validation Accuracy: 61.66%
[Epoch 19, Batch     2] loss: 0.002
[Epoch 19, Batch   102] loss: 0.097
[Epoch 19, Batch   202] loss: 0.143
Epoch 19/20:
Train Loss: 0.0194, Train Accuracy: 95.93%
Validation Loss: 1.6395, Validation Accuracy: 64.67%
[Epoch 20, Batch     2] loss: 0.003
[Epoch 20, Batch   102] loss: 0.111
[Epoch 20, Batch   202] loss: 0.114
Epoch 20/20:
Train Loss: 0.0153, Train Accuracy: 96.03%
Validation Loss: 1.6497, Validation Accuracy: 65.32%
Model saved to models/resnet18-CIFAR10-BELIEF-balanced_by_score-0.7-2
Modified fc layer: updated out_features to 10.
Initialized untrained model.
resnet18-CIFAR10-BELIEF-balanced_by_score-0.8-2
[Epoch 1, Batch     2] loss: 0.052
[Epoch 1, Batch   102] loss: 1.810
Epoch 1/20:
Train Loss: 0.5296, Train Accuracy: 37.18%
Validation Loss: 1.6325, Validation Accuracy: 41.49%
[Epoch 2, Batch     2] loss: 0.026
[Epoch 2, Batch   102] loss: 1.418
Epoch 2/20:
Train Loss: 0.4772, Train Accuracy: 49.04%
Validation Loss: 1.7041, Validation Accuracy: 39.76%
[Epoch 3, Batch     2] loss: 0.025
[Epoch 3, Batch   102] loss: 1.231
Epoch 3/20:
Train Loss: 0.4167, Train Accuracy: 56.53%
Validation Loss: 1.4166, Validation Accuracy: 50.48%
[Epoch 4, Batch     2] loss: 0.017
[Epoch 4, Batch   102] loss: 1.083
Epoch 4/20:
Train Loss: 0.3668, Train Accuracy: 61.42%
Validation Loss: 1.4241, Validation Accuracy: 50.50%
[Epoch 5, Batch     2] loss: 0.020
[Epoch 5, Batch   102] loss: 0.936
Epoch 5/20:
Train Loss: 0.3187, Train Accuracy: 66.61%
Validation Loss: 1.3501, Validation Accuracy: 54.07%
[Epoch 6, Batch     2] loss: 0.014
[Epoch 6, Batch   102] loss: 0.779
Epoch 6/20:
Train Loss: 0.2797, Train Accuracy: 71.98%
Validation Loss: 1.4502, Validation Accuracy: 53.28%
[Epoch 7, Batch     2] loss: 0.012
[Epoch 7, Batch   102] loss: 0.633
Epoch 7/20:
Train Loss: 0.2486, Train Accuracy: 76.73%
Validation Loss: 1.6010, Validation Accuracy: 51.69%
[Epoch 8, Batch     2] loss: 0.010
[Epoch 8, Batch   102] loss: 0.504
Epoch 8/20:
Train Loss: 0.2172, Train Accuracy: 80.71%
Validation Loss: 1.7774, Validation Accuracy: 46.59%
[Epoch 9, Batch     2] loss: 0.010
[Epoch 9, Batch   102] loss: 0.451
Epoch 9/20:
Train Loss: 0.1772, Train Accuracy: 83.16%
Validation Loss: 1.4276, Validation Accuracy: 58.47%
[Epoch 10, Batch     2] loss: 0.004
[Epoch 10, Batch   102] loss: 0.345
Epoch 10/20:
Train Loss: 0.1503, Train Accuracy: 86.70%
Validation Loss: 1.4718, Validation Accuracy: 59.64%
[Epoch 11, Batch     2] loss: 0.006
[Epoch 11, Batch   102] loss: 0.279
Epoch 11/20:
Train Loss: 0.1231, Train Accuracy: 89.44%
Validation Loss: 1.8338, Validation Accuracy: 57.03%
[Epoch 12, Batch     2] loss: 0.006
[Epoch 12, Batch   102] loss: 0.259
Epoch 12/20:
Train Loss: 0.1078, Train Accuracy: 90.54%
Validation Loss: 1.6032, Validation Accuracy: 58.41%
[Epoch 13, Batch     2] loss: 0.004
[Epoch 13, Batch   102] loss: 0.207
Epoch 13/20:
Train Loss: 0.0807, Train Accuracy: 92.43%
Validation Loss: 1.7310, Validation Accuracy: 58.41%
[Epoch 14, Batch     2] loss: 0.002
[Epoch 14, Batch   102] loss: 0.159
Epoch 14/20:
Train Loss: 0.0814, Train Accuracy: 93.54%
Validation Loss: 1.7694, Validation Accuracy: 58.34%
[Epoch 15, Batch     2] loss: 0.003
[Epoch 15, Batch   102] loss: 0.147
Epoch 15/20:
Train Loss: 0.0573, Train Accuracy: 94.59%
Validation Loss: 1.9315, Validation Accuracy: 58.93%
[Epoch 16, Batch     2] loss: 0.004
[Epoch 16, Batch   102] loss: 0.139
Epoch 16/20:
Train Loss: 0.0633, Train Accuracy: 94.60%
Validation Loss: 1.8180, Validation Accuracy: 59.55%
[Epoch 17, Batch     2] loss: 0.002
[Epoch 17, Batch   102] loss: 0.153
Epoch 17/20:
Train Loss: 0.0584, Train Accuracy: 94.56%
Validation Loss: 1.7403, Validation Accuracy: 59.61%
[Epoch 18, Batch     2] loss: 0.002
[Epoch 18, Batch   102] loss: 0.117
Epoch 18/20:
Train Loss: 0.0452, Train Accuracy: 95.87%
Validation Loss: 1.8366, Validation Accuracy: 60.21%
[Epoch 19, Batch     2] loss: 0.003
[Epoch 19, Batch   102] loss: 0.122
Epoch 19/20:
Train Loss: 0.0604, Train Accuracy: 95.24%
Validation Loss: 1.8916, Validation Accuracy: 59.27%
[Epoch 20, Batch     2] loss: 0.002
[Epoch 20, Batch   102] loss: 0.082
Epoch 20/20:
Train Loss: 0.0365, Train Accuracy: 96.85%
Validation Loss: 2.0579, Validation Accuracy: 60.13%
Model saved to models/resnet18-CIFAR10-BELIEF-balanced_by_score-0.8-2
Modified fc layer: updated out_features to 10.
Initialized untrained model.
resnet18-CIFAR10-BELIEF-balanced_by_score-0.9-2
[Epoch 1, Batch     2] loss: 0.045
Epoch 1/20:
Train Loss: 1.8235, Train Accuracy: 32.96%
Validation Loss: 2.0966, Validation Accuracy: 32.85%
[Epoch 2, Batch     2] loss: 0.034
Epoch 2/20:
Train Loss: 1.4508, Train Accuracy: 45.44%
Validation Loss: 1.7524, Validation Accuracy: 39.45%
[Epoch 3, Batch     2] loss: 0.024
Epoch 3/20:
Train Loss: 1.2861, Train Accuracy: 52.55%
Validation Loss: 1.6323, Validation Accuracy: 43.33%
[Epoch 4, Batch     2] loss: 0.022
Epoch 4/20:
Train Loss: 1.1067, Train Accuracy: 59.09%
Validation Loss: 1.5802, Validation Accuracy: 43.87%
[Epoch 5, Batch     2] loss: 0.019
Epoch 5/20:
Train Loss: 0.9530, Train Accuracy: 65.23%
Validation Loss: 1.7173, Validation Accuracy: 43.27%
[Epoch 6, Batch     2] loss: 0.017
Epoch 6/20:
Train Loss: 0.8086, Train Accuracy: 71.18%
Validation Loss: 1.7188, Validation Accuracy: 45.81%
[Epoch 7, Batch     2] loss: 0.013
Epoch 7/20:
Train Loss: 0.6726, Train Accuracy: 75.68%
Validation Loss: 1.7244, Validation Accuracy: 48.04%
[Epoch 8, Batch     2] loss: 0.009
Epoch 8/20:
Train Loss: 0.5700, Train Accuracy: 79.65%
Validation Loss: 1.7691, Validation Accuracy: 49.31%
[Epoch 9, Batch     2] loss: 0.007
Epoch 9/20:
Train Loss: 0.4846, Train Accuracy: 82.89%
Validation Loss: 1.8472, Validation Accuracy: 48.32%
[Epoch 10, Batch     2] loss: 0.007
Epoch 10/20:
Train Loss: 0.3528, Train Accuracy: 87.36%
Validation Loss: 2.1775, Validation Accuracy: 46.11%
[Epoch 11, Batch     2] loss: 0.006
Epoch 11/20:
Train Loss: 0.2876, Train Accuracy: 89.74%
Validation Loss: 1.9128, Validation Accuracy: 52.89%
[Epoch 12, Batch     2] loss: 0.005
Epoch 12/20:
Train Loss: 0.2844, Train Accuracy: 89.80%
Validation Loss: 2.3634, Validation Accuracy: 46.47%
[Epoch 13, Batch     2] loss: 0.005
Epoch 13/20:
Train Loss: 0.1958, Train Accuracy: 92.78%
Validation Loss: 2.0910, Validation Accuracy: 51.71%
[Epoch 14, Batch     2] loss: 0.001
Epoch 14/20:
Train Loss: 0.1384, Train Accuracy: 95.07%
Validation Loss: 2.5547, Validation Accuracy: 48.13%
[Epoch 15, Batch     2] loss: 0.004
Epoch 15/20:
Train Loss: 0.1936, Train Accuracy: 93.46%
Validation Loss: 2.3137, Validation Accuracy: 50.42%
[Epoch 16, Batch     2] loss: 0.003
Epoch 16/20:
Train Loss: 0.1996, Train Accuracy: 92.93%
Validation Loss: 2.1958, Validation Accuracy: 50.30%
[Epoch 17, Batch     2] loss: 0.002
Epoch 17/20:
Train Loss: 0.1597, Train Accuracy: 94.43%
Validation Loss: 2.2060, Validation Accuracy: 51.35%
[Epoch 18, Batch     2] loss: 0.001
Epoch 18/20:
Train Loss: 0.1174, Train Accuracy: 96.24%
Validation Loss: 2.1443, Validation Accuracy: 52.99%
[Epoch 19, Batch     2] loss: 0.002
Epoch 19/20:
Train Loss: 0.0854, Train Accuracy: 97.10%
Validation Loss: 2.4014, Validation Accuracy: 51.56%
[Epoch 20, Batch     2] loss: 0.000
Epoch 20/20:
Train Loss: 0.1351, Train Accuracy: 95.39%
Validation Loss: 2.5440, Validation Accuracy: 50.07%
Model saved to models/resnet18-CIFAR10-BELIEF-balanced_by_score-0.9-2
Modified fc layer: updated out_features to 10.
Initialized untrained model.
resnet18-CIFAR10-BELIEF-balanced_by_score-0.95-2
[Epoch 1, Batch     2] loss: 0.049
Epoch 1/20:
Train Loss: 1.9206, Train Accuracy: 28.29%
Validation Loss: 2.2268, Validation Accuracy: 21.54%
[Epoch 2, Batch     2] loss: 0.035
Epoch 2/20:
Train Loss: 1.5274, Train Accuracy: 40.75%
Validation Loss: 1.9782, Validation Accuracy: 32.11%
[Epoch 3, Batch     2] loss: 0.026
Epoch 3/20:
Train Loss: 1.3118, Train Accuracy: 50.00%
Validation Loss: 2.0454, Validation Accuracy: 34.03%
[Epoch 4, Batch     2] loss: 0.024
Epoch 4/20:
Train Loss: 1.0725, Train Accuracy: 58.81%
Validation Loss: 2.2123, Validation Accuracy: 32.37%
[Epoch 5, Batch     2] loss: 0.018
Epoch 5/20:
Train Loss: 0.9592, Train Accuracy: 62.54%
Validation Loss: 1.9723, Validation Accuracy: 38.94%
[Epoch 6, Batch     2] loss: 0.013
Epoch 6/20:
Train Loss: 0.7423, Train Accuracy: 73.60%
Validation Loss: 2.3706, Validation Accuracy: 32.99%
[Epoch 7, Batch     2] loss: 0.013
Epoch 7/20:
Train Loss: 0.6312, Train Accuracy: 76.16%
Validation Loss: 2.1477, Validation Accuracy: 39.81%
[Epoch 8, Batch     2] loss: 0.011
Epoch 8/20:
Train Loss: 0.5050, Train Accuracy: 80.89%
Validation Loss: 2.1582, Validation Accuracy: 41.72%
[Epoch 9, Batch     2] loss: 0.007
Epoch 9/20:
Train Loss: 0.3882, Train Accuracy: 85.78%
Validation Loss: 2.5439, Validation Accuracy: 41.58%
[Epoch 10, Batch     2] loss: 0.005
Epoch 10/20:
Train Loss: 0.3639, Train Accuracy: 86.58%
Validation Loss: 2.7292, Validation Accuracy: 38.26%
[Epoch 11, Batch     2] loss: 0.004
Epoch 11/20:
Train Loss: 0.2025, Train Accuracy: 93.07%
Validation Loss: 2.4186, Validation Accuracy: 44.81%
[Epoch 12, Batch     2] loss: 0.002
Epoch 12/20:
Train Loss: 0.1806, Train Accuracy: 94.07%
Validation Loss: 3.0516, Validation Accuracy: 37.93%
[Epoch 13, Batch     2] loss: 0.004
Epoch 13/20:
Train Loss: 0.2062, Train Accuracy: 92.63%
Validation Loss: 2.7774, Validation Accuracy: 42.97%
[Epoch 14, Batch     2] loss: 0.002
Epoch 14/20:
Train Loss: 0.2127, Train Accuracy: 93.31%
Validation Loss: 2.5587, Validation Accuracy: 44.69%
[Epoch 15, Batch     2] loss: 0.003
Epoch 15/20:
Train Loss: 0.2306, Train Accuracy: 91.83%
Validation Loss: 2.8217, Validation Accuracy: 42.19%
[Epoch 16, Batch     2] loss: 0.002
Epoch 16/20:
Train Loss: 0.1725, Train Accuracy: 94.19%
Validation Loss: 2.7994, Validation Accuracy: 41.36%
[Epoch 17, Batch     2] loss: 0.001
Epoch 17/20:
Train Loss: 0.1211, Train Accuracy: 95.79%
Validation Loss: 2.8109, Validation Accuracy: 42.96%
[Epoch 18, Batch     2] loss: 0.001
Epoch 18/20:
Train Loss: 0.1083, Train Accuracy: 96.55%
Validation Loss: 2.6867, Validation Accuracy: 46.82%
[Epoch 19, Batch     2] loss: 0.001
Epoch 19/20:
Train Loss: 0.1077, Train Accuracy: 96.23%
Validation Loss: 2.9037, Validation Accuracy: 42.90%
[Epoch 20, Batch     2] loss: 0.001
Epoch 20/20:
Train Loss: 0.0883, Train Accuracy: 97.12%
Validation Loss: 2.6193, Validation Accuracy: 46.69%
Model saved to models/resnet18-CIFAR10-BELIEF-balanced_by_score-0.95-2
Modified fc layer: updated out_features to 10.
Loaded weights from file: models/resnet18_CIFAR10_E1_2
Files already downloaded and verified
Files already downloaded and verified
Modified fc layer: updated out_features to 10.
Initialized untrained model.
resnet18-CIFAR10-BELIEF-median-0.3-2
[Epoch 1, Batch     2] loss: 0.048
[Epoch 1, Batch   102] loss: 1.812
[Epoch 1, Batch   202] loss: 1.544
[Epoch 1, Batch   302] loss: 1.452
[Epoch 1, Batch   402] loss: 1.357
[Epoch 1, Batch   502] loss: 1.318
Epoch 1/20:
Train Loss: 0.1010, Train Accuracy: 46.87%
Validation Loss: 1.7096, Validation Accuracy: 42.21%
[Epoch 2, Batch     2] loss: 0.024
[Epoch 2, Batch   102] loss: 1.218
[Epoch 2, Batch   202] loss: 1.140
[Epoch 2, Batch   302] loss: 1.095
[Epoch 2, Batch   402] loss: 1.081
[Epoch 2, Batch   502] loss: 1.066
Epoch 2/20:
Train Loss: 0.0840, Train Accuracy: 60.30%
Validation Loss: 1.2493, Validation Accuracy: 56.37%
[Epoch 3, Batch     2] loss: 0.019
[Epoch 3, Batch   102] loss: 0.948
[Epoch 3, Batch   202] loss: 0.891
[Epoch 3, Batch   302] loss: 0.942
[Epoch 3, Batch   402] loss: 0.925
[Epoch 3, Batch   502] loss: 0.920
Epoch 3/20:
Train Loss: 0.0717, Train Accuracy: 67.59%
Validation Loss: 1.0599, Validation Accuracy: 63.01%
[Epoch 4, Batch     2] loss: 0.016
[Epoch 4, Batch   102] loss: 0.784
[Epoch 4, Batch   202] loss: 0.807
[Epoch 4, Batch   302] loss: 0.797
[Epoch 4, Batch   402] loss: 0.804
[Epoch 4, Batch   502] loss: 0.806
Epoch 4/20:
Train Loss: 0.0662, Train Accuracy: 71.87%
Validation Loss: 1.0757, Validation Accuracy: 62.91%
[Epoch 5, Batch     2] loss: 0.014
[Epoch 5, Batch   102] loss: 0.670
[Epoch 5, Batch   202] loss: 0.696
[Epoch 5, Batch   302] loss: 0.698
[Epoch 5, Batch   402] loss: 0.687
[Epoch 5, Batch   502] loss: 0.704
Epoch 5/20:
Train Loss: 0.0556, Train Accuracy: 75.88%
Validation Loss: 1.0390, Validation Accuracy: 65.30%
[Epoch 6, Batch     2] loss: 0.014
[Epoch 6, Batch   102] loss: 0.554
[Epoch 6, Batch   202] loss: 0.606
[Epoch 6, Batch   302] loss: 0.637
[Epoch 6, Batch   402] loss: 0.617
[Epoch 6, Batch   502] loss: 0.625
Epoch 6/20:
Train Loss: 0.0481, Train Accuracy: 78.85%
Validation Loss: 0.9017, Validation Accuracy: 69.59%
[Epoch 7, Batch     2] loss: 0.009
[Epoch 7, Batch   102] loss: 0.484
[Epoch 7, Batch   202] loss: 0.536
[Epoch 7, Batch   302] loss: 0.550
[Epoch 7, Batch   402] loss: 0.557
[Epoch 7, Batch   502] loss: 0.560
Epoch 7/20:
Train Loss: 0.0434, Train Accuracy: 81.42%
Validation Loss: 1.1074, Validation Accuracy: 65.03%
[Epoch 8, Batch     2] loss: 0.008
[Epoch 8, Batch   102] loss: 0.409
[Epoch 8, Batch   202] loss: 0.440
[Epoch 8, Batch   302] loss: 0.458
[Epoch 8, Batch   402] loss: 0.485
[Epoch 8, Batch   502] loss: 0.506
Epoch 8/20:
Train Loss: 0.0378, Train Accuracy: 84.01%
Validation Loss: 0.9623, Validation Accuracy: 70.29%
[Epoch 9, Batch     2] loss: 0.007
[Epoch 9, Batch   102] loss: 0.333
[Epoch 9, Batch   202] loss: 0.387
[Epoch 9, Batch   302] loss: 0.398
[Epoch 9, Batch   402] loss: 0.418
[Epoch 9, Batch   502] loss: 0.413
Epoch 9/20:
Train Loss: 0.0340, Train Accuracy: 86.59%
Validation Loss: 0.9206, Validation Accuracy: 71.44%
[Epoch 10, Batch     2] loss: 0.007
[Epoch 10, Batch   102] loss: 0.294
[Epoch 10, Batch   202] loss: 0.322
[Epoch 10, Batch   302] loss: 0.344
[Epoch 10, Batch   402] loss: 0.354
[Epoch 10, Batch   502] loss: 0.366
Epoch 10/20:
Train Loss: 0.0318, Train Accuracy: 88.09%
Validation Loss: 0.9267, Validation Accuracy: 72.03%
[Epoch 11, Batch     2] loss: 0.004
[Epoch 11, Batch   102] loss: 0.219
[Epoch 11, Batch   202] loss: 0.291
[Epoch 11, Batch   302] loss: 0.279
[Epoch 11, Batch   402] loss: 0.299
[Epoch 11, Batch   502] loss: 0.350
Epoch 11/20:
Train Loss: 0.0238, Train Accuracy: 90.04%
Validation Loss: 0.9249, Validation Accuracy: 72.18%
[Epoch 12, Batch     2] loss: 0.004
[Epoch 12, Batch   102] loss: 0.182
[Epoch 12, Batch   202] loss: 0.224
[Epoch 12, Batch   302] loss: 0.262
[Epoch 12, Batch   402] loss: 0.275
[Epoch 12, Batch   502] loss: 0.288
Epoch 12/20:
Train Loss: 0.0226, Train Accuracy: 91.49%
Validation Loss: 0.9687, Validation Accuracy: 72.84%
[Epoch 13, Batch     2] loss: 0.002
[Epoch 13, Batch   102] loss: 0.175
[Epoch 13, Batch   202] loss: 0.198
[Epoch 13, Batch   302] loss: 0.223
[Epoch 13, Batch   402] loss: 0.254
[Epoch 13, Batch   502] loss: 0.255
Epoch 13/20:
Train Loss: 0.0211, Train Accuracy: 92.26%
Validation Loss: 0.9369, Validation Accuracy: 73.15%
[Epoch 14, Batch     2] loss: 0.004
[Epoch 14, Batch   102] loss: 0.146
[Epoch 14, Batch   202] loss: 0.181
[Epoch 14, Batch   302] loss: 0.209
[Epoch 14, Batch   402] loss: 0.204
[Epoch 14, Batch   502] loss: 0.235
Epoch 14/20:
Train Loss: 0.0189, Train Accuracy: 93.13%
Validation Loss: 1.0463, Validation Accuracy: 72.54%
[Epoch 15, Batch     2] loss: 0.003
[Epoch 15, Batch   102] loss: 0.120
[Epoch 15, Batch   202] loss: 0.145
[Epoch 15, Batch   302] loss: 0.162
[Epoch 15, Batch   402] loss: 0.190
[Epoch 15, Batch   502] loss: 0.204
Epoch 15/20:
Train Loss: 0.0169, Train Accuracy: 94.22%
Validation Loss: 1.0022, Validation Accuracy: 73.46%
[Epoch 16, Batch     2] loss: 0.003
[Epoch 16, Batch   102] loss: 0.107
[Epoch 16, Batch   202] loss: 0.159
[Epoch 16, Batch   302] loss: 0.156
[Epoch 16, Batch   402] loss: 0.160
[Epoch 16, Batch   502] loss: 0.179
Epoch 16/20:
Train Loss: 0.0151, Train Accuracy: 94.71%
Validation Loss: 1.1352, Validation Accuracy: 72.09%
[Epoch 17, Batch     2] loss: 0.002
[Epoch 17, Batch   102] loss: 0.117
[Epoch 17, Batch   202] loss: 0.137
[Epoch 17, Batch   302] loss: 0.136
[Epoch 17, Batch   402] loss: 0.168
[Epoch 17, Batch   502] loss: 0.168
Epoch 17/20:
Train Loss: 0.0146, Train Accuracy: 94.72%
Validation Loss: 1.0814, Validation Accuracy: 73.15%
[Epoch 18, Batch     2] loss: 0.001
[Epoch 18, Batch   102] loss: 0.112
[Epoch 18, Batch   202] loss: 0.107
[Epoch 18, Batch   302] loss: 0.137
[Epoch 18, Batch   402] loss: 0.163
[Epoch 18, Batch   502] loss: 0.157
Epoch 18/20:
Train Loss: 0.0113, Train Accuracy: 95.32%
Validation Loss: 1.0687, Validation Accuracy: 74.08%
[Epoch 19, Batch     2] loss: 0.003
[Epoch 19, Batch   102] loss: 0.107
[Epoch 19, Batch   202] loss: 0.112
[Epoch 19, Batch   302] loss: 0.142
[Epoch 19, Batch   402] loss: 0.152
[Epoch 19, Batch   502] loss: 0.138
Epoch 19/20:
Train Loss: 0.0103, Train Accuracy: 95.56%
Validation Loss: 1.2720, Validation Accuracy: 71.35%
[Epoch 20, Batch     2] loss: 0.001
[Epoch 20, Batch   102] loss: 0.098
[Epoch 20, Batch   202] loss: 0.110
[Epoch 20, Batch   302] loss: 0.137
[Epoch 20, Batch   402] loss: 0.128
[Epoch 20, Batch   502] loss: 0.147
Epoch 20/20:
Train Loss: 0.0108, Train Accuracy: 95.76%
Validation Loss: 1.1138, Validation Accuracy: 73.11%
Model saved to models/resnet18-CIFAR10-BELIEF-median-0.3-2
Modified fc layer: updated out_features to 10.
Initialized untrained model.
resnet18-CIFAR10-BELIEF-median-0.5-2
[Epoch 1, Batch     2] loss: 0.047
[Epoch 1, Batch   102] loss: 1.808
[Epoch 1, Batch   202] loss: 1.580
[Epoch 1, Batch   302] loss: 1.454
Epoch 1/20:
Train Loss: 0.3159, Train Accuracy: 42.85%
Validation Loss: 1.6220, Validation Accuracy: 42.35%
[Epoch 2, Batch     2] loss: 0.023
[Epoch 2, Batch   102] loss: 1.306
[Epoch 2, Batch   202] loss: 1.251
[Epoch 2, Batch   302] loss: 1.219
Epoch 2/20:
Train Loss: 0.2674, Train Accuracy: 55.09%
Validation Loss: 1.3706, Validation Accuracy: 51.92%
[Epoch 3, Batch     2] loss: 0.022
[Epoch 3, Batch   102] loss: 1.053
[Epoch 3, Batch   202] loss: 1.063
[Epoch 3, Batch   302] loss: 1.071
Epoch 3/20:
Train Loss: 0.2317, Train Accuracy: 62.46%
Validation Loss: 1.5330, Validation Accuracy: 50.25%
[Epoch 4, Batch     2] loss: 0.016
[Epoch 4, Batch   102] loss: 0.897
[Epoch 4, Batch   202] loss: 0.922
[Epoch 4, Batch   302] loss: 0.923
Epoch 4/20:
Train Loss: 0.2035, Train Accuracy: 67.75%
Validation Loss: 1.5327, Validation Accuracy: 50.22%
[Epoch 5, Batch     2] loss: 0.016
[Epoch 5, Batch   102] loss: 0.769
[Epoch 5, Batch   202] loss: 0.801
[Epoch 5, Batch   302] loss: 0.805
Epoch 5/20:
Train Loss: 0.1792, Train Accuracy: 72.24%
Validation Loss: 0.9964, Validation Accuracy: 66.16%
[Epoch 6, Batch     2] loss: 0.013
[Epoch 6, Batch   102] loss: 0.633
[Epoch 6, Batch   202] loss: 0.689
[Epoch 6, Batch   302] loss: 0.735
Epoch 6/20:
Train Loss: 0.1630, Train Accuracy: 75.95%
Validation Loss: 1.0060, Validation Accuracy: 66.04%
[Epoch 7, Batch     2] loss: 0.011
[Epoch 7, Batch   102] loss: 0.537
[Epoch 7, Batch   202] loss: 0.595
[Epoch 7, Batch   302] loss: 0.653
Epoch 7/20:
Train Loss: 0.1329, Train Accuracy: 79.28%
Validation Loss: 1.8583, Validation Accuracy: 51.57%
[Epoch 8, Batch     2] loss: 0.012
[Epoch 8, Batch   102] loss: 0.458
[Epoch 8, Batch   202] loss: 0.486
[Epoch 8, Batch   302] loss: 0.538
Epoch 8/20:
Train Loss: 0.1180, Train Accuracy: 82.53%
Validation Loss: 1.0077, Validation Accuracy: 67.56%
[Epoch 9, Batch     2] loss: 0.008
[Epoch 9, Batch   102] loss: 0.374
[Epoch 9, Batch   202] loss: 0.431
[Epoch 9, Batch   302] loss: 0.437
Epoch 9/20:
Train Loss: 0.1050, Train Accuracy: 85.31%
Validation Loss: 1.2205, Validation Accuracy: 64.80%
[Epoch 10, Batch     2] loss: 0.006
[Epoch 10, Batch   102] loss: 0.304
[Epoch 10, Batch   202] loss: 0.354
[Epoch 10, Batch   302] loss: 0.376
Epoch 10/20:
Train Loss: 0.0881, Train Accuracy: 87.75%
Validation Loss: 1.0892, Validation Accuracy: 67.71%
[Epoch 11, Batch     2] loss: 0.004
[Epoch 11, Batch   102] loss: 0.248
[Epoch 11, Batch   202] loss: 0.295
[Epoch 11, Batch   302] loss: 0.336
Epoch 11/20:
Train Loss: 0.0741, Train Accuracy: 89.54%
Validation Loss: 1.0999, Validation Accuracy: 69.54%
[Epoch 12, Batch     2] loss: 0.005
[Epoch 12, Batch   102] loss: 0.204
[Epoch 12, Batch   202] loss: 0.240
[Epoch 12, Batch   302] loss: 0.269
Epoch 12/20:
Train Loss: 0.0690, Train Accuracy: 91.33%
Validation Loss: 1.1921, Validation Accuracy: 68.44%
[Epoch 13, Batch     2] loss: 0.004
[Epoch 13, Batch   102] loss: 0.170
[Epoch 13, Batch   202] loss: 0.221
[Epoch 13, Batch   302] loss: 0.231
Epoch 13/20:
Train Loss: 0.0567, Train Accuracy: 92.56%
Validation Loss: 1.3987, Validation Accuracy: 66.47%
[Epoch 14, Batch     2] loss: 0.002
[Epoch 14, Batch   102] loss: 0.147
[Epoch 14, Batch   202] loss: 0.194
[Epoch 14, Batch   302] loss: 0.213
Epoch 14/20:
Train Loss: 0.0461, Train Accuracy: 93.54%
Validation Loss: 1.1907, Validation Accuracy: 69.83%
[Epoch 15, Batch     2] loss: 0.003
[Epoch 15, Batch   102] loss: 0.127
[Epoch 15, Batch   202] loss: 0.182
[Epoch 15, Batch   302] loss: 0.177
Epoch 15/20:
Train Loss: 0.0450, Train Accuracy: 94.13%
Validation Loss: 1.2910, Validation Accuracy: 69.26%
[Epoch 16, Batch     2] loss: 0.002
[Epoch 16, Batch   102] loss: 0.125
[Epoch 16, Batch   202] loss: 0.160
[Epoch 16, Batch   302] loss: 0.184
Epoch 16/20:
Train Loss: 0.0434, Train Accuracy: 94.42%
Validation Loss: 1.4389, Validation Accuracy: 65.54%
[Epoch 17, Batch     2] loss: 0.003
[Epoch 17, Batch   102] loss: 0.115
[Epoch 17, Batch   202] loss: 0.144
[Epoch 17, Batch   302] loss: 0.166
Epoch 17/20:
Train Loss: 0.0369, Train Accuracy: 95.02%
Validation Loss: 1.3103, Validation Accuracy: 70.19%
[Epoch 18, Batch     2] loss: 0.001
[Epoch 18, Batch   102] loss: 0.095
[Epoch 18, Batch   202] loss: 0.133
[Epoch 18, Batch   302] loss: 0.147
Epoch 18/20:
Train Loss: 0.0360, Train Accuracy: 95.33%
Validation Loss: 1.5105, Validation Accuracy: 65.75%
[Epoch 19, Batch     2] loss: 0.001
[Epoch 19, Batch   102] loss: 0.102
[Epoch 19, Batch   202] loss: 0.138
[Epoch 19, Batch   302] loss: 0.146
Epoch 19/20:
Train Loss: 0.0369, Train Accuracy: 95.06%
Validation Loss: 1.3487, Validation Accuracy: 68.54%
[Epoch 20, Batch     2] loss: 0.002
[Epoch 20, Batch   102] loss: 0.090
[Epoch 20, Batch   202] loss: 0.097
[Epoch 20, Batch   302] loss: 0.118
Epoch 20/20:
Train Loss: 0.0375, Train Accuracy: 95.83%
Validation Loss: 1.2975, Validation Accuracy: 69.15%
Model saved to models/resnet18-CIFAR10-BELIEF-median-0.5-2
Modified fc layer: updated out_features to 10.
Initialized untrained model.
resnet18-CIFAR10-BELIEF-median-0.7-2
[Epoch 1, Batch     2] loss: 0.050
[Epoch 1, Batch   102] loss: 1.727
[Epoch 1, Batch   202] loss: 1.509
Epoch 1/20:
Train Loss: 0.1999, Train Accuracy: 42.69%
Validation Loss: 1.5559, Validation Accuracy: 41.82%
[Epoch 2, Batch     2] loss: 0.026
[Epoch 2, Batch   102] loss: 1.342
[Epoch 2, Batch   202] loss: 1.338
Epoch 2/20:
Train Loss: 0.1712, Train Accuracy: 52.04%
Validation Loss: 1.5396, Validation Accuracy: 45.04%
[Epoch 3, Batch     2] loss: 0.023
[Epoch 3, Batch   102] loss: 1.145
[Epoch 3, Batch   202] loss: 1.148
Epoch 3/20:
Train Loss: 0.1528, Train Accuracy: 58.85%
Validation Loss: 1.7475, Validation Accuracy: 43.54%
[Epoch 4, Batch     2] loss: 0.019
[Epoch 4, Batch   102] loss: 0.981
[Epoch 4, Batch   202] loss: 1.010
Epoch 4/20:
Train Loss: 0.1341, Train Accuracy: 65.01%
Validation Loss: 1.5464, Validation Accuracy: 47.88%
[Epoch 5, Batch     2] loss: 0.016
[Epoch 5, Batch   102] loss: 0.864
[Epoch 5, Batch   202] loss: 0.906
Epoch 5/20:
Train Loss: 0.1159, Train Accuracy: 69.05%
Validation Loss: 1.5453, Validation Accuracy: 50.82%
[Epoch 6, Batch     2] loss: 0.011
[Epoch 6, Batch   102] loss: 0.733
[Epoch 6, Batch   202] loss: 0.734
Epoch 6/20:
Train Loss: 0.1092, Train Accuracy: 73.99%
Validation Loss: 1.2502, Validation Accuracy: 57.62%
[Epoch 7, Batch     2] loss: 0.012
[Epoch 7, Batch   102] loss: 0.615
[Epoch 7, Batch   202] loss: 0.646
Epoch 7/20:
Train Loss: 0.0951, Train Accuracy: 77.57%
Validation Loss: 1.2701, Validation Accuracy: 57.86%
[Epoch 8, Batch     2] loss: 0.012
[Epoch 8, Batch   102] loss: 0.503
[Epoch 8, Batch   202] loss: 0.550
Epoch 8/20:
Train Loss: 0.0827, Train Accuracy: 81.28%
Validation Loss: 1.4029, Validation Accuracy: 58.19%
[Epoch 9, Batch     2] loss: 0.009
[Epoch 9, Batch   102] loss: 0.406
[Epoch 9, Batch   202] loss: 0.470
Epoch 9/20:
Train Loss: 0.0758, Train Accuracy: 84.35%
Validation Loss: 1.2782, Validation Accuracy: 60.85%
[Epoch 10, Batch     2] loss: 0.006
[Epoch 10, Batch   102] loss: 0.329
[Epoch 10, Batch   202] loss: 0.388
Epoch 10/20:
Train Loss: 0.0583, Train Accuracy: 87.01%
Validation Loss: 1.3373, Validation Accuracy: 60.15%
[Epoch 11, Batch     2] loss: 0.005
[Epoch 11, Batch   102] loss: 0.259
[Epoch 11, Batch   202] loss: 0.314
Epoch 11/20:
Train Loss: 0.0494, Train Accuracy: 89.74%
Validation Loss: 1.4769, Validation Accuracy: 59.54%
[Epoch 12, Batch     2] loss: 0.003
[Epoch 12, Batch   102] loss: 0.218
[Epoch 12, Batch   202] loss: 0.307
Epoch 12/20:
Train Loss: 0.0413, Train Accuracy: 90.47%
Validation Loss: 1.4570, Validation Accuracy: 62.87%
[Epoch 13, Batch     2] loss: 0.005
[Epoch 13, Batch   102] loss: 0.177
[Epoch 13, Batch   202] loss: 0.241
Epoch 13/20:
Train Loss: 0.0364, Train Accuracy: 92.59%
Validation Loss: 1.6075, Validation Accuracy: 59.32%
[Epoch 14, Batch     2] loss: 0.003
[Epoch 14, Batch   102] loss: 0.167
[Epoch 14, Batch   202] loss: 0.201
Epoch 14/20:
Train Loss: 0.0253, Train Accuracy: 93.70%
Validation Loss: 1.6443, Validation Accuracy: 60.00%
[Epoch 15, Batch     2] loss: 0.004
[Epoch 15, Batch   102] loss: 0.159
[Epoch 15, Batch   202] loss: 0.171
Epoch 15/20:
Train Loss: 0.0285, Train Accuracy: 94.06%
Validation Loss: 1.5487, Validation Accuracy: 62.29%
[Epoch 16, Batch     2] loss: 0.002
[Epoch 16, Batch   102] loss: 0.138
[Epoch 16, Batch   202] loss: 0.142
Epoch 16/20:
Train Loss: 0.0202, Train Accuracy: 95.21%
Validation Loss: 1.7144, Validation Accuracy: 62.87%
[Epoch 17, Batch     2] loss: 0.002
[Epoch 17, Batch   102] loss: 0.114
[Epoch 17, Batch   202] loss: 0.179
Epoch 17/20:
Train Loss: 0.0205, Train Accuracy: 94.91%
Validation Loss: 1.7203, Validation Accuracy: 62.05%
[Epoch 18, Batch     2] loss: 0.002
[Epoch 18, Batch   102] loss: 0.108
[Epoch 18, Batch   202] loss: 0.107
Epoch 18/20:
Train Loss: 0.0191, Train Accuracy: 96.20%
Validation Loss: 1.8181, Validation Accuracy: 61.73%
[Epoch 19, Batch     2] loss: 0.002
[Epoch 19, Batch   102] loss: 0.110
[Epoch 19, Batch   202] loss: 0.138
Epoch 19/20:
Train Loss: 0.0199, Train Accuracy: 95.74%
Validation Loss: 1.6989, Validation Accuracy: 62.68%
[Epoch 20, Batch     2] loss: 0.003
[Epoch 20, Batch   102] loss: 0.096
[Epoch 20, Batch   202] loss: 0.101
Epoch 20/20:
Train Loss: 0.0204, Train Accuracy: 96.33%
Validation Loss: 1.6695, Validation Accuracy: 62.90%
Model saved to models/resnet18-CIFAR10-BELIEF-median-0.7-2
Modified fc layer: updated out_features to 10.
Initialized untrained model.
resnet18-CIFAR10-BELIEF-median-0.8-2
[Epoch 1, Batch     2] loss: 0.051
[Epoch 1, Batch   102] loss: 1.718
Epoch 1/20:
Train Loss: 0.5333, Train Accuracy: 41.77%
Validation Loss: 1.5768, Validation Accuracy: 39.78%
[Epoch 2, Batch     2] loss: 0.027
[Epoch 2, Batch   102] loss: 1.375
Epoch 2/20:
Train Loss: 0.4703, Train Accuracy: 50.93%
Validation Loss: 1.8086, Validation Accuracy: 36.08%
[Epoch 3, Batch     2] loss: 0.025
[Epoch 3, Batch   102] loss: 1.202
Epoch 3/20:
Train Loss: 0.4201, Train Accuracy: 56.68%
Validation Loss: 1.4552, Validation Accuracy: 47.32%
[Epoch 4, Batch     2] loss: 0.019
[Epoch 4, Batch   102] loss: 1.064
Epoch 4/20:
Train Loss: 0.3756, Train Accuracy: 61.57%
Validation Loss: 1.3423, Validation Accuracy: 50.21%
[Epoch 5, Batch     2] loss: 0.016
[Epoch 5, Batch   102] loss: 0.933
Epoch 5/20:
Train Loss: 0.3300, Train Accuracy: 66.58%
Validation Loss: 1.7126, Validation Accuracy: 42.84%
[Epoch 6, Batch     2] loss: 0.016
[Epoch 6, Batch   102] loss: 0.808
Epoch 6/20:
Train Loss: 0.2963, Train Accuracy: 70.51%
Validation Loss: 1.4273, Validation Accuracy: 51.60%
[Epoch 7, Batch     2] loss: 0.013
[Epoch 7, Batch   102] loss: 0.670
Epoch 7/20:
Train Loss: 0.2520, Train Accuracy: 75.55%
Validation Loss: 1.9978, Validation Accuracy: 42.73%
[Epoch 8, Batch     2] loss: 0.015
[Epoch 8, Batch   102] loss: 0.563
Epoch 8/20:
Train Loss: 0.2213, Train Accuracy: 79.30%
Validation Loss: 1.5249, Validation Accuracy: 53.43%
[Epoch 9, Batch     2] loss: 0.012
[Epoch 9, Batch   102] loss: 0.467
Epoch 9/20:
Train Loss: 0.1848, Train Accuracy: 82.85%
Validation Loss: 1.4061, Validation Accuracy: 57.34%
[Epoch 10, Batch     2] loss: 0.006
[Epoch 10, Batch   102] loss: 0.363
Epoch 10/20:
Train Loss: 0.1554, Train Accuracy: 86.50%
Validation Loss: 1.6358, Validation Accuracy: 52.28%
[Epoch 11, Batch     2] loss: 0.004
[Epoch 11, Batch   102] loss: 0.295
Epoch 11/20:
Train Loss: 0.1362, Train Accuracy: 88.53%
Validation Loss: 1.5952, Validation Accuracy: 53.50%
[Epoch 12, Batch     2] loss: 0.003
[Epoch 12, Batch   102] loss: 0.239
Epoch 12/20:
Train Loss: 0.1011, Train Accuracy: 91.30%
Validation Loss: 2.0240, Validation Accuracy: 52.46%
[Epoch 13, Batch     2] loss: 0.004
[Epoch 13, Batch   102] loss: 0.207
Epoch 13/20:
Train Loss: 0.1030, Train Accuracy: 91.62%
Validation Loss: 1.7718, Validation Accuracy: 56.29%
[Epoch 14, Batch     2] loss: 0.004
[Epoch 14, Batch   102] loss: 0.183
Epoch 14/20:
Train Loss: 0.0782, Train Accuracy: 93.17%
Validation Loss: 1.7242, Validation Accuracy: 57.14%
[Epoch 15, Batch     2] loss: 0.002
[Epoch 15, Batch   102] loss: 0.130
Epoch 15/20:
Train Loss: 0.0694, Train Accuracy: 94.77%
Validation Loss: 2.0445, Validation Accuracy: 52.94%
[Epoch 16, Batch     2] loss: 0.002
[Epoch 16, Batch   102] loss: 0.168
Epoch 16/20:
Train Loss: 0.0557, Train Accuracy: 94.48%
Validation Loss: 2.1984, Validation Accuracy: 51.89%
[Epoch 17, Batch     2] loss: 0.002
[Epoch 17, Batch   102] loss: 0.151
Epoch 17/20:
Train Loss: 0.0626, Train Accuracy: 94.42%
Validation Loss: 2.0315, Validation Accuracy: 54.95%
[Epoch 18, Batch     2] loss: 0.002
[Epoch 18, Batch   102] loss: 0.111
Epoch 18/20:
Train Loss: 0.0420, Train Accuracy: 96.12%
Validation Loss: 2.2016, Validation Accuracy: 55.23%
[Epoch 19, Batch     2] loss: 0.002
[Epoch 19, Batch   102] loss: 0.093
Epoch 19/20:
Train Loss: 0.0491, Train Accuracy: 96.09%
Validation Loss: 2.1576, Validation Accuracy: 56.47%
[Epoch 20, Batch     2] loss: 0.001
[Epoch 20, Batch   102] loss: 0.100
Epoch 20/20:
Train Loss: 0.0432, Train Accuracy: 96.03%
Validation Loss: 2.6703, Validation Accuracy: 51.10%
Model saved to models/resnet18-CIFAR10-BELIEF-median-0.8-2
Modified fc layer: updated out_features to 10.
Initialized untrained model.
resnet18-CIFAR10-BELIEF-median-0.9-2
[Epoch 1, Batch     2] loss: 0.051
Epoch 1/20:
Train Loss: 1.7852, Train Accuracy: 34.29%
Validation Loss: 2.1788, Validation Accuracy: 27.44%
[Epoch 2, Batch     2] loss: 0.034
Epoch 2/20:
Train Loss: 1.4888, Train Accuracy: 44.13%
Validation Loss: 2.0479, Validation Accuracy: 32.93%
[Epoch 3, Batch     2] loss: 0.027
Epoch 3/20:
Train Loss: 1.3445, Train Accuracy: 50.26%
Validation Loss: 1.7016, Validation Accuracy: 39.66%
[Epoch 4, Batch     2] loss: 0.022
Epoch 4/20:
Train Loss: 1.1969, Train Accuracy: 54.95%
Validation Loss: 1.7936, Validation Accuracy: 37.75%
[Epoch 5, Batch     2] loss: 0.022
Epoch 5/20:
Train Loss: 1.0590, Train Accuracy: 60.64%
Validation Loss: 1.5918, Validation Accuracy: 44.50%
[Epoch 6, Batch     2] loss: 0.018
Epoch 6/20:
Train Loss: 0.9158, Train Accuracy: 65.62%
Validation Loss: 1.8315, Validation Accuracy: 41.40%
[Epoch 7, Batch     2] loss: 0.016
Epoch 7/20:
Train Loss: 0.7226, Train Accuracy: 73.30%
Validation Loss: 1.7166, Validation Accuracy: 46.72%
[Epoch 8, Batch     2] loss: 0.011
Epoch 8/20:
Train Loss: 0.6150, Train Accuracy: 77.40%
Validation Loss: 1.9244, Validation Accuracy: 44.04%
[Epoch 9, Batch     2] loss: 0.010
Epoch 9/20:
Train Loss: 0.4873, Train Accuracy: 82.59%
Validation Loss: 2.0481, Validation Accuracy: 44.87%
[Epoch 10, Batch     2] loss: 0.010
Epoch 10/20:
Train Loss: 0.3986, Train Accuracy: 85.46%
Validation Loss: 2.1590, Validation Accuracy: 44.15%
[Epoch 11, Batch     2] loss: 0.008
Epoch 11/20:
Train Loss: 0.3373, Train Accuracy: 88.00%
Validation Loss: 2.1290, Validation Accuracy: 45.76%
[Epoch 12, Batch     2] loss: 0.006
Epoch 12/20:
Train Loss: 0.2588, Train Accuracy: 90.52%
Validation Loss: 2.1287, Validation Accuracy: 49.16%
[Epoch 13, Batch     2] loss: 0.005
Epoch 13/20:
Train Loss: 0.1976, Train Accuracy: 92.91%
Validation Loss: 2.5581, Validation Accuracy: 47.13%
[Epoch 14, Batch     2] loss: 0.003
Epoch 14/20:
Train Loss: 0.2469, Train Accuracy: 91.43%
Validation Loss: 2.2127, Validation Accuracy: 46.94%
[Epoch 15, Batch     2] loss: 0.004
Epoch 15/20:
Train Loss: 0.1733, Train Accuracy: 93.73%
Validation Loss: 2.3974, Validation Accuracy: 48.57%
[Epoch 16, Batch     2] loss: 0.003
Epoch 16/20:
Train Loss: 0.1643, Train Accuracy: 94.09%
Validation Loss: 2.8642, Validation Accuracy: 43.65%
[Epoch 17, Batch     2] loss: 0.003
Epoch 17/20:
Train Loss: 0.1446, Train Accuracy: 94.85%
Validation Loss: 2.4411, Validation Accuracy: 47.90%
[Epoch 18, Batch     2] loss: 0.002
Epoch 18/20:
Train Loss: 0.1125, Train Accuracy: 95.99%
Validation Loss: 2.7944, Validation Accuracy: 45.69%
[Epoch 19, Batch     2] loss: 0.003
Epoch 19/20:
Train Loss: 0.1090, Train Accuracy: 96.29%
Validation Loss: 2.9417, Validation Accuracy: 45.62%
[Epoch 20, Batch     2] loss: 0.002
Epoch 20/20:
Train Loss: 0.1222, Train Accuracy: 95.97%
Validation Loss: 2.4338, Validation Accuracy: 48.80%
Model saved to models/resnet18-CIFAR10-BELIEF-median-0.9-2
Modified fc layer: updated out_features to 10.
Initialized untrained model.
resnet18-CIFAR10-BELIEF-median-0.95-2
[Epoch 1, Batch     2] loss: 0.052
Epoch 1/20:
Train Loss: 1.9040, Train Accuracy: 29.77%
Validation Loss: 2.5974, Validation Accuracy: 18.72%
[Epoch 2, Batch     2] loss: 0.032
Epoch 2/20:
Train Loss: 1.5457, Train Accuracy: 41.23%
Validation Loss: 1.8536, Validation Accuracy: 32.92%
[Epoch 3, Batch     2] loss: 0.026
Epoch 3/20:
Train Loss: 1.3410, Train Accuracy: 48.84%
Validation Loss: 2.1901, Validation Accuracy: 29.28%
[Epoch 4, Batch     2] loss: 0.025
Epoch 4/20:
Train Loss: 1.1633, Train Accuracy: 55.17%
Validation Loss: 2.0064, Validation Accuracy: 34.88%
[Epoch 5, Batch     2] loss: 0.018
Epoch 5/20:
Train Loss: 1.0603, Train Accuracy: 59.94%
Validation Loss: 2.1826, Validation Accuracy: 30.07%
[Epoch 6, Batch     2] loss: 0.020
Epoch 6/20:
Train Loss: 0.8862, Train Accuracy: 66.95%
Validation Loss: 2.0221, Validation Accuracy: 36.24%
[Epoch 7, Batch     2] loss: 0.013
Epoch 7/20:
Train Loss: 0.7018, Train Accuracy: 75.00%
Validation Loss: 2.5076, Validation Accuracy: 33.24%
[Epoch 8, Batch     2] loss: 0.010
Epoch 8/20:
Train Loss: 0.5782, Train Accuracy: 78.08%
Validation Loss: 2.6486, Validation Accuracy: 32.05%
[Epoch 9, Batch     2] loss: 0.008
Epoch 9/20:
Train Loss: 0.4566, Train Accuracy: 83.05%
Validation Loss: 3.0381, Validation Accuracy: 31.08%
[Epoch 10, Batch     2] loss: 0.006
Epoch 10/20:
Train Loss: 0.4116, Train Accuracy: 85.26%
Validation Loss: 2.4336, Validation Accuracy: 36.68%
[Epoch 11, Batch     2] loss: 0.006
Epoch 11/20:
Train Loss: 0.2954, Train Accuracy: 89.66%
Validation Loss: 2.8553, Validation Accuracy: 37.51%
[Epoch 12, Batch     2] loss: 0.005
Epoch 12/20:
Train Loss: 0.2533, Train Accuracy: 90.14%
Validation Loss: 3.4618, Validation Accuracy: 35.42%
[Epoch 13, Batch     2] loss: 0.003
Epoch 13/20:
Train Loss: 0.2541, Train Accuracy: 91.27%
Validation Loss: 2.6592, Validation Accuracy: 40.65%
[Epoch 14, Batch     2] loss: 0.003
Epoch 14/20:
Train Loss: 0.1927, Train Accuracy: 93.11%
Validation Loss: 3.0434, Validation Accuracy: 37.61%
[Epoch 15, Batch     2] loss: 0.002
Epoch 15/20:
Train Loss: 0.1937, Train Accuracy: 92.75%
Validation Loss: 2.9785, Validation Accuracy: 37.85%
[Epoch 16, Batch     2] loss: 0.001
Epoch 16/20:
Train Loss: 0.1608, Train Accuracy: 94.47%
Validation Loss: 2.9297, Validation Accuracy: 39.49%
[Epoch 17, Batch     2] loss: 0.002
Epoch 17/20:
Train Loss: 0.1348, Train Accuracy: 95.55%
Validation Loss: 2.9784, Validation Accuracy: 39.97%
[Epoch 18, Batch     2] loss: 0.002
Epoch 18/20:
Train Loss: 0.1294, Train Accuracy: 95.35%
Validation Loss: 3.1665, Validation Accuracy: 38.95%
[Epoch 19, Batch     2] loss: 0.002
Epoch 19/20:
Train Loss: 0.1547, Train Accuracy: 94.87%
Validation Loss: 3.4751, Validation Accuracy: 35.99%
[Epoch 20, Batch     2] loss: 0.003
Epoch 20/20:
Train Loss: 0.1385, Train Accuracy: 94.63%
Validation Loss: 3.0234, Validation Accuracy: 39.06%
Model saved to models/resnet18-CIFAR10-BELIEF-median-0.95-2
Modified fc layer: updated out_features to 10.
Loaded weights from file: models/resnet18_CIFAR10_E1_2
Files already downloaded and verified
Files already downloaded and verified
Modified fc layer: updated out_features to 10.
Initialized untrained model.
resnet18-CIFAR10-BELIEF-balanced_by_score1-0.3-2
[Epoch 1, Batch     2] loss: 0.053
[Epoch 1, Batch   102] loss: 1.832
[Epoch 1, Batch   202] loss: 1.570
[Epoch 1, Batch   302] loss: 1.456
[Epoch 1, Batch   402] loss: 1.388
[Epoch 1, Batch   502] loss: 1.285
Epoch 1/20:
Train Loss: 0.1009, Train Accuracy: 46.30%
Validation Loss: 1.4369, Validation Accuracy: 49.39%
[Epoch 2, Batch     2] loss: 0.023
[Epoch 2, Batch   102] loss: 1.182
[Epoch 2, Batch   202] loss: 1.133
[Epoch 2, Batch   302] loss: 1.090
[Epoch 2, Batch   402] loss: 1.087
[Epoch 2, Batch   502] loss: 1.034
Epoch 2/20:
Train Loss: 0.0839, Train Accuracy: 60.95%
Validation Loss: 1.1196, Validation Accuracy: 61.06%
[Epoch 3, Batch     2] loss: 0.019
[Epoch 3, Batch   102] loss: 0.945
[Epoch 3, Batch   202] loss: 0.914
[Epoch 3, Batch   302] loss: 0.920
[Epoch 3, Batch   402] loss: 0.902
[Epoch 3, Batch   502] loss: 0.911
Epoch 3/20:
Train Loss: 0.0739, Train Accuracy: 67.86%
Validation Loss: 1.0612, Validation Accuracy: 62.99%
[Epoch 4, Batch     2] loss: 0.014
[Epoch 4, Batch   102] loss: 0.786
[Epoch 4, Batch   202] loss: 0.807
[Epoch 4, Batch   302] loss: 0.769
[Epoch 4, Batch   402] loss: 0.793
[Epoch 4, Batch   502] loss: 0.813
Epoch 4/20:
Train Loss: 0.0662, Train Accuracy: 72.22%
Validation Loss: 0.9159, Validation Accuracy: 67.78%
[Epoch 5, Batch     2] loss: 0.013
[Epoch 5, Batch   102] loss: 0.644
[Epoch 5, Batch   202] loss: 0.683
[Epoch 5, Batch   302] loss: 0.729
[Epoch 5, Batch   402] loss: 0.698
[Epoch 5, Batch   502] loss: 0.683
Epoch 5/20:
Train Loss: 0.0552, Train Accuracy: 76.07%
Validation Loss: 0.8598, Validation Accuracy: 70.88%
[Epoch 6, Batch     2] loss: 0.009
[Epoch 6, Batch   102] loss: 0.548
[Epoch 6, Batch   202] loss: 0.590
[Epoch 6, Batch   302] loss: 0.627
[Epoch 6, Batch   402] loss: 0.610
[Epoch 6, Batch   502] loss: 0.609
Epoch 6/20:
Train Loss: 0.0490, Train Accuracy: 79.32%
Validation Loss: 0.9919, Validation Accuracy: 67.48%
[Epoch 7, Batch     2] loss: 0.008
[Epoch 7, Batch   102] loss: 0.461
[Epoch 7, Batch   202] loss: 0.489
[Epoch 7, Batch   302] loss: 0.521
[Epoch 7, Batch   402] loss: 0.529
[Epoch 7, Batch   502] loss: 0.556
Epoch 7/20:
Train Loss: 0.0442, Train Accuracy: 82.07%
Validation Loss: 0.8311, Validation Accuracy: 72.50%
[Epoch 8, Batch     2] loss: 0.009
[Epoch 8, Batch   102] loss: 0.377
[Epoch 8, Batch   202] loss: 0.436
[Epoch 8, Batch   302] loss: 0.464
[Epoch 8, Batch   402] loss: 0.437
[Epoch 8, Batch   502] loss: 0.450
Epoch 8/20:
Train Loss: 0.0389, Train Accuracy: 84.70%
Validation Loss: 0.9780, Validation Accuracy: 69.32%
[Epoch 9, Batch     2] loss: 0.006
[Epoch 9, Batch   102] loss: 0.314
[Epoch 9, Batch   202] loss: 0.363
[Epoch 9, Batch   302] loss: 0.398
[Epoch 9, Batch   402] loss: 0.380
[Epoch 9, Batch   502] loss: 0.401
Epoch 9/20:
Train Loss: 0.0345, Train Accuracy: 87.14%
Validation Loss: 0.9862, Validation Accuracy: 70.17%
[Epoch 10, Batch     2] loss: 0.005
[Epoch 10, Batch   102] loss: 0.257
[Epoch 10, Batch   202] loss: 0.302
[Epoch 10, Batch   302] loss: 0.338
[Epoch 10, Batch   402] loss: 0.331
[Epoch 10, Batch   502] loss: 0.374
Epoch 10/20:
Train Loss: 0.0272, Train Accuracy: 88.86%
Validation Loss: 0.9228, Validation Accuracy: 72.60%
[Epoch 11, Batch     2] loss: 0.005
[Epoch 11, Batch   102] loss: 0.197
[Epoch 11, Batch   202] loss: 0.262
[Epoch 11, Batch   302] loss: 0.256
[Epoch 11, Batch   402] loss: 0.303
[Epoch 11, Batch   502] loss: 0.291
Epoch 11/20:
Train Loss: 0.0253, Train Accuracy: 90.83%
Validation Loss: 1.0014, Validation Accuracy: 72.04%
[Epoch 12, Batch     2] loss: 0.003
[Epoch 12, Batch   102] loss: 0.186
[Epoch 12, Batch   202] loss: 0.195
[Epoch 12, Batch   302] loss: 0.263
[Epoch 12, Batch   402] loss: 0.235
[Epoch 12, Batch   502] loss: 0.259
Epoch 12/20:
Train Loss: 0.0192, Train Accuracy: 92.05%
Validation Loss: 1.1281, Validation Accuracy: 70.13%
[Epoch 13, Batch     2] loss: 0.004
[Epoch 13, Batch   102] loss: 0.157
[Epoch 13, Batch   202] loss: 0.170
[Epoch 13, Batch   302] loss: 0.190
[Epoch 13, Batch   402] loss: 0.217
[Epoch 13, Batch   502] loss: 0.230
Epoch 13/20:
Train Loss: 0.0178, Train Accuracy: 93.35%
Validation Loss: 1.1174, Validation Accuracy: 71.55%
[Epoch 14, Batch     2] loss: 0.004
[Epoch 14, Batch   102] loss: 0.133
[Epoch 14, Batch   202] loss: 0.168
[Epoch 14, Batch   302] loss: 0.180
[Epoch 14, Batch   402] loss: 0.192
[Epoch 14, Batch   502] loss: 0.210
Epoch 14/20:
Train Loss: 0.0186, Train Accuracy: 93.88%
Validation Loss: 1.0475, Validation Accuracy: 71.92%
[Epoch 15, Batch     2] loss: 0.003
[Epoch 15, Batch   102] loss: 0.118
[Epoch 15, Batch   202] loss: 0.145
[Epoch 15, Batch   302] loss: 0.158
[Epoch 15, Batch   402] loss: 0.176
[Epoch 15, Batch   502] loss: 0.179
Epoch 15/20:
Train Loss: 0.0147, Train Accuracy: 94.58%
Validation Loss: 1.2172, Validation Accuracy: 71.15%
[Epoch 16, Batch     2] loss: 0.002
[Epoch 16, Batch   102] loss: 0.119
[Epoch 16, Batch   202] loss: 0.127
[Epoch 16, Batch   302] loss: 0.161
[Epoch 16, Batch   402] loss: 0.161
[Epoch 16, Batch   502] loss: 0.185
Epoch 16/20:
Train Loss: 0.0131, Train Accuracy: 94.79%
Validation Loss: 1.1484, Validation Accuracy: 72.29%
[Epoch 17, Batch     2] loss: 0.004
[Epoch 17, Batch   102] loss: 0.100
[Epoch 17, Batch   202] loss: 0.112
[Epoch 17, Batch   302] loss: 0.154
[Epoch 17, Batch   402] loss: 0.164
[Epoch 17, Batch   502] loss: 0.156
Epoch 17/20:
Train Loss: 0.0118, Train Accuracy: 95.17%
Validation Loss: 1.1404, Validation Accuracy: 72.77%
[Epoch 18, Batch     2] loss: 0.001
[Epoch 18, Batch   102] loss: 0.100
[Epoch 18, Batch   202] loss: 0.107
[Epoch 18, Batch   302] loss: 0.118
[Epoch 18, Batch   402] loss: 0.125
[Epoch 18, Batch   502] loss: 0.167
Epoch 18/20:
Train Loss: 0.0132, Train Accuracy: 95.59%
Validation Loss: 1.3032, Validation Accuracy: 69.59%
[Epoch 19, Batch     2] loss: 0.003
[Epoch 19, Batch   102] loss: 0.104
[Epoch 19, Batch   202] loss: 0.104
[Epoch 19, Batch   302] loss: 0.123
[Epoch 19, Batch   402] loss: 0.134
[Epoch 19, Batch   502] loss: 0.145
Epoch 19/20:
Train Loss: 0.0100, Train Accuracy: 95.79%
Validation Loss: 1.1503, Validation Accuracy: 72.62%
[Epoch 20, Batch     2] loss: 0.002
[Epoch 20, Batch   102] loss: 0.087
[Epoch 20, Batch   202] loss: 0.093
[Epoch 20, Batch   302] loss: 0.115
[Epoch 20, Batch   402] loss: 0.115
[Epoch 20, Batch   502] loss: 0.153
Epoch 20/20:
Train Loss: 0.0125, Train Accuracy: 95.97%
Validation Loss: 1.2890, Validation Accuracy: 69.73%
Model saved to models/resnet18-CIFAR10-BELIEF-balanced_by_score1-0.3-2
Modified fc layer: updated out_features to 10.
Initialized untrained model.
resnet18-CIFAR10-BELIEF-balanced_by_score1-0.5-2
[Epoch 1, Batch     2] loss: 0.049
[Epoch 1, Batch   102] loss: 1.830
[Epoch 1, Batch   202] loss: 1.573
[Epoch 1, Batch   302] loss: 1.417
Epoch 1/20:
Train Loss: 0.3099, Train Accuracy: 44.03%
Validation Loss: 1.4615, Validation Accuracy: 47.79%
[Epoch 2, Batch     2] loss: 0.027
[Epoch 2, Batch   102] loss: 1.237
[Epoch 2, Batch   202] loss: 1.194
[Epoch 2, Batch   302] loss: 1.182
Epoch 2/20:
Train Loss: 0.2617, Train Accuracy: 57.26%
Validation Loss: 2.0695, Validation Accuracy: 39.77%
[Epoch 3, Batch     2] loss: 0.022
[Epoch 3, Batch   102] loss: 1.029
[Epoch 3, Batch   202] loss: 1.029
[Epoch 3, Batch   302] loss: 1.007
Epoch 3/20:
Train Loss: 0.2251, Train Accuracy: 63.90%
Validation Loss: 1.3570, Validation Accuracy: 55.65%
[Epoch 4, Batch     2] loss: 0.018
[Epoch 4, Batch   102] loss: 0.847
[Epoch 4, Batch   202] loss: 0.883
[Epoch 4, Batch   302] loss: 0.881
Epoch 4/20:
Train Loss: 0.1995, Train Accuracy: 69.50%
Validation Loss: 1.0235, Validation Accuracy: 64.43%
[Epoch 5, Batch     2] loss: 0.017
[Epoch 5, Batch   102] loss: 0.756
[Epoch 5, Batch   202] loss: 0.766
[Epoch 5, Batch   302] loss: 0.771
Epoch 5/20:
Train Loss: 0.1761, Train Accuracy: 73.04%
Validation Loss: 1.0672, Validation Accuracy: 64.29%
[Epoch 6, Batch     2] loss: 0.013
[Epoch 6, Batch   102] loss: 0.645
[Epoch 6, Batch   202] loss: 0.675
[Epoch 6, Batch   302] loss: 0.701
Epoch 6/20:
Train Loss: 0.1534, Train Accuracy: 76.45%
Validation Loss: 0.9186, Validation Accuracy: 69.04%
[Epoch 7, Batch     2] loss: 0.013
[Epoch 7, Batch   102] loss: 0.535
[Epoch 7, Batch   202] loss: 0.587
[Epoch 7, Batch   302] loss: 0.608
Epoch 7/20:
Train Loss: 0.1373, Train Accuracy: 79.29%
Validation Loss: 1.0928, Validation Accuracy: 65.51%
[Epoch 8, Batch     2] loss: 0.011
[Epoch 8, Batch   102] loss: 0.438
[Epoch 8, Batch   202] loss: 0.510
[Epoch 8, Batch   302] loss: 0.506
Epoch 8/20:
Train Loss: 0.1245, Train Accuracy: 82.47%
Validation Loss: 1.1095, Validation Accuracy: 65.97%
[Epoch 9, Batch     2] loss: 0.007
[Epoch 9, Batch   102] loss: 0.358
[Epoch 9, Batch   202] loss: 0.456
[Epoch 9, Batch   302] loss: 0.430
Epoch 9/20:
Train Loss: 0.1067, Train Accuracy: 85.01%
Validation Loss: 1.0264, Validation Accuracy: 67.62%
[Epoch 10, Batch     2] loss: 0.005
[Epoch 10, Batch   102] loss: 0.306
[Epoch 10, Batch   202] loss: 0.372
[Epoch 10, Batch   302] loss: 0.363
Epoch 10/20:
Train Loss: 0.0927, Train Accuracy: 87.36%
Validation Loss: 1.1857, Validation Accuracy: 66.59%
[Epoch 11, Batch     2] loss: 0.005
[Epoch 11, Batch   102] loss: 0.246
[Epoch 11, Batch   202] loss: 0.300
[Epoch 11, Batch   302] loss: 0.304
Epoch 11/20:
Train Loss: 0.0822, Train Accuracy: 89.48%
Validation Loss: 1.0279, Validation Accuracy: 69.39%
[Epoch 12, Batch     2] loss: 0.004
[Epoch 12, Batch   102] loss: 0.178
[Epoch 12, Batch   202] loss: 0.221
[Epoch 12, Batch   302] loss: 0.296
Epoch 12/20:
Train Loss: 0.0679, Train Accuracy: 91.51%
Validation Loss: 1.1675, Validation Accuracy: 68.18%
[Epoch 13, Batch     2] loss: 0.005
[Epoch 13, Batch   102] loss: 0.179
[Epoch 13, Batch   202] loss: 0.224
[Epoch 13, Batch   302] loss: 0.251
Epoch 13/20:
Train Loss: 0.0553, Train Accuracy: 92.13%
Validation Loss: 1.1077, Validation Accuracy: 71.35%
[Epoch 14, Batch     2] loss: 0.004
[Epoch 14, Batch   102] loss: 0.158
[Epoch 14, Batch   202] loss: 0.190
[Epoch 14, Batch   302] loss: 0.211
Epoch 14/20:
Train Loss: 0.0493, Train Accuracy: 93.27%
Validation Loss: 1.2142, Validation Accuracy: 68.43%
[Epoch 15, Batch     2] loss: 0.003
[Epoch 15, Batch   102] loss: 0.137
[Epoch 15, Batch   202] loss: 0.162
[Epoch 15, Batch   302] loss: 0.190
Epoch 15/20:
Train Loss: 0.0409, Train Accuracy: 94.12%
Validation Loss: 1.4326, Validation Accuracy: 66.57%
[Epoch 16, Batch     2] loss: 0.003
[Epoch 16, Batch   102] loss: 0.143
[Epoch 16, Batch   202] loss: 0.168
[Epoch 16, Batch   302] loss: 0.190
Epoch 16/20:
Train Loss: 0.0366, Train Accuracy: 94.25%
Validation Loss: 1.3290, Validation Accuracy: 68.94%
[Epoch 17, Batch     2] loss: 0.003
[Epoch 17, Batch   102] loss: 0.101
[Epoch 17, Batch   202] loss: 0.153
[Epoch 17, Batch   302] loss: 0.152
Epoch 17/20:
Train Loss: 0.0356, Train Accuracy: 95.04%
Validation Loss: 1.4080, Validation Accuracy: 66.42%
[Epoch 18, Batch     2] loss: 0.003
[Epoch 18, Batch   102] loss: 0.095
[Epoch 18, Batch   202] loss: 0.119
[Epoch 18, Batch   302] loss: 0.159
Epoch 18/20:
Train Loss: 0.0352, Train Accuracy: 95.51%
Validation Loss: 1.3694, Validation Accuracy: 68.75%
[Epoch 19, Batch     2] loss: 0.003
[Epoch 19, Batch   102] loss: 0.108
[Epoch 19, Batch   202] loss: 0.138
[Epoch 19, Batch   302] loss: 0.143
Epoch 19/20:
Train Loss: 0.0338, Train Accuracy: 95.17%
Validation Loss: 1.2251, Validation Accuracy: 70.48%
[Epoch 20, Batch     2] loss: 0.002
[Epoch 20, Batch   102] loss: 0.082
[Epoch 20, Batch   202] loss: 0.113
[Epoch 20, Batch   302] loss: 0.142
Epoch 20/20:
Train Loss: 0.0313, Train Accuracy: 96.01%
Validation Loss: 1.3182, Validation Accuracy: 69.66%
Model saved to models/resnet18-CIFAR10-BELIEF-balanced_by_score1-0.5-2
Modified fc layer: updated out_features to 10.
Initialized untrained model.
resnet18-CIFAR10-BELIEF-balanced_by_score1-0.7-2
[Epoch 1, Batch     2] loss: 0.052
[Epoch 1, Batch   102] loss: 1.834
[Epoch 1, Batch   202] loss: 1.541
Epoch 1/20:
Train Loss: 0.2039, Train Accuracy: 39.88%
Validation Loss: 1.8391, Validation Accuracy: 37.94%
[Epoch 2, Batch     2] loss: 0.028
[Epoch 2, Batch   102] loss: 1.363
[Epoch 2, Batch   202] loss: 1.363
Epoch 2/20:
Train Loss: 0.1759, Train Accuracy: 51.25%
Validation Loss: 1.3524, Validation Accuracy: 49.87%
[Epoch 3, Batch     2] loss: 0.025
[Epoch 3, Batch   102] loss: 1.147
[Epoch 3, Batch   202] loss: 1.173
Epoch 3/20:
Train Loss: 0.1525, Train Accuracy: 59.28%
Validation Loss: 1.6163, Validation Accuracy: 45.76%
[Epoch 4, Batch     2] loss: 0.023
[Epoch 4, Batch   102] loss: 1.016
[Epoch 4, Batch   202] loss: 0.990
Epoch 4/20:
Train Loss: 0.1385, Train Accuracy: 64.37%
Validation Loss: 1.2133, Validation Accuracy: 57.49%
[Epoch 5, Batch     2] loss: 0.015
[Epoch 5, Batch   102] loss: 0.859
[Epoch 5, Batch   202] loss: 0.907
Epoch 5/20:
Train Loss: 0.1212, Train Accuracy: 69.32%
Validation Loss: 1.1610, Validation Accuracy: 60.00%
[Epoch 6, Batch     2] loss: 0.014
[Epoch 6, Batch   102] loss: 0.733
[Epoch 6, Batch   202] loss: 0.796
Epoch 6/20:
Train Loss: 0.1061, Train Accuracy: 73.18%
Validation Loss: 1.1348, Validation Accuracy: 61.86%
[Epoch 7, Batch     2] loss: 0.011
[Epoch 7, Batch   102] loss: 0.598
[Epoch 7, Batch   202] loss: 0.686
Epoch 7/20:
Train Loss: 0.0968, Train Accuracy: 77.17%
Validation Loss: 1.1089, Validation Accuracy: 63.27%
[Epoch 8, Batch     2] loss: 0.010
[Epoch 8, Batch   102] loss: 0.495
[Epoch 8, Batch   202] loss: 0.592
Epoch 8/20:
Train Loss: 0.0843, Train Accuracy: 80.47%
Validation Loss: 1.0821, Validation Accuracy: 65.19%
[Epoch 9, Batch     2] loss: 0.009
[Epoch 9, Batch   102] loss: 0.411
[Epoch 9, Batch   202] loss: 0.488
Epoch 9/20:
Train Loss: 0.0713, Train Accuracy: 83.61%
Validation Loss: 1.1887, Validation Accuracy: 62.64%
[Epoch 10, Batch     2] loss: 0.007
[Epoch 10, Batch   102] loss: 0.310
[Epoch 10, Batch   202] loss: 0.418
Epoch 10/20:
Train Loss: 0.0590, Train Accuracy: 87.20%
Validation Loss: 1.5892, Validation Accuracy: 56.85%
[Epoch 11, Batch     2] loss: 0.005
[Epoch 11, Batch   102] loss: 0.277
[Epoch 11, Batch   202] loss: 0.338
Epoch 11/20:
Train Loss: 0.0589, Train Accuracy: 88.78%
Validation Loss: 1.2784, Validation Accuracy: 63.55%
[Epoch 12, Batch     2] loss: 0.004
[Epoch 12, Batch   102] loss: 0.238
[Epoch 12, Batch   202] loss: 0.272
Epoch 12/20:
Train Loss: 0.0433, Train Accuracy: 91.03%
Validation Loss: 1.4177, Validation Accuracy: 64.10%
[Epoch 13, Batch     2] loss: 0.006
[Epoch 13, Batch   102] loss: 0.187
[Epoch 13, Batch   202] loss: 0.240
Epoch 13/20:
Train Loss: 0.0407, Train Accuracy: 92.01%
Validation Loss: 1.3717, Validation Accuracy: 64.17%
[Epoch 14, Batch     2] loss: 0.002
[Epoch 14, Batch   102] loss: 0.162
[Epoch 14, Batch   202] loss: 0.229
Epoch 14/20:
Train Loss: 0.0326, Train Accuracy: 93.14%
Validation Loss: 1.4640, Validation Accuracy: 64.37%
[Epoch 15, Batch     2] loss: 0.005
[Epoch 15, Batch   102] loss: 0.137
[Epoch 15, Batch   202] loss: 0.188
Epoch 15/20:
Train Loss: 0.0279, Train Accuracy: 94.03%
Validation Loss: 1.5385, Validation Accuracy: 64.56%
[Epoch 16, Batch     2] loss: 0.003
[Epoch 16, Batch   102] loss: 0.128
[Epoch 16, Batch   202] loss: 0.202
Epoch 16/20:
Train Loss: 0.0273, Train Accuracy: 94.16%
Validation Loss: 1.5080, Validation Accuracy: 63.82%
[Epoch 17, Batch     2] loss: 0.001
[Epoch 17, Batch   102] loss: 0.135
[Epoch 17, Batch   202] loss: 0.142
Epoch 17/20:
Train Loss: 0.0204, Train Accuracy: 95.11%
Validation Loss: 1.5156, Validation Accuracy: 65.29%
[Epoch 18, Batch     2] loss: 0.001
[Epoch 18, Batch   102] loss: 0.116
[Epoch 18, Batch   202] loss: 0.145
Epoch 18/20:
Train Loss: 0.0193, Train Accuracy: 95.50%
Validation Loss: 1.7047, Validation Accuracy: 61.68%
[Epoch 19, Batch     2] loss: 0.001
[Epoch 19, Batch   102] loss: 0.096
[Epoch 19, Batch   202] loss: 0.139
Epoch 19/20:
Train Loss: 0.0287, Train Accuracy: 95.61%
Validation Loss: 1.6665, Validation Accuracy: 62.83%
[Epoch 20, Batch     2] loss: 0.003
[Epoch 20, Batch   102] loss: 0.102
[Epoch 20, Batch   202] loss: 0.139
Epoch 20/20:
Train Loss: 0.0188, Train Accuracy: 95.81%
Validation Loss: 1.5976, Validation Accuracy: 65.09%
Model saved to models/resnet18-CIFAR10-BELIEF-balanced_by_score1-0.7-2
Modified fc layer: updated out_features to 10.
Initialized untrained model.
resnet18-CIFAR10-BELIEF-balanced_by_score1-0.8-2
[Epoch 1, Batch     2] loss: 0.049
[Epoch 1, Batch   102] loss: 1.867
Epoch 1/20:
Train Loss: 0.5407, Train Accuracy: 36.90%
Validation Loss: 2.0835, Validation Accuracy: 33.21%
[Epoch 2, Batch     2] loss: 0.029
[Epoch 2, Batch   102] loss: 1.423
Epoch 2/20:
Train Loss: 0.4713, Train Accuracy: 49.11%
Validation Loss: 2.0245, Validation Accuracy: 33.46%
[Epoch 3, Batch     2] loss: 0.023
[Epoch 3, Batch   102] loss: 1.242
Epoch 3/20:
Train Loss: 0.4137, Train Accuracy: 56.31%
Validation Loss: 1.9048, Validation Accuracy: 39.67%
[Epoch 4, Batch     2] loss: 0.020
[Epoch 4, Batch   102] loss: 1.067
Epoch 4/20:
Train Loss: 0.3626, Train Accuracy: 62.12%
Validation Loss: 1.4196, Validation Accuracy: 51.08%
[Epoch 5, Batch     2] loss: 0.019
[Epoch 5, Batch   102] loss: 0.945
Epoch 5/20:
Train Loss: 0.3328, Train Accuracy: 65.90%
Validation Loss: 1.3829, Validation Accuracy: 54.16%
[Epoch 6, Batch     2] loss: 0.017
[Epoch 6, Batch   102] loss: 0.800
Epoch 6/20:
Train Loss: 0.2889, Train Accuracy: 70.52%
Validation Loss: 1.2966, Validation Accuracy: 56.40%
[Epoch 7, Batch     2] loss: 0.013
[Epoch 7, Batch   102] loss: 0.685
Epoch 7/20:
Train Loss: 0.2501, Train Accuracy: 75.08%
Validation Loss: 1.3933, Validation Accuracy: 55.58%
[Epoch 8, Batch     2] loss: 0.011
[Epoch 8, Batch   102] loss: 0.541
Epoch 8/20:
Train Loss: 0.2174, Train Accuracy: 79.74%
Validation Loss: 1.3511, Validation Accuracy: 58.60%
[Epoch 9, Batch     2] loss: 0.007
[Epoch 9, Batch   102] loss: 0.441
Epoch 9/20:
Train Loss: 0.1800, Train Accuracy: 83.60%
Validation Loss: 1.5844, Validation Accuracy: 56.28%
[Epoch 10, Batch     2] loss: 0.006
[Epoch 10, Batch   102] loss: 0.370
Epoch 10/20:
Train Loss: 0.1484, Train Accuracy: 86.31%
Validation Loss: 1.5377, Validation Accuracy: 57.56%
[Epoch 11, Batch     2] loss: 0.007
[Epoch 11, Batch   102] loss: 0.282
Epoch 11/20:
Train Loss: 0.1343, Train Accuracy: 88.80%
Validation Loss: 1.7820, Validation Accuracy: 57.01%
[Epoch 12, Batch     2] loss: 0.004
[Epoch 12, Batch   102] loss: 0.229
Epoch 12/20:
Train Loss: 0.1077, Train Accuracy: 91.23%
Validation Loss: 1.6707, Validation Accuracy: 56.81%
[Epoch 13, Batch     2] loss: 0.005
[Epoch 13, Batch   102] loss: 0.215
Epoch 13/20:
Train Loss: 0.0823, Train Accuracy: 92.31%
Validation Loss: 1.8093, Validation Accuracy: 57.94%
[Epoch 14, Batch     2] loss: 0.004
[Epoch 14, Batch   102] loss: 0.161
Epoch 14/20:
Train Loss: 0.0773, Train Accuracy: 93.66%
Validation Loss: 1.8464, Validation Accuracy: 57.86%
[Epoch 15, Batch     2] loss: 0.002
[Epoch 15, Batch   102] loss: 0.192
Epoch 15/20:
Train Loss: 0.0735, Train Accuracy: 93.25%
Validation Loss: 1.9241, Validation Accuracy: 57.87%
[Epoch 16, Batch     2] loss: 0.002
[Epoch 16, Batch   102] loss: 0.153
Epoch 16/20:
Train Loss: 0.0575, Train Accuracy: 94.66%
Validation Loss: 1.9459, Validation Accuracy: 57.43%
[Epoch 17, Batch     2] loss: 0.002
[Epoch 17, Batch   102] loss: 0.112
Epoch 17/20:
Train Loss: 0.0492, Train Accuracy: 95.63%
Validation Loss: 2.1285, Validation Accuracy: 55.58%
[Epoch 18, Batch     2] loss: 0.002
[Epoch 18, Batch   102] loss: 0.134
Epoch 18/20:
Train Loss: 0.0551, Train Accuracy: 95.15%
Validation Loss: 1.9601, Validation Accuracy: 57.10%
[Epoch 19, Batch     2] loss: 0.002
[Epoch 19, Batch   102] loss: 0.113
Epoch 19/20:
Train Loss: 0.0533, Train Accuracy: 95.76%
Validation Loss: 2.1158, Validation Accuracy: 55.31%
[Epoch 20, Batch     2] loss: 0.002
[Epoch 20, Batch   102] loss: 0.106
Epoch 20/20:
Train Loss: 0.0389, Train Accuracy: 96.26%
Validation Loss: 2.0757, Validation Accuracy: 58.59%
Model saved to models/resnet18-CIFAR10-BELIEF-balanced_by_score1-0.8-2
Modified fc layer: updated out_features to 10.
Initialized untrained model.
resnet18-CIFAR10-BELIEF-balanced_by_score1-0.9-2
[Epoch 1, Batch     2] loss: 0.050
Epoch 1/20:
Train Loss: 1.8232, Train Accuracy: 33.20%
Validation Loss: 1.8200, Validation Accuracy: 34.01%
[Epoch 2, Batch     2] loss: 0.029
Epoch 2/20:
Train Loss: 1.4383, Train Accuracy: 46.69%
Validation Loss: 1.9475, Validation Accuracy: 34.31%
[Epoch 3, Batch     2] loss: 0.023
Epoch 3/20:
Train Loss: 1.2699, Train Accuracy: 52.78%
Validation Loss: 1.4625, Validation Accuracy: 47.23%
[Epoch 4, Batch     2] loss: 0.019
Epoch 4/20:
Train Loss: 1.1178, Train Accuracy: 58.33%
Validation Loss: 1.8175, Validation Accuracy: 38.44%
[Epoch 5, Batch     2] loss: 0.018
Epoch 5/20:
Train Loss: 0.9669, Train Accuracy: 64.93%
Validation Loss: 1.6663, Validation Accuracy: 44.26%
[Epoch 6, Batch     2] loss: 0.017
Epoch 6/20:
Train Loss: 0.8167, Train Accuracy: 70.15%
Validation Loss: 2.5443, Validation Accuracy: 32.92%
[Epoch 7, Batch     2] loss: 0.013
Epoch 7/20:
Train Loss: 0.6355, Train Accuracy: 77.20%
Validation Loss: 1.7147, Validation Accuracy: 49.49%
[Epoch 8, Batch     2] loss: 0.011
Epoch 8/20:
Train Loss: 0.5831, Train Accuracy: 79.07%
Validation Loss: 1.8001, Validation Accuracy: 47.22%
[Epoch 9, Batch     2] loss: 0.008
Epoch 9/20:
Train Loss: 0.4481, Train Accuracy: 83.88%
Validation Loss: 1.9838, Validation Accuracy: 49.48%
[Epoch 10, Batch     2] loss: 0.008
Epoch 10/20:
Train Loss: 0.3917, Train Accuracy: 86.06%
Validation Loss: 2.1818, Validation Accuracy: 47.12%
[Epoch 11, Batch     2] loss: 0.006
Epoch 11/20:
Train Loss: 0.3155, Train Accuracy: 88.63%
Validation Loss: 2.1771, Validation Accuracy: 47.86%
[Epoch 12, Batch     2] loss: 0.005
Epoch 12/20:
Train Loss: 0.2268, Train Accuracy: 91.80%
Validation Loss: 2.4966, Validation Accuracy: 47.40%
[Epoch 13, Batch     2] loss: 0.003
Epoch 13/20:
Train Loss: 0.2365, Train Accuracy: 91.78%
Validation Loss: 2.3648, Validation Accuracy: 49.15%
[Epoch 14, Batch     2] loss: 0.004
Epoch 14/20:
Train Loss: 0.2362, Train Accuracy: 91.47%
Validation Loss: 2.2062, Validation Accuracy: 49.14%
[Epoch 15, Batch     2] loss: 0.002
Epoch 15/20:
Train Loss: 0.1733, Train Accuracy: 94.24%
Validation Loss: 2.4724, Validation Accuracy: 48.47%
[Epoch 16, Batch     2] loss: 0.004
Epoch 16/20:
Train Loss: 0.1687, Train Accuracy: 94.31%
Validation Loss: 2.3801, Validation Accuracy: 52.22%
[Epoch 17, Batch     2] loss: 0.004
Epoch 17/20:
Train Loss: 0.1479, Train Accuracy: 94.90%
Validation Loss: 2.3340, Validation Accuracy: 52.48%
[Epoch 18, Batch     2] loss: 0.002
Epoch 18/20:
Train Loss: 0.1517, Train Accuracy: 94.70%
Validation Loss: 2.3325, Validation Accuracy: 51.94%
[Epoch 19, Batch     2] loss: 0.001
Epoch 19/20:
Train Loss: 0.1217, Train Accuracy: 95.72%
Validation Loss: 2.2977, Validation Accuracy: 52.00%
[Epoch 20, Batch     2] loss: 0.001
Epoch 20/20:
Train Loss: 0.1032, Train Accuracy: 96.24%
Validation Loss: 2.3083, Validation Accuracy: 52.66%
Model saved to models/resnet18-CIFAR10-BELIEF-balanced_by_score1-0.9-2
Modified fc layer: updated out_features to 10.
Initialized untrained model.
resnet18-CIFAR10-BELIEF-balanced_by_score1-0.95-2
[Epoch 1, Batch     2] loss: 0.050
Epoch 1/20:
Train Loss: 1.9232, Train Accuracy: 27.80%
Validation Loss: 2.7527, Validation Accuracy: 16.65%
[Epoch 2, Batch     2] loss: 0.033
Epoch 2/20:
Train Loss: 1.5211, Train Accuracy: 42.23%
Validation Loss: 1.8791, Validation Accuracy: 35.70%
[Epoch 3, Batch     2] loss: 0.029
Epoch 3/20:
Train Loss: 1.3144, Train Accuracy: 50.20%
Validation Loss: 1.9497, Validation Accuracy: 35.02%
[Epoch 4, Batch     2] loss: 0.020
Epoch 4/20:
Train Loss: 1.1313, Train Accuracy: 58.13%
Validation Loss: 1.8617, Validation Accuracy: 37.87%
[Epoch 5, Batch     2] loss: 0.020
Epoch 5/20:
Train Loss: 0.9535, Train Accuracy: 63.94%
Validation Loss: 2.0683, Validation Accuracy: 38.46%
[Epoch 6, Batch     2] loss: 0.015
Epoch 6/20:
Train Loss: 0.7939, Train Accuracy: 70.19%
Validation Loss: 2.0652, Validation Accuracy: 37.42%
[Epoch 7, Batch     2] loss: 0.013
Epoch 7/20:
Train Loss: 0.6754, Train Accuracy: 74.12%
Validation Loss: 2.0723, Validation Accuracy: 39.39%
[Epoch 8, Batch     2] loss: 0.010
Epoch 8/20:
Train Loss: 0.5363, Train Accuracy: 80.53%
Validation Loss: 2.5083, Validation Accuracy: 38.60%
[Epoch 9, Batch     2] loss: 0.007
Epoch 9/20:
Train Loss: 0.4389, Train Accuracy: 84.50%
Validation Loss: 2.5828, Validation Accuracy: 37.65%
[Epoch 10, Batch     2] loss: 0.004
Epoch 10/20:
Train Loss: 0.3284, Train Accuracy: 88.02%
Validation Loss: 2.3804, Validation Accuracy: 42.39%
[Epoch 11, Batch     2] loss: 0.004
Epoch 11/20:
Train Loss: 0.2400, Train Accuracy: 91.11%
Validation Loss: 2.6563, Validation Accuracy: 41.19%
[Epoch 12, Batch     2] loss: 0.004
Epoch 12/20:
Train Loss: 0.2209, Train Accuracy: 91.63%
Validation Loss: 2.7522, Validation Accuracy: 41.60%
[Epoch 13, Batch     2] loss: 0.003
Epoch 13/20:
Train Loss: 0.1738, Train Accuracy: 93.59%
Validation Loss: 2.5914, Validation Accuracy: 42.20%
[Epoch 14, Batch     2] loss: 0.003
Epoch 14/20:
Train Loss: 0.1960, Train Accuracy: 93.47%
Validation Loss: 3.1201, Validation Accuracy: 39.94%
[Epoch 15, Batch     2] loss: 0.003
Epoch 15/20:
Train Loss: 0.1868, Train Accuracy: 93.15%
Validation Loss: 2.8377, Validation Accuracy: 40.86%
[Epoch 16, Batch     2] loss: 0.002
Epoch 16/20:
Train Loss: 0.1715, Train Accuracy: 94.11%
Validation Loss: 2.7209, Validation Accuracy: 41.76%
[Epoch 17, Batch     2] loss: 0.002
Epoch 17/20:
Train Loss: 0.1486, Train Accuracy: 94.67%
Validation Loss: 2.8753, Validation Accuracy: 41.63%
[Epoch 18, Batch     2] loss: 0.002
Epoch 18/20:
Train Loss: 0.1920, Train Accuracy: 93.39%
Validation Loss: 3.0592, Validation Accuracy: 40.47%
[Epoch 19, Batch     2] loss: 0.001
Epoch 19/20:
Train Loss: 0.1217, Train Accuracy: 95.83%
Validation Loss: 2.6787, Validation Accuracy: 44.30%
[Epoch 20, Batch     2] loss: 0.003
Epoch 20/20:
Train Loss: 0.0777, Train Accuracy: 97.44%
Validation Loss: 2.9405, Validation Accuracy: 41.45%
Model saved to models/resnet18-CIFAR10-BELIEF-balanced_by_score1-0.95-2
Modified fc layer: updated out_features to 10.
Initialized untrained model.
Files already downloaded and verified
Files already downloaded and verified
[Epoch 1, Batch   100] loss: 0.791
[Epoch 1, Batch   200] loss: 0.710
[Epoch 1, Batch   300] loss: 0.663
[Epoch 1, Batch   400] loss: 0.629
[Epoch 1, Batch   500] loss: 0.612
[Epoch 1, Batch   600] loss: 0.580
[Epoch 1, Batch   700] loss: 0.571
Epoch 1/20:
Train Loss: 0.0577, Train Accuracy: 51.20%
Validation Loss: 0.5601, Validation Accuracy: 58.74%
[Epoch 2, Batch   100] loss: 1.017
[Epoch 2, Batch   200] loss: 0.874
[Epoch 2, Batch   300] loss: 0.874
[Epoch 2, Batch   400] loss: 0.874
[Epoch 2, Batch   500] loss: 0.871
[Epoch 2, Batch   600] loss: 0.873
[Epoch 2, Batch   700] loss: 0.871
Epoch 2/20:
Train Loss: 0.0901, Train Accuracy: 66.13%
Validation Loss: 0.7430, Validation Accuracy: 65.26%
[Epoch 3, Batch   100] loss: 0.936
[Epoch 3, Batch   200] loss: 0.930
[Epoch 3, Batch   300] loss: 0.929
[Epoch 3, Batch   400] loss: 0.930
[Epoch 3, Batch   500] loss: 0.930
[Epoch 3, Batch   600] loss: 0.930
[Epoch 3, Batch   700] loss: 0.932
Epoch 3/20:
Train Loss: 0.0965, Train Accuracy: 72.52%
Validation Loss: 0.8594, Validation Accuracy: 67.40%
[Epoch 4, Batch   100] loss: 0.951
[Epoch 4, Batch   200] loss: 0.948
[Epoch 4, Batch   300] loss: 0.949
[Epoch 4, Batch   400] loss: 0.949
[Epoch 4, Batch   500] loss: 0.949
[Epoch 4, Batch   600] loss: 0.950
[Epoch 4, Batch   700] loss: 0.951
Epoch 4/20:
Train Loss: 0.0986, Train Accuracy: 75.80%
Validation Loss: 0.9183, Validation Accuracy: 65.71%
[Epoch 5, Batch   100] loss: 0.958
[Epoch 5, Batch   200] loss: 0.958
[Epoch 5, Batch   300] loss: 0.958
[Epoch 5, Batch   400] loss: 0.959
[Epoch 5, Batch   500] loss: 0.959
[Epoch 5, Batch   600] loss: 0.959
[Epoch 5, Batch   700] loss: 0.960
Epoch 5/20:
Train Loss: 0.0995, Train Accuracy: 77.34%
Validation Loss: 0.9326, Validation Accuracy: 70.46%
[Epoch 6, Batch   100] loss: 0.963
[Epoch 6, Batch   200] loss: 0.964
[Epoch 6, Batch   300] loss: 0.964
[Epoch 6, Batch   400] loss: 0.964
[Epoch 6, Batch   500] loss: 0.965
[Epoch 6, Batch   600] loss: 0.965
[Epoch 6, Batch   700] loss: 0.965
Epoch 6/20:
Train Loss: 0.1001, Train Accuracy: 77.39%
Validation Loss: 0.9465, Validation Accuracy: 69.72%
[Epoch 7, Batch   100] loss: 0.967
[Epoch 7, Batch   200] loss: 0.967
[Epoch 7, Batch   300] loss: 0.968
[Epoch 7, Batch   400] loss: 0.968
[Epoch 7, Batch   500] loss: 0.968
[Epoch 7, Batch   600] loss: 0.968
[Epoch 7, Batch   700] loss: 0.969
Epoch 7/20:
Train Loss: 0.1005, Train Accuracy: 76.65%
Validation Loss: 0.9567, Validation Accuracy: 67.76%
[Epoch 8, Batch   100] loss: 0.970
[Epoch 8, Batch   200] loss: 0.970
[Epoch 8, Batch   300] loss: 0.970
[Epoch 8, Batch   400] loss: 0.971
[Epoch 8, Batch   500] loss: 0.971
[Epoch 8, Batch   600] loss: 0.971
[Epoch 8, Batch   700] loss: 0.971
Epoch 8/20:
Train Loss: 0.1007, Train Accuracy: 75.58%
Validation Loss: 0.9608, Validation Accuracy: 65.82%
[Epoch 9, Batch   100] loss: 0.972
[Epoch 9, Batch   200] loss: 0.972
[Epoch 9, Batch   300] loss: 0.972
[Epoch 9, Batch   400] loss: 0.973
[Epoch 9, Batch   500] loss: 0.973
[Epoch 9, Batch   600] loss: 0.973
[Epoch 9, Batch   700] loss: 0.973
Epoch 9/20:
Train Loss: 0.1009, Train Accuracy: 74.18%
Validation Loss: 0.9657, Validation Accuracy: 63.75%
[Epoch 10, Batch   100] loss: 0.973
[Epoch 10, Batch   200] loss: 0.973
[Epoch 10, Batch   300] loss: 0.974
[Epoch 10, Batch   400] loss: 0.974
[Epoch 10, Batch   500] loss: 0.974
[Epoch 10, Batch   600] loss: 0.974
[Epoch 10, Batch   700] loss: 0.974
Epoch 10/20:
Train Loss: 0.1010, Train Accuracy: 73.32%
Validation Loss: 0.9655, Validation Accuracy: 69.46%
[Epoch 11, Batch   100] loss: 0.974
[Epoch 11, Batch   200] loss: 0.975
[Epoch 11, Batch   300] loss: 0.975
[Epoch 11, Batch   400] loss: 0.975
[Epoch 11, Batch   500] loss: 0.975
[Epoch 11, Batch   600] loss: 0.975
[Epoch 11, Batch   700] loss: 0.975
Epoch 11/20:
Train Loss: 0.1011, Train Accuracy: 72.94%
Validation Loss: 0.9696, Validation Accuracy: 64.29%
[Epoch 12, Batch   100] loss: 0.975
[Epoch 12, Batch   200] loss: 0.975
[Epoch 12, Batch   300] loss: 0.975
[Epoch 12, Batch   400] loss: 0.975
[Epoch 12, Batch   500] loss: 0.975
[Epoch 12, Batch   600] loss: 0.975
[Epoch 12, Batch   700] loss: 0.975
Epoch 12/20:
Train Loss: 0.1011, Train Accuracy: 72.38%
Validation Loss: 0.9684, Validation Accuracy: 65.31%
[Epoch 13, Batch   100] loss: 0.975
[Epoch 13, Batch   200] loss: 0.975
[Epoch 13, Batch   300] loss: 0.975
[Epoch 13, Batch   400] loss: 0.975
[Epoch 13, Batch   500] loss: 0.975
[Epoch 13, Batch   600] loss: 0.975
[Epoch 13, Batch   700] loss: 0.975
Epoch 13/20:
Train Loss: 0.1011, Train Accuracy: 72.44%
Validation Loss: 0.9692, Validation Accuracy: 63.93%
[Epoch 14, Batch   100] loss: 0.974
[Epoch 14, Batch   200] loss: 0.975
[Epoch 14, Batch   300] loss: 0.975
[Epoch 14, Batch   400] loss: 0.975
[Epoch 14, Batch   500] loss: 0.975
[Epoch 14, Batch   600] loss: 0.975
[Epoch 14, Batch   700] loss: 0.975
Epoch 14/20:
Train Loss: 0.1011, Train Accuracy: 72.63%
Validation Loss: 0.9689, Validation Accuracy: 66.54%
[Epoch 15, Batch   100] loss: 0.974
[Epoch 15, Batch   200] loss: 0.975
[Epoch 15, Batch   300] loss: 0.975
[Epoch 15, Batch   400] loss: 0.975
[Epoch 15, Batch   500] loss: 0.975
[Epoch 15, Batch   600] loss: 0.975
[Epoch 15, Batch   700] loss: 0.975
Epoch 15/20:
Train Loss: 0.1011, Train Accuracy: 73.31%
Validation Loss: 0.9678, Validation Accuracy: 67.67%
[Epoch 16, Batch   100] loss: 0.974
[Epoch 16, Batch   200] loss: 0.974
[Epoch 16, Batch   300] loss: 0.975
[Epoch 16, Batch   400] loss: 0.975
[Epoch 16, Batch   500] loss: 0.975
[Epoch 16, Batch   600] loss: 0.975
[Epoch 16, Batch   700] loss: 0.974
Epoch 16/20:
Train Loss: 0.1011, Train Accuracy: 73.84%
Validation Loss: 0.9671, Validation Accuracy: 69.04%
[Epoch 17, Batch   100] loss: 0.974
[Epoch 17, Batch   200] loss: 0.974
[Epoch 17, Batch   300] loss: 0.974
[Epoch 17, Batch   400] loss: 0.974
[Epoch 17, Batch   500] loss: 0.974
[Epoch 17, Batch   600] loss: 0.975
[Epoch 17, Batch   700] loss: 0.974
Epoch 17/20:
Train Loss: 0.1011, Train Accuracy: 74.47%
Validation Loss: 0.9673, Validation Accuracy: 69.20%
[Epoch 18, Batch   100] loss: 0.974
[Epoch 18, Batch   200] loss: 0.974
[Epoch 18, Batch   300] loss: 0.974
[Epoch 18, Batch   400] loss: 0.974
[Epoch 18, Batch   500] loss: 0.974
[Epoch 18, Batch   600] loss: 0.974
[Epoch 18, Batch   700] loss: 0.974
Epoch 18/20:
Train Loss: 0.1011, Train Accuracy: 74.99%
Validation Loss: 0.9686, Validation Accuracy: 65.57%
[Epoch 19, Batch   100] loss: 0.974
[Epoch 19, Batch   200] loss: 0.974
[Epoch 19, Batch   300] loss: 0.974
[Epoch 19, Batch   400] loss: 0.974
[Epoch 19, Batch   500] loss: 0.974
[Epoch 19, Batch   600] loss: 0.974
[Epoch 19, Batch   700] loss: 0.974
Epoch 19/20:
Train Loss: 0.1011, Train Accuracy: 75.29%
Validation Loss: 0.9674, Validation Accuracy: 68.77%
[Epoch 20, Batch   100] loss: 0.974
[Epoch 20, Batch   200] loss: 0.974
[Epoch 20, Batch   300] loss: 0.974
[Epoch 20, Batch   400] loss: 0.974
[Epoch 20, Batch   500] loss: 0.974
[Epoch 20, Batch   600] loss: 0.974
[Epoch 20, Batch   700] loss: 0.974
Epoch 20/20:
Train Loss: 0.1010, Train Accuracy: 75.85%
Validation Loss: 0.9685, Validation Accuracy: 67.25%
Model saved to models/resnet18_CIFAR10_E1_3
Modified fc layer: updated out_features to 10.
Loaded weights from file: models/resnet18_CIFAR10_E1_3
Files already downloaded and verified
Files already downloaded and verified
Modified fc layer: updated out_features to 10.
Initialized untrained model.
resnet18-CIFAR10-random-0.3-3
[Epoch 1, Batch     2] loss: 0.051
[Epoch 1, Batch   102] loss: 1.801
[Epoch 1, Batch   202] loss: 1.517
[Epoch 1, Batch   302] loss: 1.457
[Epoch 1, Batch   402] loss: 1.366
[Epoch 1, Batch   502] loss: 1.286
Epoch 1/20:
Train Loss: 0.0999, Train Accuracy: 47.10%
Validation Loss: 1.4921, Validation Accuracy: 46.66%
[Epoch 2, Batch     2] loss: 0.019
[Epoch 2, Batch   102] loss: 1.168
[Epoch 2, Batch   202] loss: 1.141
[Epoch 2, Batch   302] loss: 1.136
[Epoch 2, Batch   402] loss: 1.075
[Epoch 2, Batch   502] loss: 1.060
Epoch 2/20:
Train Loss: 0.0860, Train Accuracy: 60.63%
Validation Loss: 1.2534, Validation Accuracy: 55.81%
[Epoch 3, Batch     2] loss: 0.020
[Epoch 3, Batch   102] loss: 0.918
[Epoch 3, Batch   202] loss: 0.967
[Epoch 3, Batch   302] loss: 0.926
[Epoch 3, Batch   402] loss: 0.897
[Epoch 3, Batch   502] loss: 0.928
Epoch 3/20:
Train Loss: 0.0727, Train Accuracy: 67.34%
Validation Loss: 1.0665, Validation Accuracy: 63.17%
[Epoch 4, Batch     2] loss: 0.015
[Epoch 4, Batch   102] loss: 0.787
[Epoch 4, Batch   202] loss: 0.784
[Epoch 4, Batch   302] loss: 0.810
[Epoch 4, Batch   402] loss: 0.797
[Epoch 4, Batch   502] loss: 0.832
Epoch 4/20:
Train Loss: 0.0651, Train Accuracy: 71.82%
Validation Loss: 0.9604, Validation Accuracy: 66.91%
[Epoch 5, Batch     2] loss: 0.016
[Epoch 5, Batch   102] loss: 0.646
[Epoch 5, Batch   202] loss: 0.712
[Epoch 5, Batch   302] loss: 0.710
[Epoch 5, Batch   402] loss: 0.714
[Epoch 5, Batch   502] loss: 0.701
Epoch 5/20:
Train Loss: 0.0569, Train Accuracy: 75.74%
Validation Loss: 1.0557, Validation Accuracy: 64.03%
[Epoch 6, Batch     2] loss: 0.012
[Epoch 6, Batch   102] loss: 0.585
[Epoch 6, Batch   202] loss: 0.619
[Epoch 6, Batch   302] loss: 0.617
[Epoch 6, Batch   402] loss: 0.604
[Epoch 6, Batch   502] loss: 0.639
Epoch 6/20:
Train Loss: 0.0513, Train Accuracy: 78.48%
Validation Loss: 0.9910, Validation Accuracy: 67.03%
[Epoch 7, Batch     2] loss: 0.009
[Epoch 7, Batch   102] loss: 0.465
[Epoch 7, Batch   202] loss: 0.502
[Epoch 7, Batch   302] loss: 0.546
[Epoch 7, Batch   402] loss: 0.576
[Epoch 7, Batch   502] loss: 0.546
Epoch 7/20:
Train Loss: 0.0437, Train Accuracy: 81.70%
Validation Loss: 0.9451, Validation Accuracy: 68.94%
[Epoch 8, Batch     2] loss: 0.007
[Epoch 8, Batch   102] loss: 0.366
[Epoch 8, Batch   202] loss: 0.464
[Epoch 8, Batch   302] loss: 0.461
[Epoch 8, Batch   402] loss: 0.483
[Epoch 8, Batch   502] loss: 0.461
Epoch 8/20:
Train Loss: 0.0413, Train Accuracy: 84.59%
Validation Loss: 1.2243, Validation Accuracy: 63.60%
[Epoch 9, Batch     2] loss: 0.007
[Epoch 9, Batch   102] loss: 0.321
[Epoch 9, Batch   202] loss: 0.380
[Epoch 9, Batch   302] loss: 0.387
[Epoch 9, Batch   402] loss: 0.404
[Epoch 9, Batch   502] loss: 0.419
Epoch 9/20:
Train Loss: 0.0317, Train Accuracy: 86.59%
Validation Loss: 1.0073, Validation Accuracy: 69.12%
[Epoch 10, Batch     2] loss: 0.006
[Epoch 10, Batch   102] loss: 0.245
[Epoch 10, Batch   202] loss: 0.321
[Epoch 10, Batch   302] loss: 0.347
[Epoch 10, Batch   402] loss: 0.335
[Epoch 10, Batch   502] loss: 0.369
Epoch 10/20:
Train Loss: 0.0267, Train Accuracy: 88.65%
Validation Loss: 1.0756, Validation Accuracy: 69.55%
[Epoch 11, Batch     2] loss: 0.004
[Epoch 11, Batch   102] loss: 0.226
[Epoch 11, Batch   202] loss: 0.264
[Epoch 11, Batch   302] loss: 0.297
[Epoch 11, Batch   402] loss: 0.269
[Epoch 11, Batch   502] loss: 0.313
Epoch 11/20:
Train Loss: 0.0259, Train Accuracy: 90.37%
Validation Loss: 1.1283, Validation Accuracy: 67.83%
[Epoch 12, Batch     2] loss: 0.003
[Epoch 12, Batch   102] loss: 0.168
[Epoch 12, Batch   202] loss: 0.233
[Epoch 12, Batch   302] loss: 0.244
[Epoch 12, Batch   402] loss: 0.277
[Epoch 12, Batch   502] loss: 0.256
Epoch 12/20:
Train Loss: 0.0205, Train Accuracy: 91.54%
Validation Loss: 1.1454, Validation Accuracy: 69.03%
[Epoch 13, Batch     2] loss: 0.004
[Epoch 13, Batch   102] loss: 0.156
[Epoch 13, Batch   202] loss: 0.185
[Epoch 13, Batch   302] loss: 0.230
[Epoch 13, Batch   402] loss: 0.245
[Epoch 13, Batch   502] loss: 0.240
Epoch 13/20:
Train Loss: 0.0187, Train Accuracy: 92.68%
Validation Loss: 1.0691, Validation Accuracy: 71.90%
[Epoch 14, Batch     2] loss: 0.003
[Epoch 14, Batch   102] loss: 0.138
[Epoch 14, Batch   202] loss: 0.163
[Epoch 14, Batch   302] loss: 0.208
[Epoch 14, Batch   402] loss: 0.182
[Epoch 14, Batch   502] loss: 0.185
Epoch 14/20:
Train Loss: 0.0175, Train Accuracy: 93.89%
Validation Loss: 1.2012, Validation Accuracy: 70.75%
[Epoch 15, Batch     2] loss: 0.003
[Epoch 15, Batch   102] loss: 0.127
[Epoch 15, Batch   202] loss: 0.140
[Epoch 15, Batch   302] loss: 0.171
[Epoch 15, Batch   402] loss: 0.180
[Epoch 15, Batch   502] loss: 0.190
Epoch 15/20:
Train Loss: 0.0155, Train Accuracy: 94.35%
Validation Loss: 1.1413, Validation Accuracy: 71.27%
[Epoch 16, Batch     2] loss: 0.001
[Epoch 16, Batch   102] loss: 0.103
[Epoch 16, Batch   202] loss: 0.147
[Epoch 16, Batch   302] loss: 0.171
[Epoch 16, Batch   402] loss: 0.162
[Epoch 16, Batch   502] loss: 0.170
Epoch 16/20:
Train Loss: 0.0144, Train Accuracy: 94.75%
Validation Loss: 1.2007, Validation Accuracy: 71.20%
[Epoch 17, Batch     2] loss: 0.002
[Epoch 17, Batch   102] loss: 0.105
[Epoch 17, Batch   202] loss: 0.140
[Epoch 17, Batch   302] loss: 0.150
[Epoch 17, Batch   402] loss: 0.157
[Epoch 17, Batch   502] loss: 0.140
Epoch 17/20:
Train Loss: 0.0150, Train Accuracy: 95.17%
Validation Loss: 1.1807, Validation Accuracy: 71.77%
[Epoch 18, Batch     2] loss: 0.001
[Epoch 18, Batch   102] loss: 0.102
[Epoch 18, Batch   202] loss: 0.116
[Epoch 18, Batch   302] loss: 0.152
[Epoch 18, Batch   402] loss: 0.135
[Epoch 18, Batch   502] loss: 0.152
Epoch 18/20:
Train Loss: 0.0138, Train Accuracy: 95.33%
Validation Loss: 1.3270, Validation Accuracy: 69.22%
[Epoch 19, Batch     2] loss: 0.005
[Epoch 19, Batch   102] loss: 0.104
[Epoch 19, Batch   202] loss: 0.121
[Epoch 19, Batch   302] loss: 0.135
[Epoch 19, Batch   402] loss: 0.122
[Epoch 19, Batch   502] loss: 0.140
Epoch 19/20:
Train Loss: 0.0129, Train Accuracy: 95.71%
Validation Loss: 1.1780, Validation Accuracy: 72.19%
[Epoch 20, Batch     2] loss: 0.003
[Epoch 20, Batch   102] loss: 0.086
[Epoch 20, Batch   202] loss: 0.086
[Epoch 20, Batch   302] loss: 0.112
[Epoch 20, Batch   402] loss: 0.138
[Epoch 20, Batch   502] loss: 0.140
Epoch 20/20:
Train Loss: 0.0117, Train Accuracy: 95.97%
Validation Loss: 1.2147, Validation Accuracy: 71.76%
Model saved to models/resnet18-CIFAR10-random-0.3-3
Modified fc layer: updated out_features to 10.
Initialized untrained model.
resnet18-CIFAR10-random-0.5-3
[Epoch 1, Batch     2] loss: 0.048
[Epoch 1, Batch   102] loss: 1.835
[Epoch 1, Batch   202] loss: 1.566
[Epoch 1, Batch   302] loss: 1.445
Epoch 1/20:
Train Loss: 0.3116, Train Accuracy: 43.58%
Validation Loss: 1.5498, Validation Accuracy: 47.69%
[Epoch 2, Batch     2] loss: 0.028
[Epoch 2, Batch   102] loss: 1.268
[Epoch 2, Batch   202] loss: 1.224
[Epoch 2, Batch   302] loss: 1.173
Epoch 2/20:
Train Loss: 0.2591, Train Accuracy: 56.87%
Validation Loss: 1.2563, Validation Accuracy: 56.54%
[Epoch 3, Batch     2] loss: 0.020
[Epoch 3, Batch   102] loss: 1.006
[Epoch 3, Batch   202] loss: 1.075
[Epoch 3, Batch   302] loss: 1.004
Epoch 3/20:
Train Loss: 0.2273, Train Accuracy: 63.42%
Validation Loss: 1.1390, Validation Accuracy: 60.25%
[Epoch 4, Batch     2] loss: 0.016
[Epoch 4, Batch   102] loss: 0.873
[Epoch 4, Batch   202] loss: 0.888
[Epoch 4, Batch   302] loss: 0.911
Epoch 4/20:
Train Loss: 0.1982, Train Accuracy: 68.33%
Validation Loss: 1.0703, Validation Accuracy: 64.56%
[Epoch 5, Batch     2] loss: 0.012
[Epoch 5, Batch   102] loss: 0.758
[Epoch 5, Batch   202] loss: 0.778
[Epoch 5, Batch   302] loss: 0.779
Epoch 5/20:
Train Loss: 0.1746, Train Accuracy: 73.13%
Validation Loss: 1.2101, Validation Accuracy: 59.98%
[Epoch 6, Batch     2] loss: 0.015
[Epoch 6, Batch   102] loss: 0.650
[Epoch 6, Batch   202] loss: 0.679
[Epoch 6, Batch   302] loss: 0.690
Epoch 6/20:
Train Loss: 0.1613, Train Accuracy: 75.95%
Validation Loss: 1.0179, Validation Accuracy: 65.07%
[Epoch 7, Batch     2] loss: 0.009
[Epoch 7, Batch   102] loss: 0.528
[Epoch 7, Batch   202] loss: 0.594
[Epoch 7, Batch   302] loss: 0.598
Epoch 7/20:
Train Loss: 0.1355, Train Accuracy: 79.96%
Validation Loss: 1.0573, Validation Accuracy: 65.88%
[Epoch 8, Batch     2] loss: 0.008
[Epoch 8, Batch   102] loss: 0.445
[Epoch 8, Batch   202] loss: 0.489
[Epoch 8, Batch   302] loss: 0.535
Epoch 8/20:
Train Loss: 0.1208, Train Accuracy: 82.63%
Validation Loss: 1.1656, Validation Accuracy: 64.33%
[Epoch 9, Batch     2] loss: 0.008
[Epoch 9, Batch   102] loss: 0.356
[Epoch 9, Batch   202] loss: 0.426
[Epoch 9, Batch   302] loss: 0.452
Epoch 9/20:
Train Loss: 0.1051, Train Accuracy: 85.15%
Validation Loss: 1.1288, Validation Accuracy: 66.37%
[Epoch 10, Batch     2] loss: 0.004
[Epoch 10, Batch   102] loss: 0.301
[Epoch 10, Batch   202] loss: 0.349
[Epoch 10, Batch   302] loss: 0.374
Epoch 10/20:
Train Loss: 0.0915, Train Accuracy: 87.63%
Validation Loss: 1.1854, Validation Accuracy: 65.13%
[Epoch 11, Batch     2] loss: 0.006
[Epoch 11, Batch   102] loss: 0.232
[Epoch 11, Batch   202] loss: 0.277
[Epoch 11, Batch   302] loss: 0.317
Epoch 11/20:
Train Loss: 0.0779, Train Accuracy: 89.93%
Validation Loss: 1.2751, Validation Accuracy: 65.18%
[Epoch 12, Batch     2] loss: 0.004
[Epoch 12, Batch   102] loss: 0.195
[Epoch 12, Batch   202] loss: 0.256
[Epoch 12, Batch   302] loss: 0.271
Epoch 12/20:
Train Loss: 0.0643, Train Accuracy: 91.37%
Validation Loss: 1.1839, Validation Accuracy: 69.24%
[Epoch 13, Batch     2] loss: 0.005
[Epoch 13, Batch   102] loss: 0.181
[Epoch 13, Batch   202] loss: 0.214
[Epoch 13, Batch   302] loss: 0.227
Epoch 13/20:
Train Loss: 0.0608, Train Accuracy: 92.26%
Validation Loss: 1.2042, Validation Accuracy: 67.87%
[Epoch 14, Batch     2] loss: 0.004
[Epoch 14, Batch   102] loss: 0.154
[Epoch 14, Batch   202] loss: 0.180
[Epoch 14, Batch   302] loss: 0.220
Epoch 14/20:
Train Loss: 0.0480, Train Accuracy: 93.24%
Validation Loss: 1.4173, Validation Accuracy: 65.88%
[Epoch 15, Batch     2] loss: 0.002
[Epoch 15, Batch   102] loss: 0.144
[Epoch 15, Batch   202] loss: 0.177
[Epoch 15, Batch   302] loss: 0.192
Epoch 15/20:
Train Loss: 0.0451, Train Accuracy: 93.83%
Validation Loss: 1.2583, Validation Accuracy: 68.85%
[Epoch 16, Batch     2] loss: 0.005
[Epoch 16, Batch   102] loss: 0.123
[Epoch 16, Batch   202] loss: 0.142
[Epoch 16, Batch   302] loss: 0.176
Epoch 16/20:
Train Loss: 0.0429, Train Accuracy: 94.61%
Validation Loss: 1.3375, Validation Accuracy: 67.53%
[Epoch 17, Batch     2] loss: 0.002
[Epoch 17, Batch   102] loss: 0.094
[Epoch 17, Batch   202] loss: 0.135
[Epoch 17, Batch   302] loss: 0.149
Epoch 17/20:
Train Loss: 0.0351, Train Accuracy: 95.36%
Validation Loss: 1.3612, Validation Accuracy: 69.26%
[Epoch 18, Batch     2] loss: 0.003
[Epoch 18, Batch   102] loss: 0.113
[Epoch 18, Batch   202] loss: 0.113
[Epoch 18, Batch   302] loss: 0.168
Epoch 18/20:
Train Loss: 0.0374, Train Accuracy: 95.15%
Validation Loss: 1.2991, Validation Accuracy: 69.90%
[Epoch 19, Batch     2] loss: 0.001
[Epoch 19, Batch   102] loss: 0.107
[Epoch 19, Batch   202] loss: 0.130
[Epoch 19, Batch   302] loss: 0.143
Epoch 19/20:
Train Loss: 0.0397, Train Accuracy: 95.38%
Validation Loss: 1.2253, Validation Accuracy: 70.23%
[Epoch 20, Batch     2] loss: 0.001
[Epoch 20, Batch   102] loss: 0.087
[Epoch 20, Batch   202] loss: 0.103
[Epoch 20, Batch   302] loss: 0.123
Epoch 20/20:
Train Loss: 0.0271, Train Accuracy: 96.37%
Validation Loss: 1.3673, Validation Accuracy: 69.94%
Model saved to models/resnet18-CIFAR10-random-0.5-3
Modified fc layer: updated out_features to 10.
Initialized untrained model.
resnet18-CIFAR10-random-0.7-3
[Epoch 1, Batch     2] loss: 0.050
[Epoch 1, Batch   102] loss: 1.813
[Epoch 1, Batch   202] loss: 1.569
Epoch 1/20:
Train Loss: 0.1972, Train Accuracy: 39.95%
Validation Loss: 1.6704, Validation Accuracy: 42.32%
[Epoch 2, Batch     2] loss: 0.027
[Epoch 2, Batch   102] loss: 1.376
[Epoch 2, Batch   202] loss: 1.308
Epoch 2/20:
Train Loss: 0.1716, Train Accuracy: 52.64%
Validation Loss: 1.4895, Validation Accuracy: 47.09%
[Epoch 3, Batch     2] loss: 0.026
[Epoch 3, Batch   102] loss: 1.154
[Epoch 3, Batch   202] loss: 1.122
Epoch 3/20:
Train Loss: 0.1550, Train Accuracy: 59.78%
Validation Loss: 1.3120, Validation Accuracy: 54.28%
[Epoch 4, Batch     2] loss: 0.020
[Epoch 4, Batch   102] loss: 0.965
[Epoch 4, Batch   202] loss: 0.977
Epoch 4/20:
Train Loss: 0.1353, Train Accuracy: 66.02%
Validation Loss: 1.1097, Validation Accuracy: 61.68%
[Epoch 5, Batch     2] loss: 0.018
[Epoch 5, Batch   102] loss: 0.819
[Epoch 5, Batch   202] loss: 0.851
Epoch 5/20:
Train Loss: 0.1191, Train Accuracy: 70.57%
Validation Loss: 1.0818, Validation Accuracy: 61.53%
[Epoch 6, Batch     2] loss: 0.015
[Epoch 6, Batch   102] loss: 0.690
[Epoch 6, Batch   202] loss: 0.732
Epoch 6/20:
Train Loss: 0.1120, Train Accuracy: 74.20%
Validation Loss: 1.4270, Validation Accuracy: 54.20%
[Epoch 7, Batch     2] loss: 0.014
[Epoch 7, Batch   102] loss: 0.585
[Epoch 7, Batch   202] loss: 0.667
Epoch 7/20:
Train Loss: 0.0934, Train Accuracy: 77.73%
Validation Loss: 1.1695, Validation Accuracy: 62.40%
[Epoch 8, Batch     2] loss: 0.011
[Epoch 8, Batch   102] loss: 0.526
[Epoch 8, Batch   202] loss: 0.541
Epoch 8/20:
Train Loss: 0.0826, Train Accuracy: 80.93%
Validation Loss: 1.3577, Validation Accuracy: 58.58%
[Epoch 9, Batch     2] loss: 0.007
[Epoch 9, Batch   102] loss: 0.398
[Epoch 9, Batch   202] loss: 0.455
Epoch 9/20:
Train Loss: 0.0695, Train Accuracy: 85.01%
Validation Loss: 1.3162, Validation Accuracy: 60.81%
[Epoch 10, Batch     2] loss: 0.009
[Epoch 10, Batch   102] loss: 0.312
[Epoch 10, Batch   202] loss: 0.413
Epoch 10/20:
Train Loss: 0.0635, Train Accuracy: 86.74%
Validation Loss: 1.2409, Validation Accuracy: 63.97%
[Epoch 11, Batch     2] loss: 0.005
[Epoch 11, Batch   102] loss: 0.248
[Epoch 11, Batch   202] loss: 0.304
Epoch 11/20:
Train Loss: 0.0458, Train Accuracy: 90.30%
Validation Loss: 1.3672, Validation Accuracy: 62.11%
[Epoch 12, Batch     2] loss: 0.005
[Epoch 12, Batch   102] loss: 0.214
[Epoch 12, Batch   202] loss: 0.293
Epoch 12/20:
Train Loss: 0.0446, Train Accuracy: 90.92%
Validation Loss: 1.7227, Validation Accuracy: 56.81%
[Epoch 13, Batch     2] loss: 0.006
[Epoch 13, Batch   102] loss: 0.191
[Epoch 13, Batch   202] loss: 0.222
Epoch 13/20:
Train Loss: 0.0332, Train Accuracy: 92.56%
Validation Loss: 1.3603, Validation Accuracy: 65.82%
[Epoch 14, Batch     2] loss: 0.004
[Epoch 14, Batch   102] loss: 0.139
[Epoch 14, Batch   202] loss: 0.188
Epoch 14/20:
Train Loss: 0.0355, Train Accuracy: 93.90%
Validation Loss: 1.8575, Validation Accuracy: 57.68%
[Epoch 15, Batch     2] loss: 0.006
[Epoch 15, Batch   102] loss: 0.148
[Epoch 15, Batch   202] loss: 0.207
Epoch 15/20:
Train Loss: 0.0256, Train Accuracy: 93.78%
Validation Loss: 1.5150, Validation Accuracy: 63.63%
[Epoch 16, Batch     2] loss: 0.001
[Epoch 16, Batch   102] loss: 0.128
[Epoch 16, Batch   202] loss: 0.179
Epoch 16/20:
Train Loss: 0.0236, Train Accuracy: 94.66%
Validation Loss: 1.6408, Validation Accuracy: 62.32%
[Epoch 17, Batch     2] loss: 0.005
[Epoch 17, Batch   102] loss: 0.119
[Epoch 17, Batch   202] loss: 0.143
Epoch 17/20:
Train Loss: 0.0225, Train Accuracy: 95.32%
Validation Loss: 1.6804, Validation Accuracy: 63.38%
[Epoch 18, Batch     2] loss: 0.001
[Epoch 18, Batch   102] loss: 0.113
[Epoch 18, Batch   202] loss: 0.130
Epoch 18/20:
Train Loss: 0.0256, Train Accuracy: 95.60%
Validation Loss: 1.5446, Validation Accuracy: 65.14%
[Epoch 19, Batch     2] loss: 0.002
[Epoch 19, Batch   102] loss: 0.102
[Epoch 19, Batch   202] loss: 0.128
Epoch 19/20:
Train Loss: 0.0222, Train Accuracy: 95.71%
Validation Loss: 1.7699, Validation Accuracy: 62.07%
[Epoch 20, Batch     2] loss: 0.001
[Epoch 20, Batch   102] loss: 0.092
[Epoch 20, Batch   202] loss: 0.141
Epoch 20/20:
Train Loss: 0.0211, Train Accuracy: 95.83%
Validation Loss: 1.5825, Validation Accuracy: 65.03%
Model saved to models/resnet18-CIFAR10-random-0.7-3
Modified fc layer: updated out_features to 10.
Initialized untrained model.
resnet18-CIFAR10-random-0.8-3
[Epoch 1, Batch     2] loss: 0.053
[Epoch 1, Batch   102] loss: 1.807
Epoch 1/20:
Train Loss: 0.5470, Train Accuracy: 37.15%
Validation Loss: 1.5655, Validation Accuracy: 43.90%
[Epoch 2, Batch     2] loss: 0.027
[Epoch 2, Batch   102] loss: 1.440
Epoch 2/20:
Train Loss: 0.4931, Train Accuracy: 48.80%
Validation Loss: 1.4634, Validation Accuracy: 48.04%
[Epoch 3, Batch     2] loss: 0.025
[Epoch 3, Batch   102] loss: 1.232
Epoch 3/20:
Train Loss: 0.4323, Train Accuracy: 55.77%
Validation Loss: 1.4974, Validation Accuracy: 46.46%
[Epoch 4, Batch     2] loss: 0.020
[Epoch 4, Batch   102] loss: 1.110
Epoch 4/20:
Train Loss: 0.3804, Train Accuracy: 60.63%
Validation Loss: 1.3687, Validation Accuracy: 52.66%
[Epoch 5, Batch     2] loss: 0.017
[Epoch 5, Batch   102] loss: 0.949
Epoch 5/20:
Train Loss: 0.3291, Train Accuracy: 65.98%
Validation Loss: 1.5529, Validation Accuracy: 48.12%
[Epoch 6, Batch     2] loss: 0.017
[Epoch 6, Batch   102] loss: 0.792
Epoch 6/20:
Train Loss: 0.2972, Train Accuracy: 71.08%
Validation Loss: 1.3984, Validation Accuracy: 53.57%
[Epoch 7, Batch     2] loss: 0.014
[Epoch 7, Batch   102] loss: 0.690
Epoch 7/20:
Train Loss: 0.2714, Train Accuracy: 74.66%
Validation Loss: 1.5364, Validation Accuracy: 54.00%
[Epoch 8, Batch     2] loss: 0.007
[Epoch 8, Batch   102] loss: 0.559
Epoch 8/20:
Train Loss: 0.2258, Train Accuracy: 79.47%
Validation Loss: 1.4003, Validation Accuracy: 57.72%
[Epoch 9, Batch     2] loss: 0.011
[Epoch 9, Batch   102] loss: 0.471
Epoch 9/20:
Train Loss: 0.2006, Train Accuracy: 82.36%
Validation Loss: 1.5614, Validation Accuracy: 55.61%
[Epoch 10, Batch     2] loss: 0.006
[Epoch 10, Batch   102] loss: 0.392
Epoch 10/20:
Train Loss: 0.1595, Train Accuracy: 85.52%
Validation Loss: 1.4729, Validation Accuracy: 57.85%
[Epoch 11, Batch     2] loss: 0.006
[Epoch 11, Batch   102] loss: 0.304
Epoch 11/20:
Train Loss: 0.1279, Train Accuracy: 88.64%
Validation Loss: 1.8914, Validation Accuracy: 55.21%
[Epoch 12, Batch     2] loss: 0.005
[Epoch 12, Batch   102] loss: 0.254
Epoch 12/20:
Train Loss: 0.1082, Train Accuracy: 90.45%
Validation Loss: 1.7085, Validation Accuracy: 56.40%
[Epoch 13, Batch     2] loss: 0.005
[Epoch 13, Batch   102] loss: 0.235
Epoch 13/20:
Train Loss: 0.1209, Train Accuracy: 90.19%
Validation Loss: 1.7141, Validation Accuracy: 57.38%
[Epoch 14, Batch     2] loss: 0.005
[Epoch 14, Batch   102] loss: 0.176
Epoch 14/20:
Train Loss: 0.0785, Train Accuracy: 93.20%
Validation Loss: 1.7262, Validation Accuracy: 59.96%
[Epoch 15, Batch     2] loss: 0.004
[Epoch 15, Batch   102] loss: 0.162
Epoch 15/20:
Train Loss: 0.0742, Train Accuracy: 93.81%
Validation Loss: 2.0454, Validation Accuracy: 56.34%
[Epoch 16, Batch     2] loss: 0.003
[Epoch 16, Batch   102] loss: 0.162
Epoch 16/20:
Train Loss: 0.0712, Train Accuracy: 93.64%
Validation Loss: 1.7773, Validation Accuracy: 60.00%
[Epoch 17, Batch     2] loss: 0.001
[Epoch 17, Batch   102] loss: 0.140
Epoch 17/20:
Train Loss: 0.0616, Train Accuracy: 94.83%
Validation Loss: 1.8708, Validation Accuracy: 57.50%
[Epoch 18, Batch     2] loss: 0.003
[Epoch 18, Batch   102] loss: 0.129
Epoch 18/20:
Train Loss: 0.0518, Train Accuracy: 95.15%
Validation Loss: 2.1004, Validation Accuracy: 56.70%
[Epoch 19, Batch     2] loss: 0.002
[Epoch 19, Batch   102] loss: 0.159
Epoch 19/20:
Train Loss: 0.0497, Train Accuracy: 94.67%
Validation Loss: 1.8313, Validation Accuracy: 60.69%
[Epoch 20, Batch     2] loss: 0.002
[Epoch 20, Batch   102] loss: 0.101
Epoch 20/20:
Train Loss: 0.0390, Train Accuracy: 96.33%
Validation Loss: 2.0628, Validation Accuracy: 57.68%
Model saved to models/resnet18-CIFAR10-random-0.8-3
Modified fc layer: updated out_features to 10.
Initialized untrained model.
resnet18-CIFAR10-random-0.9-3
[Epoch 1, Batch     2] loss: 0.049
Epoch 1/20:
Train Loss: 1.8087, Train Accuracy: 34.52%
Validation Loss: 1.6025, Validation Accuracy: 41.78%
[Epoch 2, Batch     2] loss: 0.026
Epoch 2/20:
Train Loss: 1.4295, Train Accuracy: 46.53%
Validation Loss: 1.7070, Validation Accuracy: 39.59%
[Epoch 3, Batch     2] loss: 0.025
Epoch 3/20:
Train Loss: 1.2416, Train Accuracy: 54.05%
Validation Loss: 1.6096, Validation Accuracy: 44.31%
[Epoch 4, Batch     2] loss: 0.019
Epoch 4/20:
Train Loss: 1.0615, Train Accuracy: 61.70%
Validation Loss: 1.5714, Validation Accuracy: 45.87%
[Epoch 5, Batch     2] loss: 0.017
Epoch 5/20:
Train Loss: 0.9222, Train Accuracy: 67.07%
Validation Loss: 1.8298, Validation Accuracy: 43.83%
[Epoch 6, Batch     2] loss: 0.015
Epoch 6/20:
Train Loss: 0.7827, Train Accuracy: 72.06%
Validation Loss: 1.8174, Validation Accuracy: 46.41%
[Epoch 7, Batch     2] loss: 0.014
Epoch 7/20:
Train Loss: 0.6555, Train Accuracy: 76.56%
Validation Loss: 1.6913, Validation Accuracy: 49.51%
[Epoch 8, Batch     2] loss: 0.011
Epoch 8/20:
Train Loss: 0.5286, Train Accuracy: 81.27%
Validation Loss: 1.9188, Validation Accuracy: 44.96%
[Epoch 9, Batch     2] loss: 0.008
Epoch 9/20:
Train Loss: 0.4794, Train Accuracy: 83.47%
Validation Loss: 2.9517, Validation Accuracy: 35.56%
[Epoch 10, Batch     2] loss: 0.007
Epoch 10/20:
Train Loss: 0.3961, Train Accuracy: 85.70%
Validation Loss: 1.8509, Validation Accuracy: 50.88%
[Epoch 11, Batch     2] loss: 0.004
Epoch 11/20:
Train Loss: 0.3274, Train Accuracy: 88.06%
Validation Loss: 1.9241, Validation Accuracy: 52.65%
[Epoch 12, Batch     2] loss: 0.005
Epoch 12/20:
Train Loss: 0.2724, Train Accuracy: 90.99%
Validation Loss: 2.2562, Validation Accuracy: 46.47%
[Epoch 13, Batch     2] loss: 0.004
Epoch 13/20:
Train Loss: 0.1914, Train Accuracy: 93.47%
Validation Loss: 2.1906, Validation Accuracy: 50.36%
[Epoch 14, Batch     2] loss: 0.004
Epoch 14/20:
Train Loss: 0.1793, Train Accuracy: 94.05%
Validation Loss: 2.1127, Validation Accuracy: 52.25%
[Epoch 15, Batch     2] loss: 0.002
Epoch 15/20:
Train Loss: 0.1573, Train Accuracy: 94.49%
Validation Loss: 2.2988, Validation Accuracy: 49.85%
[Epoch 16, Batch     2] loss: 0.002
Epoch 16/20:
Train Loss: 0.1493, Train Accuracy: 94.55%
Validation Loss: 2.3582, Validation Accuracy: 49.04%
[Epoch 17, Batch     2] loss: 0.002
Epoch 17/20:
Train Loss: 0.1591, Train Accuracy: 94.45%
Validation Loss: 2.4842, Validation Accuracy: 50.19%
[Epoch 18, Batch     2] loss: 0.002
Epoch 18/20:
Train Loss: 0.1501, Train Accuracy: 94.77%
Validation Loss: 2.3934, Validation Accuracy: 49.64%
[Epoch 19, Batch     2] loss: 0.001
Epoch 19/20:
Train Loss: 0.1471, Train Accuracy: 95.19%
Validation Loss: 2.5276, Validation Accuracy: 50.30%
[Epoch 20, Batch     2] loss: 0.003
Epoch 20/20:
Train Loss: 0.1146, Train Accuracy: 95.81%
Validation Loss: 2.3408, Validation Accuracy: 52.51%
Model saved to models/resnet18-CIFAR10-random-0.9-3
Modified fc layer: updated out_features to 10.
Initialized untrained model.
resnet18-CIFAR10-random-0.95-3
[Epoch 1, Batch     2] loss: 0.050
Epoch 1/20:
Train Loss: 1.9464, Train Accuracy: 27.84%
Validation Loss: 2.4845, Validation Accuracy: 17.43%
[Epoch 2, Batch     2] loss: 0.034
Epoch 2/20:
Train Loss: 1.5280, Train Accuracy: 41.11%
Validation Loss: 1.8568, Validation Accuracy: 35.46%
[Epoch 3, Batch     2] loss: 0.029
Epoch 3/20:
Train Loss: 1.2835, Train Accuracy: 50.84%
Validation Loss: 1.9551, Validation Accuracy: 33.95%
[Epoch 4, Batch     2] loss: 0.024
Epoch 4/20:
Train Loss: 1.0895, Train Accuracy: 57.57%
Validation Loss: 2.0867, Validation Accuracy: 35.87%
[Epoch 5, Batch     2] loss: 0.017
Epoch 5/20:
Train Loss: 0.9071, Train Accuracy: 64.98%
Validation Loss: 2.3921, Validation Accuracy: 33.12%
[Epoch 6, Batch     2] loss: 0.013
Epoch 6/20:
Train Loss: 0.7732, Train Accuracy: 71.83%
Validation Loss: 2.8453, Validation Accuracy: 30.45%
[Epoch 7, Batch     2] loss: 0.012
Epoch 7/20:
Train Loss: 0.6241, Train Accuracy: 76.72%
Validation Loss: 2.3353, Validation Accuracy: 38.29%
[Epoch 8, Batch     2] loss: 0.009
Epoch 8/20:
Train Loss: 0.5023, Train Accuracy: 80.65%
Validation Loss: 2.5749, Validation Accuracy: 35.70%
[Epoch 9, Batch     2] loss: 0.009
Epoch 9/20:
Train Loss: 0.4190, Train Accuracy: 84.86%
Validation Loss: 3.2886, Validation Accuracy: 30.65%
[Epoch 10, Batch     2] loss: 0.005
Epoch 10/20:
Train Loss: 0.3420, Train Accuracy: 87.90%
Validation Loss: 2.5593, Validation Accuracy: 38.17%
[Epoch 11, Batch     2] loss: 0.004
Epoch 11/20:
Train Loss: 0.3315, Train Accuracy: 87.86%
Validation Loss: 2.4853, Validation Accuracy: 41.98%
[Epoch 12, Batch     2] loss: 0.005
Epoch 12/20:
Train Loss: 0.2523, Train Accuracy: 90.91%
Validation Loss: 2.9501, Validation Accuracy: 39.57%
[Epoch 13, Batch     2] loss: 0.004
Epoch 13/20:
Train Loss: 0.2091, Train Accuracy: 92.11%
Validation Loss: 2.6211, Validation Accuracy: 41.75%
[Epoch 14, Batch     2] loss: 0.002
Epoch 14/20:
Train Loss: 0.1738, Train Accuracy: 94.11%
Validation Loss: 2.6767, Validation Accuracy: 42.63%
[Epoch 15, Batch     2] loss: 0.001
Epoch 15/20:
Train Loss: 0.1587, Train Accuracy: 94.39%
Validation Loss: 3.1483, Validation Accuracy: 40.56%
[Epoch 16, Batch     2] loss: 0.003
Epoch 16/20:
Train Loss: 0.1291, Train Accuracy: 95.63%
Validation Loss: 2.7686, Validation Accuracy: 43.46%
[Epoch 17, Batch     2] loss: 0.002
Epoch 17/20:
Train Loss: 0.1578, Train Accuracy: 95.07%
Validation Loss: 2.7840, Validation Accuracy: 43.94%
[Epoch 18, Batch     2] loss: 0.002
Epoch 18/20:
Train Loss: 0.1254, Train Accuracy: 95.75%
Validation Loss: 2.8095, Validation Accuracy: 41.98%
[Epoch 19, Batch     2] loss: 0.002
Epoch 19/20:
Train Loss: 0.1023, Train Accuracy: 95.91%
Validation Loss: 3.0352, Validation Accuracy: 43.20%
[Epoch 20, Batch     2] loss: 0.003
Epoch 20/20:
Train Loss: 0.1128, Train Accuracy: 95.79%
Validation Loss: 2.7971, Validation Accuracy: 43.55%
Model saved to models/resnet18-CIFAR10-random-0.95-3
Modified fc layer: updated out_features to 10.
Loaded weights from file: models/resnet18_CIFAR10_E1_3
Files already downloaded and verified
Files already downloaded and verified
Modified fc layer: updated out_features to 10.
Initialized untrained model.
resnet18-CIFAR10-EVIDENCE-balanced_by_score-0.3-3
[Epoch 1, Batch     2] loss: 0.046
[Epoch 1, Batch   102] loss: 1.841
[Epoch 1, Batch   202] loss: 1.544
[Epoch 1, Batch   302] loss: 1.461
[Epoch 1, Batch   402] loss: 1.346
[Epoch 1, Batch   502] loss: 1.297
Epoch 1/20:
Train Loss: 0.1036, Train Accuracy: 46.84%
Validation Loss: 1.5243, Validation Accuracy: 47.69%
[Epoch 2, Batch     2] loss: 0.026
[Epoch 2, Batch   102] loss: 1.168
[Epoch 2, Batch   202] loss: 1.119
[Epoch 2, Batch   302] loss: 1.091
[Epoch 2, Batch   402] loss: 1.075
[Epoch 2, Batch   502] loss: 1.069
Epoch 2/20:
Train Loss: 0.0799, Train Accuracy: 61.18%
Validation Loss: 1.1480, Validation Accuracy: 60.30%
[Epoch 3, Batch     2] loss: 0.018
[Epoch 3, Batch   102] loss: 0.923
[Epoch 3, Batch   202] loss: 0.919
[Epoch 3, Batch   302] loss: 0.927
[Epoch 3, Batch   402] loss: 0.914
[Epoch 3, Batch   502] loss: 0.906
Epoch 3/20:
Train Loss: 0.0757, Train Accuracy: 67.69%
Validation Loss: 1.0654, Validation Accuracy: 62.83%
[Epoch 4, Batch     2] loss: 0.018
[Epoch 4, Batch   102] loss: 0.767
[Epoch 4, Batch   202] loss: 0.795
[Epoch 4, Batch   302] loss: 0.823
[Epoch 4, Batch   402] loss: 0.804
[Epoch 4, Batch   502] loss: 0.816
Epoch 4/20:
Train Loss: 0.0657, Train Accuracy: 71.97%
Validation Loss: 1.0575, Validation Accuracy: 64.19%
[Epoch 5, Batch     2] loss: 0.016
[Epoch 5, Batch   102] loss: 0.656
[Epoch 5, Batch   202] loss: 0.693
[Epoch 5, Batch   302] loss: 0.699
[Epoch 5, Batch   402] loss: 0.728
[Epoch 5, Batch   502] loss: 0.699
Epoch 5/20:
Train Loss: 0.0568, Train Accuracy: 75.69%
Validation Loss: 1.1396, Validation Accuracy: 62.73%
[Epoch 6, Batch     2] loss: 0.013
[Epoch 6, Batch   102] loss: 0.577
[Epoch 6, Batch   202] loss: 0.594
[Epoch 6, Batch   302] loss: 0.608
[Epoch 6, Batch   402] loss: 0.609
[Epoch 6, Batch   502] loss: 0.597
Epoch 6/20:
Train Loss: 0.0523, Train Accuracy: 78.95%
Validation Loss: 1.0637, Validation Accuracy: 65.86%
[Epoch 7, Batch     2] loss: 0.010
[Epoch 7, Batch   102] loss: 0.461
[Epoch 7, Batch   202] loss: 0.507
[Epoch 7, Batch   302] loss: 0.523
[Epoch 7, Batch   402] loss: 0.560
[Epoch 7, Batch   502] loss: 0.561
Epoch 7/20:
Train Loss: 0.0461, Train Accuracy: 81.56%
Validation Loss: 0.8493, Validation Accuracy: 71.98%
[Epoch 8, Batch     2] loss: 0.008
[Epoch 8, Batch   102] loss: 0.386
[Epoch 8, Batch   202] loss: 0.433
[Epoch 8, Batch   302] loss: 0.450
[Epoch 8, Batch   402] loss: 0.454
[Epoch 8, Batch   502] loss: 0.478
Epoch 8/20:
Train Loss: 0.0413, Train Accuracy: 84.48%
Validation Loss: 0.9567, Validation Accuracy: 70.36%
[Epoch 9, Batch     2] loss: 0.007
[Epoch 9, Batch   102] loss: 0.316
[Epoch 9, Batch   202] loss: 0.366
[Epoch 9, Batch   302] loss: 0.359
[Epoch 9, Batch   402] loss: 0.400
[Epoch 9, Batch   502] loss: 0.424
Epoch 9/20:
Train Loss: 0.0338, Train Accuracy: 86.63%
Validation Loss: 1.0313, Validation Accuracy: 68.64%
[Epoch 10, Batch     2] loss: 0.006
[Epoch 10, Batch   102] loss: 0.269
[Epoch 10, Batch   202] loss: 0.301
[Epoch 10, Batch   302] loss: 0.347
[Epoch 10, Batch   402] loss: 0.338
[Epoch 10, Batch   502] loss: 0.327
Epoch 10/20:
Train Loss: 0.0282, Train Accuracy: 88.80%
Validation Loss: 1.0521, Validation Accuracy: 69.25%
[Epoch 11, Batch     2] loss: 0.003
[Epoch 11, Batch   102] loss: 0.203
[Epoch 11, Batch   202] loss: 0.255
[Epoch 11, Batch   302] loss: 0.296
[Epoch 11, Batch   402] loss: 0.293
[Epoch 11, Batch   502] loss: 0.296
Epoch 11/20:
Train Loss: 0.0259, Train Accuracy: 90.39%
Validation Loss: 1.0302, Validation Accuracy: 71.00%
[Epoch 12, Batch     2] loss: 0.004
[Epoch 12, Batch   102] loss: 0.163
[Epoch 12, Batch   202] loss: 0.212
[Epoch 12, Batch   302] loss: 0.271
[Epoch 12, Batch   402] loss: 0.237
[Epoch 12, Batch   502] loss: 0.261
Epoch 12/20:
Train Loss: 0.0230, Train Accuracy: 91.86%
Validation Loss: 1.0156, Validation Accuracy: 72.45%
[Epoch 13, Batch     2] loss: 0.003
[Epoch 13, Batch   102] loss: 0.152
[Epoch 13, Batch   202] loss: 0.179
[Epoch 13, Batch   302] loss: 0.229
[Epoch 13, Batch   402] loss: 0.221
[Epoch 13, Batch   502] loss: 0.222
Epoch 13/20:
Train Loss: 0.0179, Train Accuracy: 92.96%
Validation Loss: 1.0226, Validation Accuracy: 72.86%
[Epoch 14, Batch     2] loss: 0.004
[Epoch 14, Batch   102] loss: 0.133
[Epoch 14, Batch   202] loss: 0.183
[Epoch 14, Batch   302] loss: 0.159
[Epoch 14, Batch   402] loss: 0.219
[Epoch 14, Batch   502] loss: 0.212
Epoch 14/20:
Train Loss: 0.0191, Train Accuracy: 93.54%
Validation Loss: 1.0827, Validation Accuracy: 71.94%
[Epoch 15, Batch     2] loss: 0.003
[Epoch 15, Batch   102] loss: 0.129
[Epoch 15, Batch   202] loss: 0.139
[Epoch 15, Batch   302] loss: 0.163
[Epoch 15, Batch   402] loss: 0.166
[Epoch 15, Batch   502] loss: 0.188
Epoch 15/20:
Train Loss: 0.0175, Train Accuracy: 94.35%
Validation Loss: 1.1111, Validation Accuracy: 71.90%
[Epoch 16, Batch     2] loss: 0.004
[Epoch 16, Batch   102] loss: 0.118
[Epoch 16, Batch   202] loss: 0.119
[Epoch 16, Batch   302] loss: 0.149
[Epoch 16, Batch   402] loss: 0.160
[Epoch 16, Batch   502] loss: 0.176
Epoch 16/20:
Train Loss: 0.0142, Train Accuracy: 94.82%
Validation Loss: 1.1493, Validation Accuracy: 72.88%
[Epoch 17, Batch     2] loss: 0.003
[Epoch 17, Batch   102] loss: 0.101
[Epoch 17, Batch   202] loss: 0.116
[Epoch 17, Batch   302] loss: 0.140
[Epoch 17, Batch   402] loss: 0.154
[Epoch 17, Batch   502] loss: 0.153
Epoch 17/20:
Train Loss: 0.0122, Train Accuracy: 95.32%
Validation Loss: 1.1475, Validation Accuracy: 72.43%
[Epoch 18, Batch     2] loss: 0.004
[Epoch 18, Batch   102] loss: 0.102
[Epoch 18, Batch   202] loss: 0.109
[Epoch 18, Batch   302] loss: 0.125
[Epoch 18, Batch   402] loss: 0.164
[Epoch 18, Batch   502] loss: 0.159
Epoch 18/20:
Train Loss: 0.0133, Train Accuracy: 95.39%
Validation Loss: 1.2401, Validation Accuracy: 71.29%
[Epoch 19, Batch     2] loss: 0.002
[Epoch 19, Batch   102] loss: 0.083
[Epoch 19, Batch   202] loss: 0.102
[Epoch 19, Batch   302] loss: 0.132
[Epoch 19, Batch   402] loss: 0.133
[Epoch 19, Batch   502] loss: 0.168
Epoch 19/20:
Train Loss: 0.0120, Train Accuracy: 95.85%
Validation Loss: 1.0880, Validation Accuracy: 73.01%
[Epoch 20, Batch     2] loss: 0.001
[Epoch 20, Batch   102] loss: 0.069
[Epoch 20, Batch   202] loss: 0.100
[Epoch 20, Batch   302] loss: 0.117
[Epoch 20, Batch   402] loss: 0.121
[Epoch 20, Batch   502] loss: 0.146
Epoch 20/20:
Train Loss: 0.0115, Train Accuracy: 96.04%
Validation Loss: 1.1765, Validation Accuracy: 72.82%
Model saved to models/resnet18-CIFAR10-EVIDENCE-balanced_by_score-0.3-3
Modified fc layer: updated out_features to 10.
Initialized untrained model.
resnet18-CIFAR10-EVIDENCE-balanced_by_score-0.5-3
[Epoch 1, Batch     2] loss: 0.048
[Epoch 1, Batch   102] loss: 1.827
[Epoch 1, Batch   202] loss: 1.542
[Epoch 1, Batch   302] loss: 1.447
Epoch 1/20:
Train Loss: 0.3094, Train Accuracy: 44.02%
Validation Loss: 1.5529, Validation Accuracy: 46.07%
[Epoch 2, Batch     2] loss: 0.024
[Epoch 2, Batch   102] loss: 1.251
[Epoch 2, Batch   202] loss: 1.222
[Epoch 2, Batch   302] loss: 1.166
Epoch 2/20:
Train Loss: 0.2609, Train Accuracy: 57.34%
Validation Loss: 1.5829, Validation Accuracy: 47.42%
[Epoch 3, Batch     2] loss: 0.018
[Epoch 3, Batch   102] loss: 1.025
[Epoch 3, Batch   202] loss: 1.010
[Epoch 3, Batch   302] loss: 1.004
Epoch 3/20:
Train Loss: 0.2188, Train Accuracy: 64.51%
Validation Loss: 1.1735, Validation Accuracy: 58.74%
[Epoch 4, Batch     2] loss: 0.017
[Epoch 4, Batch   102] loss: 0.869
[Epoch 4, Batch   202] loss: 0.897
[Epoch 4, Batch   302] loss: 0.868
Epoch 4/20:
Train Loss: 0.1909, Train Accuracy: 69.41%
Validation Loss: 1.2839, Validation Accuracy: 57.56%
[Epoch 5, Batch     2] loss: 0.015
[Epoch 5, Batch   102] loss: 0.725
[Epoch 5, Batch   202] loss: 0.766
[Epoch 5, Batch   302] loss: 0.779
Epoch 5/20:
Train Loss: 0.1740, Train Accuracy: 73.40%
Validation Loss: 1.0144, Validation Accuracy: 65.74%
[Epoch 6, Batch     2] loss: 0.010
[Epoch 6, Batch   102] loss: 0.608
[Epoch 6, Batch   202] loss: 0.658
[Epoch 6, Batch   302] loss: 0.677
Epoch 6/20:
Train Loss: 0.1530, Train Accuracy: 77.12%
Validation Loss: 1.2161, Validation Accuracy: 59.52%
[Epoch 7, Batch     2] loss: 0.011
[Epoch 7, Batch   102] loss: 0.519
[Epoch 7, Batch   202] loss: 0.561
[Epoch 7, Batch   302] loss: 0.572
Epoch 7/20:
Train Loss: 0.1331, Train Accuracy: 80.52%
Validation Loss: 1.0408, Validation Accuracy: 65.69%
[Epoch 8, Batch     2] loss: 0.007
[Epoch 8, Batch   102] loss: 0.418
[Epoch 8, Batch   202] loss: 0.484
[Epoch 8, Batch   302] loss: 0.516
Epoch 8/20:
Train Loss: 0.1188, Train Accuracy: 83.16%
Validation Loss: 1.1594, Validation Accuracy: 63.10%
[Epoch 9, Batch     2] loss: 0.006
[Epoch 9, Batch   102] loss: 0.339
[Epoch 9, Batch   202] loss: 0.408
[Epoch 9, Batch   302] loss: 0.442
Epoch 9/20:
Train Loss: 0.0934, Train Accuracy: 86.10%
Validation Loss: 1.2637, Validation Accuracy: 63.96%
[Epoch 10, Batch     2] loss: 0.004
[Epoch 10, Batch   102] loss: 0.266
[Epoch 10, Batch   202] loss: 0.339
[Epoch 10, Batch   302] loss: 0.349
Epoch 10/20:
Train Loss: 0.0861, Train Accuracy: 88.35%
Validation Loss: 1.1627, Validation Accuracy: 66.90%
[Epoch 11, Batch     2] loss: 0.004
[Epoch 11, Batch   102] loss: 0.231
[Epoch 11, Batch   202] loss: 0.274
[Epoch 11, Batch   302] loss: 0.309
Epoch 11/20:
Train Loss: 0.0671, Train Accuracy: 90.43%
Validation Loss: 1.1087, Validation Accuracy: 69.81%
[Epoch 12, Batch     2] loss: 0.003
[Epoch 12, Batch   102] loss: 0.211
[Epoch 12, Batch   202] loss: 0.259
[Epoch 12, Batch   302] loss: 0.260
Epoch 12/20:
Train Loss: 0.0631, Train Accuracy: 91.23%
Validation Loss: 1.1150, Validation Accuracy: 70.29%
[Epoch 13, Batch     2] loss: 0.002
[Epoch 13, Batch   102] loss: 0.164
[Epoch 13, Batch   202] loss: 0.204
[Epoch 13, Batch   302] loss: 0.215
Epoch 13/20:
Train Loss: 0.0552, Train Accuracy: 92.94%
Validation Loss: 1.1863, Validation Accuracy: 69.53%
[Epoch 14, Batch     2] loss: 0.006
[Epoch 14, Batch   102] loss: 0.137
[Epoch 14, Batch   202] loss: 0.190
[Epoch 14, Batch   302] loss: 0.183
Epoch 14/20:
Train Loss: 0.0516, Train Accuracy: 93.55%
Validation Loss: 1.5536, Validation Accuracy: 64.03%
[Epoch 15, Batch     2] loss: 0.002
[Epoch 15, Batch   102] loss: 0.132
[Epoch 15, Batch   202] loss: 0.149
[Epoch 15, Batch   302] loss: 0.178
Epoch 15/20:
Train Loss: 0.0480, Train Accuracy: 94.43%
Validation Loss: 1.1471, Validation Accuracy: 70.23%
[Epoch 16, Batch     2] loss: 0.003
[Epoch 16, Batch   102] loss: 0.135
[Epoch 16, Batch   202] loss: 0.154
[Epoch 16, Batch   302] loss: 0.155
Epoch 16/20:
Train Loss: 0.0364, Train Accuracy: 94.88%
Validation Loss: 1.3460, Validation Accuracy: 68.54%
[Epoch 17, Batch     2] loss: 0.001
[Epoch 17, Batch   102] loss: 0.099
[Epoch 17, Batch   202] loss: 0.121
[Epoch 17, Batch   302] loss: 0.173
Epoch 17/20:
Train Loss: 0.0445, Train Accuracy: 94.97%
Validation Loss: 1.2498, Validation Accuracy: 69.12%
[Epoch 18, Batch     2] loss: 0.001
[Epoch 18, Batch   102] loss: 0.105
[Epoch 18, Batch   202] loss: 0.108
[Epoch 18, Batch   302] loss: 0.156
Epoch 18/20:
Train Loss: 0.0426, Train Accuracy: 95.18%
Validation Loss: 1.2204, Validation Accuracy: 70.61%
[Epoch 19, Batch     2] loss: 0.003
[Epoch 19, Batch   102] loss: 0.093
[Epoch 19, Batch   202] loss: 0.110
[Epoch 19, Batch   302] loss: 0.151
Epoch 19/20:
Train Loss: 0.0325, Train Accuracy: 95.70%
Validation Loss: 1.2871, Validation Accuracy: 69.98%
[Epoch 20, Batch     2] loss: 0.004
[Epoch 20, Batch   102] loss: 0.105
[Epoch 20, Batch   202] loss: 0.117
[Epoch 20, Batch   302] loss: 0.136
Epoch 20/20:
Train Loss: 0.0357, Train Accuracy: 95.46%
Validation Loss: 1.2491, Validation Accuracy: 70.39%
Model saved to models/resnet18-CIFAR10-EVIDENCE-balanced_by_score-0.5-3
Modified fc layer: updated out_features to 10.
Initialized untrained model.
resnet18-CIFAR10-EVIDENCE-balanced_by_score-0.7-3
[Epoch 1, Batch     2] loss: 0.051
[Epoch 1, Batch   102] loss: 1.822
[Epoch 1, Batch   202] loss: 1.529
Epoch 1/20:
Train Loss: 0.1997, Train Accuracy: 40.69%
Validation Loss: 1.5738, Validation Accuracy: 44.50%
[Epoch 2, Batch     2] loss: 0.028
[Epoch 2, Batch   102] loss: 1.341
[Epoch 2, Batch   202] loss: 1.287
Epoch 2/20:
Train Loss: 0.1695, Train Accuracy: 53.23%
Validation Loss: 1.6746, Validation Accuracy: 42.68%
[Epoch 3, Batch     2] loss: 0.024
[Epoch 3, Batch   102] loss: 1.113
[Epoch 3, Batch   202] loss: 1.145
Epoch 3/20:
Train Loss: 0.1515, Train Accuracy: 59.89%
Validation Loss: 1.2560, Validation Accuracy: 56.88%
[Epoch 4, Batch     2] loss: 0.018
[Epoch 4, Batch   102] loss: 0.923
[Epoch 4, Batch   202] loss: 1.009
Epoch 4/20:
Train Loss: 0.1361, Train Accuracy: 65.81%
Validation Loss: 1.1708, Validation Accuracy: 59.23%
[Epoch 5, Batch     2] loss: 0.018
[Epoch 5, Batch   102] loss: 0.824
[Epoch 5, Batch   202] loss: 0.863
Epoch 5/20:
Train Loss: 0.1220, Train Accuracy: 69.48%
Validation Loss: 1.4157, Validation Accuracy: 51.81%
[Epoch 6, Batch     2] loss: 0.015
[Epoch 6, Batch   102] loss: 0.670
[Epoch 6, Batch   202] loss: 0.754
Epoch 6/20:
Train Loss: 0.1025, Train Accuracy: 74.72%
Validation Loss: 1.3482, Validation Accuracy: 57.44%
[Epoch 7, Batch     2] loss: 0.011
[Epoch 7, Batch   102] loss: 0.588
[Epoch 7, Batch   202] loss: 0.669
Epoch 7/20:
Train Loss: 0.0960, Train Accuracy: 77.90%
Validation Loss: 1.1530, Validation Accuracy: 62.12%
[Epoch 8, Batch     2] loss: 0.011
[Epoch 8, Batch   102] loss: 0.494
[Epoch 8, Batch   202] loss: 0.553
Epoch 8/20:
Train Loss: 0.0776, Train Accuracy: 81.18%
Validation Loss: 1.3404, Validation Accuracy: 60.29%
[Epoch 9, Batch     2] loss: 0.009
[Epoch 9, Batch   102] loss: 0.385
[Epoch 9, Batch   202] loss: 0.474
Epoch 9/20:
Train Loss: 0.0647, Train Accuracy: 84.85%
Validation Loss: 1.4303, Validation Accuracy: 60.13%
[Epoch 10, Batch     2] loss: 0.008
[Epoch 10, Batch   102] loss: 0.312
[Epoch 10, Batch   202] loss: 0.384
Epoch 10/20:
Train Loss: 0.0586, Train Accuracy: 87.33%
Validation Loss: 1.3389, Validation Accuracy: 62.52%
[Epoch 11, Batch     2] loss: 0.006
[Epoch 11, Batch   102] loss: 0.247
[Epoch 11, Batch   202] loss: 0.326
Epoch 11/20:
Train Loss: 0.0507, Train Accuracy: 89.20%
Validation Loss: 1.3644, Validation Accuracy: 63.25%
[Epoch 12, Batch     2] loss: 0.004
[Epoch 12, Batch   102] loss: 0.201
[Epoch 12, Batch   202] loss: 0.292
Epoch 12/20:
Train Loss: 0.0450, Train Accuracy: 91.23%
Validation Loss: 1.3878, Validation Accuracy: 64.07%
[Epoch 13, Batch     2] loss: 0.004
[Epoch 13, Batch   102] loss: 0.190
[Epoch 13, Batch   202] loss: 0.239
Epoch 13/20:
Train Loss: 0.0346, Train Accuracy: 92.53%
Validation Loss: 1.6045, Validation Accuracy: 61.54%
[Epoch 14, Batch     2] loss: 0.003
[Epoch 14, Batch   102] loss: 0.158
[Epoch 14, Batch   202] loss: 0.209
Epoch 14/20:
Train Loss: 0.0300, Train Accuracy: 93.86%
Validation Loss: 1.5234, Validation Accuracy: 62.36%
[Epoch 15, Batch     2] loss: 0.003
[Epoch 15, Batch   102] loss: 0.131
[Epoch 15, Batch   202] loss: 0.223
Epoch 15/20:
Train Loss: 0.0329, Train Accuracy: 93.54%
Validation Loss: 1.4285, Validation Accuracy: 65.03%
[Epoch 16, Batch     2] loss: 0.003
[Epoch 16, Batch   102] loss: 0.124
[Epoch 16, Batch   202] loss: 0.126
Epoch 16/20:
Train Loss: 0.0248, Train Accuracy: 95.53%
Validation Loss: 1.5797, Validation Accuracy: 64.45%
[Epoch 17, Batch     2] loss: 0.002
[Epoch 17, Batch   102] loss: 0.127
[Epoch 17, Batch   202] loss: 0.175
Epoch 17/20:
Train Loss: 0.0340, Train Accuracy: 94.52%
Validation Loss: 1.7581, Validation Accuracy: 59.13%
[Epoch 18, Batch     2] loss: 0.003
[Epoch 18, Batch   102] loss: 0.121
[Epoch 18, Batch   202] loss: 0.136
Epoch 18/20:
Train Loss: 0.0196, Train Accuracy: 95.45%
Validation Loss: 1.8141, Validation Accuracy: 61.98%
[Epoch 19, Batch     2] loss: 0.002
[Epoch 19, Batch   102] loss: 0.103
[Epoch 19, Batch   202] loss: 0.123
Epoch 19/20:
Train Loss: 0.0205, Train Accuracy: 96.09%
Validation Loss: 1.5682, Validation Accuracy: 65.41%
[Epoch 20, Batch     2] loss: 0.001
[Epoch 20, Batch   102] loss: 0.095
[Epoch 20, Batch   202] loss: 0.130
Epoch 20/20:
Train Loss: 0.0209, Train Accuracy: 96.08%
Validation Loss: 1.6695, Validation Accuracy: 63.01%
Model saved to models/resnet18-CIFAR10-EVIDENCE-balanced_by_score-0.7-3
Modified fc layer: updated out_features to 10.
Initialized untrained model.
resnet18-CIFAR10-EVIDENCE-balanced_by_score-0.8-3
[Epoch 1, Batch     2] loss: 0.049
[Epoch 1, Batch   102] loss: 1.840
Epoch 1/20:
Train Loss: 0.5246, Train Accuracy: 36.72%
Validation Loss: 1.6662, Validation Accuracy: 41.10%
[Epoch 2, Batch     2] loss: 0.027
[Epoch 2, Batch   102] loss: 1.408
Epoch 2/20:
Train Loss: 0.4692, Train Accuracy: 48.77%
Validation Loss: 1.8988, Validation Accuracy: 38.01%
[Epoch 3, Batch     2] loss: 0.025
[Epoch 3, Batch   102] loss: 1.217
Epoch 3/20:
Train Loss: 0.4169, Train Accuracy: 55.83%
Validation Loss: 1.6210, Validation Accuracy: 44.98%
[Epoch 4, Batch     2] loss: 0.023
[Epoch 4, Batch   102] loss: 1.067
Epoch 4/20:
Train Loss: 0.3535, Train Accuracy: 61.81%
Validation Loss: 1.3317, Validation Accuracy: 53.08%
[Epoch 5, Batch     2] loss: 0.014
[Epoch 5, Batch   102] loss: 0.912
Epoch 5/20:
Train Loss: 0.3197, Train Accuracy: 67.80%
Validation Loss: 1.3765, Validation Accuracy: 53.38%
[Epoch 6, Batch     2] loss: 0.014
[Epoch 6, Batch   102] loss: 0.775
Epoch 6/20:
Train Loss: 0.2896, Train Accuracy: 71.69%
Validation Loss: 1.5573, Validation Accuracy: 50.33%
[Epoch 7, Batch     2] loss: 0.013
[Epoch 7, Batch   102] loss: 0.661
Epoch 7/20:
Train Loss: 0.2461, Train Accuracy: 76.36%
Validation Loss: 1.3845, Validation Accuracy: 54.02%
[Epoch 8, Batch     2] loss: 0.012
[Epoch 8, Batch   102] loss: 0.550
Epoch 8/20:
Train Loss: 0.2150, Train Accuracy: 79.27%
Validation Loss: 1.5333, Validation Accuracy: 53.82%
[Epoch 9, Batch     2] loss: 0.010
[Epoch 9, Batch   102] loss: 0.432
Epoch 9/20:
Train Loss: 0.1824, Train Accuracy: 83.83%
Validation Loss: 1.6268, Validation Accuracy: 56.45%
[Epoch 10, Batch     2] loss: 0.007
[Epoch 10, Batch   102] loss: 0.358
Epoch 10/20:
Train Loss: 0.1653, Train Accuracy: 85.99%
Validation Loss: 1.3734, Validation Accuracy: 59.52%
[Epoch 11, Batch     2] loss: 0.006
[Epoch 11, Batch   102] loss: 0.299
Epoch 11/20:
Train Loss: 0.1231, Train Accuracy: 88.70%
Validation Loss: 1.4425, Validation Accuracy: 59.97%
[Epoch 12, Batch     2] loss: 0.004
[Epoch 12, Batch   102] loss: 0.241
Epoch 12/20:
Train Loss: 0.1152, Train Accuracy: 90.46%
Validation Loss: 1.6482, Validation Accuracy: 56.93%
[Epoch 13, Batch     2] loss: 0.007
[Epoch 13, Batch   102] loss: 0.229
Epoch 13/20:
Train Loss: 0.0876, Train Accuracy: 91.61%
Validation Loss: 1.6264, Validation Accuracy: 60.37%
[Epoch 14, Batch     2] loss: 0.003
[Epoch 14, Batch   102] loss: 0.186
Epoch 14/20:
Train Loss: 0.0748, Train Accuracy: 93.23%
Validation Loss: 1.7476, Validation Accuracy: 59.10%
[Epoch 15, Batch     2] loss: 0.003
[Epoch 15, Batch   102] loss: 0.165
Epoch 15/20:
Train Loss: 0.0609, Train Accuracy: 93.97%
Validation Loss: 1.6726, Validation Accuracy: 61.05%
[Epoch 16, Batch     2] loss: 0.002
[Epoch 16, Batch   102] loss: 0.139
Epoch 16/20:
Train Loss: 0.0702, Train Accuracy: 94.54%
Validation Loss: 1.7334, Validation Accuracy: 60.36%
[Epoch 17, Batch     2] loss: 0.004
[Epoch 17, Batch   102] loss: 0.137
Epoch 17/20:
Train Loss: 0.0641, Train Accuracy: 94.91%
Validation Loss: 1.9238, Validation Accuracy: 59.17%
[Epoch 18, Batch     2] loss: 0.001
[Epoch 18, Batch   102] loss: 0.112
Epoch 18/20:
Train Loss: 0.0344, Train Accuracy: 96.36%
Validation Loss: 2.1094, Validation Accuracy: 56.68%
[Epoch 19, Batch     2] loss: 0.003
[Epoch 19, Batch   102] loss: 0.111
Epoch 19/20:
Train Loss: 0.0574, Train Accuracy: 95.97%
Validation Loss: 1.8288, Validation Accuracy: 60.76%
[Epoch 20, Batch     2] loss: 0.002
[Epoch 20, Batch   102] loss: 0.128
Epoch 20/20:
Train Loss: 0.0443, Train Accuracy: 95.52%
Validation Loss: 1.8690, Validation Accuracy: 60.38%
Model saved to models/resnet18-CIFAR10-EVIDENCE-balanced_by_score-0.8-3
Modified fc layer: updated out_features to 10.
Initialized untrained model.
resnet18-CIFAR10-EVIDENCE-balanced_by_score-0.9-3
[Epoch 1, Batch     2] loss: 0.052
Epoch 1/20:
Train Loss: 1.8389, Train Accuracy: 32.83%
Validation Loss: 2.1806, Validation Accuracy: 29.93%
[Epoch 2, Batch     2] loss: 0.033
Epoch 2/20:
Train Loss: 1.4498, Train Accuracy: 46.18%
Validation Loss: 1.7733, Validation Accuracy: 38.47%
[Epoch 3, Batch     2] loss: 0.025
Epoch 3/20:
Train Loss: 1.2666, Train Accuracy: 52.43%
Validation Loss: 1.7534, Validation Accuracy: 38.91%
[Epoch 4, Batch     2] loss: 0.023
Epoch 4/20:
Train Loss: 1.1205, Train Accuracy: 58.31%
Validation Loss: 1.6542, Validation Accuracy: 42.89%
[Epoch 5, Batch     2] loss: 0.020
Epoch 5/20:
Train Loss: 0.9758, Train Accuracy: 64.19%
Validation Loss: 1.5402, Validation Accuracy: 48.03%
[Epoch 6, Batch     2] loss: 0.015
Epoch 6/20:
Train Loss: 0.8473, Train Accuracy: 69.61%
Validation Loss: 1.8344, Validation Accuracy: 41.53%
[Epoch 7, Batch     2] loss: 0.015
Epoch 7/20:
Train Loss: 0.7088, Train Accuracy: 74.12%
Validation Loss: 1.8244, Validation Accuracy: 46.66%
[Epoch 8, Batch     2] loss: 0.012
Epoch 8/20:
Train Loss: 0.6235, Train Accuracy: 77.71%
Validation Loss: 2.0836, Validation Accuracy: 40.69%
[Epoch 9, Batch     2] loss: 0.010
Epoch 9/20:
Train Loss: 0.5084, Train Accuracy: 81.64%
Validation Loss: 1.9005, Validation Accuracy: 49.57%
[Epoch 10, Batch     2] loss: 0.007
Epoch 10/20:
Train Loss: 0.3780, Train Accuracy: 86.41%
Validation Loss: 2.2509, Validation Accuracy: 45.71%
[Epoch 11, Batch     2] loss: 0.007
Epoch 11/20:
Train Loss: 0.3267, Train Accuracy: 88.28%
Validation Loss: 2.0006, Validation Accuracy: 51.32%
[Epoch 12, Batch     2] loss: 0.005
Epoch 12/20:
Train Loss: 0.2476, Train Accuracy: 90.89%
Validation Loss: 2.1541, Validation Accuracy: 50.49%
[Epoch 13, Batch     2] loss: 0.004
Epoch 13/20:
Train Loss: 0.2807, Train Accuracy: 90.52%
Validation Loss: 2.3048, Validation Accuracy: 47.25%
[Epoch 14, Batch     2] loss: 0.003
Epoch 14/20:
Train Loss: 0.2106, Train Accuracy: 92.56%
Validation Loss: 2.2765, Validation Accuracy: 47.20%
[Epoch 15, Batch     2] loss: 0.002
Epoch 15/20:
Train Loss: 0.1456, Train Accuracy: 95.13%
Validation Loss: 2.7363, Validation Accuracy: 47.04%
[Epoch 16, Batch     2] loss: 0.004
Epoch 16/20:
Train Loss: 0.1861, Train Accuracy: 93.67%
Validation Loss: 2.2833, Validation Accuracy: 50.87%
[Epoch 17, Batch     2] loss: 0.002
Epoch 17/20:
Train Loss: 0.1492, Train Accuracy: 94.86%
Validation Loss: 2.2788, Validation Accuracy: 50.73%
[Epoch 18, Batch     2] loss: 0.004
Epoch 18/20:
Train Loss: 0.1359, Train Accuracy: 94.92%
Validation Loss: 2.3409, Validation Accuracy: 51.68%
[Epoch 19, Batch     2] loss: 0.002
Epoch 19/20:
Train Loss: 0.1275, Train Accuracy: 95.42%
Validation Loss: 2.3412, Validation Accuracy: 52.76%
[Epoch 20, Batch     2] loss: 0.001
Epoch 20/20:
Train Loss: 0.1067, Train Accuracy: 96.24%
Validation Loss: 2.3187, Validation Accuracy: 51.66%
Model saved to models/resnet18-CIFAR10-EVIDENCE-balanced_by_score-0.9-3
Modified fc layer: updated out_features to 10.
Initialized untrained model.
resnet18-CIFAR10-EVIDENCE-balanced_by_score-0.95-3
[Epoch 1, Batch     2] loss: 0.050
Epoch 1/20:
Train Loss: 1.9158, Train Accuracy: 26.72%
Validation Loss: 2.5040, Validation Accuracy: 20.31%
[Epoch 2, Batch     2] loss: 0.030
Epoch 2/20:
Train Loss: 1.4868, Train Accuracy: 41.19%
Validation Loss: 1.7239, Validation Accuracy: 38.95%
[Epoch 3, Batch     2] loss: 0.025
Epoch 3/20:
Train Loss: 1.2817, Train Accuracy: 49.96%
Validation Loss: 2.1267, Validation Accuracy: 31.96%
[Epoch 4, Batch     2] loss: 0.022
Epoch 4/20:
Train Loss: 1.1061, Train Accuracy: 57.73%
Validation Loss: 2.4462, Validation Accuracy: 32.02%
[Epoch 5, Batch     2] loss: 0.020
Epoch 5/20:
Train Loss: 0.9141, Train Accuracy: 66.55%
Validation Loss: 3.1638, Validation Accuracy: 28.61%
[Epoch 6, Batch     2] loss: 0.015
Epoch 6/20:
Train Loss: 0.7701, Train Accuracy: 71.55%
Validation Loss: 2.1149, Validation Accuracy: 38.33%
[Epoch 7, Batch     2] loss: 0.011
Epoch 7/20:
Train Loss: 0.6046, Train Accuracy: 77.56%
Validation Loss: 2.2682, Validation Accuracy: 38.54%
[Epoch 8, Batch     2] loss: 0.007
Epoch 8/20:
Train Loss: 0.5382, Train Accuracy: 80.65%
Validation Loss: 2.6599, Validation Accuracy: 37.18%
[Epoch 9, Batch     2] loss: 0.005
Epoch 9/20:
Train Loss: 0.3442, Train Accuracy: 87.74%
Validation Loss: 2.2758, Validation Accuracy: 44.03%
[Epoch 10, Batch     2] loss: 0.004
Epoch 10/20:
Train Loss: 0.3049, Train Accuracy: 89.02%
Validation Loss: 2.6975, Validation Accuracy: 39.20%
[Epoch 11, Batch     2] loss: 0.006
Epoch 11/20:
Train Loss: 0.2811, Train Accuracy: 89.82%
Validation Loss: 2.5756, Validation Accuracy: 44.43%
[Epoch 12, Batch     2] loss: 0.004
Epoch 12/20:
Train Loss: 0.2245, Train Accuracy: 92.51%
Validation Loss: 2.7628, Validation Accuracy: 40.84%
[Epoch 13, Batch     2] loss: 0.004
Epoch 13/20:
Train Loss: 0.2165, Train Accuracy: 92.75%
Validation Loss: 2.4760, Validation Accuracy: 44.60%
[Epoch 14, Batch     2] loss: 0.004
Epoch 14/20:
Train Loss: 0.1422, Train Accuracy: 94.99%
Validation Loss: 2.8951, Validation Accuracy: 41.15%
[Epoch 15, Batch     2] loss: 0.002
Epoch 15/20:
Train Loss: 0.1731, Train Accuracy: 93.23%
Validation Loss: 3.1184, Validation Accuracy: 40.05%
[Epoch 16, Batch     2] loss: 0.003
Epoch 16/20:
Train Loss: 0.1708, Train Accuracy: 93.95%
Validation Loss: 2.8268, Validation Accuracy: 43.57%
[Epoch 17, Batch     2] loss: 0.003
Epoch 17/20:
Train Loss: 0.1332, Train Accuracy: 95.27%
Validation Loss: 2.7525, Validation Accuracy: 45.19%
[Epoch 18, Batch     2] loss: 0.002
Epoch 18/20:
Train Loss: 0.1074, Train Accuracy: 96.43%
Validation Loss: 2.9728, Validation Accuracy: 44.06%
[Epoch 19, Batch     2] loss: 0.001
Epoch 19/20:
Train Loss: 0.1153, Train Accuracy: 95.67%
Validation Loss: 3.1147, Validation Accuracy: 40.21%
[Epoch 20, Batch     2] loss: 0.001
Epoch 20/20:
Train Loss: 0.1063, Train Accuracy: 96.39%
Validation Loss: 3.0239, Validation Accuracy: 44.05%
Model saved to models/resnet18-CIFAR10-EVIDENCE-balanced_by_score-0.95-3
Modified fc layer: updated out_features to 10.
Loaded weights from file: models/resnet18_CIFAR10_E1_3
Files already downloaded and verified
Files already downloaded and verified
Modified fc layer: updated out_features to 10.
Initialized untrained model.
resnet18-CIFAR10-EVIDENCE-median-0.3-3
[Epoch 1, Batch     2] loss: 0.047
[Epoch 1, Batch   102] loss: 1.727
[Epoch 1, Batch   202] loss: 1.444
[Epoch 1, Batch   302] loss: 1.297
[Epoch 1, Batch   402] loss: 1.298
[Epoch 1, Batch   502] loss: 1.193
Epoch 1/20:
Train Loss: 0.0941, Train Accuracy: 51.38%
Validation Loss: 1.4599, Validation Accuracy: 49.29%
[Epoch 2, Batch     2] loss: 0.021
[Epoch 2, Batch   102] loss: 1.034
[Epoch 2, Batch   202] loss: 1.042
[Epoch 2, Batch   302] loss: 1.025
[Epoch 2, Batch   402] loss: 1.017
[Epoch 2, Batch   502] loss: 0.965
Epoch 2/20:
Train Loss: 0.0754, Train Accuracy: 64.36%
Validation Loss: 1.0866, Validation Accuracy: 62.24%
[Epoch 3, Batch     2] loss: 0.019
[Epoch 3, Batch   102] loss: 0.840
[Epoch 3, Batch   202] loss: 0.880
[Epoch 3, Batch   302] loss: 0.875
[Epoch 3, Batch   402] loss: 0.861
[Epoch 3, Batch   502] loss: 0.848
Epoch 3/20:
Train Loss: 0.0672, Train Accuracy: 69.73%
Validation Loss: 1.1556, Validation Accuracy: 60.79%
[Epoch 4, Batch     2] loss: 0.014
[Epoch 4, Batch   102] loss: 0.739
[Epoch 4, Batch   202] loss: 0.767
[Epoch 4, Batch   302] loss: 0.749
[Epoch 4, Batch   402] loss: 0.757
[Epoch 4, Batch   502] loss: 0.741
Epoch 4/20:
Train Loss: 0.0613, Train Accuracy: 73.60%
Validation Loss: 1.0511, Validation Accuracy: 64.59%
[Epoch 5, Batch     2] loss: 0.015
[Epoch 5, Batch   102] loss: 0.648
[Epoch 5, Batch   202] loss: 0.647
[Epoch 5, Batch   302] loss: 0.676
[Epoch 5, Batch   402] loss: 0.680
[Epoch 5, Batch   502] loss: 0.634
Epoch 5/20:
Train Loss: 0.0515, Train Accuracy: 76.76%
Validation Loss: 1.0717, Validation Accuracy: 64.61%
[Epoch 6, Batch     2] loss: 0.012
[Epoch 6, Batch   102] loss: 0.557
[Epoch 6, Batch   202] loss: 0.552
[Epoch 6, Batch   302] loss: 0.593
[Epoch 6, Batch   402] loss: 0.602
[Epoch 6, Batch   502] loss: 0.591
Epoch 6/20:
Train Loss: 0.0475, Train Accuracy: 79.75%
Validation Loss: 0.9218, Validation Accuracy: 69.24%
[Epoch 7, Batch     2] loss: 0.010
[Epoch 7, Batch   102] loss: 0.467
[Epoch 7, Batch   202] loss: 0.488
[Epoch 7, Batch   302] loss: 0.511
[Epoch 7, Batch   402] loss: 0.525
[Epoch 7, Batch   502] loss: 0.535
Epoch 7/20:
Train Loss: 0.0439, Train Accuracy: 81.99%
Validation Loss: 1.0469, Validation Accuracy: 65.41%
[Epoch 8, Batch     2] loss: 0.009
[Epoch 8, Batch   102] loss: 0.376
[Epoch 8, Batch   202] loss: 0.438
[Epoch 8, Batch   302] loss: 0.459
[Epoch 8, Batch   402] loss: 0.458
[Epoch 8, Batch   502] loss: 0.456
Epoch 8/20:
Train Loss: 0.0415, Train Accuracy: 84.42%
Validation Loss: 0.9725, Validation Accuracy: 69.14%
[Epoch 9, Batch     2] loss: 0.009
[Epoch 9, Batch   102] loss: 0.328
[Epoch 9, Batch   202] loss: 0.353
[Epoch 9, Batch   302] loss: 0.391
[Epoch 9, Batch   402] loss: 0.413
[Epoch 9, Batch   502] loss: 0.391
Epoch 9/20:
Train Loss: 0.0323, Train Accuracy: 86.92%
Validation Loss: 1.2188, Validation Accuracy: 64.55%
[Epoch 10, Batch     2] loss: 0.005
[Epoch 10, Batch   102] loss: 0.274
[Epoch 10, Batch   202] loss: 0.303
[Epoch 10, Batch   302] loss: 0.321
[Epoch 10, Batch   402] loss: 0.353
[Epoch 10, Batch   502] loss: 0.373
Epoch 10/20:
Train Loss: 0.0284, Train Accuracy: 88.53%
Validation Loss: 0.8953, Validation Accuracy: 72.57%
[Epoch 11, Batch     2] loss: 0.006
[Epoch 11, Batch   102] loss: 0.221
[Epoch 11, Batch   202] loss: 0.249
[Epoch 11, Batch   302] loss: 0.288
[Epoch 11, Batch   402] loss: 0.279
[Epoch 11, Batch   502] loss: 0.307
Epoch 11/20:
Train Loss: 0.0258, Train Accuracy: 90.45%
Validation Loss: 0.9783, Validation Accuracy: 70.82%
[Epoch 12, Batch     2] loss: 0.003
[Epoch 12, Batch   102] loss: 0.196
[Epoch 12, Batch   202] loss: 0.218
[Epoch 12, Batch   302] loss: 0.225
[Epoch 12, Batch   402] loss: 0.228
[Epoch 12, Batch   502] loss: 0.271
Epoch 12/20:
Train Loss: 0.0221, Train Accuracy: 91.81%
Validation Loss: 1.0560, Validation Accuracy: 71.12%
[Epoch 13, Batch     2] loss: 0.003
[Epoch 13, Batch   102] loss: 0.157
[Epoch 13, Batch   202] loss: 0.186
[Epoch 13, Batch   302] loss: 0.206
[Epoch 13, Batch   402] loss: 0.221
[Epoch 13, Batch   502] loss: 0.239
Epoch 13/20:
Train Loss: 0.0210, Train Accuracy: 92.88%
Validation Loss: 1.0144, Validation Accuracy: 71.80%
[Epoch 14, Batch     2] loss: 0.003
[Epoch 14, Batch   102] loss: 0.128
[Epoch 14, Batch   202] loss: 0.181
[Epoch 14, Batch   302] loss: 0.185
[Epoch 14, Batch   402] loss: 0.209
[Epoch 14, Batch   502] loss: 0.206
Epoch 14/20:
Train Loss: 0.0161, Train Accuracy: 93.69%
Validation Loss: 1.0721, Validation Accuracy: 71.56%
[Epoch 15, Batch     2] loss: 0.002
[Epoch 15, Batch   102] loss: 0.139
[Epoch 15, Batch   202] loss: 0.133
[Epoch 15, Batch   302] loss: 0.175
[Epoch 15, Batch   402] loss: 0.165
[Epoch 15, Batch   502] loss: 0.182
Epoch 15/20:
Train Loss: 0.0153, Train Accuracy: 94.29%
Validation Loss: 1.1779, Validation Accuracy: 71.28%
[Epoch 16, Batch     2] loss: 0.004
[Epoch 16, Batch   102] loss: 0.114
[Epoch 16, Batch   202] loss: 0.127
[Epoch 16, Batch   302] loss: 0.147
[Epoch 16, Batch   402] loss: 0.171
[Epoch 16, Batch   502] loss: 0.180
Epoch 16/20:
Train Loss: 0.0136, Train Accuracy: 94.77%
Validation Loss: 1.1973, Validation Accuracy: 70.48%
[Epoch 17, Batch     2] loss: 0.002
[Epoch 17, Batch   102] loss: 0.106
[Epoch 17, Batch   202] loss: 0.116
[Epoch 17, Batch   302] loss: 0.156
[Epoch 17, Batch   402] loss: 0.156
[Epoch 17, Batch   502] loss: 0.158
Epoch 17/20:
Train Loss: 0.0129, Train Accuracy: 95.29%
Validation Loss: 1.1210, Validation Accuracy: 72.47%
[Epoch 18, Batch     2] loss: 0.001
[Epoch 18, Batch   102] loss: 0.089
[Epoch 18, Batch   202] loss: 0.107
[Epoch 18, Batch   302] loss: 0.154
[Epoch 18, Batch   402] loss: 0.148
[Epoch 18, Batch   502] loss: 0.141
Epoch 18/20:
Train Loss: 0.0129, Train Accuracy: 95.46%
Validation Loss: 1.2183, Validation Accuracy: 70.89%
[Epoch 19, Batch     2] loss: 0.001
[Epoch 19, Batch   102] loss: 0.091
[Epoch 19, Batch   202] loss: 0.101
[Epoch 19, Batch   302] loss: 0.121
[Epoch 19, Batch   402] loss: 0.136
[Epoch 19, Batch   502] loss: 0.143
Epoch 19/20:
Train Loss: 0.0115, Train Accuracy: 95.92%
Validation Loss: 1.2301, Validation Accuracy: 71.54%
[Epoch 20, Batch     2] loss: 0.001
[Epoch 20, Batch   102] loss: 0.090
[Epoch 20, Batch   202] loss: 0.099
[Epoch 20, Batch   302] loss: 0.152
[Epoch 20, Batch   402] loss: 0.126
[Epoch 20, Batch   502] loss: 0.135
Epoch 20/20:
Train Loss: 0.0108, Train Accuracy: 95.75%
Validation Loss: 1.6417, Validation Accuracy: 64.39%
Model saved to models/resnet18-CIFAR10-EVIDENCE-median-0.3-3
Modified fc layer: updated out_features to 10.
Initialized untrained model.
resnet18-CIFAR10-EVIDENCE-median-0.5-3
[Epoch 1, Batch     2] loss: 0.050
[Epoch 1, Batch   102] loss: 1.677
[Epoch 1, Batch   202] loss: 1.366
[Epoch 1, Batch   302] loss: 1.277
Epoch 1/20:
Train Loss: 0.2736, Train Accuracy: 51.00%
Validation Loss: 1.4751, Validation Accuracy: 48.81%
[Epoch 2, Batch     2] loss: 0.023
[Epoch 2, Batch   102] loss: 1.089
[Epoch 2, Batch   202] loss: 1.061
[Epoch 2, Batch   302] loss: 1.038
Epoch 2/20:
Train Loss: 0.2275, Train Accuracy: 63.04%
Validation Loss: 1.1976, Validation Accuracy: 57.75%
[Epoch 3, Batch     2] loss: 0.017
[Epoch 3, Batch   102] loss: 0.914
[Epoch 3, Batch   202] loss: 0.897
[Epoch 3, Batch   302] loss: 0.896
Epoch 3/20:
Train Loss: 0.2000, Train Accuracy: 68.16%
Validation Loss: 1.1575, Validation Accuracy: 59.42%
[Epoch 4, Batch     2] loss: 0.016
[Epoch 4, Batch   102] loss: 0.763
[Epoch 4, Batch   202] loss: 0.766
[Epoch 4, Batch   302] loss: 0.791
Epoch 4/20:
Train Loss: 0.1718, Train Accuracy: 72.92%
Validation Loss: 1.3791, Validation Accuracy: 56.00%
[Epoch 5, Batch     2] loss: 0.013
[Epoch 5, Batch   102] loss: 0.649
[Epoch 5, Batch   202] loss: 0.698
[Epoch 5, Batch   302] loss: 0.719
Epoch 5/20:
Train Loss: 0.1529, Train Accuracy: 75.78%
Validation Loss: 1.0039, Validation Accuracy: 65.61%
[Epoch 6, Batch     2] loss: 0.011
[Epoch 6, Batch   102] loss: 0.580
[Epoch 6, Batch   202] loss: 0.592
[Epoch 6, Batch   302] loss: 0.617
Epoch 6/20:
Train Loss: 0.1425, Train Accuracy: 78.41%
Validation Loss: 0.9915, Validation Accuracy: 66.75%
[Epoch 7, Batch     2] loss: 0.010
[Epoch 7, Batch   102] loss: 0.497
[Epoch 7, Batch   202] loss: 0.537
[Epoch 7, Batch   302] loss: 0.530
Epoch 7/20:
Train Loss: 0.1180, Train Accuracy: 81.51%
Validation Loss: 1.0694, Validation Accuracy: 65.51%
[Epoch 8, Batch     2] loss: 0.007
[Epoch 8, Batch   102] loss: 0.404
[Epoch 8, Batch   202] loss: 0.478
[Epoch 8, Batch   302] loss: 0.474
Epoch 8/20:
Train Loss: 0.1055, Train Accuracy: 83.91%
Validation Loss: 1.0947, Validation Accuracy: 66.44%
[Epoch 9, Batch     2] loss: 0.007
[Epoch 9, Batch   102] loss: 0.342
[Epoch 9, Batch   202] loss: 0.380
[Epoch 9, Batch   302] loss: 0.424
Epoch 9/20:
Train Loss: 0.0954, Train Accuracy: 86.21%
Validation Loss: 1.0721, Validation Accuracy: 66.82%
[Epoch 10, Batch     2] loss: 0.004
[Epoch 10, Batch   102] loss: 0.270
[Epoch 10, Batch   202] loss: 0.340
[Epoch 10, Batch   302] loss: 0.346
Epoch 10/20:
Train Loss: 0.0819, Train Accuracy: 88.49%
Validation Loss: 1.2009, Validation Accuracy: 66.89%
[Epoch 11, Batch     2] loss: 0.003
[Epoch 11, Batch   102] loss: 0.212
[Epoch 11, Batch   202] loss: 0.288
[Epoch 11, Batch   302] loss: 0.287
Epoch 11/20:
Train Loss: 0.0682, Train Accuracy: 90.58%
Validation Loss: 1.1870, Validation Accuracy: 67.75%
[Epoch 12, Batch     2] loss: 0.004
[Epoch 12, Batch   102] loss: 0.185
[Epoch 12, Batch   202] loss: 0.221
[Epoch 12, Batch   302] loss: 0.259
Epoch 12/20:
Train Loss: 0.0566, Train Accuracy: 91.75%
Validation Loss: 1.2440, Validation Accuracy: 66.96%
[Epoch 13, Batch     2] loss: 0.002
[Epoch 13, Batch   102] loss: 0.164
[Epoch 13, Batch   202] loss: 0.212
[Epoch 13, Batch   302] loss: 0.229
Epoch 13/20:
Train Loss: 0.0514, Train Accuracy: 92.72%
Validation Loss: 1.1848, Validation Accuracy: 68.92%
[Epoch 14, Batch     2] loss: 0.004
[Epoch 14, Batch   102] loss: 0.123
[Epoch 14, Batch   202] loss: 0.169
[Epoch 14, Batch   302] loss: 0.189
Epoch 14/20:
Train Loss: 0.0502, Train Accuracy: 93.99%
Validation Loss: 1.1818, Validation Accuracy: 68.03%
[Epoch 15, Batch     2] loss: 0.003
[Epoch 15, Batch   102] loss: 0.099
[Epoch 15, Batch   202] loss: 0.158
[Epoch 15, Batch   302] loss: 0.187
Epoch 15/20:
Train Loss: 0.0411, Train Accuracy: 94.62%
Validation Loss: 1.2984, Validation Accuracy: 67.39%
[Epoch 16, Batch     2] loss: 0.002
[Epoch 16, Batch   102] loss: 0.103
[Epoch 16, Batch   202] loss: 0.134
[Epoch 16, Batch   302] loss: 0.171
Epoch 16/20:
Train Loss: 0.0414, Train Accuracy: 94.91%
Validation Loss: 1.5034, Validation Accuracy: 64.62%
[Epoch 17, Batch     2] loss: 0.002
[Epoch 17, Batch   102] loss: 0.094
[Epoch 17, Batch   202] loss: 0.129
[Epoch 17, Batch   302] loss: 0.136
Epoch 17/20:
Train Loss: 0.0377, Train Accuracy: 95.52%
Validation Loss: 1.2808, Validation Accuracy: 68.56%
[Epoch 18, Batch     2] loss: 0.001
[Epoch 18, Batch   102] loss: 0.101
[Epoch 18, Batch   202] loss: 0.115
[Epoch 18, Batch   302] loss: 0.151
Epoch 18/20:
Train Loss: 0.0323, Train Accuracy: 95.63%
Validation Loss: 1.4837, Validation Accuracy: 66.57%
[Epoch 19, Batch     2] loss: 0.003
[Epoch 19, Batch   102] loss: 0.097
[Epoch 19, Batch   202] loss: 0.103
[Epoch 19, Batch   302] loss: 0.126
Epoch 19/20:
Train Loss: 0.0309, Train Accuracy: 96.11%
Validation Loss: 1.3275, Validation Accuracy: 68.00%
[Epoch 20, Batch     2] loss: 0.001
[Epoch 20, Batch   102] loss: 0.078
[Epoch 20, Batch   202] loss: 0.103
[Epoch 20, Batch   302] loss: 0.113
Epoch 20/20:
Train Loss: 0.0331, Train Accuracy: 96.24%
Validation Loss: 1.4004, Validation Accuracy: 67.29%
Model saved to models/resnet18-CIFAR10-EVIDENCE-median-0.5-3
Modified fc layer: updated out_features to 10.
Initialized untrained model.
resnet18-CIFAR10-EVIDENCE-median-0.7-3
[Epoch 1, Batch     2] loss: 0.045
[Epoch 1, Batch   102] loss: 1.572
[Epoch 1, Batch   202] loss: 1.294
Epoch 1/20:
Train Loss: 0.1711, Train Accuracy: 50.76%
Validation Loss: 1.6782, Validation Accuracy: 43.47%
[Epoch 2, Batch     2] loss: 0.022
[Epoch 2, Batch   102] loss: 1.127
[Epoch 2, Batch   202] loss: 1.092
Epoch 2/20:
Train Loss: 0.1450, Train Accuracy: 61.87%
Validation Loss: 1.3398, Validation Accuracy: 52.51%
[Epoch 3, Batch     2] loss: 0.017
[Epoch 3, Batch   102] loss: 0.956
[Epoch 3, Batch   202] loss: 0.929
Epoch 3/20:
Train Loss: 0.1301, Train Accuracy: 67.11%
Validation Loss: 1.4817, Validation Accuracy: 49.71%
[Epoch 4, Batch     2] loss: 0.017
[Epoch 4, Batch   102] loss: 0.813
[Epoch 4, Batch   202] loss: 0.837
Epoch 4/20:
Train Loss: 0.1112, Train Accuracy: 71.43%
Validation Loss: 1.2728, Validation Accuracy: 56.55%
[Epoch 5, Batch     2] loss: 0.012
[Epoch 5, Batch   102] loss: 0.707
[Epoch 5, Batch   202] loss: 0.729
Epoch 5/20:
Train Loss: 0.1021, Train Accuracy: 74.61%
Validation Loss: 1.3956, Validation Accuracy: 54.01%
[Epoch 6, Batch     2] loss: 0.011
[Epoch 6, Batch   102] loss: 0.604
[Epoch 6, Batch   202] loss: 0.651
Epoch 6/20:
Train Loss: 0.0900, Train Accuracy: 77.98%
Validation Loss: 1.2978, Validation Accuracy: 58.64%
[Epoch 7, Batch     2] loss: 0.011
[Epoch 7, Batch   102] loss: 0.502
[Epoch 7, Batch   202] loss: 0.582
Epoch 7/20:
Train Loss: 0.0775, Train Accuracy: 80.78%
Validation Loss: 1.4216, Validation Accuracy: 57.17%
[Epoch 8, Batch     2] loss: 0.007
[Epoch 8, Batch   102] loss: 0.406
[Epoch 8, Batch   202] loss: 0.486
Epoch 8/20:
Train Loss: 0.0701, Train Accuracy: 84.26%
Validation Loss: 1.8677, Validation Accuracy: 46.70%
[Epoch 9, Batch     2] loss: 0.007
[Epoch 9, Batch   102] loss: 0.359
[Epoch 9, Batch   202] loss: 0.421
Epoch 9/20:
Train Loss: 0.0629, Train Accuracy: 86.02%
Validation Loss: 1.8998, Validation Accuracy: 52.32%
[Epoch 10, Batch     2] loss: 0.004
[Epoch 10, Batch   102] loss: 0.291
[Epoch 10, Batch   202] loss: 0.355
Epoch 10/20:
Train Loss: 0.0559, Train Accuracy: 88.49%
Validation Loss: 1.2724, Validation Accuracy: 62.29%
[Epoch 11, Batch     2] loss: 0.005
[Epoch 11, Batch   102] loss: 0.235
[Epoch 11, Batch   202] loss: 0.277
Epoch 11/20:
Train Loss: 0.0433, Train Accuracy: 90.83%
Validation Loss: 1.4194, Validation Accuracy: 63.23%
[Epoch 12, Batch     2] loss: 0.003
[Epoch 12, Batch   102] loss: 0.209
[Epoch 12, Batch   202] loss: 0.264
Epoch 12/20:
Train Loss: 0.0372, Train Accuracy: 91.49%
Validation Loss: 2.1528, Validation Accuracy: 52.72%
[Epoch 13, Batch     2] loss: 0.003
[Epoch 13, Batch   102] loss: 0.155
[Epoch 13, Batch   202] loss: 0.233
Epoch 13/20:
Train Loss: 0.0317, Train Accuracy: 93.08%
Validation Loss: 1.9171, Validation Accuracy: 54.03%
[Epoch 14, Batch     2] loss: 0.005
[Epoch 14, Batch   102] loss: 0.157
[Epoch 14, Batch   202] loss: 0.149
Epoch 14/20:
Train Loss: 0.0286, Train Accuracy: 94.34%
Validation Loss: 1.7221, Validation Accuracy: 60.43%
[Epoch 15, Batch     2] loss: 0.003
[Epoch 15, Batch   102] loss: 0.141
[Epoch 15, Batch   202] loss: 0.152
Epoch 15/20:
Train Loss: 0.0304, Train Accuracy: 94.50%
Validation Loss: 1.7272, Validation Accuracy: 60.27%
[Epoch 16, Batch     2] loss: 0.002
[Epoch 16, Batch   102] loss: 0.133
[Epoch 16, Batch   202] loss: 0.143
Epoch 16/20:
Train Loss: 0.0223, Train Accuracy: 95.10%
Validation Loss: 1.8344, Validation Accuracy: 59.32%
[Epoch 17, Batch     2] loss: 0.002
[Epoch 17, Batch   102] loss: 0.130
[Epoch 17, Batch   202] loss: 0.129
Epoch 17/20:
Train Loss: 0.0188, Train Accuracy: 95.73%
Validation Loss: 1.7086, Validation Accuracy: 61.25%
[Epoch 18, Batch     2] loss: 0.003
[Epoch 18, Batch   102] loss: 0.073
[Epoch 18, Batch   202] loss: 0.117
Epoch 18/20:
Train Loss: 0.0190, Train Accuracy: 96.57%
Validation Loss: 1.7791, Validation Accuracy: 61.12%
[Epoch 19, Batch     2] loss: 0.002
[Epoch 19, Batch   102] loss: 0.108
[Epoch 19, Batch   202] loss: 0.119
Epoch 19/20:
Train Loss: 0.0165, Train Accuracy: 96.16%
Validation Loss: 1.8602, Validation Accuracy: 60.95%
[Epoch 20, Batch     2] loss: 0.002
[Epoch 20, Batch   102] loss: 0.108
[Epoch 20, Batch   202] loss: 0.096
Epoch 20/20:
Train Loss: 0.0215, Train Accuracy: 96.13%
Validation Loss: 1.8054, Validation Accuracy: 60.88%
Model saved to models/resnet18-CIFAR10-EVIDENCE-median-0.7-3
Modified fc layer: updated out_features to 10.
Initialized untrained model.
resnet18-CIFAR10-EVIDENCE-median-0.8-3
[Epoch 1, Batch     2] loss: 0.048
[Epoch 1, Batch   102] loss: 1.588
Epoch 1/20:
Train Loss: 0.4567, Train Accuracy: 47.50%
Validation Loss: 1.6832, Validation Accuracy: 41.04%
[Epoch 2, Batch     2] loss: 0.022
[Epoch 2, Batch   102] loss: 1.180
Epoch 2/20:
Train Loss: 0.3901, Train Accuracy: 59.22%
Validation Loss: 1.5126, Validation Accuracy: 46.58%
[Epoch 3, Batch     2] loss: 0.021
[Epoch 3, Batch   102] loss: 1.007
Epoch 3/20:
Train Loss: 0.3445, Train Accuracy: 64.82%
Validation Loss: 1.4611, Validation Accuracy: 50.62%
[Epoch 4, Batch     2] loss: 0.014
[Epoch 4, Batch   102] loss: 0.845
Epoch 4/20:
Train Loss: 0.3211, Train Accuracy: 68.99%
Validation Loss: 1.6588, Validation Accuracy: 47.13%
[Epoch 5, Batch     2] loss: 0.015
[Epoch 5, Batch   102] loss: 0.771
Epoch 5/20:
Train Loss: 0.2754, Train Accuracy: 72.77%
Validation Loss: 2.1635, Validation Accuracy: 42.50%
[Epoch 6, Batch     2] loss: 0.016
[Epoch 6, Batch   102] loss: 0.653
Epoch 6/20:
Train Loss: 0.2409, Train Accuracy: 76.18%
Validation Loss: 1.5613, Validation Accuracy: 50.47%
[Epoch 7, Batch     2] loss: 0.011
[Epoch 7, Batch   102] loss: 0.554
Epoch 7/20:
Train Loss: 0.2046, Train Accuracy: 80.12%
Validation Loss: 1.6126, Validation Accuracy: 51.52%
[Epoch 8, Batch     2] loss: 0.007
[Epoch 8, Batch   102] loss: 0.480
Epoch 8/20:
Train Loss: 0.1800, Train Accuracy: 82.43%
Validation Loss: 1.6173, Validation Accuracy: 53.18%
[Epoch 9, Batch     2] loss: 0.009
[Epoch 9, Batch   102] loss: 0.383
Epoch 9/20:
Train Loss: 0.1650, Train Accuracy: 85.29%
Validation Loss: 1.5982, Validation Accuracy: 54.77%
[Epoch 10, Batch     2] loss: 0.006
[Epoch 10, Batch   102] loss: 0.323
Epoch 10/20:
Train Loss: 0.1301, Train Accuracy: 87.97%
Validation Loss: 1.7774, Validation Accuracy: 52.28%
[Epoch 11, Batch     2] loss: 0.005
[Epoch 11, Batch   102] loss: 0.255
Epoch 11/20:
Train Loss: 0.1101, Train Accuracy: 90.14%
Validation Loss: 1.5930, Validation Accuracy: 57.62%
[Epoch 12, Batch     2] loss: 0.003
[Epoch 12, Batch   102] loss: 0.216
Epoch 12/20:
Train Loss: 0.0968, Train Accuracy: 92.06%
Validation Loss: 1.8465, Validation Accuracy: 54.83%
[Epoch 13, Batch     2] loss: 0.004
[Epoch 13, Batch   102] loss: 0.202
Epoch 13/20:
Train Loss: 0.0832, Train Accuracy: 92.52%
Validation Loss: 1.6934, Validation Accuracy: 57.76%
[Epoch 14, Batch     2] loss: 0.003
[Epoch 14, Batch   102] loss: 0.150
Epoch 14/20:
Train Loss: 0.0613, Train Accuracy: 94.40%
Validation Loss: 1.9834, Validation Accuracy: 56.48%
[Epoch 15, Batch     2] loss: 0.004
[Epoch 15, Batch   102] loss: 0.174
Epoch 15/20:
Train Loss: 0.0694, Train Accuracy: 93.61%
Validation Loss: 1.7673, Validation Accuracy: 57.40%
[Epoch 16, Batch     2] loss: 0.003
[Epoch 16, Batch   102] loss: 0.096
Epoch 16/20:
Train Loss: 0.0493, Train Accuracy: 96.49%
Validation Loss: 1.9061, Validation Accuracy: 57.69%
[Epoch 17, Batch     2] loss: 0.002
[Epoch 17, Batch   102] loss: 0.105
Epoch 17/20:
Train Loss: 0.0586, Train Accuracy: 95.60%
Validation Loss: 2.1410, Validation Accuracy: 54.34%
[Epoch 18, Batch     2] loss: 0.001
[Epoch 18, Batch   102] loss: 0.124
Epoch 18/20:
Train Loss: 0.0468, Train Accuracy: 95.53%
Validation Loss: 2.1572, Validation Accuracy: 54.41%
[Epoch 19, Batch     2] loss: 0.002
[Epoch 19, Batch   102] loss: 0.098
Epoch 19/20:
Train Loss: 0.0440, Train Accuracy: 96.28%
Validation Loss: 2.0458, Validation Accuracy: 57.23%
[Epoch 20, Batch     2] loss: 0.001
[Epoch 20, Batch   102] loss: 0.110
Epoch 20/20:
Train Loss: 0.0450, Train Accuracy: 96.06%
Validation Loss: 2.0673, Validation Accuracy: 56.06%
Model saved to models/resnet18-CIFAR10-EVIDENCE-median-0.8-3
Modified fc layer: updated out_features to 10.
Initialized untrained model.
resnet18-CIFAR10-EVIDENCE-median-0.9-3
[Epoch 1, Batch     2] loss: 0.048
Epoch 1/20:
Train Loss: 1.5710, Train Accuracy: 43.83%
Validation Loss: 1.9665, Validation Accuracy: 33.72%
[Epoch 2, Batch     2] loss: 0.026
Epoch 2/20:
Train Loss: 1.2169, Train Accuracy: 55.95%
Validation Loss: 1.8365, Validation Accuracy: 37.39%
[Epoch 3, Batch     2] loss: 0.020
Epoch 3/20:
Train Loss: 1.0596, Train Accuracy: 61.46%
Validation Loss: 1.7699, Validation Accuracy: 41.95%
[Epoch 4, Batch     2] loss: 0.013
Epoch 4/20:
Train Loss: 0.9097, Train Accuracy: 67.19%
Validation Loss: 1.7007, Validation Accuracy: 45.13%
[Epoch 5, Batch     2] loss: 0.015
Epoch 5/20:
Train Loss: 0.8046, Train Accuracy: 70.51%
Validation Loss: 1.8018, Validation Accuracy: 43.37%
[Epoch 6, Batch     2] loss: 0.011
Epoch 6/20:
Train Loss: 0.6744, Train Accuracy: 75.68%
Validation Loss: 1.9365, Validation Accuracy: 43.73%
[Epoch 7, Batch     2] loss: 0.011
Epoch 7/20:
Train Loss: 0.6056, Train Accuracy: 78.21%
Validation Loss: 1.8844, Validation Accuracy: 43.63%
[Epoch 8, Batch     2] loss: 0.007
Epoch 8/20:
Train Loss: 0.4718, Train Accuracy: 82.97%
Validation Loss: 2.0564, Validation Accuracy: 42.39%
[Epoch 9, Batch     2] loss: 0.007
Epoch 9/20:
Train Loss: 0.3724, Train Accuracy: 86.72%
Validation Loss: 2.0225, Validation Accuracy: 48.79%
[Epoch 10, Batch     2] loss: 0.004
Epoch 10/20:
Train Loss: 0.3454, Train Accuracy: 87.34%
Validation Loss: 2.1227, Validation Accuracy: 48.24%
[Epoch 11, Batch     2] loss: 0.006
Epoch 11/20:
Train Loss: 0.2824, Train Accuracy: 90.16%
Validation Loss: 2.2867, Validation Accuracy: 44.33%
[Epoch 12, Batch     2] loss: 0.004
Epoch 12/20:
Train Loss: 0.2530, Train Accuracy: 90.83%
Validation Loss: 2.5729, Validation Accuracy: 45.44%
[Epoch 13, Batch     2] loss: 0.004
Epoch 13/20:
Train Loss: 0.2007, Train Accuracy: 92.63%
Validation Loss: 2.7490, Validation Accuracy: 42.72%
[Epoch 14, Batch     2] loss: 0.003
Epoch 14/20:
Train Loss: 0.1589, Train Accuracy: 94.43%
Validation Loss: 2.4824, Validation Accuracy: 46.24%
[Epoch 15, Batch     2] loss: 0.003
Epoch 15/20:
Train Loss: 0.1837, Train Accuracy: 93.55%
Validation Loss: 2.6411, Validation Accuracy: 45.70%
[Epoch 16, Batch     2] loss: 0.002
Epoch 16/20:
Train Loss: 0.1271, Train Accuracy: 95.71%
Validation Loss: 2.3353, Validation Accuracy: 49.47%
[Epoch 17, Batch     2] loss: 0.001
Epoch 17/20:
Train Loss: 0.1231, Train Accuracy: 95.93%
Validation Loss: 2.5154, Validation Accuracy: 48.37%
[Epoch 18, Batch     2] loss: 0.002
Epoch 18/20:
Train Loss: 0.1101, Train Accuracy: 96.05%
Validation Loss: 2.9536, Validation Accuracy: 44.54%
[Epoch 19, Batch     2] loss: 0.002
Epoch 19/20:
Train Loss: 0.1045, Train Accuracy: 96.63%
Validation Loss: 2.5204, Validation Accuracy: 49.13%
[Epoch 20, Batch     2] loss: 0.002
Epoch 20/20:
Train Loss: 0.0961, Train Accuracy: 96.59%
Validation Loss: 2.5426, Validation Accuracy: 48.89%
Model saved to models/resnet18-CIFAR10-EVIDENCE-median-0.9-3
Modified fc layer: updated out_features to 10.
Initialized untrained model.
resnet18-CIFAR10-EVIDENCE-median-0.95-3
[Epoch 1, Batch     2] loss: 0.047
Epoch 1/20:
Train Loss: 1.7224, Train Accuracy: 37.62%
Validation Loss: 2.3378, Validation Accuracy: 24.70%
[Epoch 2, Batch     2] loss: 0.033
Epoch 2/20:
Train Loss: 1.2762, Train Accuracy: 52.48%
Validation Loss: 1.8535, Validation Accuracy: 36.42%
[Epoch 3, Batch     2] loss: 0.019
Epoch 3/20:
Train Loss: 1.0944, Train Accuracy: 59.58%
Validation Loss: 2.0069, Validation Accuracy: 37.24%
[Epoch 4, Batch     2] loss: 0.017
Epoch 4/20:
Train Loss: 0.9196, Train Accuracy: 67.07%
Validation Loss: 2.3883, Validation Accuracy: 34.21%
[Epoch 5, Batch     2] loss: 0.016
Epoch 5/20:
Train Loss: 0.7898, Train Accuracy: 71.83%
Validation Loss: 1.8531, Validation Accuracy: 38.95%
[Epoch 6, Batch     2] loss: 0.012
Epoch 6/20:
Train Loss: 0.6622, Train Accuracy: 75.12%
Validation Loss: 1.9409, Validation Accuracy: 41.65%
[Epoch 7, Batch     2] loss: 0.008
Epoch 7/20:
Train Loss: 0.5236, Train Accuracy: 81.37%
Validation Loss: 2.2423, Validation Accuracy: 38.05%
[Epoch 8, Batch     2] loss: 0.005
Epoch 8/20:
Train Loss: 0.4187, Train Accuracy: 84.86%
Validation Loss: 2.2496, Validation Accuracy: 42.16%
[Epoch 9, Batch     2] loss: 0.006
Epoch 9/20:
Train Loss: 0.3764, Train Accuracy: 86.10%
Validation Loss: 2.3059, Validation Accuracy: 43.35%
[Epoch 10, Batch     2] loss: 0.006
Epoch 10/20:
Train Loss: 0.3230, Train Accuracy: 88.62%
Validation Loss: 2.4557, Validation Accuracy: 42.31%
[Epoch 11, Batch     2] loss: 0.003
Epoch 11/20:
Train Loss: 0.2240, Train Accuracy: 91.95%
Validation Loss: 2.6655, Validation Accuracy: 41.36%
[Epoch 12, Batch     2] loss: 0.001
Epoch 12/20:
Train Loss: 0.1747, Train Accuracy: 94.11%
Validation Loss: 2.7191, Validation Accuracy: 42.69%
[Epoch 13, Batch     2] loss: 0.002
Epoch 13/20:
Train Loss: 0.2048, Train Accuracy: 92.63%
Validation Loss: 3.1037, Validation Accuracy: 40.04%
[Epoch 14, Batch     2] loss: 0.005
Epoch 14/20:
Train Loss: 0.1945, Train Accuracy: 92.75%
Validation Loss: 2.7961, Validation Accuracy: 43.64%
[Epoch 15, Batch     2] loss: 0.002
Epoch 15/20:
Train Loss: 0.1788, Train Accuracy: 94.15%
Validation Loss: 2.6621, Validation Accuracy: 42.39%
[Epoch 16, Batch     2] loss: 0.004
Epoch 16/20:
Train Loss: 0.1175, Train Accuracy: 95.83%
Validation Loss: 2.5803, Validation Accuracy: 44.61%
[Epoch 17, Batch     2] loss: 0.001
Epoch 17/20:
Train Loss: 0.0765, Train Accuracy: 97.24%
Validation Loss: 2.8030, Validation Accuracy: 43.85%
[Epoch 18, Batch     2] loss: 0.001
Epoch 18/20:
Train Loss: 0.0757, Train Accuracy: 97.40%
Validation Loss: 2.8903, Validation Accuracy: 43.83%
[Epoch 19, Batch     2] loss: 0.001
Epoch 19/20:
Train Loss: 0.1149, Train Accuracy: 96.23%
Validation Loss: 2.8992, Validation Accuracy: 43.05%
[Epoch 20, Batch     2] loss: 0.003
Epoch 20/20:
Train Loss: 0.1414, Train Accuracy: 95.11%
Validation Loss: 3.0089, Validation Accuracy: 41.04%
Model saved to models/resnet18-CIFAR10-EVIDENCE-median-0.95-3
Modified fc layer: updated out_features to 10.
Loaded weights from file: models/resnet18_CIFAR10_E1_3
Files already downloaded and verified
Files already downloaded and verified
Modified fc layer: updated out_features to 10.
Initialized untrained model.
resnet18-CIFAR10-EVIDENCE-balanced_by_score1-0.3-3
[Epoch 1, Batch     2] loss: 0.049
[Epoch 1, Batch   102] loss: 1.807
[Epoch 1, Batch   202] loss: 1.568
[Epoch 1, Batch   302] loss: 1.437
[Epoch 1, Batch   402] loss: 1.343
[Epoch 1, Batch   502] loss: 1.287
Epoch 1/20:
Train Loss: 0.1016, Train Accuracy: 46.97%
Validation Loss: 1.2730, Validation Accuracy: 53.31%
[Epoch 2, Batch     2] loss: 0.023
[Epoch 2, Batch   102] loss: 1.149
[Epoch 2, Batch   202] loss: 1.121
[Epoch 2, Batch   302] loss: 1.101
[Epoch 2, Batch   402] loss: 1.078
[Epoch 2, Batch   502] loss: 1.036
Epoch 2/20:
Train Loss: 0.0834, Train Accuracy: 61.46%
Validation Loss: 1.1814, Validation Accuracy: 59.67%
[Epoch 3, Batch     2] loss: 0.023
[Epoch 3, Batch   102] loss: 0.933
[Epoch 3, Batch   202] loss: 0.916
[Epoch 3, Batch   302] loss: 0.918
[Epoch 3, Batch   402] loss: 0.908
[Epoch 3, Batch   502] loss: 0.892
Epoch 3/20:
Train Loss: 0.0726, Train Accuracy: 67.85%
Validation Loss: 1.1719, Validation Accuracy: 61.31%
[Epoch 4, Batch     2] loss: 0.017
[Epoch 4, Batch   102] loss: 0.768
[Epoch 4, Batch   202] loss: 0.795
[Epoch 4, Batch   302] loss: 0.785
[Epoch 4, Batch   402] loss: 0.793
[Epoch 4, Batch   502] loss: 0.790
Epoch 4/20:
Train Loss: 0.0631, Train Accuracy: 72.54%
Validation Loss: 0.9130, Validation Accuracy: 68.11%
[Epoch 5, Batch     2] loss: 0.011
[Epoch 5, Batch   102] loss: 0.663
[Epoch 5, Batch   202] loss: 0.694
[Epoch 5, Batch   302] loss: 0.691
[Epoch 5, Batch   402] loss: 0.666
[Epoch 5, Batch   502] loss: 0.691
Epoch 5/20:
Train Loss: 0.0540, Train Accuracy: 76.32%
Validation Loss: 1.0920, Validation Accuracy: 63.75%
[Epoch 6, Batch     2] loss: 0.012
[Epoch 6, Batch   102] loss: 0.553
[Epoch 6, Batch   202] loss: 0.572
[Epoch 6, Batch   302] loss: 0.604
[Epoch 6, Batch   402] loss: 0.634
[Epoch 6, Batch   502] loss: 0.613
Epoch 6/20:
Train Loss: 0.0498, Train Accuracy: 79.30%
Validation Loss: 0.9839, Validation Accuracy: 67.82%
[Epoch 7, Batch     2] loss: 0.008
[Epoch 7, Batch   102] loss: 0.472
[Epoch 7, Batch   202] loss: 0.512
[Epoch 7, Batch   302] loss: 0.524
[Epoch 7, Batch   402] loss: 0.527
[Epoch 7, Batch   502] loss: 0.557
Epoch 7/20:
Train Loss: 0.0440, Train Accuracy: 81.97%
Validation Loss: 0.9252, Validation Accuracy: 69.80%
[Epoch 8, Batch     2] loss: 0.005
[Epoch 8, Batch   102] loss: 0.414
[Epoch 8, Batch   202] loss: 0.429
[Epoch 8, Batch   302] loss: 0.440
[Epoch 8, Batch   402] loss: 0.471
[Epoch 8, Batch   502] loss: 0.465
Epoch 8/20:
Train Loss: 0.0382, Train Accuracy: 84.52%
Validation Loss: 0.8292, Validation Accuracy: 74.03%
[Epoch 9, Batch     2] loss: 0.008
[Epoch 9, Batch   102] loss: 0.313
[Epoch 9, Batch   202] loss: 0.367
[Epoch 9, Batch   302] loss: 0.386
[Epoch 9, Batch   402] loss: 0.394
[Epoch 9, Batch   502] loss: 0.434
Epoch 9/20:
Train Loss: 0.0331, Train Accuracy: 86.75%
Validation Loss: 0.9478, Validation Accuracy: 70.64%
[Epoch 10, Batch     2] loss: 0.006
[Epoch 10, Batch   102] loss: 0.256
[Epoch 10, Batch   202] loss: 0.297
[Epoch 10, Batch   302] loss: 0.335
[Epoch 10, Batch   402] loss: 0.344
[Epoch 10, Batch   502] loss: 0.352
Epoch 10/20:
Train Loss: 0.0296, Train Accuracy: 88.94%
Validation Loss: 1.0480, Validation Accuracy: 68.94%
[Epoch 11, Batch     2] loss: 0.006
[Epoch 11, Batch   102] loss: 0.229
[Epoch 11, Batch   202] loss: 0.259
[Epoch 11, Batch   302] loss: 0.271
[Epoch 11, Batch   402] loss: 0.306
[Epoch 11, Batch   502] loss: 0.296
Epoch 11/20:
Train Loss: 0.0246, Train Accuracy: 90.36%
Validation Loss: 0.9812, Validation Accuracy: 72.29%
[Epoch 12, Batch     2] loss: 0.003
[Epoch 12, Batch   102] loss: 0.169
[Epoch 12, Batch   202] loss: 0.206
[Epoch 12, Batch   302] loss: 0.276
[Epoch 12, Batch   402] loss: 0.264
[Epoch 12, Batch   502] loss: 0.262
Epoch 12/20:
Train Loss: 0.0225, Train Accuracy: 91.67%
Validation Loss: 1.0613, Validation Accuracy: 71.44%
[Epoch 13, Batch     2] loss: 0.004
[Epoch 13, Batch   102] loss: 0.166
[Epoch 13, Batch   202] loss: 0.181
[Epoch 13, Batch   302] loss: 0.217
[Epoch 13, Batch   402] loss: 0.250
[Epoch 13, Batch   502] loss: 0.230
Epoch 13/20:
Train Loss: 0.0193, Train Accuracy: 92.65%
Validation Loss: 1.0684, Validation Accuracy: 71.47%
[Epoch 14, Batch     2] loss: 0.003
[Epoch 14, Batch   102] loss: 0.145
[Epoch 14, Batch   202] loss: 0.162
[Epoch 14, Batch   302] loss: 0.190
[Epoch 14, Batch   402] loss: 0.217
[Epoch 14, Batch   502] loss: 0.193
Epoch 14/20:
Train Loss: 0.0186, Train Accuracy: 93.58%
Validation Loss: 1.1587, Validation Accuracy: 71.22%
[Epoch 15, Batch     2] loss: 0.003
[Epoch 15, Batch   102] loss: 0.126
[Epoch 15, Batch   202] loss: 0.133
[Epoch 15, Batch   302] loss: 0.181
[Epoch 15, Batch   402] loss: 0.171
[Epoch 15, Batch   502] loss: 0.193
Epoch 15/20:
Train Loss: 0.0171, Train Accuracy: 94.44%
Validation Loss: 1.0670, Validation Accuracy: 72.25%
[Epoch 16, Batch     2] loss: 0.004
[Epoch 16, Batch   102] loss: 0.124
[Epoch 16, Batch   202] loss: 0.129
[Epoch 16, Batch   302] loss: 0.134
[Epoch 16, Batch   402] loss: 0.196
[Epoch 16, Batch   502] loss: 0.178
Epoch 16/20:
Train Loss: 0.0149, Train Accuracy: 94.68%
Validation Loss: 1.0960, Validation Accuracy: 72.86%
[Epoch 17, Batch     2] loss: 0.003
[Epoch 17, Batch   102] loss: 0.104
[Epoch 17, Batch   202] loss: 0.113
[Epoch 17, Batch   302] loss: 0.137
[Epoch 17, Batch   402] loss: 0.171
[Epoch 17, Batch   502] loss: 0.148
Epoch 17/20:
Train Loss: 0.0141, Train Accuracy: 95.22%
Validation Loss: 1.1006, Validation Accuracy: 73.53%
[Epoch 18, Batch     2] loss: 0.001
[Epoch 18, Batch   102] loss: 0.109
[Epoch 18, Batch   202] loss: 0.119
[Epoch 18, Batch   302] loss: 0.133
[Epoch 18, Batch   402] loss: 0.146
[Epoch 18, Batch   502] loss: 0.148
Epoch 18/20:
Train Loss: 0.0127, Train Accuracy: 95.40%
Validation Loss: 1.1937, Validation Accuracy: 71.30%
[Epoch 19, Batch     2] loss: 0.001
[Epoch 19, Batch   102] loss: 0.088
[Epoch 19, Batch   202] loss: 0.124
[Epoch 19, Batch   302] loss: 0.162
[Epoch 19, Batch   402] loss: 0.143
[Epoch 19, Batch   502] loss: 0.146
Epoch 19/20:
Train Loss: 0.0114, Train Accuracy: 95.45%
Validation Loss: 1.1620, Validation Accuracy: 72.59%
[Epoch 20, Batch     2] loss: 0.002
[Epoch 20, Batch   102] loss: 0.087
[Epoch 20, Batch   202] loss: 0.097
[Epoch 20, Batch   302] loss: 0.118
[Epoch 20, Batch   402] loss: 0.137
[Epoch 20, Batch   502] loss: 0.134
Epoch 20/20:
Train Loss: 0.0103, Train Accuracy: 96.00%
Validation Loss: 1.2043, Validation Accuracy: 72.29%
Model saved to models/resnet18-CIFAR10-EVIDENCE-balanced_by_score1-0.3-3
Modified fc layer: updated out_features to 10.
Initialized untrained model.
resnet18-CIFAR10-EVIDENCE-balanced_by_score1-0.5-3
[Epoch 1, Batch     2] loss: 0.051
[Epoch 1, Batch   102] loss: 1.829
[Epoch 1, Batch   202] loss: 1.523
[Epoch 1, Batch   302] loss: 1.425
Epoch 1/20:
Train Loss: 0.3039, Train Accuracy: 44.78%
Validation Loss: 1.3847, Validation Accuracy: 49.71%
[Epoch 2, Batch     2] loss: 0.025
[Epoch 2, Batch   102] loss: 1.219
[Epoch 2, Batch   202] loss: 1.194
[Epoch 2, Batch   302] loss: 1.148
Epoch 2/20:
Train Loss: 0.2558, Train Accuracy: 58.23%
Validation Loss: 1.4048, Validation Accuracy: 50.03%
[Epoch 3, Batch     2] loss: 0.021
[Epoch 3, Batch   102] loss: 1.005
[Epoch 3, Batch   202] loss: 0.994
[Epoch 3, Batch   302] loss: 0.997
Epoch 3/20:
Train Loss: 0.2238, Train Accuracy: 64.84%
Validation Loss: 1.1599, Validation Accuracy: 59.51%
[Epoch 4, Batch     2] loss: 0.015
[Epoch 4, Batch   102] loss: 0.847
[Epoch 4, Batch   202] loss: 0.881
[Epoch 4, Batch   302] loss: 0.896
Epoch 4/20:
Train Loss: 0.1961, Train Accuracy: 69.46%
Validation Loss: 1.0617, Validation Accuracy: 63.89%
[Epoch 5, Batch     2] loss: 0.016
[Epoch 5, Batch   102] loss: 0.751
[Epoch 5, Batch   202] loss: 0.764
[Epoch 5, Batch   302] loss: 0.756
Epoch 5/20:
Train Loss: 0.1758, Train Accuracy: 73.32%
Validation Loss: 1.0150, Validation Accuracy: 66.20%
[Epoch 6, Batch     2] loss: 0.012
[Epoch 6, Batch   102] loss: 0.613
[Epoch 6, Batch   202] loss: 0.692
[Epoch 6, Batch   302] loss: 0.703
Epoch 6/20:
Train Loss: 0.1498, Train Accuracy: 76.57%
Validation Loss: 1.1177, Validation Accuracy: 63.93%
[Epoch 7, Batch     2] loss: 0.010
[Epoch 7, Batch   102] loss: 0.520
[Epoch 7, Batch   202] loss: 0.560
[Epoch 7, Batch   302] loss: 0.621
Epoch 7/20:
Train Loss: 0.1372, Train Accuracy: 79.73%
Validation Loss: 0.9268, Validation Accuracy: 69.39%
[Epoch 8, Batch     2] loss: 0.010
[Epoch 8, Batch   102] loss: 0.444
[Epoch 8, Batch   202] loss: 0.500
[Epoch 8, Batch   302] loss: 0.500
Epoch 8/20:
Train Loss: 0.1252, Train Accuracy: 82.56%
Validation Loss: 1.1518, Validation Accuracy: 64.62%
[Epoch 9, Batch     2] loss: 0.010
[Epoch 9, Batch   102] loss: 0.361
[Epoch 9, Batch   202] loss: 0.428
[Epoch 9, Batch   302] loss: 0.441
Epoch 9/20:
Train Loss: 0.1076, Train Accuracy: 85.22%
Validation Loss: 1.0580, Validation Accuracy: 67.49%
[Epoch 10, Batch     2] loss: 0.007
[Epoch 10, Batch   102] loss: 0.274
[Epoch 10, Batch   202] loss: 0.355
[Epoch 10, Batch   302] loss: 0.390
Epoch 10/20:
Train Loss: 0.0849, Train Accuracy: 88.00%
Validation Loss: 1.2445, Validation Accuracy: 63.91%
[Epoch 11, Batch     2] loss: 0.003
[Epoch 11, Batch   102] loss: 0.248
[Epoch 11, Batch   202] loss: 0.280
[Epoch 11, Batch   302] loss: 0.325
Epoch 11/20:
Train Loss: 0.0782, Train Accuracy: 89.54%
Validation Loss: 1.0684, Validation Accuracy: 69.52%
[Epoch 12, Batch     2] loss: 0.004
[Epoch 12, Batch   102] loss: 0.199
[Epoch 12, Batch   202] loss: 0.239
[Epoch 12, Batch   302] loss: 0.278
Epoch 12/20:
Train Loss: 0.0612, Train Accuracy: 91.44%
Validation Loss: 1.2012, Validation Accuracy: 68.03%
[Epoch 13, Batch     2] loss: 0.004
[Epoch 13, Batch   102] loss: 0.173
[Epoch 13, Batch   202] loss: 0.199
[Epoch 13, Batch   302] loss: 0.223
Epoch 13/20:
Train Loss: 0.0579, Train Accuracy: 92.83%
Validation Loss: 1.1706, Validation Accuracy: 69.26%
[Epoch 14, Batch     2] loss: 0.002
[Epoch 14, Batch   102] loss: 0.151
[Epoch 14, Batch   202] loss: 0.183
[Epoch 14, Batch   302] loss: 0.223
Epoch 14/20:
Train Loss: 0.0506, Train Accuracy: 93.28%
Validation Loss: 1.4979, Validation Accuracy: 65.05%
[Epoch 15, Batch     2] loss: 0.001
[Epoch 15, Batch   102] loss: 0.123
[Epoch 15, Batch   202] loss: 0.161
[Epoch 15, Batch   302] loss: 0.177
Epoch 15/20:
Train Loss: 0.0456, Train Accuracy: 94.37%
Validation Loss: 1.2820, Validation Accuracy: 69.25%
[Epoch 16, Batch     2] loss: 0.002
[Epoch 16, Batch   102] loss: 0.116
[Epoch 16, Batch   202] loss: 0.146
[Epoch 16, Batch   302] loss: 0.191
Epoch 16/20:
Train Loss: 0.0441, Train Accuracy: 94.60%
Validation Loss: 1.2038, Validation Accuracy: 69.87%
[Epoch 17, Batch     2] loss: 0.002
[Epoch 17, Batch   102] loss: 0.106
[Epoch 17, Batch   202] loss: 0.124
[Epoch 17, Batch   302] loss: 0.170
Epoch 17/20:
Train Loss: 0.0367, Train Accuracy: 95.08%
Validation Loss: 1.3228, Validation Accuracy: 68.67%
[Epoch 18, Batch     2] loss: 0.001
[Epoch 18, Batch   102] loss: 0.117
[Epoch 18, Batch   202] loss: 0.119
[Epoch 18, Batch   302] loss: 0.161
Epoch 18/20:
Train Loss: 0.0360, Train Accuracy: 95.22%
Validation Loss: 1.2518, Validation Accuracy: 70.84%
[Epoch 19, Batch     2] loss: 0.002
[Epoch 19, Batch   102] loss: 0.098
[Epoch 19, Batch   202] loss: 0.113
[Epoch 19, Batch   302] loss: 0.149
Epoch 19/20:
Train Loss: 0.0329, Train Accuracy: 95.50%
Validation Loss: 1.3460, Validation Accuracy: 68.65%
[Epoch 20, Batch     2] loss: 0.002
[Epoch 20, Batch   102] loss: 0.103
[Epoch 20, Batch   202] loss: 0.093
[Epoch 20, Batch   302] loss: 0.139
Epoch 20/20:
Train Loss: 0.0285, Train Accuracy: 96.19%
Validation Loss: 1.2918, Validation Accuracy: 70.77%
Model saved to models/resnet18-CIFAR10-EVIDENCE-balanced_by_score1-0.5-3
Modified fc layer: updated out_features to 10.
Initialized untrained model.
resnet18-CIFAR10-EVIDENCE-balanced_by_score1-0.7-3
[Epoch 1, Batch     2] loss: 0.049
[Epoch 1, Batch   102] loss: 1.791
[Epoch 1, Batch   202] loss: 1.547
Epoch 1/20:
Train Loss: 0.1996, Train Accuracy: 40.83%
Validation Loss: 1.6481, Validation Accuracy: 43.06%
[Epoch 2, Batch     2] loss: 0.028
[Epoch 2, Batch   102] loss: 1.324
[Epoch 2, Batch   202] loss: 1.300
Epoch 2/20:
Train Loss: 0.1699, Train Accuracy: 53.19%
Validation Loss: 1.7669, Validation Accuracy: 39.12%
[Epoch 3, Batch     2] loss: 0.022
[Epoch 3, Batch   102] loss: 1.096
[Epoch 3, Batch   202] loss: 1.128
Epoch 3/20:
Train Loss: 0.1552, Train Accuracy: 60.31%
Validation Loss: 1.2934, Validation Accuracy: 54.56%
[Epoch 4, Batch     2] loss: 0.018
[Epoch 4, Batch   102] loss: 0.956
[Epoch 4, Batch   202] loss: 0.992
Epoch 4/20:
Train Loss: 0.1341, Train Accuracy: 65.18%
Validation Loss: 1.7245, Validation Accuracy: 47.04%
[Epoch 5, Batch     2] loss: 0.018
[Epoch 5, Batch   102] loss: 0.806
[Epoch 5, Batch   202] loss: 0.899
Epoch 5/20:
Train Loss: 0.1201, Train Accuracy: 69.85%
Validation Loss: 1.5705, Validation Accuracy: 51.41%
[Epoch 6, Batch     2] loss: 0.013
[Epoch 6, Batch   102] loss: 0.713
[Epoch 6, Batch   202] loss: 0.767
Epoch 6/20:
Train Loss: 0.1104, Train Accuracy: 73.74%
Validation Loss: 1.2030, Validation Accuracy: 61.53%
[Epoch 7, Batch     2] loss: 0.012
[Epoch 7, Batch   102] loss: 0.600
[Epoch 7, Batch   202] loss: 0.657
Epoch 7/20:
Train Loss: 0.0941, Train Accuracy: 77.66%
Validation Loss: 1.1698, Validation Accuracy: 62.25%
[Epoch 8, Batch     2] loss: 0.008
[Epoch 8, Batch   102] loss: 0.489
[Epoch 8, Batch   202] loss: 0.569
Epoch 8/20:
Train Loss: 0.0827, Train Accuracy: 81.31%
Validation Loss: 1.3470, Validation Accuracy: 58.99%
[Epoch 9, Batch     2] loss: 0.013
[Epoch 9, Batch   102] loss: 0.402
[Epoch 9, Batch   202] loss: 0.487
Epoch 9/20:
Train Loss: 0.0651, Train Accuracy: 84.50%
Validation Loss: 1.2288, Validation Accuracy: 61.84%
[Epoch 10, Batch     2] loss: 0.008
[Epoch 10, Batch   102] loss: 0.351
[Epoch 10, Batch   202] loss: 0.380
Epoch 10/20:
Train Loss: 0.0532, Train Accuracy: 86.91%
Validation Loss: 1.5254, Validation Accuracy: 60.19%
[Epoch 11, Batch     2] loss: 0.006
[Epoch 11, Batch   102] loss: 0.264
[Epoch 11, Batch   202] loss: 0.342
Epoch 11/20:
Train Loss: 0.0499, Train Accuracy: 89.06%
Validation Loss: 1.7524, Validation Accuracy: 58.12%
[Epoch 12, Batch     2] loss: 0.004
[Epoch 12, Batch   102] loss: 0.212
[Epoch 12, Batch   202] loss: 0.289
Epoch 12/20:
Train Loss: 0.0447, Train Accuracy: 90.79%
Validation Loss: 1.4424, Validation Accuracy: 62.13%
[Epoch 13, Batch     2] loss: 0.005
[Epoch 13, Batch   102] loss: 0.170
[Epoch 13, Batch   202] loss: 0.245
Epoch 13/20:
Train Loss: 0.0403, Train Accuracy: 92.43%
Validation Loss: 1.4858, Validation Accuracy: 62.18%
[Epoch 14, Batch     2] loss: 0.003
[Epoch 14, Batch   102] loss: 0.157
[Epoch 14, Batch   202] loss: 0.211
Epoch 14/20:
Train Loss: 0.0325, Train Accuracy: 93.39%
Validation Loss: 1.7232, Validation Accuracy: 59.83%
[Epoch 15, Batch     2] loss: 0.003
[Epoch 15, Batch   102] loss: 0.156
[Epoch 15, Batch   202] loss: 0.200
Epoch 15/20:
Train Loss: 0.0291, Train Accuracy: 93.66%
Validation Loss: 1.5086, Validation Accuracy: 63.74%
[Epoch 16, Batch     2] loss: 0.003
[Epoch 16, Batch   102] loss: 0.116
[Epoch 16, Batch   202] loss: 0.163
Epoch 16/20:
Train Loss: 0.0253, Train Accuracy: 94.91%
Validation Loss: 1.5674, Validation Accuracy: 64.26%
[Epoch 17, Batch     2] loss: 0.002
[Epoch 17, Batch   102] loss: 0.122
[Epoch 17, Batch   202] loss: 0.175
Epoch 17/20:
Train Loss: 0.0282, Train Accuracy: 94.81%
Validation Loss: 1.5059, Validation Accuracy: 65.23%
[Epoch 18, Batch     2] loss: 0.001
[Epoch 18, Batch   102] loss: 0.117
[Epoch 18, Batch   202] loss: 0.120
Epoch 18/20:
Train Loss: 0.0200, Train Accuracy: 95.91%
Validation Loss: 1.6265, Validation Accuracy: 65.15%
[Epoch 19, Batch     2] loss: 0.002
[Epoch 19, Batch   102] loss: 0.114
[Epoch 19, Batch   202] loss: 0.157
Epoch 19/20:
Train Loss: 0.0236, Train Accuracy: 95.12%
Validation Loss: 1.6316, Validation Accuracy: 63.43%
[Epoch 20, Batch     2] loss: 0.003
[Epoch 20, Batch   102] loss: 0.083
[Epoch 20, Batch   202] loss: 0.126
Epoch 20/20:
Train Loss: 0.0192, Train Accuracy: 96.21%
Validation Loss: 1.7717, Validation Accuracy: 61.47%
Model saved to models/resnet18-CIFAR10-EVIDENCE-balanced_by_score1-0.7-3
Modified fc layer: updated out_features to 10.
Initialized untrained model.
resnet18-CIFAR10-EVIDENCE-balanced_by_score1-0.8-3
[Epoch 1, Batch     2] loss: 0.049
[Epoch 1, Batch   102] loss: 1.809
Epoch 1/20:
Train Loss: 0.5296, Train Accuracy: 37.20%
Validation Loss: 1.5426, Validation Accuracy: 43.38%
[Epoch 2, Batch     2] loss: 0.029
[Epoch 2, Batch   102] loss: 1.410
Epoch 2/20:
Train Loss: 0.4768, Train Accuracy: 49.67%
Validation Loss: 1.5062, Validation Accuracy: 46.01%
[Epoch 3, Batch     2] loss: 0.022
[Epoch 3, Batch   102] loss: 1.235
Epoch 3/20:
Train Loss: 0.4295, Train Accuracy: 54.75%
Validation Loss: 1.4431, Validation Accuracy: 47.75%
[Epoch 4, Batch     2] loss: 0.020
[Epoch 4, Batch   102] loss: 1.086
Epoch 4/20:
Train Loss: 0.3707, Train Accuracy: 61.23%
Validation Loss: 1.5241, Validation Accuracy: 49.66%
[Epoch 5, Batch     2] loss: 0.018
[Epoch 5, Batch   102] loss: 0.940
Epoch 5/20:
Train Loss: 0.3287, Train Accuracy: 66.33%
Validation Loss: 1.7325, Validation Accuracy: 47.57%
[Epoch 6, Batch     2] loss: 0.015
[Epoch 6, Batch   102] loss: 0.822
Epoch 6/20:
Train Loss: 0.2868, Train Accuracy: 70.35%
Validation Loss: 1.2323, Validation Accuracy: 57.85%
[Epoch 7, Batch     2] loss: 0.012
[Epoch 7, Batch   102] loss: 0.667
Epoch 7/20:
Train Loss: 0.2640, Train Accuracy: 75.14%
Validation Loss: 1.3405, Validation Accuracy: 55.87%
[Epoch 8, Batch     2] loss: 0.014
[Epoch 8, Batch   102] loss: 0.557
Epoch 8/20:
Train Loss: 0.2136, Train Accuracy: 79.17%
Validation Loss: 1.3937, Validation Accuracy: 56.51%
[Epoch 9, Batch     2] loss: 0.010
[Epoch 9, Batch   102] loss: 0.473
Epoch 9/20:
Train Loss: 0.1835, Train Accuracy: 82.90%
Validation Loss: 1.4992, Validation Accuracy: 57.43%
[Epoch 10, Batch     2] loss: 0.005
[Epoch 10, Batch   102] loss: 0.380
Epoch 10/20:
Train Loss: 0.1684, Train Accuracy: 85.70%
Validation Loss: 1.3992, Validation Accuracy: 58.99%
[Epoch 11, Batch     2] loss: 0.006
[Epoch 11, Batch   102] loss: 0.281
Epoch 11/20:
Train Loss: 0.1273, Train Accuracy: 88.97%
Validation Loss: 1.5668, Validation Accuracy: 59.15%
[Epoch 12, Batch     2] loss: 0.003
[Epoch 12, Batch   102] loss: 0.240
Epoch 12/20:
Train Loss: 0.1166, Train Accuracy: 90.26%
Validation Loss: 1.6848, Validation Accuracy: 58.62%
[Epoch 13, Batch     2] loss: 0.004
[Epoch 13, Batch   102] loss: 0.222
Epoch 13/20:
Train Loss: 0.0952, Train Accuracy: 91.61%
Validation Loss: 1.6273, Validation Accuracy: 59.53%
[Epoch 14, Batch     2] loss: 0.003
[Epoch 14, Batch   102] loss: 0.184
Epoch 14/20:
Train Loss: 0.0699, Train Accuracy: 93.33%
Validation Loss: 1.6296, Validation Accuracy: 60.81%
[Epoch 15, Batch     2] loss: 0.003
[Epoch 15, Batch   102] loss: 0.162
Epoch 15/20:
Train Loss: 0.0832, Train Accuracy: 93.50%
Validation Loss: 1.8132, Validation Accuracy: 57.04%
[Epoch 16, Batch     2] loss: 0.005
[Epoch 16, Batch   102] loss: 0.153
Epoch 16/20:
Train Loss: 0.0606, Train Accuracy: 94.36%
Validation Loss: 1.7858, Validation Accuracy: 58.38%
[Epoch 17, Batch     2] loss: 0.002
[Epoch 17, Batch   102] loss: 0.122
Epoch 17/20:
Train Loss: 0.0450, Train Accuracy: 95.72%
Validation Loss: 1.8633, Validation Accuracy: 59.90%
[Epoch 18, Batch     2] loss: 0.003
[Epoch 18, Batch   102] loss: 0.122
Epoch 18/20:
Train Loss: 0.0697, Train Accuracy: 94.86%
Validation Loss: 1.8137, Validation Accuracy: 59.39%
[Epoch 19, Batch     2] loss: 0.003
[Epoch 19, Batch   102] loss: 0.122
Epoch 19/20:
Train Loss: 0.0516, Train Accuracy: 95.39%
Validation Loss: 1.7776, Validation Accuracy: 62.39%
[Epoch 20, Batch     2] loss: 0.003
[Epoch 20, Batch   102] loss: 0.115
Epoch 20/20:
Train Loss: 0.0478, Train Accuracy: 95.64%
Validation Loss: 1.8213, Validation Accuracy: 60.37%
Model saved to models/resnet18-CIFAR10-EVIDENCE-balanced_by_score1-0.8-3
Modified fc layer: updated out_features to 10.
Initialized untrained model.
resnet18-CIFAR10-EVIDENCE-balanced_by_score1-0.9-3
[Epoch 1, Batch     2] loss: 0.048
Epoch 1/20:
Train Loss: 1.8450, Train Accuracy: 32.34%
Validation Loss: 1.9632, Validation Accuracy: 35.50%
[Epoch 2, Batch     2] loss: 0.035
Epoch 2/20:
Train Loss: 1.5034, Train Accuracy: 43.73%
Validation Loss: 1.8841, Validation Accuracy: 36.00%
[Epoch 3, Batch     2] loss: 0.029
Epoch 3/20:
Train Loss: 1.3438, Train Accuracy: 50.43%
Validation Loss: 1.5869, Validation Accuracy: 43.31%
[Epoch 4, Batch     2] loss: 0.023
Epoch 4/20:
Train Loss: 1.2008, Train Accuracy: 55.78%
Validation Loss: 1.8323, Validation Accuracy: 36.16%
[Epoch 5, Batch     2] loss: 0.021
Epoch 5/20:
Train Loss: 1.0389, Train Accuracy: 62.19%
Validation Loss: 1.6110, Validation Accuracy: 44.24%
[Epoch 6, Batch     2] loss: 0.019
Epoch 6/20:
Train Loss: 0.8842, Train Accuracy: 67.50%
Validation Loss: 1.5773, Validation Accuracy: 46.03%
[Epoch 7, Batch     2] loss: 0.012
Epoch 7/20:
Train Loss: 0.7200, Train Accuracy: 74.57%
Validation Loss: 1.9756, Validation Accuracy: 43.34%
[Epoch 8, Batch     2] loss: 0.014
Epoch 8/20:
Train Loss: 0.5824, Train Accuracy: 79.34%
Validation Loss: 1.9730, Validation Accuracy: 43.44%
[Epoch 9, Batch     2] loss: 0.011
Epoch 9/20:
Train Loss: 0.4556, Train Accuracy: 83.84%
Validation Loss: 2.1809, Validation Accuracy: 44.03%
[Epoch 10, Batch     2] loss: 0.006
Epoch 10/20:
Train Loss: 0.4018, Train Accuracy: 86.16%
Validation Loss: 2.2779, Validation Accuracy: 42.79%
[Epoch 11, Batch     2] loss: 0.005
Epoch 11/20:
Train Loss: 0.3224, Train Accuracy: 88.82%
Validation Loss: 1.8554, Validation Accuracy: 51.99%
[Epoch 12, Batch     2] loss: 0.005
Epoch 12/20:
Train Loss: 0.2199, Train Accuracy: 92.43%
Validation Loss: 2.5141, Validation Accuracy: 47.19%
[Epoch 13, Batch     2] loss: 0.005
Epoch 13/20:
Train Loss: 0.2857, Train Accuracy: 90.46%
Validation Loss: 2.3815, Validation Accuracy: 45.34%
[Epoch 14, Batch     2] loss: 0.004
Epoch 14/20:
Train Loss: 0.2388, Train Accuracy: 91.65%
Validation Loss: 2.2774, Validation Accuracy: 48.58%
[Epoch 15, Batch     2] loss: 0.002
Epoch 15/20:
Train Loss: 0.1650, Train Accuracy: 94.47%
Validation Loss: 2.1880, Validation Accuracy: 50.58%
[Epoch 16, Batch     2] loss: 0.003
Epoch 16/20:
Train Loss: 0.1588, Train Accuracy: 94.61%
Validation Loss: 2.3791, Validation Accuracy: 49.54%
[Epoch 17, Batch     2] loss: 0.002
Epoch 17/20:
Train Loss: 0.1210, Train Accuracy: 95.60%
Validation Loss: 2.2348, Validation Accuracy: 52.58%
[Epoch 18, Batch     2] loss: 0.002
Epoch 18/20:
Train Loss: 0.1156, Train Accuracy: 96.09%
Validation Loss: 2.2842, Validation Accuracy: 52.31%
[Epoch 19, Batch     2] loss: 0.001
Epoch 19/20:
Train Loss: 0.1148, Train Accuracy: 96.24%
Validation Loss: 2.3930, Validation Accuracy: 51.62%
[Epoch 20, Batch     2] loss: 0.002
Epoch 20/20:
Train Loss: 0.1302, Train Accuracy: 95.66%
Validation Loss: 2.5822, Validation Accuracy: 47.00%
Model saved to models/resnet18-CIFAR10-EVIDENCE-balanced_by_score1-0.9-3
Modified fc layer: updated out_features to 10.
Initialized untrained model.
resnet18-CIFAR10-EVIDENCE-balanced_by_score1-0.95-3
[Epoch 1, Batch     2] loss: 0.050
Epoch 1/20:
Train Loss: 1.9102, Train Accuracy: 29.17%
Validation Loss: 2.6928, Validation Accuracy: 17.51%
[Epoch 2, Batch     2] loss: 0.030
Epoch 2/20:
Train Loss: 1.4460, Train Accuracy: 45.67%
Validation Loss: 1.7670, Validation Accuracy: 37.79%
[Epoch 3, Batch     2] loss: 0.027
Epoch 3/20:
Train Loss: 1.2436, Train Accuracy: 53.08%
Validation Loss: 1.8720, Validation Accuracy: 36.44%
[Epoch 4, Batch     2] loss: 0.021
Epoch 4/20:
Train Loss: 1.0480, Train Accuracy: 59.21%
Validation Loss: 1.9020, Validation Accuracy: 36.72%
[Epoch 5, Batch     2] loss: 0.016
Epoch 5/20:
Train Loss: 0.8907, Train Accuracy: 66.71%
Validation Loss: 3.5155, Validation Accuracy: 24.49%
[Epoch 6, Batch     2] loss: 0.016
Epoch 6/20:
Train Loss: 0.7458, Train Accuracy: 72.24%
Validation Loss: 1.8450, Validation Accuracy: 41.53%
[Epoch 7, Batch     2] loss: 0.009
Epoch 7/20:
Train Loss: 0.5434, Train Accuracy: 80.65%
Validation Loss: 2.5611, Validation Accuracy: 37.81%
[Epoch 8, Batch     2] loss: 0.007
Epoch 8/20:
Train Loss: 0.4255, Train Accuracy: 85.02%
Validation Loss: 2.4823, Validation Accuracy: 40.23%
[Epoch 9, Batch     2] loss: 0.008
Epoch 9/20:
Train Loss: 0.4195, Train Accuracy: 85.10%
Validation Loss: 2.2732, Validation Accuracy: 42.22%
[Epoch 10, Batch     2] loss: 0.007
Epoch 10/20:
Train Loss: 0.3637, Train Accuracy: 86.78%
Validation Loss: 2.4836, Validation Accuracy: 41.88%
[Epoch 11, Batch     2] loss: 0.004
Epoch 11/20:
Train Loss: 0.2013, Train Accuracy: 92.83%
Validation Loss: 2.6644, Validation Accuracy: 41.03%
[Epoch 12, Batch     2] loss: 0.003
Epoch 12/20:
Train Loss: 0.2659, Train Accuracy: 90.67%
Validation Loss: 3.0539, Validation Accuracy: 38.12%
[Epoch 13, Batch     2] loss: 0.005
Epoch 13/20:
Train Loss: 0.2225, Train Accuracy: 92.31%
Validation Loss: 2.5608, Validation Accuracy: 44.28%
[Epoch 14, Batch     2] loss: 0.003
Epoch 14/20:
Train Loss: 0.1508, Train Accuracy: 95.11%
Validation Loss: 3.3084, Validation Accuracy: 38.62%
[Epoch 15, Batch     2] loss: 0.002
Epoch 15/20:
Train Loss: 0.1351, Train Accuracy: 94.75%
Validation Loss: 3.0407, Validation Accuracy: 42.44%
[Epoch 16, Batch     2] loss: 0.003
Epoch 16/20:
Train Loss: 0.1255, Train Accuracy: 94.91%
Validation Loss: 2.9641, Validation Accuracy: 42.21%
[Epoch 17, Batch     2] loss: 0.002
Epoch 17/20:
Train Loss: 0.1268, Train Accuracy: 95.63%
Validation Loss: 2.7709, Validation Accuracy: 43.85%
[Epoch 18, Batch     2] loss: 0.003
Epoch 18/20:
Train Loss: 0.1173, Train Accuracy: 95.95%
Validation Loss: 2.7053, Validation Accuracy: 44.12%
[Epoch 19, Batch     2] loss: 0.001
Epoch 19/20:
Train Loss: 0.1783, Train Accuracy: 94.03%
Validation Loss: 3.1846, Validation Accuracy: 38.13%
[Epoch 20, Batch     2] loss: 0.004
Epoch 20/20:
Train Loss: 0.1238, Train Accuracy: 95.71%
Validation Loss: 2.6880, Validation Accuracy: 42.90%
Model saved to models/resnet18-CIFAR10-EVIDENCE-balanced_by_score1-0.95-3
Modified fc layer: updated out_features to 10.
Loaded weights from file: models/resnet18_CIFAR10_E1_3
Files already downloaded and verified
Files already downloaded and verified
Modified fc layer: updated out_features to 10.
Initialized untrained model.
resnet18-CIFAR10-BELIEF-balanced_by_score-0.3-3
[Epoch 1, Batch     2] loss: 0.050
[Epoch 1, Batch   102] loss: 1.808
[Epoch 1, Batch   202] loss: 1.527
[Epoch 1, Batch   302] loss: 1.422
[Epoch 1, Batch   402] loss: 1.399
[Epoch 1, Batch   502] loss: 1.307
Epoch 1/20:
Train Loss: 0.1025, Train Accuracy: 46.66%
Validation Loss: 1.2356, Validation Accuracy: 56.75%
[Epoch 2, Batch     2] loss: 0.024
[Epoch 2, Batch   102] loss: 1.159
[Epoch 2, Batch   202] loss: 1.147
[Epoch 2, Batch   302] loss: 1.144
[Epoch 2, Batch   402] loss: 1.082
[Epoch 2, Batch   502] loss: 1.048
Epoch 2/20:
Train Loss: 0.0836, Train Accuracy: 61.00%
Validation Loss: 1.3439, Validation Accuracy: 55.76%
[Epoch 3, Batch     2] loss: 0.020
[Epoch 3, Batch   102] loss: 0.931
[Epoch 3, Batch   202] loss: 0.942
[Epoch 3, Batch   302] loss: 0.932
[Epoch 3, Batch   402] loss: 0.917
[Epoch 3, Batch   502] loss: 0.913
Epoch 3/20:
Train Loss: 0.0724, Train Accuracy: 67.43%
Validation Loss: 1.1947, Validation Accuracy: 61.47%
[Epoch 4, Batch     2] loss: 0.014
[Epoch 4, Batch   102] loss: 0.796
[Epoch 4, Batch   202] loss: 0.790
[Epoch 4, Batch   302] loss: 0.812
[Epoch 4, Batch   402] loss: 0.790
[Epoch 4, Batch   502] loss: 0.821
Epoch 4/20:
Train Loss: 0.0620, Train Accuracy: 72.01%
Validation Loss: 0.8663, Validation Accuracy: 70.07%
[Epoch 5, Batch     2] loss: 0.015
[Epoch 5, Batch   102] loss: 0.649
[Epoch 5, Batch   202] loss: 0.693
[Epoch 5, Batch   302] loss: 0.703
[Epoch 5, Batch   402] loss: 0.732
[Epoch 5, Batch   502] loss: 0.695
Epoch 5/20:
Train Loss: 0.0549, Train Accuracy: 76.03%
Validation Loss: 1.1863, Validation Accuracy: 61.77%
[Epoch 6, Batch     2] loss: 0.012
[Epoch 6, Batch   102] loss: 0.571
[Epoch 6, Batch   202] loss: 0.595
[Epoch 6, Batch   302] loss: 0.605
[Epoch 6, Batch   402] loss: 0.627
[Epoch 6, Batch   502] loss: 0.626
Epoch 6/20:
Train Loss: 0.0506, Train Accuracy: 78.79%
Validation Loss: 0.8128, Validation Accuracy: 71.91%
[Epoch 7, Batch     2] loss: 0.010
[Epoch 7, Batch   102] loss: 0.476
[Epoch 7, Batch   202] loss: 0.524
[Epoch 7, Batch   302] loss: 0.531
[Epoch 7, Batch   402] loss: 0.533
[Epoch 7, Batch   502] loss: 0.555
Epoch 7/20:
Train Loss: 0.0446, Train Accuracy: 81.76%
Validation Loss: 1.0060, Validation Accuracy: 66.33%
[Epoch 8, Batch     2] loss: 0.008
[Epoch 8, Batch   102] loss: 0.392
[Epoch 8, Batch   202] loss: 0.420
[Epoch 8, Batch   302] loss: 0.468
[Epoch 8, Batch   402] loss: 0.472
[Epoch 8, Batch   502] loss: 0.460
Epoch 8/20:
Train Loss: 0.0364, Train Accuracy: 84.56%
Validation Loss: 0.9359, Validation Accuracy: 71.19%
[Epoch 9, Batch     2] loss: 0.005
[Epoch 9, Batch   102] loss: 0.330
[Epoch 9, Batch   202] loss: 0.364
[Epoch 9, Batch   302] loss: 0.390
[Epoch 9, Batch   402] loss: 0.384
[Epoch 9, Batch   502] loss: 0.423
Epoch 9/20:
Train Loss: 0.0317, Train Accuracy: 86.74%
Validation Loss: 0.9573, Validation Accuracy: 71.46%
[Epoch 10, Batch     2] loss: 0.006
[Epoch 10, Batch   102] loss: 0.267
[Epoch 10, Batch   202] loss: 0.289
[Epoch 10, Batch   302] loss: 0.336
[Epoch 10, Batch   402] loss: 0.360
[Epoch 10, Batch   502] loss: 0.351
Epoch 10/20:
Train Loss: 0.0286, Train Accuracy: 88.74%
Validation Loss: 1.1350, Validation Accuracy: 67.85%
[Epoch 11, Batch     2] loss: 0.005
[Epoch 11, Batch   102] loss: 0.225
[Epoch 11, Batch   202] loss: 0.267
[Epoch 11, Batch   302] loss: 0.268
[Epoch 11, Batch   402] loss: 0.305
[Epoch 11, Batch   502] loss: 0.302
Epoch 11/20:
Train Loss: 0.0225, Train Accuracy: 90.31%
Validation Loss: 0.9655, Validation Accuracy: 72.54%
[Epoch 12, Batch     2] loss: 0.003
[Epoch 12, Batch   102] loss: 0.180
[Epoch 12, Batch   202] loss: 0.212
[Epoch 12, Batch   302] loss: 0.249
[Epoch 12, Batch   402] loss: 0.238
[Epoch 12, Batch   502] loss: 0.287
Epoch 12/20:
Train Loss: 0.0213, Train Accuracy: 91.78%
Validation Loss: 1.0232, Validation Accuracy: 71.46%
[Epoch 13, Batch     2] loss: 0.003
[Epoch 13, Batch   102] loss: 0.129
[Epoch 13, Batch   202] loss: 0.172
[Epoch 13, Batch   302] loss: 0.216
[Epoch 13, Batch   402] loss: 0.224
[Epoch 13, Batch   502] loss: 0.223
Epoch 13/20:
Train Loss: 0.0177, Train Accuracy: 93.18%
Validation Loss: 1.1343, Validation Accuracy: 71.63%
[Epoch 14, Batch     2] loss: 0.003
[Epoch 14, Batch   102] loss: 0.145
[Epoch 14, Batch   202] loss: 0.148
[Epoch 14, Batch   302] loss: 0.184
[Epoch 14, Batch   402] loss: 0.196
[Epoch 14, Batch   502] loss: 0.209
Epoch 14/20:
Train Loss: 0.0180, Train Accuracy: 93.62%
Validation Loss: 1.0417, Validation Accuracy: 72.71%
[Epoch 15, Batch     2] loss: 0.003
[Epoch 15, Batch   102] loss: 0.112
[Epoch 15, Batch   202] loss: 0.136
[Epoch 15, Batch   302] loss: 0.152
[Epoch 15, Batch   402] loss: 0.186
[Epoch 15, Batch   502] loss: 0.188
Epoch 15/20:
Train Loss: 0.0171, Train Accuracy: 94.57%
Validation Loss: 1.2243, Validation Accuracy: 68.89%
[Epoch 16, Batch     2] loss: 0.004
[Epoch 16, Batch   102] loss: 0.111
[Epoch 16, Batch   202] loss: 0.119
[Epoch 16, Batch   302] loss: 0.153
[Epoch 16, Batch   402] loss: 0.151
[Epoch 16, Batch   502] loss: 0.182
Epoch 16/20:
Train Loss: 0.0146, Train Accuracy: 94.98%
Validation Loss: 1.1052, Validation Accuracy: 71.56%
[Epoch 17, Batch     2] loss: 0.001
[Epoch 17, Batch   102] loss: 0.104
[Epoch 17, Batch   202] loss: 0.108
[Epoch 17, Batch   302] loss: 0.168
[Epoch 17, Batch   402] loss: 0.129
[Epoch 17, Batch   502] loss: 0.158
Epoch 17/20:
Train Loss: 0.0128, Train Accuracy: 95.29%
Validation Loss: 1.1482, Validation Accuracy: 72.70%
[Epoch 18, Batch     2] loss: 0.001
[Epoch 18, Batch   102] loss: 0.104
[Epoch 18, Batch   202] loss: 0.118
[Epoch 18, Batch   302] loss: 0.132
[Epoch 18, Batch   402] loss: 0.158
[Epoch 18, Batch   502] loss: 0.161
Epoch 18/20:
Train Loss: 0.0130, Train Accuracy: 95.30%
Validation Loss: 1.3142, Validation Accuracy: 70.02%
[Epoch 19, Batch     2] loss: 0.003
[Epoch 19, Batch   102] loss: 0.090
[Epoch 19, Batch   202] loss: 0.094
[Epoch 19, Batch   302] loss: 0.136
[Epoch 19, Batch   402] loss: 0.130
[Epoch 19, Batch   502] loss: 0.134
Epoch 19/20:
Train Loss: 0.0126, Train Accuracy: 95.99%
Validation Loss: 1.3428, Validation Accuracy: 69.82%
[Epoch 20, Batch     2] loss: 0.001
[Epoch 20, Batch   102] loss: 0.090
[Epoch 20, Batch   202] loss: 0.095
[Epoch 20, Batch   302] loss: 0.108
[Epoch 20, Batch   402] loss: 0.147
[Epoch 20, Batch   502] loss: 0.144
Epoch 20/20:
Train Loss: 0.0088, Train Accuracy: 96.05%
Validation Loss: 1.1606, Validation Accuracy: 73.19%
Model saved to models/resnet18-CIFAR10-BELIEF-balanced_by_score-0.3-3
Modified fc layer: updated out_features to 10.
Initialized untrained model.
resnet18-CIFAR10-BELIEF-balanced_by_score-0.5-3
[Epoch 1, Batch     2] loss: 0.048
[Epoch 1, Batch   102] loss: 1.794
[Epoch 1, Batch   202] loss: 1.561
[Epoch 1, Batch   302] loss: 1.442
Epoch 1/20:
Train Loss: 0.3136, Train Accuracy: 44.18%
Validation Loss: 1.3621, Validation Accuracy: 51.43%
[Epoch 2, Batch     2] loss: 0.030
[Epoch 2, Batch   102] loss: 1.280
[Epoch 2, Batch   202] loss: 1.232
[Epoch 2, Batch   302] loss: 1.203
Epoch 2/20:
Train Loss: 0.2564, Train Accuracy: 56.88%
Validation Loss: 1.3912, Validation Accuracy: 50.91%
[Epoch 3, Batch     2] loss: 0.021
[Epoch 3, Batch   102] loss: 1.045
[Epoch 3, Batch   202] loss: 1.012
[Epoch 3, Batch   302] loss: 1.025
Epoch 3/20:
Train Loss: 0.2214, Train Accuracy: 64.37%
Validation Loss: 1.2455, Validation Accuracy: 57.76%
[Epoch 4, Batch     2] loss: 0.016
[Epoch 4, Batch   102] loss: 0.863
[Epoch 4, Batch   202] loss: 0.895
[Epoch 4, Batch   302] loss: 0.876
Epoch 4/20:
Train Loss: 0.1958, Train Accuracy: 69.56%
Validation Loss: 1.0954, Validation Accuracy: 62.30%
[Epoch 5, Batch     2] loss: 0.016
[Epoch 5, Batch   102] loss: 0.757
[Epoch 5, Batch   202] loss: 0.744
[Epoch 5, Batch   302] loss: 0.794
Epoch 5/20:
Train Loss: 0.1740, Train Accuracy: 73.39%
Validation Loss: 1.0335, Validation Accuracy: 64.45%
[Epoch 6, Batch     2] loss: 0.016
[Epoch 6, Batch   102] loss: 0.658
[Epoch 6, Batch   202] loss: 0.674
[Epoch 6, Batch   302] loss: 0.677
Epoch 6/20:
Train Loss: 0.1550, Train Accuracy: 76.52%
Validation Loss: 1.1911, Validation Accuracy: 60.85%
[Epoch 7, Batch     2] loss: 0.010
[Epoch 7, Batch   102] loss: 0.523
[Epoch 7, Batch   202] loss: 0.584
[Epoch 7, Batch   302] loss: 0.621
Epoch 7/20:
Train Loss: 0.1378, Train Accuracy: 79.50%
Validation Loss: 1.0866, Validation Accuracy: 65.30%
[Epoch 8, Batch     2] loss: 0.010
[Epoch 8, Batch   102] loss: 0.423
[Epoch 8, Batch   202] loss: 0.485
[Epoch 8, Batch   302] loss: 0.517
Epoch 8/20:
Train Loss: 0.1219, Train Accuracy: 82.93%
Validation Loss: 0.9615, Validation Accuracy: 68.51%
[Epoch 9, Batch     2] loss: 0.007
[Epoch 9, Batch   102] loss: 0.362
[Epoch 9, Batch   202] loss: 0.398
[Epoch 9, Batch   302] loss: 0.449
Epoch 9/20:
Train Loss: 0.1003, Train Accuracy: 85.88%
Validation Loss: 1.1193, Validation Accuracy: 66.60%
[Epoch 10, Batch     2] loss: 0.004
[Epoch 10, Batch   102] loss: 0.285
[Epoch 10, Batch   202] loss: 0.336
[Epoch 10, Batch   302] loss: 0.374
Epoch 10/20:
Train Loss: 0.0867, Train Accuracy: 88.05%
Validation Loss: 0.9944, Validation Accuracy: 69.82%
[Epoch 11, Batch     2] loss: 0.005
[Epoch 11, Batch   102] loss: 0.219
[Epoch 11, Batch   202] loss: 0.316
[Epoch 11, Batch   302] loss: 0.299
Epoch 11/20:
Train Loss: 0.0767, Train Accuracy: 89.80%
Validation Loss: 1.2346, Validation Accuracy: 66.19%
[Epoch 12, Batch     2] loss: 0.006
[Epoch 12, Batch   102] loss: 0.195
[Epoch 12, Batch   202] loss: 0.234
[Epoch 12, Batch   302] loss: 0.257
Epoch 12/20:
Train Loss: 0.0683, Train Accuracy: 91.60%
Validation Loss: 1.0982, Validation Accuracy: 69.44%
[Epoch 13, Batch     2] loss: 0.004
[Epoch 13, Batch   102] loss: 0.165
[Epoch 13, Batch   202] loss: 0.211
[Epoch 13, Batch   302] loss: 0.235
Epoch 13/20:
Train Loss: 0.0550, Train Accuracy: 92.66%
Validation Loss: 1.2130, Validation Accuracy: 68.22%
[Epoch 14, Batch     2] loss: 0.003
[Epoch 14, Batch   102] loss: 0.159
[Epoch 14, Batch   202] loss: 0.159
[Epoch 14, Batch   302] loss: 0.209
Epoch 14/20:
Train Loss: 0.0564, Train Accuracy: 93.41%
Validation Loss: 1.1188, Validation Accuracy: 69.93%
[Epoch 15, Batch     2] loss: 0.003
[Epoch 15, Batch   102] loss: 0.113
[Epoch 15, Batch   202] loss: 0.148
[Epoch 15, Batch   302] loss: 0.185
Epoch 15/20:
Train Loss: 0.0491, Train Accuracy: 94.26%
Validation Loss: 1.1654, Validation Accuracy: 70.53%
[Epoch 16, Batch     2] loss: 0.003
[Epoch 16, Batch   102] loss: 0.111
[Epoch 16, Batch   202] loss: 0.139
[Epoch 16, Batch   302] loss: 0.186
Epoch 16/20:
Train Loss: 0.0389, Train Accuracy: 94.79%
Validation Loss: 1.1979, Validation Accuracy: 70.72%
[Epoch 17, Batch     2] loss: 0.002
[Epoch 17, Batch   102] loss: 0.108
[Epoch 17, Batch   202] loss: 0.140
[Epoch 17, Batch   302] loss: 0.169
Epoch 17/20:
Train Loss: 0.0386, Train Accuracy: 94.98%
Validation Loss: 1.1897, Validation Accuracy: 71.21%
[Epoch 18, Batch     2] loss: 0.001
[Epoch 18, Batch   102] loss: 0.099
[Epoch 18, Batch   202] loss: 0.129
[Epoch 18, Batch   302] loss: 0.159
Epoch 18/20:
Train Loss: 0.0357, Train Accuracy: 95.43%
Validation Loss: 1.3405, Validation Accuracy: 69.03%
[Epoch 19, Batch     2] loss: 0.002
[Epoch 19, Batch   102] loss: 0.083
[Epoch 19, Batch   202] loss: 0.109
[Epoch 19, Batch   302] loss: 0.147
Epoch 19/20:
Train Loss: 0.0326, Train Accuracy: 95.89%
Validation Loss: 1.4161, Validation Accuracy: 66.79%
[Epoch 20, Batch     2] loss: 0.002
[Epoch 20, Batch   102] loss: 0.084
[Epoch 20, Batch   202] loss: 0.121
[Epoch 20, Batch   302] loss: 0.124
Epoch 20/20:
Train Loss: 0.0340, Train Accuracy: 96.05%
Validation Loss: 1.3331, Validation Accuracy: 68.82%
Model saved to models/resnet18-CIFAR10-BELIEF-balanced_by_score-0.5-3
Modified fc layer: updated out_features to 10.
Initialized untrained model.
resnet18-CIFAR10-BELIEF-balanced_by_score-0.7-3
[Epoch 1, Batch     2] loss: 0.051
[Epoch 1, Batch   102] loss: 1.839
[Epoch 1, Batch   202] loss: 1.570
Epoch 1/20:
Train Loss: 0.2037, Train Accuracy: 39.40%
Validation Loss: 1.9172, Validation Accuracy: 37.15%
[Epoch 2, Batch     2] loss: 0.029
[Epoch 2, Batch   102] loss: 1.351
[Epoch 2, Batch   202] loss: 1.292
Epoch 2/20:
Train Loss: 0.1714, Train Accuracy: 52.34%
Validation Loss: 1.6223, Validation Accuracy: 42.87%
[Epoch 3, Batch     2] loss: 0.022
[Epoch 3, Batch   102] loss: 1.134
[Epoch 3, Batch   202] loss: 1.138
Epoch 3/20:
Train Loss: 0.1555, Train Accuracy: 59.11%
Validation Loss: 1.5659, Validation Accuracy: 44.73%
[Epoch 4, Batch     2] loss: 0.019
[Epoch 4, Batch   102] loss: 0.976
[Epoch 4, Batch   202] loss: 1.022
Epoch 4/20:
Train Loss: 0.1269, Train Accuracy: 64.92%
Validation Loss: 1.2471, Validation Accuracy: 58.22%
[Epoch 5, Batch     2] loss: 0.014
[Epoch 5, Batch   102] loss: 0.838
[Epoch 5, Batch   202] loss: 0.878
Epoch 5/20:
Train Loss: 0.1126, Train Accuracy: 69.79%
Validation Loss: 1.3126, Validation Accuracy: 56.87%
[Epoch 6, Batch     2] loss: 0.013
[Epoch 6, Batch   102] loss: 0.716
[Epoch 6, Batch   202] loss: 0.770
Epoch 6/20:
Train Loss: 0.1060, Train Accuracy: 74.03%
Validation Loss: 1.5480, Validation Accuracy: 49.57%
[Epoch 7, Batch     2] loss: 0.015
[Epoch 7, Batch   102] loss: 0.587
[Epoch 7, Batch   202] loss: 0.671
Epoch 7/20:
Train Loss: 0.0915, Train Accuracy: 77.60%
Validation Loss: 1.1779, Validation Accuracy: 62.39%
[Epoch 8, Batch     2] loss: 0.006
[Epoch 8, Batch   102] loss: 0.495
[Epoch 8, Batch   202] loss: 0.566
Epoch 8/20:
Train Loss: 0.0739, Train Accuracy: 81.36%
Validation Loss: 1.1691, Validation Accuracy: 63.27%
[Epoch 9, Batch     2] loss: 0.005
[Epoch 9, Batch   102] loss: 0.398
[Epoch 9, Batch   202] loss: 0.475
Epoch 9/20:
Train Loss: 0.0724, Train Accuracy: 84.29%
Validation Loss: 1.3715, Validation Accuracy: 59.50%
[Epoch 10, Batch     2] loss: 0.007
[Epoch 10, Batch   102] loss: 0.324
[Epoch 10, Batch   202] loss: 0.432
Epoch 10/20:
Train Loss: 0.0538, Train Accuracy: 86.81%
Validation Loss: 1.2654, Validation Accuracy: 63.38%
[Epoch 11, Batch     2] loss: 0.007
[Epoch 11, Batch   102] loss: 0.283
[Epoch 11, Batch   202] loss: 0.324
Epoch 11/20:
Train Loss: 0.0488, Train Accuracy: 89.14%
Validation Loss: 1.5499, Validation Accuracy: 60.38%
[Epoch 12, Batch     2] loss: 0.003
[Epoch 12, Batch   102] loss: 0.223
[Epoch 12, Batch   202] loss: 0.275
Epoch 12/20:
Train Loss: 0.0396, Train Accuracy: 91.02%
Validation Loss: 1.4681, Validation Accuracy: 62.61%
[Epoch 13, Batch     2] loss: 0.003
[Epoch 13, Batch   102] loss: 0.195
[Epoch 13, Batch   202] loss: 0.254
Epoch 13/20:
Train Loss: 0.0383, Train Accuracy: 92.00%
Validation Loss: 2.0919, Validation Accuracy: 55.86%
[Epoch 14, Batch     2] loss: 0.005
[Epoch 14, Batch   102] loss: 0.172
[Epoch 14, Batch   202] loss: 0.211
Epoch 14/20:
Train Loss: 0.0290, Train Accuracy: 93.27%
Validation Loss: 1.6445, Validation Accuracy: 61.65%
[Epoch 15, Batch     2] loss: 0.001
[Epoch 15, Batch   102] loss: 0.140
[Epoch 15, Batch   202] loss: 0.174
Epoch 15/20:
Train Loss: 0.0285, Train Accuracy: 94.39%
Validation Loss: 1.6452, Validation Accuracy: 62.63%
[Epoch 16, Batch     2] loss: 0.002
[Epoch 16, Batch   102] loss: 0.132
[Epoch 16, Batch   202] loss: 0.173
Epoch 16/20:
Train Loss: 0.0257, Train Accuracy: 94.54%
Validation Loss: 1.5495, Validation Accuracy: 64.29%
[Epoch 17, Batch     2] loss: 0.003
[Epoch 17, Batch   102] loss: 0.109
[Epoch 17, Batch   202] loss: 0.154
Epoch 17/20:
Train Loss: 0.0237, Train Accuracy: 95.49%
Validation Loss: 1.6552, Validation Accuracy: 63.44%
[Epoch 18, Batch     2] loss: 0.002
[Epoch 18, Batch   102] loss: 0.115
[Epoch 18, Batch   202] loss: 0.140
Epoch 18/20:
Train Loss: 0.0219, Train Accuracy: 95.33%
Validation Loss: 1.6989, Validation Accuracy: 63.56%
[Epoch 19, Batch     2] loss: 0.006
[Epoch 19, Batch   102] loss: 0.124
[Epoch 19, Batch   202] loss: 0.135
Epoch 19/20:
Train Loss: 0.0233, Train Accuracy: 95.23%
Validation Loss: 1.7473, Validation Accuracy: 62.44%
[Epoch 20, Batch     2] loss: 0.004
[Epoch 20, Batch   102] loss: 0.116
[Epoch 20, Batch   202] loss: 0.121
Epoch 20/20:
Train Loss: 0.0207, Train Accuracy: 95.69%
Validation Loss: 1.7832, Validation Accuracy: 63.52%
Model saved to models/resnet18-CIFAR10-BELIEF-balanced_by_score-0.7-3
Modified fc layer: updated out_features to 10.
Initialized untrained model.
resnet18-CIFAR10-BELIEF-balanced_by_score-0.8-3
[Epoch 1, Batch     2] loss: 0.048
[Epoch 1, Batch   102] loss: 1.823
Epoch 1/20:
Train Loss: 0.5319, Train Accuracy: 36.70%
Validation Loss: 1.8193, Validation Accuracy: 37.04%
[Epoch 2, Batch     2] loss: 0.028
[Epoch 2, Batch   102] loss: 1.427
Epoch 2/20:
Train Loss: 0.4722, Train Accuracy: 48.85%
Validation Loss: 1.7662, Validation Accuracy: 39.63%
[Epoch 3, Batch     2] loss: 0.024
[Epoch 3, Batch   102] loss: 1.224
Epoch 3/20:
Train Loss: 0.4127, Train Accuracy: 56.05%
Validation Loss: 1.3129, Validation Accuracy: 53.73%
[Epoch 4, Batch     2] loss: 0.021
[Epoch 4, Batch   102] loss: 1.079
Epoch 4/20:
Train Loss: 0.3664, Train Accuracy: 61.51%
Validation Loss: 1.4838, Validation Accuracy: 48.34%
[Epoch 5, Batch     2] loss: 0.015
[Epoch 5, Batch   102] loss: 0.925
Epoch 5/20:
Train Loss: 0.3235, Train Accuracy: 66.34%
Validation Loss: 1.3258, Validation Accuracy: 55.82%
[Epoch 6, Batch     2] loss: 0.015
[Epoch 6, Batch   102] loss: 0.778
Epoch 6/20:
Train Loss: 0.2948, Train Accuracy: 71.00%
Validation Loss: 1.7462, Validation Accuracy: 47.01%
[Epoch 7, Batch     2] loss: 0.012
[Epoch 7, Batch   102] loss: 0.700
Epoch 7/20:
Train Loss: 0.2479, Train Accuracy: 75.11%
Validation Loss: 1.3550, Validation Accuracy: 57.00%
[Epoch 8, Batch     2] loss: 0.009
[Epoch 8, Batch   102] loss: 0.586
Epoch 8/20:
Train Loss: 0.2111, Train Accuracy: 79.05%
Validation Loss: 1.4035, Validation Accuracy: 58.36%
[Epoch 9, Batch     2] loss: 0.009
[Epoch 9, Batch   102] loss: 0.454
Epoch 9/20:
Train Loss: 0.1879, Train Accuracy: 82.98%
Validation Loss: 1.5389, Validation Accuracy: 56.82%
[Epoch 10, Batch     2] loss: 0.009
[Epoch 10, Batch   102] loss: 0.359
Epoch 10/20:
Train Loss: 0.1405, Train Accuracy: 86.79%
Validation Loss: 1.5570, Validation Accuracy: 58.64%
[Epoch 11, Batch     2] loss: 0.006
[Epoch 11, Batch   102] loss: 0.305
Epoch 11/20:
Train Loss: 0.1332, Train Accuracy: 88.28%
Validation Loss: 1.5077, Validation Accuracy: 60.26%
[Epoch 12, Batch     2] loss: 0.006
[Epoch 12, Batch   102] loss: 0.251
Epoch 12/20:
Train Loss: 0.1020, Train Accuracy: 90.34%
Validation Loss: 2.0377, Validation Accuracy: 52.72%
[Epoch 13, Batch     2] loss: 0.005
[Epoch 13, Batch   102] loss: 0.214
Epoch 13/20:
Train Loss: 0.0887, Train Accuracy: 91.92%
Validation Loss: 1.8006, Validation Accuracy: 57.55%
[Epoch 14, Batch     2] loss: 0.003
[Epoch 14, Batch   102] loss: 0.190
Epoch 14/20:
Train Loss: 0.0886, Train Accuracy: 92.87%
Validation Loss: 1.7309, Validation Accuracy: 58.00%
[Epoch 15, Batch     2] loss: 0.005
[Epoch 15, Batch   102] loss: 0.162
Epoch 15/20:
Train Loss: 0.0786, Train Accuracy: 93.54%
Validation Loss: 2.3654, Validation Accuracy: 51.07%
[Epoch 16, Batch     2] loss: 0.004
[Epoch 16, Batch   102] loss: 0.170
Epoch 16/20:
Train Loss: 0.0578, Train Accuracy: 94.17%
Validation Loss: 1.8422, Validation Accuracy: 60.48%
[Epoch 17, Batch     2] loss: 0.002
[Epoch 17, Batch   102] loss: 0.108
Epoch 17/20:
Train Loss: 0.0593, Train Accuracy: 95.63%
Validation Loss: 1.8899, Validation Accuracy: 60.53%
[Epoch 18, Batch     2] loss: 0.002
[Epoch 18, Batch   102] loss: 0.132
Epoch 18/20:
Train Loss: 0.0534, Train Accuracy: 95.12%
Validation Loss: 1.8638, Validation Accuracy: 59.36%
[Epoch 19, Batch     2] loss: 0.001
[Epoch 19, Batch   102] loss: 0.131
Epoch 19/20:
Train Loss: 0.0571, Train Accuracy: 95.19%
Validation Loss: 1.8567, Validation Accuracy: 58.67%
[Epoch 20, Batch     2] loss: 0.003
[Epoch 20, Batch   102] loss: 0.110
Epoch 20/20:
Train Loss: 0.0405, Train Accuracy: 95.99%
Validation Loss: 2.2430, Validation Accuracy: 56.39%
Model saved to models/resnet18-CIFAR10-BELIEF-balanced_by_score-0.8-3
Modified fc layer: updated out_features to 10.
Initialized untrained model.
resnet18-CIFAR10-BELIEF-balanced_by_score-0.9-3
[Epoch 1, Batch     2] loss: 0.051
Epoch 1/20:
Train Loss: 1.8068, Train Accuracy: 33.70%
Validation Loss: 1.6635, Validation Accuracy: 39.69%
[Epoch 2, Batch     2] loss: 0.031
Epoch 2/20:
Train Loss: 1.4700, Train Accuracy: 45.17%
Validation Loss: 1.7766, Validation Accuracy: 39.61%
[Epoch 3, Batch     2] loss: 0.023
Epoch 3/20:
Train Loss: 1.2830, Train Accuracy: 52.92%
Validation Loss: 1.7895, Validation Accuracy: 41.37%
[Epoch 4, Batch     2] loss: 0.021
Epoch 4/20:
Train Loss: 1.1212, Train Accuracy: 59.00%
Validation Loss: 1.5663, Validation Accuracy: 46.28%
[Epoch 5, Batch     2] loss: 0.019
Epoch 5/20:
Train Loss: 0.9607, Train Accuracy: 65.62%
Validation Loss: 1.5843, Validation Accuracy: 46.64%
[Epoch 6, Batch     2] loss: 0.019
Epoch 6/20:
Train Loss: 0.8044, Train Accuracy: 71.75%
Validation Loss: 1.6836, Validation Accuracy: 45.93%
[Epoch 7, Batch     2] loss: 0.010
Epoch 7/20:
Train Loss: 0.6447, Train Accuracy: 76.81%
Validation Loss: 1.6557, Validation Accuracy: 49.81%
[Epoch 8, Batch     2] loss: 0.010
Epoch 8/20:
Train Loss: 0.5440, Train Accuracy: 80.57%
Validation Loss: 1.7563, Validation Accuracy: 51.46%
[Epoch 9, Batch     2] loss: 0.006
Epoch 9/20:
Train Loss: 0.4322, Train Accuracy: 84.79%
Validation Loss: 2.2597, Validation Accuracy: 46.83%
[Epoch 10, Batch     2] loss: 0.008
Epoch 10/20:
Train Loss: 0.3279, Train Accuracy: 88.86%
Validation Loss: 2.0842, Validation Accuracy: 49.29%
[Epoch 11, Batch     2] loss: 0.006
Epoch 11/20:
Train Loss: 0.2953, Train Accuracy: 89.47%
Validation Loss: 1.9191, Validation Accuracy: 52.28%
[Epoch 12, Batch     2] loss: 0.003
Epoch 12/20:
Train Loss: 0.2647, Train Accuracy: 90.44%
Validation Loss: 1.9778, Validation Accuracy: 51.41%
[Epoch 13, Batch     2] loss: 0.004
Epoch 13/20:
Train Loss: 0.2249, Train Accuracy: 92.00%
Validation Loss: 2.1491, Validation Accuracy: 50.26%
[Epoch 14, Batch     2] loss: 0.002
Epoch 14/20:
Train Loss: 0.1852, Train Accuracy: 93.40%
Validation Loss: 2.3286, Validation Accuracy: 49.37%
[Epoch 15, Batch     2] loss: 0.004
Epoch 15/20:
Train Loss: 0.1653, Train Accuracy: 94.10%
Validation Loss: 2.1504, Validation Accuracy: 52.85%
[Epoch 16, Batch     2] loss: 0.002
Epoch 16/20:
Train Loss: 0.1466, Train Accuracy: 94.72%
Validation Loss: 2.2124, Validation Accuracy: 52.30%
[Epoch 17, Batch     2] loss: 0.001
Epoch 17/20:
Train Loss: 0.1446, Train Accuracy: 95.17%
Validation Loss: 2.0420, Validation Accuracy: 54.62%
[Epoch 18, Batch     2] loss: 0.001
Epoch 18/20:
Train Loss: 0.0592, Train Accuracy: 98.05%
Validation Loss: 2.3377, Validation Accuracy: 53.08%
[Epoch 19, Batch     2] loss: 0.001
Epoch 19/20:
Train Loss: 0.0777, Train Accuracy: 97.14%
Validation Loss: 2.4825, Validation Accuracy: 53.09%
[Epoch 20, Batch     2] loss: 0.001
Epoch 20/20:
Train Loss: 0.2131, Train Accuracy: 92.66%
Validation Loss: 2.1547, Validation Accuracy: 53.39%
Model saved to models/resnet18-CIFAR10-BELIEF-balanced_by_score-0.9-3
Modified fc layer: updated out_features to 10.
Initialized untrained model.
resnet18-CIFAR10-BELIEF-balanced_by_score-0.95-3
[Epoch 1, Batch     2] loss: 0.051
Epoch 1/20:
Train Loss: 1.9443, Train Accuracy: 28.81%
Validation Loss: 2.2908, Validation Accuracy: 21.90%
[Epoch 2, Batch     2] loss: 0.036
Epoch 2/20:
Train Loss: 1.5636, Train Accuracy: 40.95%
Validation Loss: 1.8792, Validation Accuracy: 37.72%
[Epoch 3, Batch     2] loss: 0.025
Epoch 3/20:
Train Loss: 1.3278, Train Accuracy: 49.68%
Validation Loss: 2.0567, Validation Accuracy: 35.28%
[Epoch 4, Batch     2] loss: 0.020
Epoch 4/20:
Train Loss: 1.1115, Train Accuracy: 57.61%
Validation Loss: 1.8113, Validation Accuracy: 40.31%
[Epoch 5, Batch     2] loss: 0.020
Epoch 5/20:
Train Loss: 0.9172, Train Accuracy: 65.79%
Validation Loss: 2.6600, Validation Accuracy: 32.98%
[Epoch 6, Batch     2] loss: 0.016
Epoch 6/20:
Train Loss: 0.7974, Train Accuracy: 70.63%
Validation Loss: 2.4221, Validation Accuracy: 34.60%
[Epoch 7, Batch     2] loss: 0.009
Epoch 7/20:
Train Loss: 0.5593, Train Accuracy: 79.33%
Validation Loss: 2.1686, Validation Accuracy: 39.46%
[Epoch 8, Batch     2] loss: 0.006
Epoch 8/20:
Train Loss: 0.5104, Train Accuracy: 82.45%
Validation Loss: 2.3555, Validation Accuracy: 41.01%
[Epoch 9, Batch     2] loss: 0.007
Epoch 9/20:
Train Loss: 0.4058, Train Accuracy: 85.02%
Validation Loss: 2.4711, Validation Accuracy: 40.51%
[Epoch 10, Batch     2] loss: 0.006
Epoch 10/20:
Train Loss: 0.3617, Train Accuracy: 87.18%
Validation Loss: 3.0841, Validation Accuracy: 36.44%
[Epoch 11, Batch     2] loss: 0.004
Epoch 11/20:
Train Loss: 0.2816, Train Accuracy: 89.74%
Validation Loss: 2.4309, Validation Accuracy: 39.62%
[Epoch 12, Batch     2] loss: 0.004
Epoch 12/20:
Train Loss: 0.2440, Train Accuracy: 91.19%
Validation Loss: 2.6144, Validation Accuracy: 43.76%
[Epoch 13, Batch     2] loss: 0.004
Epoch 13/20:
Train Loss: 0.2640, Train Accuracy: 91.23%
Validation Loss: 2.5485, Validation Accuracy: 42.98%
[Epoch 14, Batch     2] loss: 0.003
Epoch 14/20:
Train Loss: 0.1811, Train Accuracy: 93.47%
Validation Loss: 2.5630, Validation Accuracy: 43.73%
[Epoch 15, Batch     2] loss: 0.002
Epoch 15/20:
Train Loss: 0.1160, Train Accuracy: 95.31%
Validation Loss: 2.5864, Validation Accuracy: 46.75%
[Epoch 16, Batch     2] loss: 0.003
Epoch 16/20:
Train Loss: 0.1433, Train Accuracy: 94.75%
Validation Loss: 2.8178, Validation Accuracy: 41.89%
[Epoch 17, Batch     2] loss: 0.002
Epoch 17/20:
Train Loss: 0.1466, Train Accuracy: 94.75%
Validation Loss: 2.7910, Validation Accuracy: 44.45%
[Epoch 18, Batch     2] loss: 0.002
Epoch 18/20:
Train Loss: 0.1224, Train Accuracy: 96.03%
Validation Loss: 2.8279, Validation Accuracy: 44.83%
[Epoch 19, Batch     2] loss: 0.002
Epoch 19/20:
Train Loss: 0.0865, Train Accuracy: 96.67%
Validation Loss: 2.9073, Validation Accuracy: 43.42%
[Epoch 20, Batch     2] loss: 0.001
Epoch 20/20:
Train Loss: 0.1477, Train Accuracy: 95.11%
Validation Loss: 3.1135, Validation Accuracy: 39.58%
Model saved to models/resnet18-CIFAR10-BELIEF-balanced_by_score-0.95-3
Modified fc layer: updated out_features to 10.
Loaded weights from file: models/resnet18_CIFAR10_E1_3
Files already downloaded and verified
Files already downloaded and verified
Modified fc layer: updated out_features to 10.
Initialized untrained model.
resnet18-CIFAR10-BELIEF-median-0.3-3
[Epoch 1, Batch     2] loss: 0.051
[Epoch 1, Batch   102] loss: 1.757
[Epoch 1, Batch   202] loss: 1.488
[Epoch 1, Batch   302] loss: 1.338
[Epoch 1, Batch   402] loss: 1.301
[Epoch 1, Batch   502] loss: 1.231
Epoch 1/20:
Train Loss: 0.0972, Train Accuracy: 49.40%
Validation Loss: 1.4616, Validation Accuracy: 47.79%
[Epoch 2, Batch     2] loss: 0.020
[Epoch 2, Batch   102] loss: 1.107
[Epoch 2, Batch   202] loss: 1.069
[Epoch 2, Batch   302] loss: 1.050
[Epoch 2, Batch   402] loss: 1.043
[Epoch 2, Batch   502] loss: 1.006
Epoch 2/20:
Train Loss: 0.0798, Train Accuracy: 62.66%
Validation Loss: 1.2108, Validation Accuracy: 58.04%
[Epoch 3, Batch     2] loss: 0.017
[Epoch 3, Batch   102] loss: 0.890
[Epoch 3, Batch   202] loss: 0.867
[Epoch 3, Batch   302] loss: 0.866
[Epoch 3, Batch   402] loss: 0.880
[Epoch 3, Batch   502] loss: 0.854
Epoch 3/20:
Train Loss: 0.0680, Train Accuracy: 69.47%
Validation Loss: 1.1550, Validation Accuracy: 61.01%
[Epoch 4, Batch     2] loss: 0.015
[Epoch 4, Batch   102] loss: 0.753
[Epoch 4, Batch   202] loss: 0.746
[Epoch 4, Batch   302] loss: 0.791
[Epoch 4, Batch   402] loss: 0.785
[Epoch 4, Batch   502] loss: 0.753
Epoch 4/20:
Train Loss: 0.0591, Train Accuracy: 73.22%
Validation Loss: 1.0915, Validation Accuracy: 63.83%
[Epoch 5, Batch     2] loss: 0.013
[Epoch 5, Batch   102] loss: 0.638
[Epoch 5, Batch   202] loss: 0.680
[Epoch 5, Batch   302] loss: 0.665
[Epoch 5, Batch   402] loss: 0.654
[Epoch 5, Batch   502] loss: 0.692
Epoch 5/20:
Train Loss: 0.0544, Train Accuracy: 76.64%
Validation Loss: 0.9137, Validation Accuracy: 69.09%
[Epoch 6, Batch     2] loss: 0.012
[Epoch 6, Batch   102] loss: 0.531
[Epoch 6, Batch   202] loss: 0.590
[Epoch 6, Batch   302] loss: 0.584
[Epoch 6, Batch   402] loss: 0.585
[Epoch 6, Batch   502] loss: 0.612
Epoch 6/20:
Train Loss: 0.0469, Train Accuracy: 79.78%
Validation Loss: 0.9888, Validation Accuracy: 68.12%
[Epoch 7, Batch     2] loss: 0.008
[Epoch 7, Batch   102] loss: 0.490
[Epoch 7, Batch   202] loss: 0.512
[Epoch 7, Batch   302] loss: 0.513
[Epoch 7, Batch   402] loss: 0.520
[Epoch 7, Batch   502] loss: 0.507
Epoch 7/20:
Train Loss: 0.0449, Train Accuracy: 81.91%
Validation Loss: 0.9298, Validation Accuracy: 69.50%
[Epoch 8, Batch     2] loss: 0.008
[Epoch 8, Batch   102] loss: 0.388
[Epoch 8, Batch   202] loss: 0.418
[Epoch 8, Batch   302] loss: 0.460
[Epoch 8, Batch   402] loss: 0.440
[Epoch 8, Batch   502] loss: 0.481
Epoch 8/20:
Train Loss: 0.0343, Train Accuracy: 84.84%
Validation Loss: 0.9786, Validation Accuracy: 68.88%
[Epoch 9, Batch     2] loss: 0.007
[Epoch 9, Batch   102] loss: 0.318
[Epoch 9, Batch   202] loss: 0.353
[Epoch 9, Batch   302] loss: 0.412
[Epoch 9, Batch   402] loss: 0.399
[Epoch 9, Batch   502] loss: 0.407
Epoch 9/20:
Train Loss: 0.0310, Train Accuracy: 86.75%
Validation Loss: 1.0210, Validation Accuracy: 68.15%
[Epoch 10, Batch     2] loss: 0.006
[Epoch 10, Batch   102] loss: 0.264
[Epoch 10, Batch   202] loss: 0.316
[Epoch 10, Batch   302] loss: 0.312
[Epoch 10, Batch   402] loss: 0.336
[Epoch 10, Batch   502] loss: 0.346
Epoch 10/20:
Train Loss: 0.0267, Train Accuracy: 88.79%
Validation Loss: 1.0148, Validation Accuracy: 70.41%
[Epoch 11, Batch     2] loss: 0.004
[Epoch 11, Batch   102] loss: 0.218
[Epoch 11, Batch   202] loss: 0.250
[Epoch 11, Batch   302] loss: 0.295
[Epoch 11, Batch   402] loss: 0.276
[Epoch 11, Batch   502] loss: 0.301
Epoch 11/20:
Train Loss: 0.0259, Train Accuracy: 90.53%
Validation Loss: 1.1547, Validation Accuracy: 68.69%
[Epoch 12, Batch     2] loss: 0.005
[Epoch 12, Batch   102] loss: 0.180
[Epoch 12, Batch   202] loss: 0.222
[Epoch 12, Batch   302] loss: 0.231
[Epoch 12, Batch   402] loss: 0.256
[Epoch 12, Batch   502] loss: 0.266
Epoch 12/20:
Train Loss: 0.0230, Train Accuracy: 91.79%
Validation Loss: 1.0389, Validation Accuracy: 71.25%
[Epoch 13, Batch     2] loss: 0.002
[Epoch 13, Batch   102] loss: 0.152
[Epoch 13, Batch   202] loss: 0.187
[Epoch 13, Batch   302] loss: 0.194
[Epoch 13, Batch   402] loss: 0.233
[Epoch 13, Batch   502] loss: 0.225
Epoch 13/20:
Train Loss: 0.0202, Train Accuracy: 92.94%
Validation Loss: 1.0914, Validation Accuracy: 71.25%
[Epoch 14, Batch     2] loss: 0.004
[Epoch 14, Batch   102] loss: 0.133
[Epoch 14, Batch   202] loss: 0.168
[Epoch 14, Batch   302] loss: 0.193
[Epoch 14, Batch   402] loss: 0.197
[Epoch 14, Batch   502] loss: 0.200
Epoch 14/20:
Train Loss: 0.0171, Train Accuracy: 93.67%
Validation Loss: 1.0916, Validation Accuracy: 71.85%
[Epoch 15, Batch     2] loss: 0.003
[Epoch 15, Batch   102] loss: 0.121
[Epoch 15, Batch   202] loss: 0.140
[Epoch 15, Batch   302] loss: 0.177
[Epoch 15, Batch   402] loss: 0.179
[Epoch 15, Batch   502] loss: 0.187
Epoch 15/20:
Train Loss: 0.0156, Train Accuracy: 94.37%
Validation Loss: 1.1957, Validation Accuracy: 70.28%
[Epoch 16, Batch     2] loss: 0.001
[Epoch 16, Batch   102] loss: 0.087
[Epoch 16, Batch   202] loss: 0.143
[Epoch 16, Batch   302] loss: 0.159
[Epoch 16, Batch   402] loss: 0.147
[Epoch 16, Batch   502] loss: 0.189
Epoch 16/20:
Train Loss: 0.0133, Train Accuracy: 94.96%
Validation Loss: 1.1255, Validation Accuracy: 71.49%
[Epoch 17, Batch     2] loss: 0.002
[Epoch 17, Batch   102] loss: 0.104
[Epoch 17, Batch   202] loss: 0.134
[Epoch 17, Batch   302] loss: 0.131
[Epoch 17, Batch   402] loss: 0.155
[Epoch 17, Batch   502] loss: 0.162
Epoch 17/20:
Train Loss: 0.0136, Train Accuracy: 95.25%
Validation Loss: 1.2046, Validation Accuracy: 70.57%
[Epoch 18, Batch     2] loss: 0.002
[Epoch 18, Batch   102] loss: 0.097
[Epoch 18, Batch   202] loss: 0.115
[Epoch 18, Batch   302] loss: 0.137
[Epoch 18, Batch   402] loss: 0.136
[Epoch 18, Batch   502] loss: 0.153
Epoch 18/20:
Train Loss: 0.0140, Train Accuracy: 95.48%
Validation Loss: 1.1375, Validation Accuracy: 71.76%
[Epoch 19, Batch     2] loss: 0.002
[Epoch 19, Batch   102] loss: 0.097
[Epoch 19, Batch   202] loss: 0.110
[Epoch 19, Batch   302] loss: 0.135
[Epoch 19, Batch   402] loss: 0.132
[Epoch 19, Batch   502] loss: 0.139
Epoch 19/20:
Train Loss: 0.0131, Train Accuracy: 95.52%
Validation Loss: 1.3757, Validation Accuracy: 69.41%
[Epoch 20, Batch     2] loss: 0.001
[Epoch 20, Batch   102] loss: 0.093
[Epoch 20, Batch   202] loss: 0.100
[Epoch 20, Batch   302] loss: 0.114
[Epoch 20, Batch   402] loss: 0.131
[Epoch 20, Batch   502] loss: 0.158
Epoch 20/20:
Train Loss: 0.0121, Train Accuracy: 95.91%
Validation Loss: 1.1801, Validation Accuracy: 71.06%
Model saved to models/resnet18-CIFAR10-BELIEF-median-0.3-3
Modified fc layer: updated out_features to 10.
Initialized untrained model.
resnet18-CIFAR10-BELIEF-median-0.5-3
[Epoch 1, Batch     2] loss: 0.051
[Epoch 1, Batch   102] loss: 1.749
[Epoch 1, Batch   202] loss: 1.481
[Epoch 1, Batch   302] loss: 1.413
Epoch 1/20:
Train Loss: 0.2975, Train Accuracy: 46.06%
Validation Loss: 1.5194, Validation Accuracy: 45.06%
[Epoch 2, Batch     2] loss: 0.026
[Epoch 2, Batch   102] loss: 1.247
[Epoch 2, Batch   202] loss: 1.188
[Epoch 2, Batch   302] loss: 1.128
Epoch 2/20:
Train Loss: 0.2443, Train Accuracy: 57.86%
Validation Loss: 1.6199, Validation Accuracy: 45.58%
[Epoch 3, Batch     2] loss: 0.017
[Epoch 3, Batch   102] loss: 0.978
[Epoch 3, Batch   202] loss: 0.988
[Epoch 3, Batch   302] loss: 0.977
Epoch 3/20:
Train Loss: 0.2066, Train Accuracy: 65.86%
Validation Loss: 1.1856, Validation Accuracy: 60.02%
[Epoch 4, Batch     2] loss: 0.017
[Epoch 4, Batch   102] loss: 0.824
[Epoch 4, Batch   202] loss: 0.857
[Epoch 4, Batch   302] loss: 0.836
Epoch 4/20:
Train Loss: 0.1893, Train Accuracy: 70.48%
Validation Loss: 1.2599, Validation Accuracy: 57.66%
[Epoch 5, Batch     2] loss: 0.013
[Epoch 5, Batch   102] loss: 0.708
[Epoch 5, Batch   202] loss: 0.721
[Epoch 5, Batch   302] loss: 0.737
Epoch 5/20:
Train Loss: 0.1666, Train Accuracy: 74.44%
Validation Loss: 1.0520, Validation Accuracy: 64.78%
[Epoch 6, Batch     2] loss: 0.012
[Epoch 6, Batch   102] loss: 0.629
[Epoch 6, Batch   202] loss: 0.645
[Epoch 6, Batch   302] loss: 0.627
Epoch 6/20:
Train Loss: 0.1509, Train Accuracy: 77.22%
Validation Loss: 1.0329, Validation Accuracy: 66.16%
[Epoch 7, Batch     2] loss: 0.009
[Epoch 7, Batch   102] loss: 0.492
[Epoch 7, Batch   202] loss: 0.552
[Epoch 7, Batch   302] loss: 0.558
Epoch 7/20:
Train Loss: 0.1329, Train Accuracy: 81.10%
Validation Loss: 1.1720, Validation Accuracy: 62.78%
[Epoch 8, Batch     2] loss: 0.010
[Epoch 8, Batch   102] loss: 0.417
[Epoch 8, Batch   202] loss: 0.481
[Epoch 8, Batch   302] loss: 0.478
Epoch 8/20:
Train Loss: 0.1178, Train Accuracy: 83.23%
Validation Loss: 1.2617, Validation Accuracy: 62.78%
[Epoch 9, Batch     2] loss: 0.005
[Epoch 9, Batch   102] loss: 0.355
[Epoch 9, Batch   202] loss: 0.429
[Epoch 9, Batch   302] loss: 0.393
Epoch 9/20:
Train Loss: 0.0955, Train Accuracy: 86.06%
Validation Loss: 1.0806, Validation Accuracy: 68.80%
[Epoch 10, Batch     2] loss: 0.005
[Epoch 10, Batch   102] loss: 0.282
[Epoch 10, Batch   202] loss: 0.346
[Epoch 10, Batch   302] loss: 0.360
Epoch 10/20:
Train Loss: 0.0846, Train Accuracy: 88.28%
Validation Loss: 1.1690, Validation Accuracy: 66.06%
[Epoch 11, Batch     2] loss: 0.006
[Epoch 11, Batch   102] loss: 0.240
[Epoch 11, Batch   202] loss: 0.280
[Epoch 11, Batch   302] loss: 0.305
Epoch 11/20:
Train Loss: 0.0735, Train Accuracy: 90.01%
Validation Loss: 1.2919, Validation Accuracy: 65.70%
[Epoch 12, Batch     2] loss: 0.003
[Epoch 12, Batch   102] loss: 0.201
[Epoch 12, Batch   202] loss: 0.261
[Epoch 12, Batch   302] loss: 0.280
Epoch 12/20:
Train Loss: 0.0633, Train Accuracy: 91.03%
Validation Loss: 1.1438, Validation Accuracy: 69.10%
[Epoch 13, Batch     2] loss: 0.003
[Epoch 13, Batch   102] loss: 0.155
[Epoch 13, Batch   202] loss: 0.206
[Epoch 13, Batch   302] loss: 0.239
Epoch 13/20:
Train Loss: 0.0576, Train Accuracy: 92.51%
Validation Loss: 1.3227, Validation Accuracy: 66.92%
[Epoch 14, Batch     2] loss: 0.002
[Epoch 14, Batch   102] loss: 0.158
[Epoch 14, Batch   202] loss: 0.203
[Epoch 14, Batch   302] loss: 0.197
Epoch 14/20:
Train Loss: 0.0500, Train Accuracy: 93.21%
Validation Loss: 1.3260, Validation Accuracy: 67.25%
[Epoch 15, Batch     2] loss: 0.002
[Epoch 15, Batch   102] loss: 0.135
[Epoch 15, Batch   202] loss: 0.155
[Epoch 15, Batch   302] loss: 0.202
Epoch 15/20:
Train Loss: 0.0466, Train Accuracy: 94.03%
Validation Loss: 1.2398, Validation Accuracy: 69.04%
[Epoch 16, Batch     2] loss: 0.003
[Epoch 16, Batch   102] loss: 0.121
[Epoch 16, Batch   202] loss: 0.141
[Epoch 16, Batch   302] loss: 0.189
Epoch 16/20:
Train Loss: 0.0407, Train Accuracy: 94.76%
Validation Loss: 1.4814, Validation Accuracy: 65.43%
[Epoch 17, Batch     2] loss: 0.004
[Epoch 17, Batch   102] loss: 0.121
[Epoch 17, Batch   202] loss: 0.127
[Epoch 17, Batch   302] loss: 0.154
Epoch 17/20:
Train Loss: 0.0360, Train Accuracy: 95.17%
Validation Loss: 1.3480, Validation Accuracy: 69.40%
[Epoch 18, Batch     2] loss: 0.003
[Epoch 18, Batch   102] loss: 0.098
[Epoch 18, Batch   202] loss: 0.138
[Epoch 18, Batch   302] loss: 0.140
Epoch 18/20:
Train Loss: 0.0352, Train Accuracy: 95.55%
Validation Loss: 1.3286, Validation Accuracy: 68.78%
[Epoch 19, Batch     2] loss: 0.002
[Epoch 19, Batch   102] loss: 0.098
[Epoch 19, Batch   202] loss: 0.118
[Epoch 19, Batch   302] loss: 0.146
Epoch 19/20:
Train Loss: 0.0315, Train Accuracy: 95.65%
Validation Loss: 1.5527, Validation Accuracy: 66.06%
[Epoch 20, Batch     2] loss: 0.003
[Epoch 20, Batch   102] loss: 0.102
[Epoch 20, Batch   202] loss: 0.123
[Epoch 20, Batch   302] loss: 0.130
Epoch 20/20:
Train Loss: 0.0290, Train Accuracy: 95.82%
Validation Loss: 1.4093, Validation Accuracy: 68.15%
Model saved to models/resnet18-CIFAR10-BELIEF-median-0.5-3
Modified fc layer: updated out_features to 10.
Initialized untrained model.
resnet18-CIFAR10-BELIEF-median-0.7-3
[Epoch 1, Batch     2] loss: 0.044
[Epoch 1, Batch   102] loss: 1.767
[Epoch 1, Batch   202] loss: 1.518
Epoch 1/20:
Train Loss: 0.2019, Train Accuracy: 41.43%
Validation Loss: 1.6401, Validation Accuracy: 38.91%
[Epoch 2, Batch     2] loss: 0.031
[Epoch 2, Batch   102] loss: 1.353
[Epoch 2, Batch   202] loss: 1.292
Epoch 2/20:
Train Loss: 0.1710, Train Accuracy: 52.16%
Validation Loss: 1.3930, Validation Accuracy: 49.65%
[Epoch 3, Batch     2] loss: 0.024
[Epoch 3, Batch   102] loss: 1.128
[Epoch 3, Batch   202] loss: 1.110
Epoch 3/20:
Train Loss: 0.1509, Train Accuracy: 59.51%
Validation Loss: 1.2332, Validation Accuracy: 56.41%
[Epoch 4, Batch     2] loss: 0.017
[Epoch 4, Batch   102] loss: 0.972
[Epoch 4, Batch   202] loss: 0.973
Epoch 4/20:
Train Loss: 0.1299, Train Accuracy: 65.41%
Validation Loss: 1.8486, Validation Accuracy: 44.64%
[Epoch 5, Batch     2] loss: 0.016
[Epoch 5, Batch   102] loss: 0.825
[Epoch 5, Batch   202] loss: 0.853
Epoch 5/20:
Train Loss: 0.1209, Train Accuracy: 69.97%
Validation Loss: 1.2537, Validation Accuracy: 57.17%
[Epoch 6, Batch     2] loss: 0.012
[Epoch 6, Batch   102] loss: 0.697
[Epoch 6, Batch   202] loss: 0.717
Epoch 6/20:
Train Loss: 0.1035, Train Accuracy: 75.11%
Validation Loss: 1.5893, Validation Accuracy: 52.73%
[Epoch 7, Batch     2] loss: 0.017
[Epoch 7, Batch   102] loss: 0.595
[Epoch 7, Batch   202] loss: 0.624
Epoch 7/20:
Train Loss: 0.0931, Train Accuracy: 78.05%
Validation Loss: 1.4216, Validation Accuracy: 56.28%
[Epoch 8, Batch     2] loss: 0.009
[Epoch 8, Batch   102] loss: 0.488
[Epoch 8, Batch   202] loss: 0.553
Epoch 8/20:
Train Loss: 0.0796, Train Accuracy: 80.76%
Validation Loss: 1.4364, Validation Accuracy: 57.69%
[Epoch 9, Batch     2] loss: 0.007
[Epoch 9, Batch   102] loss: 0.389
[Epoch 9, Batch   202] loss: 0.476
Epoch 9/20:
Train Loss: 0.0688, Train Accuracy: 84.17%
Validation Loss: 1.3830, Validation Accuracy: 59.10%
[Epoch 10, Batch     2] loss: 0.005
[Epoch 10, Batch   102] loss: 0.304
[Epoch 10, Batch   202] loss: 0.397
Epoch 10/20:
Train Loss: 0.0571, Train Accuracy: 87.37%
Validation Loss: 1.6142, Validation Accuracy: 53.08%
[Epoch 11, Batch     2] loss: 0.008
[Epoch 11, Batch   102] loss: 0.276
[Epoch 11, Batch   202] loss: 0.330
Epoch 11/20:
Train Loss: 0.0473, Train Accuracy: 89.06%
Validation Loss: 1.4167, Validation Accuracy: 62.31%
[Epoch 12, Batch     2] loss: 0.004
[Epoch 12, Batch   102] loss: 0.224
[Epoch 12, Batch   202] loss: 0.287
Epoch 12/20:
Train Loss: 0.0377, Train Accuracy: 91.09%
Validation Loss: 1.5455, Validation Accuracy: 60.49%
[Epoch 13, Batch     2] loss: 0.004
[Epoch 13, Batch   102] loss: 0.178
[Epoch 13, Batch   202] loss: 0.254
Epoch 13/20:
Train Loss: 0.0337, Train Accuracy: 92.30%
Validation Loss: 1.6367, Validation Accuracy: 59.59%
[Epoch 14, Batch     2] loss: 0.005
[Epoch 14, Batch   102] loss: 0.156
[Epoch 14, Batch   202] loss: 0.184
Epoch 14/20:
Train Loss: 0.0338, Train Accuracy: 93.75%
Validation Loss: 1.5421, Validation Accuracy: 62.47%
[Epoch 15, Batch     2] loss: 0.002
[Epoch 15, Batch   102] loss: 0.140
[Epoch 15, Batch   202] loss: 0.182
Epoch 15/20:
Train Loss: 0.0285, Train Accuracy: 94.24%
Validation Loss: 1.6539, Validation Accuracy: 61.98%
[Epoch 16, Batch     2] loss: 0.003
[Epoch 16, Batch   102] loss: 0.116
[Epoch 16, Batch   202] loss: 0.177
Epoch 16/20:
Train Loss: 0.0290, Train Accuracy: 94.66%
Validation Loss: 1.6691, Validation Accuracy: 63.35%
[Epoch 17, Batch     2] loss: 0.002
[Epoch 17, Batch   102] loss: 0.119
[Epoch 17, Batch   202] loss: 0.154
Epoch 17/20:
Train Loss: 0.0274, Train Accuracy: 94.85%
Validation Loss: 1.5615, Validation Accuracy: 63.56%
[Epoch 18, Batch     2] loss: 0.003
[Epoch 18, Batch   102] loss: 0.132
[Epoch 18, Batch   202] loss: 0.140
Epoch 18/20:
Train Loss: 0.0186, Train Accuracy: 95.23%
Validation Loss: 1.6471, Validation Accuracy: 63.41%
[Epoch 19, Batch     2] loss: 0.002
[Epoch 19, Batch   102] loss: 0.110
[Epoch 19, Batch   202] loss: 0.150
Epoch 19/20:
Train Loss: 0.0222, Train Accuracy: 95.33%
Validation Loss: 1.7864, Validation Accuracy: 60.19%
[Epoch 20, Batch     2] loss: 0.004
[Epoch 20, Batch   102] loss: 0.098
[Epoch 20, Batch   202] loss: 0.110
Epoch 20/20:
Train Loss: 0.0194, Train Accuracy: 96.21%
Validation Loss: 1.7317, Validation Accuracy: 63.11%
Model saved to models/resnet18-CIFAR10-BELIEF-median-0.7-3
Modified fc layer: updated out_features to 10.
Initialized untrained model.
resnet18-CIFAR10-BELIEF-median-0.8-3
[Epoch 1, Batch     2] loss: 0.049
[Epoch 1, Batch   102] loss: 1.781
Epoch 1/20:
Train Loss: 0.5379, Train Accuracy: 38.21%
Validation Loss: 2.1668, Validation Accuracy: 26.19%
[Epoch 2, Batch     2] loss: 0.028
[Epoch 2, Batch   102] loss: 1.429
Epoch 2/20:
Train Loss: 0.4764, Train Accuracy: 48.52%
Validation Loss: 1.5153, Validation Accuracy: 44.44%
[Epoch 3, Batch     2] loss: 0.026
[Epoch 3, Batch   102] loss: 1.257
Epoch 3/20:
Train Loss: 0.4362, Train Accuracy: 53.89%
Validation Loss: 1.3818, Validation Accuracy: 50.25%
[Epoch 4, Batch     2] loss: 0.022
[Epoch 4, Batch   102] loss: 1.115
Epoch 4/20:
Train Loss: 0.3774, Train Accuracy: 60.04%
Validation Loss: 1.5039, Validation Accuracy: 48.10%
[Epoch 5, Batch     2] loss: 0.017
[Epoch 5, Batch   102] loss: 0.920
Epoch 5/20:
Train Loss: 0.3337, Train Accuracy: 66.98%
Validation Loss: 1.9468, Validation Accuracy: 42.04%
[Epoch 6, Batch     2] loss: 0.017
[Epoch 6, Batch   102] loss: 0.800
Epoch 6/20:
Train Loss: 0.3069, Train Accuracy: 70.14%
Validation Loss: 1.3781, Validation Accuracy: 52.99%
[Epoch 7, Batch     2] loss: 0.015
[Epoch 7, Batch   102] loss: 0.655
Epoch 7/20:
Train Loss: 0.2634, Train Accuracy: 75.54%
Validation Loss: 1.3528, Validation Accuracy: 56.64%
[Epoch 8, Batch     2] loss: 0.010
[Epoch 8, Batch   102] loss: 0.562
Epoch 8/20:
Train Loss: 0.2197, Train Accuracy: 79.08%
Validation Loss: 2.2399, Validation Accuracy: 44.02%
[Epoch 9, Batch     2] loss: 0.010
[Epoch 9, Batch   102] loss: 0.443
Epoch 9/20:
Train Loss: 0.1892, Train Accuracy: 83.60%
Validation Loss: 1.5932, Validation Accuracy: 54.56%
[Epoch 10, Batch     2] loss: 0.009
[Epoch 10, Batch   102] loss: 0.371
Epoch 10/20:
Train Loss: 0.1393, Train Accuracy: 86.45%
Validation Loss: 1.7329, Validation Accuracy: 54.85%
[Epoch 11, Batch     2] loss: 0.005
[Epoch 11, Batch   102] loss: 0.304
Epoch 11/20:
Train Loss: 0.1536, Train Accuracy: 87.60%
Validation Loss: 1.7071, Validation Accuracy: 54.75%
[Epoch 12, Batch     2] loss: 0.006
[Epoch 12, Batch   102] loss: 0.264
Epoch 12/20:
Train Loss: 0.1033, Train Accuracy: 90.08%
Validation Loss: 1.5716, Validation Accuracy: 58.77%
[Epoch 13, Batch     2] loss: 0.004
[Epoch 13, Batch   102] loss: 0.197
Epoch 13/20:
Train Loss: 0.0965, Train Accuracy: 92.18%
Validation Loss: 1.7321, Validation Accuracy: 58.46%
[Epoch 14, Batch     2] loss: 0.004
[Epoch 14, Batch   102] loss: 0.174
Epoch 14/20:
Train Loss: 0.0812, Train Accuracy: 93.39%
Validation Loss: 1.8804, Validation Accuracy: 57.03%
[Epoch 15, Batch     2] loss: 0.003
[Epoch 15, Batch   102] loss: 0.146
Epoch 15/20:
Train Loss: 0.0714, Train Accuracy: 94.27%
Validation Loss: 2.1028, Validation Accuracy: 55.34%
[Epoch 16, Batch     2] loss: 0.004
[Epoch 16, Batch   102] loss: 0.156
Epoch 16/20:
Train Loss: 0.0631, Train Accuracy: 94.17%
Validation Loss: 1.8575, Validation Accuracy: 59.39%
[Epoch 17, Batch     2] loss: 0.002
[Epoch 17, Batch   102] loss: 0.145
Epoch 17/20:
Train Loss: 0.0483, Train Accuracy: 94.92%
Validation Loss: 1.8240, Validation Accuracy: 59.76%
[Epoch 18, Batch     2] loss: 0.002
[Epoch 18, Batch   102] loss: 0.112
Epoch 18/20:
Train Loss: 0.0470, Train Accuracy: 96.09%
Validation Loss: 1.9764, Validation Accuracy: 59.22%
[Epoch 19, Batch     2] loss: 0.001
[Epoch 19, Batch   102] loss: 0.117
Epoch 19/20:
Train Loss: 0.0410, Train Accuracy: 95.99%
Validation Loss: 1.9767, Validation Accuracy: 60.10%
[Epoch 20, Batch     2] loss: 0.002
[Epoch 20, Batch   102] loss: 0.118
Epoch 20/20:
Train Loss: 0.0344, Train Accuracy: 96.39%
Validation Loss: 1.8798, Validation Accuracy: 60.27%
Model saved to models/resnet18-CIFAR10-BELIEF-median-0.8-3
Modified fc layer: updated out_features to 10.
Initialized untrained model.
resnet18-CIFAR10-BELIEF-median-0.9-3
[Epoch 1, Batch     2] loss: 0.048
Epoch 1/20:
Train Loss: 1.7724, Train Accuracy: 33.83%
Validation Loss: 1.8295, Validation Accuracy: 34.78%
[Epoch 2, Batch     2] loss: 0.032
Epoch 2/20:
Train Loss: 1.4583, Train Accuracy: 45.21%
Validation Loss: 1.8010, Validation Accuracy: 38.33%
[Epoch 3, Batch     2] loss: 0.027
Epoch 3/20:
Train Loss: 1.2958, Train Accuracy: 50.82%
Validation Loss: 1.7661, Validation Accuracy: 40.14%
[Epoch 4, Batch     2] loss: 0.023
Epoch 4/20:
Train Loss: 1.1689, Train Accuracy: 55.91%
Validation Loss: 1.6839, Validation Accuracy: 41.09%
[Epoch 5, Batch     2] loss: 0.018
Epoch 5/20:
Train Loss: 1.0151, Train Accuracy: 62.62%
Validation Loss: 1.5536, Validation Accuracy: 45.73%
[Epoch 6, Batch     2] loss: 0.016
Epoch 6/20:
Train Loss: 0.8846, Train Accuracy: 67.39%
Validation Loss: 1.7359, Validation Accuracy: 44.18%
[Epoch 7, Batch     2] loss: 0.013
Epoch 7/20:
Train Loss: 0.7278, Train Accuracy: 72.50%
Validation Loss: 1.6927, Validation Accuracy: 46.79%
[Epoch 8, Batch     2] loss: 0.012
Epoch 8/20:
Train Loss: 0.6142, Train Accuracy: 77.94%
Validation Loss: 1.6994, Validation Accuracy: 46.95%
[Epoch 9, Batch     2] loss: 0.008
Epoch 9/20:
Train Loss: 0.5039, Train Accuracy: 81.81%
Validation Loss: 2.0180, Validation Accuracy: 46.56%
[Epoch 10, Batch     2] loss: 0.008
Epoch 10/20:
Train Loss: 0.4201, Train Accuracy: 85.06%
Validation Loss: 2.1026, Validation Accuracy: 46.17%
[Epoch 11, Batch     2] loss: 0.008
Epoch 11/20:
Train Loss: 0.2998, Train Accuracy: 89.02%
Validation Loss: 2.1839, Validation Accuracy: 47.34%
[Epoch 12, Batch     2] loss: 0.004
Epoch 12/20:
Train Loss: 0.3019, Train Accuracy: 89.54%
Validation Loss: 2.0804, Validation Accuracy: 49.15%
[Epoch 13, Batch     2] loss: 0.005
Epoch 13/20:
Train Loss: 0.2530, Train Accuracy: 90.95%
Validation Loss: 2.1682, Validation Accuracy: 47.89%
[Epoch 14, Batch     2] loss: 0.002
Epoch 14/20:
Train Loss: 0.2420, Train Accuracy: 91.73%
Validation Loss: 2.2169, Validation Accuracy: 47.99%
[Epoch 15, Batch     2] loss: 0.004
Epoch 15/20:
Train Loss: 0.1668, Train Accuracy: 94.13%
Validation Loss: 2.1290, Validation Accuracy: 52.19%
[Epoch 16, Batch     2] loss: 0.002
Epoch 16/20:
Train Loss: 0.1203, Train Accuracy: 95.85%
Validation Loss: 2.7792, Validation Accuracy: 45.36%
[Epoch 17, Batch     2] loss: 0.002
Epoch 17/20:
Train Loss: 0.1478, Train Accuracy: 94.47%
Validation Loss: 2.7100, Validation Accuracy: 48.19%
[Epoch 18, Batch     2] loss: 0.002
Epoch 18/20:
Train Loss: 0.1321, Train Accuracy: 95.55%
Validation Loss: 2.3295, Validation Accuracy: 50.32%
[Epoch 19, Batch     2] loss: 0.002
Epoch 19/20:
Train Loss: 0.1326, Train Accuracy: 95.43%
Validation Loss: 2.5265, Validation Accuracy: 48.58%
[Epoch 20, Batch     2] loss: 0.003
Epoch 20/20:
Train Loss: 0.1295, Train Accuracy: 95.27%
Validation Loss: 2.3666, Validation Accuracy: 51.22%
Model saved to models/resnet18-CIFAR10-BELIEF-median-0.9-3
Modified fc layer: updated out_features to 10.
Initialized untrained model.
resnet18-CIFAR10-BELIEF-median-0.95-3
[Epoch 1, Batch     2] loss: 0.049
Epoch 1/20:
Train Loss: 1.9016, Train Accuracy: 29.37%
Validation Loss: 2.7497, Validation Accuracy: 18.13%
[Epoch 2, Batch     2] loss: 0.037
Epoch 2/20:
Train Loss: 1.4915, Train Accuracy: 40.30%
Validation Loss: 1.9668, Validation Accuracy: 29.73%
[Epoch 3, Batch     2] loss: 0.024
Epoch 3/20:
Train Loss: 1.2819, Train Accuracy: 50.72%
Validation Loss: 1.8663, Validation Accuracy: 36.95%
[Epoch 4, Batch     2] loss: 0.024
Epoch 4/20:
Train Loss: 1.0719, Train Accuracy: 58.21%
Validation Loss: 3.0811, Validation Accuracy: 27.20%
[Epoch 5, Batch     2] loss: 0.016
Epoch 5/20:
Train Loss: 1.0235, Train Accuracy: 60.06%
Validation Loss: 2.5497, Validation Accuracy: 29.96%
[Epoch 6, Batch     2] loss: 0.019
Epoch 6/20:
Train Loss: 0.8073, Train Accuracy: 69.07%
Validation Loss: 1.9348, Validation Accuracy: 39.07%
[Epoch 7, Batch     2] loss: 0.011
Epoch 7/20:
Train Loss: 0.6459, Train Accuracy: 75.36%
Validation Loss: 2.2019, Validation Accuracy: 39.72%
[Epoch 8, Batch     2] loss: 0.013
Epoch 8/20:
Train Loss: 0.5425, Train Accuracy: 79.93%
Validation Loss: 2.2845, Validation Accuracy: 38.72%
[Epoch 9, Batch     2] loss: 0.007
Epoch 9/20:
Train Loss: 0.4628, Train Accuracy: 83.25%
Validation Loss: 2.5585, Validation Accuracy: 38.41%
[Epoch 10, Batch     2] loss: 0.007
Epoch 10/20:
Train Loss: 0.3594, Train Accuracy: 87.10%
Validation Loss: 2.4297, Validation Accuracy: 38.76%
[Epoch 11, Batch     2] loss: 0.005
Epoch 11/20:
Train Loss: 0.2756, Train Accuracy: 90.62%
Validation Loss: 2.4755, Validation Accuracy: 40.06%
[Epoch 12, Batch     2] loss: 0.004
Epoch 12/20:
Train Loss: 0.2721, Train Accuracy: 89.90%
Validation Loss: 2.4416, Validation Accuracy: 41.59%
[Epoch 13, Batch     2] loss: 0.003
Epoch 13/20:
Train Loss: 0.2131, Train Accuracy: 92.03%
Validation Loss: 3.2050, Validation Accuracy: 36.71%
[Epoch 14, Batch     2] loss: 0.004
Epoch 14/20:
Train Loss: 0.2407, Train Accuracy: 91.87%
Validation Loss: 2.8249, Validation Accuracy: 41.29%
[Epoch 15, Batch     2] loss: 0.002
Epoch 15/20:
Train Loss: 0.2201, Train Accuracy: 92.47%
Validation Loss: 2.6935, Validation Accuracy: 41.35%
[Epoch 16, Batch     2] loss: 0.003
Epoch 16/20:
Train Loss: 0.1788, Train Accuracy: 93.67%
Validation Loss: 2.7226, Validation Accuracy: 42.84%
[Epoch 17, Batch     2] loss: 0.003
Epoch 17/20:
Train Loss: 0.1449, Train Accuracy: 94.99%
Validation Loss: 2.8333, Validation Accuracy: 41.09%
[Epoch 18, Batch     2] loss: 0.002
Epoch 18/20:
Train Loss: 0.1132, Train Accuracy: 95.95%
Validation Loss: 3.1108, Validation Accuracy: 41.09%
[Epoch 19, Batch     2] loss: 0.002
Epoch 19/20:
Train Loss: 0.0983, Train Accuracy: 96.55%
Validation Loss: 2.9889, Validation Accuracy: 40.43%
[Epoch 20, Batch     2] loss: 0.003
Epoch 20/20:
Train Loss: 0.1020, Train Accuracy: 96.15%
Validation Loss: 3.1225, Validation Accuracy: 40.62%
Model saved to models/resnet18-CIFAR10-BELIEF-median-0.95-3
Modified fc layer: updated out_features to 10.
Loaded weights from file: models/resnet18_CIFAR10_E1_3
Files already downloaded and verified
Files already downloaded and verified
Modified fc layer: updated out_features to 10.
Initialized untrained model.
resnet18-CIFAR10-BELIEF-balanced_by_score1-0.3-3
[Epoch 1, Batch     2] loss: 0.050
[Epoch 1, Batch   102] loss: 1.813
[Epoch 1, Batch   202] loss: 1.552
[Epoch 1, Batch   302] loss: 1.444
[Epoch 1, Batch   402] loss: 1.371
[Epoch 1, Batch   502] loss: 1.247
Epoch 1/20:
Train Loss: 0.1009, Train Accuracy: 46.78%
Validation Loss: 1.6029, Validation Accuracy: 45.96%
[Epoch 2, Batch     2] loss: 0.024
[Epoch 2, Batch   102] loss: 1.144
[Epoch 2, Batch   202] loss: 1.115
[Epoch 2, Batch   302] loss: 1.100
[Epoch 2, Batch   402] loss: 1.068
[Epoch 2, Batch   502] loss: 1.036
Epoch 2/20:
Train Loss: 0.0825, Train Accuracy: 61.38%
Validation Loss: 1.0862, Validation Accuracy: 61.96%
[Epoch 3, Batch     2] loss: 0.021
[Epoch 3, Batch   102] loss: 0.902
[Epoch 3, Batch   202] loss: 0.913
[Epoch 3, Batch   302] loss: 0.894
[Epoch 3, Batch   402] loss: 0.917
[Epoch 3, Batch   502] loss: 0.908
Epoch 3/20:
Train Loss: 0.0673, Train Accuracy: 68.36%
Validation Loss: 1.0463, Validation Accuracy: 63.87%
[Epoch 4, Batch     2] loss: 0.015
[Epoch 4, Batch   102] loss: 0.741
[Epoch 4, Batch   202] loss: 0.811
[Epoch 4, Batch   302] loss: 0.802
[Epoch 4, Batch   402] loss: 0.778
[Epoch 4, Batch   502] loss: 0.790
Epoch 4/20:
Train Loss: 0.0586, Train Accuracy: 72.83%
Validation Loss: 1.0758, Validation Accuracy: 64.16%
[Epoch 5, Batch     2] loss: 0.012
[Epoch 5, Batch   102] loss: 0.638
[Epoch 5, Batch   202] loss: 0.691
[Epoch 5, Batch   302] loss: 0.709
[Epoch 5, Batch   402] loss: 0.683
[Epoch 5, Batch   502] loss: 0.677
Epoch 5/20:
Train Loss: 0.0554, Train Accuracy: 76.22%
Validation Loss: 0.8594, Validation Accuracy: 71.36%
[Epoch 6, Batch     2] loss: 0.012
[Epoch 6, Batch   102] loss: 0.546
[Epoch 6, Batch   202] loss: 0.603
[Epoch 6, Batch   302] loss: 0.598
[Epoch 6, Batch   402] loss: 0.602
[Epoch 6, Batch   502] loss: 0.618
Epoch 6/20:
Train Loss: 0.0483, Train Accuracy: 79.30%
Validation Loss: 0.8484, Validation Accuracy: 71.06%
[Epoch 7, Batch     2] loss: 0.010
[Epoch 7, Batch   102] loss: 0.440
[Epoch 7, Batch   202] loss: 0.510
[Epoch 7, Batch   302] loss: 0.508
[Epoch 7, Batch   402] loss: 0.518
[Epoch 7, Batch   502] loss: 0.544
Epoch 7/20:
Train Loss: 0.0437, Train Accuracy: 82.42%
Validation Loss: 0.9796, Validation Accuracy: 68.52%
[Epoch 8, Batch     2] loss: 0.009
[Epoch 8, Batch   102] loss: 0.371
[Epoch 8, Batch   202] loss: 0.415
[Epoch 8, Batch   302] loss: 0.469
[Epoch 8, Batch   402] loss: 0.460
[Epoch 8, Batch   502] loss: 0.463
Epoch 8/20:
Train Loss: 0.0404, Train Accuracy: 84.75%
Validation Loss: 0.9907, Validation Accuracy: 69.05%
[Epoch 9, Batch     2] loss: 0.006
[Epoch 9, Batch   102] loss: 0.323
[Epoch 9, Batch   202] loss: 0.358
[Epoch 9, Batch   302] loss: 0.388
[Epoch 9, Batch   402] loss: 0.403
[Epoch 9, Batch   502] loss: 0.395
Epoch 9/20:
Train Loss: 0.0342, Train Accuracy: 86.94%
Validation Loss: 1.0640, Validation Accuracy: 68.94%
[Epoch 10, Batch     2] loss: 0.006
[Epoch 10, Batch   102] loss: 0.240
[Epoch 10, Batch   202] loss: 0.301
[Epoch 10, Batch   302] loss: 0.317
[Epoch 10, Batch   402] loss: 0.336
[Epoch 10, Batch   502] loss: 0.330
Epoch 10/20:
Train Loss: 0.0268, Train Accuracy: 89.27%
Validation Loss: 0.9711, Validation Accuracy: 71.56%
[Epoch 11, Batch     2] loss: 0.004
[Epoch 11, Batch   102] loss: 0.195
[Epoch 11, Batch   202] loss: 0.255
[Epoch 11, Batch   302] loss: 0.277
[Epoch 11, Batch   402] loss: 0.293
[Epoch 11, Batch   502] loss: 0.305
Epoch 11/20:
Train Loss: 0.0260, Train Accuracy: 90.61%
Validation Loss: 1.0240, Validation Accuracy: 70.86%
[Epoch 12, Batch     2] loss: 0.004
[Epoch 12, Batch   102] loss: 0.165
[Epoch 12, Batch   202] loss: 0.226
[Epoch 12, Batch   302] loss: 0.257
[Epoch 12, Batch   402] loss: 0.252
[Epoch 12, Batch   502] loss: 0.256
Epoch 12/20:
Train Loss: 0.0205, Train Accuracy: 91.88%
Validation Loss: 1.0407, Validation Accuracy: 71.50%
[Epoch 13, Batch     2] loss: 0.003
[Epoch 13, Batch   102] loss: 0.150
[Epoch 13, Batch   202] loss: 0.179
[Epoch 13, Batch   302] loss: 0.200
[Epoch 13, Batch   402] loss: 0.222
[Epoch 13, Batch   502] loss: 0.222
Epoch 13/20:
Train Loss: 0.0203, Train Accuracy: 93.11%
Validation Loss: 1.1496, Validation Accuracy: 70.28%
[Epoch 14, Batch     2] loss: 0.004
[Epoch 14, Batch   102] loss: 0.137
[Epoch 14, Batch   202] loss: 0.172
[Epoch 14, Batch   302] loss: 0.177
[Epoch 14, Batch   402] loss: 0.172
[Epoch 14, Batch   502] loss: 0.210
Epoch 14/20:
Train Loss: 0.0165, Train Accuracy: 93.82%
Validation Loss: 1.1055, Validation Accuracy: 71.20%
[Epoch 15, Batch     2] loss: 0.002
[Epoch 15, Batch   102] loss: 0.132
[Epoch 15, Batch   202] loss: 0.144
[Epoch 15, Batch   302] loss: 0.165
[Epoch 15, Batch   402] loss: 0.177
[Epoch 15, Batch   502] loss: 0.183
Epoch 15/20:
Train Loss: 0.0157, Train Accuracy: 94.32%
Validation Loss: 1.0587, Validation Accuracy: 73.17%
[Epoch 16, Batch     2] loss: 0.001
[Epoch 16, Batch   102] loss: 0.102
[Epoch 16, Batch   202] loss: 0.116
[Epoch 16, Batch   302] loss: 0.152
[Epoch 16, Batch   402] loss: 0.174
[Epoch 16, Batch   502] loss: 0.157
Epoch 16/20:
Train Loss: 0.0157, Train Accuracy: 94.93%
Validation Loss: 1.1153, Validation Accuracy: 73.19%
[Epoch 17, Batch     2] loss: 0.001
[Epoch 17, Batch   102] loss: 0.105
[Epoch 17, Batch   202] loss: 0.119
[Epoch 17, Batch   302] loss: 0.152
[Epoch 17, Batch   402] loss: 0.147
[Epoch 17, Batch   502] loss: 0.134
Epoch 17/20:
Train Loss: 0.0143, Train Accuracy: 95.44%
Validation Loss: 1.2998, Validation Accuracy: 69.89%
[Epoch 18, Batch     2] loss: 0.003
[Epoch 18, Batch   102] loss: 0.116
[Epoch 18, Batch   202] loss: 0.105
[Epoch 18, Batch   302] loss: 0.126
[Epoch 18, Batch   402] loss: 0.157
[Epoch 18, Batch   502] loss: 0.144
Epoch 18/20:
Train Loss: 0.0117, Train Accuracy: 95.53%
Validation Loss: 1.3075, Validation Accuracy: 71.38%
[Epoch 19, Batch     2] loss: 0.003
[Epoch 19, Batch   102] loss: 0.106
[Epoch 19, Batch   202] loss: 0.103
[Epoch 19, Batch   302] loss: 0.098
[Epoch 19, Batch   402] loss: 0.141
[Epoch 19, Batch   502] loss: 0.158
Epoch 19/20:
Train Loss: 0.0116, Train Accuracy: 95.69%
Validation Loss: 1.1563, Validation Accuracy: 73.28%
[Epoch 20, Batch     2] loss: 0.002
[Epoch 20, Batch   102] loss: 0.090
[Epoch 20, Batch   202] loss: 0.086
[Epoch 20, Batch   302] loss: 0.127
[Epoch 20, Batch   402] loss: 0.126
[Epoch 20, Batch   502] loss: 0.127
Epoch 20/20:
Train Loss: 0.0110, Train Accuracy: 96.12%
Validation Loss: 1.2003, Validation Accuracy: 73.02%
Model saved to models/resnet18-CIFAR10-BELIEF-balanced_by_score1-0.3-3
Modified fc layer: updated out_features to 10.
Initialized untrained model.
resnet18-CIFAR10-BELIEF-balanced_by_score1-0.5-3
[Epoch 1, Batch     2] loss: 0.054
[Epoch 1, Batch   102] loss: 1.813
[Epoch 1, Batch   202] loss: 1.563
[Epoch 1, Batch   302] loss: 1.434
Epoch 1/20:
Train Loss: 0.3073, Train Accuracy: 43.77%
Validation Loss: 1.6991, Validation Accuracy: 40.26%
[Epoch 2, Batch     2] loss: 0.026
[Epoch 2, Batch   102] loss: 1.256
[Epoch 2, Batch   202] loss: 1.212
[Epoch 2, Batch   302] loss: 1.165
Epoch 2/20:
Train Loss: 0.2575, Train Accuracy: 57.65%
Validation Loss: 1.3786, Validation Accuracy: 51.35%
[Epoch 3, Batch     2] loss: 0.019
[Epoch 3, Batch   102] loss: 1.009
[Epoch 3, Batch   202] loss: 1.016
[Epoch 3, Batch   302] loss: 1.027
Epoch 3/20:
Train Loss: 0.2184, Train Accuracy: 64.59%
Validation Loss: 1.3269, Validation Accuracy: 56.19%
[Epoch 4, Batch     2] loss: 0.017
[Epoch 4, Batch   102] loss: 0.838
[Epoch 4, Batch   202] loss: 0.908
[Epoch 4, Batch   302] loss: 0.849
Epoch 4/20:
Train Loss: 0.1994, Train Accuracy: 69.80%
Validation Loss: 1.1112, Validation Accuracy: 61.78%
[Epoch 5, Batch     2] loss: 0.014
[Epoch 5, Batch   102] loss: 0.738
[Epoch 5, Batch   202] loss: 0.778
[Epoch 5, Batch   302] loss: 0.786
Epoch 5/20:
Train Loss: 0.1707, Train Accuracy: 73.12%
Validation Loss: 1.0846, Validation Accuracy: 64.17%
[Epoch 6, Batch     2] loss: 0.011
[Epoch 6, Batch   102] loss: 0.620
[Epoch 6, Batch   202] loss: 0.676
[Epoch 6, Batch   302] loss: 0.666
Epoch 6/20:
Train Loss: 0.1584, Train Accuracy: 76.78%
Validation Loss: 0.9247, Validation Accuracy: 68.45%
[Epoch 7, Batch     2] loss: 0.009
[Epoch 7, Batch   102] loss: 0.522
[Epoch 7, Batch   202] loss: 0.571
[Epoch 7, Batch   302] loss: 0.600
Epoch 7/20:
Train Loss: 0.1355, Train Accuracy: 80.01%
Validation Loss: 0.9072, Validation Accuracy: 70.27%
[Epoch 8, Batch     2] loss: 0.010
[Epoch 8, Batch   102] loss: 0.434
[Epoch 8, Batch   202] loss: 0.518
[Epoch 8, Batch   302] loss: 0.508
Epoch 8/20:
Train Loss: 0.1161, Train Accuracy: 82.84%
Validation Loss: 1.1017, Validation Accuracy: 65.66%
[Epoch 9, Batch     2] loss: 0.008
[Epoch 9, Batch   102] loss: 0.348
[Epoch 9, Batch   202] loss: 0.422
[Epoch 9, Batch   302] loss: 0.438
Epoch 9/20:
Train Loss: 0.1050, Train Accuracy: 85.72%
Validation Loss: 1.1078, Validation Accuracy: 66.75%
[Epoch 10, Batch     2] loss: 0.006
[Epoch 10, Batch   102] loss: 0.316
[Epoch 10, Batch   202] loss: 0.335
[Epoch 10, Batch   302] loss: 0.376
Epoch 10/20:
Train Loss: 0.0829, Train Accuracy: 87.92%
Validation Loss: 1.1000, Validation Accuracy: 67.80%
[Epoch 11, Batch     2] loss: 0.004
[Epoch 11, Batch   102] loss: 0.240
[Epoch 11, Batch   202] loss: 0.310
[Epoch 11, Batch   302] loss: 0.307
Epoch 11/20:
Train Loss: 0.0708, Train Accuracy: 89.95%
Validation Loss: 1.0603, Validation Accuracy: 70.52%
[Epoch 12, Batch     2] loss: 0.004
[Epoch 12, Batch   102] loss: 0.214
[Epoch 12, Batch   202] loss: 0.250
[Epoch 12, Batch   302] loss: 0.272
Epoch 12/20:
Train Loss: 0.0676, Train Accuracy: 90.97%
Validation Loss: 1.0631, Validation Accuracy: 70.65%
[Epoch 13, Batch     2] loss: 0.003
[Epoch 13, Batch   102] loss: 0.154
[Epoch 13, Batch   202] loss: 0.210
[Epoch 13, Batch   302] loss: 0.237
Epoch 13/20:
Train Loss: 0.0609, Train Accuracy: 92.55%
Validation Loss: 1.1768, Validation Accuracy: 69.83%
[Epoch 14, Batch     2] loss: 0.003
[Epoch 14, Batch   102] loss: 0.148
[Epoch 14, Batch   202] loss: 0.184
[Epoch 14, Batch   302] loss: 0.231
Epoch 14/20:
Train Loss: 0.0474, Train Accuracy: 93.27%
Validation Loss: 1.2335, Validation Accuracy: 69.52%
[Epoch 15, Batch     2] loss: 0.003
[Epoch 15, Batch   102] loss: 0.128
[Epoch 15, Batch   202] loss: 0.164
[Epoch 15, Batch   302] loss: 0.185
Epoch 15/20:
Train Loss: 0.0485, Train Accuracy: 94.19%
Validation Loss: 1.3349, Validation Accuracy: 67.22%
[Epoch 16, Batch     2] loss: 0.003
[Epoch 16, Batch   102] loss: 0.119
[Epoch 16, Batch   202] loss: 0.146
[Epoch 16, Batch   302] loss: 0.169
Epoch 16/20:
Train Loss: 0.0390, Train Accuracy: 94.74%
Validation Loss: 1.6419, Validation Accuracy: 65.17%
[Epoch 17, Batch     2] loss: 0.003
[Epoch 17, Batch   102] loss: 0.132
[Epoch 17, Batch   202] loss: 0.160
[Epoch 17, Batch   302] loss: 0.156
Epoch 17/20:
Train Loss: 0.0371, Train Accuracy: 94.74%
Validation Loss: 1.7218, Validation Accuracy: 63.48%
[Epoch 18, Batch     2] loss: 0.002
[Epoch 18, Batch   102] loss: 0.106
[Epoch 18, Batch   202] loss: 0.135
[Epoch 18, Batch   302] loss: 0.145
Epoch 18/20:
Train Loss: 0.0369, Train Accuracy: 95.42%
Validation Loss: 1.3102, Validation Accuracy: 69.44%
[Epoch 19, Batch     2] loss: 0.001
[Epoch 19, Batch   102] loss: 0.109
[Epoch 19, Batch   202] loss: 0.110
[Epoch 19, Batch   302] loss: 0.148
Epoch 19/20:
Train Loss: 0.0308, Train Accuracy: 95.66%
Validation Loss: 1.6251, Validation Accuracy: 66.74%
[Epoch 20, Batch     2] loss: 0.002
[Epoch 20, Batch   102] loss: 0.095
[Epoch 20, Batch   202] loss: 0.111
[Epoch 20, Batch   302] loss: 0.135
Epoch 20/20:
Train Loss: 0.0351, Train Accuracy: 95.84%
Validation Loss: 1.3012, Validation Accuracy: 70.24%
Model saved to models/resnet18-CIFAR10-BELIEF-balanced_by_score1-0.5-3
Modified fc layer: updated out_features to 10.
Initialized untrained model.
resnet18-CIFAR10-BELIEF-balanced_by_score1-0.7-3
[Epoch 1, Batch     2] loss: 0.048
[Epoch 1, Batch   102] loss: 1.814
[Epoch 1, Batch   202] loss: 1.550
Epoch 1/20:
Train Loss: 0.2003, Train Accuracy: 40.34%
Validation Loss: 1.6420, Validation Accuracy: 42.43%
[Epoch 2, Batch     2] loss: 0.027
[Epoch 2, Batch   102] loss: 1.352
[Epoch 2, Batch   202] loss: 1.347
Epoch 2/20:
Train Loss: 0.1716, Train Accuracy: 51.91%
Validation Loss: 2.1765, Validation Accuracy: 35.63%
[Epoch 3, Batch     2] loss: 0.025
[Epoch 3, Batch   102] loss: 1.138
[Epoch 3, Batch   202] loss: 1.146
Epoch 3/20:
Train Loss: 0.1497, Train Accuracy: 60.26%
Validation Loss: 1.2744, Validation Accuracy: 53.58%
[Epoch 4, Batch     2] loss: 0.022
[Epoch 4, Batch   102] loss: 0.989
[Epoch 4, Batch   202] loss: 1.011
Epoch 4/20:
Train Loss: 0.1329, Train Accuracy: 64.90%
Validation Loss: 1.3236, Validation Accuracy: 54.51%
[Epoch 5, Batch     2] loss: 0.018
[Epoch 5, Batch   102] loss: 0.865
[Epoch 5, Batch   202] loss: 0.900
Epoch 5/20:
Train Loss: 0.1175, Train Accuracy: 69.64%
Validation Loss: 1.4647, Validation Accuracy: 50.62%
[Epoch 6, Batch     2] loss: 0.016
[Epoch 6, Batch   102] loss: 0.708
[Epoch 6, Batch   202] loss: 0.797
Epoch 6/20:
Train Loss: 0.1078, Train Accuracy: 73.61%
Validation Loss: 1.1063, Validation Accuracy: 62.52%
[Epoch 7, Batch     2] loss: 0.010
[Epoch 7, Batch   102] loss: 0.608
[Epoch 7, Batch   202] loss: 0.672
Epoch 7/20:
Train Loss: 0.0976, Train Accuracy: 77.36%
Validation Loss: 1.1394, Validation Accuracy: 62.10%
[Epoch 8, Batch     2] loss: 0.013
[Epoch 8, Batch   102] loss: 0.499
[Epoch 8, Batch   202] loss: 0.563
Epoch 8/20:
Train Loss: 0.0759, Train Accuracy: 81.32%
Validation Loss: 1.2812, Validation Accuracy: 61.57%
[Epoch 9, Batch     2] loss: 0.010
[Epoch 9, Batch   102] loss: 0.425
[Epoch 9, Batch   202] loss: 0.502
Epoch 9/20:
Train Loss: 0.0626, Train Accuracy: 84.07%
Validation Loss: 1.2515, Validation Accuracy: 64.00%
[Epoch 10, Batch     2] loss: 0.006
[Epoch 10, Batch   102] loss: 0.316
[Epoch 10, Batch   202] loss: 0.411
Epoch 10/20:
Train Loss: 0.0581, Train Accuracy: 87.27%
Validation Loss: 1.6518, Validation Accuracy: 56.65%
[Epoch 11, Batch     2] loss: 0.005
[Epoch 11, Batch   102] loss: 0.275
[Epoch 11, Batch   202] loss: 0.323
Epoch 11/20:
Train Loss: 0.0539, Train Accuracy: 89.09%
Validation Loss: 1.6502, Validation Accuracy: 55.64%
[Epoch 12, Batch     2] loss: 0.004
[Epoch 12, Batch   102] loss: 0.233
[Epoch 12, Batch   202] loss: 0.292
Epoch 12/20:
Train Loss: 0.0435, Train Accuracy: 90.71%
Validation Loss: 1.4823, Validation Accuracy: 62.36%
[Epoch 13, Batch     2] loss: 0.003
[Epoch 13, Batch   102] loss: 0.199
[Epoch 13, Batch   202] loss: 0.250
Epoch 13/20:
Train Loss: 0.0402, Train Accuracy: 91.83%
Validation Loss: 1.5254, Validation Accuracy: 63.28%
[Epoch 14, Batch     2] loss: 0.003
[Epoch 14, Batch   102] loss: 0.219
[Epoch 14, Batch   202] loss: 0.196
Epoch 14/20:
Train Loss: 0.0310, Train Accuracy: 92.81%
Validation Loss: 1.4928, Validation Accuracy: 64.10%
[Epoch 15, Batch     2] loss: 0.004
[Epoch 15, Batch   102] loss: 0.136
[Epoch 15, Batch   202] loss: 0.178
Epoch 15/20:
Train Loss: 0.0279, Train Accuracy: 94.28%
Validation Loss: 1.6563, Validation Accuracy: 63.16%
[Epoch 16, Batch     2] loss: 0.003
[Epoch 16, Batch   102] loss: 0.131
[Epoch 16, Batch   202] loss: 0.196
Epoch 16/20:
Train Loss: 0.0248, Train Accuracy: 94.30%
Validation Loss: 1.4152, Validation Accuracy: 65.48%
[Epoch 17, Batch     2] loss: 0.001
[Epoch 17, Batch   102] loss: 0.104
[Epoch 17, Batch   202] loss: 0.139
Epoch 17/20:
Train Loss: 0.0219, Train Accuracy: 95.59%
Validation Loss: 1.7795, Validation Accuracy: 61.85%
[Epoch 18, Batch     2] loss: 0.004
[Epoch 18, Batch   102] loss: 0.128
[Epoch 18, Batch   202] loss: 0.162
Epoch 18/20:
Train Loss: 0.0256, Train Accuracy: 94.93%
Validation Loss: 1.7296, Validation Accuracy: 60.60%
[Epoch 19, Batch     2] loss: 0.002
[Epoch 19, Batch   102] loss: 0.115
[Epoch 19, Batch   202] loss: 0.108
Epoch 19/20:
Train Loss: 0.0235, Train Accuracy: 96.01%
Validation Loss: 1.6797, Validation Accuracy: 63.18%
[Epoch 20, Batch     2] loss: 0.002
[Epoch 20, Batch   102] loss: 0.127
[Epoch 20, Batch   202] loss: 0.123
Epoch 20/20:
Train Loss: 0.0218, Train Accuracy: 95.41%
Validation Loss: 1.6175, Validation Accuracy: 64.58%
Model saved to models/resnet18-CIFAR10-BELIEF-balanced_by_score1-0.7-3
Modified fc layer: updated out_features to 10.
Initialized untrained model.
resnet18-CIFAR10-BELIEF-balanced_by_score1-0.8-3
[Epoch 1, Batch     2] loss: 0.051
[Epoch 1, Batch   102] loss: 1.803
Epoch 1/20:
Train Loss: 0.5144, Train Accuracy: 37.51%
Validation Loss: 1.5870, Validation Accuracy: 42.38%
[Epoch 2, Batch     2] loss: 0.031
[Epoch 2, Batch   102] loss: 1.431
Epoch 2/20:
Train Loss: 0.4614, Train Accuracy: 48.74%
Validation Loss: 1.5707, Validation Accuracy: 44.05%
[Epoch 3, Batch     2] loss: 0.023
[Epoch 3, Batch   102] loss: 1.226
Epoch 3/20:
Train Loss: 0.4205, Train Accuracy: 55.62%
Validation Loss: 1.8457, Validation Accuracy: 38.13%
[Epoch 4, Batch     2] loss: 0.022
[Epoch 4, Batch   102] loss: 1.087
Epoch 4/20:
Train Loss: 0.3682, Train Accuracy: 60.54%
Validation Loss: 1.4767, Validation Accuracy: 50.29%
[Epoch 5, Batch     2] loss: 0.018
[Epoch 5, Batch   102] loss: 0.934
Epoch 5/20:
Train Loss: 0.3253, Train Accuracy: 66.14%
Validation Loss: 1.3972, Validation Accuracy: 54.65%
[Epoch 6, Batch     2] loss: 0.015
[Epoch 6, Batch   102] loss: 0.793
Epoch 6/20:
Train Loss: 0.2785, Train Accuracy: 71.97%
Validation Loss: 1.4540, Validation Accuracy: 54.26%
[Epoch 7, Batch     2] loss: 0.012
[Epoch 7, Batch   102] loss: 0.664
Epoch 7/20:
Train Loss: 0.2344, Train Accuracy: 76.08%
Validation Loss: 1.5110, Validation Accuracy: 55.00%
[Epoch 8, Batch     2] loss: 0.011
[Epoch 8, Batch   102] loss: 0.566
Epoch 8/20:
Train Loss: 0.2084, Train Accuracy: 79.44%
Validation Loss: 1.3375, Validation Accuracy: 57.83%
[Epoch 9, Batch     2] loss: 0.008
[Epoch 9, Batch   102] loss: 0.444
Epoch 9/20:
Train Loss: 0.1819, Train Accuracy: 83.50%
Validation Loss: 1.3369, Validation Accuracy: 59.26%
[Epoch 10, Batch     2] loss: 0.006
[Epoch 10, Batch   102] loss: 0.329
Epoch 10/20:
Train Loss: 0.1437, Train Accuracy: 87.96%
Validation Loss: 1.6424, Validation Accuracy: 54.40%
[Epoch 11, Batch     2] loss: 0.006
[Epoch 11, Batch   102] loss: 0.264
Epoch 11/20:
Train Loss: 0.1224, Train Accuracy: 89.75%
Validation Loss: 1.4870, Validation Accuracy: 60.19%
[Epoch 12, Batch     2] loss: 0.005
[Epoch 12, Batch   102] loss: 0.219
Epoch 12/20:
Train Loss: 0.1071, Train Accuracy: 91.18%
Validation Loss: 1.5887, Validation Accuracy: 58.95%
[Epoch 13, Batch     2] loss: 0.004
[Epoch 13, Batch   102] loss: 0.206
Epoch 13/20:
Train Loss: 0.0975, Train Accuracy: 92.03%
Validation Loss: 1.7636, Validation Accuracy: 56.59%
[Epoch 14, Batch     2] loss: 0.004
[Epoch 14, Batch   102] loss: 0.148
Epoch 14/20:
Train Loss: 0.0653, Train Accuracy: 94.25%
Validation Loss: 1.9598, Validation Accuracy: 58.07%
[Epoch 15, Batch     2] loss: 0.003
[Epoch 15, Batch   102] loss: 0.159
Epoch 15/20:
Train Loss: 0.0677, Train Accuracy: 93.98%
Validation Loss: 1.7163, Validation Accuracy: 60.89%
[Epoch 16, Batch     2] loss: 0.003
[Epoch 16, Batch   102] loss: 0.136
Epoch 16/20:
Train Loss: 0.0680, Train Accuracy: 94.57%
Validation Loss: 2.0938, Validation Accuracy: 55.13%
[Epoch 17, Batch     2] loss: 0.002
[Epoch 17, Batch   102] loss: 0.144
Epoch 17/20:
Train Loss: 0.0478, Train Accuracy: 94.99%
Validation Loss: 1.7620, Validation Accuracy: 60.49%
[Epoch 18, Batch     2] loss: 0.002
[Epoch 18, Batch   102] loss: 0.089
Epoch 18/20:
Train Loss: 0.0598, Train Accuracy: 96.07%
Validation Loss: 1.9349, Validation Accuracy: 59.23%
[Epoch 19, Batch     2] loss: 0.002
[Epoch 19, Batch   102] loss: 0.138
Epoch 19/20:
Train Loss: 0.0480, Train Accuracy: 95.13%
Validation Loss: 1.8307, Validation Accuracy: 59.48%
[Epoch 20, Batch     2] loss: 0.001
[Epoch 20, Batch   102] loss: 0.105
Epoch 20/20:
Train Loss: 0.0393, Train Accuracy: 96.26%
Validation Loss: 1.9967, Validation Accuracy: 59.07%
Model saved to models/resnet18-CIFAR10-BELIEF-balanced_by_score1-0.8-3
Modified fc layer: updated out_features to 10.
Initialized untrained model.
resnet18-CIFAR10-BELIEF-balanced_by_score1-0.9-3
[Epoch 1, Batch     2] loss: 0.049
Epoch 1/20:
Train Loss: 1.8276, Train Accuracy: 32.44%
Validation Loss: 1.8074, Validation Accuracy: 34.55%
[Epoch 2, Batch     2] loss: 0.035
Epoch 2/20:
Train Loss: 1.4605, Train Accuracy: 45.15%
Validation Loss: 1.7311, Validation Accuracy: 37.72%
[Epoch 3, Batch     2] loss: 0.025
Epoch 3/20:
Train Loss: 1.3310, Train Accuracy: 50.93%
Validation Loss: 1.6387, Validation Accuracy: 42.83%
[Epoch 4, Batch     2] loss: 0.025
Epoch 4/20:
Train Loss: 1.1516, Train Accuracy: 56.81%
Validation Loss: 1.6872, Validation Accuracy: 44.08%
[Epoch 5, Batch     2] loss: 0.020
Epoch 5/20:
Train Loss: 1.0068, Train Accuracy: 63.47%
Validation Loss: 1.8531, Validation Accuracy: 40.07%
[Epoch 6, Batch     2] loss: 0.014
Epoch 6/20:
Train Loss: 0.9047, Train Accuracy: 67.99%
Validation Loss: 1.7005, Validation Accuracy: 44.87%
[Epoch 7, Batch     2] loss: 0.012
Epoch 7/20:
Train Loss: 0.7637, Train Accuracy: 72.35%
Validation Loss: 1.9036, Validation Accuracy: 43.54%
[Epoch 8, Batch     2] loss: 0.014
Epoch 8/20:
Train Loss: 0.6181, Train Accuracy: 77.57%
Validation Loss: 1.7884, Validation Accuracy: 47.35%
[Epoch 9, Batch     2] loss: 0.010
Epoch 9/20:
Train Loss: 0.4675, Train Accuracy: 83.39%
Validation Loss: 2.0912, Validation Accuracy: 48.22%
[Epoch 10, Batch     2] loss: 0.007
Epoch 10/20:
Train Loss: 0.4213, Train Accuracy: 84.89%
Validation Loss: 2.6924, Validation Accuracy: 41.34%
[Epoch 11, Batch     2] loss: 0.006
Epoch 11/20:
Train Loss: 0.3299, Train Accuracy: 88.38%
Validation Loss: 2.0315, Validation Accuracy: 50.20%
[Epoch 12, Batch     2] loss: 0.003
Epoch 12/20:
Train Loss: 0.3069, Train Accuracy: 89.64%
Validation Loss: 2.2659, Validation Accuracy: 47.44%
[Epoch 13, Batch     2] loss: 0.006
Epoch 13/20:
Train Loss: 0.2309, Train Accuracy: 91.59%
Validation Loss: 2.1019, Validation Accuracy: 51.21%
[Epoch 14, Batch     2] loss: 0.003
Epoch 14/20:
Train Loss: 0.1970, Train Accuracy: 93.42%
Validation Loss: 2.2635, Validation Accuracy: 49.29%
[Epoch 15, Batch     2] loss: 0.003
Epoch 15/20:
Train Loss: 0.1885, Train Accuracy: 93.26%
Validation Loss: 2.1685, Validation Accuracy: 50.37%
[Epoch 16, Batch     2] loss: 0.003
Epoch 16/20:
Train Loss: 0.1940, Train Accuracy: 93.46%
Validation Loss: 2.2513, Validation Accuracy: 49.70%
[Epoch 17, Batch     2] loss: 0.005
Epoch 17/20:
Train Loss: 0.1513, Train Accuracy: 94.51%
Validation Loss: 2.5822, Validation Accuracy: 48.30%
[Epoch 18, Batch     2] loss: 0.003
Epoch 18/20:
Train Loss: 0.1368, Train Accuracy: 95.07%
Validation Loss: 2.4350, Validation Accuracy: 49.25%
[Epoch 19, Batch     2] loss: 0.001
Epoch 19/20:
Train Loss: 0.1151, Train Accuracy: 96.11%
Validation Loss: 2.4975, Validation Accuracy: 50.55%
[Epoch 20, Batch     2] loss: 0.002
Epoch 20/20:
Train Loss: 0.1281, Train Accuracy: 95.50%
Validation Loss: 2.5713, Validation Accuracy: 49.44%
Model saved to models/resnet18-CIFAR10-BELIEF-balanced_by_score1-0.9-3
Modified fc layer: updated out_features to 10.
Initialized untrained model.
resnet18-CIFAR10-BELIEF-balanced_by_score1-0.95-3
[Epoch 1, Batch     2] loss: 0.051
Epoch 1/20:
Train Loss: 1.8996, Train Accuracy: 28.69%
Validation Loss: 2.0704, Validation Accuracy: 27.10%
[Epoch 2, Batch     2] loss: 0.034
Epoch 2/20:
Train Loss: 1.4815, Train Accuracy: 42.27%
Validation Loss: 1.9024, Validation Accuracy: 34.69%
[Epoch 3, Batch     2] loss: 0.030
Epoch 3/20:
Train Loss: 1.2854, Train Accuracy: 50.48%
Validation Loss: 1.9550, Validation Accuracy: 36.20%
[Epoch 4, Batch     2] loss: 0.024
Epoch 4/20:
Train Loss: 1.1458, Train Accuracy: 56.65%
Validation Loss: 2.5557, Validation Accuracy: 28.79%
[Epoch 5, Batch     2] loss: 0.020
Epoch 5/20:
Train Loss: 0.8964, Train Accuracy: 66.03%
Validation Loss: 1.9209, Validation Accuracy: 41.59%
[Epoch 6, Batch     2] loss: 0.015
Epoch 6/20:
Train Loss: 0.7892, Train Accuracy: 71.03%
Validation Loss: 2.7725, Validation Accuracy: 33.72%
[Epoch 7, Batch     2] loss: 0.012
Epoch 7/20:
Train Loss: 0.6346, Train Accuracy: 76.24%
Validation Loss: 2.4105, Validation Accuracy: 36.27%
[Epoch 8, Batch     2] loss: 0.007
Epoch 8/20:
Train Loss: 0.4981, Train Accuracy: 81.85%
Validation Loss: 2.4600, Validation Accuracy: 41.25%
[Epoch 9, Batch     2] loss: 0.007
Epoch 9/20:
Train Loss: 0.4413, Train Accuracy: 84.70%
Validation Loss: 2.6290, Validation Accuracy: 33.84%
[Epoch 10, Batch     2] loss: 0.007
Epoch 10/20:
Train Loss: 0.3438, Train Accuracy: 87.46%
Validation Loss: 2.3260, Validation Accuracy: 41.52%
[Epoch 11, Batch     2] loss: 0.004
Epoch 11/20:
Train Loss: 0.2497, Train Accuracy: 91.15%
Validation Loss: 2.7409, Validation Accuracy: 40.53%
[Epoch 12, Batch     2] loss: 0.004
Epoch 12/20:
Train Loss: 0.2692, Train Accuracy: 91.31%
Validation Loss: 2.6504, Validation Accuracy: 40.88%
[Epoch 13, Batch     2] loss: 0.004
Epoch 13/20:
Train Loss: 0.2315, Train Accuracy: 91.63%
Validation Loss: 2.4492, Validation Accuracy: 43.82%
[Epoch 14, Batch     2] loss: 0.002
Epoch 14/20:
Train Loss: 0.1546, Train Accuracy: 94.75%
Validation Loss: 3.0519, Validation Accuracy: 37.64%
[Epoch 15, Batch     2] loss: 0.003
Epoch 15/20:
Train Loss: 0.2202, Train Accuracy: 92.03%
Validation Loss: 3.0858, Validation Accuracy: 38.62%
[Epoch 16, Batch     2] loss: 0.003
Epoch 16/20:
Train Loss: 0.1739, Train Accuracy: 93.63%
Validation Loss: 2.8372, Validation Accuracy: 42.19%
[Epoch 17, Batch     2] loss: 0.003
Epoch 17/20:
Train Loss: 0.1377, Train Accuracy: 95.19%
Validation Loss: 2.7238, Validation Accuracy: 43.28%
[Epoch 18, Batch     2] loss: 0.001
Epoch 18/20:
Train Loss: 0.0720, Train Accuracy: 97.36%
Validation Loss: 2.8024, Validation Accuracy: 44.03%
[Epoch 19, Batch     2] loss: 0.000
Epoch 19/20:
Train Loss: 0.0700, Train Accuracy: 97.48%
Validation Loss: 2.7445, Validation Accuracy: 45.77%
[Epoch 20, Batch     2] loss: 0.001
Epoch 20/20:
Train Loss: 0.0806, Train Accuracy: 97.32%
Validation Loss: 2.9106, Validation Accuracy: 44.51%
Model saved to models/resnet18-CIFAR10-BELIEF-balanced_by_score1-0.95-3
